 
****************************************
Report : area
Design : tinytpu_isa
Version: W-2024.09
Date   : Tue Sep 22 17:39:39 2026
****************************************

Information: Updating design information... (UID-85)
Warning: Design 'tinytpu_isa' contains 2 high-fanout nets. A fanout number of 1000 will be used for delay calculations involving these nets. (TIM-134)
Library(s) Used:

    NangateOpenCellLibrary (File: /scratch/users/sk3463/build_T4_MAXDIM16_shipped_baseline/4-synopsys-dc-synthesis/inputs/adk/stdcells.db)

Number of ports:                        16647
Number of nets:                        401246
Number of cells:                       389399
Number of combinational cells:         185983
Number of sequential cells:            200561
Number of macros/black boxes:               0
Number of buf/inv:                      32925
Number of references:                     351

Combinational area:             230500.708705
Buf/Inv area:                    23761.513596
Noncombinational area:          906097.845393
Macro/Black Box area:                0.000000
Net Interconnect area:      undefined  (Wire load has zero net area)

Total cell area:               1136598.554098
Total area:                 undefined

Hierarchical area distribution
------------------------------

                                  Global cell area               Local cell area
                                  ---------------------  -------------------------------- 
Hierarchical cell                 Absolute      Percent  Combi-       Noncombi-    Black-
                                  Total         Total    national     national     boxes   Design
--------------------------------  ------------  -------  -----------  -----------  ------  -----------------------------------------------------------------------------------------------------------------------------------------------------------------------------------------------------------------------------------------------------------------------------------------------------------------------------------------------------------------------------------------------------------------------------------------
tinytpu_isa                       1136598.5541    100.0   34716.1924  100675.1443  0.0000  tinytpu_isa
accu_0_U0                           98011.9536      8.6   19075.9244   78393.3892  0.0000  tinytpu_isa_accu_0
accu_0_U0/clk_gate_grp_accu_0_Pipeline_VITIS_LOOP_3795_1_fu_28_ap_enable_reg_pp0_iter6_reg       3.9900     0.0      0.0000      3.9900 0.0000 SNPS_CLOCK_GATE_HIGH_tinytpu_isa_accu_0_129
accu_0_U0/clk_gate_grp_accu_0_Pipeline_VITIS_LOOP_3795_1_fu_28_ap_phi_reg_pp0_iter5_z_3_ph_reg_210_reg       3.9900     0.0      0.0000      3.9900 0.0000 SNPS_CLOCK_GATE_HIGH_tinytpu_isa_accu_0_141
accu_0_U0/clk_gate_grp_accu_0_Pipeline_VITIS_LOOP_3795_1_fu_28_ap_phi_reg_pp0_iter6_z_3_ph_reg_210_reg       3.9900     0.0      0.0000      3.9900 0.0000 SNPS_CLOCK_GATE_HIGH_tinytpu_isa_accu_0_130
accu_0_U0/clk_gate_grp_accu_0_Pipeline_VITIS_LOOP_3795_1_fu_28_ar_U_ram_reg_0_       3.9900     0.0      0.0000      3.9900 0.0000 SNPS_CLOCK_GATE_HIGH_tinytpu_isa_accu_0_1
accu_0_U0/clk_gate_grp_accu_0_Pipeline_VITIS_LOOP_3795_1_fu_28_ar_U_ram_reg_100_       3.9900     0.0      0.0000      3.9900 0.0000 SNPS_CLOCK_GATE_HIGH_tinytpu_isa_accu_0_101
accu_0_U0/clk_gate_grp_accu_0_Pipeline_VITIS_LOOP_3795_1_fu_28_ar_U_ram_reg_101_       3.9900     0.0      0.0000      3.9900 0.0000 SNPS_CLOCK_GATE_HIGH_tinytpu_isa_accu_0_102
accu_0_U0/clk_gate_grp_accu_0_Pipeline_VITIS_LOOP_3795_1_fu_28_ar_U_ram_reg_102_       3.9900     0.0      0.0000      3.9900 0.0000 SNPS_CLOCK_GATE_HIGH_tinytpu_isa_accu_0_103
accu_0_U0/clk_gate_grp_accu_0_Pipeline_VITIS_LOOP_3795_1_fu_28_ar_U_ram_reg_103_       3.9900     0.0      0.0000      3.9900 0.0000 SNPS_CLOCK_GATE_HIGH_tinytpu_isa_accu_0_104
accu_0_U0/clk_gate_grp_accu_0_Pipeline_VITIS_LOOP_3795_1_fu_28_ar_U_ram_reg_104_       3.9900     0.0      0.0000      3.9900 0.0000 SNPS_CLOCK_GATE_HIGH_tinytpu_isa_accu_0_105
accu_0_U0/clk_gate_grp_accu_0_Pipeline_VITIS_LOOP_3795_1_fu_28_ar_U_ram_reg_105_       3.9900     0.0      0.0000      3.9900 0.0000 SNPS_CLOCK_GATE_HIGH_tinytpu_isa_accu_0_106
accu_0_U0/clk_gate_grp_accu_0_Pipeline_VITIS_LOOP_3795_1_fu_28_ar_U_ram_reg_106_       3.9900     0.0      0.0000      3.9900 0.0000 SNPS_CLOCK_GATE_HIGH_tinytpu_isa_accu_0_107
accu_0_U0/clk_gate_grp_accu_0_Pipeline_VITIS_LOOP_3795_1_fu_28_ar_U_ram_reg_107_       3.9900     0.0      0.0000      3.9900 0.0000 SNPS_CLOCK_GATE_HIGH_tinytpu_isa_accu_0_108
accu_0_U0/clk_gate_grp_accu_0_Pipeline_VITIS_LOOP_3795_1_fu_28_ar_U_ram_reg_108_       3.9900     0.0      0.0000      3.9900 0.0000 SNPS_CLOCK_GATE_HIGH_tinytpu_isa_accu_0_109
accu_0_U0/clk_gate_grp_accu_0_Pipeline_VITIS_LOOP_3795_1_fu_28_ar_U_ram_reg_109_       3.9900     0.0      0.0000      3.9900 0.0000 SNPS_CLOCK_GATE_HIGH_tinytpu_isa_accu_0_110
accu_0_U0/clk_gate_grp_accu_0_Pipeline_VITIS_LOOP_3795_1_fu_28_ar_U_ram_reg_10_       3.9900     0.0      0.0000      3.9900 0.0000 SNPS_CLOCK_GATE_HIGH_tinytpu_isa_accu_0_11
accu_0_U0/clk_gate_grp_accu_0_Pipeline_VITIS_LOOP_3795_1_fu_28_ar_U_ram_reg_110_       3.9900     0.0      0.0000      3.9900 0.0000 SNPS_CLOCK_GATE_HIGH_tinytpu_isa_accu_0_111
accu_0_U0/clk_gate_grp_accu_0_Pipeline_VITIS_LOOP_3795_1_fu_28_ar_U_ram_reg_111_       3.9900     0.0      0.0000      3.9900 0.0000 SNPS_CLOCK_GATE_HIGH_tinytpu_isa_accu_0_112
accu_0_U0/clk_gate_grp_accu_0_Pipeline_VITIS_LOOP_3795_1_fu_28_ar_U_ram_reg_112_       3.9900     0.0      0.0000      3.9900 0.0000 SNPS_CLOCK_GATE_HIGH_tinytpu_isa_accu_0_113
accu_0_U0/clk_gate_grp_accu_0_Pipeline_VITIS_LOOP_3795_1_fu_28_ar_U_ram_reg_113_       3.9900     0.0      0.0000      3.9900 0.0000 SNPS_CLOCK_GATE_HIGH_tinytpu_isa_accu_0_114
accu_0_U0/clk_gate_grp_accu_0_Pipeline_VITIS_LOOP_3795_1_fu_28_ar_U_ram_reg_114_       3.9900     0.0      0.0000      3.9900 0.0000 SNPS_CLOCK_GATE_HIGH_tinytpu_isa_accu_0_115
accu_0_U0/clk_gate_grp_accu_0_Pipeline_VITIS_LOOP_3795_1_fu_28_ar_U_ram_reg_115_       3.9900     0.0      0.0000      3.9900 0.0000 SNPS_CLOCK_GATE_HIGH_tinytpu_isa_accu_0_116
accu_0_U0/clk_gate_grp_accu_0_Pipeline_VITIS_LOOP_3795_1_fu_28_ar_U_ram_reg_116_       3.9900     0.0      0.0000      3.9900 0.0000 SNPS_CLOCK_GATE_HIGH_tinytpu_isa_accu_0_117
accu_0_U0/clk_gate_grp_accu_0_Pipeline_VITIS_LOOP_3795_1_fu_28_ar_U_ram_reg_117_       3.9900     0.0      0.0000      3.9900 0.0000 SNPS_CLOCK_GATE_HIGH_tinytpu_isa_accu_0_118
accu_0_U0/clk_gate_grp_accu_0_Pipeline_VITIS_LOOP_3795_1_fu_28_ar_U_ram_reg_118_       3.9900     0.0      0.0000      3.9900 0.0000 SNPS_CLOCK_GATE_HIGH_tinytpu_isa_accu_0_119
accu_0_U0/clk_gate_grp_accu_0_Pipeline_VITIS_LOOP_3795_1_fu_28_ar_U_ram_reg_119_       3.9900     0.0      0.0000      3.9900 0.0000 SNPS_CLOCK_GATE_HIGH_tinytpu_isa_accu_0_120
accu_0_U0/clk_gate_grp_accu_0_Pipeline_VITIS_LOOP_3795_1_fu_28_ar_U_ram_reg_11_       3.9900     0.0      0.0000      3.9900 0.0000 SNPS_CLOCK_GATE_HIGH_tinytpu_isa_accu_0_12
accu_0_U0/clk_gate_grp_accu_0_Pipeline_VITIS_LOOP_3795_1_fu_28_ar_U_ram_reg_120_       3.9900     0.0      0.0000      3.9900 0.0000 SNPS_CLOCK_GATE_HIGH_tinytpu_isa_accu_0_121
accu_0_U0/clk_gate_grp_accu_0_Pipeline_VITIS_LOOP_3795_1_fu_28_ar_U_ram_reg_121_       3.9900     0.0      0.0000      3.9900 0.0000 SNPS_CLOCK_GATE_HIGH_tinytpu_isa_accu_0_122
accu_0_U0/clk_gate_grp_accu_0_Pipeline_VITIS_LOOP_3795_1_fu_28_ar_U_ram_reg_122_       3.9900     0.0      0.0000      3.9900 0.0000 SNPS_CLOCK_GATE_HIGH_tinytpu_isa_accu_0_123
accu_0_U0/clk_gate_grp_accu_0_Pipeline_VITIS_LOOP_3795_1_fu_28_ar_U_ram_reg_123_       3.9900     0.0      0.0000      3.9900 0.0000 SNPS_CLOCK_GATE_HIGH_tinytpu_isa_accu_0_124
accu_0_U0/clk_gate_grp_accu_0_Pipeline_VITIS_LOOP_3795_1_fu_28_ar_U_ram_reg_124_       3.9900     0.0      0.0000      3.9900 0.0000 SNPS_CLOCK_GATE_HIGH_tinytpu_isa_accu_0_125
accu_0_U0/clk_gate_grp_accu_0_Pipeline_VITIS_LOOP_3795_1_fu_28_ar_U_ram_reg_125_       3.9900     0.0      0.0000      3.9900 0.0000 SNPS_CLOCK_GATE_HIGH_tinytpu_isa_accu_0_126
accu_0_U0/clk_gate_grp_accu_0_Pipeline_VITIS_LOOP_3795_1_fu_28_ar_U_ram_reg_126_       3.9900     0.0      0.0000      3.9900 0.0000 SNPS_CLOCK_GATE_HIGH_tinytpu_isa_accu_0_127
accu_0_U0/clk_gate_grp_accu_0_Pipeline_VITIS_LOOP_3795_1_fu_28_ar_U_ram_reg_127_       3.9900     0.0      0.0000      3.9900 0.0000 SNPS_CLOCK_GATE_HIGH_tinytpu_isa_accu_0_128
accu_0_U0/clk_gate_grp_accu_0_Pipeline_VITIS_LOOP_3795_1_fu_28_ar_U_ram_reg_12_       3.9900     0.0      0.0000      3.9900 0.0000 SNPS_CLOCK_GATE_HIGH_tinytpu_isa_accu_0_13
accu_0_U0/clk_gate_grp_accu_0_Pipeline_VITIS_LOOP_3795_1_fu_28_ar_U_ram_reg_13_       3.9900     0.0      0.0000      3.9900 0.0000 SNPS_CLOCK_GATE_HIGH_tinytpu_isa_accu_0_14
accu_0_U0/clk_gate_grp_accu_0_Pipeline_VITIS_LOOP_3795_1_fu_28_ar_U_ram_reg_14_       3.9900     0.0      0.0000      3.9900 0.0000 SNPS_CLOCK_GATE_HIGH_tinytpu_isa_accu_0_15
accu_0_U0/clk_gate_grp_accu_0_Pipeline_VITIS_LOOP_3795_1_fu_28_ar_U_ram_reg_15_       3.9900     0.0      0.0000      3.9900 0.0000 SNPS_CLOCK_GATE_HIGH_tinytpu_isa_accu_0_16
accu_0_U0/clk_gate_grp_accu_0_Pipeline_VITIS_LOOP_3795_1_fu_28_ar_U_ram_reg_16_       3.9900     0.0      0.0000      3.9900 0.0000 SNPS_CLOCK_GATE_HIGH_tinytpu_isa_accu_0_17
accu_0_U0/clk_gate_grp_accu_0_Pipeline_VITIS_LOOP_3795_1_fu_28_ar_U_ram_reg_17_       3.9900     0.0      0.0000      3.9900 0.0000 SNPS_CLOCK_GATE_HIGH_tinytpu_isa_accu_0_18
accu_0_U0/clk_gate_grp_accu_0_Pipeline_VITIS_LOOP_3795_1_fu_28_ar_U_ram_reg_18_       3.9900     0.0      0.0000      3.9900 0.0000 SNPS_CLOCK_GATE_HIGH_tinytpu_isa_accu_0_19
accu_0_U0/clk_gate_grp_accu_0_Pipeline_VITIS_LOOP_3795_1_fu_28_ar_U_ram_reg_19_       3.9900     0.0      0.0000      3.9900 0.0000 SNPS_CLOCK_GATE_HIGH_tinytpu_isa_accu_0_20
accu_0_U0/clk_gate_grp_accu_0_Pipeline_VITIS_LOOP_3795_1_fu_28_ar_U_ram_reg_1_       3.9900     0.0      0.0000      3.9900 0.0000 SNPS_CLOCK_GATE_HIGH_tinytpu_isa_accu_0_2
accu_0_U0/clk_gate_grp_accu_0_Pipeline_VITIS_LOOP_3795_1_fu_28_ar_U_ram_reg_20_       3.9900     0.0      0.0000      3.9900 0.0000 SNPS_CLOCK_GATE_HIGH_tinytpu_isa_accu_0_21
accu_0_U0/clk_gate_grp_accu_0_Pipeline_VITIS_LOOP_3795_1_fu_28_ar_U_ram_reg_21_       3.9900     0.0      0.0000      3.9900 0.0000 SNPS_CLOCK_GATE_HIGH_tinytpu_isa_accu_0_22
accu_0_U0/clk_gate_grp_accu_0_Pipeline_VITIS_LOOP_3795_1_fu_28_ar_U_ram_reg_22_       3.9900     0.0      0.0000      3.9900 0.0000 SNPS_CLOCK_GATE_HIGH_tinytpu_isa_accu_0_23
accu_0_U0/clk_gate_grp_accu_0_Pipeline_VITIS_LOOP_3795_1_fu_28_ar_U_ram_reg_23_       3.9900     0.0      0.0000      3.9900 0.0000 SNPS_CLOCK_GATE_HIGH_tinytpu_isa_accu_0_24
accu_0_U0/clk_gate_grp_accu_0_Pipeline_VITIS_LOOP_3795_1_fu_28_ar_U_ram_reg_24_       3.9900     0.0      0.0000      3.9900 0.0000 SNPS_CLOCK_GATE_HIGH_tinytpu_isa_accu_0_25
accu_0_U0/clk_gate_grp_accu_0_Pipeline_VITIS_LOOP_3795_1_fu_28_ar_U_ram_reg_25_       3.9900     0.0      0.0000      3.9900 0.0000 SNPS_CLOCK_GATE_HIGH_tinytpu_isa_accu_0_26
accu_0_U0/clk_gate_grp_accu_0_Pipeline_VITIS_LOOP_3795_1_fu_28_ar_U_ram_reg_26_       3.9900     0.0      0.0000      3.9900 0.0000 SNPS_CLOCK_GATE_HIGH_tinytpu_isa_accu_0_27
accu_0_U0/clk_gate_grp_accu_0_Pipeline_VITIS_LOOP_3795_1_fu_28_ar_U_ram_reg_27_       3.9900     0.0      0.0000      3.9900 0.0000 SNPS_CLOCK_GATE_HIGH_tinytpu_isa_accu_0_28
accu_0_U0/clk_gate_grp_accu_0_Pipeline_VITIS_LOOP_3795_1_fu_28_ar_U_ram_reg_28_       3.9900     0.0      0.0000      3.9900 0.0000 SNPS_CLOCK_GATE_HIGH_tinytpu_isa_accu_0_29
accu_0_U0/clk_gate_grp_accu_0_Pipeline_VITIS_LOOP_3795_1_fu_28_ar_U_ram_reg_29_       3.9900     0.0      0.0000      3.9900 0.0000 SNPS_CLOCK_GATE_HIGH_tinytpu_isa_accu_0_30
accu_0_U0/clk_gate_grp_accu_0_Pipeline_VITIS_LOOP_3795_1_fu_28_ar_U_ram_reg_2_       3.9900     0.0      0.0000      3.9900 0.0000 SNPS_CLOCK_GATE_HIGH_tinytpu_isa_accu_0_3
accu_0_U0/clk_gate_grp_accu_0_Pipeline_VITIS_LOOP_3795_1_fu_28_ar_U_ram_reg_30_       3.9900     0.0      0.0000      3.9900 0.0000 SNPS_CLOCK_GATE_HIGH_tinytpu_isa_accu_0_31
accu_0_U0/clk_gate_grp_accu_0_Pipeline_VITIS_LOOP_3795_1_fu_28_ar_U_ram_reg_31_       3.9900     0.0      0.0000      3.9900 0.0000 SNPS_CLOCK_GATE_HIGH_tinytpu_isa_accu_0_32
accu_0_U0/clk_gate_grp_accu_0_Pipeline_VITIS_LOOP_3795_1_fu_28_ar_U_ram_reg_32_       3.9900     0.0      0.0000      3.9900 0.0000 SNPS_CLOCK_GATE_HIGH_tinytpu_isa_accu_0_33
accu_0_U0/clk_gate_grp_accu_0_Pipeline_VITIS_LOOP_3795_1_fu_28_ar_U_ram_reg_33_       3.9900     0.0      0.0000      3.9900 0.0000 SNPS_CLOCK_GATE_HIGH_tinytpu_isa_accu_0_34
accu_0_U0/clk_gate_grp_accu_0_Pipeline_VITIS_LOOP_3795_1_fu_28_ar_U_ram_reg_34_       3.9900     0.0      0.0000      3.9900 0.0000 SNPS_CLOCK_GATE_HIGH_tinytpu_isa_accu_0_35
accu_0_U0/clk_gate_grp_accu_0_Pipeline_VITIS_LOOP_3795_1_fu_28_ar_U_ram_reg_35_       3.9900     0.0      0.0000      3.9900 0.0000 SNPS_CLOCK_GATE_HIGH_tinytpu_isa_accu_0_36
accu_0_U0/clk_gate_grp_accu_0_Pipeline_VITIS_LOOP_3795_1_fu_28_ar_U_ram_reg_36_       3.9900     0.0      0.0000      3.9900 0.0000 SNPS_CLOCK_GATE_HIGH_tinytpu_isa_accu_0_37
accu_0_U0/clk_gate_grp_accu_0_Pipeline_VITIS_LOOP_3795_1_fu_28_ar_U_ram_reg_37_       3.9900     0.0      0.0000      3.9900 0.0000 SNPS_CLOCK_GATE_HIGH_tinytpu_isa_accu_0_38
accu_0_U0/clk_gate_grp_accu_0_Pipeline_VITIS_LOOP_3795_1_fu_28_ar_U_ram_reg_38_       3.9900     0.0      0.0000      3.9900 0.0000 SNPS_CLOCK_GATE_HIGH_tinytpu_isa_accu_0_39
accu_0_U0/clk_gate_grp_accu_0_Pipeline_VITIS_LOOP_3795_1_fu_28_ar_U_ram_reg_39_       3.9900     0.0      0.0000      3.9900 0.0000 SNPS_CLOCK_GATE_HIGH_tinytpu_isa_accu_0_40
accu_0_U0/clk_gate_grp_accu_0_Pipeline_VITIS_LOOP_3795_1_fu_28_ar_U_ram_reg_3_       3.9900     0.0      0.0000      3.9900 0.0000 SNPS_CLOCK_GATE_HIGH_tinytpu_isa_accu_0_4
accu_0_U0/clk_gate_grp_accu_0_Pipeline_VITIS_LOOP_3795_1_fu_28_ar_U_ram_reg_40_       3.9900     0.0      0.0000      3.9900 0.0000 SNPS_CLOCK_GATE_HIGH_tinytpu_isa_accu_0_41
accu_0_U0/clk_gate_grp_accu_0_Pipeline_VITIS_LOOP_3795_1_fu_28_ar_U_ram_reg_41_       3.9900     0.0      0.0000      3.9900 0.0000 SNPS_CLOCK_GATE_HIGH_tinytpu_isa_accu_0_42
accu_0_U0/clk_gate_grp_accu_0_Pipeline_VITIS_LOOP_3795_1_fu_28_ar_U_ram_reg_42_       3.9900     0.0      0.0000      3.9900 0.0000 SNPS_CLOCK_GATE_HIGH_tinytpu_isa_accu_0_43
accu_0_U0/clk_gate_grp_accu_0_Pipeline_VITIS_LOOP_3795_1_fu_28_ar_U_ram_reg_43_       3.9900     0.0      0.0000      3.9900 0.0000 SNPS_CLOCK_GATE_HIGH_tinytpu_isa_accu_0_44
accu_0_U0/clk_gate_grp_accu_0_Pipeline_VITIS_LOOP_3795_1_fu_28_ar_U_ram_reg_44_       3.9900     0.0      0.0000      3.9900 0.0000 SNPS_CLOCK_GATE_HIGH_tinytpu_isa_accu_0_45
accu_0_U0/clk_gate_grp_accu_0_Pipeline_VITIS_LOOP_3795_1_fu_28_ar_U_ram_reg_45_       3.9900     0.0      0.0000      3.9900 0.0000 SNPS_CLOCK_GATE_HIGH_tinytpu_isa_accu_0_46
accu_0_U0/clk_gate_grp_accu_0_Pipeline_VITIS_LOOP_3795_1_fu_28_ar_U_ram_reg_46_       3.9900     0.0      0.0000      3.9900 0.0000 SNPS_CLOCK_GATE_HIGH_tinytpu_isa_accu_0_47
accu_0_U0/clk_gate_grp_accu_0_Pipeline_VITIS_LOOP_3795_1_fu_28_ar_U_ram_reg_47_       3.9900     0.0      0.0000      3.9900 0.0000 SNPS_CLOCK_GATE_HIGH_tinytpu_isa_accu_0_48
accu_0_U0/clk_gate_grp_accu_0_Pipeline_VITIS_LOOP_3795_1_fu_28_ar_U_ram_reg_48_       3.9900     0.0      0.0000      3.9900 0.0000 SNPS_CLOCK_GATE_HIGH_tinytpu_isa_accu_0_49
accu_0_U0/clk_gate_grp_accu_0_Pipeline_VITIS_LOOP_3795_1_fu_28_ar_U_ram_reg_49_       3.9900     0.0      0.0000      3.9900 0.0000 SNPS_CLOCK_GATE_HIGH_tinytpu_isa_accu_0_50
accu_0_U0/clk_gate_grp_accu_0_Pipeline_VITIS_LOOP_3795_1_fu_28_ar_U_ram_reg_4_       3.9900     0.0      0.0000      3.9900 0.0000 SNPS_CLOCK_GATE_HIGH_tinytpu_isa_accu_0_5
accu_0_U0/clk_gate_grp_accu_0_Pipeline_VITIS_LOOP_3795_1_fu_28_ar_U_ram_reg_50_       3.9900     0.0      0.0000      3.9900 0.0000 SNPS_CLOCK_GATE_HIGH_tinytpu_isa_accu_0_51
accu_0_U0/clk_gate_grp_accu_0_Pipeline_VITIS_LOOP_3795_1_fu_28_ar_U_ram_reg_51_       3.9900     0.0      0.0000      3.9900 0.0000 SNPS_CLOCK_GATE_HIGH_tinytpu_isa_accu_0_52
accu_0_U0/clk_gate_grp_accu_0_Pipeline_VITIS_LOOP_3795_1_fu_28_ar_U_ram_reg_52_       3.9900     0.0      0.0000      3.9900 0.0000 SNPS_CLOCK_GATE_HIGH_tinytpu_isa_accu_0_53
accu_0_U0/clk_gate_grp_accu_0_Pipeline_VITIS_LOOP_3795_1_fu_28_ar_U_ram_reg_53_       3.9900     0.0      0.0000      3.9900 0.0000 SNPS_CLOCK_GATE_HIGH_tinytpu_isa_accu_0_54
accu_0_U0/clk_gate_grp_accu_0_Pipeline_VITIS_LOOP_3795_1_fu_28_ar_U_ram_reg_54_       3.9900     0.0      0.0000      3.9900 0.0000 SNPS_CLOCK_GATE_HIGH_tinytpu_isa_accu_0_55
accu_0_U0/clk_gate_grp_accu_0_Pipeline_VITIS_LOOP_3795_1_fu_28_ar_U_ram_reg_55_       3.9900     0.0      0.0000      3.9900 0.0000 SNPS_CLOCK_GATE_HIGH_tinytpu_isa_accu_0_56
accu_0_U0/clk_gate_grp_accu_0_Pipeline_VITIS_LOOP_3795_1_fu_28_ar_U_ram_reg_56_       3.9900     0.0      0.0000      3.9900 0.0000 SNPS_CLOCK_GATE_HIGH_tinytpu_isa_accu_0_57
accu_0_U0/clk_gate_grp_accu_0_Pipeline_VITIS_LOOP_3795_1_fu_28_ar_U_ram_reg_57_       3.9900     0.0      0.0000      3.9900 0.0000 SNPS_CLOCK_GATE_HIGH_tinytpu_isa_accu_0_58
accu_0_U0/clk_gate_grp_accu_0_Pipeline_VITIS_LOOP_3795_1_fu_28_ar_U_ram_reg_58_       3.9900     0.0      0.0000      3.9900 0.0000 SNPS_CLOCK_GATE_HIGH_tinytpu_isa_accu_0_59
accu_0_U0/clk_gate_grp_accu_0_Pipeline_VITIS_LOOP_3795_1_fu_28_ar_U_ram_reg_59_       3.9900     0.0      0.0000      3.9900 0.0000 SNPS_CLOCK_GATE_HIGH_tinytpu_isa_accu_0_60
accu_0_U0/clk_gate_grp_accu_0_Pipeline_VITIS_LOOP_3795_1_fu_28_ar_U_ram_reg_5_       3.9900     0.0      0.0000      3.9900 0.0000 SNPS_CLOCK_GATE_HIGH_tinytpu_isa_accu_0_6
accu_0_U0/clk_gate_grp_accu_0_Pipeline_VITIS_LOOP_3795_1_fu_28_ar_U_ram_reg_60_       3.9900     0.0      0.0000      3.9900 0.0000 SNPS_CLOCK_GATE_HIGH_tinytpu_isa_accu_0_61
accu_0_U0/clk_gate_grp_accu_0_Pipeline_VITIS_LOOP_3795_1_fu_28_ar_U_ram_reg_61_       3.9900     0.0      0.0000      3.9900 0.0000 SNPS_CLOCK_GATE_HIGH_tinytpu_isa_accu_0_62
accu_0_U0/clk_gate_grp_accu_0_Pipeline_VITIS_LOOP_3795_1_fu_28_ar_U_ram_reg_62_       3.9900     0.0      0.0000      3.9900 0.0000 SNPS_CLOCK_GATE_HIGH_tinytpu_isa_accu_0_63
accu_0_U0/clk_gate_grp_accu_0_Pipeline_VITIS_LOOP_3795_1_fu_28_ar_U_ram_reg_63_       3.9900     0.0      0.0000      3.9900 0.0000 SNPS_CLOCK_GATE_HIGH_tinytpu_isa_accu_0_64
accu_0_U0/clk_gate_grp_accu_0_Pipeline_VITIS_LOOP_3795_1_fu_28_ar_U_ram_reg_64_       3.9900     0.0      0.0000      3.9900 0.0000 SNPS_CLOCK_GATE_HIGH_tinytpu_isa_accu_0_65
accu_0_U0/clk_gate_grp_accu_0_Pipeline_VITIS_LOOP_3795_1_fu_28_ar_U_ram_reg_65_       3.9900     0.0      0.0000      3.9900 0.0000 SNPS_CLOCK_GATE_HIGH_tinytpu_isa_accu_0_66
accu_0_U0/clk_gate_grp_accu_0_Pipeline_VITIS_LOOP_3795_1_fu_28_ar_U_ram_reg_66_       3.9900     0.0      0.0000      3.9900 0.0000 SNPS_CLOCK_GATE_HIGH_tinytpu_isa_accu_0_67
accu_0_U0/clk_gate_grp_accu_0_Pipeline_VITIS_LOOP_3795_1_fu_28_ar_U_ram_reg_67_       3.9900     0.0      0.0000      3.9900 0.0000 SNPS_CLOCK_GATE_HIGH_tinytpu_isa_accu_0_68
accu_0_U0/clk_gate_grp_accu_0_Pipeline_VITIS_LOOP_3795_1_fu_28_ar_U_ram_reg_68_       3.9900     0.0      0.0000      3.9900 0.0000 SNPS_CLOCK_GATE_HIGH_tinytpu_isa_accu_0_69
accu_0_U0/clk_gate_grp_accu_0_Pipeline_VITIS_LOOP_3795_1_fu_28_ar_U_ram_reg_69_       3.9900     0.0      0.0000      3.9900 0.0000 SNPS_CLOCK_GATE_HIGH_tinytpu_isa_accu_0_70
accu_0_U0/clk_gate_grp_accu_0_Pipeline_VITIS_LOOP_3795_1_fu_28_ar_U_ram_reg_6_       3.9900     0.0      0.0000      3.9900 0.0000 SNPS_CLOCK_GATE_HIGH_tinytpu_isa_accu_0_7
accu_0_U0/clk_gate_grp_accu_0_Pipeline_VITIS_LOOP_3795_1_fu_28_ar_U_ram_reg_70_       3.9900     0.0      0.0000      3.9900 0.0000 SNPS_CLOCK_GATE_HIGH_tinytpu_isa_accu_0_71
accu_0_U0/clk_gate_grp_accu_0_Pipeline_VITIS_LOOP_3795_1_fu_28_ar_U_ram_reg_71_       3.9900     0.0      0.0000      3.9900 0.0000 SNPS_CLOCK_GATE_HIGH_tinytpu_isa_accu_0_72
accu_0_U0/clk_gate_grp_accu_0_Pipeline_VITIS_LOOP_3795_1_fu_28_ar_U_ram_reg_72_       3.9900     0.0      0.0000      3.9900 0.0000 SNPS_CLOCK_GATE_HIGH_tinytpu_isa_accu_0_73
accu_0_U0/clk_gate_grp_accu_0_Pipeline_VITIS_LOOP_3795_1_fu_28_ar_U_ram_reg_73_       3.9900     0.0      0.0000      3.9900 0.0000 SNPS_CLOCK_GATE_HIGH_tinytpu_isa_accu_0_74
accu_0_U0/clk_gate_grp_accu_0_Pipeline_VITIS_LOOP_3795_1_fu_28_ar_U_ram_reg_74_       3.9900     0.0      0.0000      3.9900 0.0000 SNPS_CLOCK_GATE_HIGH_tinytpu_isa_accu_0_75
accu_0_U0/clk_gate_grp_accu_0_Pipeline_VITIS_LOOP_3795_1_fu_28_ar_U_ram_reg_75_       3.9900     0.0      0.0000      3.9900 0.0000 SNPS_CLOCK_GATE_HIGH_tinytpu_isa_accu_0_76
accu_0_U0/clk_gate_grp_accu_0_Pipeline_VITIS_LOOP_3795_1_fu_28_ar_U_ram_reg_76_       3.9900     0.0      0.0000      3.9900 0.0000 SNPS_CLOCK_GATE_HIGH_tinytpu_isa_accu_0_77
accu_0_U0/clk_gate_grp_accu_0_Pipeline_VITIS_LOOP_3795_1_fu_28_ar_U_ram_reg_77_       3.9900     0.0      0.0000      3.9900 0.0000 SNPS_CLOCK_GATE_HIGH_tinytpu_isa_accu_0_78
accu_0_U0/clk_gate_grp_accu_0_Pipeline_VITIS_LOOP_3795_1_fu_28_ar_U_ram_reg_78_       3.9900     0.0      0.0000      3.9900 0.0000 SNPS_CLOCK_GATE_HIGH_tinytpu_isa_accu_0_79
accu_0_U0/clk_gate_grp_accu_0_Pipeline_VITIS_LOOP_3795_1_fu_28_ar_U_ram_reg_79_       3.9900     0.0      0.0000      3.9900 0.0000 SNPS_CLOCK_GATE_HIGH_tinytpu_isa_accu_0_80
accu_0_U0/clk_gate_grp_accu_0_Pipeline_VITIS_LOOP_3795_1_fu_28_ar_U_ram_reg_7_       3.9900     0.0      0.0000      3.9900 0.0000 SNPS_CLOCK_GATE_HIGH_tinytpu_isa_accu_0_8
accu_0_U0/clk_gate_grp_accu_0_Pipeline_VITIS_LOOP_3795_1_fu_28_ar_U_ram_reg_80_       3.9900     0.0      0.0000      3.9900 0.0000 SNPS_CLOCK_GATE_HIGH_tinytpu_isa_accu_0_81
accu_0_U0/clk_gate_grp_accu_0_Pipeline_VITIS_LOOP_3795_1_fu_28_ar_U_ram_reg_81_       3.9900     0.0      0.0000      3.9900 0.0000 SNPS_CLOCK_GATE_HIGH_tinytpu_isa_accu_0_82
accu_0_U0/clk_gate_grp_accu_0_Pipeline_VITIS_LOOP_3795_1_fu_28_ar_U_ram_reg_82_       3.9900     0.0      0.0000      3.9900 0.0000 SNPS_CLOCK_GATE_HIGH_tinytpu_isa_accu_0_83
accu_0_U0/clk_gate_grp_accu_0_Pipeline_VITIS_LOOP_3795_1_fu_28_ar_U_ram_reg_83_       3.9900     0.0      0.0000      3.9900 0.0000 SNPS_CLOCK_GATE_HIGH_tinytpu_isa_accu_0_84
accu_0_U0/clk_gate_grp_accu_0_Pipeline_VITIS_LOOP_3795_1_fu_28_ar_U_ram_reg_84_       3.9900     0.0      0.0000      3.9900 0.0000 SNPS_CLOCK_GATE_HIGH_tinytpu_isa_accu_0_85
accu_0_U0/clk_gate_grp_accu_0_Pipeline_VITIS_LOOP_3795_1_fu_28_ar_U_ram_reg_85_       3.9900     0.0      0.0000      3.9900 0.0000 SNPS_CLOCK_GATE_HIGH_tinytpu_isa_accu_0_86
accu_0_U0/clk_gate_grp_accu_0_Pipeline_VITIS_LOOP_3795_1_fu_28_ar_U_ram_reg_86_       3.9900     0.0      0.0000      3.9900 0.0000 SNPS_CLOCK_GATE_HIGH_tinytpu_isa_accu_0_87
accu_0_U0/clk_gate_grp_accu_0_Pipeline_VITIS_LOOP_3795_1_fu_28_ar_U_ram_reg_87_       3.9900     0.0      0.0000      3.9900 0.0000 SNPS_CLOCK_GATE_HIGH_tinytpu_isa_accu_0_88
accu_0_U0/clk_gate_grp_accu_0_Pipeline_VITIS_LOOP_3795_1_fu_28_ar_U_ram_reg_88_       3.9900     0.0      0.0000      3.9900 0.0000 SNPS_CLOCK_GATE_HIGH_tinytpu_isa_accu_0_89
accu_0_U0/clk_gate_grp_accu_0_Pipeline_VITIS_LOOP_3795_1_fu_28_ar_U_ram_reg_89_       3.9900     0.0      0.0000      3.9900 0.0000 SNPS_CLOCK_GATE_HIGH_tinytpu_isa_accu_0_90
accu_0_U0/clk_gate_grp_accu_0_Pipeline_VITIS_LOOP_3795_1_fu_28_ar_U_ram_reg_8_       3.9900     0.0      0.0000      3.9900 0.0000 SNPS_CLOCK_GATE_HIGH_tinytpu_isa_accu_0_9
accu_0_U0/clk_gate_grp_accu_0_Pipeline_VITIS_LOOP_3795_1_fu_28_ar_U_ram_reg_90_       3.9900     0.0      0.0000      3.9900 0.0000 SNPS_CLOCK_GATE_HIGH_tinytpu_isa_accu_0_91
accu_0_U0/clk_gate_grp_accu_0_Pipeline_VITIS_LOOP_3795_1_fu_28_ar_U_ram_reg_91_       3.9900     0.0      0.0000      3.9900 0.0000 SNPS_CLOCK_GATE_HIGH_tinytpu_isa_accu_0_92
accu_0_U0/clk_gate_grp_accu_0_Pipeline_VITIS_LOOP_3795_1_fu_28_ar_U_ram_reg_92_       3.9900     0.0      0.0000      3.9900 0.0000 SNPS_CLOCK_GATE_HIGH_tinytpu_isa_accu_0_93
accu_0_U0/clk_gate_grp_accu_0_Pipeline_VITIS_LOOP_3795_1_fu_28_ar_U_ram_reg_93_       3.9900     0.0      0.0000      3.9900 0.0000 SNPS_CLOCK_GATE_HIGH_tinytpu_isa_accu_0_94
accu_0_U0/clk_gate_grp_accu_0_Pipeline_VITIS_LOOP_3795_1_fu_28_ar_U_ram_reg_94_       3.9900     0.0      0.0000      3.9900 0.0000 SNPS_CLOCK_GATE_HIGH_tinytpu_isa_accu_0_95
accu_0_U0/clk_gate_grp_accu_0_Pipeline_VITIS_LOOP_3795_1_fu_28_ar_U_ram_reg_95_       3.9900     0.0      0.0000      3.9900 0.0000 SNPS_CLOCK_GATE_HIGH_tinytpu_isa_accu_0_96
accu_0_U0/clk_gate_grp_accu_0_Pipeline_VITIS_LOOP_3795_1_fu_28_ar_U_ram_reg_96_       3.9900     0.0      0.0000      3.9900 0.0000 SNPS_CLOCK_GATE_HIGH_tinytpu_isa_accu_0_97
accu_0_U0/clk_gate_grp_accu_0_Pipeline_VITIS_LOOP_3795_1_fu_28_ar_U_ram_reg_97_       3.9900     0.0      0.0000      3.9900 0.0000 SNPS_CLOCK_GATE_HIGH_tinytpu_isa_accu_0_98
accu_0_U0/clk_gate_grp_accu_0_Pipeline_VITIS_LOOP_3795_1_fu_28_ar_U_ram_reg_98_       3.9900     0.0      0.0000      3.9900 0.0000 SNPS_CLOCK_GATE_HIGH_tinytpu_isa_accu_0_99
accu_0_U0/clk_gate_grp_accu_0_Pipeline_VITIS_LOOP_3795_1_fu_28_ar_U_ram_reg_99_       3.9900     0.0      0.0000      3.9900 0.0000 SNPS_CLOCK_GATE_HIGH_tinytpu_isa_accu_0_100
accu_0_U0/clk_gate_grp_accu_0_Pipeline_VITIS_LOOP_3795_1_fu_28_ar_U_ram_reg_9_       3.9900     0.0      0.0000      3.9900 0.0000 SNPS_CLOCK_GATE_HIGH_tinytpu_isa_accu_0_10
accu_0_U0/clk_gate_grp_accu_0_Pipeline_VITIS_LOOP_3795_1_fu_28_v1800_fu_130_reg       3.9900     0.0      0.0000      3.9900 0.0000 SNPS_CLOCK_GATE_HIGH_tinytpu_isa_accu_0_132
accu_0_U0/clk_gate_grp_accu_0_Pipeline_VITIS_LOOP_3795_1_fu_28_v1805_fu_138_reg       3.9900     0.0      0.0000      3.9900 0.0000 SNPS_CLOCK_GATE_HIGH_tinytpu_isa_accu_0_133
accu_0_U0/clk_gate_grp_accu_0_Pipeline_VITIS_LOOP_3795_1_fu_28_v1979_tmp_fu_134_reg       3.9900     0.0      0.0000      3.9900 0.0000 SNPS_CLOCK_GATE_HIGH_tinytpu_isa_accu_0_134
accu_0_U0/clk_gate_grp_accu_0_Pipeline_VITIS_LOOP_3795_1_fu_28_wa1_reg_1142_pp0_iter4_reg_reg       3.9900     0.0      0.0000      3.9900 0.0000 SNPS_CLOCK_GATE_HIGH_tinytpu_isa_accu_0_136
accu_0_U0/clk_gate_v1795_reg_43_reg       3.9900     0.0      0.0000       3.9900  0.0000  SNPS_CLOCK_GATE_HIGH_tinytpu_isa_accu_0_0
control_s_axi_U_clk_gate_int_v2177_reg       3.9900     0.0      0.0000      3.9900 0.0000 SNPS_CLOCK_GATE_HIGH_tinytpu_isa_control_s_axi_C_S_AXI_ADDR_WIDTH6_C_S_AXI_DATA_WIDTH32_8
control_s_axi_U_clk_gate_int_v2177_reg_0       3.9900     0.0      0.0000      3.9900 0.0000 SNPS_CLOCK_GATE_HIGH_tinytpu_isa_control_s_axi_C_S_AXI_ADDR_WIDTH6_C_S_AXI_DATA_WIDTH32_7
control_s_axi_U_clk_gate_int_v2178_reg       3.9900     0.0      0.0000      3.9900 0.0000 SNPS_CLOCK_GATE_HIGH_tinytpu_isa_control_s_axi_C_S_AXI_ADDR_WIDTH6_C_S_AXI_DATA_WIDTH32_6
control_s_axi_U_clk_gate_int_v2178_reg_0       3.9900     0.0      0.0000      3.9900 0.0000 SNPS_CLOCK_GATE_HIGH_tinytpu_isa_control_s_axi_C_S_AXI_ADDR_WIDTH6_C_S_AXI_DATA_WIDTH32_5
control_s_axi_U_clk_gate_int_v2179_reg       3.9900     0.0      0.0000      3.9900 0.0000 SNPS_CLOCK_GATE_HIGH_tinytpu_isa_control_s_axi_C_S_AXI_ADDR_WIDTH6_C_S_AXI_DATA_WIDTH32_4
control_s_axi_U_clk_gate_int_v2179_reg_0       3.9900     0.0      0.0000      3.9900 0.0000 SNPS_CLOCK_GATE_HIGH_tinytpu_isa_control_s_axi_C_S_AXI_ADDR_WIDTH6_C_S_AXI_DATA_WIDTH32_3
control_s_axi_U_clk_gate_int_v2180_reg       3.9900     0.0      0.0000      3.9900 0.0000 SNPS_CLOCK_GATE_HIGH_tinytpu_isa_control_s_axi_C_S_AXI_ADDR_WIDTH6_C_S_AXI_DATA_WIDTH32_2
control_s_axi_U_clk_gate_int_v2180_reg_0       3.9900     0.0      0.0000      3.9900 0.0000 SNPS_CLOCK_GATE_HIGH_tinytpu_isa_control_s_axi_C_S_AXI_ADDR_WIDTH6_C_S_AXI_DATA_WIDTH32_1
control_s_axi_U_clk_gate_rdata_reg       3.9900     0.0       0.0000       3.9900  0.0000  SNPS_CLOCK_GATE_HIGH_tinytpu_isa_control_s_axi_C_S_AXI_ADDR_WIDTH6_C_S_AXI_DATA_WIDTH32_9
control_s_axi_U_clk_gate_waddr_reg       3.9900     0.0       0.0000       3.9900  0.0000  SNPS_CLOCK_GATE_HIGH_tinytpu_isa_control_s_axi_C_S_AXI_ADDR_WIDTH6_C_S_AXI_DATA_WIDTH32_0
dma_ld_0_1_U0                       27262.8713      2.4    6094.5921   20597.7093  0.0000  tinytpu_isa_dma_ld_0_1
dma_ld_0_1_U0/clk_gate_grp_dma_ld_0_1_Pipeline_VITIS_LOOP_647_1_fu_104_v361_reg_137_pp0_iter1_reg_reg       3.9900     0.0      0.0000      3.9900 0.0000 SNPS_CLOCK_GATE_HIGH_tinytpu_isa_dma_ld_0_1_8
dma_ld_0_1_U0/clk_gate_grp_dma_ld_0_1_Pipeline_VITIS_LOOP_647_1_fu_104_v362_fu_52_reg       3.9900     0.0      0.0000      3.9900 0.0000 SNPS_CLOCK_GATE_HIGH_tinytpu_isa_dma_ld_0_1_7
dma_ld_0_1_U0/clk_gate_grp_dma_ld_0_1_Pipeline_VITIS_LOOP_712_2_fu_113_v396_reg_137_pp0_iter1_reg_reg       3.9900     0.0      0.0000      3.9900 0.0000 SNPS_CLOCK_GATE_HIGH_tinytpu_isa_dma_ld_0_1_6
dma_ld_0_1_U0/clk_gate_grp_dma_ld_0_1_Pipeline_VITIS_LOOP_712_2_fu_113_v397_fu_52_reg       3.9900     0.0      0.0000      3.9900 0.0000 SNPS_CLOCK_GATE_HIGH_tinytpu_isa_dma_ld_0_1_5
dma_ld_0_1_U0/clk_gate_grp_dma_ld_0_1_Pipeline_VITIS_LOOP_781_3_fu_122_ap_enable_reg_pp0_iter4_reg       3.9900     0.0      0.0000      3.9900 0.0000 SNPS_CLOCK_GATE_HIGH_tinytpu_isa_dma_ld_0_1_1
dma_ld_0_1_U0/clk_gate_grp_dma_ld_0_1_Pipeline_VITIS_LOOP_781_3_fu_122_v428_fu_78_reg       3.9900     0.0      0.0000      3.9900 0.0000 SNPS_CLOCK_GATE_HIGH_tinytpu_isa_dma_ld_0_1_2
dma_ld_0_1_U0/clk_gate_grp_dma_ld_0_1_Pipeline_VITIS_LOOP_781_3_fu_122_v433_fu_98_reg       3.9900     0.0      0.0000      3.9900 0.0000 SNPS_CLOCK_GATE_HIGH_tinytpu_isa_dma_ld_0_1_3
dma_ld_0_1_U0/clk_gate_grp_dma_ld_0_1_Pipeline_VITIS_LOOP_781_3_fu_122_v449_reg_447_reg       3.9900     0.0      0.0000      3.9900 0.0000 SNPS_CLOCK_GATE_HIGH_tinytpu_isa_dma_ld_0_1_4
dma_ld_0_1_U0/clk_gate_rbA_U_q0_reg       3.9900     0.0      0.0000       3.9900  0.0000  SNPS_CLOCK_GATE_HIGH_tinytpu_isa_dma_ld_0_1_75
dma_ld_0_1_U0/clk_gate_rbA_U_ram_reg_0_       3.9900     0.0      0.0000      3.9900 0.0000 SNPS_CLOCK_GATE_HIGH_tinytpu_isa_dma_ld_0_1_76
dma_ld_0_1_U0/clk_gate_rbA_U_ram_reg_10_       3.9900     0.0      0.0000      3.9900 0.0000 SNPS_CLOCK_GATE_HIGH_tinytpu_isa_dma_ld_0_1_86
dma_ld_0_1_U0/clk_gate_rbA_U_ram_reg_11_       3.9900     0.0      0.0000      3.9900 0.0000 SNPS_CLOCK_GATE_HIGH_tinytpu_isa_dma_ld_0_1_87
dma_ld_0_1_U0/clk_gate_rbA_U_ram_reg_12_       3.9900     0.0      0.0000      3.9900 0.0000 SNPS_CLOCK_GATE_HIGH_tinytpu_isa_dma_ld_0_1_88
dma_ld_0_1_U0/clk_gate_rbA_U_ram_reg_13_       3.9900     0.0      0.0000      3.9900 0.0000 SNPS_CLOCK_GATE_HIGH_tinytpu_isa_dma_ld_0_1_89
dma_ld_0_1_U0/clk_gate_rbA_U_ram_reg_14_       3.9900     0.0      0.0000      3.9900 0.0000 SNPS_CLOCK_GATE_HIGH_tinytpu_isa_dma_ld_0_1_90
dma_ld_0_1_U0/clk_gate_rbA_U_ram_reg_15_       3.9900     0.0      0.0000      3.9900 0.0000 SNPS_CLOCK_GATE_HIGH_tinytpu_isa_dma_ld_0_1_91
dma_ld_0_1_U0/clk_gate_rbA_U_ram_reg_16_       3.9900     0.0      0.0000      3.9900 0.0000 SNPS_CLOCK_GATE_HIGH_tinytpu_isa_dma_ld_0_1_92
dma_ld_0_1_U0/clk_gate_rbA_U_ram_reg_17_       3.9900     0.0      0.0000      3.9900 0.0000 SNPS_CLOCK_GATE_HIGH_tinytpu_isa_dma_ld_0_1_93
dma_ld_0_1_U0/clk_gate_rbA_U_ram_reg_18_       3.9900     0.0      0.0000      3.9900 0.0000 SNPS_CLOCK_GATE_HIGH_tinytpu_isa_dma_ld_0_1_94
dma_ld_0_1_U0/clk_gate_rbA_U_ram_reg_19_       3.9900     0.0      0.0000      3.9900 0.0000 SNPS_CLOCK_GATE_HIGH_tinytpu_isa_dma_ld_0_1_95
dma_ld_0_1_U0/clk_gate_rbA_U_ram_reg_1_       3.9900     0.0      0.0000      3.9900 0.0000 SNPS_CLOCK_GATE_HIGH_tinytpu_isa_dma_ld_0_1_77
dma_ld_0_1_U0/clk_gate_rbA_U_ram_reg_20_       3.9900     0.0      0.0000      3.9900 0.0000 SNPS_CLOCK_GATE_HIGH_tinytpu_isa_dma_ld_0_1_96
dma_ld_0_1_U0/clk_gate_rbA_U_ram_reg_21_       3.9900     0.0      0.0000      3.9900 0.0000 SNPS_CLOCK_GATE_HIGH_tinytpu_isa_dma_ld_0_1_97
dma_ld_0_1_U0/clk_gate_rbA_U_ram_reg_22_       3.9900     0.0      0.0000      3.9900 0.0000 SNPS_CLOCK_GATE_HIGH_tinytpu_isa_dma_ld_0_1_98
dma_ld_0_1_U0/clk_gate_rbA_U_ram_reg_23_       3.9900     0.0      0.0000      3.9900 0.0000 SNPS_CLOCK_GATE_HIGH_tinytpu_isa_dma_ld_0_1_99
dma_ld_0_1_U0/clk_gate_rbA_U_ram_reg_24_       3.9900     0.0      0.0000      3.9900 0.0000 SNPS_CLOCK_GATE_HIGH_tinytpu_isa_dma_ld_0_1_100
dma_ld_0_1_U0/clk_gate_rbA_U_ram_reg_25_       3.9900     0.0      0.0000      3.9900 0.0000 SNPS_CLOCK_GATE_HIGH_tinytpu_isa_dma_ld_0_1_101
dma_ld_0_1_U0/clk_gate_rbA_U_ram_reg_26_       3.9900     0.0      0.0000      3.9900 0.0000 SNPS_CLOCK_GATE_HIGH_tinytpu_isa_dma_ld_0_1_102
dma_ld_0_1_U0/clk_gate_rbA_U_ram_reg_27_       3.9900     0.0      0.0000      3.9900 0.0000 SNPS_CLOCK_GATE_HIGH_tinytpu_isa_dma_ld_0_1_103
dma_ld_0_1_U0/clk_gate_rbA_U_ram_reg_28_       3.9900     0.0      0.0000      3.9900 0.0000 SNPS_CLOCK_GATE_HIGH_tinytpu_isa_dma_ld_0_1_104
dma_ld_0_1_U0/clk_gate_rbA_U_ram_reg_29_       3.9900     0.0      0.0000      3.9900 0.0000 SNPS_CLOCK_GATE_HIGH_tinytpu_isa_dma_ld_0_1_105
dma_ld_0_1_U0/clk_gate_rbA_U_ram_reg_2_       3.9900     0.0      0.0000      3.9900 0.0000 SNPS_CLOCK_GATE_HIGH_tinytpu_isa_dma_ld_0_1_78
dma_ld_0_1_U0/clk_gate_rbA_U_ram_reg_30_       3.9900     0.0      0.0000      3.9900 0.0000 SNPS_CLOCK_GATE_HIGH_tinytpu_isa_dma_ld_0_1_106
dma_ld_0_1_U0/clk_gate_rbA_U_ram_reg_31_       3.9900     0.0      0.0000      3.9900 0.0000 SNPS_CLOCK_GATE_HIGH_tinytpu_isa_dma_ld_0_1_107
dma_ld_0_1_U0/clk_gate_rbA_U_ram_reg_32_       3.9900     0.0      0.0000      3.9900 0.0000 SNPS_CLOCK_GATE_HIGH_tinytpu_isa_dma_ld_0_1_108
dma_ld_0_1_U0/clk_gate_rbA_U_ram_reg_33_       3.9900     0.0      0.0000      3.9900 0.0000 SNPS_CLOCK_GATE_HIGH_tinytpu_isa_dma_ld_0_1_109
dma_ld_0_1_U0/clk_gate_rbA_U_ram_reg_34_       3.9900     0.0      0.0000      3.9900 0.0000 SNPS_CLOCK_GATE_HIGH_tinytpu_isa_dma_ld_0_1_110
dma_ld_0_1_U0/clk_gate_rbA_U_ram_reg_35_       3.9900     0.0      0.0000      3.9900 0.0000 SNPS_CLOCK_GATE_HIGH_tinytpu_isa_dma_ld_0_1_111
dma_ld_0_1_U0/clk_gate_rbA_U_ram_reg_36_       3.9900     0.0      0.0000      3.9900 0.0000 SNPS_CLOCK_GATE_HIGH_tinytpu_isa_dma_ld_0_1_112
dma_ld_0_1_U0/clk_gate_rbA_U_ram_reg_37_       3.9900     0.0      0.0000      3.9900 0.0000 SNPS_CLOCK_GATE_HIGH_tinytpu_isa_dma_ld_0_1_113
dma_ld_0_1_U0/clk_gate_rbA_U_ram_reg_38_       3.9900     0.0      0.0000      3.9900 0.0000 SNPS_CLOCK_GATE_HIGH_tinytpu_isa_dma_ld_0_1_114
dma_ld_0_1_U0/clk_gate_rbA_U_ram_reg_39_       3.9900     0.0      0.0000      3.9900 0.0000 SNPS_CLOCK_GATE_HIGH_tinytpu_isa_dma_ld_0_1_115
dma_ld_0_1_U0/clk_gate_rbA_U_ram_reg_3_       3.9900     0.0      0.0000      3.9900 0.0000 SNPS_CLOCK_GATE_HIGH_tinytpu_isa_dma_ld_0_1_79
dma_ld_0_1_U0/clk_gate_rbA_U_ram_reg_40_       3.9900     0.0      0.0000      3.9900 0.0000 SNPS_CLOCK_GATE_HIGH_tinytpu_isa_dma_ld_0_1_116
dma_ld_0_1_U0/clk_gate_rbA_U_ram_reg_41_       3.9900     0.0      0.0000      3.9900 0.0000 SNPS_CLOCK_GATE_HIGH_tinytpu_isa_dma_ld_0_1_117
dma_ld_0_1_U0/clk_gate_rbA_U_ram_reg_42_       3.9900     0.0      0.0000      3.9900 0.0000 SNPS_CLOCK_GATE_HIGH_tinytpu_isa_dma_ld_0_1_118
dma_ld_0_1_U0/clk_gate_rbA_U_ram_reg_43_       3.9900     0.0      0.0000      3.9900 0.0000 SNPS_CLOCK_GATE_HIGH_tinytpu_isa_dma_ld_0_1_119
dma_ld_0_1_U0/clk_gate_rbA_U_ram_reg_44_       3.9900     0.0      0.0000      3.9900 0.0000 SNPS_CLOCK_GATE_HIGH_tinytpu_isa_dma_ld_0_1_120
dma_ld_0_1_U0/clk_gate_rbA_U_ram_reg_45_       3.9900     0.0      0.0000      3.9900 0.0000 SNPS_CLOCK_GATE_HIGH_tinytpu_isa_dma_ld_0_1_121
dma_ld_0_1_U0/clk_gate_rbA_U_ram_reg_46_       3.9900     0.0      0.0000      3.9900 0.0000 SNPS_CLOCK_GATE_HIGH_tinytpu_isa_dma_ld_0_1_122
dma_ld_0_1_U0/clk_gate_rbA_U_ram_reg_47_       3.9900     0.0      0.0000      3.9900 0.0000 SNPS_CLOCK_GATE_HIGH_tinytpu_isa_dma_ld_0_1_123
dma_ld_0_1_U0/clk_gate_rbA_U_ram_reg_48_       3.9900     0.0      0.0000      3.9900 0.0000 SNPS_CLOCK_GATE_HIGH_tinytpu_isa_dma_ld_0_1_124
dma_ld_0_1_U0/clk_gate_rbA_U_ram_reg_49_       3.9900     0.0      0.0000      3.9900 0.0000 SNPS_CLOCK_GATE_HIGH_tinytpu_isa_dma_ld_0_1_125
dma_ld_0_1_U0/clk_gate_rbA_U_ram_reg_4_       3.9900     0.0      0.0000      3.9900 0.0000 SNPS_CLOCK_GATE_HIGH_tinytpu_isa_dma_ld_0_1_80
dma_ld_0_1_U0/clk_gate_rbA_U_ram_reg_50_       3.9900     0.0      0.0000      3.9900 0.0000 SNPS_CLOCK_GATE_HIGH_tinytpu_isa_dma_ld_0_1_126
dma_ld_0_1_U0/clk_gate_rbA_U_ram_reg_51_       3.9900     0.0      0.0000      3.9900 0.0000 SNPS_CLOCK_GATE_HIGH_tinytpu_isa_dma_ld_0_1_127
dma_ld_0_1_U0/clk_gate_rbA_U_ram_reg_52_       3.9900     0.0      0.0000      3.9900 0.0000 SNPS_CLOCK_GATE_HIGH_tinytpu_isa_dma_ld_0_1_128
dma_ld_0_1_U0/clk_gate_rbA_U_ram_reg_53_       3.9900     0.0      0.0000      3.9900 0.0000 SNPS_CLOCK_GATE_HIGH_tinytpu_isa_dma_ld_0_1_129
dma_ld_0_1_U0/clk_gate_rbA_U_ram_reg_54_       3.9900     0.0      0.0000      3.9900 0.0000 SNPS_CLOCK_GATE_HIGH_tinytpu_isa_dma_ld_0_1_130
dma_ld_0_1_U0/clk_gate_rbA_U_ram_reg_55_       3.9900     0.0      0.0000      3.9900 0.0000 SNPS_CLOCK_GATE_HIGH_tinytpu_isa_dma_ld_0_1_131
dma_ld_0_1_U0/clk_gate_rbA_U_ram_reg_56_       3.9900     0.0      0.0000      3.9900 0.0000 SNPS_CLOCK_GATE_HIGH_tinytpu_isa_dma_ld_0_1_132
dma_ld_0_1_U0/clk_gate_rbA_U_ram_reg_57_       3.9900     0.0      0.0000      3.9900 0.0000 SNPS_CLOCK_GATE_HIGH_tinytpu_isa_dma_ld_0_1_133
dma_ld_0_1_U0/clk_gate_rbA_U_ram_reg_58_       3.9900     0.0      0.0000      3.9900 0.0000 SNPS_CLOCK_GATE_HIGH_tinytpu_isa_dma_ld_0_1_134
dma_ld_0_1_U0/clk_gate_rbA_U_ram_reg_59_       3.9900     0.0      0.0000      3.9900 0.0000 SNPS_CLOCK_GATE_HIGH_tinytpu_isa_dma_ld_0_1_135
dma_ld_0_1_U0/clk_gate_rbA_U_ram_reg_5_       3.9900     0.0      0.0000      3.9900 0.0000 SNPS_CLOCK_GATE_HIGH_tinytpu_isa_dma_ld_0_1_81
dma_ld_0_1_U0/clk_gate_rbA_U_ram_reg_60_       3.9900     0.0      0.0000      3.9900 0.0000 SNPS_CLOCK_GATE_HIGH_tinytpu_isa_dma_ld_0_1_136
dma_ld_0_1_U0/clk_gate_rbA_U_ram_reg_61_       3.9900     0.0      0.0000      3.9900 0.0000 SNPS_CLOCK_GATE_HIGH_tinytpu_isa_dma_ld_0_1_137
dma_ld_0_1_U0/clk_gate_rbA_U_ram_reg_62_       3.9900     0.0      0.0000      3.9900 0.0000 SNPS_CLOCK_GATE_HIGH_tinytpu_isa_dma_ld_0_1_138
dma_ld_0_1_U0/clk_gate_rbA_U_ram_reg_63_       3.9900     0.0      0.0000      3.9900 0.0000 SNPS_CLOCK_GATE_HIGH_tinytpu_isa_dma_ld_0_1_139
dma_ld_0_1_U0/clk_gate_rbA_U_ram_reg_64_       3.9900     0.0      0.0000      3.9900 0.0000 SNPS_CLOCK_GATE_HIGH_tinytpu_isa_dma_ld_0_1_140
dma_ld_0_1_U0/clk_gate_rbA_U_ram_reg_6_       3.9900     0.0      0.0000      3.9900 0.0000 SNPS_CLOCK_GATE_HIGH_tinytpu_isa_dma_ld_0_1_82
dma_ld_0_1_U0/clk_gate_rbA_U_ram_reg_7_       3.9900     0.0      0.0000      3.9900 0.0000 SNPS_CLOCK_GATE_HIGH_tinytpu_isa_dma_ld_0_1_83
dma_ld_0_1_U0/clk_gate_rbA_U_ram_reg_8_       3.9900     0.0      0.0000      3.9900 0.0000 SNPS_CLOCK_GATE_HIGH_tinytpu_isa_dma_ld_0_1_84
dma_ld_0_1_U0/clk_gate_rbA_U_ram_reg_9_       3.9900     0.0      0.0000      3.9900 0.0000 SNPS_CLOCK_GATE_HIGH_tinytpu_isa_dma_ld_0_1_85
dma_ld_0_1_U0/clk_gate_rbB_U_q0_reg       3.9900     0.0      0.0000       3.9900  0.0000  SNPS_CLOCK_GATE_HIGH_tinytpu_isa_dma_ld_0_1_9
dma_ld_0_1_U0/clk_gate_rbB_U_ram_reg_0_       3.9900     0.0      0.0000      3.9900 0.0000 SNPS_CLOCK_GATE_HIGH_tinytpu_isa_dma_ld_0_1_10
dma_ld_0_1_U0/clk_gate_rbB_U_ram_reg_10_       3.9900     0.0      0.0000      3.9900 0.0000 SNPS_CLOCK_GATE_HIGH_tinytpu_isa_dma_ld_0_1_20
dma_ld_0_1_U0/clk_gate_rbB_U_ram_reg_11_       3.9900     0.0      0.0000      3.9900 0.0000 SNPS_CLOCK_GATE_HIGH_tinytpu_isa_dma_ld_0_1_21
dma_ld_0_1_U0/clk_gate_rbB_U_ram_reg_12_       3.9900     0.0      0.0000      3.9900 0.0000 SNPS_CLOCK_GATE_HIGH_tinytpu_isa_dma_ld_0_1_22
dma_ld_0_1_U0/clk_gate_rbB_U_ram_reg_13_       3.9900     0.0      0.0000      3.9900 0.0000 SNPS_CLOCK_GATE_HIGH_tinytpu_isa_dma_ld_0_1_23
dma_ld_0_1_U0/clk_gate_rbB_U_ram_reg_14_       3.9900     0.0      0.0000      3.9900 0.0000 SNPS_CLOCK_GATE_HIGH_tinytpu_isa_dma_ld_0_1_24
dma_ld_0_1_U0/clk_gate_rbB_U_ram_reg_15_       3.9900     0.0      0.0000      3.9900 0.0000 SNPS_CLOCK_GATE_HIGH_tinytpu_isa_dma_ld_0_1_25
dma_ld_0_1_U0/clk_gate_rbB_U_ram_reg_16_       3.9900     0.0      0.0000      3.9900 0.0000 SNPS_CLOCK_GATE_HIGH_tinytpu_isa_dma_ld_0_1_26
dma_ld_0_1_U0/clk_gate_rbB_U_ram_reg_17_       3.9900     0.0      0.0000      3.9900 0.0000 SNPS_CLOCK_GATE_HIGH_tinytpu_isa_dma_ld_0_1_27
dma_ld_0_1_U0/clk_gate_rbB_U_ram_reg_18_       3.9900     0.0      0.0000      3.9900 0.0000 SNPS_CLOCK_GATE_HIGH_tinytpu_isa_dma_ld_0_1_28
dma_ld_0_1_U0/clk_gate_rbB_U_ram_reg_19_       3.9900     0.0      0.0000      3.9900 0.0000 SNPS_CLOCK_GATE_HIGH_tinytpu_isa_dma_ld_0_1_29
dma_ld_0_1_U0/clk_gate_rbB_U_ram_reg_1_       3.9900     0.0      0.0000      3.9900 0.0000 SNPS_CLOCK_GATE_HIGH_tinytpu_isa_dma_ld_0_1_11
dma_ld_0_1_U0/clk_gate_rbB_U_ram_reg_20_       3.9900     0.0      0.0000      3.9900 0.0000 SNPS_CLOCK_GATE_HIGH_tinytpu_isa_dma_ld_0_1_30
dma_ld_0_1_U0/clk_gate_rbB_U_ram_reg_21_       3.9900     0.0      0.0000      3.9900 0.0000 SNPS_CLOCK_GATE_HIGH_tinytpu_isa_dma_ld_0_1_31
dma_ld_0_1_U0/clk_gate_rbB_U_ram_reg_22_       3.9900     0.0      0.0000      3.9900 0.0000 SNPS_CLOCK_GATE_HIGH_tinytpu_isa_dma_ld_0_1_32
dma_ld_0_1_U0/clk_gate_rbB_U_ram_reg_23_       3.9900     0.0      0.0000      3.9900 0.0000 SNPS_CLOCK_GATE_HIGH_tinytpu_isa_dma_ld_0_1_33
dma_ld_0_1_U0/clk_gate_rbB_U_ram_reg_24_       3.9900     0.0      0.0000      3.9900 0.0000 SNPS_CLOCK_GATE_HIGH_tinytpu_isa_dma_ld_0_1_34
dma_ld_0_1_U0/clk_gate_rbB_U_ram_reg_25_       3.9900     0.0      0.0000      3.9900 0.0000 SNPS_CLOCK_GATE_HIGH_tinytpu_isa_dma_ld_0_1_35
dma_ld_0_1_U0/clk_gate_rbB_U_ram_reg_26_       3.9900     0.0      0.0000      3.9900 0.0000 SNPS_CLOCK_GATE_HIGH_tinytpu_isa_dma_ld_0_1_36
dma_ld_0_1_U0/clk_gate_rbB_U_ram_reg_27_       3.9900     0.0      0.0000      3.9900 0.0000 SNPS_CLOCK_GATE_HIGH_tinytpu_isa_dma_ld_0_1_37
dma_ld_0_1_U0/clk_gate_rbB_U_ram_reg_28_       3.9900     0.0      0.0000      3.9900 0.0000 SNPS_CLOCK_GATE_HIGH_tinytpu_isa_dma_ld_0_1_38
dma_ld_0_1_U0/clk_gate_rbB_U_ram_reg_29_       3.9900     0.0      0.0000      3.9900 0.0000 SNPS_CLOCK_GATE_HIGH_tinytpu_isa_dma_ld_0_1_39
dma_ld_0_1_U0/clk_gate_rbB_U_ram_reg_2_       3.9900     0.0      0.0000      3.9900 0.0000 SNPS_CLOCK_GATE_HIGH_tinytpu_isa_dma_ld_0_1_12
dma_ld_0_1_U0/clk_gate_rbB_U_ram_reg_30_       3.9900     0.0      0.0000      3.9900 0.0000 SNPS_CLOCK_GATE_HIGH_tinytpu_isa_dma_ld_0_1_40
dma_ld_0_1_U0/clk_gate_rbB_U_ram_reg_31_       3.9900     0.0      0.0000      3.9900 0.0000 SNPS_CLOCK_GATE_HIGH_tinytpu_isa_dma_ld_0_1_41
dma_ld_0_1_U0/clk_gate_rbB_U_ram_reg_32_       3.9900     0.0      0.0000      3.9900 0.0000 SNPS_CLOCK_GATE_HIGH_tinytpu_isa_dma_ld_0_1_42
dma_ld_0_1_U0/clk_gate_rbB_U_ram_reg_33_       3.9900     0.0      0.0000      3.9900 0.0000 SNPS_CLOCK_GATE_HIGH_tinytpu_isa_dma_ld_0_1_43
dma_ld_0_1_U0/clk_gate_rbB_U_ram_reg_34_       3.9900     0.0      0.0000      3.9900 0.0000 SNPS_CLOCK_GATE_HIGH_tinytpu_isa_dma_ld_0_1_44
dma_ld_0_1_U0/clk_gate_rbB_U_ram_reg_35_       3.9900     0.0      0.0000      3.9900 0.0000 SNPS_CLOCK_GATE_HIGH_tinytpu_isa_dma_ld_0_1_45
dma_ld_0_1_U0/clk_gate_rbB_U_ram_reg_36_       3.9900     0.0      0.0000      3.9900 0.0000 SNPS_CLOCK_GATE_HIGH_tinytpu_isa_dma_ld_0_1_46
dma_ld_0_1_U0/clk_gate_rbB_U_ram_reg_37_       3.9900     0.0      0.0000      3.9900 0.0000 SNPS_CLOCK_GATE_HIGH_tinytpu_isa_dma_ld_0_1_47
dma_ld_0_1_U0/clk_gate_rbB_U_ram_reg_38_       3.9900     0.0      0.0000      3.9900 0.0000 SNPS_CLOCK_GATE_HIGH_tinytpu_isa_dma_ld_0_1_48
dma_ld_0_1_U0/clk_gate_rbB_U_ram_reg_39_       3.9900     0.0      0.0000      3.9900 0.0000 SNPS_CLOCK_GATE_HIGH_tinytpu_isa_dma_ld_0_1_49
dma_ld_0_1_U0/clk_gate_rbB_U_ram_reg_3_       3.9900     0.0      0.0000      3.9900 0.0000 SNPS_CLOCK_GATE_HIGH_tinytpu_isa_dma_ld_0_1_13
dma_ld_0_1_U0/clk_gate_rbB_U_ram_reg_40_       3.9900     0.0      0.0000      3.9900 0.0000 SNPS_CLOCK_GATE_HIGH_tinytpu_isa_dma_ld_0_1_50
dma_ld_0_1_U0/clk_gate_rbB_U_ram_reg_41_       3.9900     0.0      0.0000      3.9900 0.0000 SNPS_CLOCK_GATE_HIGH_tinytpu_isa_dma_ld_0_1_51
dma_ld_0_1_U0/clk_gate_rbB_U_ram_reg_42_       3.9900     0.0      0.0000      3.9900 0.0000 SNPS_CLOCK_GATE_HIGH_tinytpu_isa_dma_ld_0_1_52
dma_ld_0_1_U0/clk_gate_rbB_U_ram_reg_43_       3.9900     0.0      0.0000      3.9900 0.0000 SNPS_CLOCK_GATE_HIGH_tinytpu_isa_dma_ld_0_1_53
dma_ld_0_1_U0/clk_gate_rbB_U_ram_reg_44_       3.9900     0.0      0.0000      3.9900 0.0000 SNPS_CLOCK_GATE_HIGH_tinytpu_isa_dma_ld_0_1_54
dma_ld_0_1_U0/clk_gate_rbB_U_ram_reg_45_       3.9900     0.0      0.0000      3.9900 0.0000 SNPS_CLOCK_GATE_HIGH_tinytpu_isa_dma_ld_0_1_55
dma_ld_0_1_U0/clk_gate_rbB_U_ram_reg_46_       3.9900     0.0      0.0000      3.9900 0.0000 SNPS_CLOCK_GATE_HIGH_tinytpu_isa_dma_ld_0_1_56
dma_ld_0_1_U0/clk_gate_rbB_U_ram_reg_47_       3.9900     0.0      0.0000      3.9900 0.0000 SNPS_CLOCK_GATE_HIGH_tinytpu_isa_dma_ld_0_1_57
dma_ld_0_1_U0/clk_gate_rbB_U_ram_reg_48_       3.9900     0.0      0.0000      3.9900 0.0000 SNPS_CLOCK_GATE_HIGH_tinytpu_isa_dma_ld_0_1_58
dma_ld_0_1_U0/clk_gate_rbB_U_ram_reg_49_       3.9900     0.0      0.0000      3.9900 0.0000 SNPS_CLOCK_GATE_HIGH_tinytpu_isa_dma_ld_0_1_59
dma_ld_0_1_U0/clk_gate_rbB_U_ram_reg_4_       3.9900     0.0      0.0000      3.9900 0.0000 SNPS_CLOCK_GATE_HIGH_tinytpu_isa_dma_ld_0_1_14
dma_ld_0_1_U0/clk_gate_rbB_U_ram_reg_50_       3.9900     0.0      0.0000      3.9900 0.0000 SNPS_CLOCK_GATE_HIGH_tinytpu_isa_dma_ld_0_1_60
dma_ld_0_1_U0/clk_gate_rbB_U_ram_reg_51_       3.9900     0.0      0.0000      3.9900 0.0000 SNPS_CLOCK_GATE_HIGH_tinytpu_isa_dma_ld_0_1_61
dma_ld_0_1_U0/clk_gate_rbB_U_ram_reg_52_       3.9900     0.0      0.0000      3.9900 0.0000 SNPS_CLOCK_GATE_HIGH_tinytpu_isa_dma_ld_0_1_62
dma_ld_0_1_U0/clk_gate_rbB_U_ram_reg_53_       3.9900     0.0      0.0000      3.9900 0.0000 SNPS_CLOCK_GATE_HIGH_tinytpu_isa_dma_ld_0_1_63
dma_ld_0_1_U0/clk_gate_rbB_U_ram_reg_54_       3.9900     0.0      0.0000      3.9900 0.0000 SNPS_CLOCK_GATE_HIGH_tinytpu_isa_dma_ld_0_1_64
dma_ld_0_1_U0/clk_gate_rbB_U_ram_reg_55_       3.9900     0.0      0.0000      3.9900 0.0000 SNPS_CLOCK_GATE_HIGH_tinytpu_isa_dma_ld_0_1_65
dma_ld_0_1_U0/clk_gate_rbB_U_ram_reg_56_       3.9900     0.0      0.0000      3.9900 0.0000 SNPS_CLOCK_GATE_HIGH_tinytpu_isa_dma_ld_0_1_66
dma_ld_0_1_U0/clk_gate_rbB_U_ram_reg_57_       3.9900     0.0      0.0000      3.9900 0.0000 SNPS_CLOCK_GATE_HIGH_tinytpu_isa_dma_ld_0_1_67
dma_ld_0_1_U0/clk_gate_rbB_U_ram_reg_58_       3.9900     0.0      0.0000      3.9900 0.0000 SNPS_CLOCK_GATE_HIGH_tinytpu_isa_dma_ld_0_1_68
dma_ld_0_1_U0/clk_gate_rbB_U_ram_reg_59_       3.9900     0.0      0.0000      3.9900 0.0000 SNPS_CLOCK_GATE_HIGH_tinytpu_isa_dma_ld_0_1_69
dma_ld_0_1_U0/clk_gate_rbB_U_ram_reg_5_       3.9900     0.0      0.0000      3.9900 0.0000 SNPS_CLOCK_GATE_HIGH_tinytpu_isa_dma_ld_0_1_15
dma_ld_0_1_U0/clk_gate_rbB_U_ram_reg_60_       3.9900     0.0      0.0000      3.9900 0.0000 SNPS_CLOCK_GATE_HIGH_tinytpu_isa_dma_ld_0_1_70
dma_ld_0_1_U0/clk_gate_rbB_U_ram_reg_61_       3.9900     0.0      0.0000      3.9900 0.0000 SNPS_CLOCK_GATE_HIGH_tinytpu_isa_dma_ld_0_1_71
dma_ld_0_1_U0/clk_gate_rbB_U_ram_reg_62_       3.9900     0.0      0.0000      3.9900 0.0000 SNPS_CLOCK_GATE_HIGH_tinytpu_isa_dma_ld_0_1_72
dma_ld_0_1_U0/clk_gate_rbB_U_ram_reg_63_       3.9900     0.0      0.0000      3.9900 0.0000 SNPS_CLOCK_GATE_HIGH_tinytpu_isa_dma_ld_0_1_73
dma_ld_0_1_U0/clk_gate_rbB_U_ram_reg_64_       3.9900     0.0      0.0000      3.9900 0.0000 SNPS_CLOCK_GATE_HIGH_tinytpu_isa_dma_ld_0_1_74
dma_ld_0_1_U0/clk_gate_rbB_U_ram_reg_6_       3.9900     0.0      0.0000      3.9900 0.0000 SNPS_CLOCK_GATE_HIGH_tinytpu_isa_dma_ld_0_1_16
dma_ld_0_1_U0/clk_gate_rbB_U_ram_reg_7_       3.9900     0.0      0.0000      3.9900 0.0000 SNPS_CLOCK_GATE_HIGH_tinytpu_isa_dma_ld_0_1_17
dma_ld_0_1_U0/clk_gate_rbB_U_ram_reg_8_       3.9900     0.0      0.0000      3.9900 0.0000 SNPS_CLOCK_GATE_HIGH_tinytpu_isa_dma_ld_0_1_18
dma_ld_0_1_U0/clk_gate_rbB_U_ram_reg_9_       3.9900     0.0      0.0000      3.9900 0.0000 SNPS_CLOCK_GATE_HIGH_tinytpu_isa_dma_ld_0_1_19
dma_ld_0_1_U0/clk_gate_trunc_ln642_reg_224_reg       3.9900     0.0      0.0000      3.9900 0.0000 SNPS_CLOCK_GATE_HIGH_tinytpu_isa_dma_ld_0_1_0
dma_ld_0_1_U0/clk_gate_v346_reg_219_reg       3.9900     0.0      0.0000      3.9900 0.0000 SNPS_CLOCK_GATE_HIGH_tinytpu_isa_dma_ld_0_1_141
dma_ld_0_1_U0/clk_gate_v393_reg_254_reg       3.9900     0.0      0.0000      3.9900 0.0000 SNPS_CLOCK_GATE_HIGH_tinytpu_isa_dma_ld_0_1_142
dma_st_0_1_U0_clk_gate_grp_dma_st_0_1_Pipeline_VITIS_LOOP_4406_1_fu_56_ap_enable_reg_pp0_iter9_reg       3.9900     0.0      0.0000      3.9900 0.0000 SNPS_CLOCK_GATE_HIGH_tinytpu_isa_dma_st_0_1_1
dma_st_0_1_U0_clk_gate_grp_dma_st_0_1_Pipeline_VITIS_LOOP_4406_1_fu_56_trunc_ln4463_1_reg_406_reg       3.9900     0.0      0.0000      3.9900 0.0000 SNPS_CLOCK_GATE_HIGH_tinytpu_isa_dma_st_0_1_5
dma_st_0_1_U0_clk_gate_grp_dma_st_0_1_Pipeline_VITIS_LOOP_4406_1_fu_56_v2085_fu_92_reg       3.9900     0.0      0.0000      3.9900 0.0000 SNPS_CLOCK_GATE_HIGH_tinytpu_isa_dma_st_0_1_3
dma_st_0_1_U0_clk_gate_grp_dma_st_0_1_Pipeline_VITIS_LOOP_4406_1_fu_56_v2090_fu_108_reg       3.9900     0.0      0.0000      3.9900 0.0000 SNPS_CLOCK_GATE_HIGH_tinytpu_isa_dma_st_0_1_4
dma_st_0_1_U0_clk_gate_v2080_reg_77_reg       3.9900     0.0      0.0000      3.9900 0.0000 SNPS_CLOCK_GATE_HIGH_tinytpu_isa_dma_st_0_1_0
gmem0_m_axi_U                      681536.9371     60.0  129576.8491  550858.8480  0.0000  tinytpu_isa_gmem0_m_axi_CONSERVATIVE1_NUM_READ_OUTSTANDING16_NUM_WRITE_OUTSTANDING16_MAX_READ_BURST_LENGTH16_MAX_WRITE_BURST_LENGTH16_C_M_AXI_ID_WIDTH1_C_M_AXI_ADDR_WIDTH64_C_M_AXI_DATA_WIDTH512_C_M_AXI_AWUSER_WIDTH1_C_M_AXI_ARUSER_WIDTH1_C_M_AXI_WUSER_WIDTH1_C_M_AXI_RUSER_WIDTH1_C_M_AXI_BUSER_WIDTH1_C_USER_VALUE0_C_PROT_VALUE0_C_CACHE_VALUE3_USER_DW512_USER_AW64_USER_MAXREQS7_USER_RFIFONUM_WIDTH9
gmem0_m_axi_U/clk_gate_bus_read_fifo_burst_empty_n_reg       3.9900     0.0      0.0000      3.9900 0.0000 SNPS_CLOCK_GATE_HIGH_tinytpu_isa_gmem0_m_axi_CONSERVATIVE1_NUM_READ_OUTSTANDING16_NUM_WRITE_OUTSTANDING16_MAX_READ_BURST_LENGTH16_MAX_WRITE_BURST_LENGTH16_C_M_AXI_ID_WIDTH1_C_M_AXI_ADDR_WIDTH64_C_M_AXI_DATA_WIDTH512_C_M_AXI_AWUSER_WIDTH1_C_M_AXI_ARUSER_WIDTH1_C_M_AXI_WUSER_WIDTH1_C_M_AXI_RUSER_WIDTH1_C_M_AXI_BUSER_WIDTH1_C_USER_VALUE0_C_PROT_VALUE0_C_CACHE_VALUE3_USER_DW512_USER_AW64_USER_MAXREQS7_USER_RFIFONUM_WIDTH9_5
gmem0_m_axi_U/clk_gate_bus_read_fifo_burst_genblk1_raddr_reg       3.9900     0.0      0.0000      3.9900 0.0000 SNPS_CLOCK_GATE_HIGH_tinytpu_isa_gmem0_m_axi_CONSERVATIVE1_NUM_READ_OUTSTANDING16_NUM_WRITE_OUTSTANDING16_MAX_READ_BURST_LENGTH16_MAX_WRITE_BURST_LENGTH16_C_M_AXI_ID_WIDTH1_C_M_AXI_ADDR_WIDTH64_C_M_AXI_DATA_WIDTH512_C_M_AXI_AWUSER_WIDTH1_C_M_AXI_ARUSER_WIDTH1_C_M_AXI_WUSER_WIDTH1_C_M_AXI_RUSER_WIDTH1_C_M_AXI_BUSER_WIDTH1_C_USER_VALUE0_C_PROT_VALUE0_C_CACHE_VALUE3_USER_DW512_USER_AW64_USER_MAXREQS7_USER_RFIFONUM_WIDTH9_4
gmem0_m_axi_U/clk_gate_bus_read_fifo_rctl_empty_n_reg       3.9900     0.0      0.0000      3.9900 0.0000 SNPS_CLOCK_GATE_HIGH_tinytpu_isa_gmem0_m_axi_CONSERVATIVE1_NUM_READ_OUTSTANDING16_NUM_WRITE_OUTSTANDING16_MAX_READ_BURST_LENGTH16_MAX_WRITE_BURST_LENGTH16_C_M_AXI_ID_WIDTH1_C_M_AXI_ADDR_WIDTH64_C_M_AXI_DATA_WIDTH512_C_M_AXI_AWUSER_WIDTH1_C_M_AXI_ARUSER_WIDTH1_C_M_AXI_WUSER_WIDTH1_C_M_AXI_RUSER_WIDTH1_C_M_AXI_BUSER_WIDTH1_C_USER_VALUE0_C_PROT_VALUE0_C_CACHE_VALUE3_USER_DW512_USER_AW64_USER_MAXREQS7_USER_RFIFONUM_WIDTH9_7
gmem0_m_axi_U/clk_gate_bus_read_fifo_rctl_genblk1_raddr_reg       3.9900     0.0      0.0000      3.9900 0.0000 SNPS_CLOCK_GATE_HIGH_tinytpu_isa_gmem0_m_axi_CONSERVATIVE1_NUM_READ_OUTSTANDING16_NUM_WRITE_OUTSTANDING16_MAX_READ_BURST_LENGTH16_MAX_WRITE_BURST_LENGTH16_C_M_AXI_ID_WIDTH1_C_M_AXI_ADDR_WIDTH64_C_M_AXI_DATA_WIDTH512_C_M_AXI_AWUSER_WIDTH1_C_M_AXI_ARUSER_WIDTH1_C_M_AXI_WUSER_WIDTH1_C_M_AXI_RUSER_WIDTH1_C_M_AXI_BUSER_WIDTH1_C_USER_VALUE0_C_PROT_VALUE0_C_CACHE_VALUE3_USER_DW512_USER_AW64_USER_MAXREQS7_USER_RFIFONUM_WIDTH9_6
gmem0_m_axi_U/clk_gate_bus_read_rreq_burst_conv_could_multi_bursts_addr_step_reg       3.9900     0.0      0.0000      3.9900 0.0000 SNPS_CLOCK_GATE_HIGH_tinytpu_isa_gmem0_m_axi_CONSERVATIVE1_NUM_READ_OUTSTANDING16_NUM_WRITE_OUTSTANDING16_MAX_READ_BURST_LENGTH16_MAX_WRITE_BURST_LENGTH16_C_M_AXI_ID_WIDTH1_C_M_AXI_ADDR_WIDTH64_C_M_AXI_DATA_WIDTH512_C_M_AXI_AWUSER_WIDTH1_C_M_AXI_ARUSER_WIDTH1_C_M_AXI_WUSER_WIDTH1_C_M_AXI_RUSER_WIDTH1_C_M_AXI_BUSER_WIDTH1_C_USER_VALUE0_C_PROT_VALUE0_C_CACHE_VALUE3_USER_DW512_USER_AW64_USER_MAXREQS7_USER_RFIFONUM_WIDTH9_22
gmem0_m_axi_U/clk_gate_bus_read_rreq_burst_conv_could_multi_bursts_last_loop_reg       3.9900     0.0      0.0000      3.9900 0.0000 SNPS_CLOCK_GATE_HIGH_tinytpu_isa_gmem0_m_axi_CONSERVATIVE1_NUM_READ_OUTSTANDING16_NUM_WRITE_OUTSTANDING16_MAX_READ_BURST_LENGTH16_MAX_WRITE_BURST_LENGTH16_C_M_AXI_ID_WIDTH1_C_M_AXI_ADDR_WIDTH64_C_M_AXI_DATA_WIDTH512_C_M_AXI_AWUSER_WIDTH1_C_M_AXI_ARUSER_WIDTH1_C_M_AXI_WUSER_WIDTH1_C_M_AXI_RUSER_WIDTH1_C_M_AXI_BUSER_WIDTH1_C_USER_VALUE0_C_PROT_VALUE0_C_CACHE_VALUE3_USER_DW512_USER_AW64_USER_MAXREQS7_USER_RFIFONUM_WIDTH9_21
gmem0_m_axi_U/clk_gate_bus_read_rreq_burst_conv_end_from_4k_reg       3.9900     0.0      0.0000      3.9900 0.0000 SNPS_CLOCK_GATE_HIGH_tinytpu_isa_gmem0_m_axi_CONSERVATIVE1_NUM_READ_OUTSTANDING16_NUM_WRITE_OUTSTANDING16_MAX_READ_BURST_LENGTH16_MAX_WRITE_BURST_LENGTH16_C_M_AXI_ID_WIDTH1_C_M_AXI_ADDR_WIDTH64_C_M_AXI_DATA_WIDTH512_C_M_AXI_AWUSER_WIDTH1_C_M_AXI_ARUSER_WIDTH1_C_M_AXI_WUSER_WIDTH1_C_M_AXI_RUSER_WIDTH1_C_M_AXI_BUSER_WIDTH1_C_USER_VALUE0_C_PROT_VALUE0_C_CACHE_VALUE3_USER_DW512_USER_AW64_USER_MAXREQS7_USER_RFIFONUM_WIDTH9_18
gmem0_m_axi_U/clk_gate_bus_read_rreq_burst_conv_last_sect_buf_reg       3.9900     0.0      0.0000      3.9900 0.0000 SNPS_CLOCK_GATE_HIGH_tinytpu_isa_gmem0_m_axi_CONSERVATIVE1_NUM_READ_OUTSTANDING16_NUM_WRITE_OUTSTANDING16_MAX_READ_BURST_LENGTH16_MAX_WRITE_BURST_LENGTH16_C_M_AXI_ID_WIDTH1_C_M_AXI_ADDR_WIDTH64_C_M_AXI_DATA_WIDTH512_C_M_AXI_AWUSER_WIDTH1_C_M_AXI_ARUSER_WIDTH1_C_M_AXI_WUSER_WIDTH1_C_M_AXI_RUSER_WIDTH1_C_M_AXI_BUSER_WIDTH1_C_USER_VALUE0_C_PROT_VALUE0_C_CACHE_VALUE3_USER_DW512_USER_AW64_USER_MAXREQS7_USER_RFIFONUM_WIDTH9_20
gmem0_m_axi_U/clk_gate_bus_read_rreq_burst_conv_last_sect_reg       3.9900     0.0      0.0000      3.9900 0.0000 SNPS_CLOCK_GATE_HIGH_tinytpu_isa_gmem0_m_axi_CONSERVATIVE1_NUM_READ_OUTSTANDING16_NUM_WRITE_OUTSTANDING16_MAX_READ_BURST_LENGTH16_MAX_WRITE_BURST_LENGTH16_C_M_AXI_ID_WIDTH1_C_M_AXI_ADDR_WIDTH64_C_M_AXI_DATA_WIDTH512_C_M_AXI_AWUSER_WIDTH1_C_M_AXI_ARUSER_WIDTH1_C_M_AXI_WUSER_WIDTH1_C_M_AXI_RUSER_WIDTH1_C_M_AXI_BUSER_WIDTH1_C_USER_VALUE0_C_PROT_VALUE0_C_CACHE_VALUE3_USER_DW512_USER_AW64_USER_MAXREQS7_USER_RFIFONUM_WIDTH9_19
gmem0_m_axi_U/clk_gate_bus_read_rreq_burst_conv_rs_req_data_p1_reg       3.9900     0.0      0.0000      3.9900 0.0000 SNPS_CLOCK_GATE_HIGH_tinytpu_isa_gmem0_m_axi_CONSERVATIVE1_NUM_READ_OUTSTANDING16_NUM_WRITE_OUTSTANDING16_MAX_READ_BURST_LENGTH16_MAX_WRITE_BURST_LENGTH16_C_M_AXI_ID_WIDTH1_C_M_AXI_ADDR_WIDTH64_C_M_AXI_DATA_WIDTH512_C_M_AXI_AWUSER_WIDTH1_C_M_AXI_ARUSER_WIDTH1_C_M_AXI_WUSER_WIDTH1_C_M_AXI_RUSER_WIDTH1_C_M_AXI_BUSER_WIDTH1_C_USER_VALUE0_C_PROT_VALUE0_C_CACHE_VALUE3_USER_DW512_USER_AW64_USER_MAXREQS7_USER_RFIFONUM_WIDTH9_14
gmem0_m_axi_U/clk_gate_bus_read_rreq_burst_conv_rs_req_data_p2_reg       3.9900     0.0      0.0000      3.9900 0.0000 SNPS_CLOCK_GATE_HIGH_tinytpu_isa_gmem0_m_axi_CONSERVATIVE1_NUM_READ_OUTSTANDING16_NUM_WRITE_OUTSTANDING16_MAX_READ_BURST_LENGTH16_MAX_WRITE_BURST_LENGTH16_C_M_AXI_ID_WIDTH1_C_M_AXI_ADDR_WIDTH64_C_M_AXI_DATA_WIDTH512_C_M_AXI_AWUSER_WIDTH1_C_M_AXI_ARUSER_WIDTH1_C_M_AXI_WUSER_WIDTH1_C_M_AXI_RUSER_WIDTH1_C_M_AXI_BUSER_WIDTH1_C_USER_VALUE0_C_PROT_VALUE0_C_CACHE_VALUE3_USER_DW512_USER_AW64_USER_MAXREQS7_USER_RFIFONUM_WIDTH9_15
gmem0_m_axi_U/clk_gate_bus_read_rs_rdata_data_p1_reg       3.9900     0.0      0.0000      3.9900 0.0000 SNPS_CLOCK_GATE_HIGH_tinytpu_isa_gmem0_m_axi_CONSERVATIVE1_NUM_READ_OUTSTANDING16_NUM_WRITE_OUTSTANDING16_MAX_READ_BURST_LENGTH16_MAX_WRITE_BURST_LENGTH16_C_M_AXI_ID_WIDTH1_C_M_AXI_ADDR_WIDTH64_C_M_AXI_DATA_WIDTH512_C_M_AXI_AWUSER_WIDTH1_C_M_AXI_ARUSER_WIDTH1_C_M_AXI_WUSER_WIDTH1_C_M_AXI_RUSER_WIDTH1_C_M_AXI_BUSER_WIDTH1_C_USER_VALUE0_C_PROT_VALUE0_C_CACHE_VALUE3_USER_DW512_USER_AW64_USER_MAXREQS7_USER_RFIFONUM_WIDTH9_12
gmem0_m_axi_U/clk_gate_bus_read_rs_rdata_data_p2_reg       3.9900     0.0      0.0000      3.9900 0.0000 SNPS_CLOCK_GATE_HIGH_tinytpu_isa_gmem0_m_axi_CONSERVATIVE1_NUM_READ_OUTSTANDING16_NUM_WRITE_OUTSTANDING16_MAX_READ_BURST_LENGTH16_MAX_WRITE_BURST_LENGTH16_C_M_AXI_ID_WIDTH1_C_M_AXI_ADDR_WIDTH64_C_M_AXI_DATA_WIDTH512_C_M_AXI_AWUSER_WIDTH1_C_M_AXI_ARUSER_WIDTH1_C_M_AXI_WUSER_WIDTH1_C_M_AXI_RUSER_WIDTH1_C_M_AXI_BUSER_WIDTH1_C_USER_VALUE0_C_PROT_VALUE0_C_CACHE_VALUE3_USER_DW512_USER_AW64_USER_MAXREQS7_USER_RFIFONUM_WIDTH9_13
gmem0_m_axi_U/clk_gate_load_unit_buff_rdata_empty_n_reg       3.9900     0.0      0.0000      3.9900 0.0000 SNPS_CLOCK_GATE_HIGH_tinytpu_isa_gmem0_m_axi_CONSERVATIVE1_NUM_READ_OUTSTANDING16_NUM_WRITE_OUTSTANDING16_MAX_READ_BURST_LENGTH16_MAX_WRITE_BURST_LENGTH16_C_M_AXI_ID_WIDTH1_C_M_AXI_ADDR_WIDTH64_C_M_AXI_DATA_WIDTH512_C_M_AXI_AWUSER_WIDTH1_C_M_AXI_ARUSER_WIDTH1_C_M_AXI_WUSER_WIDTH1_C_M_AXI_RUSER_WIDTH1_C_M_AXI_BUSER_WIDTH1_C_USER_VALUE0_C_PROT_VALUE0_C_CACHE_VALUE3_USER_DW512_USER_AW64_USER_MAXREQS7_USER_RFIFONUM_WIDTH9_301
gmem0_m_axi_U/clk_gate_load_unit_buff_rdata_genblk1_U_fifo_mem_dout_reg       3.9900     0.0      0.0000      3.9900 0.0000 SNPS_CLOCK_GATE_HIGH_tinytpu_isa_gmem0_m_axi_CONSERVATIVE1_NUM_READ_OUTSTANDING16_NUM_WRITE_OUTSTANDING16_MAX_READ_BURST_LENGTH16_MAX_WRITE_BURST_LENGTH16_C_M_AXI_ID_WIDTH1_C_M_AXI_ADDR_WIDTH64_C_M_AXI_DATA_WIDTH512_C_M_AXI_AWUSER_WIDTH1_C_M_AXI_ARUSER_WIDTH1_C_M_AXI_WUSER_WIDTH1_C_M_AXI_RUSER_WIDTH1_C_M_AXI_BUSER_WIDTH1_C_USER_VALUE0_C_PROT_VALUE0_C_CACHE_VALUE3_USER_DW512_USER_AW64_USER_MAXREQS7_USER_RFIFONUM_WIDTH9_299
gmem0_m_axi_U/clk_gate_load_unit_buff_rdata_genblk1_U_fifo_mem_mem_reg_0_       3.9900     0.0      0.0000      3.9900 0.0000 SNPS_CLOCK_GATE_HIGH_tinytpu_isa_gmem0_m_axi_CONSERVATIVE1_NUM_READ_OUTSTANDING16_NUM_WRITE_OUTSTANDING16_MAX_READ_BURST_LENGTH16_MAX_WRITE_BURST_LENGTH16_C_M_AXI_ID_WIDTH1_C_M_AXI_ADDR_WIDTH64_C_M_AXI_DATA_WIDTH512_C_M_AXI_AWUSER_WIDTH1_C_M_AXI_ARUSER_WIDTH1_C_M_AXI_WUSER_WIDTH1_C_M_AXI_RUSER_WIDTH1_C_M_AXI_BUSER_WIDTH1_C_USER_VALUE0_C_PROT_VALUE0_C_CACHE_VALUE3_USER_DW512_USER_AW64_USER_MAXREQS7_USER_RFIFONUM_WIDTH9_44
gmem0_m_axi_U/clk_gate_load_unit_buff_rdata_genblk1_U_fifo_mem_mem_reg_100_       3.9900     0.0      0.0000      3.9900 0.0000 SNPS_CLOCK_GATE_HIGH_tinytpu_isa_gmem0_m_axi_CONSERVATIVE1_NUM_READ_OUTSTANDING16_NUM_WRITE_OUTSTANDING16_MAX_READ_BURST_LENGTH16_MAX_WRITE_BURST_LENGTH16_C_M_AXI_ID_WIDTH1_C_M_AXI_ADDR_WIDTH64_C_M_AXI_DATA_WIDTH512_C_M_AXI_AWUSER_WIDTH1_C_M_AXI_ARUSER_WIDTH1_C_M_AXI_WUSER_WIDTH1_C_M_AXI_RUSER_WIDTH1_C_M_AXI_BUSER_WIDTH1_C_USER_VALUE0_C_PROT_VALUE0_C_CACHE_VALUE3_USER_DW512_USER_AW64_USER_MAXREQS7_USER_RFIFONUM_WIDTH9_144
gmem0_m_axi_U/clk_gate_load_unit_buff_rdata_genblk1_U_fifo_mem_mem_reg_101_       3.9900     0.0      0.0000      3.9900 0.0000 SNPS_CLOCK_GATE_HIGH_tinytpu_isa_gmem0_m_axi_CONSERVATIVE1_NUM_READ_OUTSTANDING16_NUM_WRITE_OUTSTANDING16_MAX_READ_BURST_LENGTH16_MAX_WRITE_BURST_LENGTH16_C_M_AXI_ID_WIDTH1_C_M_AXI_ADDR_WIDTH64_C_M_AXI_DATA_WIDTH512_C_M_AXI_AWUSER_WIDTH1_C_M_AXI_ARUSER_WIDTH1_C_M_AXI_WUSER_WIDTH1_C_M_AXI_RUSER_WIDTH1_C_M_AXI_BUSER_WIDTH1_C_USER_VALUE0_C_PROT_VALUE0_C_CACHE_VALUE3_USER_DW512_USER_AW64_USER_MAXREQS7_USER_RFIFONUM_WIDTH9_145
gmem0_m_axi_U/clk_gate_load_unit_buff_rdata_genblk1_U_fifo_mem_mem_reg_102_       3.9900     0.0      0.0000      3.9900 0.0000 SNPS_CLOCK_GATE_HIGH_tinytpu_isa_gmem0_m_axi_CONSERVATIVE1_NUM_READ_OUTSTANDING16_NUM_WRITE_OUTSTANDING16_MAX_READ_BURST_LENGTH16_MAX_WRITE_BURST_LENGTH16_C_M_AXI_ID_WIDTH1_C_M_AXI_ADDR_WIDTH64_C_M_AXI_DATA_WIDTH512_C_M_AXI_AWUSER_WIDTH1_C_M_AXI_ARUSER_WIDTH1_C_M_AXI_WUSER_WIDTH1_C_M_AXI_RUSER_WIDTH1_C_M_AXI_BUSER_WIDTH1_C_USER_VALUE0_C_PROT_VALUE0_C_CACHE_VALUE3_USER_DW512_USER_AW64_USER_MAXREQS7_USER_RFIFONUM_WIDTH9_146
gmem0_m_axi_U/clk_gate_load_unit_buff_rdata_genblk1_U_fifo_mem_mem_reg_103_       3.9900     0.0      0.0000      3.9900 0.0000 SNPS_CLOCK_GATE_HIGH_tinytpu_isa_gmem0_m_axi_CONSERVATIVE1_NUM_READ_OUTSTANDING16_NUM_WRITE_OUTSTANDING16_MAX_READ_BURST_LENGTH16_MAX_WRITE_BURST_LENGTH16_C_M_AXI_ID_WIDTH1_C_M_AXI_ADDR_WIDTH64_C_M_AXI_DATA_WIDTH512_C_M_AXI_AWUSER_WIDTH1_C_M_AXI_ARUSER_WIDTH1_C_M_AXI_WUSER_WIDTH1_C_M_AXI_RUSER_WIDTH1_C_M_AXI_BUSER_WIDTH1_C_USER_VALUE0_C_PROT_VALUE0_C_CACHE_VALUE3_USER_DW512_USER_AW64_USER_MAXREQS7_USER_RFIFONUM_WIDTH9_147
gmem0_m_axi_U/clk_gate_load_unit_buff_rdata_genblk1_U_fifo_mem_mem_reg_104_       3.9900     0.0      0.0000      3.9900 0.0000 SNPS_CLOCK_GATE_HIGH_tinytpu_isa_gmem0_m_axi_CONSERVATIVE1_NUM_READ_OUTSTANDING16_NUM_WRITE_OUTSTANDING16_MAX_READ_BURST_LENGTH16_MAX_WRITE_BURST_LENGTH16_C_M_AXI_ID_WIDTH1_C_M_AXI_ADDR_WIDTH64_C_M_AXI_DATA_WIDTH512_C_M_AXI_AWUSER_WIDTH1_C_M_AXI_ARUSER_WIDTH1_C_M_AXI_WUSER_WIDTH1_C_M_AXI_RUSER_WIDTH1_C_M_AXI_BUSER_WIDTH1_C_USER_VALUE0_C_PROT_VALUE0_C_CACHE_VALUE3_USER_DW512_USER_AW64_USER_MAXREQS7_USER_RFIFONUM_WIDTH9_148
gmem0_m_axi_U/clk_gate_load_unit_buff_rdata_genblk1_U_fifo_mem_mem_reg_105_       3.9900     0.0      0.0000      3.9900 0.0000 SNPS_CLOCK_GATE_HIGH_tinytpu_isa_gmem0_m_axi_CONSERVATIVE1_NUM_READ_OUTSTANDING16_NUM_WRITE_OUTSTANDING16_MAX_READ_BURST_LENGTH16_MAX_WRITE_BURST_LENGTH16_C_M_AXI_ID_WIDTH1_C_M_AXI_ADDR_WIDTH64_C_M_AXI_DATA_WIDTH512_C_M_AXI_AWUSER_WIDTH1_C_M_AXI_ARUSER_WIDTH1_C_M_AXI_WUSER_WIDTH1_C_M_AXI_RUSER_WIDTH1_C_M_AXI_BUSER_WIDTH1_C_USER_VALUE0_C_PROT_VALUE0_C_CACHE_VALUE3_USER_DW512_USER_AW64_USER_MAXREQS7_USER_RFIFONUM_WIDTH9_149
gmem0_m_axi_U/clk_gate_load_unit_buff_rdata_genblk1_U_fifo_mem_mem_reg_106_       3.9900     0.0      0.0000      3.9900 0.0000 SNPS_CLOCK_GATE_HIGH_tinytpu_isa_gmem0_m_axi_CONSERVATIVE1_NUM_READ_OUTSTANDING16_NUM_WRITE_OUTSTANDING16_MAX_READ_BURST_LENGTH16_MAX_WRITE_BURST_LENGTH16_C_M_AXI_ID_WIDTH1_C_M_AXI_ADDR_WIDTH64_C_M_AXI_DATA_WIDTH512_C_M_AXI_AWUSER_WIDTH1_C_M_AXI_ARUSER_WIDTH1_C_M_AXI_WUSER_WIDTH1_C_M_AXI_RUSER_WIDTH1_C_M_AXI_BUSER_WIDTH1_C_USER_VALUE0_C_PROT_VALUE0_C_CACHE_VALUE3_USER_DW512_USER_AW64_USER_MAXREQS7_USER_RFIFONUM_WIDTH9_150
gmem0_m_axi_U/clk_gate_load_unit_buff_rdata_genblk1_U_fifo_mem_mem_reg_107_       3.9900     0.0      0.0000      3.9900 0.0000 SNPS_CLOCK_GATE_HIGH_tinytpu_isa_gmem0_m_axi_CONSERVATIVE1_NUM_READ_OUTSTANDING16_NUM_WRITE_OUTSTANDING16_MAX_READ_BURST_LENGTH16_MAX_WRITE_BURST_LENGTH16_C_M_AXI_ID_WIDTH1_C_M_AXI_ADDR_WIDTH64_C_M_AXI_DATA_WIDTH512_C_M_AXI_AWUSER_WIDTH1_C_M_AXI_ARUSER_WIDTH1_C_M_AXI_WUSER_WIDTH1_C_M_AXI_RUSER_WIDTH1_C_M_AXI_BUSER_WIDTH1_C_USER_VALUE0_C_PROT_VALUE0_C_CACHE_VALUE3_USER_DW512_USER_AW64_USER_MAXREQS7_USER_RFIFONUM_WIDTH9_151
gmem0_m_axi_U/clk_gate_load_unit_buff_rdata_genblk1_U_fifo_mem_mem_reg_108_       3.9900     0.0      0.0000      3.9900 0.0000 SNPS_CLOCK_GATE_HIGH_tinytpu_isa_gmem0_m_axi_CONSERVATIVE1_NUM_READ_OUTSTANDING16_NUM_WRITE_OUTSTANDING16_MAX_READ_BURST_LENGTH16_MAX_WRITE_BURST_LENGTH16_C_M_AXI_ID_WIDTH1_C_M_AXI_ADDR_WIDTH64_C_M_AXI_DATA_WIDTH512_C_M_AXI_AWUSER_WIDTH1_C_M_AXI_ARUSER_WIDTH1_C_M_AXI_WUSER_WIDTH1_C_M_AXI_RUSER_WIDTH1_C_M_AXI_BUSER_WIDTH1_C_USER_VALUE0_C_PROT_VALUE0_C_CACHE_VALUE3_USER_DW512_USER_AW64_USER_MAXREQS7_USER_RFIFONUM_WIDTH9_152
gmem0_m_axi_U/clk_gate_load_unit_buff_rdata_genblk1_U_fifo_mem_mem_reg_109_       3.9900     0.0      0.0000      3.9900 0.0000 SNPS_CLOCK_GATE_HIGH_tinytpu_isa_gmem0_m_axi_CONSERVATIVE1_NUM_READ_OUTSTANDING16_NUM_WRITE_OUTSTANDING16_MAX_READ_BURST_LENGTH16_MAX_WRITE_BURST_LENGTH16_C_M_AXI_ID_WIDTH1_C_M_AXI_ADDR_WIDTH64_C_M_AXI_DATA_WIDTH512_C_M_AXI_AWUSER_WIDTH1_C_M_AXI_ARUSER_WIDTH1_C_M_AXI_WUSER_WIDTH1_C_M_AXI_RUSER_WIDTH1_C_M_AXI_BUSER_WIDTH1_C_USER_VALUE0_C_PROT_VALUE0_C_CACHE_VALUE3_USER_DW512_USER_AW64_USER_MAXREQS7_USER_RFIFONUM_WIDTH9_153
gmem0_m_axi_U/clk_gate_load_unit_buff_rdata_genblk1_U_fifo_mem_mem_reg_10_       3.9900     0.0      0.0000      3.9900 0.0000 SNPS_CLOCK_GATE_HIGH_tinytpu_isa_gmem0_m_axi_CONSERVATIVE1_NUM_READ_OUTSTANDING16_NUM_WRITE_OUTSTANDING16_MAX_READ_BURST_LENGTH16_MAX_WRITE_BURST_LENGTH16_C_M_AXI_ID_WIDTH1_C_M_AXI_ADDR_WIDTH64_C_M_AXI_DATA_WIDTH512_C_M_AXI_AWUSER_WIDTH1_C_M_AXI_ARUSER_WIDTH1_C_M_AXI_WUSER_WIDTH1_C_M_AXI_RUSER_WIDTH1_C_M_AXI_BUSER_WIDTH1_C_USER_VALUE0_C_PROT_VALUE0_C_CACHE_VALUE3_USER_DW512_USER_AW64_USER_MAXREQS7_USER_RFIFONUM_WIDTH9_54
gmem0_m_axi_U/clk_gate_load_unit_buff_rdata_genblk1_U_fifo_mem_mem_reg_110_       3.9900     0.0      0.0000      3.9900 0.0000 SNPS_CLOCK_GATE_HIGH_tinytpu_isa_gmem0_m_axi_CONSERVATIVE1_NUM_READ_OUTSTANDING16_NUM_WRITE_OUTSTANDING16_MAX_READ_BURST_LENGTH16_MAX_WRITE_BURST_LENGTH16_C_M_AXI_ID_WIDTH1_C_M_AXI_ADDR_WIDTH64_C_M_AXI_DATA_WIDTH512_C_M_AXI_AWUSER_WIDTH1_C_M_AXI_ARUSER_WIDTH1_C_M_AXI_WUSER_WIDTH1_C_M_AXI_RUSER_WIDTH1_C_M_AXI_BUSER_WIDTH1_C_USER_VALUE0_C_PROT_VALUE0_C_CACHE_VALUE3_USER_DW512_USER_AW64_USER_MAXREQS7_USER_RFIFONUM_WIDTH9_154
gmem0_m_axi_U/clk_gate_load_unit_buff_rdata_genblk1_U_fifo_mem_mem_reg_111_       3.9900     0.0      0.0000      3.9900 0.0000 SNPS_CLOCK_GATE_HIGH_tinytpu_isa_gmem0_m_axi_CONSERVATIVE1_NUM_READ_OUTSTANDING16_NUM_WRITE_OUTSTANDING16_MAX_READ_BURST_LENGTH16_MAX_WRITE_BURST_LENGTH16_C_M_AXI_ID_WIDTH1_C_M_AXI_ADDR_WIDTH64_C_M_AXI_DATA_WIDTH512_C_M_AXI_AWUSER_WIDTH1_C_M_AXI_ARUSER_WIDTH1_C_M_AXI_WUSER_WIDTH1_C_M_AXI_RUSER_WIDTH1_C_M_AXI_BUSER_WIDTH1_C_USER_VALUE0_C_PROT_VALUE0_C_CACHE_VALUE3_USER_DW512_USER_AW64_USER_MAXREQS7_USER_RFIFONUM_WIDTH9_155
gmem0_m_axi_U/clk_gate_load_unit_buff_rdata_genblk1_U_fifo_mem_mem_reg_112_       3.9900     0.0      0.0000      3.9900 0.0000 SNPS_CLOCK_GATE_HIGH_tinytpu_isa_gmem0_m_axi_CONSERVATIVE1_NUM_READ_OUTSTANDING16_NUM_WRITE_OUTSTANDING16_MAX_READ_BURST_LENGTH16_MAX_WRITE_BURST_LENGTH16_C_M_AXI_ID_WIDTH1_C_M_AXI_ADDR_WIDTH64_C_M_AXI_DATA_WIDTH512_C_M_AXI_AWUSER_WIDTH1_C_M_AXI_ARUSER_WIDTH1_C_M_AXI_WUSER_WIDTH1_C_M_AXI_RUSER_WIDTH1_C_M_AXI_BUSER_WIDTH1_C_USER_VALUE0_C_PROT_VALUE0_C_CACHE_VALUE3_USER_DW512_USER_AW64_USER_MAXREQS7_USER_RFIFONUM_WIDTH9_156
gmem0_m_axi_U/clk_gate_load_unit_buff_rdata_genblk1_U_fifo_mem_mem_reg_113_       3.9900     0.0      0.0000      3.9900 0.0000 SNPS_CLOCK_GATE_HIGH_tinytpu_isa_gmem0_m_axi_CONSERVATIVE1_NUM_READ_OUTSTANDING16_NUM_WRITE_OUTSTANDING16_MAX_READ_BURST_LENGTH16_MAX_WRITE_BURST_LENGTH16_C_M_AXI_ID_WIDTH1_C_M_AXI_ADDR_WIDTH64_C_M_AXI_DATA_WIDTH512_C_M_AXI_AWUSER_WIDTH1_C_M_AXI_ARUSER_WIDTH1_C_M_AXI_WUSER_WIDTH1_C_M_AXI_RUSER_WIDTH1_C_M_AXI_BUSER_WIDTH1_C_USER_VALUE0_C_PROT_VALUE0_C_CACHE_VALUE3_USER_DW512_USER_AW64_USER_MAXREQS7_USER_RFIFONUM_WIDTH9_157
gmem0_m_axi_U/clk_gate_load_unit_buff_rdata_genblk1_U_fifo_mem_mem_reg_114_       3.9900     0.0      0.0000      3.9900 0.0000 SNPS_CLOCK_GATE_HIGH_tinytpu_isa_gmem0_m_axi_CONSERVATIVE1_NUM_READ_OUTSTANDING16_NUM_WRITE_OUTSTANDING16_MAX_READ_BURST_LENGTH16_MAX_WRITE_BURST_LENGTH16_C_M_AXI_ID_WIDTH1_C_M_AXI_ADDR_WIDTH64_C_M_AXI_DATA_WIDTH512_C_M_AXI_AWUSER_WIDTH1_C_M_AXI_ARUSER_WIDTH1_C_M_AXI_WUSER_WIDTH1_C_M_AXI_RUSER_WIDTH1_C_M_AXI_BUSER_WIDTH1_C_USER_VALUE0_C_PROT_VALUE0_C_CACHE_VALUE3_USER_DW512_USER_AW64_USER_MAXREQS7_USER_RFIFONUM_WIDTH9_158
gmem0_m_axi_U/clk_gate_load_unit_buff_rdata_genblk1_U_fifo_mem_mem_reg_115_       3.9900     0.0      0.0000      3.9900 0.0000 SNPS_CLOCK_GATE_HIGH_tinytpu_isa_gmem0_m_axi_CONSERVATIVE1_NUM_READ_OUTSTANDING16_NUM_WRITE_OUTSTANDING16_MAX_READ_BURST_LENGTH16_MAX_WRITE_BURST_LENGTH16_C_M_AXI_ID_WIDTH1_C_M_AXI_ADDR_WIDTH64_C_M_AXI_DATA_WIDTH512_C_M_AXI_AWUSER_WIDTH1_C_M_AXI_ARUSER_WIDTH1_C_M_AXI_WUSER_WIDTH1_C_M_AXI_RUSER_WIDTH1_C_M_AXI_BUSER_WIDTH1_C_USER_VALUE0_C_PROT_VALUE0_C_CACHE_VALUE3_USER_DW512_USER_AW64_USER_MAXREQS7_USER_RFIFONUM_WIDTH9_159
gmem0_m_axi_U/clk_gate_load_unit_buff_rdata_genblk1_U_fifo_mem_mem_reg_116_       3.9900     0.0      0.0000      3.9900 0.0000 SNPS_CLOCK_GATE_HIGH_tinytpu_isa_gmem0_m_axi_CONSERVATIVE1_NUM_READ_OUTSTANDING16_NUM_WRITE_OUTSTANDING16_MAX_READ_BURST_LENGTH16_MAX_WRITE_BURST_LENGTH16_C_M_AXI_ID_WIDTH1_C_M_AXI_ADDR_WIDTH64_C_M_AXI_DATA_WIDTH512_C_M_AXI_AWUSER_WIDTH1_C_M_AXI_ARUSER_WIDTH1_C_M_AXI_WUSER_WIDTH1_C_M_AXI_RUSER_WIDTH1_C_M_AXI_BUSER_WIDTH1_C_USER_VALUE0_C_PROT_VALUE0_C_CACHE_VALUE3_USER_DW512_USER_AW64_USER_MAXREQS7_USER_RFIFONUM_WIDTH9_160
gmem0_m_axi_U/clk_gate_load_unit_buff_rdata_genblk1_U_fifo_mem_mem_reg_117_       3.9900     0.0      0.0000      3.9900 0.0000 SNPS_CLOCK_GATE_HIGH_tinytpu_isa_gmem0_m_axi_CONSERVATIVE1_NUM_READ_OUTSTANDING16_NUM_WRITE_OUTSTANDING16_MAX_READ_BURST_LENGTH16_MAX_WRITE_BURST_LENGTH16_C_M_AXI_ID_WIDTH1_C_M_AXI_ADDR_WIDTH64_C_M_AXI_DATA_WIDTH512_C_M_AXI_AWUSER_WIDTH1_C_M_AXI_ARUSER_WIDTH1_C_M_AXI_WUSER_WIDTH1_C_M_AXI_RUSER_WIDTH1_C_M_AXI_BUSER_WIDTH1_C_USER_VALUE0_C_PROT_VALUE0_C_CACHE_VALUE3_USER_DW512_USER_AW64_USER_MAXREQS7_USER_RFIFONUM_WIDTH9_161
gmem0_m_axi_U/clk_gate_load_unit_buff_rdata_genblk1_U_fifo_mem_mem_reg_118_       3.9900     0.0      0.0000      3.9900 0.0000 SNPS_CLOCK_GATE_HIGH_tinytpu_isa_gmem0_m_axi_CONSERVATIVE1_NUM_READ_OUTSTANDING16_NUM_WRITE_OUTSTANDING16_MAX_READ_BURST_LENGTH16_MAX_WRITE_BURST_LENGTH16_C_M_AXI_ID_WIDTH1_C_M_AXI_ADDR_WIDTH64_C_M_AXI_DATA_WIDTH512_C_M_AXI_AWUSER_WIDTH1_C_M_AXI_ARUSER_WIDTH1_C_M_AXI_WUSER_WIDTH1_C_M_AXI_RUSER_WIDTH1_C_M_AXI_BUSER_WIDTH1_C_USER_VALUE0_C_PROT_VALUE0_C_CACHE_VALUE3_USER_DW512_USER_AW64_USER_MAXREQS7_USER_RFIFONUM_WIDTH9_162
gmem0_m_axi_U/clk_gate_load_unit_buff_rdata_genblk1_U_fifo_mem_mem_reg_119_       3.9900     0.0      0.0000      3.9900 0.0000 SNPS_CLOCK_GATE_HIGH_tinytpu_isa_gmem0_m_axi_CONSERVATIVE1_NUM_READ_OUTSTANDING16_NUM_WRITE_OUTSTANDING16_MAX_READ_BURST_LENGTH16_MAX_WRITE_BURST_LENGTH16_C_M_AXI_ID_WIDTH1_C_M_AXI_ADDR_WIDTH64_C_M_AXI_DATA_WIDTH512_C_M_AXI_AWUSER_WIDTH1_C_M_AXI_ARUSER_WIDTH1_C_M_AXI_WUSER_WIDTH1_C_M_AXI_RUSER_WIDTH1_C_M_AXI_BUSER_WIDTH1_C_USER_VALUE0_C_PROT_VALUE0_C_CACHE_VALUE3_USER_DW512_USER_AW64_USER_MAXREQS7_USER_RFIFONUM_WIDTH9_163
gmem0_m_axi_U/clk_gate_load_unit_buff_rdata_genblk1_U_fifo_mem_mem_reg_11_       3.9900     0.0      0.0000      3.9900 0.0000 SNPS_CLOCK_GATE_HIGH_tinytpu_isa_gmem0_m_axi_CONSERVATIVE1_NUM_READ_OUTSTANDING16_NUM_WRITE_OUTSTANDING16_MAX_READ_BURST_LENGTH16_MAX_WRITE_BURST_LENGTH16_C_M_AXI_ID_WIDTH1_C_M_AXI_ADDR_WIDTH64_C_M_AXI_DATA_WIDTH512_C_M_AXI_AWUSER_WIDTH1_C_M_AXI_ARUSER_WIDTH1_C_M_AXI_WUSER_WIDTH1_C_M_AXI_RUSER_WIDTH1_C_M_AXI_BUSER_WIDTH1_C_USER_VALUE0_C_PROT_VALUE0_C_CACHE_VALUE3_USER_DW512_USER_AW64_USER_MAXREQS7_USER_RFIFONUM_WIDTH9_55
gmem0_m_axi_U/clk_gate_load_unit_buff_rdata_genblk1_U_fifo_mem_mem_reg_120_       3.9900     0.0      0.0000      3.9900 0.0000 SNPS_CLOCK_GATE_HIGH_tinytpu_isa_gmem0_m_axi_CONSERVATIVE1_NUM_READ_OUTSTANDING16_NUM_WRITE_OUTSTANDING16_MAX_READ_BURST_LENGTH16_MAX_WRITE_BURST_LENGTH16_C_M_AXI_ID_WIDTH1_C_M_AXI_ADDR_WIDTH64_C_M_AXI_DATA_WIDTH512_C_M_AXI_AWUSER_WIDTH1_C_M_AXI_ARUSER_WIDTH1_C_M_AXI_WUSER_WIDTH1_C_M_AXI_RUSER_WIDTH1_C_M_AXI_BUSER_WIDTH1_C_USER_VALUE0_C_PROT_VALUE0_C_CACHE_VALUE3_USER_DW512_USER_AW64_USER_MAXREQS7_USER_RFIFONUM_WIDTH9_164
gmem0_m_axi_U/clk_gate_load_unit_buff_rdata_genblk1_U_fifo_mem_mem_reg_121_       3.9900     0.0      0.0000      3.9900 0.0000 SNPS_CLOCK_GATE_HIGH_tinytpu_isa_gmem0_m_axi_CONSERVATIVE1_NUM_READ_OUTSTANDING16_NUM_WRITE_OUTSTANDING16_MAX_READ_BURST_LENGTH16_MAX_WRITE_BURST_LENGTH16_C_M_AXI_ID_WIDTH1_C_M_AXI_ADDR_WIDTH64_C_M_AXI_DATA_WIDTH512_C_M_AXI_AWUSER_WIDTH1_C_M_AXI_ARUSER_WIDTH1_C_M_AXI_WUSER_WIDTH1_C_M_AXI_RUSER_WIDTH1_C_M_AXI_BUSER_WIDTH1_C_USER_VALUE0_C_PROT_VALUE0_C_CACHE_VALUE3_USER_DW512_USER_AW64_USER_MAXREQS7_USER_RFIFONUM_WIDTH9_165
gmem0_m_axi_U/clk_gate_load_unit_buff_rdata_genblk1_U_fifo_mem_mem_reg_122_       3.9900     0.0      0.0000      3.9900 0.0000 SNPS_CLOCK_GATE_HIGH_tinytpu_isa_gmem0_m_axi_CONSERVATIVE1_NUM_READ_OUTSTANDING16_NUM_WRITE_OUTSTANDING16_MAX_READ_BURST_LENGTH16_MAX_WRITE_BURST_LENGTH16_C_M_AXI_ID_WIDTH1_C_M_AXI_ADDR_WIDTH64_C_M_AXI_DATA_WIDTH512_C_M_AXI_AWUSER_WIDTH1_C_M_AXI_ARUSER_WIDTH1_C_M_AXI_WUSER_WIDTH1_C_M_AXI_RUSER_WIDTH1_C_M_AXI_BUSER_WIDTH1_C_USER_VALUE0_C_PROT_VALUE0_C_CACHE_VALUE3_USER_DW512_USER_AW64_USER_MAXREQS7_USER_RFIFONUM_WIDTH9_166
gmem0_m_axi_U/clk_gate_load_unit_buff_rdata_genblk1_U_fifo_mem_mem_reg_123_       3.9900     0.0      0.0000      3.9900 0.0000 SNPS_CLOCK_GATE_HIGH_tinytpu_isa_gmem0_m_axi_CONSERVATIVE1_NUM_READ_OUTSTANDING16_NUM_WRITE_OUTSTANDING16_MAX_READ_BURST_LENGTH16_MAX_WRITE_BURST_LENGTH16_C_M_AXI_ID_WIDTH1_C_M_AXI_ADDR_WIDTH64_C_M_AXI_DATA_WIDTH512_C_M_AXI_AWUSER_WIDTH1_C_M_AXI_ARUSER_WIDTH1_C_M_AXI_WUSER_WIDTH1_C_M_AXI_RUSER_WIDTH1_C_M_AXI_BUSER_WIDTH1_C_USER_VALUE0_C_PROT_VALUE0_C_CACHE_VALUE3_USER_DW512_USER_AW64_USER_MAXREQS7_USER_RFIFONUM_WIDTH9_167
gmem0_m_axi_U/clk_gate_load_unit_buff_rdata_genblk1_U_fifo_mem_mem_reg_124_       3.9900     0.0      0.0000      3.9900 0.0000 SNPS_CLOCK_GATE_HIGH_tinytpu_isa_gmem0_m_axi_CONSERVATIVE1_NUM_READ_OUTSTANDING16_NUM_WRITE_OUTSTANDING16_MAX_READ_BURST_LENGTH16_MAX_WRITE_BURST_LENGTH16_C_M_AXI_ID_WIDTH1_C_M_AXI_ADDR_WIDTH64_C_M_AXI_DATA_WIDTH512_C_M_AXI_AWUSER_WIDTH1_C_M_AXI_ARUSER_WIDTH1_C_M_AXI_WUSER_WIDTH1_C_M_AXI_RUSER_WIDTH1_C_M_AXI_BUSER_WIDTH1_C_USER_VALUE0_C_PROT_VALUE0_C_CACHE_VALUE3_USER_DW512_USER_AW64_USER_MAXREQS7_USER_RFIFONUM_WIDTH9_168
gmem0_m_axi_U/clk_gate_load_unit_buff_rdata_genblk1_U_fifo_mem_mem_reg_125_       3.9900     0.0      0.0000      3.9900 0.0000 SNPS_CLOCK_GATE_HIGH_tinytpu_isa_gmem0_m_axi_CONSERVATIVE1_NUM_READ_OUTSTANDING16_NUM_WRITE_OUTSTANDING16_MAX_READ_BURST_LENGTH16_MAX_WRITE_BURST_LENGTH16_C_M_AXI_ID_WIDTH1_C_M_AXI_ADDR_WIDTH64_C_M_AXI_DATA_WIDTH512_C_M_AXI_AWUSER_WIDTH1_C_M_AXI_ARUSER_WIDTH1_C_M_AXI_WUSER_WIDTH1_C_M_AXI_RUSER_WIDTH1_C_M_AXI_BUSER_WIDTH1_C_USER_VALUE0_C_PROT_VALUE0_C_CACHE_VALUE3_USER_DW512_USER_AW64_USER_MAXREQS7_USER_RFIFONUM_WIDTH9_169
gmem0_m_axi_U/clk_gate_load_unit_buff_rdata_genblk1_U_fifo_mem_mem_reg_126_       3.9900     0.0      0.0000      3.9900 0.0000 SNPS_CLOCK_GATE_HIGH_tinytpu_isa_gmem0_m_axi_CONSERVATIVE1_NUM_READ_OUTSTANDING16_NUM_WRITE_OUTSTANDING16_MAX_READ_BURST_LENGTH16_MAX_WRITE_BURST_LENGTH16_C_M_AXI_ID_WIDTH1_C_M_AXI_ADDR_WIDTH64_C_M_AXI_DATA_WIDTH512_C_M_AXI_AWUSER_WIDTH1_C_M_AXI_ARUSER_WIDTH1_C_M_AXI_WUSER_WIDTH1_C_M_AXI_RUSER_WIDTH1_C_M_AXI_BUSER_WIDTH1_C_USER_VALUE0_C_PROT_VALUE0_C_CACHE_VALUE3_USER_DW512_USER_AW64_USER_MAXREQS7_USER_RFIFONUM_WIDTH9_170
gmem0_m_axi_U/clk_gate_load_unit_buff_rdata_genblk1_U_fifo_mem_mem_reg_127_       3.9900     0.0      0.0000      3.9900 0.0000 SNPS_CLOCK_GATE_HIGH_tinytpu_isa_gmem0_m_axi_CONSERVATIVE1_NUM_READ_OUTSTANDING16_NUM_WRITE_OUTSTANDING16_MAX_READ_BURST_LENGTH16_MAX_WRITE_BURST_LENGTH16_C_M_AXI_ID_WIDTH1_C_M_AXI_ADDR_WIDTH64_C_M_AXI_DATA_WIDTH512_C_M_AXI_AWUSER_WIDTH1_C_M_AXI_ARUSER_WIDTH1_C_M_AXI_WUSER_WIDTH1_C_M_AXI_RUSER_WIDTH1_C_M_AXI_BUSER_WIDTH1_C_USER_VALUE0_C_PROT_VALUE0_C_CACHE_VALUE3_USER_DW512_USER_AW64_USER_MAXREQS7_USER_RFIFONUM_WIDTH9_171
gmem0_m_axi_U/clk_gate_load_unit_buff_rdata_genblk1_U_fifo_mem_mem_reg_128_       3.9900     0.0      0.0000      3.9900 0.0000 SNPS_CLOCK_GATE_HIGH_tinytpu_isa_gmem0_m_axi_CONSERVATIVE1_NUM_READ_OUTSTANDING16_NUM_WRITE_OUTSTANDING16_MAX_READ_BURST_LENGTH16_MAX_WRITE_BURST_LENGTH16_C_M_AXI_ID_WIDTH1_C_M_AXI_ADDR_WIDTH64_C_M_AXI_DATA_WIDTH512_C_M_AXI_AWUSER_WIDTH1_C_M_AXI_ARUSER_WIDTH1_C_M_AXI_WUSER_WIDTH1_C_M_AXI_RUSER_WIDTH1_C_M_AXI_BUSER_WIDTH1_C_USER_VALUE0_C_PROT_VALUE0_C_CACHE_VALUE3_USER_DW512_USER_AW64_USER_MAXREQS7_USER_RFIFONUM_WIDTH9_172
gmem0_m_axi_U/clk_gate_load_unit_buff_rdata_genblk1_U_fifo_mem_mem_reg_129_       3.9900     0.0      0.0000      3.9900 0.0000 SNPS_CLOCK_GATE_HIGH_tinytpu_isa_gmem0_m_axi_CONSERVATIVE1_NUM_READ_OUTSTANDING16_NUM_WRITE_OUTSTANDING16_MAX_READ_BURST_LENGTH16_MAX_WRITE_BURST_LENGTH16_C_M_AXI_ID_WIDTH1_C_M_AXI_ADDR_WIDTH64_C_M_AXI_DATA_WIDTH512_C_M_AXI_AWUSER_WIDTH1_C_M_AXI_ARUSER_WIDTH1_C_M_AXI_WUSER_WIDTH1_C_M_AXI_RUSER_WIDTH1_C_M_AXI_BUSER_WIDTH1_C_USER_VALUE0_C_PROT_VALUE0_C_CACHE_VALUE3_USER_DW512_USER_AW64_USER_MAXREQS7_USER_RFIFONUM_WIDTH9_173
gmem0_m_axi_U/clk_gate_load_unit_buff_rdata_genblk1_U_fifo_mem_mem_reg_12_       3.9900     0.0      0.0000      3.9900 0.0000 SNPS_CLOCK_GATE_HIGH_tinytpu_isa_gmem0_m_axi_CONSERVATIVE1_NUM_READ_OUTSTANDING16_NUM_WRITE_OUTSTANDING16_MAX_READ_BURST_LENGTH16_MAX_WRITE_BURST_LENGTH16_C_M_AXI_ID_WIDTH1_C_M_AXI_ADDR_WIDTH64_C_M_AXI_DATA_WIDTH512_C_M_AXI_AWUSER_WIDTH1_C_M_AXI_ARUSER_WIDTH1_C_M_AXI_WUSER_WIDTH1_C_M_AXI_RUSER_WIDTH1_C_M_AXI_BUSER_WIDTH1_C_USER_VALUE0_C_PROT_VALUE0_C_CACHE_VALUE3_USER_DW512_USER_AW64_USER_MAXREQS7_USER_RFIFONUM_WIDTH9_56
gmem0_m_axi_U/clk_gate_load_unit_buff_rdata_genblk1_U_fifo_mem_mem_reg_130_       3.9900     0.0      0.0000      3.9900 0.0000 SNPS_CLOCK_GATE_HIGH_tinytpu_isa_gmem0_m_axi_CONSERVATIVE1_NUM_READ_OUTSTANDING16_NUM_WRITE_OUTSTANDING16_MAX_READ_BURST_LENGTH16_MAX_WRITE_BURST_LENGTH16_C_M_AXI_ID_WIDTH1_C_M_AXI_ADDR_WIDTH64_C_M_AXI_DATA_WIDTH512_C_M_AXI_AWUSER_WIDTH1_C_M_AXI_ARUSER_WIDTH1_C_M_AXI_WUSER_WIDTH1_C_M_AXI_RUSER_WIDTH1_C_M_AXI_BUSER_WIDTH1_C_USER_VALUE0_C_PROT_VALUE0_C_CACHE_VALUE3_USER_DW512_USER_AW64_USER_MAXREQS7_USER_RFIFONUM_WIDTH9_174
gmem0_m_axi_U/clk_gate_load_unit_buff_rdata_genblk1_U_fifo_mem_mem_reg_131_       3.9900     0.0      0.0000      3.9900 0.0000 SNPS_CLOCK_GATE_HIGH_tinytpu_isa_gmem0_m_axi_CONSERVATIVE1_NUM_READ_OUTSTANDING16_NUM_WRITE_OUTSTANDING16_MAX_READ_BURST_LENGTH16_MAX_WRITE_BURST_LENGTH16_C_M_AXI_ID_WIDTH1_C_M_AXI_ADDR_WIDTH64_C_M_AXI_DATA_WIDTH512_C_M_AXI_AWUSER_WIDTH1_C_M_AXI_ARUSER_WIDTH1_C_M_AXI_WUSER_WIDTH1_C_M_AXI_RUSER_WIDTH1_C_M_AXI_BUSER_WIDTH1_C_USER_VALUE0_C_PROT_VALUE0_C_CACHE_VALUE3_USER_DW512_USER_AW64_USER_MAXREQS7_USER_RFIFONUM_WIDTH9_175
gmem0_m_axi_U/clk_gate_load_unit_buff_rdata_genblk1_U_fifo_mem_mem_reg_132_       3.9900     0.0      0.0000      3.9900 0.0000 SNPS_CLOCK_GATE_HIGH_tinytpu_isa_gmem0_m_axi_CONSERVATIVE1_NUM_READ_OUTSTANDING16_NUM_WRITE_OUTSTANDING16_MAX_READ_BURST_LENGTH16_MAX_WRITE_BURST_LENGTH16_C_M_AXI_ID_WIDTH1_C_M_AXI_ADDR_WIDTH64_C_M_AXI_DATA_WIDTH512_C_M_AXI_AWUSER_WIDTH1_C_M_AXI_ARUSER_WIDTH1_C_M_AXI_WUSER_WIDTH1_C_M_AXI_RUSER_WIDTH1_C_M_AXI_BUSER_WIDTH1_C_USER_VALUE0_C_PROT_VALUE0_C_CACHE_VALUE3_USER_DW512_USER_AW64_USER_MAXREQS7_USER_RFIFONUM_WIDTH9_176
gmem0_m_axi_U/clk_gate_load_unit_buff_rdata_genblk1_U_fifo_mem_mem_reg_133_       3.9900     0.0      0.0000      3.9900 0.0000 SNPS_CLOCK_GATE_HIGH_tinytpu_isa_gmem0_m_axi_CONSERVATIVE1_NUM_READ_OUTSTANDING16_NUM_WRITE_OUTSTANDING16_MAX_READ_BURST_LENGTH16_MAX_WRITE_BURST_LENGTH16_C_M_AXI_ID_WIDTH1_C_M_AXI_ADDR_WIDTH64_C_M_AXI_DATA_WIDTH512_C_M_AXI_AWUSER_WIDTH1_C_M_AXI_ARUSER_WIDTH1_C_M_AXI_WUSER_WIDTH1_C_M_AXI_RUSER_WIDTH1_C_M_AXI_BUSER_WIDTH1_C_USER_VALUE0_C_PROT_VALUE0_C_CACHE_VALUE3_USER_DW512_USER_AW64_USER_MAXREQS7_USER_RFIFONUM_WIDTH9_177
gmem0_m_axi_U/clk_gate_load_unit_buff_rdata_genblk1_U_fifo_mem_mem_reg_134_       3.9900     0.0      0.0000      3.9900 0.0000 SNPS_CLOCK_GATE_HIGH_tinytpu_isa_gmem0_m_axi_CONSERVATIVE1_NUM_READ_OUTSTANDING16_NUM_WRITE_OUTSTANDING16_MAX_READ_BURST_LENGTH16_MAX_WRITE_BURST_LENGTH16_C_M_AXI_ID_WIDTH1_C_M_AXI_ADDR_WIDTH64_C_M_AXI_DATA_WIDTH512_C_M_AXI_AWUSER_WIDTH1_C_M_AXI_ARUSER_WIDTH1_C_M_AXI_WUSER_WIDTH1_C_M_AXI_RUSER_WIDTH1_C_M_AXI_BUSER_WIDTH1_C_USER_VALUE0_C_PROT_VALUE0_C_CACHE_VALUE3_USER_DW512_USER_AW64_USER_MAXREQS7_USER_RFIFONUM_WIDTH9_178
gmem0_m_axi_U/clk_gate_load_unit_buff_rdata_genblk1_U_fifo_mem_mem_reg_135_       3.9900     0.0      0.0000      3.9900 0.0000 SNPS_CLOCK_GATE_HIGH_tinytpu_isa_gmem0_m_axi_CONSERVATIVE1_NUM_READ_OUTSTANDING16_NUM_WRITE_OUTSTANDING16_MAX_READ_BURST_LENGTH16_MAX_WRITE_BURST_LENGTH16_C_M_AXI_ID_WIDTH1_C_M_AXI_ADDR_WIDTH64_C_M_AXI_DATA_WIDTH512_C_M_AXI_AWUSER_WIDTH1_C_M_AXI_ARUSER_WIDTH1_C_M_AXI_WUSER_WIDTH1_C_M_AXI_RUSER_WIDTH1_C_M_AXI_BUSER_WIDTH1_C_USER_VALUE0_C_PROT_VALUE0_C_CACHE_VALUE3_USER_DW512_USER_AW64_USER_MAXREQS7_USER_RFIFONUM_WIDTH9_179
gmem0_m_axi_U/clk_gate_load_unit_buff_rdata_genblk1_U_fifo_mem_mem_reg_136_       3.9900     0.0      0.0000      3.9900 0.0000 SNPS_CLOCK_GATE_HIGH_tinytpu_isa_gmem0_m_axi_CONSERVATIVE1_NUM_READ_OUTSTANDING16_NUM_WRITE_OUTSTANDING16_MAX_READ_BURST_LENGTH16_MAX_WRITE_BURST_LENGTH16_C_M_AXI_ID_WIDTH1_C_M_AXI_ADDR_WIDTH64_C_M_AXI_DATA_WIDTH512_C_M_AXI_AWUSER_WIDTH1_C_M_AXI_ARUSER_WIDTH1_C_M_AXI_WUSER_WIDTH1_C_M_AXI_RUSER_WIDTH1_C_M_AXI_BUSER_WIDTH1_C_USER_VALUE0_C_PROT_VALUE0_C_CACHE_VALUE3_USER_DW512_USER_AW64_USER_MAXREQS7_USER_RFIFONUM_WIDTH9_180
gmem0_m_axi_U/clk_gate_load_unit_buff_rdata_genblk1_U_fifo_mem_mem_reg_137_       3.9900     0.0      0.0000      3.9900 0.0000 SNPS_CLOCK_GATE_HIGH_tinytpu_isa_gmem0_m_axi_CONSERVATIVE1_NUM_READ_OUTSTANDING16_NUM_WRITE_OUTSTANDING16_MAX_READ_BURST_LENGTH16_MAX_WRITE_BURST_LENGTH16_C_M_AXI_ID_WIDTH1_C_M_AXI_ADDR_WIDTH64_C_M_AXI_DATA_WIDTH512_C_M_AXI_AWUSER_WIDTH1_C_M_AXI_ARUSER_WIDTH1_C_M_AXI_WUSER_WIDTH1_C_M_AXI_RUSER_WIDTH1_C_M_AXI_BUSER_WIDTH1_C_USER_VALUE0_C_PROT_VALUE0_C_CACHE_VALUE3_USER_DW512_USER_AW64_USER_MAXREQS7_USER_RFIFONUM_WIDTH9_181
gmem0_m_axi_U/clk_gate_load_unit_buff_rdata_genblk1_U_fifo_mem_mem_reg_138_       3.9900     0.0      0.0000      3.9900 0.0000 SNPS_CLOCK_GATE_HIGH_tinytpu_isa_gmem0_m_axi_CONSERVATIVE1_NUM_READ_OUTSTANDING16_NUM_WRITE_OUTSTANDING16_MAX_READ_BURST_LENGTH16_MAX_WRITE_BURST_LENGTH16_C_M_AXI_ID_WIDTH1_C_M_AXI_ADDR_WIDTH64_C_M_AXI_DATA_WIDTH512_C_M_AXI_AWUSER_WIDTH1_C_M_AXI_ARUSER_WIDTH1_C_M_AXI_WUSER_WIDTH1_C_M_AXI_RUSER_WIDTH1_C_M_AXI_BUSER_WIDTH1_C_USER_VALUE0_C_PROT_VALUE0_C_CACHE_VALUE3_USER_DW512_USER_AW64_USER_MAXREQS7_USER_RFIFONUM_WIDTH9_182
gmem0_m_axi_U/clk_gate_load_unit_buff_rdata_genblk1_U_fifo_mem_mem_reg_139_       3.9900     0.0      0.0000      3.9900 0.0000 SNPS_CLOCK_GATE_HIGH_tinytpu_isa_gmem0_m_axi_CONSERVATIVE1_NUM_READ_OUTSTANDING16_NUM_WRITE_OUTSTANDING16_MAX_READ_BURST_LENGTH16_MAX_WRITE_BURST_LENGTH16_C_M_AXI_ID_WIDTH1_C_M_AXI_ADDR_WIDTH64_C_M_AXI_DATA_WIDTH512_C_M_AXI_AWUSER_WIDTH1_C_M_AXI_ARUSER_WIDTH1_C_M_AXI_WUSER_WIDTH1_C_M_AXI_RUSER_WIDTH1_C_M_AXI_BUSER_WIDTH1_C_USER_VALUE0_C_PROT_VALUE0_C_CACHE_VALUE3_USER_DW512_USER_AW64_USER_MAXREQS7_USER_RFIFONUM_WIDTH9_183
gmem0_m_axi_U/clk_gate_load_unit_buff_rdata_genblk1_U_fifo_mem_mem_reg_13_       3.9900     0.0      0.0000      3.9900 0.0000 SNPS_CLOCK_GATE_HIGH_tinytpu_isa_gmem0_m_axi_CONSERVATIVE1_NUM_READ_OUTSTANDING16_NUM_WRITE_OUTSTANDING16_MAX_READ_BURST_LENGTH16_MAX_WRITE_BURST_LENGTH16_C_M_AXI_ID_WIDTH1_C_M_AXI_ADDR_WIDTH64_C_M_AXI_DATA_WIDTH512_C_M_AXI_AWUSER_WIDTH1_C_M_AXI_ARUSER_WIDTH1_C_M_AXI_WUSER_WIDTH1_C_M_AXI_RUSER_WIDTH1_C_M_AXI_BUSER_WIDTH1_C_USER_VALUE0_C_PROT_VALUE0_C_CACHE_VALUE3_USER_DW512_USER_AW64_USER_MAXREQS7_USER_RFIFONUM_WIDTH9_57
gmem0_m_axi_U/clk_gate_load_unit_buff_rdata_genblk1_U_fifo_mem_mem_reg_140_       3.9900     0.0      0.0000      3.9900 0.0000 SNPS_CLOCK_GATE_HIGH_tinytpu_isa_gmem0_m_axi_CONSERVATIVE1_NUM_READ_OUTSTANDING16_NUM_WRITE_OUTSTANDING16_MAX_READ_BURST_LENGTH16_MAX_WRITE_BURST_LENGTH16_C_M_AXI_ID_WIDTH1_C_M_AXI_ADDR_WIDTH64_C_M_AXI_DATA_WIDTH512_C_M_AXI_AWUSER_WIDTH1_C_M_AXI_ARUSER_WIDTH1_C_M_AXI_WUSER_WIDTH1_C_M_AXI_RUSER_WIDTH1_C_M_AXI_BUSER_WIDTH1_C_USER_VALUE0_C_PROT_VALUE0_C_CACHE_VALUE3_USER_DW512_USER_AW64_USER_MAXREQS7_USER_RFIFONUM_WIDTH9_184
gmem0_m_axi_U/clk_gate_load_unit_buff_rdata_genblk1_U_fifo_mem_mem_reg_141_       3.9900     0.0      0.0000      3.9900 0.0000 SNPS_CLOCK_GATE_HIGH_tinytpu_isa_gmem0_m_axi_CONSERVATIVE1_NUM_READ_OUTSTANDING16_NUM_WRITE_OUTSTANDING16_MAX_READ_BURST_LENGTH16_MAX_WRITE_BURST_LENGTH16_C_M_AXI_ID_WIDTH1_C_M_AXI_ADDR_WIDTH64_C_M_AXI_DATA_WIDTH512_C_M_AXI_AWUSER_WIDTH1_C_M_AXI_ARUSER_WIDTH1_C_M_AXI_WUSER_WIDTH1_C_M_AXI_RUSER_WIDTH1_C_M_AXI_BUSER_WIDTH1_C_USER_VALUE0_C_PROT_VALUE0_C_CACHE_VALUE3_USER_DW512_USER_AW64_USER_MAXREQS7_USER_RFIFONUM_WIDTH9_185
gmem0_m_axi_U/clk_gate_load_unit_buff_rdata_genblk1_U_fifo_mem_mem_reg_142_       3.9900     0.0      0.0000      3.9900 0.0000 SNPS_CLOCK_GATE_HIGH_tinytpu_isa_gmem0_m_axi_CONSERVATIVE1_NUM_READ_OUTSTANDING16_NUM_WRITE_OUTSTANDING16_MAX_READ_BURST_LENGTH16_MAX_WRITE_BURST_LENGTH16_C_M_AXI_ID_WIDTH1_C_M_AXI_ADDR_WIDTH64_C_M_AXI_DATA_WIDTH512_C_M_AXI_AWUSER_WIDTH1_C_M_AXI_ARUSER_WIDTH1_C_M_AXI_WUSER_WIDTH1_C_M_AXI_RUSER_WIDTH1_C_M_AXI_BUSER_WIDTH1_C_USER_VALUE0_C_PROT_VALUE0_C_CACHE_VALUE3_USER_DW512_USER_AW64_USER_MAXREQS7_USER_RFIFONUM_WIDTH9_186
gmem0_m_axi_U/clk_gate_load_unit_buff_rdata_genblk1_U_fifo_mem_mem_reg_143_       3.9900     0.0      0.0000      3.9900 0.0000 SNPS_CLOCK_GATE_HIGH_tinytpu_isa_gmem0_m_axi_CONSERVATIVE1_NUM_READ_OUTSTANDING16_NUM_WRITE_OUTSTANDING16_MAX_READ_BURST_LENGTH16_MAX_WRITE_BURST_LENGTH16_C_M_AXI_ID_WIDTH1_C_M_AXI_ADDR_WIDTH64_C_M_AXI_DATA_WIDTH512_C_M_AXI_AWUSER_WIDTH1_C_M_AXI_ARUSER_WIDTH1_C_M_AXI_WUSER_WIDTH1_C_M_AXI_RUSER_WIDTH1_C_M_AXI_BUSER_WIDTH1_C_USER_VALUE0_C_PROT_VALUE0_C_CACHE_VALUE3_USER_DW512_USER_AW64_USER_MAXREQS7_USER_RFIFONUM_WIDTH9_187
gmem0_m_axi_U/clk_gate_load_unit_buff_rdata_genblk1_U_fifo_mem_mem_reg_144_       3.9900     0.0      0.0000      3.9900 0.0000 SNPS_CLOCK_GATE_HIGH_tinytpu_isa_gmem0_m_axi_CONSERVATIVE1_NUM_READ_OUTSTANDING16_NUM_WRITE_OUTSTANDING16_MAX_READ_BURST_LENGTH16_MAX_WRITE_BURST_LENGTH16_C_M_AXI_ID_WIDTH1_C_M_AXI_ADDR_WIDTH64_C_M_AXI_DATA_WIDTH512_C_M_AXI_AWUSER_WIDTH1_C_M_AXI_ARUSER_WIDTH1_C_M_AXI_WUSER_WIDTH1_C_M_AXI_RUSER_WIDTH1_C_M_AXI_BUSER_WIDTH1_C_USER_VALUE0_C_PROT_VALUE0_C_CACHE_VALUE3_USER_DW512_USER_AW64_USER_MAXREQS7_USER_RFIFONUM_WIDTH9_188
gmem0_m_axi_U/clk_gate_load_unit_buff_rdata_genblk1_U_fifo_mem_mem_reg_145_       3.9900     0.0      0.0000      3.9900 0.0000 SNPS_CLOCK_GATE_HIGH_tinytpu_isa_gmem0_m_axi_CONSERVATIVE1_NUM_READ_OUTSTANDING16_NUM_WRITE_OUTSTANDING16_MAX_READ_BURST_LENGTH16_MAX_WRITE_BURST_LENGTH16_C_M_AXI_ID_WIDTH1_C_M_AXI_ADDR_WIDTH64_C_M_AXI_DATA_WIDTH512_C_M_AXI_AWUSER_WIDTH1_C_M_AXI_ARUSER_WIDTH1_C_M_AXI_WUSER_WIDTH1_C_M_AXI_RUSER_WIDTH1_C_M_AXI_BUSER_WIDTH1_C_USER_VALUE0_C_PROT_VALUE0_C_CACHE_VALUE3_USER_DW512_USER_AW64_USER_MAXREQS7_USER_RFIFONUM_WIDTH9_189
gmem0_m_axi_U/clk_gate_load_unit_buff_rdata_genblk1_U_fifo_mem_mem_reg_146_       3.9900     0.0      0.0000      3.9900 0.0000 SNPS_CLOCK_GATE_HIGH_tinytpu_isa_gmem0_m_axi_CONSERVATIVE1_NUM_READ_OUTSTANDING16_NUM_WRITE_OUTSTANDING16_MAX_READ_BURST_LENGTH16_MAX_WRITE_BURST_LENGTH16_C_M_AXI_ID_WIDTH1_C_M_AXI_ADDR_WIDTH64_C_M_AXI_DATA_WIDTH512_C_M_AXI_AWUSER_WIDTH1_C_M_AXI_ARUSER_WIDTH1_C_M_AXI_WUSER_WIDTH1_C_M_AXI_RUSER_WIDTH1_C_M_AXI_BUSER_WIDTH1_C_USER_VALUE0_C_PROT_VALUE0_C_CACHE_VALUE3_USER_DW512_USER_AW64_USER_MAXREQS7_USER_RFIFONUM_WIDTH9_190
gmem0_m_axi_U/clk_gate_load_unit_buff_rdata_genblk1_U_fifo_mem_mem_reg_147_       3.9900     0.0      0.0000      3.9900 0.0000 SNPS_CLOCK_GATE_HIGH_tinytpu_isa_gmem0_m_axi_CONSERVATIVE1_NUM_READ_OUTSTANDING16_NUM_WRITE_OUTSTANDING16_MAX_READ_BURST_LENGTH16_MAX_WRITE_BURST_LENGTH16_C_M_AXI_ID_WIDTH1_C_M_AXI_ADDR_WIDTH64_C_M_AXI_DATA_WIDTH512_C_M_AXI_AWUSER_WIDTH1_C_M_AXI_ARUSER_WIDTH1_C_M_AXI_WUSER_WIDTH1_C_M_AXI_RUSER_WIDTH1_C_M_AXI_BUSER_WIDTH1_C_USER_VALUE0_C_PROT_VALUE0_C_CACHE_VALUE3_USER_DW512_USER_AW64_USER_MAXREQS7_USER_RFIFONUM_WIDTH9_191
gmem0_m_axi_U/clk_gate_load_unit_buff_rdata_genblk1_U_fifo_mem_mem_reg_148_       3.9900     0.0      0.0000      3.9900 0.0000 SNPS_CLOCK_GATE_HIGH_tinytpu_isa_gmem0_m_axi_CONSERVATIVE1_NUM_READ_OUTSTANDING16_NUM_WRITE_OUTSTANDING16_MAX_READ_BURST_LENGTH16_MAX_WRITE_BURST_LENGTH16_C_M_AXI_ID_WIDTH1_C_M_AXI_ADDR_WIDTH64_C_M_AXI_DATA_WIDTH512_C_M_AXI_AWUSER_WIDTH1_C_M_AXI_ARUSER_WIDTH1_C_M_AXI_WUSER_WIDTH1_C_M_AXI_RUSER_WIDTH1_C_M_AXI_BUSER_WIDTH1_C_USER_VALUE0_C_PROT_VALUE0_C_CACHE_VALUE3_USER_DW512_USER_AW64_USER_MAXREQS7_USER_RFIFONUM_WIDTH9_192
gmem0_m_axi_U/clk_gate_load_unit_buff_rdata_genblk1_U_fifo_mem_mem_reg_149_       3.9900     0.0      0.0000      3.9900 0.0000 SNPS_CLOCK_GATE_HIGH_tinytpu_isa_gmem0_m_axi_CONSERVATIVE1_NUM_READ_OUTSTANDING16_NUM_WRITE_OUTSTANDING16_MAX_READ_BURST_LENGTH16_MAX_WRITE_BURST_LENGTH16_C_M_AXI_ID_WIDTH1_C_M_AXI_ADDR_WIDTH64_C_M_AXI_DATA_WIDTH512_C_M_AXI_AWUSER_WIDTH1_C_M_AXI_ARUSER_WIDTH1_C_M_AXI_WUSER_WIDTH1_C_M_AXI_RUSER_WIDTH1_C_M_AXI_BUSER_WIDTH1_C_USER_VALUE0_C_PROT_VALUE0_C_CACHE_VALUE3_USER_DW512_USER_AW64_USER_MAXREQS7_USER_RFIFONUM_WIDTH9_193
gmem0_m_axi_U/clk_gate_load_unit_buff_rdata_genblk1_U_fifo_mem_mem_reg_14_       3.9900     0.0      0.0000      3.9900 0.0000 SNPS_CLOCK_GATE_HIGH_tinytpu_isa_gmem0_m_axi_CONSERVATIVE1_NUM_READ_OUTSTANDING16_NUM_WRITE_OUTSTANDING16_MAX_READ_BURST_LENGTH16_MAX_WRITE_BURST_LENGTH16_C_M_AXI_ID_WIDTH1_C_M_AXI_ADDR_WIDTH64_C_M_AXI_DATA_WIDTH512_C_M_AXI_AWUSER_WIDTH1_C_M_AXI_ARUSER_WIDTH1_C_M_AXI_WUSER_WIDTH1_C_M_AXI_RUSER_WIDTH1_C_M_AXI_BUSER_WIDTH1_C_USER_VALUE0_C_PROT_VALUE0_C_CACHE_VALUE3_USER_DW512_USER_AW64_USER_MAXREQS7_USER_RFIFONUM_WIDTH9_58
gmem0_m_axi_U/clk_gate_load_unit_buff_rdata_genblk1_U_fifo_mem_mem_reg_150_       3.9900     0.0      0.0000      3.9900 0.0000 SNPS_CLOCK_GATE_HIGH_tinytpu_isa_gmem0_m_axi_CONSERVATIVE1_NUM_READ_OUTSTANDING16_NUM_WRITE_OUTSTANDING16_MAX_READ_BURST_LENGTH16_MAX_WRITE_BURST_LENGTH16_C_M_AXI_ID_WIDTH1_C_M_AXI_ADDR_WIDTH64_C_M_AXI_DATA_WIDTH512_C_M_AXI_AWUSER_WIDTH1_C_M_AXI_ARUSER_WIDTH1_C_M_AXI_WUSER_WIDTH1_C_M_AXI_RUSER_WIDTH1_C_M_AXI_BUSER_WIDTH1_C_USER_VALUE0_C_PROT_VALUE0_C_CACHE_VALUE3_USER_DW512_USER_AW64_USER_MAXREQS7_USER_RFIFONUM_WIDTH9_194
gmem0_m_axi_U/clk_gate_load_unit_buff_rdata_genblk1_U_fifo_mem_mem_reg_151_       3.9900     0.0      0.0000      3.9900 0.0000 SNPS_CLOCK_GATE_HIGH_tinytpu_isa_gmem0_m_axi_CONSERVATIVE1_NUM_READ_OUTSTANDING16_NUM_WRITE_OUTSTANDING16_MAX_READ_BURST_LENGTH16_MAX_WRITE_BURST_LENGTH16_C_M_AXI_ID_WIDTH1_C_M_AXI_ADDR_WIDTH64_C_M_AXI_DATA_WIDTH512_C_M_AXI_AWUSER_WIDTH1_C_M_AXI_ARUSER_WIDTH1_C_M_AXI_WUSER_WIDTH1_C_M_AXI_RUSER_WIDTH1_C_M_AXI_BUSER_WIDTH1_C_USER_VALUE0_C_PROT_VALUE0_C_CACHE_VALUE3_USER_DW512_USER_AW64_USER_MAXREQS7_USER_RFIFONUM_WIDTH9_195
gmem0_m_axi_U/clk_gate_load_unit_buff_rdata_genblk1_U_fifo_mem_mem_reg_152_       3.9900     0.0      0.0000      3.9900 0.0000 SNPS_CLOCK_GATE_HIGH_tinytpu_isa_gmem0_m_axi_CONSERVATIVE1_NUM_READ_OUTSTANDING16_NUM_WRITE_OUTSTANDING16_MAX_READ_BURST_LENGTH16_MAX_WRITE_BURST_LENGTH16_C_M_AXI_ID_WIDTH1_C_M_AXI_ADDR_WIDTH64_C_M_AXI_DATA_WIDTH512_C_M_AXI_AWUSER_WIDTH1_C_M_AXI_ARUSER_WIDTH1_C_M_AXI_WUSER_WIDTH1_C_M_AXI_RUSER_WIDTH1_C_M_AXI_BUSER_WIDTH1_C_USER_VALUE0_C_PROT_VALUE0_C_CACHE_VALUE3_USER_DW512_USER_AW64_USER_MAXREQS7_USER_RFIFONUM_WIDTH9_196
gmem0_m_axi_U/clk_gate_load_unit_buff_rdata_genblk1_U_fifo_mem_mem_reg_153_       3.9900     0.0      0.0000      3.9900 0.0000 SNPS_CLOCK_GATE_HIGH_tinytpu_isa_gmem0_m_axi_CONSERVATIVE1_NUM_READ_OUTSTANDING16_NUM_WRITE_OUTSTANDING16_MAX_READ_BURST_LENGTH16_MAX_WRITE_BURST_LENGTH16_C_M_AXI_ID_WIDTH1_C_M_AXI_ADDR_WIDTH64_C_M_AXI_DATA_WIDTH512_C_M_AXI_AWUSER_WIDTH1_C_M_AXI_ARUSER_WIDTH1_C_M_AXI_WUSER_WIDTH1_C_M_AXI_RUSER_WIDTH1_C_M_AXI_BUSER_WIDTH1_C_USER_VALUE0_C_PROT_VALUE0_C_CACHE_VALUE3_USER_DW512_USER_AW64_USER_MAXREQS7_USER_RFIFONUM_WIDTH9_197
gmem0_m_axi_U/clk_gate_load_unit_buff_rdata_genblk1_U_fifo_mem_mem_reg_154_       3.9900     0.0      0.0000      3.9900 0.0000 SNPS_CLOCK_GATE_HIGH_tinytpu_isa_gmem0_m_axi_CONSERVATIVE1_NUM_READ_OUTSTANDING16_NUM_WRITE_OUTSTANDING16_MAX_READ_BURST_LENGTH16_MAX_WRITE_BURST_LENGTH16_C_M_AXI_ID_WIDTH1_C_M_AXI_ADDR_WIDTH64_C_M_AXI_DATA_WIDTH512_C_M_AXI_AWUSER_WIDTH1_C_M_AXI_ARUSER_WIDTH1_C_M_AXI_WUSER_WIDTH1_C_M_AXI_RUSER_WIDTH1_C_M_AXI_BUSER_WIDTH1_C_USER_VALUE0_C_PROT_VALUE0_C_CACHE_VALUE3_USER_DW512_USER_AW64_USER_MAXREQS7_USER_RFIFONUM_WIDTH9_198
gmem0_m_axi_U/clk_gate_load_unit_buff_rdata_genblk1_U_fifo_mem_mem_reg_155_       3.9900     0.0      0.0000      3.9900 0.0000 SNPS_CLOCK_GATE_HIGH_tinytpu_isa_gmem0_m_axi_CONSERVATIVE1_NUM_READ_OUTSTANDING16_NUM_WRITE_OUTSTANDING16_MAX_READ_BURST_LENGTH16_MAX_WRITE_BURST_LENGTH16_C_M_AXI_ID_WIDTH1_C_M_AXI_ADDR_WIDTH64_C_M_AXI_DATA_WIDTH512_C_M_AXI_AWUSER_WIDTH1_C_M_AXI_ARUSER_WIDTH1_C_M_AXI_WUSER_WIDTH1_C_M_AXI_RUSER_WIDTH1_C_M_AXI_BUSER_WIDTH1_C_USER_VALUE0_C_PROT_VALUE0_C_CACHE_VALUE3_USER_DW512_USER_AW64_USER_MAXREQS7_USER_RFIFONUM_WIDTH9_199
gmem0_m_axi_U/clk_gate_load_unit_buff_rdata_genblk1_U_fifo_mem_mem_reg_156_       3.9900     0.0      0.0000      3.9900 0.0000 SNPS_CLOCK_GATE_HIGH_tinytpu_isa_gmem0_m_axi_CONSERVATIVE1_NUM_READ_OUTSTANDING16_NUM_WRITE_OUTSTANDING16_MAX_READ_BURST_LENGTH16_MAX_WRITE_BURST_LENGTH16_C_M_AXI_ID_WIDTH1_C_M_AXI_ADDR_WIDTH64_C_M_AXI_DATA_WIDTH512_C_M_AXI_AWUSER_WIDTH1_C_M_AXI_ARUSER_WIDTH1_C_M_AXI_WUSER_WIDTH1_C_M_AXI_RUSER_WIDTH1_C_M_AXI_BUSER_WIDTH1_C_USER_VALUE0_C_PROT_VALUE0_C_CACHE_VALUE3_USER_DW512_USER_AW64_USER_MAXREQS7_USER_RFIFONUM_WIDTH9_200
gmem0_m_axi_U/clk_gate_load_unit_buff_rdata_genblk1_U_fifo_mem_mem_reg_157_       3.9900     0.0      0.0000      3.9900 0.0000 SNPS_CLOCK_GATE_HIGH_tinytpu_isa_gmem0_m_axi_CONSERVATIVE1_NUM_READ_OUTSTANDING16_NUM_WRITE_OUTSTANDING16_MAX_READ_BURST_LENGTH16_MAX_WRITE_BURST_LENGTH16_C_M_AXI_ID_WIDTH1_C_M_AXI_ADDR_WIDTH64_C_M_AXI_DATA_WIDTH512_C_M_AXI_AWUSER_WIDTH1_C_M_AXI_ARUSER_WIDTH1_C_M_AXI_WUSER_WIDTH1_C_M_AXI_RUSER_WIDTH1_C_M_AXI_BUSER_WIDTH1_C_USER_VALUE0_C_PROT_VALUE0_C_CACHE_VALUE3_USER_DW512_USER_AW64_USER_MAXREQS7_USER_RFIFONUM_WIDTH9_201
gmem0_m_axi_U/clk_gate_load_unit_buff_rdata_genblk1_U_fifo_mem_mem_reg_158_       3.9900     0.0      0.0000      3.9900 0.0000 SNPS_CLOCK_GATE_HIGH_tinytpu_isa_gmem0_m_axi_CONSERVATIVE1_NUM_READ_OUTSTANDING16_NUM_WRITE_OUTSTANDING16_MAX_READ_BURST_LENGTH16_MAX_WRITE_BURST_LENGTH16_C_M_AXI_ID_WIDTH1_C_M_AXI_ADDR_WIDTH64_C_M_AXI_DATA_WIDTH512_C_M_AXI_AWUSER_WIDTH1_C_M_AXI_ARUSER_WIDTH1_C_M_AXI_WUSER_WIDTH1_C_M_AXI_RUSER_WIDTH1_C_M_AXI_BUSER_WIDTH1_C_USER_VALUE0_C_PROT_VALUE0_C_CACHE_VALUE3_USER_DW512_USER_AW64_USER_MAXREQS7_USER_RFIFONUM_WIDTH9_202
gmem0_m_axi_U/clk_gate_load_unit_buff_rdata_genblk1_U_fifo_mem_mem_reg_159_       3.9900     0.0      0.0000      3.9900 0.0000 SNPS_CLOCK_GATE_HIGH_tinytpu_isa_gmem0_m_axi_CONSERVATIVE1_NUM_READ_OUTSTANDING16_NUM_WRITE_OUTSTANDING16_MAX_READ_BURST_LENGTH16_MAX_WRITE_BURST_LENGTH16_C_M_AXI_ID_WIDTH1_C_M_AXI_ADDR_WIDTH64_C_M_AXI_DATA_WIDTH512_C_M_AXI_AWUSER_WIDTH1_C_M_AXI_ARUSER_WIDTH1_C_M_AXI_WUSER_WIDTH1_C_M_AXI_RUSER_WIDTH1_C_M_AXI_BUSER_WIDTH1_C_USER_VALUE0_C_PROT_VALUE0_C_CACHE_VALUE3_USER_DW512_USER_AW64_USER_MAXREQS7_USER_RFIFONUM_WIDTH9_203
gmem0_m_axi_U/clk_gate_load_unit_buff_rdata_genblk1_U_fifo_mem_mem_reg_15_       3.9900     0.0      0.0000      3.9900 0.0000 SNPS_CLOCK_GATE_HIGH_tinytpu_isa_gmem0_m_axi_CONSERVATIVE1_NUM_READ_OUTSTANDING16_NUM_WRITE_OUTSTANDING16_MAX_READ_BURST_LENGTH16_MAX_WRITE_BURST_LENGTH16_C_M_AXI_ID_WIDTH1_C_M_AXI_ADDR_WIDTH64_C_M_AXI_DATA_WIDTH512_C_M_AXI_AWUSER_WIDTH1_C_M_AXI_ARUSER_WIDTH1_C_M_AXI_WUSER_WIDTH1_C_M_AXI_RUSER_WIDTH1_C_M_AXI_BUSER_WIDTH1_C_USER_VALUE0_C_PROT_VALUE0_C_CACHE_VALUE3_USER_DW512_USER_AW64_USER_MAXREQS7_USER_RFIFONUM_WIDTH9_59
gmem0_m_axi_U/clk_gate_load_unit_buff_rdata_genblk1_U_fifo_mem_mem_reg_160_       3.9900     0.0      0.0000      3.9900 0.0000 SNPS_CLOCK_GATE_HIGH_tinytpu_isa_gmem0_m_axi_CONSERVATIVE1_NUM_READ_OUTSTANDING16_NUM_WRITE_OUTSTANDING16_MAX_READ_BURST_LENGTH16_MAX_WRITE_BURST_LENGTH16_C_M_AXI_ID_WIDTH1_C_M_AXI_ADDR_WIDTH64_C_M_AXI_DATA_WIDTH512_C_M_AXI_AWUSER_WIDTH1_C_M_AXI_ARUSER_WIDTH1_C_M_AXI_WUSER_WIDTH1_C_M_AXI_RUSER_WIDTH1_C_M_AXI_BUSER_WIDTH1_C_USER_VALUE0_C_PROT_VALUE0_C_CACHE_VALUE3_USER_DW512_USER_AW64_USER_MAXREQS7_USER_RFIFONUM_WIDTH9_204
gmem0_m_axi_U/clk_gate_load_unit_buff_rdata_genblk1_U_fifo_mem_mem_reg_161_       3.9900     0.0      0.0000      3.9900 0.0000 SNPS_CLOCK_GATE_HIGH_tinytpu_isa_gmem0_m_axi_CONSERVATIVE1_NUM_READ_OUTSTANDING16_NUM_WRITE_OUTSTANDING16_MAX_READ_BURST_LENGTH16_MAX_WRITE_BURST_LENGTH16_C_M_AXI_ID_WIDTH1_C_M_AXI_ADDR_WIDTH64_C_M_AXI_DATA_WIDTH512_C_M_AXI_AWUSER_WIDTH1_C_M_AXI_ARUSER_WIDTH1_C_M_AXI_WUSER_WIDTH1_C_M_AXI_RUSER_WIDTH1_C_M_AXI_BUSER_WIDTH1_C_USER_VALUE0_C_PROT_VALUE0_C_CACHE_VALUE3_USER_DW512_USER_AW64_USER_MAXREQS7_USER_RFIFONUM_WIDTH9_205
gmem0_m_axi_U/clk_gate_load_unit_buff_rdata_genblk1_U_fifo_mem_mem_reg_162_       3.9900     0.0      0.0000      3.9900 0.0000 SNPS_CLOCK_GATE_HIGH_tinytpu_isa_gmem0_m_axi_CONSERVATIVE1_NUM_READ_OUTSTANDING16_NUM_WRITE_OUTSTANDING16_MAX_READ_BURST_LENGTH16_MAX_WRITE_BURST_LENGTH16_C_M_AXI_ID_WIDTH1_C_M_AXI_ADDR_WIDTH64_C_M_AXI_DATA_WIDTH512_C_M_AXI_AWUSER_WIDTH1_C_M_AXI_ARUSER_WIDTH1_C_M_AXI_WUSER_WIDTH1_C_M_AXI_RUSER_WIDTH1_C_M_AXI_BUSER_WIDTH1_C_USER_VALUE0_C_PROT_VALUE0_C_CACHE_VALUE3_USER_DW512_USER_AW64_USER_MAXREQS7_USER_RFIFONUM_WIDTH9_206
gmem0_m_axi_U/clk_gate_load_unit_buff_rdata_genblk1_U_fifo_mem_mem_reg_163_       3.9900     0.0      0.0000      3.9900 0.0000 SNPS_CLOCK_GATE_HIGH_tinytpu_isa_gmem0_m_axi_CONSERVATIVE1_NUM_READ_OUTSTANDING16_NUM_WRITE_OUTSTANDING16_MAX_READ_BURST_LENGTH16_MAX_WRITE_BURST_LENGTH16_C_M_AXI_ID_WIDTH1_C_M_AXI_ADDR_WIDTH64_C_M_AXI_DATA_WIDTH512_C_M_AXI_AWUSER_WIDTH1_C_M_AXI_ARUSER_WIDTH1_C_M_AXI_WUSER_WIDTH1_C_M_AXI_RUSER_WIDTH1_C_M_AXI_BUSER_WIDTH1_C_USER_VALUE0_C_PROT_VALUE0_C_CACHE_VALUE3_USER_DW512_USER_AW64_USER_MAXREQS7_USER_RFIFONUM_WIDTH9_207
gmem0_m_axi_U/clk_gate_load_unit_buff_rdata_genblk1_U_fifo_mem_mem_reg_164_       3.9900     0.0      0.0000      3.9900 0.0000 SNPS_CLOCK_GATE_HIGH_tinytpu_isa_gmem0_m_axi_CONSERVATIVE1_NUM_READ_OUTSTANDING16_NUM_WRITE_OUTSTANDING16_MAX_READ_BURST_LENGTH16_MAX_WRITE_BURST_LENGTH16_C_M_AXI_ID_WIDTH1_C_M_AXI_ADDR_WIDTH64_C_M_AXI_DATA_WIDTH512_C_M_AXI_AWUSER_WIDTH1_C_M_AXI_ARUSER_WIDTH1_C_M_AXI_WUSER_WIDTH1_C_M_AXI_RUSER_WIDTH1_C_M_AXI_BUSER_WIDTH1_C_USER_VALUE0_C_PROT_VALUE0_C_CACHE_VALUE3_USER_DW512_USER_AW64_USER_MAXREQS7_USER_RFIFONUM_WIDTH9_208
gmem0_m_axi_U/clk_gate_load_unit_buff_rdata_genblk1_U_fifo_mem_mem_reg_165_       3.9900     0.0      0.0000      3.9900 0.0000 SNPS_CLOCK_GATE_HIGH_tinytpu_isa_gmem0_m_axi_CONSERVATIVE1_NUM_READ_OUTSTANDING16_NUM_WRITE_OUTSTANDING16_MAX_READ_BURST_LENGTH16_MAX_WRITE_BURST_LENGTH16_C_M_AXI_ID_WIDTH1_C_M_AXI_ADDR_WIDTH64_C_M_AXI_DATA_WIDTH512_C_M_AXI_AWUSER_WIDTH1_C_M_AXI_ARUSER_WIDTH1_C_M_AXI_WUSER_WIDTH1_C_M_AXI_RUSER_WIDTH1_C_M_AXI_BUSER_WIDTH1_C_USER_VALUE0_C_PROT_VALUE0_C_CACHE_VALUE3_USER_DW512_USER_AW64_USER_MAXREQS7_USER_RFIFONUM_WIDTH9_209
gmem0_m_axi_U/clk_gate_load_unit_buff_rdata_genblk1_U_fifo_mem_mem_reg_166_       3.9900     0.0      0.0000      3.9900 0.0000 SNPS_CLOCK_GATE_HIGH_tinytpu_isa_gmem0_m_axi_CONSERVATIVE1_NUM_READ_OUTSTANDING16_NUM_WRITE_OUTSTANDING16_MAX_READ_BURST_LENGTH16_MAX_WRITE_BURST_LENGTH16_C_M_AXI_ID_WIDTH1_C_M_AXI_ADDR_WIDTH64_C_M_AXI_DATA_WIDTH512_C_M_AXI_AWUSER_WIDTH1_C_M_AXI_ARUSER_WIDTH1_C_M_AXI_WUSER_WIDTH1_C_M_AXI_RUSER_WIDTH1_C_M_AXI_BUSER_WIDTH1_C_USER_VALUE0_C_PROT_VALUE0_C_CACHE_VALUE3_USER_DW512_USER_AW64_USER_MAXREQS7_USER_RFIFONUM_WIDTH9_210
gmem0_m_axi_U/clk_gate_load_unit_buff_rdata_genblk1_U_fifo_mem_mem_reg_167_       3.9900     0.0      0.0000      3.9900 0.0000 SNPS_CLOCK_GATE_HIGH_tinytpu_isa_gmem0_m_axi_CONSERVATIVE1_NUM_READ_OUTSTANDING16_NUM_WRITE_OUTSTANDING16_MAX_READ_BURST_LENGTH16_MAX_WRITE_BURST_LENGTH16_C_M_AXI_ID_WIDTH1_C_M_AXI_ADDR_WIDTH64_C_M_AXI_DATA_WIDTH512_C_M_AXI_AWUSER_WIDTH1_C_M_AXI_ARUSER_WIDTH1_C_M_AXI_WUSER_WIDTH1_C_M_AXI_RUSER_WIDTH1_C_M_AXI_BUSER_WIDTH1_C_USER_VALUE0_C_PROT_VALUE0_C_CACHE_VALUE3_USER_DW512_USER_AW64_USER_MAXREQS7_USER_RFIFONUM_WIDTH9_211
gmem0_m_axi_U/clk_gate_load_unit_buff_rdata_genblk1_U_fifo_mem_mem_reg_168_       3.9900     0.0      0.0000      3.9900 0.0000 SNPS_CLOCK_GATE_HIGH_tinytpu_isa_gmem0_m_axi_CONSERVATIVE1_NUM_READ_OUTSTANDING16_NUM_WRITE_OUTSTANDING16_MAX_READ_BURST_LENGTH16_MAX_WRITE_BURST_LENGTH16_C_M_AXI_ID_WIDTH1_C_M_AXI_ADDR_WIDTH64_C_M_AXI_DATA_WIDTH512_C_M_AXI_AWUSER_WIDTH1_C_M_AXI_ARUSER_WIDTH1_C_M_AXI_WUSER_WIDTH1_C_M_AXI_RUSER_WIDTH1_C_M_AXI_BUSER_WIDTH1_C_USER_VALUE0_C_PROT_VALUE0_C_CACHE_VALUE3_USER_DW512_USER_AW64_USER_MAXREQS7_USER_RFIFONUM_WIDTH9_212
gmem0_m_axi_U/clk_gate_load_unit_buff_rdata_genblk1_U_fifo_mem_mem_reg_169_       3.9900     0.0      0.0000      3.9900 0.0000 SNPS_CLOCK_GATE_HIGH_tinytpu_isa_gmem0_m_axi_CONSERVATIVE1_NUM_READ_OUTSTANDING16_NUM_WRITE_OUTSTANDING16_MAX_READ_BURST_LENGTH16_MAX_WRITE_BURST_LENGTH16_C_M_AXI_ID_WIDTH1_C_M_AXI_ADDR_WIDTH64_C_M_AXI_DATA_WIDTH512_C_M_AXI_AWUSER_WIDTH1_C_M_AXI_ARUSER_WIDTH1_C_M_AXI_WUSER_WIDTH1_C_M_AXI_RUSER_WIDTH1_C_M_AXI_BUSER_WIDTH1_C_USER_VALUE0_C_PROT_VALUE0_C_CACHE_VALUE3_USER_DW512_USER_AW64_USER_MAXREQS7_USER_RFIFONUM_WIDTH9_213
gmem0_m_axi_U/clk_gate_load_unit_buff_rdata_genblk1_U_fifo_mem_mem_reg_16_       3.9900     0.0      0.0000      3.9900 0.0000 SNPS_CLOCK_GATE_HIGH_tinytpu_isa_gmem0_m_axi_CONSERVATIVE1_NUM_READ_OUTSTANDING16_NUM_WRITE_OUTSTANDING16_MAX_READ_BURST_LENGTH16_MAX_WRITE_BURST_LENGTH16_C_M_AXI_ID_WIDTH1_C_M_AXI_ADDR_WIDTH64_C_M_AXI_DATA_WIDTH512_C_M_AXI_AWUSER_WIDTH1_C_M_AXI_ARUSER_WIDTH1_C_M_AXI_WUSER_WIDTH1_C_M_AXI_RUSER_WIDTH1_C_M_AXI_BUSER_WIDTH1_C_USER_VALUE0_C_PROT_VALUE0_C_CACHE_VALUE3_USER_DW512_USER_AW64_USER_MAXREQS7_USER_RFIFONUM_WIDTH9_60
gmem0_m_axi_U/clk_gate_load_unit_buff_rdata_genblk1_U_fifo_mem_mem_reg_170_       3.9900     0.0      0.0000      3.9900 0.0000 SNPS_CLOCK_GATE_HIGH_tinytpu_isa_gmem0_m_axi_CONSERVATIVE1_NUM_READ_OUTSTANDING16_NUM_WRITE_OUTSTANDING16_MAX_READ_BURST_LENGTH16_MAX_WRITE_BURST_LENGTH16_C_M_AXI_ID_WIDTH1_C_M_AXI_ADDR_WIDTH64_C_M_AXI_DATA_WIDTH512_C_M_AXI_AWUSER_WIDTH1_C_M_AXI_ARUSER_WIDTH1_C_M_AXI_WUSER_WIDTH1_C_M_AXI_RUSER_WIDTH1_C_M_AXI_BUSER_WIDTH1_C_USER_VALUE0_C_PROT_VALUE0_C_CACHE_VALUE3_USER_DW512_USER_AW64_USER_MAXREQS7_USER_RFIFONUM_WIDTH9_214
gmem0_m_axi_U/clk_gate_load_unit_buff_rdata_genblk1_U_fifo_mem_mem_reg_171_       3.9900     0.0      0.0000      3.9900 0.0000 SNPS_CLOCK_GATE_HIGH_tinytpu_isa_gmem0_m_axi_CONSERVATIVE1_NUM_READ_OUTSTANDING16_NUM_WRITE_OUTSTANDING16_MAX_READ_BURST_LENGTH16_MAX_WRITE_BURST_LENGTH16_C_M_AXI_ID_WIDTH1_C_M_AXI_ADDR_WIDTH64_C_M_AXI_DATA_WIDTH512_C_M_AXI_AWUSER_WIDTH1_C_M_AXI_ARUSER_WIDTH1_C_M_AXI_WUSER_WIDTH1_C_M_AXI_RUSER_WIDTH1_C_M_AXI_BUSER_WIDTH1_C_USER_VALUE0_C_PROT_VALUE0_C_CACHE_VALUE3_USER_DW512_USER_AW64_USER_MAXREQS7_USER_RFIFONUM_WIDTH9_215
gmem0_m_axi_U/clk_gate_load_unit_buff_rdata_genblk1_U_fifo_mem_mem_reg_172_       3.9900     0.0      0.0000      3.9900 0.0000 SNPS_CLOCK_GATE_HIGH_tinytpu_isa_gmem0_m_axi_CONSERVATIVE1_NUM_READ_OUTSTANDING16_NUM_WRITE_OUTSTANDING16_MAX_READ_BURST_LENGTH16_MAX_WRITE_BURST_LENGTH16_C_M_AXI_ID_WIDTH1_C_M_AXI_ADDR_WIDTH64_C_M_AXI_DATA_WIDTH512_C_M_AXI_AWUSER_WIDTH1_C_M_AXI_ARUSER_WIDTH1_C_M_AXI_WUSER_WIDTH1_C_M_AXI_RUSER_WIDTH1_C_M_AXI_BUSER_WIDTH1_C_USER_VALUE0_C_PROT_VALUE0_C_CACHE_VALUE3_USER_DW512_USER_AW64_USER_MAXREQS7_USER_RFIFONUM_WIDTH9_216
gmem0_m_axi_U/clk_gate_load_unit_buff_rdata_genblk1_U_fifo_mem_mem_reg_173_       3.9900     0.0      0.0000      3.9900 0.0000 SNPS_CLOCK_GATE_HIGH_tinytpu_isa_gmem0_m_axi_CONSERVATIVE1_NUM_READ_OUTSTANDING16_NUM_WRITE_OUTSTANDING16_MAX_READ_BURST_LENGTH16_MAX_WRITE_BURST_LENGTH16_C_M_AXI_ID_WIDTH1_C_M_AXI_ADDR_WIDTH64_C_M_AXI_DATA_WIDTH512_C_M_AXI_AWUSER_WIDTH1_C_M_AXI_ARUSER_WIDTH1_C_M_AXI_WUSER_WIDTH1_C_M_AXI_RUSER_WIDTH1_C_M_AXI_BUSER_WIDTH1_C_USER_VALUE0_C_PROT_VALUE0_C_CACHE_VALUE3_USER_DW512_USER_AW64_USER_MAXREQS7_USER_RFIFONUM_WIDTH9_217
gmem0_m_axi_U/clk_gate_load_unit_buff_rdata_genblk1_U_fifo_mem_mem_reg_174_       3.9900     0.0      0.0000      3.9900 0.0000 SNPS_CLOCK_GATE_HIGH_tinytpu_isa_gmem0_m_axi_CONSERVATIVE1_NUM_READ_OUTSTANDING16_NUM_WRITE_OUTSTANDING16_MAX_READ_BURST_LENGTH16_MAX_WRITE_BURST_LENGTH16_C_M_AXI_ID_WIDTH1_C_M_AXI_ADDR_WIDTH64_C_M_AXI_DATA_WIDTH512_C_M_AXI_AWUSER_WIDTH1_C_M_AXI_ARUSER_WIDTH1_C_M_AXI_WUSER_WIDTH1_C_M_AXI_RUSER_WIDTH1_C_M_AXI_BUSER_WIDTH1_C_USER_VALUE0_C_PROT_VALUE0_C_CACHE_VALUE3_USER_DW512_USER_AW64_USER_MAXREQS7_USER_RFIFONUM_WIDTH9_218
gmem0_m_axi_U/clk_gate_load_unit_buff_rdata_genblk1_U_fifo_mem_mem_reg_175_       3.9900     0.0      0.0000      3.9900 0.0000 SNPS_CLOCK_GATE_HIGH_tinytpu_isa_gmem0_m_axi_CONSERVATIVE1_NUM_READ_OUTSTANDING16_NUM_WRITE_OUTSTANDING16_MAX_READ_BURST_LENGTH16_MAX_WRITE_BURST_LENGTH16_C_M_AXI_ID_WIDTH1_C_M_AXI_ADDR_WIDTH64_C_M_AXI_DATA_WIDTH512_C_M_AXI_AWUSER_WIDTH1_C_M_AXI_ARUSER_WIDTH1_C_M_AXI_WUSER_WIDTH1_C_M_AXI_RUSER_WIDTH1_C_M_AXI_BUSER_WIDTH1_C_USER_VALUE0_C_PROT_VALUE0_C_CACHE_VALUE3_USER_DW512_USER_AW64_USER_MAXREQS7_USER_RFIFONUM_WIDTH9_219
gmem0_m_axi_U/clk_gate_load_unit_buff_rdata_genblk1_U_fifo_mem_mem_reg_176_       3.9900     0.0      0.0000      3.9900 0.0000 SNPS_CLOCK_GATE_HIGH_tinytpu_isa_gmem0_m_axi_CONSERVATIVE1_NUM_READ_OUTSTANDING16_NUM_WRITE_OUTSTANDING16_MAX_READ_BURST_LENGTH16_MAX_WRITE_BURST_LENGTH16_C_M_AXI_ID_WIDTH1_C_M_AXI_ADDR_WIDTH64_C_M_AXI_DATA_WIDTH512_C_M_AXI_AWUSER_WIDTH1_C_M_AXI_ARUSER_WIDTH1_C_M_AXI_WUSER_WIDTH1_C_M_AXI_RUSER_WIDTH1_C_M_AXI_BUSER_WIDTH1_C_USER_VALUE0_C_PROT_VALUE0_C_CACHE_VALUE3_USER_DW512_USER_AW64_USER_MAXREQS7_USER_RFIFONUM_WIDTH9_220
gmem0_m_axi_U/clk_gate_load_unit_buff_rdata_genblk1_U_fifo_mem_mem_reg_177_       3.9900     0.0      0.0000      3.9900 0.0000 SNPS_CLOCK_GATE_HIGH_tinytpu_isa_gmem0_m_axi_CONSERVATIVE1_NUM_READ_OUTSTANDING16_NUM_WRITE_OUTSTANDING16_MAX_READ_BURST_LENGTH16_MAX_WRITE_BURST_LENGTH16_C_M_AXI_ID_WIDTH1_C_M_AXI_ADDR_WIDTH64_C_M_AXI_DATA_WIDTH512_C_M_AXI_AWUSER_WIDTH1_C_M_AXI_ARUSER_WIDTH1_C_M_AXI_WUSER_WIDTH1_C_M_AXI_RUSER_WIDTH1_C_M_AXI_BUSER_WIDTH1_C_USER_VALUE0_C_PROT_VALUE0_C_CACHE_VALUE3_USER_DW512_USER_AW64_USER_MAXREQS7_USER_RFIFONUM_WIDTH9_221
gmem0_m_axi_U/clk_gate_load_unit_buff_rdata_genblk1_U_fifo_mem_mem_reg_178_       3.9900     0.0      0.0000      3.9900 0.0000 SNPS_CLOCK_GATE_HIGH_tinytpu_isa_gmem0_m_axi_CONSERVATIVE1_NUM_READ_OUTSTANDING16_NUM_WRITE_OUTSTANDING16_MAX_READ_BURST_LENGTH16_MAX_WRITE_BURST_LENGTH16_C_M_AXI_ID_WIDTH1_C_M_AXI_ADDR_WIDTH64_C_M_AXI_DATA_WIDTH512_C_M_AXI_AWUSER_WIDTH1_C_M_AXI_ARUSER_WIDTH1_C_M_AXI_WUSER_WIDTH1_C_M_AXI_RUSER_WIDTH1_C_M_AXI_BUSER_WIDTH1_C_USER_VALUE0_C_PROT_VALUE0_C_CACHE_VALUE3_USER_DW512_USER_AW64_USER_MAXREQS7_USER_RFIFONUM_WIDTH9_222
gmem0_m_axi_U/clk_gate_load_unit_buff_rdata_genblk1_U_fifo_mem_mem_reg_179_       3.9900     0.0      0.0000      3.9900 0.0000 SNPS_CLOCK_GATE_HIGH_tinytpu_isa_gmem0_m_axi_CONSERVATIVE1_NUM_READ_OUTSTANDING16_NUM_WRITE_OUTSTANDING16_MAX_READ_BURST_LENGTH16_MAX_WRITE_BURST_LENGTH16_C_M_AXI_ID_WIDTH1_C_M_AXI_ADDR_WIDTH64_C_M_AXI_DATA_WIDTH512_C_M_AXI_AWUSER_WIDTH1_C_M_AXI_ARUSER_WIDTH1_C_M_AXI_WUSER_WIDTH1_C_M_AXI_RUSER_WIDTH1_C_M_AXI_BUSER_WIDTH1_C_USER_VALUE0_C_PROT_VALUE0_C_CACHE_VALUE3_USER_DW512_USER_AW64_USER_MAXREQS7_USER_RFIFONUM_WIDTH9_223
gmem0_m_axi_U/clk_gate_load_unit_buff_rdata_genblk1_U_fifo_mem_mem_reg_17_       3.9900     0.0      0.0000      3.9900 0.0000 SNPS_CLOCK_GATE_HIGH_tinytpu_isa_gmem0_m_axi_CONSERVATIVE1_NUM_READ_OUTSTANDING16_NUM_WRITE_OUTSTANDING16_MAX_READ_BURST_LENGTH16_MAX_WRITE_BURST_LENGTH16_C_M_AXI_ID_WIDTH1_C_M_AXI_ADDR_WIDTH64_C_M_AXI_DATA_WIDTH512_C_M_AXI_AWUSER_WIDTH1_C_M_AXI_ARUSER_WIDTH1_C_M_AXI_WUSER_WIDTH1_C_M_AXI_RUSER_WIDTH1_C_M_AXI_BUSER_WIDTH1_C_USER_VALUE0_C_PROT_VALUE0_C_CACHE_VALUE3_USER_DW512_USER_AW64_USER_MAXREQS7_USER_RFIFONUM_WIDTH9_61
gmem0_m_axi_U/clk_gate_load_unit_buff_rdata_genblk1_U_fifo_mem_mem_reg_180_       3.9900     0.0      0.0000      3.9900 0.0000 SNPS_CLOCK_GATE_HIGH_tinytpu_isa_gmem0_m_axi_CONSERVATIVE1_NUM_READ_OUTSTANDING16_NUM_WRITE_OUTSTANDING16_MAX_READ_BURST_LENGTH16_MAX_WRITE_BURST_LENGTH16_C_M_AXI_ID_WIDTH1_C_M_AXI_ADDR_WIDTH64_C_M_AXI_DATA_WIDTH512_C_M_AXI_AWUSER_WIDTH1_C_M_AXI_ARUSER_WIDTH1_C_M_AXI_WUSER_WIDTH1_C_M_AXI_RUSER_WIDTH1_C_M_AXI_BUSER_WIDTH1_C_USER_VALUE0_C_PROT_VALUE0_C_CACHE_VALUE3_USER_DW512_USER_AW64_USER_MAXREQS7_USER_RFIFONUM_WIDTH9_224
gmem0_m_axi_U/clk_gate_load_unit_buff_rdata_genblk1_U_fifo_mem_mem_reg_181_       3.9900     0.0      0.0000      3.9900 0.0000 SNPS_CLOCK_GATE_HIGH_tinytpu_isa_gmem0_m_axi_CONSERVATIVE1_NUM_READ_OUTSTANDING16_NUM_WRITE_OUTSTANDING16_MAX_READ_BURST_LENGTH16_MAX_WRITE_BURST_LENGTH16_C_M_AXI_ID_WIDTH1_C_M_AXI_ADDR_WIDTH64_C_M_AXI_DATA_WIDTH512_C_M_AXI_AWUSER_WIDTH1_C_M_AXI_ARUSER_WIDTH1_C_M_AXI_WUSER_WIDTH1_C_M_AXI_RUSER_WIDTH1_C_M_AXI_BUSER_WIDTH1_C_USER_VALUE0_C_PROT_VALUE0_C_CACHE_VALUE3_USER_DW512_USER_AW64_USER_MAXREQS7_USER_RFIFONUM_WIDTH9_225
gmem0_m_axi_U/clk_gate_load_unit_buff_rdata_genblk1_U_fifo_mem_mem_reg_182_       3.9900     0.0      0.0000      3.9900 0.0000 SNPS_CLOCK_GATE_HIGH_tinytpu_isa_gmem0_m_axi_CONSERVATIVE1_NUM_READ_OUTSTANDING16_NUM_WRITE_OUTSTANDING16_MAX_READ_BURST_LENGTH16_MAX_WRITE_BURST_LENGTH16_C_M_AXI_ID_WIDTH1_C_M_AXI_ADDR_WIDTH64_C_M_AXI_DATA_WIDTH512_C_M_AXI_AWUSER_WIDTH1_C_M_AXI_ARUSER_WIDTH1_C_M_AXI_WUSER_WIDTH1_C_M_AXI_RUSER_WIDTH1_C_M_AXI_BUSER_WIDTH1_C_USER_VALUE0_C_PROT_VALUE0_C_CACHE_VALUE3_USER_DW512_USER_AW64_USER_MAXREQS7_USER_RFIFONUM_WIDTH9_226
gmem0_m_axi_U/clk_gate_load_unit_buff_rdata_genblk1_U_fifo_mem_mem_reg_183_       3.9900     0.0      0.0000      3.9900 0.0000 SNPS_CLOCK_GATE_HIGH_tinytpu_isa_gmem0_m_axi_CONSERVATIVE1_NUM_READ_OUTSTANDING16_NUM_WRITE_OUTSTANDING16_MAX_READ_BURST_LENGTH16_MAX_WRITE_BURST_LENGTH16_C_M_AXI_ID_WIDTH1_C_M_AXI_ADDR_WIDTH64_C_M_AXI_DATA_WIDTH512_C_M_AXI_AWUSER_WIDTH1_C_M_AXI_ARUSER_WIDTH1_C_M_AXI_WUSER_WIDTH1_C_M_AXI_RUSER_WIDTH1_C_M_AXI_BUSER_WIDTH1_C_USER_VALUE0_C_PROT_VALUE0_C_CACHE_VALUE3_USER_DW512_USER_AW64_USER_MAXREQS7_USER_RFIFONUM_WIDTH9_227
gmem0_m_axi_U/clk_gate_load_unit_buff_rdata_genblk1_U_fifo_mem_mem_reg_184_       3.9900     0.0      0.0000      3.9900 0.0000 SNPS_CLOCK_GATE_HIGH_tinytpu_isa_gmem0_m_axi_CONSERVATIVE1_NUM_READ_OUTSTANDING16_NUM_WRITE_OUTSTANDING16_MAX_READ_BURST_LENGTH16_MAX_WRITE_BURST_LENGTH16_C_M_AXI_ID_WIDTH1_C_M_AXI_ADDR_WIDTH64_C_M_AXI_DATA_WIDTH512_C_M_AXI_AWUSER_WIDTH1_C_M_AXI_ARUSER_WIDTH1_C_M_AXI_WUSER_WIDTH1_C_M_AXI_RUSER_WIDTH1_C_M_AXI_BUSER_WIDTH1_C_USER_VALUE0_C_PROT_VALUE0_C_CACHE_VALUE3_USER_DW512_USER_AW64_USER_MAXREQS7_USER_RFIFONUM_WIDTH9_228
gmem0_m_axi_U/clk_gate_load_unit_buff_rdata_genblk1_U_fifo_mem_mem_reg_185_       3.9900     0.0      0.0000      3.9900 0.0000 SNPS_CLOCK_GATE_HIGH_tinytpu_isa_gmem0_m_axi_CONSERVATIVE1_NUM_READ_OUTSTANDING16_NUM_WRITE_OUTSTANDING16_MAX_READ_BURST_LENGTH16_MAX_WRITE_BURST_LENGTH16_C_M_AXI_ID_WIDTH1_C_M_AXI_ADDR_WIDTH64_C_M_AXI_DATA_WIDTH512_C_M_AXI_AWUSER_WIDTH1_C_M_AXI_ARUSER_WIDTH1_C_M_AXI_WUSER_WIDTH1_C_M_AXI_RUSER_WIDTH1_C_M_AXI_BUSER_WIDTH1_C_USER_VALUE0_C_PROT_VALUE0_C_CACHE_VALUE3_USER_DW512_USER_AW64_USER_MAXREQS7_USER_RFIFONUM_WIDTH9_229
gmem0_m_axi_U/clk_gate_load_unit_buff_rdata_genblk1_U_fifo_mem_mem_reg_186_       3.9900     0.0      0.0000      3.9900 0.0000 SNPS_CLOCK_GATE_HIGH_tinytpu_isa_gmem0_m_axi_CONSERVATIVE1_NUM_READ_OUTSTANDING16_NUM_WRITE_OUTSTANDING16_MAX_READ_BURST_LENGTH16_MAX_WRITE_BURST_LENGTH16_C_M_AXI_ID_WIDTH1_C_M_AXI_ADDR_WIDTH64_C_M_AXI_DATA_WIDTH512_C_M_AXI_AWUSER_WIDTH1_C_M_AXI_ARUSER_WIDTH1_C_M_AXI_WUSER_WIDTH1_C_M_AXI_RUSER_WIDTH1_C_M_AXI_BUSER_WIDTH1_C_USER_VALUE0_C_PROT_VALUE0_C_CACHE_VALUE3_USER_DW512_USER_AW64_USER_MAXREQS7_USER_RFIFONUM_WIDTH9_230
gmem0_m_axi_U/clk_gate_load_unit_buff_rdata_genblk1_U_fifo_mem_mem_reg_187_       3.9900     0.0      0.0000      3.9900 0.0000 SNPS_CLOCK_GATE_HIGH_tinytpu_isa_gmem0_m_axi_CONSERVATIVE1_NUM_READ_OUTSTANDING16_NUM_WRITE_OUTSTANDING16_MAX_READ_BURST_LENGTH16_MAX_WRITE_BURST_LENGTH16_C_M_AXI_ID_WIDTH1_C_M_AXI_ADDR_WIDTH64_C_M_AXI_DATA_WIDTH512_C_M_AXI_AWUSER_WIDTH1_C_M_AXI_ARUSER_WIDTH1_C_M_AXI_WUSER_WIDTH1_C_M_AXI_RUSER_WIDTH1_C_M_AXI_BUSER_WIDTH1_C_USER_VALUE0_C_PROT_VALUE0_C_CACHE_VALUE3_USER_DW512_USER_AW64_USER_MAXREQS7_USER_RFIFONUM_WIDTH9_231
gmem0_m_axi_U/clk_gate_load_unit_buff_rdata_genblk1_U_fifo_mem_mem_reg_188_       3.9900     0.0      0.0000      3.9900 0.0000 SNPS_CLOCK_GATE_HIGH_tinytpu_isa_gmem0_m_axi_CONSERVATIVE1_NUM_READ_OUTSTANDING16_NUM_WRITE_OUTSTANDING16_MAX_READ_BURST_LENGTH16_MAX_WRITE_BURST_LENGTH16_C_M_AXI_ID_WIDTH1_C_M_AXI_ADDR_WIDTH64_C_M_AXI_DATA_WIDTH512_C_M_AXI_AWUSER_WIDTH1_C_M_AXI_ARUSER_WIDTH1_C_M_AXI_WUSER_WIDTH1_C_M_AXI_RUSER_WIDTH1_C_M_AXI_BUSER_WIDTH1_C_USER_VALUE0_C_PROT_VALUE0_C_CACHE_VALUE3_USER_DW512_USER_AW64_USER_MAXREQS7_USER_RFIFONUM_WIDTH9_232
gmem0_m_axi_U/clk_gate_load_unit_buff_rdata_genblk1_U_fifo_mem_mem_reg_189_       3.9900     0.0      0.0000      3.9900 0.0000 SNPS_CLOCK_GATE_HIGH_tinytpu_isa_gmem0_m_axi_CONSERVATIVE1_NUM_READ_OUTSTANDING16_NUM_WRITE_OUTSTANDING16_MAX_READ_BURST_LENGTH16_MAX_WRITE_BURST_LENGTH16_C_M_AXI_ID_WIDTH1_C_M_AXI_ADDR_WIDTH64_C_M_AXI_DATA_WIDTH512_C_M_AXI_AWUSER_WIDTH1_C_M_AXI_ARUSER_WIDTH1_C_M_AXI_WUSER_WIDTH1_C_M_AXI_RUSER_WIDTH1_C_M_AXI_BUSER_WIDTH1_C_USER_VALUE0_C_PROT_VALUE0_C_CACHE_VALUE3_USER_DW512_USER_AW64_USER_MAXREQS7_USER_RFIFONUM_WIDTH9_233
gmem0_m_axi_U/clk_gate_load_unit_buff_rdata_genblk1_U_fifo_mem_mem_reg_18_       3.9900     0.0      0.0000      3.9900 0.0000 SNPS_CLOCK_GATE_HIGH_tinytpu_isa_gmem0_m_axi_CONSERVATIVE1_NUM_READ_OUTSTANDING16_NUM_WRITE_OUTSTANDING16_MAX_READ_BURST_LENGTH16_MAX_WRITE_BURST_LENGTH16_C_M_AXI_ID_WIDTH1_C_M_AXI_ADDR_WIDTH64_C_M_AXI_DATA_WIDTH512_C_M_AXI_AWUSER_WIDTH1_C_M_AXI_ARUSER_WIDTH1_C_M_AXI_WUSER_WIDTH1_C_M_AXI_RUSER_WIDTH1_C_M_AXI_BUSER_WIDTH1_C_USER_VALUE0_C_PROT_VALUE0_C_CACHE_VALUE3_USER_DW512_USER_AW64_USER_MAXREQS7_USER_RFIFONUM_WIDTH9_62
gmem0_m_axi_U/clk_gate_load_unit_buff_rdata_genblk1_U_fifo_mem_mem_reg_190_       3.9900     0.0      0.0000      3.9900 0.0000 SNPS_CLOCK_GATE_HIGH_tinytpu_isa_gmem0_m_axi_CONSERVATIVE1_NUM_READ_OUTSTANDING16_NUM_WRITE_OUTSTANDING16_MAX_READ_BURST_LENGTH16_MAX_WRITE_BURST_LENGTH16_C_M_AXI_ID_WIDTH1_C_M_AXI_ADDR_WIDTH64_C_M_AXI_DATA_WIDTH512_C_M_AXI_AWUSER_WIDTH1_C_M_AXI_ARUSER_WIDTH1_C_M_AXI_WUSER_WIDTH1_C_M_AXI_RUSER_WIDTH1_C_M_AXI_BUSER_WIDTH1_C_USER_VALUE0_C_PROT_VALUE0_C_CACHE_VALUE3_USER_DW512_USER_AW64_USER_MAXREQS7_USER_RFIFONUM_WIDTH9_234
gmem0_m_axi_U/clk_gate_load_unit_buff_rdata_genblk1_U_fifo_mem_mem_reg_191_       3.9900     0.0      0.0000      3.9900 0.0000 SNPS_CLOCK_GATE_HIGH_tinytpu_isa_gmem0_m_axi_CONSERVATIVE1_NUM_READ_OUTSTANDING16_NUM_WRITE_OUTSTANDING16_MAX_READ_BURST_LENGTH16_MAX_WRITE_BURST_LENGTH16_C_M_AXI_ID_WIDTH1_C_M_AXI_ADDR_WIDTH64_C_M_AXI_DATA_WIDTH512_C_M_AXI_AWUSER_WIDTH1_C_M_AXI_ARUSER_WIDTH1_C_M_AXI_WUSER_WIDTH1_C_M_AXI_RUSER_WIDTH1_C_M_AXI_BUSER_WIDTH1_C_USER_VALUE0_C_PROT_VALUE0_C_CACHE_VALUE3_USER_DW512_USER_AW64_USER_MAXREQS7_USER_RFIFONUM_WIDTH9_235
gmem0_m_axi_U/clk_gate_load_unit_buff_rdata_genblk1_U_fifo_mem_mem_reg_192_       3.9900     0.0      0.0000      3.9900 0.0000 SNPS_CLOCK_GATE_HIGH_tinytpu_isa_gmem0_m_axi_CONSERVATIVE1_NUM_READ_OUTSTANDING16_NUM_WRITE_OUTSTANDING16_MAX_READ_BURST_LENGTH16_MAX_WRITE_BURST_LENGTH16_C_M_AXI_ID_WIDTH1_C_M_AXI_ADDR_WIDTH64_C_M_AXI_DATA_WIDTH512_C_M_AXI_AWUSER_WIDTH1_C_M_AXI_ARUSER_WIDTH1_C_M_AXI_WUSER_WIDTH1_C_M_AXI_RUSER_WIDTH1_C_M_AXI_BUSER_WIDTH1_C_USER_VALUE0_C_PROT_VALUE0_C_CACHE_VALUE3_USER_DW512_USER_AW64_USER_MAXREQS7_USER_RFIFONUM_WIDTH9_236
gmem0_m_axi_U/clk_gate_load_unit_buff_rdata_genblk1_U_fifo_mem_mem_reg_193_       3.9900     0.0      0.0000      3.9900 0.0000 SNPS_CLOCK_GATE_HIGH_tinytpu_isa_gmem0_m_axi_CONSERVATIVE1_NUM_READ_OUTSTANDING16_NUM_WRITE_OUTSTANDING16_MAX_READ_BURST_LENGTH16_MAX_WRITE_BURST_LENGTH16_C_M_AXI_ID_WIDTH1_C_M_AXI_ADDR_WIDTH64_C_M_AXI_DATA_WIDTH512_C_M_AXI_AWUSER_WIDTH1_C_M_AXI_ARUSER_WIDTH1_C_M_AXI_WUSER_WIDTH1_C_M_AXI_RUSER_WIDTH1_C_M_AXI_BUSER_WIDTH1_C_USER_VALUE0_C_PROT_VALUE0_C_CACHE_VALUE3_USER_DW512_USER_AW64_USER_MAXREQS7_USER_RFIFONUM_WIDTH9_237
gmem0_m_axi_U/clk_gate_load_unit_buff_rdata_genblk1_U_fifo_mem_mem_reg_194_       3.9900     0.0      0.0000      3.9900 0.0000 SNPS_CLOCK_GATE_HIGH_tinytpu_isa_gmem0_m_axi_CONSERVATIVE1_NUM_READ_OUTSTANDING16_NUM_WRITE_OUTSTANDING16_MAX_READ_BURST_LENGTH16_MAX_WRITE_BURST_LENGTH16_C_M_AXI_ID_WIDTH1_C_M_AXI_ADDR_WIDTH64_C_M_AXI_DATA_WIDTH512_C_M_AXI_AWUSER_WIDTH1_C_M_AXI_ARUSER_WIDTH1_C_M_AXI_WUSER_WIDTH1_C_M_AXI_RUSER_WIDTH1_C_M_AXI_BUSER_WIDTH1_C_USER_VALUE0_C_PROT_VALUE0_C_CACHE_VALUE3_USER_DW512_USER_AW64_USER_MAXREQS7_USER_RFIFONUM_WIDTH9_238
gmem0_m_axi_U/clk_gate_load_unit_buff_rdata_genblk1_U_fifo_mem_mem_reg_195_       3.9900     0.0      0.0000      3.9900 0.0000 SNPS_CLOCK_GATE_HIGH_tinytpu_isa_gmem0_m_axi_CONSERVATIVE1_NUM_READ_OUTSTANDING16_NUM_WRITE_OUTSTANDING16_MAX_READ_BURST_LENGTH16_MAX_WRITE_BURST_LENGTH16_C_M_AXI_ID_WIDTH1_C_M_AXI_ADDR_WIDTH64_C_M_AXI_DATA_WIDTH512_C_M_AXI_AWUSER_WIDTH1_C_M_AXI_ARUSER_WIDTH1_C_M_AXI_WUSER_WIDTH1_C_M_AXI_RUSER_WIDTH1_C_M_AXI_BUSER_WIDTH1_C_USER_VALUE0_C_PROT_VALUE0_C_CACHE_VALUE3_USER_DW512_USER_AW64_USER_MAXREQS7_USER_RFIFONUM_WIDTH9_239
gmem0_m_axi_U/clk_gate_load_unit_buff_rdata_genblk1_U_fifo_mem_mem_reg_196_       3.9900     0.0      0.0000      3.9900 0.0000 SNPS_CLOCK_GATE_HIGH_tinytpu_isa_gmem0_m_axi_CONSERVATIVE1_NUM_READ_OUTSTANDING16_NUM_WRITE_OUTSTANDING16_MAX_READ_BURST_LENGTH16_MAX_WRITE_BURST_LENGTH16_C_M_AXI_ID_WIDTH1_C_M_AXI_ADDR_WIDTH64_C_M_AXI_DATA_WIDTH512_C_M_AXI_AWUSER_WIDTH1_C_M_AXI_ARUSER_WIDTH1_C_M_AXI_WUSER_WIDTH1_C_M_AXI_RUSER_WIDTH1_C_M_AXI_BUSER_WIDTH1_C_USER_VALUE0_C_PROT_VALUE0_C_CACHE_VALUE3_USER_DW512_USER_AW64_USER_MAXREQS7_USER_RFIFONUM_WIDTH9_240
gmem0_m_axi_U/clk_gate_load_unit_buff_rdata_genblk1_U_fifo_mem_mem_reg_197_       3.9900     0.0      0.0000      3.9900 0.0000 SNPS_CLOCK_GATE_HIGH_tinytpu_isa_gmem0_m_axi_CONSERVATIVE1_NUM_READ_OUTSTANDING16_NUM_WRITE_OUTSTANDING16_MAX_READ_BURST_LENGTH16_MAX_WRITE_BURST_LENGTH16_C_M_AXI_ID_WIDTH1_C_M_AXI_ADDR_WIDTH64_C_M_AXI_DATA_WIDTH512_C_M_AXI_AWUSER_WIDTH1_C_M_AXI_ARUSER_WIDTH1_C_M_AXI_WUSER_WIDTH1_C_M_AXI_RUSER_WIDTH1_C_M_AXI_BUSER_WIDTH1_C_USER_VALUE0_C_PROT_VALUE0_C_CACHE_VALUE3_USER_DW512_USER_AW64_USER_MAXREQS7_USER_RFIFONUM_WIDTH9_241
gmem0_m_axi_U/clk_gate_load_unit_buff_rdata_genblk1_U_fifo_mem_mem_reg_198_       3.9900     0.0      0.0000      3.9900 0.0000 SNPS_CLOCK_GATE_HIGH_tinytpu_isa_gmem0_m_axi_CONSERVATIVE1_NUM_READ_OUTSTANDING16_NUM_WRITE_OUTSTANDING16_MAX_READ_BURST_LENGTH16_MAX_WRITE_BURST_LENGTH16_C_M_AXI_ID_WIDTH1_C_M_AXI_ADDR_WIDTH64_C_M_AXI_DATA_WIDTH512_C_M_AXI_AWUSER_WIDTH1_C_M_AXI_ARUSER_WIDTH1_C_M_AXI_WUSER_WIDTH1_C_M_AXI_RUSER_WIDTH1_C_M_AXI_BUSER_WIDTH1_C_USER_VALUE0_C_PROT_VALUE0_C_CACHE_VALUE3_USER_DW512_USER_AW64_USER_MAXREQS7_USER_RFIFONUM_WIDTH9_242
gmem0_m_axi_U/clk_gate_load_unit_buff_rdata_genblk1_U_fifo_mem_mem_reg_199_       3.9900     0.0      0.0000      3.9900 0.0000 SNPS_CLOCK_GATE_HIGH_tinytpu_isa_gmem0_m_axi_CONSERVATIVE1_NUM_READ_OUTSTANDING16_NUM_WRITE_OUTSTANDING16_MAX_READ_BURST_LENGTH16_MAX_WRITE_BURST_LENGTH16_C_M_AXI_ID_WIDTH1_C_M_AXI_ADDR_WIDTH64_C_M_AXI_DATA_WIDTH512_C_M_AXI_AWUSER_WIDTH1_C_M_AXI_ARUSER_WIDTH1_C_M_AXI_WUSER_WIDTH1_C_M_AXI_RUSER_WIDTH1_C_M_AXI_BUSER_WIDTH1_C_USER_VALUE0_C_PROT_VALUE0_C_CACHE_VALUE3_USER_DW512_USER_AW64_USER_MAXREQS7_USER_RFIFONUM_WIDTH9_243
gmem0_m_axi_U/clk_gate_load_unit_buff_rdata_genblk1_U_fifo_mem_mem_reg_19_       3.9900     0.0      0.0000      3.9900 0.0000 SNPS_CLOCK_GATE_HIGH_tinytpu_isa_gmem0_m_axi_CONSERVATIVE1_NUM_READ_OUTSTANDING16_NUM_WRITE_OUTSTANDING16_MAX_READ_BURST_LENGTH16_MAX_WRITE_BURST_LENGTH16_C_M_AXI_ID_WIDTH1_C_M_AXI_ADDR_WIDTH64_C_M_AXI_DATA_WIDTH512_C_M_AXI_AWUSER_WIDTH1_C_M_AXI_ARUSER_WIDTH1_C_M_AXI_WUSER_WIDTH1_C_M_AXI_RUSER_WIDTH1_C_M_AXI_BUSER_WIDTH1_C_USER_VALUE0_C_PROT_VALUE0_C_CACHE_VALUE3_USER_DW512_USER_AW64_USER_MAXREQS7_USER_RFIFONUM_WIDTH9_63
gmem0_m_axi_U/clk_gate_load_unit_buff_rdata_genblk1_U_fifo_mem_mem_reg_1_       3.9900     0.0      0.0000      3.9900 0.0000 SNPS_CLOCK_GATE_HIGH_tinytpu_isa_gmem0_m_axi_CONSERVATIVE1_NUM_READ_OUTSTANDING16_NUM_WRITE_OUTSTANDING16_MAX_READ_BURST_LENGTH16_MAX_WRITE_BURST_LENGTH16_C_M_AXI_ID_WIDTH1_C_M_AXI_ADDR_WIDTH64_C_M_AXI_DATA_WIDTH512_C_M_AXI_AWUSER_WIDTH1_C_M_AXI_ARUSER_WIDTH1_C_M_AXI_WUSER_WIDTH1_C_M_AXI_RUSER_WIDTH1_C_M_AXI_BUSER_WIDTH1_C_USER_VALUE0_C_PROT_VALUE0_C_CACHE_VALUE3_USER_DW512_USER_AW64_USER_MAXREQS7_USER_RFIFONUM_WIDTH9_45
gmem0_m_axi_U/clk_gate_load_unit_buff_rdata_genblk1_U_fifo_mem_mem_reg_200_       3.9900     0.0      0.0000      3.9900 0.0000 SNPS_CLOCK_GATE_HIGH_tinytpu_isa_gmem0_m_axi_CONSERVATIVE1_NUM_READ_OUTSTANDING16_NUM_WRITE_OUTSTANDING16_MAX_READ_BURST_LENGTH16_MAX_WRITE_BURST_LENGTH16_C_M_AXI_ID_WIDTH1_C_M_AXI_ADDR_WIDTH64_C_M_AXI_DATA_WIDTH512_C_M_AXI_AWUSER_WIDTH1_C_M_AXI_ARUSER_WIDTH1_C_M_AXI_WUSER_WIDTH1_C_M_AXI_RUSER_WIDTH1_C_M_AXI_BUSER_WIDTH1_C_USER_VALUE0_C_PROT_VALUE0_C_CACHE_VALUE3_USER_DW512_USER_AW64_USER_MAXREQS7_USER_RFIFONUM_WIDTH9_244
gmem0_m_axi_U/clk_gate_load_unit_buff_rdata_genblk1_U_fifo_mem_mem_reg_201_       3.9900     0.0      0.0000      3.9900 0.0000 SNPS_CLOCK_GATE_HIGH_tinytpu_isa_gmem0_m_axi_CONSERVATIVE1_NUM_READ_OUTSTANDING16_NUM_WRITE_OUTSTANDING16_MAX_READ_BURST_LENGTH16_MAX_WRITE_BURST_LENGTH16_C_M_AXI_ID_WIDTH1_C_M_AXI_ADDR_WIDTH64_C_M_AXI_DATA_WIDTH512_C_M_AXI_AWUSER_WIDTH1_C_M_AXI_ARUSER_WIDTH1_C_M_AXI_WUSER_WIDTH1_C_M_AXI_RUSER_WIDTH1_C_M_AXI_BUSER_WIDTH1_C_USER_VALUE0_C_PROT_VALUE0_C_CACHE_VALUE3_USER_DW512_USER_AW64_USER_MAXREQS7_USER_RFIFONUM_WIDTH9_245
gmem0_m_axi_U/clk_gate_load_unit_buff_rdata_genblk1_U_fifo_mem_mem_reg_202_       3.9900     0.0      0.0000      3.9900 0.0000 SNPS_CLOCK_GATE_HIGH_tinytpu_isa_gmem0_m_axi_CONSERVATIVE1_NUM_READ_OUTSTANDING16_NUM_WRITE_OUTSTANDING16_MAX_READ_BURST_LENGTH16_MAX_WRITE_BURST_LENGTH16_C_M_AXI_ID_WIDTH1_C_M_AXI_ADDR_WIDTH64_C_M_AXI_DATA_WIDTH512_C_M_AXI_AWUSER_WIDTH1_C_M_AXI_ARUSER_WIDTH1_C_M_AXI_WUSER_WIDTH1_C_M_AXI_RUSER_WIDTH1_C_M_AXI_BUSER_WIDTH1_C_USER_VALUE0_C_PROT_VALUE0_C_CACHE_VALUE3_USER_DW512_USER_AW64_USER_MAXREQS7_USER_RFIFONUM_WIDTH9_246
gmem0_m_axi_U/clk_gate_load_unit_buff_rdata_genblk1_U_fifo_mem_mem_reg_203_       3.9900     0.0      0.0000      3.9900 0.0000 SNPS_CLOCK_GATE_HIGH_tinytpu_isa_gmem0_m_axi_CONSERVATIVE1_NUM_READ_OUTSTANDING16_NUM_WRITE_OUTSTANDING16_MAX_READ_BURST_LENGTH16_MAX_WRITE_BURST_LENGTH16_C_M_AXI_ID_WIDTH1_C_M_AXI_ADDR_WIDTH64_C_M_AXI_DATA_WIDTH512_C_M_AXI_AWUSER_WIDTH1_C_M_AXI_ARUSER_WIDTH1_C_M_AXI_WUSER_WIDTH1_C_M_AXI_RUSER_WIDTH1_C_M_AXI_BUSER_WIDTH1_C_USER_VALUE0_C_PROT_VALUE0_C_CACHE_VALUE3_USER_DW512_USER_AW64_USER_MAXREQS7_USER_RFIFONUM_WIDTH9_247
gmem0_m_axi_U/clk_gate_load_unit_buff_rdata_genblk1_U_fifo_mem_mem_reg_204_       3.9900     0.0      0.0000      3.9900 0.0000 SNPS_CLOCK_GATE_HIGH_tinytpu_isa_gmem0_m_axi_CONSERVATIVE1_NUM_READ_OUTSTANDING16_NUM_WRITE_OUTSTANDING16_MAX_READ_BURST_LENGTH16_MAX_WRITE_BURST_LENGTH16_C_M_AXI_ID_WIDTH1_C_M_AXI_ADDR_WIDTH64_C_M_AXI_DATA_WIDTH512_C_M_AXI_AWUSER_WIDTH1_C_M_AXI_ARUSER_WIDTH1_C_M_AXI_WUSER_WIDTH1_C_M_AXI_RUSER_WIDTH1_C_M_AXI_BUSER_WIDTH1_C_USER_VALUE0_C_PROT_VALUE0_C_CACHE_VALUE3_USER_DW512_USER_AW64_USER_MAXREQS7_USER_RFIFONUM_WIDTH9_248
gmem0_m_axi_U/clk_gate_load_unit_buff_rdata_genblk1_U_fifo_mem_mem_reg_205_       3.9900     0.0      0.0000      3.9900 0.0000 SNPS_CLOCK_GATE_HIGH_tinytpu_isa_gmem0_m_axi_CONSERVATIVE1_NUM_READ_OUTSTANDING16_NUM_WRITE_OUTSTANDING16_MAX_READ_BURST_LENGTH16_MAX_WRITE_BURST_LENGTH16_C_M_AXI_ID_WIDTH1_C_M_AXI_ADDR_WIDTH64_C_M_AXI_DATA_WIDTH512_C_M_AXI_AWUSER_WIDTH1_C_M_AXI_ARUSER_WIDTH1_C_M_AXI_WUSER_WIDTH1_C_M_AXI_RUSER_WIDTH1_C_M_AXI_BUSER_WIDTH1_C_USER_VALUE0_C_PROT_VALUE0_C_CACHE_VALUE3_USER_DW512_USER_AW64_USER_MAXREQS7_USER_RFIFONUM_WIDTH9_249
gmem0_m_axi_U/clk_gate_load_unit_buff_rdata_genblk1_U_fifo_mem_mem_reg_206_       3.9900     0.0      0.0000      3.9900 0.0000 SNPS_CLOCK_GATE_HIGH_tinytpu_isa_gmem0_m_axi_CONSERVATIVE1_NUM_READ_OUTSTANDING16_NUM_WRITE_OUTSTANDING16_MAX_READ_BURST_LENGTH16_MAX_WRITE_BURST_LENGTH16_C_M_AXI_ID_WIDTH1_C_M_AXI_ADDR_WIDTH64_C_M_AXI_DATA_WIDTH512_C_M_AXI_AWUSER_WIDTH1_C_M_AXI_ARUSER_WIDTH1_C_M_AXI_WUSER_WIDTH1_C_M_AXI_RUSER_WIDTH1_C_M_AXI_BUSER_WIDTH1_C_USER_VALUE0_C_PROT_VALUE0_C_CACHE_VALUE3_USER_DW512_USER_AW64_USER_MAXREQS7_USER_RFIFONUM_WIDTH9_250
gmem0_m_axi_U/clk_gate_load_unit_buff_rdata_genblk1_U_fifo_mem_mem_reg_207_       3.9900     0.0      0.0000      3.9900 0.0000 SNPS_CLOCK_GATE_HIGH_tinytpu_isa_gmem0_m_axi_CONSERVATIVE1_NUM_READ_OUTSTANDING16_NUM_WRITE_OUTSTANDING16_MAX_READ_BURST_LENGTH16_MAX_WRITE_BURST_LENGTH16_C_M_AXI_ID_WIDTH1_C_M_AXI_ADDR_WIDTH64_C_M_AXI_DATA_WIDTH512_C_M_AXI_AWUSER_WIDTH1_C_M_AXI_ARUSER_WIDTH1_C_M_AXI_WUSER_WIDTH1_C_M_AXI_RUSER_WIDTH1_C_M_AXI_BUSER_WIDTH1_C_USER_VALUE0_C_PROT_VALUE0_C_CACHE_VALUE3_USER_DW512_USER_AW64_USER_MAXREQS7_USER_RFIFONUM_WIDTH9_251
gmem0_m_axi_U/clk_gate_load_unit_buff_rdata_genblk1_U_fifo_mem_mem_reg_208_       3.9900     0.0      0.0000      3.9900 0.0000 SNPS_CLOCK_GATE_HIGH_tinytpu_isa_gmem0_m_axi_CONSERVATIVE1_NUM_READ_OUTSTANDING16_NUM_WRITE_OUTSTANDING16_MAX_READ_BURST_LENGTH16_MAX_WRITE_BURST_LENGTH16_C_M_AXI_ID_WIDTH1_C_M_AXI_ADDR_WIDTH64_C_M_AXI_DATA_WIDTH512_C_M_AXI_AWUSER_WIDTH1_C_M_AXI_ARUSER_WIDTH1_C_M_AXI_WUSER_WIDTH1_C_M_AXI_RUSER_WIDTH1_C_M_AXI_BUSER_WIDTH1_C_USER_VALUE0_C_PROT_VALUE0_C_CACHE_VALUE3_USER_DW512_USER_AW64_USER_MAXREQS7_USER_RFIFONUM_WIDTH9_252
gmem0_m_axi_U/clk_gate_load_unit_buff_rdata_genblk1_U_fifo_mem_mem_reg_209_       3.9900     0.0      0.0000      3.9900 0.0000 SNPS_CLOCK_GATE_HIGH_tinytpu_isa_gmem0_m_axi_CONSERVATIVE1_NUM_READ_OUTSTANDING16_NUM_WRITE_OUTSTANDING16_MAX_READ_BURST_LENGTH16_MAX_WRITE_BURST_LENGTH16_C_M_AXI_ID_WIDTH1_C_M_AXI_ADDR_WIDTH64_C_M_AXI_DATA_WIDTH512_C_M_AXI_AWUSER_WIDTH1_C_M_AXI_ARUSER_WIDTH1_C_M_AXI_WUSER_WIDTH1_C_M_AXI_RUSER_WIDTH1_C_M_AXI_BUSER_WIDTH1_C_USER_VALUE0_C_PROT_VALUE0_C_CACHE_VALUE3_USER_DW512_USER_AW64_USER_MAXREQS7_USER_RFIFONUM_WIDTH9_253
gmem0_m_axi_U/clk_gate_load_unit_buff_rdata_genblk1_U_fifo_mem_mem_reg_20_       3.9900     0.0      0.0000      3.9900 0.0000 SNPS_CLOCK_GATE_HIGH_tinytpu_isa_gmem0_m_axi_CONSERVATIVE1_NUM_READ_OUTSTANDING16_NUM_WRITE_OUTSTANDING16_MAX_READ_BURST_LENGTH16_MAX_WRITE_BURST_LENGTH16_C_M_AXI_ID_WIDTH1_C_M_AXI_ADDR_WIDTH64_C_M_AXI_DATA_WIDTH512_C_M_AXI_AWUSER_WIDTH1_C_M_AXI_ARUSER_WIDTH1_C_M_AXI_WUSER_WIDTH1_C_M_AXI_RUSER_WIDTH1_C_M_AXI_BUSER_WIDTH1_C_USER_VALUE0_C_PROT_VALUE0_C_CACHE_VALUE3_USER_DW512_USER_AW64_USER_MAXREQS7_USER_RFIFONUM_WIDTH9_64
gmem0_m_axi_U/clk_gate_load_unit_buff_rdata_genblk1_U_fifo_mem_mem_reg_210_       3.9900     0.0      0.0000      3.9900 0.0000 SNPS_CLOCK_GATE_HIGH_tinytpu_isa_gmem0_m_axi_CONSERVATIVE1_NUM_READ_OUTSTANDING16_NUM_WRITE_OUTSTANDING16_MAX_READ_BURST_LENGTH16_MAX_WRITE_BURST_LENGTH16_C_M_AXI_ID_WIDTH1_C_M_AXI_ADDR_WIDTH64_C_M_AXI_DATA_WIDTH512_C_M_AXI_AWUSER_WIDTH1_C_M_AXI_ARUSER_WIDTH1_C_M_AXI_WUSER_WIDTH1_C_M_AXI_RUSER_WIDTH1_C_M_AXI_BUSER_WIDTH1_C_USER_VALUE0_C_PROT_VALUE0_C_CACHE_VALUE3_USER_DW512_USER_AW64_USER_MAXREQS7_USER_RFIFONUM_WIDTH9_254
gmem0_m_axi_U/clk_gate_load_unit_buff_rdata_genblk1_U_fifo_mem_mem_reg_211_       3.9900     0.0      0.0000      3.9900 0.0000 SNPS_CLOCK_GATE_HIGH_tinytpu_isa_gmem0_m_axi_CONSERVATIVE1_NUM_READ_OUTSTANDING16_NUM_WRITE_OUTSTANDING16_MAX_READ_BURST_LENGTH16_MAX_WRITE_BURST_LENGTH16_C_M_AXI_ID_WIDTH1_C_M_AXI_ADDR_WIDTH64_C_M_AXI_DATA_WIDTH512_C_M_AXI_AWUSER_WIDTH1_C_M_AXI_ARUSER_WIDTH1_C_M_AXI_WUSER_WIDTH1_C_M_AXI_RUSER_WIDTH1_C_M_AXI_BUSER_WIDTH1_C_USER_VALUE0_C_PROT_VALUE0_C_CACHE_VALUE3_USER_DW512_USER_AW64_USER_MAXREQS7_USER_RFIFONUM_WIDTH9_255
gmem0_m_axi_U/clk_gate_load_unit_buff_rdata_genblk1_U_fifo_mem_mem_reg_212_       3.9900     0.0      0.0000      3.9900 0.0000 SNPS_CLOCK_GATE_HIGH_tinytpu_isa_gmem0_m_axi_CONSERVATIVE1_NUM_READ_OUTSTANDING16_NUM_WRITE_OUTSTANDING16_MAX_READ_BURST_LENGTH16_MAX_WRITE_BURST_LENGTH16_C_M_AXI_ID_WIDTH1_C_M_AXI_ADDR_WIDTH64_C_M_AXI_DATA_WIDTH512_C_M_AXI_AWUSER_WIDTH1_C_M_AXI_ARUSER_WIDTH1_C_M_AXI_WUSER_WIDTH1_C_M_AXI_RUSER_WIDTH1_C_M_AXI_BUSER_WIDTH1_C_USER_VALUE0_C_PROT_VALUE0_C_CACHE_VALUE3_USER_DW512_USER_AW64_USER_MAXREQS7_USER_RFIFONUM_WIDTH9_256
gmem0_m_axi_U/clk_gate_load_unit_buff_rdata_genblk1_U_fifo_mem_mem_reg_213_       3.9900     0.0      0.0000      3.9900 0.0000 SNPS_CLOCK_GATE_HIGH_tinytpu_isa_gmem0_m_axi_CONSERVATIVE1_NUM_READ_OUTSTANDING16_NUM_WRITE_OUTSTANDING16_MAX_READ_BURST_LENGTH16_MAX_WRITE_BURST_LENGTH16_C_M_AXI_ID_WIDTH1_C_M_AXI_ADDR_WIDTH64_C_M_AXI_DATA_WIDTH512_C_M_AXI_AWUSER_WIDTH1_C_M_AXI_ARUSER_WIDTH1_C_M_AXI_WUSER_WIDTH1_C_M_AXI_RUSER_WIDTH1_C_M_AXI_BUSER_WIDTH1_C_USER_VALUE0_C_PROT_VALUE0_C_CACHE_VALUE3_USER_DW512_USER_AW64_USER_MAXREQS7_USER_RFIFONUM_WIDTH9_257
gmem0_m_axi_U/clk_gate_load_unit_buff_rdata_genblk1_U_fifo_mem_mem_reg_214_       3.9900     0.0      0.0000      3.9900 0.0000 SNPS_CLOCK_GATE_HIGH_tinytpu_isa_gmem0_m_axi_CONSERVATIVE1_NUM_READ_OUTSTANDING16_NUM_WRITE_OUTSTANDING16_MAX_READ_BURST_LENGTH16_MAX_WRITE_BURST_LENGTH16_C_M_AXI_ID_WIDTH1_C_M_AXI_ADDR_WIDTH64_C_M_AXI_DATA_WIDTH512_C_M_AXI_AWUSER_WIDTH1_C_M_AXI_ARUSER_WIDTH1_C_M_AXI_WUSER_WIDTH1_C_M_AXI_RUSER_WIDTH1_C_M_AXI_BUSER_WIDTH1_C_USER_VALUE0_C_PROT_VALUE0_C_CACHE_VALUE3_USER_DW512_USER_AW64_USER_MAXREQS7_USER_RFIFONUM_WIDTH9_258
gmem0_m_axi_U/clk_gate_load_unit_buff_rdata_genblk1_U_fifo_mem_mem_reg_215_       3.9900     0.0      0.0000      3.9900 0.0000 SNPS_CLOCK_GATE_HIGH_tinytpu_isa_gmem0_m_axi_CONSERVATIVE1_NUM_READ_OUTSTANDING16_NUM_WRITE_OUTSTANDING16_MAX_READ_BURST_LENGTH16_MAX_WRITE_BURST_LENGTH16_C_M_AXI_ID_WIDTH1_C_M_AXI_ADDR_WIDTH64_C_M_AXI_DATA_WIDTH512_C_M_AXI_AWUSER_WIDTH1_C_M_AXI_ARUSER_WIDTH1_C_M_AXI_WUSER_WIDTH1_C_M_AXI_RUSER_WIDTH1_C_M_AXI_BUSER_WIDTH1_C_USER_VALUE0_C_PROT_VALUE0_C_CACHE_VALUE3_USER_DW512_USER_AW64_USER_MAXREQS7_USER_RFIFONUM_WIDTH9_259
gmem0_m_axi_U/clk_gate_load_unit_buff_rdata_genblk1_U_fifo_mem_mem_reg_216_       3.9900     0.0      0.0000      3.9900 0.0000 SNPS_CLOCK_GATE_HIGH_tinytpu_isa_gmem0_m_axi_CONSERVATIVE1_NUM_READ_OUTSTANDING16_NUM_WRITE_OUTSTANDING16_MAX_READ_BURST_LENGTH16_MAX_WRITE_BURST_LENGTH16_C_M_AXI_ID_WIDTH1_C_M_AXI_ADDR_WIDTH64_C_M_AXI_DATA_WIDTH512_C_M_AXI_AWUSER_WIDTH1_C_M_AXI_ARUSER_WIDTH1_C_M_AXI_WUSER_WIDTH1_C_M_AXI_RUSER_WIDTH1_C_M_AXI_BUSER_WIDTH1_C_USER_VALUE0_C_PROT_VALUE0_C_CACHE_VALUE3_USER_DW512_USER_AW64_USER_MAXREQS7_USER_RFIFONUM_WIDTH9_260
gmem0_m_axi_U/clk_gate_load_unit_buff_rdata_genblk1_U_fifo_mem_mem_reg_217_       3.9900     0.0      0.0000      3.9900 0.0000 SNPS_CLOCK_GATE_HIGH_tinytpu_isa_gmem0_m_axi_CONSERVATIVE1_NUM_READ_OUTSTANDING16_NUM_WRITE_OUTSTANDING16_MAX_READ_BURST_LENGTH16_MAX_WRITE_BURST_LENGTH16_C_M_AXI_ID_WIDTH1_C_M_AXI_ADDR_WIDTH64_C_M_AXI_DATA_WIDTH512_C_M_AXI_AWUSER_WIDTH1_C_M_AXI_ARUSER_WIDTH1_C_M_AXI_WUSER_WIDTH1_C_M_AXI_RUSER_WIDTH1_C_M_AXI_BUSER_WIDTH1_C_USER_VALUE0_C_PROT_VALUE0_C_CACHE_VALUE3_USER_DW512_USER_AW64_USER_MAXREQS7_USER_RFIFONUM_WIDTH9_261
gmem0_m_axi_U/clk_gate_load_unit_buff_rdata_genblk1_U_fifo_mem_mem_reg_218_       3.9900     0.0      0.0000      3.9900 0.0000 SNPS_CLOCK_GATE_HIGH_tinytpu_isa_gmem0_m_axi_CONSERVATIVE1_NUM_READ_OUTSTANDING16_NUM_WRITE_OUTSTANDING16_MAX_READ_BURST_LENGTH16_MAX_WRITE_BURST_LENGTH16_C_M_AXI_ID_WIDTH1_C_M_AXI_ADDR_WIDTH64_C_M_AXI_DATA_WIDTH512_C_M_AXI_AWUSER_WIDTH1_C_M_AXI_ARUSER_WIDTH1_C_M_AXI_WUSER_WIDTH1_C_M_AXI_RUSER_WIDTH1_C_M_AXI_BUSER_WIDTH1_C_USER_VALUE0_C_PROT_VALUE0_C_CACHE_VALUE3_USER_DW512_USER_AW64_USER_MAXREQS7_USER_RFIFONUM_WIDTH9_262
gmem0_m_axi_U/clk_gate_load_unit_buff_rdata_genblk1_U_fifo_mem_mem_reg_219_       3.9900     0.0      0.0000      3.9900 0.0000 SNPS_CLOCK_GATE_HIGH_tinytpu_isa_gmem0_m_axi_CONSERVATIVE1_NUM_READ_OUTSTANDING16_NUM_WRITE_OUTSTANDING16_MAX_READ_BURST_LENGTH16_MAX_WRITE_BURST_LENGTH16_C_M_AXI_ID_WIDTH1_C_M_AXI_ADDR_WIDTH64_C_M_AXI_DATA_WIDTH512_C_M_AXI_AWUSER_WIDTH1_C_M_AXI_ARUSER_WIDTH1_C_M_AXI_WUSER_WIDTH1_C_M_AXI_RUSER_WIDTH1_C_M_AXI_BUSER_WIDTH1_C_USER_VALUE0_C_PROT_VALUE0_C_CACHE_VALUE3_USER_DW512_USER_AW64_USER_MAXREQS7_USER_RFIFONUM_WIDTH9_263
gmem0_m_axi_U/clk_gate_load_unit_buff_rdata_genblk1_U_fifo_mem_mem_reg_21_       3.9900     0.0      0.0000      3.9900 0.0000 SNPS_CLOCK_GATE_HIGH_tinytpu_isa_gmem0_m_axi_CONSERVATIVE1_NUM_READ_OUTSTANDING16_NUM_WRITE_OUTSTANDING16_MAX_READ_BURST_LENGTH16_MAX_WRITE_BURST_LENGTH16_C_M_AXI_ID_WIDTH1_C_M_AXI_ADDR_WIDTH64_C_M_AXI_DATA_WIDTH512_C_M_AXI_AWUSER_WIDTH1_C_M_AXI_ARUSER_WIDTH1_C_M_AXI_WUSER_WIDTH1_C_M_AXI_RUSER_WIDTH1_C_M_AXI_BUSER_WIDTH1_C_USER_VALUE0_C_PROT_VALUE0_C_CACHE_VALUE3_USER_DW512_USER_AW64_USER_MAXREQS7_USER_RFIFONUM_WIDTH9_65
gmem0_m_axi_U/clk_gate_load_unit_buff_rdata_genblk1_U_fifo_mem_mem_reg_220_       3.9900     0.0      0.0000      3.9900 0.0000 SNPS_CLOCK_GATE_HIGH_tinytpu_isa_gmem0_m_axi_CONSERVATIVE1_NUM_READ_OUTSTANDING16_NUM_WRITE_OUTSTANDING16_MAX_READ_BURST_LENGTH16_MAX_WRITE_BURST_LENGTH16_C_M_AXI_ID_WIDTH1_C_M_AXI_ADDR_WIDTH64_C_M_AXI_DATA_WIDTH512_C_M_AXI_AWUSER_WIDTH1_C_M_AXI_ARUSER_WIDTH1_C_M_AXI_WUSER_WIDTH1_C_M_AXI_RUSER_WIDTH1_C_M_AXI_BUSER_WIDTH1_C_USER_VALUE0_C_PROT_VALUE0_C_CACHE_VALUE3_USER_DW512_USER_AW64_USER_MAXREQS7_USER_RFIFONUM_WIDTH9_264
gmem0_m_axi_U/clk_gate_load_unit_buff_rdata_genblk1_U_fifo_mem_mem_reg_221_       3.9900     0.0      0.0000      3.9900 0.0000 SNPS_CLOCK_GATE_HIGH_tinytpu_isa_gmem0_m_axi_CONSERVATIVE1_NUM_READ_OUTSTANDING16_NUM_WRITE_OUTSTANDING16_MAX_READ_BURST_LENGTH16_MAX_WRITE_BURST_LENGTH16_C_M_AXI_ID_WIDTH1_C_M_AXI_ADDR_WIDTH64_C_M_AXI_DATA_WIDTH512_C_M_AXI_AWUSER_WIDTH1_C_M_AXI_ARUSER_WIDTH1_C_M_AXI_WUSER_WIDTH1_C_M_AXI_RUSER_WIDTH1_C_M_AXI_BUSER_WIDTH1_C_USER_VALUE0_C_PROT_VALUE0_C_CACHE_VALUE3_USER_DW512_USER_AW64_USER_MAXREQS7_USER_RFIFONUM_WIDTH9_265
gmem0_m_axi_U/clk_gate_load_unit_buff_rdata_genblk1_U_fifo_mem_mem_reg_222_       3.9900     0.0      0.0000      3.9900 0.0000 SNPS_CLOCK_GATE_HIGH_tinytpu_isa_gmem0_m_axi_CONSERVATIVE1_NUM_READ_OUTSTANDING16_NUM_WRITE_OUTSTANDING16_MAX_READ_BURST_LENGTH16_MAX_WRITE_BURST_LENGTH16_C_M_AXI_ID_WIDTH1_C_M_AXI_ADDR_WIDTH64_C_M_AXI_DATA_WIDTH512_C_M_AXI_AWUSER_WIDTH1_C_M_AXI_ARUSER_WIDTH1_C_M_AXI_WUSER_WIDTH1_C_M_AXI_RUSER_WIDTH1_C_M_AXI_BUSER_WIDTH1_C_USER_VALUE0_C_PROT_VALUE0_C_CACHE_VALUE3_USER_DW512_USER_AW64_USER_MAXREQS7_USER_RFIFONUM_WIDTH9_266
gmem0_m_axi_U/clk_gate_load_unit_buff_rdata_genblk1_U_fifo_mem_mem_reg_223_       3.9900     0.0      0.0000      3.9900 0.0000 SNPS_CLOCK_GATE_HIGH_tinytpu_isa_gmem0_m_axi_CONSERVATIVE1_NUM_READ_OUTSTANDING16_NUM_WRITE_OUTSTANDING16_MAX_READ_BURST_LENGTH16_MAX_WRITE_BURST_LENGTH16_C_M_AXI_ID_WIDTH1_C_M_AXI_ADDR_WIDTH64_C_M_AXI_DATA_WIDTH512_C_M_AXI_AWUSER_WIDTH1_C_M_AXI_ARUSER_WIDTH1_C_M_AXI_WUSER_WIDTH1_C_M_AXI_RUSER_WIDTH1_C_M_AXI_BUSER_WIDTH1_C_USER_VALUE0_C_PROT_VALUE0_C_CACHE_VALUE3_USER_DW512_USER_AW64_USER_MAXREQS7_USER_RFIFONUM_WIDTH9_267
gmem0_m_axi_U/clk_gate_load_unit_buff_rdata_genblk1_U_fifo_mem_mem_reg_224_       3.9900     0.0      0.0000      3.9900 0.0000 SNPS_CLOCK_GATE_HIGH_tinytpu_isa_gmem0_m_axi_CONSERVATIVE1_NUM_READ_OUTSTANDING16_NUM_WRITE_OUTSTANDING16_MAX_READ_BURST_LENGTH16_MAX_WRITE_BURST_LENGTH16_C_M_AXI_ID_WIDTH1_C_M_AXI_ADDR_WIDTH64_C_M_AXI_DATA_WIDTH512_C_M_AXI_AWUSER_WIDTH1_C_M_AXI_ARUSER_WIDTH1_C_M_AXI_WUSER_WIDTH1_C_M_AXI_RUSER_WIDTH1_C_M_AXI_BUSER_WIDTH1_C_USER_VALUE0_C_PROT_VALUE0_C_CACHE_VALUE3_USER_DW512_USER_AW64_USER_MAXREQS7_USER_RFIFONUM_WIDTH9_268
gmem0_m_axi_U/clk_gate_load_unit_buff_rdata_genblk1_U_fifo_mem_mem_reg_225_       3.9900     0.0      0.0000      3.9900 0.0000 SNPS_CLOCK_GATE_HIGH_tinytpu_isa_gmem0_m_axi_CONSERVATIVE1_NUM_READ_OUTSTANDING16_NUM_WRITE_OUTSTANDING16_MAX_READ_BURST_LENGTH16_MAX_WRITE_BURST_LENGTH16_C_M_AXI_ID_WIDTH1_C_M_AXI_ADDR_WIDTH64_C_M_AXI_DATA_WIDTH512_C_M_AXI_AWUSER_WIDTH1_C_M_AXI_ARUSER_WIDTH1_C_M_AXI_WUSER_WIDTH1_C_M_AXI_RUSER_WIDTH1_C_M_AXI_BUSER_WIDTH1_C_USER_VALUE0_C_PROT_VALUE0_C_CACHE_VALUE3_USER_DW512_USER_AW64_USER_MAXREQS7_USER_RFIFONUM_WIDTH9_269
gmem0_m_axi_U/clk_gate_load_unit_buff_rdata_genblk1_U_fifo_mem_mem_reg_226_       3.9900     0.0      0.0000      3.9900 0.0000 SNPS_CLOCK_GATE_HIGH_tinytpu_isa_gmem0_m_axi_CONSERVATIVE1_NUM_READ_OUTSTANDING16_NUM_WRITE_OUTSTANDING16_MAX_READ_BURST_LENGTH16_MAX_WRITE_BURST_LENGTH16_C_M_AXI_ID_WIDTH1_C_M_AXI_ADDR_WIDTH64_C_M_AXI_DATA_WIDTH512_C_M_AXI_AWUSER_WIDTH1_C_M_AXI_ARUSER_WIDTH1_C_M_AXI_WUSER_WIDTH1_C_M_AXI_RUSER_WIDTH1_C_M_AXI_BUSER_WIDTH1_C_USER_VALUE0_C_PROT_VALUE0_C_CACHE_VALUE3_USER_DW512_USER_AW64_USER_MAXREQS7_USER_RFIFONUM_WIDTH9_270
gmem0_m_axi_U/clk_gate_load_unit_buff_rdata_genblk1_U_fifo_mem_mem_reg_227_       3.9900     0.0      0.0000      3.9900 0.0000 SNPS_CLOCK_GATE_HIGH_tinytpu_isa_gmem0_m_axi_CONSERVATIVE1_NUM_READ_OUTSTANDING16_NUM_WRITE_OUTSTANDING16_MAX_READ_BURST_LENGTH16_MAX_WRITE_BURST_LENGTH16_C_M_AXI_ID_WIDTH1_C_M_AXI_ADDR_WIDTH64_C_M_AXI_DATA_WIDTH512_C_M_AXI_AWUSER_WIDTH1_C_M_AXI_ARUSER_WIDTH1_C_M_AXI_WUSER_WIDTH1_C_M_AXI_RUSER_WIDTH1_C_M_AXI_BUSER_WIDTH1_C_USER_VALUE0_C_PROT_VALUE0_C_CACHE_VALUE3_USER_DW512_USER_AW64_USER_MAXREQS7_USER_RFIFONUM_WIDTH9_271
gmem0_m_axi_U/clk_gate_load_unit_buff_rdata_genblk1_U_fifo_mem_mem_reg_228_       3.9900     0.0      0.0000      3.9900 0.0000 SNPS_CLOCK_GATE_HIGH_tinytpu_isa_gmem0_m_axi_CONSERVATIVE1_NUM_READ_OUTSTANDING16_NUM_WRITE_OUTSTANDING16_MAX_READ_BURST_LENGTH16_MAX_WRITE_BURST_LENGTH16_C_M_AXI_ID_WIDTH1_C_M_AXI_ADDR_WIDTH64_C_M_AXI_DATA_WIDTH512_C_M_AXI_AWUSER_WIDTH1_C_M_AXI_ARUSER_WIDTH1_C_M_AXI_WUSER_WIDTH1_C_M_AXI_RUSER_WIDTH1_C_M_AXI_BUSER_WIDTH1_C_USER_VALUE0_C_PROT_VALUE0_C_CACHE_VALUE3_USER_DW512_USER_AW64_USER_MAXREQS7_USER_RFIFONUM_WIDTH9_272
gmem0_m_axi_U/clk_gate_load_unit_buff_rdata_genblk1_U_fifo_mem_mem_reg_229_       3.9900     0.0      0.0000      3.9900 0.0000 SNPS_CLOCK_GATE_HIGH_tinytpu_isa_gmem0_m_axi_CONSERVATIVE1_NUM_READ_OUTSTANDING16_NUM_WRITE_OUTSTANDING16_MAX_READ_BURST_LENGTH16_MAX_WRITE_BURST_LENGTH16_C_M_AXI_ID_WIDTH1_C_M_AXI_ADDR_WIDTH64_C_M_AXI_DATA_WIDTH512_C_M_AXI_AWUSER_WIDTH1_C_M_AXI_ARUSER_WIDTH1_C_M_AXI_WUSER_WIDTH1_C_M_AXI_RUSER_WIDTH1_C_M_AXI_BUSER_WIDTH1_C_USER_VALUE0_C_PROT_VALUE0_C_CACHE_VALUE3_USER_DW512_USER_AW64_USER_MAXREQS7_USER_RFIFONUM_WIDTH9_273
gmem0_m_axi_U/clk_gate_load_unit_buff_rdata_genblk1_U_fifo_mem_mem_reg_22_       3.9900     0.0      0.0000      3.9900 0.0000 SNPS_CLOCK_GATE_HIGH_tinytpu_isa_gmem0_m_axi_CONSERVATIVE1_NUM_READ_OUTSTANDING16_NUM_WRITE_OUTSTANDING16_MAX_READ_BURST_LENGTH16_MAX_WRITE_BURST_LENGTH16_C_M_AXI_ID_WIDTH1_C_M_AXI_ADDR_WIDTH64_C_M_AXI_DATA_WIDTH512_C_M_AXI_AWUSER_WIDTH1_C_M_AXI_ARUSER_WIDTH1_C_M_AXI_WUSER_WIDTH1_C_M_AXI_RUSER_WIDTH1_C_M_AXI_BUSER_WIDTH1_C_USER_VALUE0_C_PROT_VALUE0_C_CACHE_VALUE3_USER_DW512_USER_AW64_USER_MAXREQS7_USER_RFIFONUM_WIDTH9_66
gmem0_m_axi_U/clk_gate_load_unit_buff_rdata_genblk1_U_fifo_mem_mem_reg_230_       3.9900     0.0      0.0000      3.9900 0.0000 SNPS_CLOCK_GATE_HIGH_tinytpu_isa_gmem0_m_axi_CONSERVATIVE1_NUM_READ_OUTSTANDING16_NUM_WRITE_OUTSTANDING16_MAX_READ_BURST_LENGTH16_MAX_WRITE_BURST_LENGTH16_C_M_AXI_ID_WIDTH1_C_M_AXI_ADDR_WIDTH64_C_M_AXI_DATA_WIDTH512_C_M_AXI_AWUSER_WIDTH1_C_M_AXI_ARUSER_WIDTH1_C_M_AXI_WUSER_WIDTH1_C_M_AXI_RUSER_WIDTH1_C_M_AXI_BUSER_WIDTH1_C_USER_VALUE0_C_PROT_VALUE0_C_CACHE_VALUE3_USER_DW512_USER_AW64_USER_MAXREQS7_USER_RFIFONUM_WIDTH9_274
gmem0_m_axi_U/clk_gate_load_unit_buff_rdata_genblk1_U_fifo_mem_mem_reg_231_       3.9900     0.0      0.0000      3.9900 0.0000 SNPS_CLOCK_GATE_HIGH_tinytpu_isa_gmem0_m_axi_CONSERVATIVE1_NUM_READ_OUTSTANDING16_NUM_WRITE_OUTSTANDING16_MAX_READ_BURST_LENGTH16_MAX_WRITE_BURST_LENGTH16_C_M_AXI_ID_WIDTH1_C_M_AXI_ADDR_WIDTH64_C_M_AXI_DATA_WIDTH512_C_M_AXI_AWUSER_WIDTH1_C_M_AXI_ARUSER_WIDTH1_C_M_AXI_WUSER_WIDTH1_C_M_AXI_RUSER_WIDTH1_C_M_AXI_BUSER_WIDTH1_C_USER_VALUE0_C_PROT_VALUE0_C_CACHE_VALUE3_USER_DW512_USER_AW64_USER_MAXREQS7_USER_RFIFONUM_WIDTH9_275
gmem0_m_axi_U/clk_gate_load_unit_buff_rdata_genblk1_U_fifo_mem_mem_reg_232_       3.9900     0.0      0.0000      3.9900 0.0000 SNPS_CLOCK_GATE_HIGH_tinytpu_isa_gmem0_m_axi_CONSERVATIVE1_NUM_READ_OUTSTANDING16_NUM_WRITE_OUTSTANDING16_MAX_READ_BURST_LENGTH16_MAX_WRITE_BURST_LENGTH16_C_M_AXI_ID_WIDTH1_C_M_AXI_ADDR_WIDTH64_C_M_AXI_DATA_WIDTH512_C_M_AXI_AWUSER_WIDTH1_C_M_AXI_ARUSER_WIDTH1_C_M_AXI_WUSER_WIDTH1_C_M_AXI_RUSER_WIDTH1_C_M_AXI_BUSER_WIDTH1_C_USER_VALUE0_C_PROT_VALUE0_C_CACHE_VALUE3_USER_DW512_USER_AW64_USER_MAXREQS7_USER_RFIFONUM_WIDTH9_276
gmem0_m_axi_U/clk_gate_load_unit_buff_rdata_genblk1_U_fifo_mem_mem_reg_233_       3.9900     0.0      0.0000      3.9900 0.0000 SNPS_CLOCK_GATE_HIGH_tinytpu_isa_gmem0_m_axi_CONSERVATIVE1_NUM_READ_OUTSTANDING16_NUM_WRITE_OUTSTANDING16_MAX_READ_BURST_LENGTH16_MAX_WRITE_BURST_LENGTH16_C_M_AXI_ID_WIDTH1_C_M_AXI_ADDR_WIDTH64_C_M_AXI_DATA_WIDTH512_C_M_AXI_AWUSER_WIDTH1_C_M_AXI_ARUSER_WIDTH1_C_M_AXI_WUSER_WIDTH1_C_M_AXI_RUSER_WIDTH1_C_M_AXI_BUSER_WIDTH1_C_USER_VALUE0_C_PROT_VALUE0_C_CACHE_VALUE3_USER_DW512_USER_AW64_USER_MAXREQS7_USER_RFIFONUM_WIDTH9_277
gmem0_m_axi_U/clk_gate_load_unit_buff_rdata_genblk1_U_fifo_mem_mem_reg_234_       3.9900     0.0      0.0000      3.9900 0.0000 SNPS_CLOCK_GATE_HIGH_tinytpu_isa_gmem0_m_axi_CONSERVATIVE1_NUM_READ_OUTSTANDING16_NUM_WRITE_OUTSTANDING16_MAX_READ_BURST_LENGTH16_MAX_WRITE_BURST_LENGTH16_C_M_AXI_ID_WIDTH1_C_M_AXI_ADDR_WIDTH64_C_M_AXI_DATA_WIDTH512_C_M_AXI_AWUSER_WIDTH1_C_M_AXI_ARUSER_WIDTH1_C_M_AXI_WUSER_WIDTH1_C_M_AXI_RUSER_WIDTH1_C_M_AXI_BUSER_WIDTH1_C_USER_VALUE0_C_PROT_VALUE0_C_CACHE_VALUE3_USER_DW512_USER_AW64_USER_MAXREQS7_USER_RFIFONUM_WIDTH9_278
gmem0_m_axi_U/clk_gate_load_unit_buff_rdata_genblk1_U_fifo_mem_mem_reg_235_       3.9900     0.0      0.0000      3.9900 0.0000 SNPS_CLOCK_GATE_HIGH_tinytpu_isa_gmem0_m_axi_CONSERVATIVE1_NUM_READ_OUTSTANDING16_NUM_WRITE_OUTSTANDING16_MAX_READ_BURST_LENGTH16_MAX_WRITE_BURST_LENGTH16_C_M_AXI_ID_WIDTH1_C_M_AXI_ADDR_WIDTH64_C_M_AXI_DATA_WIDTH512_C_M_AXI_AWUSER_WIDTH1_C_M_AXI_ARUSER_WIDTH1_C_M_AXI_WUSER_WIDTH1_C_M_AXI_RUSER_WIDTH1_C_M_AXI_BUSER_WIDTH1_C_USER_VALUE0_C_PROT_VALUE0_C_CACHE_VALUE3_USER_DW512_USER_AW64_USER_MAXREQS7_USER_RFIFONUM_WIDTH9_279
gmem0_m_axi_U/clk_gate_load_unit_buff_rdata_genblk1_U_fifo_mem_mem_reg_236_       3.9900     0.0      0.0000      3.9900 0.0000 SNPS_CLOCK_GATE_HIGH_tinytpu_isa_gmem0_m_axi_CONSERVATIVE1_NUM_READ_OUTSTANDING16_NUM_WRITE_OUTSTANDING16_MAX_READ_BURST_LENGTH16_MAX_WRITE_BURST_LENGTH16_C_M_AXI_ID_WIDTH1_C_M_AXI_ADDR_WIDTH64_C_M_AXI_DATA_WIDTH512_C_M_AXI_AWUSER_WIDTH1_C_M_AXI_ARUSER_WIDTH1_C_M_AXI_WUSER_WIDTH1_C_M_AXI_RUSER_WIDTH1_C_M_AXI_BUSER_WIDTH1_C_USER_VALUE0_C_PROT_VALUE0_C_CACHE_VALUE3_USER_DW512_USER_AW64_USER_MAXREQS7_USER_RFIFONUM_WIDTH9_280
gmem0_m_axi_U/clk_gate_load_unit_buff_rdata_genblk1_U_fifo_mem_mem_reg_237_       3.9900     0.0      0.0000      3.9900 0.0000 SNPS_CLOCK_GATE_HIGH_tinytpu_isa_gmem0_m_axi_CONSERVATIVE1_NUM_READ_OUTSTANDING16_NUM_WRITE_OUTSTANDING16_MAX_READ_BURST_LENGTH16_MAX_WRITE_BURST_LENGTH16_C_M_AXI_ID_WIDTH1_C_M_AXI_ADDR_WIDTH64_C_M_AXI_DATA_WIDTH512_C_M_AXI_AWUSER_WIDTH1_C_M_AXI_ARUSER_WIDTH1_C_M_AXI_WUSER_WIDTH1_C_M_AXI_RUSER_WIDTH1_C_M_AXI_BUSER_WIDTH1_C_USER_VALUE0_C_PROT_VALUE0_C_CACHE_VALUE3_USER_DW512_USER_AW64_USER_MAXREQS7_USER_RFIFONUM_WIDTH9_281
gmem0_m_axi_U/clk_gate_load_unit_buff_rdata_genblk1_U_fifo_mem_mem_reg_238_       3.9900     0.0      0.0000      3.9900 0.0000 SNPS_CLOCK_GATE_HIGH_tinytpu_isa_gmem0_m_axi_CONSERVATIVE1_NUM_READ_OUTSTANDING16_NUM_WRITE_OUTSTANDING16_MAX_READ_BURST_LENGTH16_MAX_WRITE_BURST_LENGTH16_C_M_AXI_ID_WIDTH1_C_M_AXI_ADDR_WIDTH64_C_M_AXI_DATA_WIDTH512_C_M_AXI_AWUSER_WIDTH1_C_M_AXI_ARUSER_WIDTH1_C_M_AXI_WUSER_WIDTH1_C_M_AXI_RUSER_WIDTH1_C_M_AXI_BUSER_WIDTH1_C_USER_VALUE0_C_PROT_VALUE0_C_CACHE_VALUE3_USER_DW512_USER_AW64_USER_MAXREQS7_USER_RFIFONUM_WIDTH9_282
gmem0_m_axi_U/clk_gate_load_unit_buff_rdata_genblk1_U_fifo_mem_mem_reg_239_       3.9900     0.0      0.0000      3.9900 0.0000 SNPS_CLOCK_GATE_HIGH_tinytpu_isa_gmem0_m_axi_CONSERVATIVE1_NUM_READ_OUTSTANDING16_NUM_WRITE_OUTSTANDING16_MAX_READ_BURST_LENGTH16_MAX_WRITE_BURST_LENGTH16_C_M_AXI_ID_WIDTH1_C_M_AXI_ADDR_WIDTH64_C_M_AXI_DATA_WIDTH512_C_M_AXI_AWUSER_WIDTH1_C_M_AXI_ARUSER_WIDTH1_C_M_AXI_WUSER_WIDTH1_C_M_AXI_RUSER_WIDTH1_C_M_AXI_BUSER_WIDTH1_C_USER_VALUE0_C_PROT_VALUE0_C_CACHE_VALUE3_USER_DW512_USER_AW64_USER_MAXREQS7_USER_RFIFONUM_WIDTH9_283
gmem0_m_axi_U/clk_gate_load_unit_buff_rdata_genblk1_U_fifo_mem_mem_reg_23_       3.9900     0.0      0.0000      3.9900 0.0000 SNPS_CLOCK_GATE_HIGH_tinytpu_isa_gmem0_m_axi_CONSERVATIVE1_NUM_READ_OUTSTANDING16_NUM_WRITE_OUTSTANDING16_MAX_READ_BURST_LENGTH16_MAX_WRITE_BURST_LENGTH16_C_M_AXI_ID_WIDTH1_C_M_AXI_ADDR_WIDTH64_C_M_AXI_DATA_WIDTH512_C_M_AXI_AWUSER_WIDTH1_C_M_AXI_ARUSER_WIDTH1_C_M_AXI_WUSER_WIDTH1_C_M_AXI_RUSER_WIDTH1_C_M_AXI_BUSER_WIDTH1_C_USER_VALUE0_C_PROT_VALUE0_C_CACHE_VALUE3_USER_DW512_USER_AW64_USER_MAXREQS7_USER_RFIFONUM_WIDTH9_67
gmem0_m_axi_U/clk_gate_load_unit_buff_rdata_genblk1_U_fifo_mem_mem_reg_240_       3.9900     0.0      0.0000      3.9900 0.0000 SNPS_CLOCK_GATE_HIGH_tinytpu_isa_gmem0_m_axi_CONSERVATIVE1_NUM_READ_OUTSTANDING16_NUM_WRITE_OUTSTANDING16_MAX_READ_BURST_LENGTH16_MAX_WRITE_BURST_LENGTH16_C_M_AXI_ID_WIDTH1_C_M_AXI_ADDR_WIDTH64_C_M_AXI_DATA_WIDTH512_C_M_AXI_AWUSER_WIDTH1_C_M_AXI_ARUSER_WIDTH1_C_M_AXI_WUSER_WIDTH1_C_M_AXI_RUSER_WIDTH1_C_M_AXI_BUSER_WIDTH1_C_USER_VALUE0_C_PROT_VALUE0_C_CACHE_VALUE3_USER_DW512_USER_AW64_USER_MAXREQS7_USER_RFIFONUM_WIDTH9_284
gmem0_m_axi_U/clk_gate_load_unit_buff_rdata_genblk1_U_fifo_mem_mem_reg_241_       3.9900     0.0      0.0000      3.9900 0.0000 SNPS_CLOCK_GATE_HIGH_tinytpu_isa_gmem0_m_axi_CONSERVATIVE1_NUM_READ_OUTSTANDING16_NUM_WRITE_OUTSTANDING16_MAX_READ_BURST_LENGTH16_MAX_WRITE_BURST_LENGTH16_C_M_AXI_ID_WIDTH1_C_M_AXI_ADDR_WIDTH64_C_M_AXI_DATA_WIDTH512_C_M_AXI_AWUSER_WIDTH1_C_M_AXI_ARUSER_WIDTH1_C_M_AXI_WUSER_WIDTH1_C_M_AXI_RUSER_WIDTH1_C_M_AXI_BUSER_WIDTH1_C_USER_VALUE0_C_PROT_VALUE0_C_CACHE_VALUE3_USER_DW512_USER_AW64_USER_MAXREQS7_USER_RFIFONUM_WIDTH9_285
gmem0_m_axi_U/clk_gate_load_unit_buff_rdata_genblk1_U_fifo_mem_mem_reg_242_       3.9900     0.0      0.0000      3.9900 0.0000 SNPS_CLOCK_GATE_HIGH_tinytpu_isa_gmem0_m_axi_CONSERVATIVE1_NUM_READ_OUTSTANDING16_NUM_WRITE_OUTSTANDING16_MAX_READ_BURST_LENGTH16_MAX_WRITE_BURST_LENGTH16_C_M_AXI_ID_WIDTH1_C_M_AXI_ADDR_WIDTH64_C_M_AXI_DATA_WIDTH512_C_M_AXI_AWUSER_WIDTH1_C_M_AXI_ARUSER_WIDTH1_C_M_AXI_WUSER_WIDTH1_C_M_AXI_RUSER_WIDTH1_C_M_AXI_BUSER_WIDTH1_C_USER_VALUE0_C_PROT_VALUE0_C_CACHE_VALUE3_USER_DW512_USER_AW64_USER_MAXREQS7_USER_RFIFONUM_WIDTH9_286
gmem0_m_axi_U/clk_gate_load_unit_buff_rdata_genblk1_U_fifo_mem_mem_reg_243_       3.9900     0.0      0.0000      3.9900 0.0000 SNPS_CLOCK_GATE_HIGH_tinytpu_isa_gmem0_m_axi_CONSERVATIVE1_NUM_READ_OUTSTANDING16_NUM_WRITE_OUTSTANDING16_MAX_READ_BURST_LENGTH16_MAX_WRITE_BURST_LENGTH16_C_M_AXI_ID_WIDTH1_C_M_AXI_ADDR_WIDTH64_C_M_AXI_DATA_WIDTH512_C_M_AXI_AWUSER_WIDTH1_C_M_AXI_ARUSER_WIDTH1_C_M_AXI_WUSER_WIDTH1_C_M_AXI_RUSER_WIDTH1_C_M_AXI_BUSER_WIDTH1_C_USER_VALUE0_C_PROT_VALUE0_C_CACHE_VALUE3_USER_DW512_USER_AW64_USER_MAXREQS7_USER_RFIFONUM_WIDTH9_287
gmem0_m_axi_U/clk_gate_load_unit_buff_rdata_genblk1_U_fifo_mem_mem_reg_244_       3.9900     0.0      0.0000      3.9900 0.0000 SNPS_CLOCK_GATE_HIGH_tinytpu_isa_gmem0_m_axi_CONSERVATIVE1_NUM_READ_OUTSTANDING16_NUM_WRITE_OUTSTANDING16_MAX_READ_BURST_LENGTH16_MAX_WRITE_BURST_LENGTH16_C_M_AXI_ID_WIDTH1_C_M_AXI_ADDR_WIDTH64_C_M_AXI_DATA_WIDTH512_C_M_AXI_AWUSER_WIDTH1_C_M_AXI_ARUSER_WIDTH1_C_M_AXI_WUSER_WIDTH1_C_M_AXI_RUSER_WIDTH1_C_M_AXI_BUSER_WIDTH1_C_USER_VALUE0_C_PROT_VALUE0_C_CACHE_VALUE3_USER_DW512_USER_AW64_USER_MAXREQS7_USER_RFIFONUM_WIDTH9_288
gmem0_m_axi_U/clk_gate_load_unit_buff_rdata_genblk1_U_fifo_mem_mem_reg_245_       3.9900     0.0      0.0000      3.9900 0.0000 SNPS_CLOCK_GATE_HIGH_tinytpu_isa_gmem0_m_axi_CONSERVATIVE1_NUM_READ_OUTSTANDING16_NUM_WRITE_OUTSTANDING16_MAX_READ_BURST_LENGTH16_MAX_WRITE_BURST_LENGTH16_C_M_AXI_ID_WIDTH1_C_M_AXI_ADDR_WIDTH64_C_M_AXI_DATA_WIDTH512_C_M_AXI_AWUSER_WIDTH1_C_M_AXI_ARUSER_WIDTH1_C_M_AXI_WUSER_WIDTH1_C_M_AXI_RUSER_WIDTH1_C_M_AXI_BUSER_WIDTH1_C_USER_VALUE0_C_PROT_VALUE0_C_CACHE_VALUE3_USER_DW512_USER_AW64_USER_MAXREQS7_USER_RFIFONUM_WIDTH9_289
gmem0_m_axi_U/clk_gate_load_unit_buff_rdata_genblk1_U_fifo_mem_mem_reg_246_       3.9900     0.0      0.0000      3.9900 0.0000 SNPS_CLOCK_GATE_HIGH_tinytpu_isa_gmem0_m_axi_CONSERVATIVE1_NUM_READ_OUTSTANDING16_NUM_WRITE_OUTSTANDING16_MAX_READ_BURST_LENGTH16_MAX_WRITE_BURST_LENGTH16_C_M_AXI_ID_WIDTH1_C_M_AXI_ADDR_WIDTH64_C_M_AXI_DATA_WIDTH512_C_M_AXI_AWUSER_WIDTH1_C_M_AXI_ARUSER_WIDTH1_C_M_AXI_WUSER_WIDTH1_C_M_AXI_RUSER_WIDTH1_C_M_AXI_BUSER_WIDTH1_C_USER_VALUE0_C_PROT_VALUE0_C_CACHE_VALUE3_USER_DW512_USER_AW64_USER_MAXREQS7_USER_RFIFONUM_WIDTH9_290
gmem0_m_axi_U/clk_gate_load_unit_buff_rdata_genblk1_U_fifo_mem_mem_reg_247_       3.9900     0.0      0.0000      3.9900 0.0000 SNPS_CLOCK_GATE_HIGH_tinytpu_isa_gmem0_m_axi_CONSERVATIVE1_NUM_READ_OUTSTANDING16_NUM_WRITE_OUTSTANDING16_MAX_READ_BURST_LENGTH16_MAX_WRITE_BURST_LENGTH16_C_M_AXI_ID_WIDTH1_C_M_AXI_ADDR_WIDTH64_C_M_AXI_DATA_WIDTH512_C_M_AXI_AWUSER_WIDTH1_C_M_AXI_ARUSER_WIDTH1_C_M_AXI_WUSER_WIDTH1_C_M_AXI_RUSER_WIDTH1_C_M_AXI_BUSER_WIDTH1_C_USER_VALUE0_C_PROT_VALUE0_C_CACHE_VALUE3_USER_DW512_USER_AW64_USER_MAXREQS7_USER_RFIFONUM_WIDTH9_291
gmem0_m_axi_U/clk_gate_load_unit_buff_rdata_genblk1_U_fifo_mem_mem_reg_248_       3.9900     0.0      0.0000      3.9900 0.0000 SNPS_CLOCK_GATE_HIGH_tinytpu_isa_gmem0_m_axi_CONSERVATIVE1_NUM_READ_OUTSTANDING16_NUM_WRITE_OUTSTANDING16_MAX_READ_BURST_LENGTH16_MAX_WRITE_BURST_LENGTH16_C_M_AXI_ID_WIDTH1_C_M_AXI_ADDR_WIDTH64_C_M_AXI_DATA_WIDTH512_C_M_AXI_AWUSER_WIDTH1_C_M_AXI_ARUSER_WIDTH1_C_M_AXI_WUSER_WIDTH1_C_M_AXI_RUSER_WIDTH1_C_M_AXI_BUSER_WIDTH1_C_USER_VALUE0_C_PROT_VALUE0_C_CACHE_VALUE3_USER_DW512_USER_AW64_USER_MAXREQS7_USER_RFIFONUM_WIDTH9_292
gmem0_m_axi_U/clk_gate_load_unit_buff_rdata_genblk1_U_fifo_mem_mem_reg_249_       3.9900     0.0      0.0000      3.9900 0.0000 SNPS_CLOCK_GATE_HIGH_tinytpu_isa_gmem0_m_axi_CONSERVATIVE1_NUM_READ_OUTSTANDING16_NUM_WRITE_OUTSTANDING16_MAX_READ_BURST_LENGTH16_MAX_WRITE_BURST_LENGTH16_C_M_AXI_ID_WIDTH1_C_M_AXI_ADDR_WIDTH64_C_M_AXI_DATA_WIDTH512_C_M_AXI_AWUSER_WIDTH1_C_M_AXI_ARUSER_WIDTH1_C_M_AXI_WUSER_WIDTH1_C_M_AXI_RUSER_WIDTH1_C_M_AXI_BUSER_WIDTH1_C_USER_VALUE0_C_PROT_VALUE0_C_CACHE_VALUE3_USER_DW512_USER_AW64_USER_MAXREQS7_USER_RFIFONUM_WIDTH9_293
gmem0_m_axi_U/clk_gate_load_unit_buff_rdata_genblk1_U_fifo_mem_mem_reg_24_       3.9900     0.0      0.0000      3.9900 0.0000 SNPS_CLOCK_GATE_HIGH_tinytpu_isa_gmem0_m_axi_CONSERVATIVE1_NUM_READ_OUTSTANDING16_NUM_WRITE_OUTSTANDING16_MAX_READ_BURST_LENGTH16_MAX_WRITE_BURST_LENGTH16_C_M_AXI_ID_WIDTH1_C_M_AXI_ADDR_WIDTH64_C_M_AXI_DATA_WIDTH512_C_M_AXI_AWUSER_WIDTH1_C_M_AXI_ARUSER_WIDTH1_C_M_AXI_WUSER_WIDTH1_C_M_AXI_RUSER_WIDTH1_C_M_AXI_BUSER_WIDTH1_C_USER_VALUE0_C_PROT_VALUE0_C_CACHE_VALUE3_USER_DW512_USER_AW64_USER_MAXREQS7_USER_RFIFONUM_WIDTH9_68
gmem0_m_axi_U/clk_gate_load_unit_buff_rdata_genblk1_U_fifo_mem_mem_reg_250_       3.9900     0.0      0.0000      3.9900 0.0000 SNPS_CLOCK_GATE_HIGH_tinytpu_isa_gmem0_m_axi_CONSERVATIVE1_NUM_READ_OUTSTANDING16_NUM_WRITE_OUTSTANDING16_MAX_READ_BURST_LENGTH16_MAX_WRITE_BURST_LENGTH16_C_M_AXI_ID_WIDTH1_C_M_AXI_ADDR_WIDTH64_C_M_AXI_DATA_WIDTH512_C_M_AXI_AWUSER_WIDTH1_C_M_AXI_ARUSER_WIDTH1_C_M_AXI_WUSER_WIDTH1_C_M_AXI_RUSER_WIDTH1_C_M_AXI_BUSER_WIDTH1_C_USER_VALUE0_C_PROT_VALUE0_C_CACHE_VALUE3_USER_DW512_USER_AW64_USER_MAXREQS7_USER_RFIFONUM_WIDTH9_294
gmem0_m_axi_U/clk_gate_load_unit_buff_rdata_genblk1_U_fifo_mem_mem_reg_251_       3.9900     0.0      0.0000      3.9900 0.0000 SNPS_CLOCK_GATE_HIGH_tinytpu_isa_gmem0_m_axi_CONSERVATIVE1_NUM_READ_OUTSTANDING16_NUM_WRITE_OUTSTANDING16_MAX_READ_BURST_LENGTH16_MAX_WRITE_BURST_LENGTH16_C_M_AXI_ID_WIDTH1_C_M_AXI_ADDR_WIDTH64_C_M_AXI_DATA_WIDTH512_C_M_AXI_AWUSER_WIDTH1_C_M_AXI_ARUSER_WIDTH1_C_M_AXI_WUSER_WIDTH1_C_M_AXI_RUSER_WIDTH1_C_M_AXI_BUSER_WIDTH1_C_USER_VALUE0_C_PROT_VALUE0_C_CACHE_VALUE3_USER_DW512_USER_AW64_USER_MAXREQS7_USER_RFIFONUM_WIDTH9_295
gmem0_m_axi_U/clk_gate_load_unit_buff_rdata_genblk1_U_fifo_mem_mem_reg_252_       3.9900     0.0      0.0000      3.9900 0.0000 SNPS_CLOCK_GATE_HIGH_tinytpu_isa_gmem0_m_axi_CONSERVATIVE1_NUM_READ_OUTSTANDING16_NUM_WRITE_OUTSTANDING16_MAX_READ_BURST_LENGTH16_MAX_WRITE_BURST_LENGTH16_C_M_AXI_ID_WIDTH1_C_M_AXI_ADDR_WIDTH64_C_M_AXI_DATA_WIDTH512_C_M_AXI_AWUSER_WIDTH1_C_M_AXI_ARUSER_WIDTH1_C_M_AXI_WUSER_WIDTH1_C_M_AXI_RUSER_WIDTH1_C_M_AXI_BUSER_WIDTH1_C_USER_VALUE0_C_PROT_VALUE0_C_CACHE_VALUE3_USER_DW512_USER_AW64_USER_MAXREQS7_USER_RFIFONUM_WIDTH9_296
gmem0_m_axi_U/clk_gate_load_unit_buff_rdata_genblk1_U_fifo_mem_mem_reg_253_       3.9900     0.0      0.0000      3.9900 0.0000 SNPS_CLOCK_GATE_HIGH_tinytpu_isa_gmem0_m_axi_CONSERVATIVE1_NUM_READ_OUTSTANDING16_NUM_WRITE_OUTSTANDING16_MAX_READ_BURST_LENGTH16_MAX_WRITE_BURST_LENGTH16_C_M_AXI_ID_WIDTH1_C_M_AXI_ADDR_WIDTH64_C_M_AXI_DATA_WIDTH512_C_M_AXI_AWUSER_WIDTH1_C_M_AXI_ARUSER_WIDTH1_C_M_AXI_WUSER_WIDTH1_C_M_AXI_RUSER_WIDTH1_C_M_AXI_BUSER_WIDTH1_C_USER_VALUE0_C_PROT_VALUE0_C_CACHE_VALUE3_USER_DW512_USER_AW64_USER_MAXREQS7_USER_RFIFONUM_WIDTH9_297
gmem0_m_axi_U/clk_gate_load_unit_buff_rdata_genblk1_U_fifo_mem_mem_reg_254_       3.9900     0.0      0.0000      3.9900 0.0000 SNPS_CLOCK_GATE_HIGH_tinytpu_isa_gmem0_m_axi_CONSERVATIVE1_NUM_READ_OUTSTANDING16_NUM_WRITE_OUTSTANDING16_MAX_READ_BURST_LENGTH16_MAX_WRITE_BURST_LENGTH16_C_M_AXI_ID_WIDTH1_C_M_AXI_ADDR_WIDTH64_C_M_AXI_DATA_WIDTH512_C_M_AXI_AWUSER_WIDTH1_C_M_AXI_ARUSER_WIDTH1_C_M_AXI_WUSER_WIDTH1_C_M_AXI_RUSER_WIDTH1_C_M_AXI_BUSER_WIDTH1_C_USER_VALUE0_C_PROT_VALUE0_C_CACHE_VALUE3_USER_DW512_USER_AW64_USER_MAXREQS7_USER_RFIFONUM_WIDTH9_298
gmem0_m_axi_U/clk_gate_load_unit_buff_rdata_genblk1_U_fifo_mem_mem_reg_25_       3.9900     0.0      0.0000      3.9900 0.0000 SNPS_CLOCK_GATE_HIGH_tinytpu_isa_gmem0_m_axi_CONSERVATIVE1_NUM_READ_OUTSTANDING16_NUM_WRITE_OUTSTANDING16_MAX_READ_BURST_LENGTH16_MAX_WRITE_BURST_LENGTH16_C_M_AXI_ID_WIDTH1_C_M_AXI_ADDR_WIDTH64_C_M_AXI_DATA_WIDTH512_C_M_AXI_AWUSER_WIDTH1_C_M_AXI_ARUSER_WIDTH1_C_M_AXI_WUSER_WIDTH1_C_M_AXI_RUSER_WIDTH1_C_M_AXI_BUSER_WIDTH1_C_USER_VALUE0_C_PROT_VALUE0_C_CACHE_VALUE3_USER_DW512_USER_AW64_USER_MAXREQS7_USER_RFIFONUM_WIDTH9_69
gmem0_m_axi_U/clk_gate_load_unit_buff_rdata_genblk1_U_fifo_mem_mem_reg_26_       3.9900     0.0      0.0000      3.9900 0.0000 SNPS_CLOCK_GATE_HIGH_tinytpu_isa_gmem0_m_axi_CONSERVATIVE1_NUM_READ_OUTSTANDING16_NUM_WRITE_OUTSTANDING16_MAX_READ_BURST_LENGTH16_MAX_WRITE_BURST_LENGTH16_C_M_AXI_ID_WIDTH1_C_M_AXI_ADDR_WIDTH64_C_M_AXI_DATA_WIDTH512_C_M_AXI_AWUSER_WIDTH1_C_M_AXI_ARUSER_WIDTH1_C_M_AXI_WUSER_WIDTH1_C_M_AXI_RUSER_WIDTH1_C_M_AXI_BUSER_WIDTH1_C_USER_VALUE0_C_PROT_VALUE0_C_CACHE_VALUE3_USER_DW512_USER_AW64_USER_MAXREQS7_USER_RFIFONUM_WIDTH9_70
gmem0_m_axi_U/clk_gate_load_unit_buff_rdata_genblk1_U_fifo_mem_mem_reg_27_       3.9900     0.0      0.0000      3.9900 0.0000 SNPS_CLOCK_GATE_HIGH_tinytpu_isa_gmem0_m_axi_CONSERVATIVE1_NUM_READ_OUTSTANDING16_NUM_WRITE_OUTSTANDING16_MAX_READ_BURST_LENGTH16_MAX_WRITE_BURST_LENGTH16_C_M_AXI_ID_WIDTH1_C_M_AXI_ADDR_WIDTH64_C_M_AXI_DATA_WIDTH512_C_M_AXI_AWUSER_WIDTH1_C_M_AXI_ARUSER_WIDTH1_C_M_AXI_WUSER_WIDTH1_C_M_AXI_RUSER_WIDTH1_C_M_AXI_BUSER_WIDTH1_C_USER_VALUE0_C_PROT_VALUE0_C_CACHE_VALUE3_USER_DW512_USER_AW64_USER_MAXREQS7_USER_RFIFONUM_WIDTH9_71
gmem0_m_axi_U/clk_gate_load_unit_buff_rdata_genblk1_U_fifo_mem_mem_reg_28_       3.9900     0.0      0.0000      3.9900 0.0000 SNPS_CLOCK_GATE_HIGH_tinytpu_isa_gmem0_m_axi_CONSERVATIVE1_NUM_READ_OUTSTANDING16_NUM_WRITE_OUTSTANDING16_MAX_READ_BURST_LENGTH16_MAX_WRITE_BURST_LENGTH16_C_M_AXI_ID_WIDTH1_C_M_AXI_ADDR_WIDTH64_C_M_AXI_DATA_WIDTH512_C_M_AXI_AWUSER_WIDTH1_C_M_AXI_ARUSER_WIDTH1_C_M_AXI_WUSER_WIDTH1_C_M_AXI_RUSER_WIDTH1_C_M_AXI_BUSER_WIDTH1_C_USER_VALUE0_C_PROT_VALUE0_C_CACHE_VALUE3_USER_DW512_USER_AW64_USER_MAXREQS7_USER_RFIFONUM_WIDTH9_72
gmem0_m_axi_U/clk_gate_load_unit_buff_rdata_genblk1_U_fifo_mem_mem_reg_29_       3.9900     0.0      0.0000      3.9900 0.0000 SNPS_CLOCK_GATE_HIGH_tinytpu_isa_gmem0_m_axi_CONSERVATIVE1_NUM_READ_OUTSTANDING16_NUM_WRITE_OUTSTANDING16_MAX_READ_BURST_LENGTH16_MAX_WRITE_BURST_LENGTH16_C_M_AXI_ID_WIDTH1_C_M_AXI_ADDR_WIDTH64_C_M_AXI_DATA_WIDTH512_C_M_AXI_AWUSER_WIDTH1_C_M_AXI_ARUSER_WIDTH1_C_M_AXI_WUSER_WIDTH1_C_M_AXI_RUSER_WIDTH1_C_M_AXI_BUSER_WIDTH1_C_USER_VALUE0_C_PROT_VALUE0_C_CACHE_VALUE3_USER_DW512_USER_AW64_USER_MAXREQS7_USER_RFIFONUM_WIDTH9_73
gmem0_m_axi_U/clk_gate_load_unit_buff_rdata_genblk1_U_fifo_mem_mem_reg_2_       3.9900     0.0      0.0000      3.9900 0.0000 SNPS_CLOCK_GATE_HIGH_tinytpu_isa_gmem0_m_axi_CONSERVATIVE1_NUM_READ_OUTSTANDING16_NUM_WRITE_OUTSTANDING16_MAX_READ_BURST_LENGTH16_MAX_WRITE_BURST_LENGTH16_C_M_AXI_ID_WIDTH1_C_M_AXI_ADDR_WIDTH64_C_M_AXI_DATA_WIDTH512_C_M_AXI_AWUSER_WIDTH1_C_M_AXI_ARUSER_WIDTH1_C_M_AXI_WUSER_WIDTH1_C_M_AXI_RUSER_WIDTH1_C_M_AXI_BUSER_WIDTH1_C_USER_VALUE0_C_PROT_VALUE0_C_CACHE_VALUE3_USER_DW512_USER_AW64_USER_MAXREQS7_USER_RFIFONUM_WIDTH9_46
gmem0_m_axi_U/clk_gate_load_unit_buff_rdata_genblk1_U_fifo_mem_mem_reg_30_       3.9900     0.0      0.0000      3.9900 0.0000 SNPS_CLOCK_GATE_HIGH_tinytpu_isa_gmem0_m_axi_CONSERVATIVE1_NUM_READ_OUTSTANDING16_NUM_WRITE_OUTSTANDING16_MAX_READ_BURST_LENGTH16_MAX_WRITE_BURST_LENGTH16_C_M_AXI_ID_WIDTH1_C_M_AXI_ADDR_WIDTH64_C_M_AXI_DATA_WIDTH512_C_M_AXI_AWUSER_WIDTH1_C_M_AXI_ARUSER_WIDTH1_C_M_AXI_WUSER_WIDTH1_C_M_AXI_RUSER_WIDTH1_C_M_AXI_BUSER_WIDTH1_C_USER_VALUE0_C_PROT_VALUE0_C_CACHE_VALUE3_USER_DW512_USER_AW64_USER_MAXREQS7_USER_RFIFONUM_WIDTH9_74
gmem0_m_axi_U/clk_gate_load_unit_buff_rdata_genblk1_U_fifo_mem_mem_reg_31_       3.9900     0.0      0.0000      3.9900 0.0000 SNPS_CLOCK_GATE_HIGH_tinytpu_isa_gmem0_m_axi_CONSERVATIVE1_NUM_READ_OUTSTANDING16_NUM_WRITE_OUTSTANDING16_MAX_READ_BURST_LENGTH16_MAX_WRITE_BURST_LENGTH16_C_M_AXI_ID_WIDTH1_C_M_AXI_ADDR_WIDTH64_C_M_AXI_DATA_WIDTH512_C_M_AXI_AWUSER_WIDTH1_C_M_AXI_ARUSER_WIDTH1_C_M_AXI_WUSER_WIDTH1_C_M_AXI_RUSER_WIDTH1_C_M_AXI_BUSER_WIDTH1_C_USER_VALUE0_C_PROT_VALUE0_C_CACHE_VALUE3_USER_DW512_USER_AW64_USER_MAXREQS7_USER_RFIFONUM_WIDTH9_75
gmem0_m_axi_U/clk_gate_load_unit_buff_rdata_genblk1_U_fifo_mem_mem_reg_32_       3.9900     0.0      0.0000      3.9900 0.0000 SNPS_CLOCK_GATE_HIGH_tinytpu_isa_gmem0_m_axi_CONSERVATIVE1_NUM_READ_OUTSTANDING16_NUM_WRITE_OUTSTANDING16_MAX_READ_BURST_LENGTH16_MAX_WRITE_BURST_LENGTH16_C_M_AXI_ID_WIDTH1_C_M_AXI_ADDR_WIDTH64_C_M_AXI_DATA_WIDTH512_C_M_AXI_AWUSER_WIDTH1_C_M_AXI_ARUSER_WIDTH1_C_M_AXI_WUSER_WIDTH1_C_M_AXI_RUSER_WIDTH1_C_M_AXI_BUSER_WIDTH1_C_USER_VALUE0_C_PROT_VALUE0_C_CACHE_VALUE3_USER_DW512_USER_AW64_USER_MAXREQS7_USER_RFIFONUM_WIDTH9_76
gmem0_m_axi_U/clk_gate_load_unit_buff_rdata_genblk1_U_fifo_mem_mem_reg_33_       3.9900     0.0      0.0000      3.9900 0.0000 SNPS_CLOCK_GATE_HIGH_tinytpu_isa_gmem0_m_axi_CONSERVATIVE1_NUM_READ_OUTSTANDING16_NUM_WRITE_OUTSTANDING16_MAX_READ_BURST_LENGTH16_MAX_WRITE_BURST_LENGTH16_C_M_AXI_ID_WIDTH1_C_M_AXI_ADDR_WIDTH64_C_M_AXI_DATA_WIDTH512_C_M_AXI_AWUSER_WIDTH1_C_M_AXI_ARUSER_WIDTH1_C_M_AXI_WUSER_WIDTH1_C_M_AXI_RUSER_WIDTH1_C_M_AXI_BUSER_WIDTH1_C_USER_VALUE0_C_PROT_VALUE0_C_CACHE_VALUE3_USER_DW512_USER_AW64_USER_MAXREQS7_USER_RFIFONUM_WIDTH9_77
gmem0_m_axi_U/clk_gate_load_unit_buff_rdata_genblk1_U_fifo_mem_mem_reg_34_       3.9900     0.0      0.0000      3.9900 0.0000 SNPS_CLOCK_GATE_HIGH_tinytpu_isa_gmem0_m_axi_CONSERVATIVE1_NUM_READ_OUTSTANDING16_NUM_WRITE_OUTSTANDING16_MAX_READ_BURST_LENGTH16_MAX_WRITE_BURST_LENGTH16_C_M_AXI_ID_WIDTH1_C_M_AXI_ADDR_WIDTH64_C_M_AXI_DATA_WIDTH512_C_M_AXI_AWUSER_WIDTH1_C_M_AXI_ARUSER_WIDTH1_C_M_AXI_WUSER_WIDTH1_C_M_AXI_RUSER_WIDTH1_C_M_AXI_BUSER_WIDTH1_C_USER_VALUE0_C_PROT_VALUE0_C_CACHE_VALUE3_USER_DW512_USER_AW64_USER_MAXREQS7_USER_RFIFONUM_WIDTH9_78
gmem0_m_axi_U/clk_gate_load_unit_buff_rdata_genblk1_U_fifo_mem_mem_reg_35_       3.9900     0.0      0.0000      3.9900 0.0000 SNPS_CLOCK_GATE_HIGH_tinytpu_isa_gmem0_m_axi_CONSERVATIVE1_NUM_READ_OUTSTANDING16_NUM_WRITE_OUTSTANDING16_MAX_READ_BURST_LENGTH16_MAX_WRITE_BURST_LENGTH16_C_M_AXI_ID_WIDTH1_C_M_AXI_ADDR_WIDTH64_C_M_AXI_DATA_WIDTH512_C_M_AXI_AWUSER_WIDTH1_C_M_AXI_ARUSER_WIDTH1_C_M_AXI_WUSER_WIDTH1_C_M_AXI_RUSER_WIDTH1_C_M_AXI_BUSER_WIDTH1_C_USER_VALUE0_C_PROT_VALUE0_C_CACHE_VALUE3_USER_DW512_USER_AW64_USER_MAXREQS7_USER_RFIFONUM_WIDTH9_79
gmem0_m_axi_U/clk_gate_load_unit_buff_rdata_genblk1_U_fifo_mem_mem_reg_36_       3.9900     0.0      0.0000      3.9900 0.0000 SNPS_CLOCK_GATE_HIGH_tinytpu_isa_gmem0_m_axi_CONSERVATIVE1_NUM_READ_OUTSTANDING16_NUM_WRITE_OUTSTANDING16_MAX_READ_BURST_LENGTH16_MAX_WRITE_BURST_LENGTH16_C_M_AXI_ID_WIDTH1_C_M_AXI_ADDR_WIDTH64_C_M_AXI_DATA_WIDTH512_C_M_AXI_AWUSER_WIDTH1_C_M_AXI_ARUSER_WIDTH1_C_M_AXI_WUSER_WIDTH1_C_M_AXI_RUSER_WIDTH1_C_M_AXI_BUSER_WIDTH1_C_USER_VALUE0_C_PROT_VALUE0_C_CACHE_VALUE3_USER_DW512_USER_AW64_USER_MAXREQS7_USER_RFIFONUM_WIDTH9_80
gmem0_m_axi_U/clk_gate_load_unit_buff_rdata_genblk1_U_fifo_mem_mem_reg_37_       3.9900     0.0      0.0000      3.9900 0.0000 SNPS_CLOCK_GATE_HIGH_tinytpu_isa_gmem0_m_axi_CONSERVATIVE1_NUM_READ_OUTSTANDING16_NUM_WRITE_OUTSTANDING16_MAX_READ_BURST_LENGTH16_MAX_WRITE_BURST_LENGTH16_C_M_AXI_ID_WIDTH1_C_M_AXI_ADDR_WIDTH64_C_M_AXI_DATA_WIDTH512_C_M_AXI_AWUSER_WIDTH1_C_M_AXI_ARUSER_WIDTH1_C_M_AXI_WUSER_WIDTH1_C_M_AXI_RUSER_WIDTH1_C_M_AXI_BUSER_WIDTH1_C_USER_VALUE0_C_PROT_VALUE0_C_CACHE_VALUE3_USER_DW512_USER_AW64_USER_MAXREQS7_USER_RFIFONUM_WIDTH9_81
gmem0_m_axi_U/clk_gate_load_unit_buff_rdata_genblk1_U_fifo_mem_mem_reg_38_       3.9900     0.0      0.0000      3.9900 0.0000 SNPS_CLOCK_GATE_HIGH_tinytpu_isa_gmem0_m_axi_CONSERVATIVE1_NUM_READ_OUTSTANDING16_NUM_WRITE_OUTSTANDING16_MAX_READ_BURST_LENGTH16_MAX_WRITE_BURST_LENGTH16_C_M_AXI_ID_WIDTH1_C_M_AXI_ADDR_WIDTH64_C_M_AXI_DATA_WIDTH512_C_M_AXI_AWUSER_WIDTH1_C_M_AXI_ARUSER_WIDTH1_C_M_AXI_WUSER_WIDTH1_C_M_AXI_RUSER_WIDTH1_C_M_AXI_BUSER_WIDTH1_C_USER_VALUE0_C_PROT_VALUE0_C_CACHE_VALUE3_USER_DW512_USER_AW64_USER_MAXREQS7_USER_RFIFONUM_WIDTH9_82
gmem0_m_axi_U/clk_gate_load_unit_buff_rdata_genblk1_U_fifo_mem_mem_reg_39_       3.9900     0.0      0.0000      3.9900 0.0000 SNPS_CLOCK_GATE_HIGH_tinytpu_isa_gmem0_m_axi_CONSERVATIVE1_NUM_READ_OUTSTANDING16_NUM_WRITE_OUTSTANDING16_MAX_READ_BURST_LENGTH16_MAX_WRITE_BURST_LENGTH16_C_M_AXI_ID_WIDTH1_C_M_AXI_ADDR_WIDTH64_C_M_AXI_DATA_WIDTH512_C_M_AXI_AWUSER_WIDTH1_C_M_AXI_ARUSER_WIDTH1_C_M_AXI_WUSER_WIDTH1_C_M_AXI_RUSER_WIDTH1_C_M_AXI_BUSER_WIDTH1_C_USER_VALUE0_C_PROT_VALUE0_C_CACHE_VALUE3_USER_DW512_USER_AW64_USER_MAXREQS7_USER_RFIFONUM_WIDTH9_83
gmem0_m_axi_U/clk_gate_load_unit_buff_rdata_genblk1_U_fifo_mem_mem_reg_3_       3.9900     0.0      0.0000      3.9900 0.0000 SNPS_CLOCK_GATE_HIGH_tinytpu_isa_gmem0_m_axi_CONSERVATIVE1_NUM_READ_OUTSTANDING16_NUM_WRITE_OUTSTANDING16_MAX_READ_BURST_LENGTH16_MAX_WRITE_BURST_LENGTH16_C_M_AXI_ID_WIDTH1_C_M_AXI_ADDR_WIDTH64_C_M_AXI_DATA_WIDTH512_C_M_AXI_AWUSER_WIDTH1_C_M_AXI_ARUSER_WIDTH1_C_M_AXI_WUSER_WIDTH1_C_M_AXI_RUSER_WIDTH1_C_M_AXI_BUSER_WIDTH1_C_USER_VALUE0_C_PROT_VALUE0_C_CACHE_VALUE3_USER_DW512_USER_AW64_USER_MAXREQS7_USER_RFIFONUM_WIDTH9_47
gmem0_m_axi_U/clk_gate_load_unit_buff_rdata_genblk1_U_fifo_mem_mem_reg_40_       3.9900     0.0      0.0000      3.9900 0.0000 SNPS_CLOCK_GATE_HIGH_tinytpu_isa_gmem0_m_axi_CONSERVATIVE1_NUM_READ_OUTSTANDING16_NUM_WRITE_OUTSTANDING16_MAX_READ_BURST_LENGTH16_MAX_WRITE_BURST_LENGTH16_C_M_AXI_ID_WIDTH1_C_M_AXI_ADDR_WIDTH64_C_M_AXI_DATA_WIDTH512_C_M_AXI_AWUSER_WIDTH1_C_M_AXI_ARUSER_WIDTH1_C_M_AXI_WUSER_WIDTH1_C_M_AXI_RUSER_WIDTH1_C_M_AXI_BUSER_WIDTH1_C_USER_VALUE0_C_PROT_VALUE0_C_CACHE_VALUE3_USER_DW512_USER_AW64_USER_MAXREQS7_USER_RFIFONUM_WIDTH9_84
gmem0_m_axi_U/clk_gate_load_unit_buff_rdata_genblk1_U_fifo_mem_mem_reg_41_       3.9900     0.0      0.0000      3.9900 0.0000 SNPS_CLOCK_GATE_HIGH_tinytpu_isa_gmem0_m_axi_CONSERVATIVE1_NUM_READ_OUTSTANDING16_NUM_WRITE_OUTSTANDING16_MAX_READ_BURST_LENGTH16_MAX_WRITE_BURST_LENGTH16_C_M_AXI_ID_WIDTH1_C_M_AXI_ADDR_WIDTH64_C_M_AXI_DATA_WIDTH512_C_M_AXI_AWUSER_WIDTH1_C_M_AXI_ARUSER_WIDTH1_C_M_AXI_WUSER_WIDTH1_C_M_AXI_RUSER_WIDTH1_C_M_AXI_BUSER_WIDTH1_C_USER_VALUE0_C_PROT_VALUE0_C_CACHE_VALUE3_USER_DW512_USER_AW64_USER_MAXREQS7_USER_RFIFONUM_WIDTH9_85
gmem0_m_axi_U/clk_gate_load_unit_buff_rdata_genblk1_U_fifo_mem_mem_reg_42_       3.9900     0.0      0.0000      3.9900 0.0000 SNPS_CLOCK_GATE_HIGH_tinytpu_isa_gmem0_m_axi_CONSERVATIVE1_NUM_READ_OUTSTANDING16_NUM_WRITE_OUTSTANDING16_MAX_READ_BURST_LENGTH16_MAX_WRITE_BURST_LENGTH16_C_M_AXI_ID_WIDTH1_C_M_AXI_ADDR_WIDTH64_C_M_AXI_DATA_WIDTH512_C_M_AXI_AWUSER_WIDTH1_C_M_AXI_ARUSER_WIDTH1_C_M_AXI_WUSER_WIDTH1_C_M_AXI_RUSER_WIDTH1_C_M_AXI_BUSER_WIDTH1_C_USER_VALUE0_C_PROT_VALUE0_C_CACHE_VALUE3_USER_DW512_USER_AW64_USER_MAXREQS7_USER_RFIFONUM_WIDTH9_86
gmem0_m_axi_U/clk_gate_load_unit_buff_rdata_genblk1_U_fifo_mem_mem_reg_43_       3.9900     0.0      0.0000      3.9900 0.0000 SNPS_CLOCK_GATE_HIGH_tinytpu_isa_gmem0_m_axi_CONSERVATIVE1_NUM_READ_OUTSTANDING16_NUM_WRITE_OUTSTANDING16_MAX_READ_BURST_LENGTH16_MAX_WRITE_BURST_LENGTH16_C_M_AXI_ID_WIDTH1_C_M_AXI_ADDR_WIDTH64_C_M_AXI_DATA_WIDTH512_C_M_AXI_AWUSER_WIDTH1_C_M_AXI_ARUSER_WIDTH1_C_M_AXI_WUSER_WIDTH1_C_M_AXI_RUSER_WIDTH1_C_M_AXI_BUSER_WIDTH1_C_USER_VALUE0_C_PROT_VALUE0_C_CACHE_VALUE3_USER_DW512_USER_AW64_USER_MAXREQS7_USER_RFIFONUM_WIDTH9_87
gmem0_m_axi_U/clk_gate_load_unit_buff_rdata_genblk1_U_fifo_mem_mem_reg_44_       3.9900     0.0      0.0000      3.9900 0.0000 SNPS_CLOCK_GATE_HIGH_tinytpu_isa_gmem0_m_axi_CONSERVATIVE1_NUM_READ_OUTSTANDING16_NUM_WRITE_OUTSTANDING16_MAX_READ_BURST_LENGTH16_MAX_WRITE_BURST_LENGTH16_C_M_AXI_ID_WIDTH1_C_M_AXI_ADDR_WIDTH64_C_M_AXI_DATA_WIDTH512_C_M_AXI_AWUSER_WIDTH1_C_M_AXI_ARUSER_WIDTH1_C_M_AXI_WUSER_WIDTH1_C_M_AXI_RUSER_WIDTH1_C_M_AXI_BUSER_WIDTH1_C_USER_VALUE0_C_PROT_VALUE0_C_CACHE_VALUE3_USER_DW512_USER_AW64_USER_MAXREQS7_USER_RFIFONUM_WIDTH9_88
gmem0_m_axi_U/clk_gate_load_unit_buff_rdata_genblk1_U_fifo_mem_mem_reg_45_       3.9900     0.0      0.0000      3.9900 0.0000 SNPS_CLOCK_GATE_HIGH_tinytpu_isa_gmem0_m_axi_CONSERVATIVE1_NUM_READ_OUTSTANDING16_NUM_WRITE_OUTSTANDING16_MAX_READ_BURST_LENGTH16_MAX_WRITE_BURST_LENGTH16_C_M_AXI_ID_WIDTH1_C_M_AXI_ADDR_WIDTH64_C_M_AXI_DATA_WIDTH512_C_M_AXI_AWUSER_WIDTH1_C_M_AXI_ARUSER_WIDTH1_C_M_AXI_WUSER_WIDTH1_C_M_AXI_RUSER_WIDTH1_C_M_AXI_BUSER_WIDTH1_C_USER_VALUE0_C_PROT_VALUE0_C_CACHE_VALUE3_USER_DW512_USER_AW64_USER_MAXREQS7_USER_RFIFONUM_WIDTH9_89
gmem0_m_axi_U/clk_gate_load_unit_buff_rdata_genblk1_U_fifo_mem_mem_reg_46_       3.9900     0.0      0.0000      3.9900 0.0000 SNPS_CLOCK_GATE_HIGH_tinytpu_isa_gmem0_m_axi_CONSERVATIVE1_NUM_READ_OUTSTANDING16_NUM_WRITE_OUTSTANDING16_MAX_READ_BURST_LENGTH16_MAX_WRITE_BURST_LENGTH16_C_M_AXI_ID_WIDTH1_C_M_AXI_ADDR_WIDTH64_C_M_AXI_DATA_WIDTH512_C_M_AXI_AWUSER_WIDTH1_C_M_AXI_ARUSER_WIDTH1_C_M_AXI_WUSER_WIDTH1_C_M_AXI_RUSER_WIDTH1_C_M_AXI_BUSER_WIDTH1_C_USER_VALUE0_C_PROT_VALUE0_C_CACHE_VALUE3_USER_DW512_USER_AW64_USER_MAXREQS7_USER_RFIFONUM_WIDTH9_90
gmem0_m_axi_U/clk_gate_load_unit_buff_rdata_genblk1_U_fifo_mem_mem_reg_47_       3.9900     0.0      0.0000      3.9900 0.0000 SNPS_CLOCK_GATE_HIGH_tinytpu_isa_gmem0_m_axi_CONSERVATIVE1_NUM_READ_OUTSTANDING16_NUM_WRITE_OUTSTANDING16_MAX_READ_BURST_LENGTH16_MAX_WRITE_BURST_LENGTH16_C_M_AXI_ID_WIDTH1_C_M_AXI_ADDR_WIDTH64_C_M_AXI_DATA_WIDTH512_C_M_AXI_AWUSER_WIDTH1_C_M_AXI_ARUSER_WIDTH1_C_M_AXI_WUSER_WIDTH1_C_M_AXI_RUSER_WIDTH1_C_M_AXI_BUSER_WIDTH1_C_USER_VALUE0_C_PROT_VALUE0_C_CACHE_VALUE3_USER_DW512_USER_AW64_USER_MAXREQS7_USER_RFIFONUM_WIDTH9_91
gmem0_m_axi_U/clk_gate_load_unit_buff_rdata_genblk1_U_fifo_mem_mem_reg_48_       3.9900     0.0      0.0000      3.9900 0.0000 SNPS_CLOCK_GATE_HIGH_tinytpu_isa_gmem0_m_axi_CONSERVATIVE1_NUM_READ_OUTSTANDING16_NUM_WRITE_OUTSTANDING16_MAX_READ_BURST_LENGTH16_MAX_WRITE_BURST_LENGTH16_C_M_AXI_ID_WIDTH1_C_M_AXI_ADDR_WIDTH64_C_M_AXI_DATA_WIDTH512_C_M_AXI_AWUSER_WIDTH1_C_M_AXI_ARUSER_WIDTH1_C_M_AXI_WUSER_WIDTH1_C_M_AXI_RUSER_WIDTH1_C_M_AXI_BUSER_WIDTH1_C_USER_VALUE0_C_PROT_VALUE0_C_CACHE_VALUE3_USER_DW512_USER_AW64_USER_MAXREQS7_USER_RFIFONUM_WIDTH9_92
gmem0_m_axi_U/clk_gate_load_unit_buff_rdata_genblk1_U_fifo_mem_mem_reg_49_       3.9900     0.0      0.0000      3.9900 0.0000 SNPS_CLOCK_GATE_HIGH_tinytpu_isa_gmem0_m_axi_CONSERVATIVE1_NUM_READ_OUTSTANDING16_NUM_WRITE_OUTSTANDING16_MAX_READ_BURST_LENGTH16_MAX_WRITE_BURST_LENGTH16_C_M_AXI_ID_WIDTH1_C_M_AXI_ADDR_WIDTH64_C_M_AXI_DATA_WIDTH512_C_M_AXI_AWUSER_WIDTH1_C_M_AXI_ARUSER_WIDTH1_C_M_AXI_WUSER_WIDTH1_C_M_AXI_RUSER_WIDTH1_C_M_AXI_BUSER_WIDTH1_C_USER_VALUE0_C_PROT_VALUE0_C_CACHE_VALUE3_USER_DW512_USER_AW64_USER_MAXREQS7_USER_RFIFONUM_WIDTH9_93
gmem0_m_axi_U/clk_gate_load_unit_buff_rdata_genblk1_U_fifo_mem_mem_reg_4_       3.9900     0.0      0.0000      3.9900 0.0000 SNPS_CLOCK_GATE_HIGH_tinytpu_isa_gmem0_m_axi_CONSERVATIVE1_NUM_READ_OUTSTANDING16_NUM_WRITE_OUTSTANDING16_MAX_READ_BURST_LENGTH16_MAX_WRITE_BURST_LENGTH16_C_M_AXI_ID_WIDTH1_C_M_AXI_ADDR_WIDTH64_C_M_AXI_DATA_WIDTH512_C_M_AXI_AWUSER_WIDTH1_C_M_AXI_ARUSER_WIDTH1_C_M_AXI_WUSER_WIDTH1_C_M_AXI_RUSER_WIDTH1_C_M_AXI_BUSER_WIDTH1_C_USER_VALUE0_C_PROT_VALUE0_C_CACHE_VALUE3_USER_DW512_USER_AW64_USER_MAXREQS7_USER_RFIFONUM_WIDTH9_48
gmem0_m_axi_U/clk_gate_load_unit_buff_rdata_genblk1_U_fifo_mem_mem_reg_50_       3.9900     0.0      0.0000      3.9900 0.0000 SNPS_CLOCK_GATE_HIGH_tinytpu_isa_gmem0_m_axi_CONSERVATIVE1_NUM_READ_OUTSTANDING16_NUM_WRITE_OUTSTANDING16_MAX_READ_BURST_LENGTH16_MAX_WRITE_BURST_LENGTH16_C_M_AXI_ID_WIDTH1_C_M_AXI_ADDR_WIDTH64_C_M_AXI_DATA_WIDTH512_C_M_AXI_AWUSER_WIDTH1_C_M_AXI_ARUSER_WIDTH1_C_M_AXI_WUSER_WIDTH1_C_M_AXI_RUSER_WIDTH1_C_M_AXI_BUSER_WIDTH1_C_USER_VALUE0_C_PROT_VALUE0_C_CACHE_VALUE3_USER_DW512_USER_AW64_USER_MAXREQS7_USER_RFIFONUM_WIDTH9_94
gmem0_m_axi_U/clk_gate_load_unit_buff_rdata_genblk1_U_fifo_mem_mem_reg_51_       3.9900     0.0      0.0000      3.9900 0.0000 SNPS_CLOCK_GATE_HIGH_tinytpu_isa_gmem0_m_axi_CONSERVATIVE1_NUM_READ_OUTSTANDING16_NUM_WRITE_OUTSTANDING16_MAX_READ_BURST_LENGTH16_MAX_WRITE_BURST_LENGTH16_C_M_AXI_ID_WIDTH1_C_M_AXI_ADDR_WIDTH64_C_M_AXI_DATA_WIDTH512_C_M_AXI_AWUSER_WIDTH1_C_M_AXI_ARUSER_WIDTH1_C_M_AXI_WUSER_WIDTH1_C_M_AXI_RUSER_WIDTH1_C_M_AXI_BUSER_WIDTH1_C_USER_VALUE0_C_PROT_VALUE0_C_CACHE_VALUE3_USER_DW512_USER_AW64_USER_MAXREQS7_USER_RFIFONUM_WIDTH9_95
gmem0_m_axi_U/clk_gate_load_unit_buff_rdata_genblk1_U_fifo_mem_mem_reg_52_       3.9900     0.0      0.0000      3.9900 0.0000 SNPS_CLOCK_GATE_HIGH_tinytpu_isa_gmem0_m_axi_CONSERVATIVE1_NUM_READ_OUTSTANDING16_NUM_WRITE_OUTSTANDING16_MAX_READ_BURST_LENGTH16_MAX_WRITE_BURST_LENGTH16_C_M_AXI_ID_WIDTH1_C_M_AXI_ADDR_WIDTH64_C_M_AXI_DATA_WIDTH512_C_M_AXI_AWUSER_WIDTH1_C_M_AXI_ARUSER_WIDTH1_C_M_AXI_WUSER_WIDTH1_C_M_AXI_RUSER_WIDTH1_C_M_AXI_BUSER_WIDTH1_C_USER_VALUE0_C_PROT_VALUE0_C_CACHE_VALUE3_USER_DW512_USER_AW64_USER_MAXREQS7_USER_RFIFONUM_WIDTH9_96
gmem0_m_axi_U/clk_gate_load_unit_buff_rdata_genblk1_U_fifo_mem_mem_reg_53_       3.9900     0.0      0.0000      3.9900 0.0000 SNPS_CLOCK_GATE_HIGH_tinytpu_isa_gmem0_m_axi_CONSERVATIVE1_NUM_READ_OUTSTANDING16_NUM_WRITE_OUTSTANDING16_MAX_READ_BURST_LENGTH16_MAX_WRITE_BURST_LENGTH16_C_M_AXI_ID_WIDTH1_C_M_AXI_ADDR_WIDTH64_C_M_AXI_DATA_WIDTH512_C_M_AXI_AWUSER_WIDTH1_C_M_AXI_ARUSER_WIDTH1_C_M_AXI_WUSER_WIDTH1_C_M_AXI_RUSER_WIDTH1_C_M_AXI_BUSER_WIDTH1_C_USER_VALUE0_C_PROT_VALUE0_C_CACHE_VALUE3_USER_DW512_USER_AW64_USER_MAXREQS7_USER_RFIFONUM_WIDTH9_97
gmem0_m_axi_U/clk_gate_load_unit_buff_rdata_genblk1_U_fifo_mem_mem_reg_54_       3.9900     0.0      0.0000      3.9900 0.0000 SNPS_CLOCK_GATE_HIGH_tinytpu_isa_gmem0_m_axi_CONSERVATIVE1_NUM_READ_OUTSTANDING16_NUM_WRITE_OUTSTANDING16_MAX_READ_BURST_LENGTH16_MAX_WRITE_BURST_LENGTH16_C_M_AXI_ID_WIDTH1_C_M_AXI_ADDR_WIDTH64_C_M_AXI_DATA_WIDTH512_C_M_AXI_AWUSER_WIDTH1_C_M_AXI_ARUSER_WIDTH1_C_M_AXI_WUSER_WIDTH1_C_M_AXI_RUSER_WIDTH1_C_M_AXI_BUSER_WIDTH1_C_USER_VALUE0_C_PROT_VALUE0_C_CACHE_VALUE3_USER_DW512_USER_AW64_USER_MAXREQS7_USER_RFIFONUM_WIDTH9_98
gmem0_m_axi_U/clk_gate_load_unit_buff_rdata_genblk1_U_fifo_mem_mem_reg_55_       3.9900     0.0      0.0000      3.9900 0.0000 SNPS_CLOCK_GATE_HIGH_tinytpu_isa_gmem0_m_axi_CONSERVATIVE1_NUM_READ_OUTSTANDING16_NUM_WRITE_OUTSTANDING16_MAX_READ_BURST_LENGTH16_MAX_WRITE_BURST_LENGTH16_C_M_AXI_ID_WIDTH1_C_M_AXI_ADDR_WIDTH64_C_M_AXI_DATA_WIDTH512_C_M_AXI_AWUSER_WIDTH1_C_M_AXI_ARUSER_WIDTH1_C_M_AXI_WUSER_WIDTH1_C_M_AXI_RUSER_WIDTH1_C_M_AXI_BUSER_WIDTH1_C_USER_VALUE0_C_PROT_VALUE0_C_CACHE_VALUE3_USER_DW512_USER_AW64_USER_MAXREQS7_USER_RFIFONUM_WIDTH9_99
gmem0_m_axi_U/clk_gate_load_unit_buff_rdata_genblk1_U_fifo_mem_mem_reg_56_       3.9900     0.0      0.0000      3.9900 0.0000 SNPS_CLOCK_GATE_HIGH_tinytpu_isa_gmem0_m_axi_CONSERVATIVE1_NUM_READ_OUTSTANDING16_NUM_WRITE_OUTSTANDING16_MAX_READ_BURST_LENGTH16_MAX_WRITE_BURST_LENGTH16_C_M_AXI_ID_WIDTH1_C_M_AXI_ADDR_WIDTH64_C_M_AXI_DATA_WIDTH512_C_M_AXI_AWUSER_WIDTH1_C_M_AXI_ARUSER_WIDTH1_C_M_AXI_WUSER_WIDTH1_C_M_AXI_RUSER_WIDTH1_C_M_AXI_BUSER_WIDTH1_C_USER_VALUE0_C_PROT_VALUE0_C_CACHE_VALUE3_USER_DW512_USER_AW64_USER_MAXREQS7_USER_RFIFONUM_WIDTH9_100
gmem0_m_axi_U/clk_gate_load_unit_buff_rdata_genblk1_U_fifo_mem_mem_reg_57_       3.9900     0.0      0.0000      3.9900 0.0000 SNPS_CLOCK_GATE_HIGH_tinytpu_isa_gmem0_m_axi_CONSERVATIVE1_NUM_READ_OUTSTANDING16_NUM_WRITE_OUTSTANDING16_MAX_READ_BURST_LENGTH16_MAX_WRITE_BURST_LENGTH16_C_M_AXI_ID_WIDTH1_C_M_AXI_ADDR_WIDTH64_C_M_AXI_DATA_WIDTH512_C_M_AXI_AWUSER_WIDTH1_C_M_AXI_ARUSER_WIDTH1_C_M_AXI_WUSER_WIDTH1_C_M_AXI_RUSER_WIDTH1_C_M_AXI_BUSER_WIDTH1_C_USER_VALUE0_C_PROT_VALUE0_C_CACHE_VALUE3_USER_DW512_USER_AW64_USER_MAXREQS7_USER_RFIFONUM_WIDTH9_101
gmem0_m_axi_U/clk_gate_load_unit_buff_rdata_genblk1_U_fifo_mem_mem_reg_58_       3.9900     0.0      0.0000      3.9900 0.0000 SNPS_CLOCK_GATE_HIGH_tinytpu_isa_gmem0_m_axi_CONSERVATIVE1_NUM_READ_OUTSTANDING16_NUM_WRITE_OUTSTANDING16_MAX_READ_BURST_LENGTH16_MAX_WRITE_BURST_LENGTH16_C_M_AXI_ID_WIDTH1_C_M_AXI_ADDR_WIDTH64_C_M_AXI_DATA_WIDTH512_C_M_AXI_AWUSER_WIDTH1_C_M_AXI_ARUSER_WIDTH1_C_M_AXI_WUSER_WIDTH1_C_M_AXI_RUSER_WIDTH1_C_M_AXI_BUSER_WIDTH1_C_USER_VALUE0_C_PROT_VALUE0_C_CACHE_VALUE3_USER_DW512_USER_AW64_USER_MAXREQS7_USER_RFIFONUM_WIDTH9_102
gmem0_m_axi_U/clk_gate_load_unit_buff_rdata_genblk1_U_fifo_mem_mem_reg_59_       3.9900     0.0      0.0000      3.9900 0.0000 SNPS_CLOCK_GATE_HIGH_tinytpu_isa_gmem0_m_axi_CONSERVATIVE1_NUM_READ_OUTSTANDING16_NUM_WRITE_OUTSTANDING16_MAX_READ_BURST_LENGTH16_MAX_WRITE_BURST_LENGTH16_C_M_AXI_ID_WIDTH1_C_M_AXI_ADDR_WIDTH64_C_M_AXI_DATA_WIDTH512_C_M_AXI_AWUSER_WIDTH1_C_M_AXI_ARUSER_WIDTH1_C_M_AXI_WUSER_WIDTH1_C_M_AXI_RUSER_WIDTH1_C_M_AXI_BUSER_WIDTH1_C_USER_VALUE0_C_PROT_VALUE0_C_CACHE_VALUE3_USER_DW512_USER_AW64_USER_MAXREQS7_USER_RFIFONUM_WIDTH9_103
gmem0_m_axi_U/clk_gate_load_unit_buff_rdata_genblk1_U_fifo_mem_mem_reg_5_       3.9900     0.0      0.0000      3.9900 0.0000 SNPS_CLOCK_GATE_HIGH_tinytpu_isa_gmem0_m_axi_CONSERVATIVE1_NUM_READ_OUTSTANDING16_NUM_WRITE_OUTSTANDING16_MAX_READ_BURST_LENGTH16_MAX_WRITE_BURST_LENGTH16_C_M_AXI_ID_WIDTH1_C_M_AXI_ADDR_WIDTH64_C_M_AXI_DATA_WIDTH512_C_M_AXI_AWUSER_WIDTH1_C_M_AXI_ARUSER_WIDTH1_C_M_AXI_WUSER_WIDTH1_C_M_AXI_RUSER_WIDTH1_C_M_AXI_BUSER_WIDTH1_C_USER_VALUE0_C_PROT_VALUE0_C_CACHE_VALUE3_USER_DW512_USER_AW64_USER_MAXREQS7_USER_RFIFONUM_WIDTH9_49
gmem0_m_axi_U/clk_gate_load_unit_buff_rdata_genblk1_U_fifo_mem_mem_reg_60_       3.9900     0.0      0.0000      3.9900 0.0000 SNPS_CLOCK_GATE_HIGH_tinytpu_isa_gmem0_m_axi_CONSERVATIVE1_NUM_READ_OUTSTANDING16_NUM_WRITE_OUTSTANDING16_MAX_READ_BURST_LENGTH16_MAX_WRITE_BURST_LENGTH16_C_M_AXI_ID_WIDTH1_C_M_AXI_ADDR_WIDTH64_C_M_AXI_DATA_WIDTH512_C_M_AXI_AWUSER_WIDTH1_C_M_AXI_ARUSER_WIDTH1_C_M_AXI_WUSER_WIDTH1_C_M_AXI_RUSER_WIDTH1_C_M_AXI_BUSER_WIDTH1_C_USER_VALUE0_C_PROT_VALUE0_C_CACHE_VALUE3_USER_DW512_USER_AW64_USER_MAXREQS7_USER_RFIFONUM_WIDTH9_104
gmem0_m_axi_U/clk_gate_load_unit_buff_rdata_genblk1_U_fifo_mem_mem_reg_61_       3.9900     0.0      0.0000      3.9900 0.0000 SNPS_CLOCK_GATE_HIGH_tinytpu_isa_gmem0_m_axi_CONSERVATIVE1_NUM_READ_OUTSTANDING16_NUM_WRITE_OUTSTANDING16_MAX_READ_BURST_LENGTH16_MAX_WRITE_BURST_LENGTH16_C_M_AXI_ID_WIDTH1_C_M_AXI_ADDR_WIDTH64_C_M_AXI_DATA_WIDTH512_C_M_AXI_AWUSER_WIDTH1_C_M_AXI_ARUSER_WIDTH1_C_M_AXI_WUSER_WIDTH1_C_M_AXI_RUSER_WIDTH1_C_M_AXI_BUSER_WIDTH1_C_USER_VALUE0_C_PROT_VALUE0_C_CACHE_VALUE3_USER_DW512_USER_AW64_USER_MAXREQS7_USER_RFIFONUM_WIDTH9_105
gmem0_m_axi_U/clk_gate_load_unit_buff_rdata_genblk1_U_fifo_mem_mem_reg_62_       3.9900     0.0      0.0000      3.9900 0.0000 SNPS_CLOCK_GATE_HIGH_tinytpu_isa_gmem0_m_axi_CONSERVATIVE1_NUM_READ_OUTSTANDING16_NUM_WRITE_OUTSTANDING16_MAX_READ_BURST_LENGTH16_MAX_WRITE_BURST_LENGTH16_C_M_AXI_ID_WIDTH1_C_M_AXI_ADDR_WIDTH64_C_M_AXI_DATA_WIDTH512_C_M_AXI_AWUSER_WIDTH1_C_M_AXI_ARUSER_WIDTH1_C_M_AXI_WUSER_WIDTH1_C_M_AXI_RUSER_WIDTH1_C_M_AXI_BUSER_WIDTH1_C_USER_VALUE0_C_PROT_VALUE0_C_CACHE_VALUE3_USER_DW512_USER_AW64_USER_MAXREQS7_USER_RFIFONUM_WIDTH9_106
gmem0_m_axi_U/clk_gate_load_unit_buff_rdata_genblk1_U_fifo_mem_mem_reg_63_       3.9900     0.0      0.0000      3.9900 0.0000 SNPS_CLOCK_GATE_HIGH_tinytpu_isa_gmem0_m_axi_CONSERVATIVE1_NUM_READ_OUTSTANDING16_NUM_WRITE_OUTSTANDING16_MAX_READ_BURST_LENGTH16_MAX_WRITE_BURST_LENGTH16_C_M_AXI_ID_WIDTH1_C_M_AXI_ADDR_WIDTH64_C_M_AXI_DATA_WIDTH512_C_M_AXI_AWUSER_WIDTH1_C_M_AXI_ARUSER_WIDTH1_C_M_AXI_WUSER_WIDTH1_C_M_AXI_RUSER_WIDTH1_C_M_AXI_BUSER_WIDTH1_C_USER_VALUE0_C_PROT_VALUE0_C_CACHE_VALUE3_USER_DW512_USER_AW64_USER_MAXREQS7_USER_RFIFONUM_WIDTH9_107
gmem0_m_axi_U/clk_gate_load_unit_buff_rdata_genblk1_U_fifo_mem_mem_reg_64_       3.9900     0.0      0.0000      3.9900 0.0000 SNPS_CLOCK_GATE_HIGH_tinytpu_isa_gmem0_m_axi_CONSERVATIVE1_NUM_READ_OUTSTANDING16_NUM_WRITE_OUTSTANDING16_MAX_READ_BURST_LENGTH16_MAX_WRITE_BURST_LENGTH16_C_M_AXI_ID_WIDTH1_C_M_AXI_ADDR_WIDTH64_C_M_AXI_DATA_WIDTH512_C_M_AXI_AWUSER_WIDTH1_C_M_AXI_ARUSER_WIDTH1_C_M_AXI_WUSER_WIDTH1_C_M_AXI_RUSER_WIDTH1_C_M_AXI_BUSER_WIDTH1_C_USER_VALUE0_C_PROT_VALUE0_C_CACHE_VALUE3_USER_DW512_USER_AW64_USER_MAXREQS7_USER_RFIFONUM_WIDTH9_108
gmem0_m_axi_U/clk_gate_load_unit_buff_rdata_genblk1_U_fifo_mem_mem_reg_65_       3.9900     0.0      0.0000      3.9900 0.0000 SNPS_CLOCK_GATE_HIGH_tinytpu_isa_gmem0_m_axi_CONSERVATIVE1_NUM_READ_OUTSTANDING16_NUM_WRITE_OUTSTANDING16_MAX_READ_BURST_LENGTH16_MAX_WRITE_BURST_LENGTH16_C_M_AXI_ID_WIDTH1_C_M_AXI_ADDR_WIDTH64_C_M_AXI_DATA_WIDTH512_C_M_AXI_AWUSER_WIDTH1_C_M_AXI_ARUSER_WIDTH1_C_M_AXI_WUSER_WIDTH1_C_M_AXI_RUSER_WIDTH1_C_M_AXI_BUSER_WIDTH1_C_USER_VALUE0_C_PROT_VALUE0_C_CACHE_VALUE3_USER_DW512_USER_AW64_USER_MAXREQS7_USER_RFIFONUM_WIDTH9_109
gmem0_m_axi_U/clk_gate_load_unit_buff_rdata_genblk1_U_fifo_mem_mem_reg_66_       3.9900     0.0      0.0000      3.9900 0.0000 SNPS_CLOCK_GATE_HIGH_tinytpu_isa_gmem0_m_axi_CONSERVATIVE1_NUM_READ_OUTSTANDING16_NUM_WRITE_OUTSTANDING16_MAX_READ_BURST_LENGTH16_MAX_WRITE_BURST_LENGTH16_C_M_AXI_ID_WIDTH1_C_M_AXI_ADDR_WIDTH64_C_M_AXI_DATA_WIDTH512_C_M_AXI_AWUSER_WIDTH1_C_M_AXI_ARUSER_WIDTH1_C_M_AXI_WUSER_WIDTH1_C_M_AXI_RUSER_WIDTH1_C_M_AXI_BUSER_WIDTH1_C_USER_VALUE0_C_PROT_VALUE0_C_CACHE_VALUE3_USER_DW512_USER_AW64_USER_MAXREQS7_USER_RFIFONUM_WIDTH9_110
gmem0_m_axi_U/clk_gate_load_unit_buff_rdata_genblk1_U_fifo_mem_mem_reg_67_       3.9900     0.0      0.0000      3.9900 0.0000 SNPS_CLOCK_GATE_HIGH_tinytpu_isa_gmem0_m_axi_CONSERVATIVE1_NUM_READ_OUTSTANDING16_NUM_WRITE_OUTSTANDING16_MAX_READ_BURST_LENGTH16_MAX_WRITE_BURST_LENGTH16_C_M_AXI_ID_WIDTH1_C_M_AXI_ADDR_WIDTH64_C_M_AXI_DATA_WIDTH512_C_M_AXI_AWUSER_WIDTH1_C_M_AXI_ARUSER_WIDTH1_C_M_AXI_WUSER_WIDTH1_C_M_AXI_RUSER_WIDTH1_C_M_AXI_BUSER_WIDTH1_C_USER_VALUE0_C_PROT_VALUE0_C_CACHE_VALUE3_USER_DW512_USER_AW64_USER_MAXREQS7_USER_RFIFONUM_WIDTH9_111
gmem0_m_axi_U/clk_gate_load_unit_buff_rdata_genblk1_U_fifo_mem_mem_reg_68_       3.9900     0.0      0.0000      3.9900 0.0000 SNPS_CLOCK_GATE_HIGH_tinytpu_isa_gmem0_m_axi_CONSERVATIVE1_NUM_READ_OUTSTANDING16_NUM_WRITE_OUTSTANDING16_MAX_READ_BURST_LENGTH16_MAX_WRITE_BURST_LENGTH16_C_M_AXI_ID_WIDTH1_C_M_AXI_ADDR_WIDTH64_C_M_AXI_DATA_WIDTH512_C_M_AXI_AWUSER_WIDTH1_C_M_AXI_ARUSER_WIDTH1_C_M_AXI_WUSER_WIDTH1_C_M_AXI_RUSER_WIDTH1_C_M_AXI_BUSER_WIDTH1_C_USER_VALUE0_C_PROT_VALUE0_C_CACHE_VALUE3_USER_DW512_USER_AW64_USER_MAXREQS7_USER_RFIFONUM_WIDTH9_112
gmem0_m_axi_U/clk_gate_load_unit_buff_rdata_genblk1_U_fifo_mem_mem_reg_69_       3.9900     0.0      0.0000      3.9900 0.0000 SNPS_CLOCK_GATE_HIGH_tinytpu_isa_gmem0_m_axi_CONSERVATIVE1_NUM_READ_OUTSTANDING16_NUM_WRITE_OUTSTANDING16_MAX_READ_BURST_LENGTH16_MAX_WRITE_BURST_LENGTH16_C_M_AXI_ID_WIDTH1_C_M_AXI_ADDR_WIDTH64_C_M_AXI_DATA_WIDTH512_C_M_AXI_AWUSER_WIDTH1_C_M_AXI_ARUSER_WIDTH1_C_M_AXI_WUSER_WIDTH1_C_M_AXI_RUSER_WIDTH1_C_M_AXI_BUSER_WIDTH1_C_USER_VALUE0_C_PROT_VALUE0_C_CACHE_VALUE3_USER_DW512_USER_AW64_USER_MAXREQS7_USER_RFIFONUM_WIDTH9_113
gmem0_m_axi_U/clk_gate_load_unit_buff_rdata_genblk1_U_fifo_mem_mem_reg_6_       3.9900     0.0      0.0000      3.9900 0.0000 SNPS_CLOCK_GATE_HIGH_tinytpu_isa_gmem0_m_axi_CONSERVATIVE1_NUM_READ_OUTSTANDING16_NUM_WRITE_OUTSTANDING16_MAX_READ_BURST_LENGTH16_MAX_WRITE_BURST_LENGTH16_C_M_AXI_ID_WIDTH1_C_M_AXI_ADDR_WIDTH64_C_M_AXI_DATA_WIDTH512_C_M_AXI_AWUSER_WIDTH1_C_M_AXI_ARUSER_WIDTH1_C_M_AXI_WUSER_WIDTH1_C_M_AXI_RUSER_WIDTH1_C_M_AXI_BUSER_WIDTH1_C_USER_VALUE0_C_PROT_VALUE0_C_CACHE_VALUE3_USER_DW512_USER_AW64_USER_MAXREQS7_USER_RFIFONUM_WIDTH9_50
gmem0_m_axi_U/clk_gate_load_unit_buff_rdata_genblk1_U_fifo_mem_mem_reg_70_       3.9900     0.0      0.0000      3.9900 0.0000 SNPS_CLOCK_GATE_HIGH_tinytpu_isa_gmem0_m_axi_CONSERVATIVE1_NUM_READ_OUTSTANDING16_NUM_WRITE_OUTSTANDING16_MAX_READ_BURST_LENGTH16_MAX_WRITE_BURST_LENGTH16_C_M_AXI_ID_WIDTH1_C_M_AXI_ADDR_WIDTH64_C_M_AXI_DATA_WIDTH512_C_M_AXI_AWUSER_WIDTH1_C_M_AXI_ARUSER_WIDTH1_C_M_AXI_WUSER_WIDTH1_C_M_AXI_RUSER_WIDTH1_C_M_AXI_BUSER_WIDTH1_C_USER_VALUE0_C_PROT_VALUE0_C_CACHE_VALUE3_USER_DW512_USER_AW64_USER_MAXREQS7_USER_RFIFONUM_WIDTH9_114
gmem0_m_axi_U/clk_gate_load_unit_buff_rdata_genblk1_U_fifo_mem_mem_reg_71_       3.9900     0.0      0.0000      3.9900 0.0000 SNPS_CLOCK_GATE_HIGH_tinytpu_isa_gmem0_m_axi_CONSERVATIVE1_NUM_READ_OUTSTANDING16_NUM_WRITE_OUTSTANDING16_MAX_READ_BURST_LENGTH16_MAX_WRITE_BURST_LENGTH16_C_M_AXI_ID_WIDTH1_C_M_AXI_ADDR_WIDTH64_C_M_AXI_DATA_WIDTH512_C_M_AXI_AWUSER_WIDTH1_C_M_AXI_ARUSER_WIDTH1_C_M_AXI_WUSER_WIDTH1_C_M_AXI_RUSER_WIDTH1_C_M_AXI_BUSER_WIDTH1_C_USER_VALUE0_C_PROT_VALUE0_C_CACHE_VALUE3_USER_DW512_USER_AW64_USER_MAXREQS7_USER_RFIFONUM_WIDTH9_115
gmem0_m_axi_U/clk_gate_load_unit_buff_rdata_genblk1_U_fifo_mem_mem_reg_72_       3.9900     0.0      0.0000      3.9900 0.0000 SNPS_CLOCK_GATE_HIGH_tinytpu_isa_gmem0_m_axi_CONSERVATIVE1_NUM_READ_OUTSTANDING16_NUM_WRITE_OUTSTANDING16_MAX_READ_BURST_LENGTH16_MAX_WRITE_BURST_LENGTH16_C_M_AXI_ID_WIDTH1_C_M_AXI_ADDR_WIDTH64_C_M_AXI_DATA_WIDTH512_C_M_AXI_AWUSER_WIDTH1_C_M_AXI_ARUSER_WIDTH1_C_M_AXI_WUSER_WIDTH1_C_M_AXI_RUSER_WIDTH1_C_M_AXI_BUSER_WIDTH1_C_USER_VALUE0_C_PROT_VALUE0_C_CACHE_VALUE3_USER_DW512_USER_AW64_USER_MAXREQS7_USER_RFIFONUM_WIDTH9_116
gmem0_m_axi_U/clk_gate_load_unit_buff_rdata_genblk1_U_fifo_mem_mem_reg_73_       3.9900     0.0      0.0000      3.9900 0.0000 SNPS_CLOCK_GATE_HIGH_tinytpu_isa_gmem0_m_axi_CONSERVATIVE1_NUM_READ_OUTSTANDING16_NUM_WRITE_OUTSTANDING16_MAX_READ_BURST_LENGTH16_MAX_WRITE_BURST_LENGTH16_C_M_AXI_ID_WIDTH1_C_M_AXI_ADDR_WIDTH64_C_M_AXI_DATA_WIDTH512_C_M_AXI_AWUSER_WIDTH1_C_M_AXI_ARUSER_WIDTH1_C_M_AXI_WUSER_WIDTH1_C_M_AXI_RUSER_WIDTH1_C_M_AXI_BUSER_WIDTH1_C_USER_VALUE0_C_PROT_VALUE0_C_CACHE_VALUE3_USER_DW512_USER_AW64_USER_MAXREQS7_USER_RFIFONUM_WIDTH9_117
gmem0_m_axi_U/clk_gate_load_unit_buff_rdata_genblk1_U_fifo_mem_mem_reg_74_       3.9900     0.0      0.0000      3.9900 0.0000 SNPS_CLOCK_GATE_HIGH_tinytpu_isa_gmem0_m_axi_CONSERVATIVE1_NUM_READ_OUTSTANDING16_NUM_WRITE_OUTSTANDING16_MAX_READ_BURST_LENGTH16_MAX_WRITE_BURST_LENGTH16_C_M_AXI_ID_WIDTH1_C_M_AXI_ADDR_WIDTH64_C_M_AXI_DATA_WIDTH512_C_M_AXI_AWUSER_WIDTH1_C_M_AXI_ARUSER_WIDTH1_C_M_AXI_WUSER_WIDTH1_C_M_AXI_RUSER_WIDTH1_C_M_AXI_BUSER_WIDTH1_C_USER_VALUE0_C_PROT_VALUE0_C_CACHE_VALUE3_USER_DW512_USER_AW64_USER_MAXREQS7_USER_RFIFONUM_WIDTH9_118
gmem0_m_axi_U/clk_gate_load_unit_buff_rdata_genblk1_U_fifo_mem_mem_reg_75_       3.9900     0.0      0.0000      3.9900 0.0000 SNPS_CLOCK_GATE_HIGH_tinytpu_isa_gmem0_m_axi_CONSERVATIVE1_NUM_READ_OUTSTANDING16_NUM_WRITE_OUTSTANDING16_MAX_READ_BURST_LENGTH16_MAX_WRITE_BURST_LENGTH16_C_M_AXI_ID_WIDTH1_C_M_AXI_ADDR_WIDTH64_C_M_AXI_DATA_WIDTH512_C_M_AXI_AWUSER_WIDTH1_C_M_AXI_ARUSER_WIDTH1_C_M_AXI_WUSER_WIDTH1_C_M_AXI_RUSER_WIDTH1_C_M_AXI_BUSER_WIDTH1_C_USER_VALUE0_C_PROT_VALUE0_C_CACHE_VALUE3_USER_DW512_USER_AW64_USER_MAXREQS7_USER_RFIFONUM_WIDTH9_119
gmem0_m_axi_U/clk_gate_load_unit_buff_rdata_genblk1_U_fifo_mem_mem_reg_76_       3.9900     0.0      0.0000      3.9900 0.0000 SNPS_CLOCK_GATE_HIGH_tinytpu_isa_gmem0_m_axi_CONSERVATIVE1_NUM_READ_OUTSTANDING16_NUM_WRITE_OUTSTANDING16_MAX_READ_BURST_LENGTH16_MAX_WRITE_BURST_LENGTH16_C_M_AXI_ID_WIDTH1_C_M_AXI_ADDR_WIDTH64_C_M_AXI_DATA_WIDTH512_C_M_AXI_AWUSER_WIDTH1_C_M_AXI_ARUSER_WIDTH1_C_M_AXI_WUSER_WIDTH1_C_M_AXI_RUSER_WIDTH1_C_M_AXI_BUSER_WIDTH1_C_USER_VALUE0_C_PROT_VALUE0_C_CACHE_VALUE3_USER_DW512_USER_AW64_USER_MAXREQS7_USER_RFIFONUM_WIDTH9_120
gmem0_m_axi_U/clk_gate_load_unit_buff_rdata_genblk1_U_fifo_mem_mem_reg_77_       3.9900     0.0      0.0000      3.9900 0.0000 SNPS_CLOCK_GATE_HIGH_tinytpu_isa_gmem0_m_axi_CONSERVATIVE1_NUM_READ_OUTSTANDING16_NUM_WRITE_OUTSTANDING16_MAX_READ_BURST_LENGTH16_MAX_WRITE_BURST_LENGTH16_C_M_AXI_ID_WIDTH1_C_M_AXI_ADDR_WIDTH64_C_M_AXI_DATA_WIDTH512_C_M_AXI_AWUSER_WIDTH1_C_M_AXI_ARUSER_WIDTH1_C_M_AXI_WUSER_WIDTH1_C_M_AXI_RUSER_WIDTH1_C_M_AXI_BUSER_WIDTH1_C_USER_VALUE0_C_PROT_VALUE0_C_CACHE_VALUE3_USER_DW512_USER_AW64_USER_MAXREQS7_USER_RFIFONUM_WIDTH9_121
gmem0_m_axi_U/clk_gate_load_unit_buff_rdata_genblk1_U_fifo_mem_mem_reg_78_       3.9900     0.0      0.0000      3.9900 0.0000 SNPS_CLOCK_GATE_HIGH_tinytpu_isa_gmem0_m_axi_CONSERVATIVE1_NUM_READ_OUTSTANDING16_NUM_WRITE_OUTSTANDING16_MAX_READ_BURST_LENGTH16_MAX_WRITE_BURST_LENGTH16_C_M_AXI_ID_WIDTH1_C_M_AXI_ADDR_WIDTH64_C_M_AXI_DATA_WIDTH512_C_M_AXI_AWUSER_WIDTH1_C_M_AXI_ARUSER_WIDTH1_C_M_AXI_WUSER_WIDTH1_C_M_AXI_RUSER_WIDTH1_C_M_AXI_BUSER_WIDTH1_C_USER_VALUE0_C_PROT_VALUE0_C_CACHE_VALUE3_USER_DW512_USER_AW64_USER_MAXREQS7_USER_RFIFONUM_WIDTH9_122
gmem0_m_axi_U/clk_gate_load_unit_buff_rdata_genblk1_U_fifo_mem_mem_reg_79_       3.9900     0.0      0.0000      3.9900 0.0000 SNPS_CLOCK_GATE_HIGH_tinytpu_isa_gmem0_m_axi_CONSERVATIVE1_NUM_READ_OUTSTANDING16_NUM_WRITE_OUTSTANDING16_MAX_READ_BURST_LENGTH16_MAX_WRITE_BURST_LENGTH16_C_M_AXI_ID_WIDTH1_C_M_AXI_ADDR_WIDTH64_C_M_AXI_DATA_WIDTH512_C_M_AXI_AWUSER_WIDTH1_C_M_AXI_ARUSER_WIDTH1_C_M_AXI_WUSER_WIDTH1_C_M_AXI_RUSER_WIDTH1_C_M_AXI_BUSER_WIDTH1_C_USER_VALUE0_C_PROT_VALUE0_C_CACHE_VALUE3_USER_DW512_USER_AW64_USER_MAXREQS7_USER_RFIFONUM_WIDTH9_123
gmem0_m_axi_U/clk_gate_load_unit_buff_rdata_genblk1_U_fifo_mem_mem_reg_7_       3.9900     0.0      0.0000      3.9900 0.0000 SNPS_CLOCK_GATE_HIGH_tinytpu_isa_gmem0_m_axi_CONSERVATIVE1_NUM_READ_OUTSTANDING16_NUM_WRITE_OUTSTANDING16_MAX_READ_BURST_LENGTH16_MAX_WRITE_BURST_LENGTH16_C_M_AXI_ID_WIDTH1_C_M_AXI_ADDR_WIDTH64_C_M_AXI_DATA_WIDTH512_C_M_AXI_AWUSER_WIDTH1_C_M_AXI_ARUSER_WIDTH1_C_M_AXI_WUSER_WIDTH1_C_M_AXI_RUSER_WIDTH1_C_M_AXI_BUSER_WIDTH1_C_USER_VALUE0_C_PROT_VALUE0_C_CACHE_VALUE3_USER_DW512_USER_AW64_USER_MAXREQS7_USER_RFIFONUM_WIDTH9_51
gmem0_m_axi_U/clk_gate_load_unit_buff_rdata_genblk1_U_fifo_mem_mem_reg_80_       3.9900     0.0      0.0000      3.9900 0.0000 SNPS_CLOCK_GATE_HIGH_tinytpu_isa_gmem0_m_axi_CONSERVATIVE1_NUM_READ_OUTSTANDING16_NUM_WRITE_OUTSTANDING16_MAX_READ_BURST_LENGTH16_MAX_WRITE_BURST_LENGTH16_C_M_AXI_ID_WIDTH1_C_M_AXI_ADDR_WIDTH64_C_M_AXI_DATA_WIDTH512_C_M_AXI_AWUSER_WIDTH1_C_M_AXI_ARUSER_WIDTH1_C_M_AXI_WUSER_WIDTH1_C_M_AXI_RUSER_WIDTH1_C_M_AXI_BUSER_WIDTH1_C_USER_VALUE0_C_PROT_VALUE0_C_CACHE_VALUE3_USER_DW512_USER_AW64_USER_MAXREQS7_USER_RFIFONUM_WIDTH9_124
gmem0_m_axi_U/clk_gate_load_unit_buff_rdata_genblk1_U_fifo_mem_mem_reg_81_       3.9900     0.0      0.0000      3.9900 0.0000 SNPS_CLOCK_GATE_HIGH_tinytpu_isa_gmem0_m_axi_CONSERVATIVE1_NUM_READ_OUTSTANDING16_NUM_WRITE_OUTSTANDING16_MAX_READ_BURST_LENGTH16_MAX_WRITE_BURST_LENGTH16_C_M_AXI_ID_WIDTH1_C_M_AXI_ADDR_WIDTH64_C_M_AXI_DATA_WIDTH512_C_M_AXI_AWUSER_WIDTH1_C_M_AXI_ARUSER_WIDTH1_C_M_AXI_WUSER_WIDTH1_C_M_AXI_RUSER_WIDTH1_C_M_AXI_BUSER_WIDTH1_C_USER_VALUE0_C_PROT_VALUE0_C_CACHE_VALUE3_USER_DW512_USER_AW64_USER_MAXREQS7_USER_RFIFONUM_WIDTH9_125
gmem0_m_axi_U/clk_gate_load_unit_buff_rdata_genblk1_U_fifo_mem_mem_reg_82_       3.9900     0.0      0.0000      3.9900 0.0000 SNPS_CLOCK_GATE_HIGH_tinytpu_isa_gmem0_m_axi_CONSERVATIVE1_NUM_READ_OUTSTANDING16_NUM_WRITE_OUTSTANDING16_MAX_READ_BURST_LENGTH16_MAX_WRITE_BURST_LENGTH16_C_M_AXI_ID_WIDTH1_C_M_AXI_ADDR_WIDTH64_C_M_AXI_DATA_WIDTH512_C_M_AXI_AWUSER_WIDTH1_C_M_AXI_ARUSER_WIDTH1_C_M_AXI_WUSER_WIDTH1_C_M_AXI_RUSER_WIDTH1_C_M_AXI_BUSER_WIDTH1_C_USER_VALUE0_C_PROT_VALUE0_C_CACHE_VALUE3_USER_DW512_USER_AW64_USER_MAXREQS7_USER_RFIFONUM_WIDTH9_126
gmem0_m_axi_U/clk_gate_load_unit_buff_rdata_genblk1_U_fifo_mem_mem_reg_83_       3.9900     0.0      0.0000      3.9900 0.0000 SNPS_CLOCK_GATE_HIGH_tinytpu_isa_gmem0_m_axi_CONSERVATIVE1_NUM_READ_OUTSTANDING16_NUM_WRITE_OUTSTANDING16_MAX_READ_BURST_LENGTH16_MAX_WRITE_BURST_LENGTH16_C_M_AXI_ID_WIDTH1_C_M_AXI_ADDR_WIDTH64_C_M_AXI_DATA_WIDTH512_C_M_AXI_AWUSER_WIDTH1_C_M_AXI_ARUSER_WIDTH1_C_M_AXI_WUSER_WIDTH1_C_M_AXI_RUSER_WIDTH1_C_M_AXI_BUSER_WIDTH1_C_USER_VALUE0_C_PROT_VALUE0_C_CACHE_VALUE3_USER_DW512_USER_AW64_USER_MAXREQS7_USER_RFIFONUM_WIDTH9_127
gmem0_m_axi_U/clk_gate_load_unit_buff_rdata_genblk1_U_fifo_mem_mem_reg_84_       3.9900     0.0      0.0000      3.9900 0.0000 SNPS_CLOCK_GATE_HIGH_tinytpu_isa_gmem0_m_axi_CONSERVATIVE1_NUM_READ_OUTSTANDING16_NUM_WRITE_OUTSTANDING16_MAX_READ_BURST_LENGTH16_MAX_WRITE_BURST_LENGTH16_C_M_AXI_ID_WIDTH1_C_M_AXI_ADDR_WIDTH64_C_M_AXI_DATA_WIDTH512_C_M_AXI_AWUSER_WIDTH1_C_M_AXI_ARUSER_WIDTH1_C_M_AXI_WUSER_WIDTH1_C_M_AXI_RUSER_WIDTH1_C_M_AXI_BUSER_WIDTH1_C_USER_VALUE0_C_PROT_VALUE0_C_CACHE_VALUE3_USER_DW512_USER_AW64_USER_MAXREQS7_USER_RFIFONUM_WIDTH9_128
gmem0_m_axi_U/clk_gate_load_unit_buff_rdata_genblk1_U_fifo_mem_mem_reg_85_       3.9900     0.0      0.0000      3.9900 0.0000 SNPS_CLOCK_GATE_HIGH_tinytpu_isa_gmem0_m_axi_CONSERVATIVE1_NUM_READ_OUTSTANDING16_NUM_WRITE_OUTSTANDING16_MAX_READ_BURST_LENGTH16_MAX_WRITE_BURST_LENGTH16_C_M_AXI_ID_WIDTH1_C_M_AXI_ADDR_WIDTH64_C_M_AXI_DATA_WIDTH512_C_M_AXI_AWUSER_WIDTH1_C_M_AXI_ARUSER_WIDTH1_C_M_AXI_WUSER_WIDTH1_C_M_AXI_RUSER_WIDTH1_C_M_AXI_BUSER_WIDTH1_C_USER_VALUE0_C_PROT_VALUE0_C_CACHE_VALUE3_USER_DW512_USER_AW64_USER_MAXREQS7_USER_RFIFONUM_WIDTH9_129
gmem0_m_axi_U/clk_gate_load_unit_buff_rdata_genblk1_U_fifo_mem_mem_reg_86_       3.9900     0.0      0.0000      3.9900 0.0000 SNPS_CLOCK_GATE_HIGH_tinytpu_isa_gmem0_m_axi_CONSERVATIVE1_NUM_READ_OUTSTANDING16_NUM_WRITE_OUTSTANDING16_MAX_READ_BURST_LENGTH16_MAX_WRITE_BURST_LENGTH16_C_M_AXI_ID_WIDTH1_C_M_AXI_ADDR_WIDTH64_C_M_AXI_DATA_WIDTH512_C_M_AXI_AWUSER_WIDTH1_C_M_AXI_ARUSER_WIDTH1_C_M_AXI_WUSER_WIDTH1_C_M_AXI_RUSER_WIDTH1_C_M_AXI_BUSER_WIDTH1_C_USER_VALUE0_C_PROT_VALUE0_C_CACHE_VALUE3_USER_DW512_USER_AW64_USER_MAXREQS7_USER_RFIFONUM_WIDTH9_130
gmem0_m_axi_U/clk_gate_load_unit_buff_rdata_genblk1_U_fifo_mem_mem_reg_87_       3.9900     0.0      0.0000      3.9900 0.0000 SNPS_CLOCK_GATE_HIGH_tinytpu_isa_gmem0_m_axi_CONSERVATIVE1_NUM_READ_OUTSTANDING16_NUM_WRITE_OUTSTANDING16_MAX_READ_BURST_LENGTH16_MAX_WRITE_BURST_LENGTH16_C_M_AXI_ID_WIDTH1_C_M_AXI_ADDR_WIDTH64_C_M_AXI_DATA_WIDTH512_C_M_AXI_AWUSER_WIDTH1_C_M_AXI_ARUSER_WIDTH1_C_M_AXI_WUSER_WIDTH1_C_M_AXI_RUSER_WIDTH1_C_M_AXI_BUSER_WIDTH1_C_USER_VALUE0_C_PROT_VALUE0_C_CACHE_VALUE3_USER_DW512_USER_AW64_USER_MAXREQS7_USER_RFIFONUM_WIDTH9_131
gmem0_m_axi_U/clk_gate_load_unit_buff_rdata_genblk1_U_fifo_mem_mem_reg_88_       3.9900     0.0      0.0000      3.9900 0.0000 SNPS_CLOCK_GATE_HIGH_tinytpu_isa_gmem0_m_axi_CONSERVATIVE1_NUM_READ_OUTSTANDING16_NUM_WRITE_OUTSTANDING16_MAX_READ_BURST_LENGTH16_MAX_WRITE_BURST_LENGTH16_C_M_AXI_ID_WIDTH1_C_M_AXI_ADDR_WIDTH64_C_M_AXI_DATA_WIDTH512_C_M_AXI_AWUSER_WIDTH1_C_M_AXI_ARUSER_WIDTH1_C_M_AXI_WUSER_WIDTH1_C_M_AXI_RUSER_WIDTH1_C_M_AXI_BUSER_WIDTH1_C_USER_VALUE0_C_PROT_VALUE0_C_CACHE_VALUE3_USER_DW512_USER_AW64_USER_MAXREQS7_USER_RFIFONUM_WIDTH9_132
gmem0_m_axi_U/clk_gate_load_unit_buff_rdata_genblk1_U_fifo_mem_mem_reg_89_       3.9900     0.0      0.0000      3.9900 0.0000 SNPS_CLOCK_GATE_HIGH_tinytpu_isa_gmem0_m_axi_CONSERVATIVE1_NUM_READ_OUTSTANDING16_NUM_WRITE_OUTSTANDING16_MAX_READ_BURST_LENGTH16_MAX_WRITE_BURST_LENGTH16_C_M_AXI_ID_WIDTH1_C_M_AXI_ADDR_WIDTH64_C_M_AXI_DATA_WIDTH512_C_M_AXI_AWUSER_WIDTH1_C_M_AXI_ARUSER_WIDTH1_C_M_AXI_WUSER_WIDTH1_C_M_AXI_RUSER_WIDTH1_C_M_AXI_BUSER_WIDTH1_C_USER_VALUE0_C_PROT_VALUE0_C_CACHE_VALUE3_USER_DW512_USER_AW64_USER_MAXREQS7_USER_RFIFONUM_WIDTH9_133
gmem0_m_axi_U/clk_gate_load_unit_buff_rdata_genblk1_U_fifo_mem_mem_reg_8_       3.9900     0.0      0.0000      3.9900 0.0000 SNPS_CLOCK_GATE_HIGH_tinytpu_isa_gmem0_m_axi_CONSERVATIVE1_NUM_READ_OUTSTANDING16_NUM_WRITE_OUTSTANDING16_MAX_READ_BURST_LENGTH16_MAX_WRITE_BURST_LENGTH16_C_M_AXI_ID_WIDTH1_C_M_AXI_ADDR_WIDTH64_C_M_AXI_DATA_WIDTH512_C_M_AXI_AWUSER_WIDTH1_C_M_AXI_ARUSER_WIDTH1_C_M_AXI_WUSER_WIDTH1_C_M_AXI_RUSER_WIDTH1_C_M_AXI_BUSER_WIDTH1_C_USER_VALUE0_C_PROT_VALUE0_C_CACHE_VALUE3_USER_DW512_USER_AW64_USER_MAXREQS7_USER_RFIFONUM_WIDTH9_52
gmem0_m_axi_U/clk_gate_load_unit_buff_rdata_genblk1_U_fifo_mem_mem_reg_90_       3.9900     0.0      0.0000      3.9900 0.0000 SNPS_CLOCK_GATE_HIGH_tinytpu_isa_gmem0_m_axi_CONSERVATIVE1_NUM_READ_OUTSTANDING16_NUM_WRITE_OUTSTANDING16_MAX_READ_BURST_LENGTH16_MAX_WRITE_BURST_LENGTH16_C_M_AXI_ID_WIDTH1_C_M_AXI_ADDR_WIDTH64_C_M_AXI_DATA_WIDTH512_C_M_AXI_AWUSER_WIDTH1_C_M_AXI_ARUSER_WIDTH1_C_M_AXI_WUSER_WIDTH1_C_M_AXI_RUSER_WIDTH1_C_M_AXI_BUSER_WIDTH1_C_USER_VALUE0_C_PROT_VALUE0_C_CACHE_VALUE3_USER_DW512_USER_AW64_USER_MAXREQS7_USER_RFIFONUM_WIDTH9_134
gmem0_m_axi_U/clk_gate_load_unit_buff_rdata_genblk1_U_fifo_mem_mem_reg_91_       3.9900     0.0      0.0000      3.9900 0.0000 SNPS_CLOCK_GATE_HIGH_tinytpu_isa_gmem0_m_axi_CONSERVATIVE1_NUM_READ_OUTSTANDING16_NUM_WRITE_OUTSTANDING16_MAX_READ_BURST_LENGTH16_MAX_WRITE_BURST_LENGTH16_C_M_AXI_ID_WIDTH1_C_M_AXI_ADDR_WIDTH64_C_M_AXI_DATA_WIDTH512_C_M_AXI_AWUSER_WIDTH1_C_M_AXI_ARUSER_WIDTH1_C_M_AXI_WUSER_WIDTH1_C_M_AXI_RUSER_WIDTH1_C_M_AXI_BUSER_WIDTH1_C_USER_VALUE0_C_PROT_VALUE0_C_CACHE_VALUE3_USER_DW512_USER_AW64_USER_MAXREQS7_USER_RFIFONUM_WIDTH9_135
gmem0_m_axi_U/clk_gate_load_unit_buff_rdata_genblk1_U_fifo_mem_mem_reg_92_       3.9900     0.0      0.0000      3.9900 0.0000 SNPS_CLOCK_GATE_HIGH_tinytpu_isa_gmem0_m_axi_CONSERVATIVE1_NUM_READ_OUTSTANDING16_NUM_WRITE_OUTSTANDING16_MAX_READ_BURST_LENGTH16_MAX_WRITE_BURST_LENGTH16_C_M_AXI_ID_WIDTH1_C_M_AXI_ADDR_WIDTH64_C_M_AXI_DATA_WIDTH512_C_M_AXI_AWUSER_WIDTH1_C_M_AXI_ARUSER_WIDTH1_C_M_AXI_WUSER_WIDTH1_C_M_AXI_RUSER_WIDTH1_C_M_AXI_BUSER_WIDTH1_C_USER_VALUE0_C_PROT_VALUE0_C_CACHE_VALUE3_USER_DW512_USER_AW64_USER_MAXREQS7_USER_RFIFONUM_WIDTH9_136
gmem0_m_axi_U/clk_gate_load_unit_buff_rdata_genblk1_U_fifo_mem_mem_reg_93_       3.9900     0.0      0.0000      3.9900 0.0000 SNPS_CLOCK_GATE_HIGH_tinytpu_isa_gmem0_m_axi_CONSERVATIVE1_NUM_READ_OUTSTANDING16_NUM_WRITE_OUTSTANDING16_MAX_READ_BURST_LENGTH16_MAX_WRITE_BURST_LENGTH16_C_M_AXI_ID_WIDTH1_C_M_AXI_ADDR_WIDTH64_C_M_AXI_DATA_WIDTH512_C_M_AXI_AWUSER_WIDTH1_C_M_AXI_ARUSER_WIDTH1_C_M_AXI_WUSER_WIDTH1_C_M_AXI_RUSER_WIDTH1_C_M_AXI_BUSER_WIDTH1_C_USER_VALUE0_C_PROT_VALUE0_C_CACHE_VALUE3_USER_DW512_USER_AW64_USER_MAXREQS7_USER_RFIFONUM_WIDTH9_137
gmem0_m_axi_U/clk_gate_load_unit_buff_rdata_genblk1_U_fifo_mem_mem_reg_94_       3.9900     0.0      0.0000      3.9900 0.0000 SNPS_CLOCK_GATE_HIGH_tinytpu_isa_gmem0_m_axi_CONSERVATIVE1_NUM_READ_OUTSTANDING16_NUM_WRITE_OUTSTANDING16_MAX_READ_BURST_LENGTH16_MAX_WRITE_BURST_LENGTH16_C_M_AXI_ID_WIDTH1_C_M_AXI_ADDR_WIDTH64_C_M_AXI_DATA_WIDTH512_C_M_AXI_AWUSER_WIDTH1_C_M_AXI_ARUSER_WIDTH1_C_M_AXI_WUSER_WIDTH1_C_M_AXI_RUSER_WIDTH1_C_M_AXI_BUSER_WIDTH1_C_USER_VALUE0_C_PROT_VALUE0_C_CACHE_VALUE3_USER_DW512_USER_AW64_USER_MAXREQS7_USER_RFIFONUM_WIDTH9_138
gmem0_m_axi_U/clk_gate_load_unit_buff_rdata_genblk1_U_fifo_mem_mem_reg_95_       3.9900     0.0      0.0000      3.9900 0.0000 SNPS_CLOCK_GATE_HIGH_tinytpu_isa_gmem0_m_axi_CONSERVATIVE1_NUM_READ_OUTSTANDING16_NUM_WRITE_OUTSTANDING16_MAX_READ_BURST_LENGTH16_MAX_WRITE_BURST_LENGTH16_C_M_AXI_ID_WIDTH1_C_M_AXI_ADDR_WIDTH64_C_M_AXI_DATA_WIDTH512_C_M_AXI_AWUSER_WIDTH1_C_M_AXI_ARUSER_WIDTH1_C_M_AXI_WUSER_WIDTH1_C_M_AXI_RUSER_WIDTH1_C_M_AXI_BUSER_WIDTH1_C_USER_VALUE0_C_PROT_VALUE0_C_CACHE_VALUE3_USER_DW512_USER_AW64_USER_MAXREQS7_USER_RFIFONUM_WIDTH9_139
gmem0_m_axi_U/clk_gate_load_unit_buff_rdata_genblk1_U_fifo_mem_mem_reg_96_       3.9900     0.0      0.0000      3.9900 0.0000 SNPS_CLOCK_GATE_HIGH_tinytpu_isa_gmem0_m_axi_CONSERVATIVE1_NUM_READ_OUTSTANDING16_NUM_WRITE_OUTSTANDING16_MAX_READ_BURST_LENGTH16_MAX_WRITE_BURST_LENGTH16_C_M_AXI_ID_WIDTH1_C_M_AXI_ADDR_WIDTH64_C_M_AXI_DATA_WIDTH512_C_M_AXI_AWUSER_WIDTH1_C_M_AXI_ARUSER_WIDTH1_C_M_AXI_WUSER_WIDTH1_C_M_AXI_RUSER_WIDTH1_C_M_AXI_BUSER_WIDTH1_C_USER_VALUE0_C_PROT_VALUE0_C_CACHE_VALUE3_USER_DW512_USER_AW64_USER_MAXREQS7_USER_RFIFONUM_WIDTH9_140
gmem0_m_axi_U/clk_gate_load_unit_buff_rdata_genblk1_U_fifo_mem_mem_reg_97_       3.9900     0.0      0.0000      3.9900 0.0000 SNPS_CLOCK_GATE_HIGH_tinytpu_isa_gmem0_m_axi_CONSERVATIVE1_NUM_READ_OUTSTANDING16_NUM_WRITE_OUTSTANDING16_MAX_READ_BURST_LENGTH16_MAX_WRITE_BURST_LENGTH16_C_M_AXI_ID_WIDTH1_C_M_AXI_ADDR_WIDTH64_C_M_AXI_DATA_WIDTH512_C_M_AXI_AWUSER_WIDTH1_C_M_AXI_ARUSER_WIDTH1_C_M_AXI_WUSER_WIDTH1_C_M_AXI_RUSER_WIDTH1_C_M_AXI_BUSER_WIDTH1_C_USER_VALUE0_C_PROT_VALUE0_C_CACHE_VALUE3_USER_DW512_USER_AW64_USER_MAXREQS7_USER_RFIFONUM_WIDTH9_141
gmem0_m_axi_U/clk_gate_load_unit_buff_rdata_genblk1_U_fifo_mem_mem_reg_98_       3.9900     0.0      0.0000      3.9900 0.0000 SNPS_CLOCK_GATE_HIGH_tinytpu_isa_gmem0_m_axi_CONSERVATIVE1_NUM_READ_OUTSTANDING16_NUM_WRITE_OUTSTANDING16_MAX_READ_BURST_LENGTH16_MAX_WRITE_BURST_LENGTH16_C_M_AXI_ID_WIDTH1_C_M_AXI_ADDR_WIDTH64_C_M_AXI_DATA_WIDTH512_C_M_AXI_AWUSER_WIDTH1_C_M_AXI_ARUSER_WIDTH1_C_M_AXI_WUSER_WIDTH1_C_M_AXI_RUSER_WIDTH1_C_M_AXI_BUSER_WIDTH1_C_USER_VALUE0_C_PROT_VALUE0_C_CACHE_VALUE3_USER_DW512_USER_AW64_USER_MAXREQS7_USER_RFIFONUM_WIDTH9_142
gmem0_m_axi_U/clk_gate_load_unit_buff_rdata_genblk1_U_fifo_mem_mem_reg_99_       3.9900     0.0      0.0000      3.9900 0.0000 SNPS_CLOCK_GATE_HIGH_tinytpu_isa_gmem0_m_axi_CONSERVATIVE1_NUM_READ_OUTSTANDING16_NUM_WRITE_OUTSTANDING16_MAX_READ_BURST_LENGTH16_MAX_WRITE_BURST_LENGTH16_C_M_AXI_ID_WIDTH1_C_M_AXI_ADDR_WIDTH64_C_M_AXI_DATA_WIDTH512_C_M_AXI_AWUSER_WIDTH1_C_M_AXI_ARUSER_WIDTH1_C_M_AXI_WUSER_WIDTH1_C_M_AXI_RUSER_WIDTH1_C_M_AXI_BUSER_WIDTH1_C_USER_VALUE0_C_PROT_VALUE0_C_CACHE_VALUE3_USER_DW512_USER_AW64_USER_MAXREQS7_USER_RFIFONUM_WIDTH9_143
gmem0_m_axi_U/clk_gate_load_unit_buff_rdata_genblk1_U_fifo_mem_mem_reg_9_       3.9900     0.0      0.0000      3.9900 0.0000 SNPS_CLOCK_GATE_HIGH_tinytpu_isa_gmem0_m_axi_CONSERVATIVE1_NUM_READ_OUTSTANDING16_NUM_WRITE_OUTSTANDING16_MAX_READ_BURST_LENGTH16_MAX_WRITE_BURST_LENGTH16_C_M_AXI_ID_WIDTH1_C_M_AXI_ADDR_WIDTH64_C_M_AXI_DATA_WIDTH512_C_M_AXI_AWUSER_WIDTH1_C_M_AXI_ARUSER_WIDTH1_C_M_AXI_WUSER_WIDTH1_C_M_AXI_RUSER_WIDTH1_C_M_AXI_BUSER_WIDTH1_C_USER_VALUE0_C_PROT_VALUE0_C_CACHE_VALUE3_USER_DW512_USER_AW64_USER_MAXREQS7_USER_RFIFONUM_WIDTH9_53
gmem0_m_axi_U/clk_gate_load_unit_buff_rdata_genblk1_waddr_reg       3.9900     0.0      0.0000      3.9900 0.0000 SNPS_CLOCK_GATE_HIGH_tinytpu_isa_gmem0_m_axi_CONSERVATIVE1_NUM_READ_OUTSTANDING16_NUM_WRITE_OUTSTANDING16_MAX_READ_BURST_LENGTH16_MAX_WRITE_BURST_LENGTH16_C_M_AXI_ID_WIDTH1_C_M_AXI_ADDR_WIDTH64_C_M_AXI_DATA_WIDTH512_C_M_AXI_AWUSER_WIDTH1_C_M_AXI_ARUSER_WIDTH1_C_M_AXI_WUSER_WIDTH1_C_M_AXI_RUSER_WIDTH1_C_M_AXI_BUSER_WIDTH1_C_USER_VALUE0_C_PROT_VALUE0_C_CACHE_VALUE3_USER_DW512_USER_AW64_USER_MAXREQS7_USER_RFIFONUM_WIDTH9_300
gmem0_m_axi_U/clk_gate_load_unit_fifo_rreq_empty_n_reg       3.9900     0.0      0.0000      3.9900 0.0000 SNPS_CLOCK_GATE_HIGH_tinytpu_isa_gmem0_m_axi_CONSERVATIVE1_NUM_READ_OUTSTANDING16_NUM_WRITE_OUTSTANDING16_MAX_READ_BURST_LENGTH16_MAX_WRITE_BURST_LENGTH16_C_M_AXI_ID_WIDTH1_C_M_AXI_ADDR_WIDTH64_C_M_AXI_DATA_WIDTH512_C_M_AXI_AWUSER_WIDTH1_C_M_AXI_ARUSER_WIDTH1_C_M_AXI_WUSER_WIDTH1_C_M_AXI_RUSER_WIDTH1_C_M_AXI_BUSER_WIDTH1_C_USER_VALUE0_C_PROT_VALUE0_C_CACHE_VALUE3_USER_DW512_USER_AW64_USER_MAXREQS7_USER_RFIFONUM_WIDTH9_305
gmem0_m_axi_U/clk_gate_load_unit_fifo_rreq_genblk1_U_fifo_srl_dout_reg       3.9900     0.0      0.0000      3.9900 0.0000 SNPS_CLOCK_GATE_HIGH_tinytpu_isa_gmem0_m_axi_CONSERVATIVE1_NUM_READ_OUTSTANDING16_NUM_WRITE_OUTSTANDING16_MAX_READ_BURST_LENGTH16_MAX_WRITE_BURST_LENGTH16_C_M_AXI_ID_WIDTH1_C_M_AXI_ADDR_WIDTH64_C_M_AXI_DATA_WIDTH512_C_M_AXI_AWUSER_WIDTH1_C_M_AXI_ARUSER_WIDTH1_C_M_AXI_WUSER_WIDTH1_C_M_AXI_RUSER_WIDTH1_C_M_AXI_BUSER_WIDTH1_C_USER_VALUE0_C_PROT_VALUE0_C_CACHE_VALUE3_USER_DW512_USER_AW64_USER_MAXREQS7_USER_RFIFONUM_WIDTH9_303
gmem0_m_axi_U/clk_gate_load_unit_fifo_rreq_genblk1_U_fifo_srl_genblk1_mem_reg_5_       3.9900     0.0      0.0000      3.9900 0.0000 SNPS_CLOCK_GATE_HIGH_tinytpu_isa_gmem0_m_axi_CONSERVATIVE1_NUM_READ_OUTSTANDING16_NUM_WRITE_OUTSTANDING16_MAX_READ_BURST_LENGTH16_MAX_WRITE_BURST_LENGTH16_C_M_AXI_ID_WIDTH1_C_M_AXI_ADDR_WIDTH64_C_M_AXI_DATA_WIDTH512_C_M_AXI_AWUSER_WIDTH1_C_M_AXI_ARUSER_WIDTH1_C_M_AXI_WUSER_WIDTH1_C_M_AXI_RUSER_WIDTH1_C_M_AXI_BUSER_WIDTH1_C_USER_VALUE0_C_PROT_VALUE0_C_CACHE_VALUE3_USER_DW512_USER_AW64_USER_MAXREQS7_USER_RFIFONUM_WIDTH9_302
gmem0_m_axi_U/clk_gate_load_unit_fifo_rreq_genblk1_raddr_reg       3.9900     0.0      0.0000      3.9900 0.0000 SNPS_CLOCK_GATE_HIGH_tinytpu_isa_gmem0_m_axi_CONSERVATIVE1_NUM_READ_OUTSTANDING16_NUM_WRITE_OUTSTANDING16_MAX_READ_BURST_LENGTH16_MAX_WRITE_BURST_LENGTH16_C_M_AXI_ID_WIDTH1_C_M_AXI_ADDR_WIDTH64_C_M_AXI_DATA_WIDTH512_C_M_AXI_AWUSER_WIDTH1_C_M_AXI_ARUSER_WIDTH1_C_M_AXI_WUSER_WIDTH1_C_M_AXI_RUSER_WIDTH1_C_M_AXI_BUSER_WIDTH1_C_USER_VALUE0_C_PROT_VALUE0_C_CACHE_VALUE3_USER_DW512_USER_AW64_USER_MAXREQS7_USER_RFIFONUM_WIDTH9_304
gmem0_m_axi_U/clk_gate_load_unit_tmp_len_reg       3.9900     0.0      0.0000      3.9900 0.0000 SNPS_CLOCK_GATE_HIGH_tinytpu_isa_gmem0_m_axi_CONSERVATIVE1_NUM_READ_OUTSTANDING16_NUM_WRITE_OUTSTANDING16_MAX_READ_BURST_LENGTH16_MAX_WRITE_BURST_LENGTH16_C_M_AXI_ID_WIDTH1_C_M_AXI_ADDR_WIDTH64_C_M_AXI_DATA_WIDTH512_C_M_AXI_AWUSER_WIDTH1_C_M_AXI_ARUSER_WIDTH1_C_M_AXI_WUSER_WIDTH1_C_M_AXI_RUSER_WIDTH1_C_M_AXI_BUSER_WIDTH1_C_USER_VALUE0_C_PROT_VALUE0_C_CACHE_VALUE3_USER_DW512_USER_AW64_USER_MAXREQS7_USER_RFIFONUM_WIDTH9_308
gmem1_m_axi_U                       56605.8626      5.0   11410.6022   44094.0204  0.0000  tinytpu_isa_gmem1_m_axi_CONSERVATIVE1_NUM_READ_OUTSTANDING16_NUM_WRITE_OUTSTANDING16_MAX_READ_BURST_LENGTH16_MAX_WRITE_BURST_LENGTH16_C_M_AXI_ID_WIDTH1_C_M_AXI_ADDR_WIDTH64_C_M_AXI_DATA_WIDTH32_C_M_AXI_AWUSER_WIDTH1_C_M_AXI_ARUSER_WIDTH1_C_M_AXI_WUSER_WIDTH1_C_M_AXI_RUSER_WIDTH1_C_M_AXI_BUSER_WIDTH1_C_USER_VALUE0_C_PROT_VALUE0_C_CACHE_VALUE3_USER_DW32_USER_AW64_USER_MAXREQS7_USER_RFIFONUM_WIDTH9
gmem1_m_axi_U/clk_gate_bus_read_fifo_burst_empty_n_reg       3.9900     0.0      0.0000      3.9900 0.0000 SNPS_CLOCK_GATE_HIGH_tinytpu_isa_gmem1_m_axi_CONSERVATIVE1_NUM_READ_OUTSTANDING16_NUM_WRITE_OUTSTANDING16_MAX_READ_BURST_LENGTH16_MAX_WRITE_BURST_LENGTH16_C_M_AXI_ID_WIDTH1_C_M_AXI_ADDR_WIDTH64_C_M_AXI_DATA_WIDTH32_C_M_AXI_AWUSER_WIDTH1_C_M_AXI_ARUSER_WIDTH1_C_M_AXI_WUSER_WIDTH1_C_M_AXI_RUSER_WIDTH1_C_M_AXI_BUSER_WIDTH1_C_USER_VALUE0_C_PROT_VALUE0_C_CACHE_VALUE3_USER_DW32_USER_AW64_USER_MAXREQS7_USER_RFIFONUM_WIDTH9_5
gmem1_m_axi_U/clk_gate_bus_read_fifo_burst_genblk1_raddr_reg       3.9900     0.0      0.0000      3.9900 0.0000 SNPS_CLOCK_GATE_HIGH_tinytpu_isa_gmem1_m_axi_CONSERVATIVE1_NUM_READ_OUTSTANDING16_NUM_WRITE_OUTSTANDING16_MAX_READ_BURST_LENGTH16_MAX_WRITE_BURST_LENGTH16_C_M_AXI_ID_WIDTH1_C_M_AXI_ADDR_WIDTH64_C_M_AXI_DATA_WIDTH32_C_M_AXI_AWUSER_WIDTH1_C_M_AXI_ARUSER_WIDTH1_C_M_AXI_WUSER_WIDTH1_C_M_AXI_RUSER_WIDTH1_C_M_AXI_BUSER_WIDTH1_C_USER_VALUE0_C_PROT_VALUE0_C_CACHE_VALUE3_USER_DW32_USER_AW64_USER_MAXREQS7_USER_RFIFONUM_WIDTH9_4
gmem1_m_axi_U/clk_gate_bus_read_fifo_rctl_empty_n_reg       3.9900     0.0      0.0000      3.9900 0.0000 SNPS_CLOCK_GATE_HIGH_tinytpu_isa_gmem1_m_axi_CONSERVATIVE1_NUM_READ_OUTSTANDING16_NUM_WRITE_OUTSTANDING16_MAX_READ_BURST_LENGTH16_MAX_WRITE_BURST_LENGTH16_C_M_AXI_ID_WIDTH1_C_M_AXI_ADDR_WIDTH64_C_M_AXI_DATA_WIDTH32_C_M_AXI_AWUSER_WIDTH1_C_M_AXI_ARUSER_WIDTH1_C_M_AXI_WUSER_WIDTH1_C_M_AXI_RUSER_WIDTH1_C_M_AXI_BUSER_WIDTH1_C_USER_VALUE0_C_PROT_VALUE0_C_CACHE_VALUE3_USER_DW32_USER_AW64_USER_MAXREQS7_USER_RFIFONUM_WIDTH9_7
gmem1_m_axi_U/clk_gate_bus_read_fifo_rctl_genblk1_raddr_reg       3.9900     0.0      0.0000      3.9900 0.0000 SNPS_CLOCK_GATE_HIGH_tinytpu_isa_gmem1_m_axi_CONSERVATIVE1_NUM_READ_OUTSTANDING16_NUM_WRITE_OUTSTANDING16_MAX_READ_BURST_LENGTH16_MAX_WRITE_BURST_LENGTH16_C_M_AXI_ID_WIDTH1_C_M_AXI_ADDR_WIDTH64_C_M_AXI_DATA_WIDTH32_C_M_AXI_AWUSER_WIDTH1_C_M_AXI_ARUSER_WIDTH1_C_M_AXI_WUSER_WIDTH1_C_M_AXI_RUSER_WIDTH1_C_M_AXI_BUSER_WIDTH1_C_USER_VALUE0_C_PROT_VALUE0_C_CACHE_VALUE3_USER_DW32_USER_AW64_USER_MAXREQS7_USER_RFIFONUM_WIDTH9_6
gmem1_m_axi_U/clk_gate_bus_read_rreq_burst_conv_could_multi_bursts_addr_step_reg       3.9900     0.0      0.0000      3.9900 0.0000 SNPS_CLOCK_GATE_HIGH_tinytpu_isa_gmem1_m_axi_CONSERVATIVE1_NUM_READ_OUTSTANDING16_NUM_WRITE_OUTSTANDING16_MAX_READ_BURST_LENGTH16_MAX_WRITE_BURST_LENGTH16_C_M_AXI_ID_WIDTH1_C_M_AXI_ADDR_WIDTH64_C_M_AXI_DATA_WIDTH32_C_M_AXI_AWUSER_WIDTH1_C_M_AXI_ARUSER_WIDTH1_C_M_AXI_WUSER_WIDTH1_C_M_AXI_RUSER_WIDTH1_C_M_AXI_BUSER_WIDTH1_C_USER_VALUE0_C_PROT_VALUE0_C_CACHE_VALUE3_USER_DW32_USER_AW64_USER_MAXREQS7_USER_RFIFONUM_WIDTH9_22
gmem1_m_axi_U/clk_gate_bus_read_rreq_burst_conv_could_multi_bursts_last_loop_reg       3.9900     0.0      0.0000      3.9900 0.0000 SNPS_CLOCK_GATE_HIGH_tinytpu_isa_gmem1_m_axi_CONSERVATIVE1_NUM_READ_OUTSTANDING16_NUM_WRITE_OUTSTANDING16_MAX_READ_BURST_LENGTH16_MAX_WRITE_BURST_LENGTH16_C_M_AXI_ID_WIDTH1_C_M_AXI_ADDR_WIDTH64_C_M_AXI_DATA_WIDTH32_C_M_AXI_AWUSER_WIDTH1_C_M_AXI_ARUSER_WIDTH1_C_M_AXI_WUSER_WIDTH1_C_M_AXI_RUSER_WIDTH1_C_M_AXI_BUSER_WIDTH1_C_USER_VALUE0_C_PROT_VALUE0_C_CACHE_VALUE3_USER_DW32_USER_AW64_USER_MAXREQS7_USER_RFIFONUM_WIDTH9_21
gmem1_m_axi_U/clk_gate_bus_read_rreq_burst_conv_end_from_4k_reg       3.9900     0.0      0.0000      3.9900 0.0000 SNPS_CLOCK_GATE_HIGH_tinytpu_isa_gmem1_m_axi_CONSERVATIVE1_NUM_READ_OUTSTANDING16_NUM_WRITE_OUTSTANDING16_MAX_READ_BURST_LENGTH16_MAX_WRITE_BURST_LENGTH16_C_M_AXI_ID_WIDTH1_C_M_AXI_ADDR_WIDTH64_C_M_AXI_DATA_WIDTH32_C_M_AXI_AWUSER_WIDTH1_C_M_AXI_ARUSER_WIDTH1_C_M_AXI_WUSER_WIDTH1_C_M_AXI_RUSER_WIDTH1_C_M_AXI_BUSER_WIDTH1_C_USER_VALUE0_C_PROT_VALUE0_C_CACHE_VALUE3_USER_DW32_USER_AW64_USER_MAXREQS7_USER_RFIFONUM_WIDTH9_18
gmem1_m_axi_U/clk_gate_bus_read_rreq_burst_conv_last_sect_buf_reg       3.9900     0.0      0.0000      3.9900 0.0000 SNPS_CLOCK_GATE_HIGH_tinytpu_isa_gmem1_m_axi_CONSERVATIVE1_NUM_READ_OUTSTANDING16_NUM_WRITE_OUTSTANDING16_MAX_READ_BURST_LENGTH16_MAX_WRITE_BURST_LENGTH16_C_M_AXI_ID_WIDTH1_C_M_AXI_ADDR_WIDTH64_C_M_AXI_DATA_WIDTH32_C_M_AXI_AWUSER_WIDTH1_C_M_AXI_ARUSER_WIDTH1_C_M_AXI_WUSER_WIDTH1_C_M_AXI_RUSER_WIDTH1_C_M_AXI_BUSER_WIDTH1_C_USER_VALUE0_C_PROT_VALUE0_C_CACHE_VALUE3_USER_DW32_USER_AW64_USER_MAXREQS7_USER_RFIFONUM_WIDTH9_20
gmem1_m_axi_U/clk_gate_bus_read_rreq_burst_conv_last_sect_reg       3.9900     0.0      0.0000      3.9900 0.0000 SNPS_CLOCK_GATE_HIGH_tinytpu_isa_gmem1_m_axi_CONSERVATIVE1_NUM_READ_OUTSTANDING16_NUM_WRITE_OUTSTANDING16_MAX_READ_BURST_LENGTH16_MAX_WRITE_BURST_LENGTH16_C_M_AXI_ID_WIDTH1_C_M_AXI_ADDR_WIDTH64_C_M_AXI_DATA_WIDTH32_C_M_AXI_AWUSER_WIDTH1_C_M_AXI_ARUSER_WIDTH1_C_M_AXI_WUSER_WIDTH1_C_M_AXI_RUSER_WIDTH1_C_M_AXI_BUSER_WIDTH1_C_USER_VALUE0_C_PROT_VALUE0_C_CACHE_VALUE3_USER_DW32_USER_AW64_USER_MAXREQS7_USER_RFIFONUM_WIDTH9_19
gmem1_m_axi_U/clk_gate_bus_read_rreq_burst_conv_rs_req_data_p1_reg       3.9900     0.0      0.0000      3.9900 0.0000 SNPS_CLOCK_GATE_HIGH_tinytpu_isa_gmem1_m_axi_CONSERVATIVE1_NUM_READ_OUTSTANDING16_NUM_WRITE_OUTSTANDING16_MAX_READ_BURST_LENGTH16_MAX_WRITE_BURST_LENGTH16_C_M_AXI_ID_WIDTH1_C_M_AXI_ADDR_WIDTH64_C_M_AXI_DATA_WIDTH32_C_M_AXI_AWUSER_WIDTH1_C_M_AXI_ARUSER_WIDTH1_C_M_AXI_WUSER_WIDTH1_C_M_AXI_RUSER_WIDTH1_C_M_AXI_BUSER_WIDTH1_C_USER_VALUE0_C_PROT_VALUE0_C_CACHE_VALUE3_USER_DW32_USER_AW64_USER_MAXREQS7_USER_RFIFONUM_WIDTH9_14
gmem1_m_axi_U/clk_gate_bus_read_rreq_burst_conv_rs_req_data_p2_reg       3.9900     0.0      0.0000      3.9900 0.0000 SNPS_CLOCK_GATE_HIGH_tinytpu_isa_gmem1_m_axi_CONSERVATIVE1_NUM_READ_OUTSTANDING16_NUM_WRITE_OUTSTANDING16_MAX_READ_BURST_LENGTH16_MAX_WRITE_BURST_LENGTH16_C_M_AXI_ID_WIDTH1_C_M_AXI_ADDR_WIDTH64_C_M_AXI_DATA_WIDTH32_C_M_AXI_AWUSER_WIDTH1_C_M_AXI_ARUSER_WIDTH1_C_M_AXI_WUSER_WIDTH1_C_M_AXI_RUSER_WIDTH1_C_M_AXI_BUSER_WIDTH1_C_USER_VALUE0_C_PROT_VALUE0_C_CACHE_VALUE3_USER_DW32_USER_AW64_USER_MAXREQS7_USER_RFIFONUM_WIDTH9_15
gmem1_m_axi_U/clk_gate_bus_read_rs_rdata_data_p1_reg       3.9900     0.0      0.0000      3.9900 0.0000 SNPS_CLOCK_GATE_HIGH_tinytpu_isa_gmem1_m_axi_CONSERVATIVE1_NUM_READ_OUTSTANDING16_NUM_WRITE_OUTSTANDING16_MAX_READ_BURST_LENGTH16_MAX_WRITE_BURST_LENGTH16_C_M_AXI_ID_WIDTH1_C_M_AXI_ADDR_WIDTH64_C_M_AXI_DATA_WIDTH32_C_M_AXI_AWUSER_WIDTH1_C_M_AXI_ARUSER_WIDTH1_C_M_AXI_WUSER_WIDTH1_C_M_AXI_RUSER_WIDTH1_C_M_AXI_BUSER_WIDTH1_C_USER_VALUE0_C_PROT_VALUE0_C_CACHE_VALUE3_USER_DW32_USER_AW64_USER_MAXREQS7_USER_RFIFONUM_WIDTH9_12
gmem1_m_axi_U/clk_gate_bus_read_rs_rdata_data_p2_reg       3.9900     0.0      0.0000      3.9900 0.0000 SNPS_CLOCK_GATE_HIGH_tinytpu_isa_gmem1_m_axi_CONSERVATIVE1_NUM_READ_OUTSTANDING16_NUM_WRITE_OUTSTANDING16_MAX_READ_BURST_LENGTH16_MAX_WRITE_BURST_LENGTH16_C_M_AXI_ID_WIDTH1_C_M_AXI_ADDR_WIDTH64_C_M_AXI_DATA_WIDTH32_C_M_AXI_AWUSER_WIDTH1_C_M_AXI_ARUSER_WIDTH1_C_M_AXI_WUSER_WIDTH1_C_M_AXI_RUSER_WIDTH1_C_M_AXI_BUSER_WIDTH1_C_USER_VALUE0_C_PROT_VALUE0_C_CACHE_VALUE3_USER_DW32_USER_AW64_USER_MAXREQS7_USER_RFIFONUM_WIDTH9_13
gmem1_m_axi_U/clk_gate_load_unit_buff_rdata_empty_n_reg       3.9900     0.0      0.0000      3.9900 0.0000 SNPS_CLOCK_GATE_HIGH_tinytpu_isa_gmem1_m_axi_CONSERVATIVE1_NUM_READ_OUTSTANDING16_NUM_WRITE_OUTSTANDING16_MAX_READ_BURST_LENGTH16_MAX_WRITE_BURST_LENGTH16_C_M_AXI_ID_WIDTH1_C_M_AXI_ADDR_WIDTH64_C_M_AXI_DATA_WIDTH32_C_M_AXI_AWUSER_WIDTH1_C_M_AXI_ARUSER_WIDTH1_C_M_AXI_WUSER_WIDTH1_C_M_AXI_RUSER_WIDTH1_C_M_AXI_BUSER_WIDTH1_C_USER_VALUE0_C_PROT_VALUE0_C_CACHE_VALUE3_USER_DW32_USER_AW64_USER_MAXREQS7_USER_RFIFONUM_WIDTH9_301
gmem1_m_axi_U/clk_gate_load_unit_buff_rdata_genblk1_U_fifo_mem_dout_reg       3.9900     0.0      0.0000      3.9900 0.0000 SNPS_CLOCK_GATE_HIGH_tinytpu_isa_gmem1_m_axi_CONSERVATIVE1_NUM_READ_OUTSTANDING16_NUM_WRITE_OUTSTANDING16_MAX_READ_BURST_LENGTH16_MAX_WRITE_BURST_LENGTH16_C_M_AXI_ID_WIDTH1_C_M_AXI_ADDR_WIDTH64_C_M_AXI_DATA_WIDTH32_C_M_AXI_AWUSER_WIDTH1_C_M_AXI_ARUSER_WIDTH1_C_M_AXI_WUSER_WIDTH1_C_M_AXI_RUSER_WIDTH1_C_M_AXI_BUSER_WIDTH1_C_USER_VALUE0_C_PROT_VALUE0_C_CACHE_VALUE3_USER_DW32_USER_AW64_USER_MAXREQS7_USER_RFIFONUM_WIDTH9_299
gmem1_m_axi_U/clk_gate_load_unit_buff_rdata_genblk1_U_fifo_mem_mem_reg_0_       3.9900     0.0      0.0000      3.9900 0.0000 SNPS_CLOCK_GATE_HIGH_tinytpu_isa_gmem1_m_axi_CONSERVATIVE1_NUM_READ_OUTSTANDING16_NUM_WRITE_OUTSTANDING16_MAX_READ_BURST_LENGTH16_MAX_WRITE_BURST_LENGTH16_C_M_AXI_ID_WIDTH1_C_M_AXI_ADDR_WIDTH64_C_M_AXI_DATA_WIDTH32_C_M_AXI_AWUSER_WIDTH1_C_M_AXI_ARUSER_WIDTH1_C_M_AXI_WUSER_WIDTH1_C_M_AXI_RUSER_WIDTH1_C_M_AXI_BUSER_WIDTH1_C_USER_VALUE0_C_PROT_VALUE0_C_CACHE_VALUE3_USER_DW32_USER_AW64_USER_MAXREQS7_USER_RFIFONUM_WIDTH9_44
gmem1_m_axi_U/clk_gate_load_unit_buff_rdata_genblk1_U_fifo_mem_mem_reg_100_       3.9900     0.0      0.0000      3.9900 0.0000 SNPS_CLOCK_GATE_HIGH_tinytpu_isa_gmem1_m_axi_CONSERVATIVE1_NUM_READ_OUTSTANDING16_NUM_WRITE_OUTSTANDING16_MAX_READ_BURST_LENGTH16_MAX_WRITE_BURST_LENGTH16_C_M_AXI_ID_WIDTH1_C_M_AXI_ADDR_WIDTH64_C_M_AXI_DATA_WIDTH32_C_M_AXI_AWUSER_WIDTH1_C_M_AXI_ARUSER_WIDTH1_C_M_AXI_WUSER_WIDTH1_C_M_AXI_RUSER_WIDTH1_C_M_AXI_BUSER_WIDTH1_C_USER_VALUE0_C_PROT_VALUE0_C_CACHE_VALUE3_USER_DW32_USER_AW64_USER_MAXREQS7_USER_RFIFONUM_WIDTH9_144
gmem1_m_axi_U/clk_gate_load_unit_buff_rdata_genblk1_U_fifo_mem_mem_reg_101_       3.9900     0.0      0.0000      3.9900 0.0000 SNPS_CLOCK_GATE_HIGH_tinytpu_isa_gmem1_m_axi_CONSERVATIVE1_NUM_READ_OUTSTANDING16_NUM_WRITE_OUTSTANDING16_MAX_READ_BURST_LENGTH16_MAX_WRITE_BURST_LENGTH16_C_M_AXI_ID_WIDTH1_C_M_AXI_ADDR_WIDTH64_C_M_AXI_DATA_WIDTH32_C_M_AXI_AWUSER_WIDTH1_C_M_AXI_ARUSER_WIDTH1_C_M_AXI_WUSER_WIDTH1_C_M_AXI_RUSER_WIDTH1_C_M_AXI_BUSER_WIDTH1_C_USER_VALUE0_C_PROT_VALUE0_C_CACHE_VALUE3_USER_DW32_USER_AW64_USER_MAXREQS7_USER_RFIFONUM_WIDTH9_145
gmem1_m_axi_U/clk_gate_load_unit_buff_rdata_genblk1_U_fifo_mem_mem_reg_102_       3.9900     0.0      0.0000      3.9900 0.0000 SNPS_CLOCK_GATE_HIGH_tinytpu_isa_gmem1_m_axi_CONSERVATIVE1_NUM_READ_OUTSTANDING16_NUM_WRITE_OUTSTANDING16_MAX_READ_BURST_LENGTH16_MAX_WRITE_BURST_LENGTH16_C_M_AXI_ID_WIDTH1_C_M_AXI_ADDR_WIDTH64_C_M_AXI_DATA_WIDTH32_C_M_AXI_AWUSER_WIDTH1_C_M_AXI_ARUSER_WIDTH1_C_M_AXI_WUSER_WIDTH1_C_M_AXI_RUSER_WIDTH1_C_M_AXI_BUSER_WIDTH1_C_USER_VALUE0_C_PROT_VALUE0_C_CACHE_VALUE3_USER_DW32_USER_AW64_USER_MAXREQS7_USER_RFIFONUM_WIDTH9_146
gmem1_m_axi_U/clk_gate_load_unit_buff_rdata_genblk1_U_fifo_mem_mem_reg_103_       3.9900     0.0      0.0000      3.9900 0.0000 SNPS_CLOCK_GATE_HIGH_tinytpu_isa_gmem1_m_axi_CONSERVATIVE1_NUM_READ_OUTSTANDING16_NUM_WRITE_OUTSTANDING16_MAX_READ_BURST_LENGTH16_MAX_WRITE_BURST_LENGTH16_C_M_AXI_ID_WIDTH1_C_M_AXI_ADDR_WIDTH64_C_M_AXI_DATA_WIDTH32_C_M_AXI_AWUSER_WIDTH1_C_M_AXI_ARUSER_WIDTH1_C_M_AXI_WUSER_WIDTH1_C_M_AXI_RUSER_WIDTH1_C_M_AXI_BUSER_WIDTH1_C_USER_VALUE0_C_PROT_VALUE0_C_CACHE_VALUE3_USER_DW32_USER_AW64_USER_MAXREQS7_USER_RFIFONUM_WIDTH9_147
gmem1_m_axi_U/clk_gate_load_unit_buff_rdata_genblk1_U_fifo_mem_mem_reg_104_       3.9900     0.0      0.0000      3.9900 0.0000 SNPS_CLOCK_GATE_HIGH_tinytpu_isa_gmem1_m_axi_CONSERVATIVE1_NUM_READ_OUTSTANDING16_NUM_WRITE_OUTSTANDING16_MAX_READ_BURST_LENGTH16_MAX_WRITE_BURST_LENGTH16_C_M_AXI_ID_WIDTH1_C_M_AXI_ADDR_WIDTH64_C_M_AXI_DATA_WIDTH32_C_M_AXI_AWUSER_WIDTH1_C_M_AXI_ARUSER_WIDTH1_C_M_AXI_WUSER_WIDTH1_C_M_AXI_RUSER_WIDTH1_C_M_AXI_BUSER_WIDTH1_C_USER_VALUE0_C_PROT_VALUE0_C_CACHE_VALUE3_USER_DW32_USER_AW64_USER_MAXREQS7_USER_RFIFONUM_WIDTH9_148
gmem1_m_axi_U/clk_gate_load_unit_buff_rdata_genblk1_U_fifo_mem_mem_reg_105_       3.9900     0.0      0.0000      3.9900 0.0000 SNPS_CLOCK_GATE_HIGH_tinytpu_isa_gmem1_m_axi_CONSERVATIVE1_NUM_READ_OUTSTANDING16_NUM_WRITE_OUTSTANDING16_MAX_READ_BURST_LENGTH16_MAX_WRITE_BURST_LENGTH16_C_M_AXI_ID_WIDTH1_C_M_AXI_ADDR_WIDTH64_C_M_AXI_DATA_WIDTH32_C_M_AXI_AWUSER_WIDTH1_C_M_AXI_ARUSER_WIDTH1_C_M_AXI_WUSER_WIDTH1_C_M_AXI_RUSER_WIDTH1_C_M_AXI_BUSER_WIDTH1_C_USER_VALUE0_C_PROT_VALUE0_C_CACHE_VALUE3_USER_DW32_USER_AW64_USER_MAXREQS7_USER_RFIFONUM_WIDTH9_149
gmem1_m_axi_U/clk_gate_load_unit_buff_rdata_genblk1_U_fifo_mem_mem_reg_106_       3.9900     0.0      0.0000      3.9900 0.0000 SNPS_CLOCK_GATE_HIGH_tinytpu_isa_gmem1_m_axi_CONSERVATIVE1_NUM_READ_OUTSTANDING16_NUM_WRITE_OUTSTANDING16_MAX_READ_BURST_LENGTH16_MAX_WRITE_BURST_LENGTH16_C_M_AXI_ID_WIDTH1_C_M_AXI_ADDR_WIDTH64_C_M_AXI_DATA_WIDTH32_C_M_AXI_AWUSER_WIDTH1_C_M_AXI_ARUSER_WIDTH1_C_M_AXI_WUSER_WIDTH1_C_M_AXI_RUSER_WIDTH1_C_M_AXI_BUSER_WIDTH1_C_USER_VALUE0_C_PROT_VALUE0_C_CACHE_VALUE3_USER_DW32_USER_AW64_USER_MAXREQS7_USER_RFIFONUM_WIDTH9_150
gmem1_m_axi_U/clk_gate_load_unit_buff_rdata_genblk1_U_fifo_mem_mem_reg_107_       3.9900     0.0      0.0000      3.9900 0.0000 SNPS_CLOCK_GATE_HIGH_tinytpu_isa_gmem1_m_axi_CONSERVATIVE1_NUM_READ_OUTSTANDING16_NUM_WRITE_OUTSTANDING16_MAX_READ_BURST_LENGTH16_MAX_WRITE_BURST_LENGTH16_C_M_AXI_ID_WIDTH1_C_M_AXI_ADDR_WIDTH64_C_M_AXI_DATA_WIDTH32_C_M_AXI_AWUSER_WIDTH1_C_M_AXI_ARUSER_WIDTH1_C_M_AXI_WUSER_WIDTH1_C_M_AXI_RUSER_WIDTH1_C_M_AXI_BUSER_WIDTH1_C_USER_VALUE0_C_PROT_VALUE0_C_CACHE_VALUE3_USER_DW32_USER_AW64_USER_MAXREQS7_USER_RFIFONUM_WIDTH9_151
gmem1_m_axi_U/clk_gate_load_unit_buff_rdata_genblk1_U_fifo_mem_mem_reg_108_       3.9900     0.0      0.0000      3.9900 0.0000 SNPS_CLOCK_GATE_HIGH_tinytpu_isa_gmem1_m_axi_CONSERVATIVE1_NUM_READ_OUTSTANDING16_NUM_WRITE_OUTSTANDING16_MAX_READ_BURST_LENGTH16_MAX_WRITE_BURST_LENGTH16_C_M_AXI_ID_WIDTH1_C_M_AXI_ADDR_WIDTH64_C_M_AXI_DATA_WIDTH32_C_M_AXI_AWUSER_WIDTH1_C_M_AXI_ARUSER_WIDTH1_C_M_AXI_WUSER_WIDTH1_C_M_AXI_RUSER_WIDTH1_C_M_AXI_BUSER_WIDTH1_C_USER_VALUE0_C_PROT_VALUE0_C_CACHE_VALUE3_USER_DW32_USER_AW64_USER_MAXREQS7_USER_RFIFONUM_WIDTH9_152
gmem1_m_axi_U/clk_gate_load_unit_buff_rdata_genblk1_U_fifo_mem_mem_reg_109_       3.9900     0.0      0.0000      3.9900 0.0000 SNPS_CLOCK_GATE_HIGH_tinytpu_isa_gmem1_m_axi_CONSERVATIVE1_NUM_READ_OUTSTANDING16_NUM_WRITE_OUTSTANDING16_MAX_READ_BURST_LENGTH16_MAX_WRITE_BURST_LENGTH16_C_M_AXI_ID_WIDTH1_C_M_AXI_ADDR_WIDTH64_C_M_AXI_DATA_WIDTH32_C_M_AXI_AWUSER_WIDTH1_C_M_AXI_ARUSER_WIDTH1_C_M_AXI_WUSER_WIDTH1_C_M_AXI_RUSER_WIDTH1_C_M_AXI_BUSER_WIDTH1_C_USER_VALUE0_C_PROT_VALUE0_C_CACHE_VALUE3_USER_DW32_USER_AW64_USER_MAXREQS7_USER_RFIFONUM_WIDTH9_153
gmem1_m_axi_U/clk_gate_load_unit_buff_rdata_genblk1_U_fifo_mem_mem_reg_10_       3.9900     0.0      0.0000      3.9900 0.0000 SNPS_CLOCK_GATE_HIGH_tinytpu_isa_gmem1_m_axi_CONSERVATIVE1_NUM_READ_OUTSTANDING16_NUM_WRITE_OUTSTANDING16_MAX_READ_BURST_LENGTH16_MAX_WRITE_BURST_LENGTH16_C_M_AXI_ID_WIDTH1_C_M_AXI_ADDR_WIDTH64_C_M_AXI_DATA_WIDTH32_C_M_AXI_AWUSER_WIDTH1_C_M_AXI_ARUSER_WIDTH1_C_M_AXI_WUSER_WIDTH1_C_M_AXI_RUSER_WIDTH1_C_M_AXI_BUSER_WIDTH1_C_USER_VALUE0_C_PROT_VALUE0_C_CACHE_VALUE3_USER_DW32_USER_AW64_USER_MAXREQS7_USER_RFIFONUM_WIDTH9_54
gmem1_m_axi_U/clk_gate_load_unit_buff_rdata_genblk1_U_fifo_mem_mem_reg_110_       3.9900     0.0      0.0000      3.9900 0.0000 SNPS_CLOCK_GATE_HIGH_tinytpu_isa_gmem1_m_axi_CONSERVATIVE1_NUM_READ_OUTSTANDING16_NUM_WRITE_OUTSTANDING16_MAX_READ_BURST_LENGTH16_MAX_WRITE_BURST_LENGTH16_C_M_AXI_ID_WIDTH1_C_M_AXI_ADDR_WIDTH64_C_M_AXI_DATA_WIDTH32_C_M_AXI_AWUSER_WIDTH1_C_M_AXI_ARUSER_WIDTH1_C_M_AXI_WUSER_WIDTH1_C_M_AXI_RUSER_WIDTH1_C_M_AXI_BUSER_WIDTH1_C_USER_VALUE0_C_PROT_VALUE0_C_CACHE_VALUE3_USER_DW32_USER_AW64_USER_MAXREQS7_USER_RFIFONUM_WIDTH9_154
gmem1_m_axi_U/clk_gate_load_unit_buff_rdata_genblk1_U_fifo_mem_mem_reg_111_       3.9900     0.0      0.0000      3.9900 0.0000 SNPS_CLOCK_GATE_HIGH_tinytpu_isa_gmem1_m_axi_CONSERVATIVE1_NUM_READ_OUTSTANDING16_NUM_WRITE_OUTSTANDING16_MAX_READ_BURST_LENGTH16_MAX_WRITE_BURST_LENGTH16_C_M_AXI_ID_WIDTH1_C_M_AXI_ADDR_WIDTH64_C_M_AXI_DATA_WIDTH32_C_M_AXI_AWUSER_WIDTH1_C_M_AXI_ARUSER_WIDTH1_C_M_AXI_WUSER_WIDTH1_C_M_AXI_RUSER_WIDTH1_C_M_AXI_BUSER_WIDTH1_C_USER_VALUE0_C_PROT_VALUE0_C_CACHE_VALUE3_USER_DW32_USER_AW64_USER_MAXREQS7_USER_RFIFONUM_WIDTH9_155
gmem1_m_axi_U/clk_gate_load_unit_buff_rdata_genblk1_U_fifo_mem_mem_reg_112_       3.9900     0.0      0.0000      3.9900 0.0000 SNPS_CLOCK_GATE_HIGH_tinytpu_isa_gmem1_m_axi_CONSERVATIVE1_NUM_READ_OUTSTANDING16_NUM_WRITE_OUTSTANDING16_MAX_READ_BURST_LENGTH16_MAX_WRITE_BURST_LENGTH16_C_M_AXI_ID_WIDTH1_C_M_AXI_ADDR_WIDTH64_C_M_AXI_DATA_WIDTH32_C_M_AXI_AWUSER_WIDTH1_C_M_AXI_ARUSER_WIDTH1_C_M_AXI_WUSER_WIDTH1_C_M_AXI_RUSER_WIDTH1_C_M_AXI_BUSER_WIDTH1_C_USER_VALUE0_C_PROT_VALUE0_C_CACHE_VALUE3_USER_DW32_USER_AW64_USER_MAXREQS7_USER_RFIFONUM_WIDTH9_156
gmem1_m_axi_U/clk_gate_load_unit_buff_rdata_genblk1_U_fifo_mem_mem_reg_113_       3.9900     0.0      0.0000      3.9900 0.0000 SNPS_CLOCK_GATE_HIGH_tinytpu_isa_gmem1_m_axi_CONSERVATIVE1_NUM_READ_OUTSTANDING16_NUM_WRITE_OUTSTANDING16_MAX_READ_BURST_LENGTH16_MAX_WRITE_BURST_LENGTH16_C_M_AXI_ID_WIDTH1_C_M_AXI_ADDR_WIDTH64_C_M_AXI_DATA_WIDTH32_C_M_AXI_AWUSER_WIDTH1_C_M_AXI_ARUSER_WIDTH1_C_M_AXI_WUSER_WIDTH1_C_M_AXI_RUSER_WIDTH1_C_M_AXI_BUSER_WIDTH1_C_USER_VALUE0_C_PROT_VALUE0_C_CACHE_VALUE3_USER_DW32_USER_AW64_USER_MAXREQS7_USER_RFIFONUM_WIDTH9_157
gmem1_m_axi_U/clk_gate_load_unit_buff_rdata_genblk1_U_fifo_mem_mem_reg_114_       3.9900     0.0      0.0000      3.9900 0.0000 SNPS_CLOCK_GATE_HIGH_tinytpu_isa_gmem1_m_axi_CONSERVATIVE1_NUM_READ_OUTSTANDING16_NUM_WRITE_OUTSTANDING16_MAX_READ_BURST_LENGTH16_MAX_WRITE_BURST_LENGTH16_C_M_AXI_ID_WIDTH1_C_M_AXI_ADDR_WIDTH64_C_M_AXI_DATA_WIDTH32_C_M_AXI_AWUSER_WIDTH1_C_M_AXI_ARUSER_WIDTH1_C_M_AXI_WUSER_WIDTH1_C_M_AXI_RUSER_WIDTH1_C_M_AXI_BUSER_WIDTH1_C_USER_VALUE0_C_PROT_VALUE0_C_CACHE_VALUE3_USER_DW32_USER_AW64_USER_MAXREQS7_USER_RFIFONUM_WIDTH9_158
gmem1_m_axi_U/clk_gate_load_unit_buff_rdata_genblk1_U_fifo_mem_mem_reg_115_       3.9900     0.0      0.0000      3.9900 0.0000 SNPS_CLOCK_GATE_HIGH_tinytpu_isa_gmem1_m_axi_CONSERVATIVE1_NUM_READ_OUTSTANDING16_NUM_WRITE_OUTSTANDING16_MAX_READ_BURST_LENGTH16_MAX_WRITE_BURST_LENGTH16_C_M_AXI_ID_WIDTH1_C_M_AXI_ADDR_WIDTH64_C_M_AXI_DATA_WIDTH32_C_M_AXI_AWUSER_WIDTH1_C_M_AXI_ARUSER_WIDTH1_C_M_AXI_WUSER_WIDTH1_C_M_AXI_RUSER_WIDTH1_C_M_AXI_BUSER_WIDTH1_C_USER_VALUE0_C_PROT_VALUE0_C_CACHE_VALUE3_USER_DW32_USER_AW64_USER_MAXREQS7_USER_RFIFONUM_WIDTH9_159
gmem1_m_axi_U/clk_gate_load_unit_buff_rdata_genblk1_U_fifo_mem_mem_reg_116_       3.9900     0.0      0.0000      3.9900 0.0000 SNPS_CLOCK_GATE_HIGH_tinytpu_isa_gmem1_m_axi_CONSERVATIVE1_NUM_READ_OUTSTANDING16_NUM_WRITE_OUTSTANDING16_MAX_READ_BURST_LENGTH16_MAX_WRITE_BURST_LENGTH16_C_M_AXI_ID_WIDTH1_C_M_AXI_ADDR_WIDTH64_C_M_AXI_DATA_WIDTH32_C_M_AXI_AWUSER_WIDTH1_C_M_AXI_ARUSER_WIDTH1_C_M_AXI_WUSER_WIDTH1_C_M_AXI_RUSER_WIDTH1_C_M_AXI_BUSER_WIDTH1_C_USER_VALUE0_C_PROT_VALUE0_C_CACHE_VALUE3_USER_DW32_USER_AW64_USER_MAXREQS7_USER_RFIFONUM_WIDTH9_160
gmem1_m_axi_U/clk_gate_load_unit_buff_rdata_genblk1_U_fifo_mem_mem_reg_117_       3.9900     0.0      0.0000      3.9900 0.0000 SNPS_CLOCK_GATE_HIGH_tinytpu_isa_gmem1_m_axi_CONSERVATIVE1_NUM_READ_OUTSTANDING16_NUM_WRITE_OUTSTANDING16_MAX_READ_BURST_LENGTH16_MAX_WRITE_BURST_LENGTH16_C_M_AXI_ID_WIDTH1_C_M_AXI_ADDR_WIDTH64_C_M_AXI_DATA_WIDTH32_C_M_AXI_AWUSER_WIDTH1_C_M_AXI_ARUSER_WIDTH1_C_M_AXI_WUSER_WIDTH1_C_M_AXI_RUSER_WIDTH1_C_M_AXI_BUSER_WIDTH1_C_USER_VALUE0_C_PROT_VALUE0_C_CACHE_VALUE3_USER_DW32_USER_AW64_USER_MAXREQS7_USER_RFIFONUM_WIDTH9_161
gmem1_m_axi_U/clk_gate_load_unit_buff_rdata_genblk1_U_fifo_mem_mem_reg_118_       3.9900     0.0      0.0000      3.9900 0.0000 SNPS_CLOCK_GATE_HIGH_tinytpu_isa_gmem1_m_axi_CONSERVATIVE1_NUM_READ_OUTSTANDING16_NUM_WRITE_OUTSTANDING16_MAX_READ_BURST_LENGTH16_MAX_WRITE_BURST_LENGTH16_C_M_AXI_ID_WIDTH1_C_M_AXI_ADDR_WIDTH64_C_M_AXI_DATA_WIDTH32_C_M_AXI_AWUSER_WIDTH1_C_M_AXI_ARUSER_WIDTH1_C_M_AXI_WUSER_WIDTH1_C_M_AXI_RUSER_WIDTH1_C_M_AXI_BUSER_WIDTH1_C_USER_VALUE0_C_PROT_VALUE0_C_CACHE_VALUE3_USER_DW32_USER_AW64_USER_MAXREQS7_USER_RFIFONUM_WIDTH9_162
gmem1_m_axi_U/clk_gate_load_unit_buff_rdata_genblk1_U_fifo_mem_mem_reg_119_       3.9900     0.0      0.0000      3.9900 0.0000 SNPS_CLOCK_GATE_HIGH_tinytpu_isa_gmem1_m_axi_CONSERVATIVE1_NUM_READ_OUTSTANDING16_NUM_WRITE_OUTSTANDING16_MAX_READ_BURST_LENGTH16_MAX_WRITE_BURST_LENGTH16_C_M_AXI_ID_WIDTH1_C_M_AXI_ADDR_WIDTH64_C_M_AXI_DATA_WIDTH32_C_M_AXI_AWUSER_WIDTH1_C_M_AXI_ARUSER_WIDTH1_C_M_AXI_WUSER_WIDTH1_C_M_AXI_RUSER_WIDTH1_C_M_AXI_BUSER_WIDTH1_C_USER_VALUE0_C_PROT_VALUE0_C_CACHE_VALUE3_USER_DW32_USER_AW64_USER_MAXREQS7_USER_RFIFONUM_WIDTH9_163
gmem1_m_axi_U/clk_gate_load_unit_buff_rdata_genblk1_U_fifo_mem_mem_reg_11_       3.9900     0.0      0.0000      3.9900 0.0000 SNPS_CLOCK_GATE_HIGH_tinytpu_isa_gmem1_m_axi_CONSERVATIVE1_NUM_READ_OUTSTANDING16_NUM_WRITE_OUTSTANDING16_MAX_READ_BURST_LENGTH16_MAX_WRITE_BURST_LENGTH16_C_M_AXI_ID_WIDTH1_C_M_AXI_ADDR_WIDTH64_C_M_AXI_DATA_WIDTH32_C_M_AXI_AWUSER_WIDTH1_C_M_AXI_ARUSER_WIDTH1_C_M_AXI_WUSER_WIDTH1_C_M_AXI_RUSER_WIDTH1_C_M_AXI_BUSER_WIDTH1_C_USER_VALUE0_C_PROT_VALUE0_C_CACHE_VALUE3_USER_DW32_USER_AW64_USER_MAXREQS7_USER_RFIFONUM_WIDTH9_55
gmem1_m_axi_U/clk_gate_load_unit_buff_rdata_genblk1_U_fifo_mem_mem_reg_120_       3.9900     0.0      0.0000      3.9900 0.0000 SNPS_CLOCK_GATE_HIGH_tinytpu_isa_gmem1_m_axi_CONSERVATIVE1_NUM_READ_OUTSTANDING16_NUM_WRITE_OUTSTANDING16_MAX_READ_BURST_LENGTH16_MAX_WRITE_BURST_LENGTH16_C_M_AXI_ID_WIDTH1_C_M_AXI_ADDR_WIDTH64_C_M_AXI_DATA_WIDTH32_C_M_AXI_AWUSER_WIDTH1_C_M_AXI_ARUSER_WIDTH1_C_M_AXI_WUSER_WIDTH1_C_M_AXI_RUSER_WIDTH1_C_M_AXI_BUSER_WIDTH1_C_USER_VALUE0_C_PROT_VALUE0_C_CACHE_VALUE3_USER_DW32_USER_AW64_USER_MAXREQS7_USER_RFIFONUM_WIDTH9_164
gmem1_m_axi_U/clk_gate_load_unit_buff_rdata_genblk1_U_fifo_mem_mem_reg_121_       3.9900     0.0      0.0000      3.9900 0.0000 SNPS_CLOCK_GATE_HIGH_tinytpu_isa_gmem1_m_axi_CONSERVATIVE1_NUM_READ_OUTSTANDING16_NUM_WRITE_OUTSTANDING16_MAX_READ_BURST_LENGTH16_MAX_WRITE_BURST_LENGTH16_C_M_AXI_ID_WIDTH1_C_M_AXI_ADDR_WIDTH64_C_M_AXI_DATA_WIDTH32_C_M_AXI_AWUSER_WIDTH1_C_M_AXI_ARUSER_WIDTH1_C_M_AXI_WUSER_WIDTH1_C_M_AXI_RUSER_WIDTH1_C_M_AXI_BUSER_WIDTH1_C_USER_VALUE0_C_PROT_VALUE0_C_CACHE_VALUE3_USER_DW32_USER_AW64_USER_MAXREQS7_USER_RFIFONUM_WIDTH9_165
gmem1_m_axi_U/clk_gate_load_unit_buff_rdata_genblk1_U_fifo_mem_mem_reg_122_       3.9900     0.0      0.0000      3.9900 0.0000 SNPS_CLOCK_GATE_HIGH_tinytpu_isa_gmem1_m_axi_CONSERVATIVE1_NUM_READ_OUTSTANDING16_NUM_WRITE_OUTSTANDING16_MAX_READ_BURST_LENGTH16_MAX_WRITE_BURST_LENGTH16_C_M_AXI_ID_WIDTH1_C_M_AXI_ADDR_WIDTH64_C_M_AXI_DATA_WIDTH32_C_M_AXI_AWUSER_WIDTH1_C_M_AXI_ARUSER_WIDTH1_C_M_AXI_WUSER_WIDTH1_C_M_AXI_RUSER_WIDTH1_C_M_AXI_BUSER_WIDTH1_C_USER_VALUE0_C_PROT_VALUE0_C_CACHE_VALUE3_USER_DW32_USER_AW64_USER_MAXREQS7_USER_RFIFONUM_WIDTH9_166
gmem1_m_axi_U/clk_gate_load_unit_buff_rdata_genblk1_U_fifo_mem_mem_reg_123_       3.9900     0.0      0.0000      3.9900 0.0000 SNPS_CLOCK_GATE_HIGH_tinytpu_isa_gmem1_m_axi_CONSERVATIVE1_NUM_READ_OUTSTANDING16_NUM_WRITE_OUTSTANDING16_MAX_READ_BURST_LENGTH16_MAX_WRITE_BURST_LENGTH16_C_M_AXI_ID_WIDTH1_C_M_AXI_ADDR_WIDTH64_C_M_AXI_DATA_WIDTH32_C_M_AXI_AWUSER_WIDTH1_C_M_AXI_ARUSER_WIDTH1_C_M_AXI_WUSER_WIDTH1_C_M_AXI_RUSER_WIDTH1_C_M_AXI_BUSER_WIDTH1_C_USER_VALUE0_C_PROT_VALUE0_C_CACHE_VALUE3_USER_DW32_USER_AW64_USER_MAXREQS7_USER_RFIFONUM_WIDTH9_167
gmem1_m_axi_U/clk_gate_load_unit_buff_rdata_genblk1_U_fifo_mem_mem_reg_124_       3.9900     0.0      0.0000      3.9900 0.0000 SNPS_CLOCK_GATE_HIGH_tinytpu_isa_gmem1_m_axi_CONSERVATIVE1_NUM_READ_OUTSTANDING16_NUM_WRITE_OUTSTANDING16_MAX_READ_BURST_LENGTH16_MAX_WRITE_BURST_LENGTH16_C_M_AXI_ID_WIDTH1_C_M_AXI_ADDR_WIDTH64_C_M_AXI_DATA_WIDTH32_C_M_AXI_AWUSER_WIDTH1_C_M_AXI_ARUSER_WIDTH1_C_M_AXI_WUSER_WIDTH1_C_M_AXI_RUSER_WIDTH1_C_M_AXI_BUSER_WIDTH1_C_USER_VALUE0_C_PROT_VALUE0_C_CACHE_VALUE3_USER_DW32_USER_AW64_USER_MAXREQS7_USER_RFIFONUM_WIDTH9_168
gmem1_m_axi_U/clk_gate_load_unit_buff_rdata_genblk1_U_fifo_mem_mem_reg_125_       3.9900     0.0      0.0000      3.9900 0.0000 SNPS_CLOCK_GATE_HIGH_tinytpu_isa_gmem1_m_axi_CONSERVATIVE1_NUM_READ_OUTSTANDING16_NUM_WRITE_OUTSTANDING16_MAX_READ_BURST_LENGTH16_MAX_WRITE_BURST_LENGTH16_C_M_AXI_ID_WIDTH1_C_M_AXI_ADDR_WIDTH64_C_M_AXI_DATA_WIDTH32_C_M_AXI_AWUSER_WIDTH1_C_M_AXI_ARUSER_WIDTH1_C_M_AXI_WUSER_WIDTH1_C_M_AXI_RUSER_WIDTH1_C_M_AXI_BUSER_WIDTH1_C_USER_VALUE0_C_PROT_VALUE0_C_CACHE_VALUE3_USER_DW32_USER_AW64_USER_MAXREQS7_USER_RFIFONUM_WIDTH9_169
gmem1_m_axi_U/clk_gate_load_unit_buff_rdata_genblk1_U_fifo_mem_mem_reg_126_       3.9900     0.0      0.0000      3.9900 0.0000 SNPS_CLOCK_GATE_HIGH_tinytpu_isa_gmem1_m_axi_CONSERVATIVE1_NUM_READ_OUTSTANDING16_NUM_WRITE_OUTSTANDING16_MAX_READ_BURST_LENGTH16_MAX_WRITE_BURST_LENGTH16_C_M_AXI_ID_WIDTH1_C_M_AXI_ADDR_WIDTH64_C_M_AXI_DATA_WIDTH32_C_M_AXI_AWUSER_WIDTH1_C_M_AXI_ARUSER_WIDTH1_C_M_AXI_WUSER_WIDTH1_C_M_AXI_RUSER_WIDTH1_C_M_AXI_BUSER_WIDTH1_C_USER_VALUE0_C_PROT_VALUE0_C_CACHE_VALUE3_USER_DW32_USER_AW64_USER_MAXREQS7_USER_RFIFONUM_WIDTH9_170
gmem1_m_axi_U/clk_gate_load_unit_buff_rdata_genblk1_U_fifo_mem_mem_reg_127_       3.9900     0.0      0.0000      3.9900 0.0000 SNPS_CLOCK_GATE_HIGH_tinytpu_isa_gmem1_m_axi_CONSERVATIVE1_NUM_READ_OUTSTANDING16_NUM_WRITE_OUTSTANDING16_MAX_READ_BURST_LENGTH16_MAX_WRITE_BURST_LENGTH16_C_M_AXI_ID_WIDTH1_C_M_AXI_ADDR_WIDTH64_C_M_AXI_DATA_WIDTH32_C_M_AXI_AWUSER_WIDTH1_C_M_AXI_ARUSER_WIDTH1_C_M_AXI_WUSER_WIDTH1_C_M_AXI_RUSER_WIDTH1_C_M_AXI_BUSER_WIDTH1_C_USER_VALUE0_C_PROT_VALUE0_C_CACHE_VALUE3_USER_DW32_USER_AW64_USER_MAXREQS7_USER_RFIFONUM_WIDTH9_171
gmem1_m_axi_U/clk_gate_load_unit_buff_rdata_genblk1_U_fifo_mem_mem_reg_128_       3.9900     0.0      0.0000      3.9900 0.0000 SNPS_CLOCK_GATE_HIGH_tinytpu_isa_gmem1_m_axi_CONSERVATIVE1_NUM_READ_OUTSTANDING16_NUM_WRITE_OUTSTANDING16_MAX_READ_BURST_LENGTH16_MAX_WRITE_BURST_LENGTH16_C_M_AXI_ID_WIDTH1_C_M_AXI_ADDR_WIDTH64_C_M_AXI_DATA_WIDTH32_C_M_AXI_AWUSER_WIDTH1_C_M_AXI_ARUSER_WIDTH1_C_M_AXI_WUSER_WIDTH1_C_M_AXI_RUSER_WIDTH1_C_M_AXI_BUSER_WIDTH1_C_USER_VALUE0_C_PROT_VALUE0_C_CACHE_VALUE3_USER_DW32_USER_AW64_USER_MAXREQS7_USER_RFIFONUM_WIDTH9_172
gmem1_m_axi_U/clk_gate_load_unit_buff_rdata_genblk1_U_fifo_mem_mem_reg_129_       3.9900     0.0      0.0000      3.9900 0.0000 SNPS_CLOCK_GATE_HIGH_tinytpu_isa_gmem1_m_axi_CONSERVATIVE1_NUM_READ_OUTSTANDING16_NUM_WRITE_OUTSTANDING16_MAX_READ_BURST_LENGTH16_MAX_WRITE_BURST_LENGTH16_C_M_AXI_ID_WIDTH1_C_M_AXI_ADDR_WIDTH64_C_M_AXI_DATA_WIDTH32_C_M_AXI_AWUSER_WIDTH1_C_M_AXI_ARUSER_WIDTH1_C_M_AXI_WUSER_WIDTH1_C_M_AXI_RUSER_WIDTH1_C_M_AXI_BUSER_WIDTH1_C_USER_VALUE0_C_PROT_VALUE0_C_CACHE_VALUE3_USER_DW32_USER_AW64_USER_MAXREQS7_USER_RFIFONUM_WIDTH9_173
gmem1_m_axi_U/clk_gate_load_unit_buff_rdata_genblk1_U_fifo_mem_mem_reg_12_       3.9900     0.0      0.0000      3.9900 0.0000 SNPS_CLOCK_GATE_HIGH_tinytpu_isa_gmem1_m_axi_CONSERVATIVE1_NUM_READ_OUTSTANDING16_NUM_WRITE_OUTSTANDING16_MAX_READ_BURST_LENGTH16_MAX_WRITE_BURST_LENGTH16_C_M_AXI_ID_WIDTH1_C_M_AXI_ADDR_WIDTH64_C_M_AXI_DATA_WIDTH32_C_M_AXI_AWUSER_WIDTH1_C_M_AXI_ARUSER_WIDTH1_C_M_AXI_WUSER_WIDTH1_C_M_AXI_RUSER_WIDTH1_C_M_AXI_BUSER_WIDTH1_C_USER_VALUE0_C_PROT_VALUE0_C_CACHE_VALUE3_USER_DW32_USER_AW64_USER_MAXREQS7_USER_RFIFONUM_WIDTH9_56
gmem1_m_axi_U/clk_gate_load_unit_buff_rdata_genblk1_U_fifo_mem_mem_reg_130_       3.9900     0.0      0.0000      3.9900 0.0000 SNPS_CLOCK_GATE_HIGH_tinytpu_isa_gmem1_m_axi_CONSERVATIVE1_NUM_READ_OUTSTANDING16_NUM_WRITE_OUTSTANDING16_MAX_READ_BURST_LENGTH16_MAX_WRITE_BURST_LENGTH16_C_M_AXI_ID_WIDTH1_C_M_AXI_ADDR_WIDTH64_C_M_AXI_DATA_WIDTH32_C_M_AXI_AWUSER_WIDTH1_C_M_AXI_ARUSER_WIDTH1_C_M_AXI_WUSER_WIDTH1_C_M_AXI_RUSER_WIDTH1_C_M_AXI_BUSER_WIDTH1_C_USER_VALUE0_C_PROT_VALUE0_C_CACHE_VALUE3_USER_DW32_USER_AW64_USER_MAXREQS7_USER_RFIFONUM_WIDTH9_174
gmem1_m_axi_U/clk_gate_load_unit_buff_rdata_genblk1_U_fifo_mem_mem_reg_131_       3.9900     0.0      0.0000      3.9900 0.0000 SNPS_CLOCK_GATE_HIGH_tinytpu_isa_gmem1_m_axi_CONSERVATIVE1_NUM_READ_OUTSTANDING16_NUM_WRITE_OUTSTANDING16_MAX_READ_BURST_LENGTH16_MAX_WRITE_BURST_LENGTH16_C_M_AXI_ID_WIDTH1_C_M_AXI_ADDR_WIDTH64_C_M_AXI_DATA_WIDTH32_C_M_AXI_AWUSER_WIDTH1_C_M_AXI_ARUSER_WIDTH1_C_M_AXI_WUSER_WIDTH1_C_M_AXI_RUSER_WIDTH1_C_M_AXI_BUSER_WIDTH1_C_USER_VALUE0_C_PROT_VALUE0_C_CACHE_VALUE3_USER_DW32_USER_AW64_USER_MAXREQS7_USER_RFIFONUM_WIDTH9_175
gmem1_m_axi_U/clk_gate_load_unit_buff_rdata_genblk1_U_fifo_mem_mem_reg_132_       3.9900     0.0      0.0000      3.9900 0.0000 SNPS_CLOCK_GATE_HIGH_tinytpu_isa_gmem1_m_axi_CONSERVATIVE1_NUM_READ_OUTSTANDING16_NUM_WRITE_OUTSTANDING16_MAX_READ_BURST_LENGTH16_MAX_WRITE_BURST_LENGTH16_C_M_AXI_ID_WIDTH1_C_M_AXI_ADDR_WIDTH64_C_M_AXI_DATA_WIDTH32_C_M_AXI_AWUSER_WIDTH1_C_M_AXI_ARUSER_WIDTH1_C_M_AXI_WUSER_WIDTH1_C_M_AXI_RUSER_WIDTH1_C_M_AXI_BUSER_WIDTH1_C_USER_VALUE0_C_PROT_VALUE0_C_CACHE_VALUE3_USER_DW32_USER_AW64_USER_MAXREQS7_USER_RFIFONUM_WIDTH9_176
gmem1_m_axi_U/clk_gate_load_unit_buff_rdata_genblk1_U_fifo_mem_mem_reg_133_       3.9900     0.0      0.0000      3.9900 0.0000 SNPS_CLOCK_GATE_HIGH_tinytpu_isa_gmem1_m_axi_CONSERVATIVE1_NUM_READ_OUTSTANDING16_NUM_WRITE_OUTSTANDING16_MAX_READ_BURST_LENGTH16_MAX_WRITE_BURST_LENGTH16_C_M_AXI_ID_WIDTH1_C_M_AXI_ADDR_WIDTH64_C_M_AXI_DATA_WIDTH32_C_M_AXI_AWUSER_WIDTH1_C_M_AXI_ARUSER_WIDTH1_C_M_AXI_WUSER_WIDTH1_C_M_AXI_RUSER_WIDTH1_C_M_AXI_BUSER_WIDTH1_C_USER_VALUE0_C_PROT_VALUE0_C_CACHE_VALUE3_USER_DW32_USER_AW64_USER_MAXREQS7_USER_RFIFONUM_WIDTH9_177
gmem1_m_axi_U/clk_gate_load_unit_buff_rdata_genblk1_U_fifo_mem_mem_reg_134_       3.9900     0.0      0.0000      3.9900 0.0000 SNPS_CLOCK_GATE_HIGH_tinytpu_isa_gmem1_m_axi_CONSERVATIVE1_NUM_READ_OUTSTANDING16_NUM_WRITE_OUTSTANDING16_MAX_READ_BURST_LENGTH16_MAX_WRITE_BURST_LENGTH16_C_M_AXI_ID_WIDTH1_C_M_AXI_ADDR_WIDTH64_C_M_AXI_DATA_WIDTH32_C_M_AXI_AWUSER_WIDTH1_C_M_AXI_ARUSER_WIDTH1_C_M_AXI_WUSER_WIDTH1_C_M_AXI_RUSER_WIDTH1_C_M_AXI_BUSER_WIDTH1_C_USER_VALUE0_C_PROT_VALUE0_C_CACHE_VALUE3_USER_DW32_USER_AW64_USER_MAXREQS7_USER_RFIFONUM_WIDTH9_178
gmem1_m_axi_U/clk_gate_load_unit_buff_rdata_genblk1_U_fifo_mem_mem_reg_135_       3.9900     0.0      0.0000      3.9900 0.0000 SNPS_CLOCK_GATE_HIGH_tinytpu_isa_gmem1_m_axi_CONSERVATIVE1_NUM_READ_OUTSTANDING16_NUM_WRITE_OUTSTANDING16_MAX_READ_BURST_LENGTH16_MAX_WRITE_BURST_LENGTH16_C_M_AXI_ID_WIDTH1_C_M_AXI_ADDR_WIDTH64_C_M_AXI_DATA_WIDTH32_C_M_AXI_AWUSER_WIDTH1_C_M_AXI_ARUSER_WIDTH1_C_M_AXI_WUSER_WIDTH1_C_M_AXI_RUSER_WIDTH1_C_M_AXI_BUSER_WIDTH1_C_USER_VALUE0_C_PROT_VALUE0_C_CACHE_VALUE3_USER_DW32_USER_AW64_USER_MAXREQS7_USER_RFIFONUM_WIDTH9_179
gmem1_m_axi_U/clk_gate_load_unit_buff_rdata_genblk1_U_fifo_mem_mem_reg_136_       3.9900     0.0      0.0000      3.9900 0.0000 SNPS_CLOCK_GATE_HIGH_tinytpu_isa_gmem1_m_axi_CONSERVATIVE1_NUM_READ_OUTSTANDING16_NUM_WRITE_OUTSTANDING16_MAX_READ_BURST_LENGTH16_MAX_WRITE_BURST_LENGTH16_C_M_AXI_ID_WIDTH1_C_M_AXI_ADDR_WIDTH64_C_M_AXI_DATA_WIDTH32_C_M_AXI_AWUSER_WIDTH1_C_M_AXI_ARUSER_WIDTH1_C_M_AXI_WUSER_WIDTH1_C_M_AXI_RUSER_WIDTH1_C_M_AXI_BUSER_WIDTH1_C_USER_VALUE0_C_PROT_VALUE0_C_CACHE_VALUE3_USER_DW32_USER_AW64_USER_MAXREQS7_USER_RFIFONUM_WIDTH9_180
gmem1_m_axi_U/clk_gate_load_unit_buff_rdata_genblk1_U_fifo_mem_mem_reg_137_       3.9900     0.0      0.0000      3.9900 0.0000 SNPS_CLOCK_GATE_HIGH_tinytpu_isa_gmem1_m_axi_CONSERVATIVE1_NUM_READ_OUTSTANDING16_NUM_WRITE_OUTSTANDING16_MAX_READ_BURST_LENGTH16_MAX_WRITE_BURST_LENGTH16_C_M_AXI_ID_WIDTH1_C_M_AXI_ADDR_WIDTH64_C_M_AXI_DATA_WIDTH32_C_M_AXI_AWUSER_WIDTH1_C_M_AXI_ARUSER_WIDTH1_C_M_AXI_WUSER_WIDTH1_C_M_AXI_RUSER_WIDTH1_C_M_AXI_BUSER_WIDTH1_C_USER_VALUE0_C_PROT_VALUE0_C_CACHE_VALUE3_USER_DW32_USER_AW64_USER_MAXREQS7_USER_RFIFONUM_WIDTH9_181
gmem1_m_axi_U/clk_gate_load_unit_buff_rdata_genblk1_U_fifo_mem_mem_reg_138_       3.9900     0.0      0.0000      3.9900 0.0000 SNPS_CLOCK_GATE_HIGH_tinytpu_isa_gmem1_m_axi_CONSERVATIVE1_NUM_READ_OUTSTANDING16_NUM_WRITE_OUTSTANDING16_MAX_READ_BURST_LENGTH16_MAX_WRITE_BURST_LENGTH16_C_M_AXI_ID_WIDTH1_C_M_AXI_ADDR_WIDTH64_C_M_AXI_DATA_WIDTH32_C_M_AXI_AWUSER_WIDTH1_C_M_AXI_ARUSER_WIDTH1_C_M_AXI_WUSER_WIDTH1_C_M_AXI_RUSER_WIDTH1_C_M_AXI_BUSER_WIDTH1_C_USER_VALUE0_C_PROT_VALUE0_C_CACHE_VALUE3_USER_DW32_USER_AW64_USER_MAXREQS7_USER_RFIFONUM_WIDTH9_182
gmem1_m_axi_U/clk_gate_load_unit_buff_rdata_genblk1_U_fifo_mem_mem_reg_139_       3.9900     0.0      0.0000      3.9900 0.0000 SNPS_CLOCK_GATE_HIGH_tinytpu_isa_gmem1_m_axi_CONSERVATIVE1_NUM_READ_OUTSTANDING16_NUM_WRITE_OUTSTANDING16_MAX_READ_BURST_LENGTH16_MAX_WRITE_BURST_LENGTH16_C_M_AXI_ID_WIDTH1_C_M_AXI_ADDR_WIDTH64_C_M_AXI_DATA_WIDTH32_C_M_AXI_AWUSER_WIDTH1_C_M_AXI_ARUSER_WIDTH1_C_M_AXI_WUSER_WIDTH1_C_M_AXI_RUSER_WIDTH1_C_M_AXI_BUSER_WIDTH1_C_USER_VALUE0_C_PROT_VALUE0_C_CACHE_VALUE3_USER_DW32_USER_AW64_USER_MAXREQS7_USER_RFIFONUM_WIDTH9_183
gmem1_m_axi_U/clk_gate_load_unit_buff_rdata_genblk1_U_fifo_mem_mem_reg_13_       3.9900     0.0      0.0000      3.9900 0.0000 SNPS_CLOCK_GATE_HIGH_tinytpu_isa_gmem1_m_axi_CONSERVATIVE1_NUM_READ_OUTSTANDING16_NUM_WRITE_OUTSTANDING16_MAX_READ_BURST_LENGTH16_MAX_WRITE_BURST_LENGTH16_C_M_AXI_ID_WIDTH1_C_M_AXI_ADDR_WIDTH64_C_M_AXI_DATA_WIDTH32_C_M_AXI_AWUSER_WIDTH1_C_M_AXI_ARUSER_WIDTH1_C_M_AXI_WUSER_WIDTH1_C_M_AXI_RUSER_WIDTH1_C_M_AXI_BUSER_WIDTH1_C_USER_VALUE0_C_PROT_VALUE0_C_CACHE_VALUE3_USER_DW32_USER_AW64_USER_MAXREQS7_USER_RFIFONUM_WIDTH9_57
gmem1_m_axi_U/clk_gate_load_unit_buff_rdata_genblk1_U_fifo_mem_mem_reg_140_       3.9900     0.0      0.0000      3.9900 0.0000 SNPS_CLOCK_GATE_HIGH_tinytpu_isa_gmem1_m_axi_CONSERVATIVE1_NUM_READ_OUTSTANDING16_NUM_WRITE_OUTSTANDING16_MAX_READ_BURST_LENGTH16_MAX_WRITE_BURST_LENGTH16_C_M_AXI_ID_WIDTH1_C_M_AXI_ADDR_WIDTH64_C_M_AXI_DATA_WIDTH32_C_M_AXI_AWUSER_WIDTH1_C_M_AXI_ARUSER_WIDTH1_C_M_AXI_WUSER_WIDTH1_C_M_AXI_RUSER_WIDTH1_C_M_AXI_BUSER_WIDTH1_C_USER_VALUE0_C_PROT_VALUE0_C_CACHE_VALUE3_USER_DW32_USER_AW64_USER_MAXREQS7_USER_RFIFONUM_WIDTH9_184
gmem1_m_axi_U/clk_gate_load_unit_buff_rdata_genblk1_U_fifo_mem_mem_reg_141_       3.9900     0.0      0.0000      3.9900 0.0000 SNPS_CLOCK_GATE_HIGH_tinytpu_isa_gmem1_m_axi_CONSERVATIVE1_NUM_READ_OUTSTANDING16_NUM_WRITE_OUTSTANDING16_MAX_READ_BURST_LENGTH16_MAX_WRITE_BURST_LENGTH16_C_M_AXI_ID_WIDTH1_C_M_AXI_ADDR_WIDTH64_C_M_AXI_DATA_WIDTH32_C_M_AXI_AWUSER_WIDTH1_C_M_AXI_ARUSER_WIDTH1_C_M_AXI_WUSER_WIDTH1_C_M_AXI_RUSER_WIDTH1_C_M_AXI_BUSER_WIDTH1_C_USER_VALUE0_C_PROT_VALUE0_C_CACHE_VALUE3_USER_DW32_USER_AW64_USER_MAXREQS7_USER_RFIFONUM_WIDTH9_185
gmem1_m_axi_U/clk_gate_load_unit_buff_rdata_genblk1_U_fifo_mem_mem_reg_142_       3.9900     0.0      0.0000      3.9900 0.0000 SNPS_CLOCK_GATE_HIGH_tinytpu_isa_gmem1_m_axi_CONSERVATIVE1_NUM_READ_OUTSTANDING16_NUM_WRITE_OUTSTANDING16_MAX_READ_BURST_LENGTH16_MAX_WRITE_BURST_LENGTH16_C_M_AXI_ID_WIDTH1_C_M_AXI_ADDR_WIDTH64_C_M_AXI_DATA_WIDTH32_C_M_AXI_AWUSER_WIDTH1_C_M_AXI_ARUSER_WIDTH1_C_M_AXI_WUSER_WIDTH1_C_M_AXI_RUSER_WIDTH1_C_M_AXI_BUSER_WIDTH1_C_USER_VALUE0_C_PROT_VALUE0_C_CACHE_VALUE3_USER_DW32_USER_AW64_USER_MAXREQS7_USER_RFIFONUM_WIDTH9_186
gmem1_m_axi_U/clk_gate_load_unit_buff_rdata_genblk1_U_fifo_mem_mem_reg_143_       3.9900     0.0      0.0000      3.9900 0.0000 SNPS_CLOCK_GATE_HIGH_tinytpu_isa_gmem1_m_axi_CONSERVATIVE1_NUM_READ_OUTSTANDING16_NUM_WRITE_OUTSTANDING16_MAX_READ_BURST_LENGTH16_MAX_WRITE_BURST_LENGTH16_C_M_AXI_ID_WIDTH1_C_M_AXI_ADDR_WIDTH64_C_M_AXI_DATA_WIDTH32_C_M_AXI_AWUSER_WIDTH1_C_M_AXI_ARUSER_WIDTH1_C_M_AXI_WUSER_WIDTH1_C_M_AXI_RUSER_WIDTH1_C_M_AXI_BUSER_WIDTH1_C_USER_VALUE0_C_PROT_VALUE0_C_CACHE_VALUE3_USER_DW32_USER_AW64_USER_MAXREQS7_USER_RFIFONUM_WIDTH9_187
gmem1_m_axi_U/clk_gate_load_unit_buff_rdata_genblk1_U_fifo_mem_mem_reg_144_       3.9900     0.0      0.0000      3.9900 0.0000 SNPS_CLOCK_GATE_HIGH_tinytpu_isa_gmem1_m_axi_CONSERVATIVE1_NUM_READ_OUTSTANDING16_NUM_WRITE_OUTSTANDING16_MAX_READ_BURST_LENGTH16_MAX_WRITE_BURST_LENGTH16_C_M_AXI_ID_WIDTH1_C_M_AXI_ADDR_WIDTH64_C_M_AXI_DATA_WIDTH32_C_M_AXI_AWUSER_WIDTH1_C_M_AXI_ARUSER_WIDTH1_C_M_AXI_WUSER_WIDTH1_C_M_AXI_RUSER_WIDTH1_C_M_AXI_BUSER_WIDTH1_C_USER_VALUE0_C_PROT_VALUE0_C_CACHE_VALUE3_USER_DW32_USER_AW64_USER_MAXREQS7_USER_RFIFONUM_WIDTH9_188
gmem1_m_axi_U/clk_gate_load_unit_buff_rdata_genblk1_U_fifo_mem_mem_reg_145_       3.9900     0.0      0.0000      3.9900 0.0000 SNPS_CLOCK_GATE_HIGH_tinytpu_isa_gmem1_m_axi_CONSERVATIVE1_NUM_READ_OUTSTANDING16_NUM_WRITE_OUTSTANDING16_MAX_READ_BURST_LENGTH16_MAX_WRITE_BURST_LENGTH16_C_M_AXI_ID_WIDTH1_C_M_AXI_ADDR_WIDTH64_C_M_AXI_DATA_WIDTH32_C_M_AXI_AWUSER_WIDTH1_C_M_AXI_ARUSER_WIDTH1_C_M_AXI_WUSER_WIDTH1_C_M_AXI_RUSER_WIDTH1_C_M_AXI_BUSER_WIDTH1_C_USER_VALUE0_C_PROT_VALUE0_C_CACHE_VALUE3_USER_DW32_USER_AW64_USER_MAXREQS7_USER_RFIFONUM_WIDTH9_189
gmem1_m_axi_U/clk_gate_load_unit_buff_rdata_genblk1_U_fifo_mem_mem_reg_146_       3.9900     0.0      0.0000      3.9900 0.0000 SNPS_CLOCK_GATE_HIGH_tinytpu_isa_gmem1_m_axi_CONSERVATIVE1_NUM_READ_OUTSTANDING16_NUM_WRITE_OUTSTANDING16_MAX_READ_BURST_LENGTH16_MAX_WRITE_BURST_LENGTH16_C_M_AXI_ID_WIDTH1_C_M_AXI_ADDR_WIDTH64_C_M_AXI_DATA_WIDTH32_C_M_AXI_AWUSER_WIDTH1_C_M_AXI_ARUSER_WIDTH1_C_M_AXI_WUSER_WIDTH1_C_M_AXI_RUSER_WIDTH1_C_M_AXI_BUSER_WIDTH1_C_USER_VALUE0_C_PROT_VALUE0_C_CACHE_VALUE3_USER_DW32_USER_AW64_USER_MAXREQS7_USER_RFIFONUM_WIDTH9_190
gmem1_m_axi_U/clk_gate_load_unit_buff_rdata_genblk1_U_fifo_mem_mem_reg_147_       3.9900     0.0      0.0000      3.9900 0.0000 SNPS_CLOCK_GATE_HIGH_tinytpu_isa_gmem1_m_axi_CONSERVATIVE1_NUM_READ_OUTSTANDING16_NUM_WRITE_OUTSTANDING16_MAX_READ_BURST_LENGTH16_MAX_WRITE_BURST_LENGTH16_C_M_AXI_ID_WIDTH1_C_M_AXI_ADDR_WIDTH64_C_M_AXI_DATA_WIDTH32_C_M_AXI_AWUSER_WIDTH1_C_M_AXI_ARUSER_WIDTH1_C_M_AXI_WUSER_WIDTH1_C_M_AXI_RUSER_WIDTH1_C_M_AXI_BUSER_WIDTH1_C_USER_VALUE0_C_PROT_VALUE0_C_CACHE_VALUE3_USER_DW32_USER_AW64_USER_MAXREQS7_USER_RFIFONUM_WIDTH9_191
gmem1_m_axi_U/clk_gate_load_unit_buff_rdata_genblk1_U_fifo_mem_mem_reg_148_       3.9900     0.0      0.0000      3.9900 0.0000 SNPS_CLOCK_GATE_HIGH_tinytpu_isa_gmem1_m_axi_CONSERVATIVE1_NUM_READ_OUTSTANDING16_NUM_WRITE_OUTSTANDING16_MAX_READ_BURST_LENGTH16_MAX_WRITE_BURST_LENGTH16_C_M_AXI_ID_WIDTH1_C_M_AXI_ADDR_WIDTH64_C_M_AXI_DATA_WIDTH32_C_M_AXI_AWUSER_WIDTH1_C_M_AXI_ARUSER_WIDTH1_C_M_AXI_WUSER_WIDTH1_C_M_AXI_RUSER_WIDTH1_C_M_AXI_BUSER_WIDTH1_C_USER_VALUE0_C_PROT_VALUE0_C_CACHE_VALUE3_USER_DW32_USER_AW64_USER_MAXREQS7_USER_RFIFONUM_WIDTH9_192
gmem1_m_axi_U/clk_gate_load_unit_buff_rdata_genblk1_U_fifo_mem_mem_reg_149_       3.9900     0.0      0.0000      3.9900 0.0000 SNPS_CLOCK_GATE_HIGH_tinytpu_isa_gmem1_m_axi_CONSERVATIVE1_NUM_READ_OUTSTANDING16_NUM_WRITE_OUTSTANDING16_MAX_READ_BURST_LENGTH16_MAX_WRITE_BURST_LENGTH16_C_M_AXI_ID_WIDTH1_C_M_AXI_ADDR_WIDTH64_C_M_AXI_DATA_WIDTH32_C_M_AXI_AWUSER_WIDTH1_C_M_AXI_ARUSER_WIDTH1_C_M_AXI_WUSER_WIDTH1_C_M_AXI_RUSER_WIDTH1_C_M_AXI_BUSER_WIDTH1_C_USER_VALUE0_C_PROT_VALUE0_C_CACHE_VALUE3_USER_DW32_USER_AW64_USER_MAXREQS7_USER_RFIFONUM_WIDTH9_193
gmem1_m_axi_U/clk_gate_load_unit_buff_rdata_genblk1_U_fifo_mem_mem_reg_14_       3.9900     0.0      0.0000      3.9900 0.0000 SNPS_CLOCK_GATE_HIGH_tinytpu_isa_gmem1_m_axi_CONSERVATIVE1_NUM_READ_OUTSTANDING16_NUM_WRITE_OUTSTANDING16_MAX_READ_BURST_LENGTH16_MAX_WRITE_BURST_LENGTH16_C_M_AXI_ID_WIDTH1_C_M_AXI_ADDR_WIDTH64_C_M_AXI_DATA_WIDTH32_C_M_AXI_AWUSER_WIDTH1_C_M_AXI_ARUSER_WIDTH1_C_M_AXI_WUSER_WIDTH1_C_M_AXI_RUSER_WIDTH1_C_M_AXI_BUSER_WIDTH1_C_USER_VALUE0_C_PROT_VALUE0_C_CACHE_VALUE3_USER_DW32_USER_AW64_USER_MAXREQS7_USER_RFIFONUM_WIDTH9_58
gmem1_m_axi_U/clk_gate_load_unit_buff_rdata_genblk1_U_fifo_mem_mem_reg_150_       3.9900     0.0      0.0000      3.9900 0.0000 SNPS_CLOCK_GATE_HIGH_tinytpu_isa_gmem1_m_axi_CONSERVATIVE1_NUM_READ_OUTSTANDING16_NUM_WRITE_OUTSTANDING16_MAX_READ_BURST_LENGTH16_MAX_WRITE_BURST_LENGTH16_C_M_AXI_ID_WIDTH1_C_M_AXI_ADDR_WIDTH64_C_M_AXI_DATA_WIDTH32_C_M_AXI_AWUSER_WIDTH1_C_M_AXI_ARUSER_WIDTH1_C_M_AXI_WUSER_WIDTH1_C_M_AXI_RUSER_WIDTH1_C_M_AXI_BUSER_WIDTH1_C_USER_VALUE0_C_PROT_VALUE0_C_CACHE_VALUE3_USER_DW32_USER_AW64_USER_MAXREQS7_USER_RFIFONUM_WIDTH9_194
gmem1_m_axi_U/clk_gate_load_unit_buff_rdata_genblk1_U_fifo_mem_mem_reg_151_       3.9900     0.0      0.0000      3.9900 0.0000 SNPS_CLOCK_GATE_HIGH_tinytpu_isa_gmem1_m_axi_CONSERVATIVE1_NUM_READ_OUTSTANDING16_NUM_WRITE_OUTSTANDING16_MAX_READ_BURST_LENGTH16_MAX_WRITE_BURST_LENGTH16_C_M_AXI_ID_WIDTH1_C_M_AXI_ADDR_WIDTH64_C_M_AXI_DATA_WIDTH32_C_M_AXI_AWUSER_WIDTH1_C_M_AXI_ARUSER_WIDTH1_C_M_AXI_WUSER_WIDTH1_C_M_AXI_RUSER_WIDTH1_C_M_AXI_BUSER_WIDTH1_C_USER_VALUE0_C_PROT_VALUE0_C_CACHE_VALUE3_USER_DW32_USER_AW64_USER_MAXREQS7_USER_RFIFONUM_WIDTH9_195
gmem1_m_axi_U/clk_gate_load_unit_buff_rdata_genblk1_U_fifo_mem_mem_reg_152_       3.9900     0.0      0.0000      3.9900 0.0000 SNPS_CLOCK_GATE_HIGH_tinytpu_isa_gmem1_m_axi_CONSERVATIVE1_NUM_READ_OUTSTANDING16_NUM_WRITE_OUTSTANDING16_MAX_READ_BURST_LENGTH16_MAX_WRITE_BURST_LENGTH16_C_M_AXI_ID_WIDTH1_C_M_AXI_ADDR_WIDTH64_C_M_AXI_DATA_WIDTH32_C_M_AXI_AWUSER_WIDTH1_C_M_AXI_ARUSER_WIDTH1_C_M_AXI_WUSER_WIDTH1_C_M_AXI_RUSER_WIDTH1_C_M_AXI_BUSER_WIDTH1_C_USER_VALUE0_C_PROT_VALUE0_C_CACHE_VALUE3_USER_DW32_USER_AW64_USER_MAXREQS7_USER_RFIFONUM_WIDTH9_196
gmem1_m_axi_U/clk_gate_load_unit_buff_rdata_genblk1_U_fifo_mem_mem_reg_153_       3.9900     0.0      0.0000      3.9900 0.0000 SNPS_CLOCK_GATE_HIGH_tinytpu_isa_gmem1_m_axi_CONSERVATIVE1_NUM_READ_OUTSTANDING16_NUM_WRITE_OUTSTANDING16_MAX_READ_BURST_LENGTH16_MAX_WRITE_BURST_LENGTH16_C_M_AXI_ID_WIDTH1_C_M_AXI_ADDR_WIDTH64_C_M_AXI_DATA_WIDTH32_C_M_AXI_AWUSER_WIDTH1_C_M_AXI_ARUSER_WIDTH1_C_M_AXI_WUSER_WIDTH1_C_M_AXI_RUSER_WIDTH1_C_M_AXI_BUSER_WIDTH1_C_USER_VALUE0_C_PROT_VALUE0_C_CACHE_VALUE3_USER_DW32_USER_AW64_USER_MAXREQS7_USER_RFIFONUM_WIDTH9_197
gmem1_m_axi_U/clk_gate_load_unit_buff_rdata_genblk1_U_fifo_mem_mem_reg_154_       3.9900     0.0      0.0000      3.9900 0.0000 SNPS_CLOCK_GATE_HIGH_tinytpu_isa_gmem1_m_axi_CONSERVATIVE1_NUM_READ_OUTSTANDING16_NUM_WRITE_OUTSTANDING16_MAX_READ_BURST_LENGTH16_MAX_WRITE_BURST_LENGTH16_C_M_AXI_ID_WIDTH1_C_M_AXI_ADDR_WIDTH64_C_M_AXI_DATA_WIDTH32_C_M_AXI_AWUSER_WIDTH1_C_M_AXI_ARUSER_WIDTH1_C_M_AXI_WUSER_WIDTH1_C_M_AXI_RUSER_WIDTH1_C_M_AXI_BUSER_WIDTH1_C_USER_VALUE0_C_PROT_VALUE0_C_CACHE_VALUE3_USER_DW32_USER_AW64_USER_MAXREQS7_USER_RFIFONUM_WIDTH9_198
gmem1_m_axi_U/clk_gate_load_unit_buff_rdata_genblk1_U_fifo_mem_mem_reg_155_       3.9900     0.0      0.0000      3.9900 0.0000 SNPS_CLOCK_GATE_HIGH_tinytpu_isa_gmem1_m_axi_CONSERVATIVE1_NUM_READ_OUTSTANDING16_NUM_WRITE_OUTSTANDING16_MAX_READ_BURST_LENGTH16_MAX_WRITE_BURST_LENGTH16_C_M_AXI_ID_WIDTH1_C_M_AXI_ADDR_WIDTH64_C_M_AXI_DATA_WIDTH32_C_M_AXI_AWUSER_WIDTH1_C_M_AXI_ARUSER_WIDTH1_C_M_AXI_WUSER_WIDTH1_C_M_AXI_RUSER_WIDTH1_C_M_AXI_BUSER_WIDTH1_C_USER_VALUE0_C_PROT_VALUE0_C_CACHE_VALUE3_USER_DW32_USER_AW64_USER_MAXREQS7_USER_RFIFONUM_WIDTH9_199
gmem1_m_axi_U/clk_gate_load_unit_buff_rdata_genblk1_U_fifo_mem_mem_reg_156_       3.9900     0.0      0.0000      3.9900 0.0000 SNPS_CLOCK_GATE_HIGH_tinytpu_isa_gmem1_m_axi_CONSERVATIVE1_NUM_READ_OUTSTANDING16_NUM_WRITE_OUTSTANDING16_MAX_READ_BURST_LENGTH16_MAX_WRITE_BURST_LENGTH16_C_M_AXI_ID_WIDTH1_C_M_AXI_ADDR_WIDTH64_C_M_AXI_DATA_WIDTH32_C_M_AXI_AWUSER_WIDTH1_C_M_AXI_ARUSER_WIDTH1_C_M_AXI_WUSER_WIDTH1_C_M_AXI_RUSER_WIDTH1_C_M_AXI_BUSER_WIDTH1_C_USER_VALUE0_C_PROT_VALUE0_C_CACHE_VALUE3_USER_DW32_USER_AW64_USER_MAXREQS7_USER_RFIFONUM_WIDTH9_200
gmem1_m_axi_U/clk_gate_load_unit_buff_rdata_genblk1_U_fifo_mem_mem_reg_157_       3.9900     0.0      0.0000      3.9900 0.0000 SNPS_CLOCK_GATE_HIGH_tinytpu_isa_gmem1_m_axi_CONSERVATIVE1_NUM_READ_OUTSTANDING16_NUM_WRITE_OUTSTANDING16_MAX_READ_BURST_LENGTH16_MAX_WRITE_BURST_LENGTH16_C_M_AXI_ID_WIDTH1_C_M_AXI_ADDR_WIDTH64_C_M_AXI_DATA_WIDTH32_C_M_AXI_AWUSER_WIDTH1_C_M_AXI_ARUSER_WIDTH1_C_M_AXI_WUSER_WIDTH1_C_M_AXI_RUSER_WIDTH1_C_M_AXI_BUSER_WIDTH1_C_USER_VALUE0_C_PROT_VALUE0_C_CACHE_VALUE3_USER_DW32_USER_AW64_USER_MAXREQS7_USER_RFIFONUM_WIDTH9_201
gmem1_m_axi_U/clk_gate_load_unit_buff_rdata_genblk1_U_fifo_mem_mem_reg_158_       3.9900     0.0      0.0000      3.9900 0.0000 SNPS_CLOCK_GATE_HIGH_tinytpu_isa_gmem1_m_axi_CONSERVATIVE1_NUM_READ_OUTSTANDING16_NUM_WRITE_OUTSTANDING16_MAX_READ_BURST_LENGTH16_MAX_WRITE_BURST_LENGTH16_C_M_AXI_ID_WIDTH1_C_M_AXI_ADDR_WIDTH64_C_M_AXI_DATA_WIDTH32_C_M_AXI_AWUSER_WIDTH1_C_M_AXI_ARUSER_WIDTH1_C_M_AXI_WUSER_WIDTH1_C_M_AXI_RUSER_WIDTH1_C_M_AXI_BUSER_WIDTH1_C_USER_VALUE0_C_PROT_VALUE0_C_CACHE_VALUE3_USER_DW32_USER_AW64_USER_MAXREQS7_USER_RFIFONUM_WIDTH9_202
gmem1_m_axi_U/clk_gate_load_unit_buff_rdata_genblk1_U_fifo_mem_mem_reg_159_       3.9900     0.0      0.0000      3.9900 0.0000 SNPS_CLOCK_GATE_HIGH_tinytpu_isa_gmem1_m_axi_CONSERVATIVE1_NUM_READ_OUTSTANDING16_NUM_WRITE_OUTSTANDING16_MAX_READ_BURST_LENGTH16_MAX_WRITE_BURST_LENGTH16_C_M_AXI_ID_WIDTH1_C_M_AXI_ADDR_WIDTH64_C_M_AXI_DATA_WIDTH32_C_M_AXI_AWUSER_WIDTH1_C_M_AXI_ARUSER_WIDTH1_C_M_AXI_WUSER_WIDTH1_C_M_AXI_RUSER_WIDTH1_C_M_AXI_BUSER_WIDTH1_C_USER_VALUE0_C_PROT_VALUE0_C_CACHE_VALUE3_USER_DW32_USER_AW64_USER_MAXREQS7_USER_RFIFONUM_WIDTH9_203
gmem1_m_axi_U/clk_gate_load_unit_buff_rdata_genblk1_U_fifo_mem_mem_reg_15_       3.9900     0.0      0.0000      3.9900 0.0000 SNPS_CLOCK_GATE_HIGH_tinytpu_isa_gmem1_m_axi_CONSERVATIVE1_NUM_READ_OUTSTANDING16_NUM_WRITE_OUTSTANDING16_MAX_READ_BURST_LENGTH16_MAX_WRITE_BURST_LENGTH16_C_M_AXI_ID_WIDTH1_C_M_AXI_ADDR_WIDTH64_C_M_AXI_DATA_WIDTH32_C_M_AXI_AWUSER_WIDTH1_C_M_AXI_ARUSER_WIDTH1_C_M_AXI_WUSER_WIDTH1_C_M_AXI_RUSER_WIDTH1_C_M_AXI_BUSER_WIDTH1_C_USER_VALUE0_C_PROT_VALUE0_C_CACHE_VALUE3_USER_DW32_USER_AW64_USER_MAXREQS7_USER_RFIFONUM_WIDTH9_59
gmem1_m_axi_U/clk_gate_load_unit_buff_rdata_genblk1_U_fifo_mem_mem_reg_160_       3.9900     0.0      0.0000      3.9900 0.0000 SNPS_CLOCK_GATE_HIGH_tinytpu_isa_gmem1_m_axi_CONSERVATIVE1_NUM_READ_OUTSTANDING16_NUM_WRITE_OUTSTANDING16_MAX_READ_BURST_LENGTH16_MAX_WRITE_BURST_LENGTH16_C_M_AXI_ID_WIDTH1_C_M_AXI_ADDR_WIDTH64_C_M_AXI_DATA_WIDTH32_C_M_AXI_AWUSER_WIDTH1_C_M_AXI_ARUSER_WIDTH1_C_M_AXI_WUSER_WIDTH1_C_M_AXI_RUSER_WIDTH1_C_M_AXI_BUSER_WIDTH1_C_USER_VALUE0_C_PROT_VALUE0_C_CACHE_VALUE3_USER_DW32_USER_AW64_USER_MAXREQS7_USER_RFIFONUM_WIDTH9_204
gmem1_m_axi_U/clk_gate_load_unit_buff_rdata_genblk1_U_fifo_mem_mem_reg_161_       3.9900     0.0      0.0000      3.9900 0.0000 SNPS_CLOCK_GATE_HIGH_tinytpu_isa_gmem1_m_axi_CONSERVATIVE1_NUM_READ_OUTSTANDING16_NUM_WRITE_OUTSTANDING16_MAX_READ_BURST_LENGTH16_MAX_WRITE_BURST_LENGTH16_C_M_AXI_ID_WIDTH1_C_M_AXI_ADDR_WIDTH64_C_M_AXI_DATA_WIDTH32_C_M_AXI_AWUSER_WIDTH1_C_M_AXI_ARUSER_WIDTH1_C_M_AXI_WUSER_WIDTH1_C_M_AXI_RUSER_WIDTH1_C_M_AXI_BUSER_WIDTH1_C_USER_VALUE0_C_PROT_VALUE0_C_CACHE_VALUE3_USER_DW32_USER_AW64_USER_MAXREQS7_USER_RFIFONUM_WIDTH9_205
gmem1_m_axi_U/clk_gate_load_unit_buff_rdata_genblk1_U_fifo_mem_mem_reg_162_       3.9900     0.0      0.0000      3.9900 0.0000 SNPS_CLOCK_GATE_HIGH_tinytpu_isa_gmem1_m_axi_CONSERVATIVE1_NUM_READ_OUTSTANDING16_NUM_WRITE_OUTSTANDING16_MAX_READ_BURST_LENGTH16_MAX_WRITE_BURST_LENGTH16_C_M_AXI_ID_WIDTH1_C_M_AXI_ADDR_WIDTH64_C_M_AXI_DATA_WIDTH32_C_M_AXI_AWUSER_WIDTH1_C_M_AXI_ARUSER_WIDTH1_C_M_AXI_WUSER_WIDTH1_C_M_AXI_RUSER_WIDTH1_C_M_AXI_BUSER_WIDTH1_C_USER_VALUE0_C_PROT_VALUE0_C_CACHE_VALUE3_USER_DW32_USER_AW64_USER_MAXREQS7_USER_RFIFONUM_WIDTH9_206
gmem1_m_axi_U/clk_gate_load_unit_buff_rdata_genblk1_U_fifo_mem_mem_reg_163_       3.9900     0.0      0.0000      3.9900 0.0000 SNPS_CLOCK_GATE_HIGH_tinytpu_isa_gmem1_m_axi_CONSERVATIVE1_NUM_READ_OUTSTANDING16_NUM_WRITE_OUTSTANDING16_MAX_READ_BURST_LENGTH16_MAX_WRITE_BURST_LENGTH16_C_M_AXI_ID_WIDTH1_C_M_AXI_ADDR_WIDTH64_C_M_AXI_DATA_WIDTH32_C_M_AXI_AWUSER_WIDTH1_C_M_AXI_ARUSER_WIDTH1_C_M_AXI_WUSER_WIDTH1_C_M_AXI_RUSER_WIDTH1_C_M_AXI_BUSER_WIDTH1_C_USER_VALUE0_C_PROT_VALUE0_C_CACHE_VALUE3_USER_DW32_USER_AW64_USER_MAXREQS7_USER_RFIFONUM_WIDTH9_207
gmem1_m_axi_U/clk_gate_load_unit_buff_rdata_genblk1_U_fifo_mem_mem_reg_164_       3.9900     0.0      0.0000      3.9900 0.0000 SNPS_CLOCK_GATE_HIGH_tinytpu_isa_gmem1_m_axi_CONSERVATIVE1_NUM_READ_OUTSTANDING16_NUM_WRITE_OUTSTANDING16_MAX_READ_BURST_LENGTH16_MAX_WRITE_BURST_LENGTH16_C_M_AXI_ID_WIDTH1_C_M_AXI_ADDR_WIDTH64_C_M_AXI_DATA_WIDTH32_C_M_AXI_AWUSER_WIDTH1_C_M_AXI_ARUSER_WIDTH1_C_M_AXI_WUSER_WIDTH1_C_M_AXI_RUSER_WIDTH1_C_M_AXI_BUSER_WIDTH1_C_USER_VALUE0_C_PROT_VALUE0_C_CACHE_VALUE3_USER_DW32_USER_AW64_USER_MAXREQS7_USER_RFIFONUM_WIDTH9_208
gmem1_m_axi_U/clk_gate_load_unit_buff_rdata_genblk1_U_fifo_mem_mem_reg_165_       3.9900     0.0      0.0000      3.9900 0.0000 SNPS_CLOCK_GATE_HIGH_tinytpu_isa_gmem1_m_axi_CONSERVATIVE1_NUM_READ_OUTSTANDING16_NUM_WRITE_OUTSTANDING16_MAX_READ_BURST_LENGTH16_MAX_WRITE_BURST_LENGTH16_C_M_AXI_ID_WIDTH1_C_M_AXI_ADDR_WIDTH64_C_M_AXI_DATA_WIDTH32_C_M_AXI_AWUSER_WIDTH1_C_M_AXI_ARUSER_WIDTH1_C_M_AXI_WUSER_WIDTH1_C_M_AXI_RUSER_WIDTH1_C_M_AXI_BUSER_WIDTH1_C_USER_VALUE0_C_PROT_VALUE0_C_CACHE_VALUE3_USER_DW32_USER_AW64_USER_MAXREQS7_USER_RFIFONUM_WIDTH9_209
gmem1_m_axi_U/clk_gate_load_unit_buff_rdata_genblk1_U_fifo_mem_mem_reg_166_       3.9900     0.0      0.0000      3.9900 0.0000 SNPS_CLOCK_GATE_HIGH_tinytpu_isa_gmem1_m_axi_CONSERVATIVE1_NUM_READ_OUTSTANDING16_NUM_WRITE_OUTSTANDING16_MAX_READ_BURST_LENGTH16_MAX_WRITE_BURST_LENGTH16_C_M_AXI_ID_WIDTH1_C_M_AXI_ADDR_WIDTH64_C_M_AXI_DATA_WIDTH32_C_M_AXI_AWUSER_WIDTH1_C_M_AXI_ARUSER_WIDTH1_C_M_AXI_WUSER_WIDTH1_C_M_AXI_RUSER_WIDTH1_C_M_AXI_BUSER_WIDTH1_C_USER_VALUE0_C_PROT_VALUE0_C_CACHE_VALUE3_USER_DW32_USER_AW64_USER_MAXREQS7_USER_RFIFONUM_WIDTH9_210
gmem1_m_axi_U/clk_gate_load_unit_buff_rdata_genblk1_U_fifo_mem_mem_reg_167_       3.9900     0.0      0.0000      3.9900 0.0000 SNPS_CLOCK_GATE_HIGH_tinytpu_isa_gmem1_m_axi_CONSERVATIVE1_NUM_READ_OUTSTANDING16_NUM_WRITE_OUTSTANDING16_MAX_READ_BURST_LENGTH16_MAX_WRITE_BURST_LENGTH16_C_M_AXI_ID_WIDTH1_C_M_AXI_ADDR_WIDTH64_C_M_AXI_DATA_WIDTH32_C_M_AXI_AWUSER_WIDTH1_C_M_AXI_ARUSER_WIDTH1_C_M_AXI_WUSER_WIDTH1_C_M_AXI_RUSER_WIDTH1_C_M_AXI_BUSER_WIDTH1_C_USER_VALUE0_C_PROT_VALUE0_C_CACHE_VALUE3_USER_DW32_USER_AW64_USER_MAXREQS7_USER_RFIFONUM_WIDTH9_211
gmem1_m_axi_U/clk_gate_load_unit_buff_rdata_genblk1_U_fifo_mem_mem_reg_168_       3.9900     0.0      0.0000      3.9900 0.0000 SNPS_CLOCK_GATE_HIGH_tinytpu_isa_gmem1_m_axi_CONSERVATIVE1_NUM_READ_OUTSTANDING16_NUM_WRITE_OUTSTANDING16_MAX_READ_BURST_LENGTH16_MAX_WRITE_BURST_LENGTH16_C_M_AXI_ID_WIDTH1_C_M_AXI_ADDR_WIDTH64_C_M_AXI_DATA_WIDTH32_C_M_AXI_AWUSER_WIDTH1_C_M_AXI_ARUSER_WIDTH1_C_M_AXI_WUSER_WIDTH1_C_M_AXI_RUSER_WIDTH1_C_M_AXI_BUSER_WIDTH1_C_USER_VALUE0_C_PROT_VALUE0_C_CACHE_VALUE3_USER_DW32_USER_AW64_USER_MAXREQS7_USER_RFIFONUM_WIDTH9_212
gmem1_m_axi_U/clk_gate_load_unit_buff_rdata_genblk1_U_fifo_mem_mem_reg_169_       3.9900     0.0      0.0000      3.9900 0.0000 SNPS_CLOCK_GATE_HIGH_tinytpu_isa_gmem1_m_axi_CONSERVATIVE1_NUM_READ_OUTSTANDING16_NUM_WRITE_OUTSTANDING16_MAX_READ_BURST_LENGTH16_MAX_WRITE_BURST_LENGTH16_C_M_AXI_ID_WIDTH1_C_M_AXI_ADDR_WIDTH64_C_M_AXI_DATA_WIDTH32_C_M_AXI_AWUSER_WIDTH1_C_M_AXI_ARUSER_WIDTH1_C_M_AXI_WUSER_WIDTH1_C_M_AXI_RUSER_WIDTH1_C_M_AXI_BUSER_WIDTH1_C_USER_VALUE0_C_PROT_VALUE0_C_CACHE_VALUE3_USER_DW32_USER_AW64_USER_MAXREQS7_USER_RFIFONUM_WIDTH9_213
gmem1_m_axi_U/clk_gate_load_unit_buff_rdata_genblk1_U_fifo_mem_mem_reg_16_       3.9900     0.0      0.0000      3.9900 0.0000 SNPS_CLOCK_GATE_HIGH_tinytpu_isa_gmem1_m_axi_CONSERVATIVE1_NUM_READ_OUTSTANDING16_NUM_WRITE_OUTSTANDING16_MAX_READ_BURST_LENGTH16_MAX_WRITE_BURST_LENGTH16_C_M_AXI_ID_WIDTH1_C_M_AXI_ADDR_WIDTH64_C_M_AXI_DATA_WIDTH32_C_M_AXI_AWUSER_WIDTH1_C_M_AXI_ARUSER_WIDTH1_C_M_AXI_WUSER_WIDTH1_C_M_AXI_RUSER_WIDTH1_C_M_AXI_BUSER_WIDTH1_C_USER_VALUE0_C_PROT_VALUE0_C_CACHE_VALUE3_USER_DW32_USER_AW64_USER_MAXREQS7_USER_RFIFONUM_WIDTH9_60
gmem1_m_axi_U/clk_gate_load_unit_buff_rdata_genblk1_U_fifo_mem_mem_reg_170_       3.9900     0.0      0.0000      3.9900 0.0000 SNPS_CLOCK_GATE_HIGH_tinytpu_isa_gmem1_m_axi_CONSERVATIVE1_NUM_READ_OUTSTANDING16_NUM_WRITE_OUTSTANDING16_MAX_READ_BURST_LENGTH16_MAX_WRITE_BURST_LENGTH16_C_M_AXI_ID_WIDTH1_C_M_AXI_ADDR_WIDTH64_C_M_AXI_DATA_WIDTH32_C_M_AXI_AWUSER_WIDTH1_C_M_AXI_ARUSER_WIDTH1_C_M_AXI_WUSER_WIDTH1_C_M_AXI_RUSER_WIDTH1_C_M_AXI_BUSER_WIDTH1_C_USER_VALUE0_C_PROT_VALUE0_C_CACHE_VALUE3_USER_DW32_USER_AW64_USER_MAXREQS7_USER_RFIFONUM_WIDTH9_214
gmem1_m_axi_U/clk_gate_load_unit_buff_rdata_genblk1_U_fifo_mem_mem_reg_171_       3.9900     0.0      0.0000      3.9900 0.0000 SNPS_CLOCK_GATE_HIGH_tinytpu_isa_gmem1_m_axi_CONSERVATIVE1_NUM_READ_OUTSTANDING16_NUM_WRITE_OUTSTANDING16_MAX_READ_BURST_LENGTH16_MAX_WRITE_BURST_LENGTH16_C_M_AXI_ID_WIDTH1_C_M_AXI_ADDR_WIDTH64_C_M_AXI_DATA_WIDTH32_C_M_AXI_AWUSER_WIDTH1_C_M_AXI_ARUSER_WIDTH1_C_M_AXI_WUSER_WIDTH1_C_M_AXI_RUSER_WIDTH1_C_M_AXI_BUSER_WIDTH1_C_USER_VALUE0_C_PROT_VALUE0_C_CACHE_VALUE3_USER_DW32_USER_AW64_USER_MAXREQS7_USER_RFIFONUM_WIDTH9_215
gmem1_m_axi_U/clk_gate_load_unit_buff_rdata_genblk1_U_fifo_mem_mem_reg_172_       3.9900     0.0      0.0000      3.9900 0.0000 SNPS_CLOCK_GATE_HIGH_tinytpu_isa_gmem1_m_axi_CONSERVATIVE1_NUM_READ_OUTSTANDING16_NUM_WRITE_OUTSTANDING16_MAX_READ_BURST_LENGTH16_MAX_WRITE_BURST_LENGTH16_C_M_AXI_ID_WIDTH1_C_M_AXI_ADDR_WIDTH64_C_M_AXI_DATA_WIDTH32_C_M_AXI_AWUSER_WIDTH1_C_M_AXI_ARUSER_WIDTH1_C_M_AXI_WUSER_WIDTH1_C_M_AXI_RUSER_WIDTH1_C_M_AXI_BUSER_WIDTH1_C_USER_VALUE0_C_PROT_VALUE0_C_CACHE_VALUE3_USER_DW32_USER_AW64_USER_MAXREQS7_USER_RFIFONUM_WIDTH9_216
gmem1_m_axi_U/clk_gate_load_unit_buff_rdata_genblk1_U_fifo_mem_mem_reg_173_       3.9900     0.0      0.0000      3.9900 0.0000 SNPS_CLOCK_GATE_HIGH_tinytpu_isa_gmem1_m_axi_CONSERVATIVE1_NUM_READ_OUTSTANDING16_NUM_WRITE_OUTSTANDING16_MAX_READ_BURST_LENGTH16_MAX_WRITE_BURST_LENGTH16_C_M_AXI_ID_WIDTH1_C_M_AXI_ADDR_WIDTH64_C_M_AXI_DATA_WIDTH32_C_M_AXI_AWUSER_WIDTH1_C_M_AXI_ARUSER_WIDTH1_C_M_AXI_WUSER_WIDTH1_C_M_AXI_RUSER_WIDTH1_C_M_AXI_BUSER_WIDTH1_C_USER_VALUE0_C_PROT_VALUE0_C_CACHE_VALUE3_USER_DW32_USER_AW64_USER_MAXREQS7_USER_RFIFONUM_WIDTH9_217
gmem1_m_axi_U/clk_gate_load_unit_buff_rdata_genblk1_U_fifo_mem_mem_reg_174_       3.9900     0.0      0.0000      3.9900 0.0000 SNPS_CLOCK_GATE_HIGH_tinytpu_isa_gmem1_m_axi_CONSERVATIVE1_NUM_READ_OUTSTANDING16_NUM_WRITE_OUTSTANDING16_MAX_READ_BURST_LENGTH16_MAX_WRITE_BURST_LENGTH16_C_M_AXI_ID_WIDTH1_C_M_AXI_ADDR_WIDTH64_C_M_AXI_DATA_WIDTH32_C_M_AXI_AWUSER_WIDTH1_C_M_AXI_ARUSER_WIDTH1_C_M_AXI_WUSER_WIDTH1_C_M_AXI_RUSER_WIDTH1_C_M_AXI_BUSER_WIDTH1_C_USER_VALUE0_C_PROT_VALUE0_C_CACHE_VALUE3_USER_DW32_USER_AW64_USER_MAXREQS7_USER_RFIFONUM_WIDTH9_218
gmem1_m_axi_U/clk_gate_load_unit_buff_rdata_genblk1_U_fifo_mem_mem_reg_175_       3.9900     0.0      0.0000      3.9900 0.0000 SNPS_CLOCK_GATE_HIGH_tinytpu_isa_gmem1_m_axi_CONSERVATIVE1_NUM_READ_OUTSTANDING16_NUM_WRITE_OUTSTANDING16_MAX_READ_BURST_LENGTH16_MAX_WRITE_BURST_LENGTH16_C_M_AXI_ID_WIDTH1_C_M_AXI_ADDR_WIDTH64_C_M_AXI_DATA_WIDTH32_C_M_AXI_AWUSER_WIDTH1_C_M_AXI_ARUSER_WIDTH1_C_M_AXI_WUSER_WIDTH1_C_M_AXI_RUSER_WIDTH1_C_M_AXI_BUSER_WIDTH1_C_USER_VALUE0_C_PROT_VALUE0_C_CACHE_VALUE3_USER_DW32_USER_AW64_USER_MAXREQS7_USER_RFIFONUM_WIDTH9_219
gmem1_m_axi_U/clk_gate_load_unit_buff_rdata_genblk1_U_fifo_mem_mem_reg_176_       3.9900     0.0      0.0000      3.9900 0.0000 SNPS_CLOCK_GATE_HIGH_tinytpu_isa_gmem1_m_axi_CONSERVATIVE1_NUM_READ_OUTSTANDING16_NUM_WRITE_OUTSTANDING16_MAX_READ_BURST_LENGTH16_MAX_WRITE_BURST_LENGTH16_C_M_AXI_ID_WIDTH1_C_M_AXI_ADDR_WIDTH64_C_M_AXI_DATA_WIDTH32_C_M_AXI_AWUSER_WIDTH1_C_M_AXI_ARUSER_WIDTH1_C_M_AXI_WUSER_WIDTH1_C_M_AXI_RUSER_WIDTH1_C_M_AXI_BUSER_WIDTH1_C_USER_VALUE0_C_PROT_VALUE0_C_CACHE_VALUE3_USER_DW32_USER_AW64_USER_MAXREQS7_USER_RFIFONUM_WIDTH9_220
gmem1_m_axi_U/clk_gate_load_unit_buff_rdata_genblk1_U_fifo_mem_mem_reg_177_       3.9900     0.0      0.0000      3.9900 0.0000 SNPS_CLOCK_GATE_HIGH_tinytpu_isa_gmem1_m_axi_CONSERVATIVE1_NUM_READ_OUTSTANDING16_NUM_WRITE_OUTSTANDING16_MAX_READ_BURST_LENGTH16_MAX_WRITE_BURST_LENGTH16_C_M_AXI_ID_WIDTH1_C_M_AXI_ADDR_WIDTH64_C_M_AXI_DATA_WIDTH32_C_M_AXI_AWUSER_WIDTH1_C_M_AXI_ARUSER_WIDTH1_C_M_AXI_WUSER_WIDTH1_C_M_AXI_RUSER_WIDTH1_C_M_AXI_BUSER_WIDTH1_C_USER_VALUE0_C_PROT_VALUE0_C_CACHE_VALUE3_USER_DW32_USER_AW64_USER_MAXREQS7_USER_RFIFONUM_WIDTH9_221
gmem1_m_axi_U/clk_gate_load_unit_buff_rdata_genblk1_U_fifo_mem_mem_reg_178_       3.9900     0.0      0.0000      3.9900 0.0000 SNPS_CLOCK_GATE_HIGH_tinytpu_isa_gmem1_m_axi_CONSERVATIVE1_NUM_READ_OUTSTANDING16_NUM_WRITE_OUTSTANDING16_MAX_READ_BURST_LENGTH16_MAX_WRITE_BURST_LENGTH16_C_M_AXI_ID_WIDTH1_C_M_AXI_ADDR_WIDTH64_C_M_AXI_DATA_WIDTH32_C_M_AXI_AWUSER_WIDTH1_C_M_AXI_ARUSER_WIDTH1_C_M_AXI_WUSER_WIDTH1_C_M_AXI_RUSER_WIDTH1_C_M_AXI_BUSER_WIDTH1_C_USER_VALUE0_C_PROT_VALUE0_C_CACHE_VALUE3_USER_DW32_USER_AW64_USER_MAXREQS7_USER_RFIFONUM_WIDTH9_222
gmem1_m_axi_U/clk_gate_load_unit_buff_rdata_genblk1_U_fifo_mem_mem_reg_179_       3.9900     0.0      0.0000      3.9900 0.0000 SNPS_CLOCK_GATE_HIGH_tinytpu_isa_gmem1_m_axi_CONSERVATIVE1_NUM_READ_OUTSTANDING16_NUM_WRITE_OUTSTANDING16_MAX_READ_BURST_LENGTH16_MAX_WRITE_BURST_LENGTH16_C_M_AXI_ID_WIDTH1_C_M_AXI_ADDR_WIDTH64_C_M_AXI_DATA_WIDTH32_C_M_AXI_AWUSER_WIDTH1_C_M_AXI_ARUSER_WIDTH1_C_M_AXI_WUSER_WIDTH1_C_M_AXI_RUSER_WIDTH1_C_M_AXI_BUSER_WIDTH1_C_USER_VALUE0_C_PROT_VALUE0_C_CACHE_VALUE3_USER_DW32_USER_AW64_USER_MAXREQS7_USER_RFIFONUM_WIDTH9_223
gmem1_m_axi_U/clk_gate_load_unit_buff_rdata_genblk1_U_fifo_mem_mem_reg_17_       3.9900     0.0      0.0000      3.9900 0.0000 SNPS_CLOCK_GATE_HIGH_tinytpu_isa_gmem1_m_axi_CONSERVATIVE1_NUM_READ_OUTSTANDING16_NUM_WRITE_OUTSTANDING16_MAX_READ_BURST_LENGTH16_MAX_WRITE_BURST_LENGTH16_C_M_AXI_ID_WIDTH1_C_M_AXI_ADDR_WIDTH64_C_M_AXI_DATA_WIDTH32_C_M_AXI_AWUSER_WIDTH1_C_M_AXI_ARUSER_WIDTH1_C_M_AXI_WUSER_WIDTH1_C_M_AXI_RUSER_WIDTH1_C_M_AXI_BUSER_WIDTH1_C_USER_VALUE0_C_PROT_VALUE0_C_CACHE_VALUE3_USER_DW32_USER_AW64_USER_MAXREQS7_USER_RFIFONUM_WIDTH9_61
gmem1_m_axi_U/clk_gate_load_unit_buff_rdata_genblk1_U_fifo_mem_mem_reg_180_       3.9900     0.0      0.0000      3.9900 0.0000 SNPS_CLOCK_GATE_HIGH_tinytpu_isa_gmem1_m_axi_CONSERVATIVE1_NUM_READ_OUTSTANDING16_NUM_WRITE_OUTSTANDING16_MAX_READ_BURST_LENGTH16_MAX_WRITE_BURST_LENGTH16_C_M_AXI_ID_WIDTH1_C_M_AXI_ADDR_WIDTH64_C_M_AXI_DATA_WIDTH32_C_M_AXI_AWUSER_WIDTH1_C_M_AXI_ARUSER_WIDTH1_C_M_AXI_WUSER_WIDTH1_C_M_AXI_RUSER_WIDTH1_C_M_AXI_BUSER_WIDTH1_C_USER_VALUE0_C_PROT_VALUE0_C_CACHE_VALUE3_USER_DW32_USER_AW64_USER_MAXREQS7_USER_RFIFONUM_WIDTH9_224
gmem1_m_axi_U/clk_gate_load_unit_buff_rdata_genblk1_U_fifo_mem_mem_reg_181_       3.9900     0.0      0.0000      3.9900 0.0000 SNPS_CLOCK_GATE_HIGH_tinytpu_isa_gmem1_m_axi_CONSERVATIVE1_NUM_READ_OUTSTANDING16_NUM_WRITE_OUTSTANDING16_MAX_READ_BURST_LENGTH16_MAX_WRITE_BURST_LENGTH16_C_M_AXI_ID_WIDTH1_C_M_AXI_ADDR_WIDTH64_C_M_AXI_DATA_WIDTH32_C_M_AXI_AWUSER_WIDTH1_C_M_AXI_ARUSER_WIDTH1_C_M_AXI_WUSER_WIDTH1_C_M_AXI_RUSER_WIDTH1_C_M_AXI_BUSER_WIDTH1_C_USER_VALUE0_C_PROT_VALUE0_C_CACHE_VALUE3_USER_DW32_USER_AW64_USER_MAXREQS7_USER_RFIFONUM_WIDTH9_225
gmem1_m_axi_U/clk_gate_load_unit_buff_rdata_genblk1_U_fifo_mem_mem_reg_182_       3.9900     0.0      0.0000      3.9900 0.0000 SNPS_CLOCK_GATE_HIGH_tinytpu_isa_gmem1_m_axi_CONSERVATIVE1_NUM_READ_OUTSTANDING16_NUM_WRITE_OUTSTANDING16_MAX_READ_BURST_LENGTH16_MAX_WRITE_BURST_LENGTH16_C_M_AXI_ID_WIDTH1_C_M_AXI_ADDR_WIDTH64_C_M_AXI_DATA_WIDTH32_C_M_AXI_AWUSER_WIDTH1_C_M_AXI_ARUSER_WIDTH1_C_M_AXI_WUSER_WIDTH1_C_M_AXI_RUSER_WIDTH1_C_M_AXI_BUSER_WIDTH1_C_USER_VALUE0_C_PROT_VALUE0_C_CACHE_VALUE3_USER_DW32_USER_AW64_USER_MAXREQS7_USER_RFIFONUM_WIDTH9_226
gmem1_m_axi_U/clk_gate_load_unit_buff_rdata_genblk1_U_fifo_mem_mem_reg_183_       3.9900     0.0      0.0000      3.9900 0.0000 SNPS_CLOCK_GATE_HIGH_tinytpu_isa_gmem1_m_axi_CONSERVATIVE1_NUM_READ_OUTSTANDING16_NUM_WRITE_OUTSTANDING16_MAX_READ_BURST_LENGTH16_MAX_WRITE_BURST_LENGTH16_C_M_AXI_ID_WIDTH1_C_M_AXI_ADDR_WIDTH64_C_M_AXI_DATA_WIDTH32_C_M_AXI_AWUSER_WIDTH1_C_M_AXI_ARUSER_WIDTH1_C_M_AXI_WUSER_WIDTH1_C_M_AXI_RUSER_WIDTH1_C_M_AXI_BUSER_WIDTH1_C_USER_VALUE0_C_PROT_VALUE0_C_CACHE_VALUE3_USER_DW32_USER_AW64_USER_MAXREQS7_USER_RFIFONUM_WIDTH9_227
gmem1_m_axi_U/clk_gate_load_unit_buff_rdata_genblk1_U_fifo_mem_mem_reg_184_       3.9900     0.0      0.0000      3.9900 0.0000 SNPS_CLOCK_GATE_HIGH_tinytpu_isa_gmem1_m_axi_CONSERVATIVE1_NUM_READ_OUTSTANDING16_NUM_WRITE_OUTSTANDING16_MAX_READ_BURST_LENGTH16_MAX_WRITE_BURST_LENGTH16_C_M_AXI_ID_WIDTH1_C_M_AXI_ADDR_WIDTH64_C_M_AXI_DATA_WIDTH32_C_M_AXI_AWUSER_WIDTH1_C_M_AXI_ARUSER_WIDTH1_C_M_AXI_WUSER_WIDTH1_C_M_AXI_RUSER_WIDTH1_C_M_AXI_BUSER_WIDTH1_C_USER_VALUE0_C_PROT_VALUE0_C_CACHE_VALUE3_USER_DW32_USER_AW64_USER_MAXREQS7_USER_RFIFONUM_WIDTH9_228
gmem1_m_axi_U/clk_gate_load_unit_buff_rdata_genblk1_U_fifo_mem_mem_reg_185_       3.9900     0.0      0.0000      3.9900 0.0000 SNPS_CLOCK_GATE_HIGH_tinytpu_isa_gmem1_m_axi_CONSERVATIVE1_NUM_READ_OUTSTANDING16_NUM_WRITE_OUTSTANDING16_MAX_READ_BURST_LENGTH16_MAX_WRITE_BURST_LENGTH16_C_M_AXI_ID_WIDTH1_C_M_AXI_ADDR_WIDTH64_C_M_AXI_DATA_WIDTH32_C_M_AXI_AWUSER_WIDTH1_C_M_AXI_ARUSER_WIDTH1_C_M_AXI_WUSER_WIDTH1_C_M_AXI_RUSER_WIDTH1_C_M_AXI_BUSER_WIDTH1_C_USER_VALUE0_C_PROT_VALUE0_C_CACHE_VALUE3_USER_DW32_USER_AW64_USER_MAXREQS7_USER_RFIFONUM_WIDTH9_229
gmem1_m_axi_U/clk_gate_load_unit_buff_rdata_genblk1_U_fifo_mem_mem_reg_186_       3.9900     0.0      0.0000      3.9900 0.0000 SNPS_CLOCK_GATE_HIGH_tinytpu_isa_gmem1_m_axi_CONSERVATIVE1_NUM_READ_OUTSTANDING16_NUM_WRITE_OUTSTANDING16_MAX_READ_BURST_LENGTH16_MAX_WRITE_BURST_LENGTH16_C_M_AXI_ID_WIDTH1_C_M_AXI_ADDR_WIDTH64_C_M_AXI_DATA_WIDTH32_C_M_AXI_AWUSER_WIDTH1_C_M_AXI_ARUSER_WIDTH1_C_M_AXI_WUSER_WIDTH1_C_M_AXI_RUSER_WIDTH1_C_M_AXI_BUSER_WIDTH1_C_USER_VALUE0_C_PROT_VALUE0_C_CACHE_VALUE3_USER_DW32_USER_AW64_USER_MAXREQS7_USER_RFIFONUM_WIDTH9_230
gmem1_m_axi_U/clk_gate_load_unit_buff_rdata_genblk1_U_fifo_mem_mem_reg_187_       3.9900     0.0      0.0000      3.9900 0.0000 SNPS_CLOCK_GATE_HIGH_tinytpu_isa_gmem1_m_axi_CONSERVATIVE1_NUM_READ_OUTSTANDING16_NUM_WRITE_OUTSTANDING16_MAX_READ_BURST_LENGTH16_MAX_WRITE_BURST_LENGTH16_C_M_AXI_ID_WIDTH1_C_M_AXI_ADDR_WIDTH64_C_M_AXI_DATA_WIDTH32_C_M_AXI_AWUSER_WIDTH1_C_M_AXI_ARUSER_WIDTH1_C_M_AXI_WUSER_WIDTH1_C_M_AXI_RUSER_WIDTH1_C_M_AXI_BUSER_WIDTH1_C_USER_VALUE0_C_PROT_VALUE0_C_CACHE_VALUE3_USER_DW32_USER_AW64_USER_MAXREQS7_USER_RFIFONUM_WIDTH9_231
gmem1_m_axi_U/clk_gate_load_unit_buff_rdata_genblk1_U_fifo_mem_mem_reg_188_       3.9900     0.0      0.0000      3.9900 0.0000 SNPS_CLOCK_GATE_HIGH_tinytpu_isa_gmem1_m_axi_CONSERVATIVE1_NUM_READ_OUTSTANDING16_NUM_WRITE_OUTSTANDING16_MAX_READ_BURST_LENGTH16_MAX_WRITE_BURST_LENGTH16_C_M_AXI_ID_WIDTH1_C_M_AXI_ADDR_WIDTH64_C_M_AXI_DATA_WIDTH32_C_M_AXI_AWUSER_WIDTH1_C_M_AXI_ARUSER_WIDTH1_C_M_AXI_WUSER_WIDTH1_C_M_AXI_RUSER_WIDTH1_C_M_AXI_BUSER_WIDTH1_C_USER_VALUE0_C_PROT_VALUE0_C_CACHE_VALUE3_USER_DW32_USER_AW64_USER_MAXREQS7_USER_RFIFONUM_WIDTH9_232
gmem1_m_axi_U/clk_gate_load_unit_buff_rdata_genblk1_U_fifo_mem_mem_reg_189_       3.9900     0.0      0.0000      3.9900 0.0000 SNPS_CLOCK_GATE_HIGH_tinytpu_isa_gmem1_m_axi_CONSERVATIVE1_NUM_READ_OUTSTANDING16_NUM_WRITE_OUTSTANDING16_MAX_READ_BURST_LENGTH16_MAX_WRITE_BURST_LENGTH16_C_M_AXI_ID_WIDTH1_C_M_AXI_ADDR_WIDTH64_C_M_AXI_DATA_WIDTH32_C_M_AXI_AWUSER_WIDTH1_C_M_AXI_ARUSER_WIDTH1_C_M_AXI_WUSER_WIDTH1_C_M_AXI_RUSER_WIDTH1_C_M_AXI_BUSER_WIDTH1_C_USER_VALUE0_C_PROT_VALUE0_C_CACHE_VALUE3_USER_DW32_USER_AW64_USER_MAXREQS7_USER_RFIFONUM_WIDTH9_233
gmem1_m_axi_U/clk_gate_load_unit_buff_rdata_genblk1_U_fifo_mem_mem_reg_18_       3.9900     0.0      0.0000      3.9900 0.0000 SNPS_CLOCK_GATE_HIGH_tinytpu_isa_gmem1_m_axi_CONSERVATIVE1_NUM_READ_OUTSTANDING16_NUM_WRITE_OUTSTANDING16_MAX_READ_BURST_LENGTH16_MAX_WRITE_BURST_LENGTH16_C_M_AXI_ID_WIDTH1_C_M_AXI_ADDR_WIDTH64_C_M_AXI_DATA_WIDTH32_C_M_AXI_AWUSER_WIDTH1_C_M_AXI_ARUSER_WIDTH1_C_M_AXI_WUSER_WIDTH1_C_M_AXI_RUSER_WIDTH1_C_M_AXI_BUSER_WIDTH1_C_USER_VALUE0_C_PROT_VALUE0_C_CACHE_VALUE3_USER_DW32_USER_AW64_USER_MAXREQS7_USER_RFIFONUM_WIDTH9_62
gmem1_m_axi_U/clk_gate_load_unit_buff_rdata_genblk1_U_fifo_mem_mem_reg_190_       3.9900     0.0      0.0000      3.9900 0.0000 SNPS_CLOCK_GATE_HIGH_tinytpu_isa_gmem1_m_axi_CONSERVATIVE1_NUM_READ_OUTSTANDING16_NUM_WRITE_OUTSTANDING16_MAX_READ_BURST_LENGTH16_MAX_WRITE_BURST_LENGTH16_C_M_AXI_ID_WIDTH1_C_M_AXI_ADDR_WIDTH64_C_M_AXI_DATA_WIDTH32_C_M_AXI_AWUSER_WIDTH1_C_M_AXI_ARUSER_WIDTH1_C_M_AXI_WUSER_WIDTH1_C_M_AXI_RUSER_WIDTH1_C_M_AXI_BUSER_WIDTH1_C_USER_VALUE0_C_PROT_VALUE0_C_CACHE_VALUE3_USER_DW32_USER_AW64_USER_MAXREQS7_USER_RFIFONUM_WIDTH9_234
gmem1_m_axi_U/clk_gate_load_unit_buff_rdata_genblk1_U_fifo_mem_mem_reg_191_       3.9900     0.0      0.0000      3.9900 0.0000 SNPS_CLOCK_GATE_HIGH_tinytpu_isa_gmem1_m_axi_CONSERVATIVE1_NUM_READ_OUTSTANDING16_NUM_WRITE_OUTSTANDING16_MAX_READ_BURST_LENGTH16_MAX_WRITE_BURST_LENGTH16_C_M_AXI_ID_WIDTH1_C_M_AXI_ADDR_WIDTH64_C_M_AXI_DATA_WIDTH32_C_M_AXI_AWUSER_WIDTH1_C_M_AXI_ARUSER_WIDTH1_C_M_AXI_WUSER_WIDTH1_C_M_AXI_RUSER_WIDTH1_C_M_AXI_BUSER_WIDTH1_C_USER_VALUE0_C_PROT_VALUE0_C_CACHE_VALUE3_USER_DW32_USER_AW64_USER_MAXREQS7_USER_RFIFONUM_WIDTH9_235
gmem1_m_axi_U/clk_gate_load_unit_buff_rdata_genblk1_U_fifo_mem_mem_reg_192_       3.9900     0.0      0.0000      3.9900 0.0000 SNPS_CLOCK_GATE_HIGH_tinytpu_isa_gmem1_m_axi_CONSERVATIVE1_NUM_READ_OUTSTANDING16_NUM_WRITE_OUTSTANDING16_MAX_READ_BURST_LENGTH16_MAX_WRITE_BURST_LENGTH16_C_M_AXI_ID_WIDTH1_C_M_AXI_ADDR_WIDTH64_C_M_AXI_DATA_WIDTH32_C_M_AXI_AWUSER_WIDTH1_C_M_AXI_ARUSER_WIDTH1_C_M_AXI_WUSER_WIDTH1_C_M_AXI_RUSER_WIDTH1_C_M_AXI_BUSER_WIDTH1_C_USER_VALUE0_C_PROT_VALUE0_C_CACHE_VALUE3_USER_DW32_USER_AW64_USER_MAXREQS7_USER_RFIFONUM_WIDTH9_236
gmem1_m_axi_U/clk_gate_load_unit_buff_rdata_genblk1_U_fifo_mem_mem_reg_193_       3.9900     0.0      0.0000      3.9900 0.0000 SNPS_CLOCK_GATE_HIGH_tinytpu_isa_gmem1_m_axi_CONSERVATIVE1_NUM_READ_OUTSTANDING16_NUM_WRITE_OUTSTANDING16_MAX_READ_BURST_LENGTH16_MAX_WRITE_BURST_LENGTH16_C_M_AXI_ID_WIDTH1_C_M_AXI_ADDR_WIDTH64_C_M_AXI_DATA_WIDTH32_C_M_AXI_AWUSER_WIDTH1_C_M_AXI_ARUSER_WIDTH1_C_M_AXI_WUSER_WIDTH1_C_M_AXI_RUSER_WIDTH1_C_M_AXI_BUSER_WIDTH1_C_USER_VALUE0_C_PROT_VALUE0_C_CACHE_VALUE3_USER_DW32_USER_AW64_USER_MAXREQS7_USER_RFIFONUM_WIDTH9_237
gmem1_m_axi_U/clk_gate_load_unit_buff_rdata_genblk1_U_fifo_mem_mem_reg_194_       3.9900     0.0      0.0000      3.9900 0.0000 SNPS_CLOCK_GATE_HIGH_tinytpu_isa_gmem1_m_axi_CONSERVATIVE1_NUM_READ_OUTSTANDING16_NUM_WRITE_OUTSTANDING16_MAX_READ_BURST_LENGTH16_MAX_WRITE_BURST_LENGTH16_C_M_AXI_ID_WIDTH1_C_M_AXI_ADDR_WIDTH64_C_M_AXI_DATA_WIDTH32_C_M_AXI_AWUSER_WIDTH1_C_M_AXI_ARUSER_WIDTH1_C_M_AXI_WUSER_WIDTH1_C_M_AXI_RUSER_WIDTH1_C_M_AXI_BUSER_WIDTH1_C_USER_VALUE0_C_PROT_VALUE0_C_CACHE_VALUE3_USER_DW32_USER_AW64_USER_MAXREQS7_USER_RFIFONUM_WIDTH9_238
gmem1_m_axi_U/clk_gate_load_unit_buff_rdata_genblk1_U_fifo_mem_mem_reg_195_       3.9900     0.0      0.0000      3.9900 0.0000 SNPS_CLOCK_GATE_HIGH_tinytpu_isa_gmem1_m_axi_CONSERVATIVE1_NUM_READ_OUTSTANDING16_NUM_WRITE_OUTSTANDING16_MAX_READ_BURST_LENGTH16_MAX_WRITE_BURST_LENGTH16_C_M_AXI_ID_WIDTH1_C_M_AXI_ADDR_WIDTH64_C_M_AXI_DATA_WIDTH32_C_M_AXI_AWUSER_WIDTH1_C_M_AXI_ARUSER_WIDTH1_C_M_AXI_WUSER_WIDTH1_C_M_AXI_RUSER_WIDTH1_C_M_AXI_BUSER_WIDTH1_C_USER_VALUE0_C_PROT_VALUE0_C_CACHE_VALUE3_USER_DW32_USER_AW64_USER_MAXREQS7_USER_RFIFONUM_WIDTH9_239
gmem1_m_axi_U/clk_gate_load_unit_buff_rdata_genblk1_U_fifo_mem_mem_reg_196_       3.9900     0.0      0.0000      3.9900 0.0000 SNPS_CLOCK_GATE_HIGH_tinytpu_isa_gmem1_m_axi_CONSERVATIVE1_NUM_READ_OUTSTANDING16_NUM_WRITE_OUTSTANDING16_MAX_READ_BURST_LENGTH16_MAX_WRITE_BURST_LENGTH16_C_M_AXI_ID_WIDTH1_C_M_AXI_ADDR_WIDTH64_C_M_AXI_DATA_WIDTH32_C_M_AXI_AWUSER_WIDTH1_C_M_AXI_ARUSER_WIDTH1_C_M_AXI_WUSER_WIDTH1_C_M_AXI_RUSER_WIDTH1_C_M_AXI_BUSER_WIDTH1_C_USER_VALUE0_C_PROT_VALUE0_C_CACHE_VALUE3_USER_DW32_USER_AW64_USER_MAXREQS7_USER_RFIFONUM_WIDTH9_240
gmem1_m_axi_U/clk_gate_load_unit_buff_rdata_genblk1_U_fifo_mem_mem_reg_197_       3.9900     0.0      0.0000      3.9900 0.0000 SNPS_CLOCK_GATE_HIGH_tinytpu_isa_gmem1_m_axi_CONSERVATIVE1_NUM_READ_OUTSTANDING16_NUM_WRITE_OUTSTANDING16_MAX_READ_BURST_LENGTH16_MAX_WRITE_BURST_LENGTH16_C_M_AXI_ID_WIDTH1_C_M_AXI_ADDR_WIDTH64_C_M_AXI_DATA_WIDTH32_C_M_AXI_AWUSER_WIDTH1_C_M_AXI_ARUSER_WIDTH1_C_M_AXI_WUSER_WIDTH1_C_M_AXI_RUSER_WIDTH1_C_M_AXI_BUSER_WIDTH1_C_USER_VALUE0_C_PROT_VALUE0_C_CACHE_VALUE3_USER_DW32_USER_AW64_USER_MAXREQS7_USER_RFIFONUM_WIDTH9_241
gmem1_m_axi_U/clk_gate_load_unit_buff_rdata_genblk1_U_fifo_mem_mem_reg_198_       3.9900     0.0      0.0000      3.9900 0.0000 SNPS_CLOCK_GATE_HIGH_tinytpu_isa_gmem1_m_axi_CONSERVATIVE1_NUM_READ_OUTSTANDING16_NUM_WRITE_OUTSTANDING16_MAX_READ_BURST_LENGTH16_MAX_WRITE_BURST_LENGTH16_C_M_AXI_ID_WIDTH1_C_M_AXI_ADDR_WIDTH64_C_M_AXI_DATA_WIDTH32_C_M_AXI_AWUSER_WIDTH1_C_M_AXI_ARUSER_WIDTH1_C_M_AXI_WUSER_WIDTH1_C_M_AXI_RUSER_WIDTH1_C_M_AXI_BUSER_WIDTH1_C_USER_VALUE0_C_PROT_VALUE0_C_CACHE_VALUE3_USER_DW32_USER_AW64_USER_MAXREQS7_USER_RFIFONUM_WIDTH9_242
gmem1_m_axi_U/clk_gate_load_unit_buff_rdata_genblk1_U_fifo_mem_mem_reg_199_       3.9900     0.0      0.0000      3.9900 0.0000 SNPS_CLOCK_GATE_HIGH_tinytpu_isa_gmem1_m_axi_CONSERVATIVE1_NUM_READ_OUTSTANDING16_NUM_WRITE_OUTSTANDING16_MAX_READ_BURST_LENGTH16_MAX_WRITE_BURST_LENGTH16_C_M_AXI_ID_WIDTH1_C_M_AXI_ADDR_WIDTH64_C_M_AXI_DATA_WIDTH32_C_M_AXI_AWUSER_WIDTH1_C_M_AXI_ARUSER_WIDTH1_C_M_AXI_WUSER_WIDTH1_C_M_AXI_RUSER_WIDTH1_C_M_AXI_BUSER_WIDTH1_C_USER_VALUE0_C_PROT_VALUE0_C_CACHE_VALUE3_USER_DW32_USER_AW64_USER_MAXREQS7_USER_RFIFONUM_WIDTH9_243
gmem1_m_axi_U/clk_gate_load_unit_buff_rdata_genblk1_U_fifo_mem_mem_reg_19_       3.9900     0.0      0.0000      3.9900 0.0000 SNPS_CLOCK_GATE_HIGH_tinytpu_isa_gmem1_m_axi_CONSERVATIVE1_NUM_READ_OUTSTANDING16_NUM_WRITE_OUTSTANDING16_MAX_READ_BURST_LENGTH16_MAX_WRITE_BURST_LENGTH16_C_M_AXI_ID_WIDTH1_C_M_AXI_ADDR_WIDTH64_C_M_AXI_DATA_WIDTH32_C_M_AXI_AWUSER_WIDTH1_C_M_AXI_ARUSER_WIDTH1_C_M_AXI_WUSER_WIDTH1_C_M_AXI_RUSER_WIDTH1_C_M_AXI_BUSER_WIDTH1_C_USER_VALUE0_C_PROT_VALUE0_C_CACHE_VALUE3_USER_DW32_USER_AW64_USER_MAXREQS7_USER_RFIFONUM_WIDTH9_63
gmem1_m_axi_U/clk_gate_load_unit_buff_rdata_genblk1_U_fifo_mem_mem_reg_1_       3.9900     0.0      0.0000      3.9900 0.0000 SNPS_CLOCK_GATE_HIGH_tinytpu_isa_gmem1_m_axi_CONSERVATIVE1_NUM_READ_OUTSTANDING16_NUM_WRITE_OUTSTANDING16_MAX_READ_BURST_LENGTH16_MAX_WRITE_BURST_LENGTH16_C_M_AXI_ID_WIDTH1_C_M_AXI_ADDR_WIDTH64_C_M_AXI_DATA_WIDTH32_C_M_AXI_AWUSER_WIDTH1_C_M_AXI_ARUSER_WIDTH1_C_M_AXI_WUSER_WIDTH1_C_M_AXI_RUSER_WIDTH1_C_M_AXI_BUSER_WIDTH1_C_USER_VALUE0_C_PROT_VALUE0_C_CACHE_VALUE3_USER_DW32_USER_AW64_USER_MAXREQS7_USER_RFIFONUM_WIDTH9_45
gmem1_m_axi_U/clk_gate_load_unit_buff_rdata_genblk1_U_fifo_mem_mem_reg_200_       3.9900     0.0      0.0000      3.9900 0.0000 SNPS_CLOCK_GATE_HIGH_tinytpu_isa_gmem1_m_axi_CONSERVATIVE1_NUM_READ_OUTSTANDING16_NUM_WRITE_OUTSTANDING16_MAX_READ_BURST_LENGTH16_MAX_WRITE_BURST_LENGTH16_C_M_AXI_ID_WIDTH1_C_M_AXI_ADDR_WIDTH64_C_M_AXI_DATA_WIDTH32_C_M_AXI_AWUSER_WIDTH1_C_M_AXI_ARUSER_WIDTH1_C_M_AXI_WUSER_WIDTH1_C_M_AXI_RUSER_WIDTH1_C_M_AXI_BUSER_WIDTH1_C_USER_VALUE0_C_PROT_VALUE0_C_CACHE_VALUE3_USER_DW32_USER_AW64_USER_MAXREQS7_USER_RFIFONUM_WIDTH9_244
gmem1_m_axi_U/clk_gate_load_unit_buff_rdata_genblk1_U_fifo_mem_mem_reg_201_       3.9900     0.0      0.0000      3.9900 0.0000 SNPS_CLOCK_GATE_HIGH_tinytpu_isa_gmem1_m_axi_CONSERVATIVE1_NUM_READ_OUTSTANDING16_NUM_WRITE_OUTSTANDING16_MAX_READ_BURST_LENGTH16_MAX_WRITE_BURST_LENGTH16_C_M_AXI_ID_WIDTH1_C_M_AXI_ADDR_WIDTH64_C_M_AXI_DATA_WIDTH32_C_M_AXI_AWUSER_WIDTH1_C_M_AXI_ARUSER_WIDTH1_C_M_AXI_WUSER_WIDTH1_C_M_AXI_RUSER_WIDTH1_C_M_AXI_BUSER_WIDTH1_C_USER_VALUE0_C_PROT_VALUE0_C_CACHE_VALUE3_USER_DW32_USER_AW64_USER_MAXREQS7_USER_RFIFONUM_WIDTH9_245
gmem1_m_axi_U/clk_gate_load_unit_buff_rdata_genblk1_U_fifo_mem_mem_reg_202_       3.9900     0.0      0.0000      3.9900 0.0000 SNPS_CLOCK_GATE_HIGH_tinytpu_isa_gmem1_m_axi_CONSERVATIVE1_NUM_READ_OUTSTANDING16_NUM_WRITE_OUTSTANDING16_MAX_READ_BURST_LENGTH16_MAX_WRITE_BURST_LENGTH16_C_M_AXI_ID_WIDTH1_C_M_AXI_ADDR_WIDTH64_C_M_AXI_DATA_WIDTH32_C_M_AXI_AWUSER_WIDTH1_C_M_AXI_ARUSER_WIDTH1_C_M_AXI_WUSER_WIDTH1_C_M_AXI_RUSER_WIDTH1_C_M_AXI_BUSER_WIDTH1_C_USER_VALUE0_C_PROT_VALUE0_C_CACHE_VALUE3_USER_DW32_USER_AW64_USER_MAXREQS7_USER_RFIFONUM_WIDTH9_246
gmem1_m_axi_U/clk_gate_load_unit_buff_rdata_genblk1_U_fifo_mem_mem_reg_203_       3.9900     0.0      0.0000      3.9900 0.0000 SNPS_CLOCK_GATE_HIGH_tinytpu_isa_gmem1_m_axi_CONSERVATIVE1_NUM_READ_OUTSTANDING16_NUM_WRITE_OUTSTANDING16_MAX_READ_BURST_LENGTH16_MAX_WRITE_BURST_LENGTH16_C_M_AXI_ID_WIDTH1_C_M_AXI_ADDR_WIDTH64_C_M_AXI_DATA_WIDTH32_C_M_AXI_AWUSER_WIDTH1_C_M_AXI_ARUSER_WIDTH1_C_M_AXI_WUSER_WIDTH1_C_M_AXI_RUSER_WIDTH1_C_M_AXI_BUSER_WIDTH1_C_USER_VALUE0_C_PROT_VALUE0_C_CACHE_VALUE3_USER_DW32_USER_AW64_USER_MAXREQS7_USER_RFIFONUM_WIDTH9_247
gmem1_m_axi_U/clk_gate_load_unit_buff_rdata_genblk1_U_fifo_mem_mem_reg_204_       3.9900     0.0      0.0000      3.9900 0.0000 SNPS_CLOCK_GATE_HIGH_tinytpu_isa_gmem1_m_axi_CONSERVATIVE1_NUM_READ_OUTSTANDING16_NUM_WRITE_OUTSTANDING16_MAX_READ_BURST_LENGTH16_MAX_WRITE_BURST_LENGTH16_C_M_AXI_ID_WIDTH1_C_M_AXI_ADDR_WIDTH64_C_M_AXI_DATA_WIDTH32_C_M_AXI_AWUSER_WIDTH1_C_M_AXI_ARUSER_WIDTH1_C_M_AXI_WUSER_WIDTH1_C_M_AXI_RUSER_WIDTH1_C_M_AXI_BUSER_WIDTH1_C_USER_VALUE0_C_PROT_VALUE0_C_CACHE_VALUE3_USER_DW32_USER_AW64_USER_MAXREQS7_USER_RFIFONUM_WIDTH9_248
gmem1_m_axi_U/clk_gate_load_unit_buff_rdata_genblk1_U_fifo_mem_mem_reg_205_       3.9900     0.0      0.0000      3.9900 0.0000 SNPS_CLOCK_GATE_HIGH_tinytpu_isa_gmem1_m_axi_CONSERVATIVE1_NUM_READ_OUTSTANDING16_NUM_WRITE_OUTSTANDING16_MAX_READ_BURST_LENGTH16_MAX_WRITE_BURST_LENGTH16_C_M_AXI_ID_WIDTH1_C_M_AXI_ADDR_WIDTH64_C_M_AXI_DATA_WIDTH32_C_M_AXI_AWUSER_WIDTH1_C_M_AXI_ARUSER_WIDTH1_C_M_AXI_WUSER_WIDTH1_C_M_AXI_RUSER_WIDTH1_C_M_AXI_BUSER_WIDTH1_C_USER_VALUE0_C_PROT_VALUE0_C_CACHE_VALUE3_USER_DW32_USER_AW64_USER_MAXREQS7_USER_RFIFONUM_WIDTH9_249
gmem1_m_axi_U/clk_gate_load_unit_buff_rdata_genblk1_U_fifo_mem_mem_reg_206_       3.9900     0.0      0.0000      3.9900 0.0000 SNPS_CLOCK_GATE_HIGH_tinytpu_isa_gmem1_m_axi_CONSERVATIVE1_NUM_READ_OUTSTANDING16_NUM_WRITE_OUTSTANDING16_MAX_READ_BURST_LENGTH16_MAX_WRITE_BURST_LENGTH16_C_M_AXI_ID_WIDTH1_C_M_AXI_ADDR_WIDTH64_C_M_AXI_DATA_WIDTH32_C_M_AXI_AWUSER_WIDTH1_C_M_AXI_ARUSER_WIDTH1_C_M_AXI_WUSER_WIDTH1_C_M_AXI_RUSER_WIDTH1_C_M_AXI_BUSER_WIDTH1_C_USER_VALUE0_C_PROT_VALUE0_C_CACHE_VALUE3_USER_DW32_USER_AW64_USER_MAXREQS7_USER_RFIFONUM_WIDTH9_250
gmem1_m_axi_U/clk_gate_load_unit_buff_rdata_genblk1_U_fifo_mem_mem_reg_207_       3.9900     0.0      0.0000      3.9900 0.0000 SNPS_CLOCK_GATE_HIGH_tinytpu_isa_gmem1_m_axi_CONSERVATIVE1_NUM_READ_OUTSTANDING16_NUM_WRITE_OUTSTANDING16_MAX_READ_BURST_LENGTH16_MAX_WRITE_BURST_LENGTH16_C_M_AXI_ID_WIDTH1_C_M_AXI_ADDR_WIDTH64_C_M_AXI_DATA_WIDTH32_C_M_AXI_AWUSER_WIDTH1_C_M_AXI_ARUSER_WIDTH1_C_M_AXI_WUSER_WIDTH1_C_M_AXI_RUSER_WIDTH1_C_M_AXI_BUSER_WIDTH1_C_USER_VALUE0_C_PROT_VALUE0_C_CACHE_VALUE3_USER_DW32_USER_AW64_USER_MAXREQS7_USER_RFIFONUM_WIDTH9_251
gmem1_m_axi_U/clk_gate_load_unit_buff_rdata_genblk1_U_fifo_mem_mem_reg_208_       3.9900     0.0      0.0000      3.9900 0.0000 SNPS_CLOCK_GATE_HIGH_tinytpu_isa_gmem1_m_axi_CONSERVATIVE1_NUM_READ_OUTSTANDING16_NUM_WRITE_OUTSTANDING16_MAX_READ_BURST_LENGTH16_MAX_WRITE_BURST_LENGTH16_C_M_AXI_ID_WIDTH1_C_M_AXI_ADDR_WIDTH64_C_M_AXI_DATA_WIDTH32_C_M_AXI_AWUSER_WIDTH1_C_M_AXI_ARUSER_WIDTH1_C_M_AXI_WUSER_WIDTH1_C_M_AXI_RUSER_WIDTH1_C_M_AXI_BUSER_WIDTH1_C_USER_VALUE0_C_PROT_VALUE0_C_CACHE_VALUE3_USER_DW32_USER_AW64_USER_MAXREQS7_USER_RFIFONUM_WIDTH9_252
gmem1_m_axi_U/clk_gate_load_unit_buff_rdata_genblk1_U_fifo_mem_mem_reg_209_       3.9900     0.0      0.0000      3.9900 0.0000 SNPS_CLOCK_GATE_HIGH_tinytpu_isa_gmem1_m_axi_CONSERVATIVE1_NUM_READ_OUTSTANDING16_NUM_WRITE_OUTSTANDING16_MAX_READ_BURST_LENGTH16_MAX_WRITE_BURST_LENGTH16_C_M_AXI_ID_WIDTH1_C_M_AXI_ADDR_WIDTH64_C_M_AXI_DATA_WIDTH32_C_M_AXI_AWUSER_WIDTH1_C_M_AXI_ARUSER_WIDTH1_C_M_AXI_WUSER_WIDTH1_C_M_AXI_RUSER_WIDTH1_C_M_AXI_BUSER_WIDTH1_C_USER_VALUE0_C_PROT_VALUE0_C_CACHE_VALUE3_USER_DW32_USER_AW64_USER_MAXREQS7_USER_RFIFONUM_WIDTH9_253
gmem1_m_axi_U/clk_gate_load_unit_buff_rdata_genblk1_U_fifo_mem_mem_reg_20_       3.9900     0.0      0.0000      3.9900 0.0000 SNPS_CLOCK_GATE_HIGH_tinytpu_isa_gmem1_m_axi_CONSERVATIVE1_NUM_READ_OUTSTANDING16_NUM_WRITE_OUTSTANDING16_MAX_READ_BURST_LENGTH16_MAX_WRITE_BURST_LENGTH16_C_M_AXI_ID_WIDTH1_C_M_AXI_ADDR_WIDTH64_C_M_AXI_DATA_WIDTH32_C_M_AXI_AWUSER_WIDTH1_C_M_AXI_ARUSER_WIDTH1_C_M_AXI_WUSER_WIDTH1_C_M_AXI_RUSER_WIDTH1_C_M_AXI_BUSER_WIDTH1_C_USER_VALUE0_C_PROT_VALUE0_C_CACHE_VALUE3_USER_DW32_USER_AW64_USER_MAXREQS7_USER_RFIFONUM_WIDTH9_64
gmem1_m_axi_U/clk_gate_load_unit_buff_rdata_genblk1_U_fifo_mem_mem_reg_210_       3.9900     0.0      0.0000      3.9900 0.0000 SNPS_CLOCK_GATE_HIGH_tinytpu_isa_gmem1_m_axi_CONSERVATIVE1_NUM_READ_OUTSTANDING16_NUM_WRITE_OUTSTANDING16_MAX_READ_BURST_LENGTH16_MAX_WRITE_BURST_LENGTH16_C_M_AXI_ID_WIDTH1_C_M_AXI_ADDR_WIDTH64_C_M_AXI_DATA_WIDTH32_C_M_AXI_AWUSER_WIDTH1_C_M_AXI_ARUSER_WIDTH1_C_M_AXI_WUSER_WIDTH1_C_M_AXI_RUSER_WIDTH1_C_M_AXI_BUSER_WIDTH1_C_USER_VALUE0_C_PROT_VALUE0_C_CACHE_VALUE3_USER_DW32_USER_AW64_USER_MAXREQS7_USER_RFIFONUM_WIDTH9_254
gmem1_m_axi_U/clk_gate_load_unit_buff_rdata_genblk1_U_fifo_mem_mem_reg_211_       3.9900     0.0      0.0000      3.9900 0.0000 SNPS_CLOCK_GATE_HIGH_tinytpu_isa_gmem1_m_axi_CONSERVATIVE1_NUM_READ_OUTSTANDING16_NUM_WRITE_OUTSTANDING16_MAX_READ_BURST_LENGTH16_MAX_WRITE_BURST_LENGTH16_C_M_AXI_ID_WIDTH1_C_M_AXI_ADDR_WIDTH64_C_M_AXI_DATA_WIDTH32_C_M_AXI_AWUSER_WIDTH1_C_M_AXI_ARUSER_WIDTH1_C_M_AXI_WUSER_WIDTH1_C_M_AXI_RUSER_WIDTH1_C_M_AXI_BUSER_WIDTH1_C_USER_VALUE0_C_PROT_VALUE0_C_CACHE_VALUE3_USER_DW32_USER_AW64_USER_MAXREQS7_USER_RFIFONUM_WIDTH9_255
gmem1_m_axi_U/clk_gate_load_unit_buff_rdata_genblk1_U_fifo_mem_mem_reg_212_       3.9900     0.0      0.0000      3.9900 0.0000 SNPS_CLOCK_GATE_HIGH_tinytpu_isa_gmem1_m_axi_CONSERVATIVE1_NUM_READ_OUTSTANDING16_NUM_WRITE_OUTSTANDING16_MAX_READ_BURST_LENGTH16_MAX_WRITE_BURST_LENGTH16_C_M_AXI_ID_WIDTH1_C_M_AXI_ADDR_WIDTH64_C_M_AXI_DATA_WIDTH32_C_M_AXI_AWUSER_WIDTH1_C_M_AXI_ARUSER_WIDTH1_C_M_AXI_WUSER_WIDTH1_C_M_AXI_RUSER_WIDTH1_C_M_AXI_BUSER_WIDTH1_C_USER_VALUE0_C_PROT_VALUE0_C_CACHE_VALUE3_USER_DW32_USER_AW64_USER_MAXREQS7_USER_RFIFONUM_WIDTH9_256
gmem1_m_axi_U/clk_gate_load_unit_buff_rdata_genblk1_U_fifo_mem_mem_reg_213_       3.9900     0.0      0.0000      3.9900 0.0000 SNPS_CLOCK_GATE_HIGH_tinytpu_isa_gmem1_m_axi_CONSERVATIVE1_NUM_READ_OUTSTANDING16_NUM_WRITE_OUTSTANDING16_MAX_READ_BURST_LENGTH16_MAX_WRITE_BURST_LENGTH16_C_M_AXI_ID_WIDTH1_C_M_AXI_ADDR_WIDTH64_C_M_AXI_DATA_WIDTH32_C_M_AXI_AWUSER_WIDTH1_C_M_AXI_ARUSER_WIDTH1_C_M_AXI_WUSER_WIDTH1_C_M_AXI_RUSER_WIDTH1_C_M_AXI_BUSER_WIDTH1_C_USER_VALUE0_C_PROT_VALUE0_C_CACHE_VALUE3_USER_DW32_USER_AW64_USER_MAXREQS7_USER_RFIFONUM_WIDTH9_257
gmem1_m_axi_U/clk_gate_load_unit_buff_rdata_genblk1_U_fifo_mem_mem_reg_214_       3.9900     0.0      0.0000      3.9900 0.0000 SNPS_CLOCK_GATE_HIGH_tinytpu_isa_gmem1_m_axi_CONSERVATIVE1_NUM_READ_OUTSTANDING16_NUM_WRITE_OUTSTANDING16_MAX_READ_BURST_LENGTH16_MAX_WRITE_BURST_LENGTH16_C_M_AXI_ID_WIDTH1_C_M_AXI_ADDR_WIDTH64_C_M_AXI_DATA_WIDTH32_C_M_AXI_AWUSER_WIDTH1_C_M_AXI_ARUSER_WIDTH1_C_M_AXI_WUSER_WIDTH1_C_M_AXI_RUSER_WIDTH1_C_M_AXI_BUSER_WIDTH1_C_USER_VALUE0_C_PROT_VALUE0_C_CACHE_VALUE3_USER_DW32_USER_AW64_USER_MAXREQS7_USER_RFIFONUM_WIDTH9_258
gmem1_m_axi_U/clk_gate_load_unit_buff_rdata_genblk1_U_fifo_mem_mem_reg_215_       3.9900     0.0      0.0000      3.9900 0.0000 SNPS_CLOCK_GATE_HIGH_tinytpu_isa_gmem1_m_axi_CONSERVATIVE1_NUM_READ_OUTSTANDING16_NUM_WRITE_OUTSTANDING16_MAX_READ_BURST_LENGTH16_MAX_WRITE_BURST_LENGTH16_C_M_AXI_ID_WIDTH1_C_M_AXI_ADDR_WIDTH64_C_M_AXI_DATA_WIDTH32_C_M_AXI_AWUSER_WIDTH1_C_M_AXI_ARUSER_WIDTH1_C_M_AXI_WUSER_WIDTH1_C_M_AXI_RUSER_WIDTH1_C_M_AXI_BUSER_WIDTH1_C_USER_VALUE0_C_PROT_VALUE0_C_CACHE_VALUE3_USER_DW32_USER_AW64_USER_MAXREQS7_USER_RFIFONUM_WIDTH9_259
gmem1_m_axi_U/clk_gate_load_unit_buff_rdata_genblk1_U_fifo_mem_mem_reg_216_       3.9900     0.0      0.0000      3.9900 0.0000 SNPS_CLOCK_GATE_HIGH_tinytpu_isa_gmem1_m_axi_CONSERVATIVE1_NUM_READ_OUTSTANDING16_NUM_WRITE_OUTSTANDING16_MAX_READ_BURST_LENGTH16_MAX_WRITE_BURST_LENGTH16_C_M_AXI_ID_WIDTH1_C_M_AXI_ADDR_WIDTH64_C_M_AXI_DATA_WIDTH32_C_M_AXI_AWUSER_WIDTH1_C_M_AXI_ARUSER_WIDTH1_C_M_AXI_WUSER_WIDTH1_C_M_AXI_RUSER_WIDTH1_C_M_AXI_BUSER_WIDTH1_C_USER_VALUE0_C_PROT_VALUE0_C_CACHE_VALUE3_USER_DW32_USER_AW64_USER_MAXREQS7_USER_RFIFONUM_WIDTH9_260
gmem1_m_axi_U/clk_gate_load_unit_buff_rdata_genblk1_U_fifo_mem_mem_reg_217_       3.9900     0.0      0.0000      3.9900 0.0000 SNPS_CLOCK_GATE_HIGH_tinytpu_isa_gmem1_m_axi_CONSERVATIVE1_NUM_READ_OUTSTANDING16_NUM_WRITE_OUTSTANDING16_MAX_READ_BURST_LENGTH16_MAX_WRITE_BURST_LENGTH16_C_M_AXI_ID_WIDTH1_C_M_AXI_ADDR_WIDTH64_C_M_AXI_DATA_WIDTH32_C_M_AXI_AWUSER_WIDTH1_C_M_AXI_ARUSER_WIDTH1_C_M_AXI_WUSER_WIDTH1_C_M_AXI_RUSER_WIDTH1_C_M_AXI_BUSER_WIDTH1_C_USER_VALUE0_C_PROT_VALUE0_C_CACHE_VALUE3_USER_DW32_USER_AW64_USER_MAXREQS7_USER_RFIFONUM_WIDTH9_261
gmem1_m_axi_U/clk_gate_load_unit_buff_rdata_genblk1_U_fifo_mem_mem_reg_218_       3.9900     0.0      0.0000      3.9900 0.0000 SNPS_CLOCK_GATE_HIGH_tinytpu_isa_gmem1_m_axi_CONSERVATIVE1_NUM_READ_OUTSTANDING16_NUM_WRITE_OUTSTANDING16_MAX_READ_BURST_LENGTH16_MAX_WRITE_BURST_LENGTH16_C_M_AXI_ID_WIDTH1_C_M_AXI_ADDR_WIDTH64_C_M_AXI_DATA_WIDTH32_C_M_AXI_AWUSER_WIDTH1_C_M_AXI_ARUSER_WIDTH1_C_M_AXI_WUSER_WIDTH1_C_M_AXI_RUSER_WIDTH1_C_M_AXI_BUSER_WIDTH1_C_USER_VALUE0_C_PROT_VALUE0_C_CACHE_VALUE3_USER_DW32_USER_AW64_USER_MAXREQS7_USER_RFIFONUM_WIDTH9_262
gmem1_m_axi_U/clk_gate_load_unit_buff_rdata_genblk1_U_fifo_mem_mem_reg_219_       3.9900     0.0      0.0000      3.9900 0.0000 SNPS_CLOCK_GATE_HIGH_tinytpu_isa_gmem1_m_axi_CONSERVATIVE1_NUM_READ_OUTSTANDING16_NUM_WRITE_OUTSTANDING16_MAX_READ_BURST_LENGTH16_MAX_WRITE_BURST_LENGTH16_C_M_AXI_ID_WIDTH1_C_M_AXI_ADDR_WIDTH64_C_M_AXI_DATA_WIDTH32_C_M_AXI_AWUSER_WIDTH1_C_M_AXI_ARUSER_WIDTH1_C_M_AXI_WUSER_WIDTH1_C_M_AXI_RUSER_WIDTH1_C_M_AXI_BUSER_WIDTH1_C_USER_VALUE0_C_PROT_VALUE0_C_CACHE_VALUE3_USER_DW32_USER_AW64_USER_MAXREQS7_USER_RFIFONUM_WIDTH9_263
gmem1_m_axi_U/clk_gate_load_unit_buff_rdata_genblk1_U_fifo_mem_mem_reg_21_       3.9900     0.0      0.0000      3.9900 0.0000 SNPS_CLOCK_GATE_HIGH_tinytpu_isa_gmem1_m_axi_CONSERVATIVE1_NUM_READ_OUTSTANDING16_NUM_WRITE_OUTSTANDING16_MAX_READ_BURST_LENGTH16_MAX_WRITE_BURST_LENGTH16_C_M_AXI_ID_WIDTH1_C_M_AXI_ADDR_WIDTH64_C_M_AXI_DATA_WIDTH32_C_M_AXI_AWUSER_WIDTH1_C_M_AXI_ARUSER_WIDTH1_C_M_AXI_WUSER_WIDTH1_C_M_AXI_RUSER_WIDTH1_C_M_AXI_BUSER_WIDTH1_C_USER_VALUE0_C_PROT_VALUE0_C_CACHE_VALUE3_USER_DW32_USER_AW64_USER_MAXREQS7_USER_RFIFONUM_WIDTH9_65
gmem1_m_axi_U/clk_gate_load_unit_buff_rdata_genblk1_U_fifo_mem_mem_reg_220_       3.9900     0.0      0.0000      3.9900 0.0000 SNPS_CLOCK_GATE_HIGH_tinytpu_isa_gmem1_m_axi_CONSERVATIVE1_NUM_READ_OUTSTANDING16_NUM_WRITE_OUTSTANDING16_MAX_READ_BURST_LENGTH16_MAX_WRITE_BURST_LENGTH16_C_M_AXI_ID_WIDTH1_C_M_AXI_ADDR_WIDTH64_C_M_AXI_DATA_WIDTH32_C_M_AXI_AWUSER_WIDTH1_C_M_AXI_ARUSER_WIDTH1_C_M_AXI_WUSER_WIDTH1_C_M_AXI_RUSER_WIDTH1_C_M_AXI_BUSER_WIDTH1_C_USER_VALUE0_C_PROT_VALUE0_C_CACHE_VALUE3_USER_DW32_USER_AW64_USER_MAXREQS7_USER_RFIFONUM_WIDTH9_264
gmem1_m_axi_U/clk_gate_load_unit_buff_rdata_genblk1_U_fifo_mem_mem_reg_221_       3.9900     0.0      0.0000      3.9900 0.0000 SNPS_CLOCK_GATE_HIGH_tinytpu_isa_gmem1_m_axi_CONSERVATIVE1_NUM_READ_OUTSTANDING16_NUM_WRITE_OUTSTANDING16_MAX_READ_BURST_LENGTH16_MAX_WRITE_BURST_LENGTH16_C_M_AXI_ID_WIDTH1_C_M_AXI_ADDR_WIDTH64_C_M_AXI_DATA_WIDTH32_C_M_AXI_AWUSER_WIDTH1_C_M_AXI_ARUSER_WIDTH1_C_M_AXI_WUSER_WIDTH1_C_M_AXI_RUSER_WIDTH1_C_M_AXI_BUSER_WIDTH1_C_USER_VALUE0_C_PROT_VALUE0_C_CACHE_VALUE3_USER_DW32_USER_AW64_USER_MAXREQS7_USER_RFIFONUM_WIDTH9_265
gmem1_m_axi_U/clk_gate_load_unit_buff_rdata_genblk1_U_fifo_mem_mem_reg_222_       3.9900     0.0      0.0000      3.9900 0.0000 SNPS_CLOCK_GATE_HIGH_tinytpu_isa_gmem1_m_axi_CONSERVATIVE1_NUM_READ_OUTSTANDING16_NUM_WRITE_OUTSTANDING16_MAX_READ_BURST_LENGTH16_MAX_WRITE_BURST_LENGTH16_C_M_AXI_ID_WIDTH1_C_M_AXI_ADDR_WIDTH64_C_M_AXI_DATA_WIDTH32_C_M_AXI_AWUSER_WIDTH1_C_M_AXI_ARUSER_WIDTH1_C_M_AXI_WUSER_WIDTH1_C_M_AXI_RUSER_WIDTH1_C_M_AXI_BUSER_WIDTH1_C_USER_VALUE0_C_PROT_VALUE0_C_CACHE_VALUE3_USER_DW32_USER_AW64_USER_MAXREQS7_USER_RFIFONUM_WIDTH9_266
gmem1_m_axi_U/clk_gate_load_unit_buff_rdata_genblk1_U_fifo_mem_mem_reg_223_       3.9900     0.0      0.0000      3.9900 0.0000 SNPS_CLOCK_GATE_HIGH_tinytpu_isa_gmem1_m_axi_CONSERVATIVE1_NUM_READ_OUTSTANDING16_NUM_WRITE_OUTSTANDING16_MAX_READ_BURST_LENGTH16_MAX_WRITE_BURST_LENGTH16_C_M_AXI_ID_WIDTH1_C_M_AXI_ADDR_WIDTH64_C_M_AXI_DATA_WIDTH32_C_M_AXI_AWUSER_WIDTH1_C_M_AXI_ARUSER_WIDTH1_C_M_AXI_WUSER_WIDTH1_C_M_AXI_RUSER_WIDTH1_C_M_AXI_BUSER_WIDTH1_C_USER_VALUE0_C_PROT_VALUE0_C_CACHE_VALUE3_USER_DW32_USER_AW64_USER_MAXREQS7_USER_RFIFONUM_WIDTH9_267
gmem1_m_axi_U/clk_gate_load_unit_buff_rdata_genblk1_U_fifo_mem_mem_reg_224_       3.9900     0.0      0.0000      3.9900 0.0000 SNPS_CLOCK_GATE_HIGH_tinytpu_isa_gmem1_m_axi_CONSERVATIVE1_NUM_READ_OUTSTANDING16_NUM_WRITE_OUTSTANDING16_MAX_READ_BURST_LENGTH16_MAX_WRITE_BURST_LENGTH16_C_M_AXI_ID_WIDTH1_C_M_AXI_ADDR_WIDTH64_C_M_AXI_DATA_WIDTH32_C_M_AXI_AWUSER_WIDTH1_C_M_AXI_ARUSER_WIDTH1_C_M_AXI_WUSER_WIDTH1_C_M_AXI_RUSER_WIDTH1_C_M_AXI_BUSER_WIDTH1_C_USER_VALUE0_C_PROT_VALUE0_C_CACHE_VALUE3_USER_DW32_USER_AW64_USER_MAXREQS7_USER_RFIFONUM_WIDTH9_268
gmem1_m_axi_U/clk_gate_load_unit_buff_rdata_genblk1_U_fifo_mem_mem_reg_225_       3.9900     0.0      0.0000      3.9900 0.0000 SNPS_CLOCK_GATE_HIGH_tinytpu_isa_gmem1_m_axi_CONSERVATIVE1_NUM_READ_OUTSTANDING16_NUM_WRITE_OUTSTANDING16_MAX_READ_BURST_LENGTH16_MAX_WRITE_BURST_LENGTH16_C_M_AXI_ID_WIDTH1_C_M_AXI_ADDR_WIDTH64_C_M_AXI_DATA_WIDTH32_C_M_AXI_AWUSER_WIDTH1_C_M_AXI_ARUSER_WIDTH1_C_M_AXI_WUSER_WIDTH1_C_M_AXI_RUSER_WIDTH1_C_M_AXI_BUSER_WIDTH1_C_USER_VALUE0_C_PROT_VALUE0_C_CACHE_VALUE3_USER_DW32_USER_AW64_USER_MAXREQS7_USER_RFIFONUM_WIDTH9_269
gmem1_m_axi_U/clk_gate_load_unit_buff_rdata_genblk1_U_fifo_mem_mem_reg_226_       3.9900     0.0      0.0000      3.9900 0.0000 SNPS_CLOCK_GATE_HIGH_tinytpu_isa_gmem1_m_axi_CONSERVATIVE1_NUM_READ_OUTSTANDING16_NUM_WRITE_OUTSTANDING16_MAX_READ_BURST_LENGTH16_MAX_WRITE_BURST_LENGTH16_C_M_AXI_ID_WIDTH1_C_M_AXI_ADDR_WIDTH64_C_M_AXI_DATA_WIDTH32_C_M_AXI_AWUSER_WIDTH1_C_M_AXI_ARUSER_WIDTH1_C_M_AXI_WUSER_WIDTH1_C_M_AXI_RUSER_WIDTH1_C_M_AXI_BUSER_WIDTH1_C_USER_VALUE0_C_PROT_VALUE0_C_CACHE_VALUE3_USER_DW32_USER_AW64_USER_MAXREQS7_USER_RFIFONUM_WIDTH9_270
gmem1_m_axi_U/clk_gate_load_unit_buff_rdata_genblk1_U_fifo_mem_mem_reg_227_       3.9900     0.0      0.0000      3.9900 0.0000 SNPS_CLOCK_GATE_HIGH_tinytpu_isa_gmem1_m_axi_CONSERVATIVE1_NUM_READ_OUTSTANDING16_NUM_WRITE_OUTSTANDING16_MAX_READ_BURST_LENGTH16_MAX_WRITE_BURST_LENGTH16_C_M_AXI_ID_WIDTH1_C_M_AXI_ADDR_WIDTH64_C_M_AXI_DATA_WIDTH32_C_M_AXI_AWUSER_WIDTH1_C_M_AXI_ARUSER_WIDTH1_C_M_AXI_WUSER_WIDTH1_C_M_AXI_RUSER_WIDTH1_C_M_AXI_BUSER_WIDTH1_C_USER_VALUE0_C_PROT_VALUE0_C_CACHE_VALUE3_USER_DW32_USER_AW64_USER_MAXREQS7_USER_RFIFONUM_WIDTH9_271
gmem1_m_axi_U/clk_gate_load_unit_buff_rdata_genblk1_U_fifo_mem_mem_reg_228_       3.9900     0.0      0.0000      3.9900 0.0000 SNPS_CLOCK_GATE_HIGH_tinytpu_isa_gmem1_m_axi_CONSERVATIVE1_NUM_READ_OUTSTANDING16_NUM_WRITE_OUTSTANDING16_MAX_READ_BURST_LENGTH16_MAX_WRITE_BURST_LENGTH16_C_M_AXI_ID_WIDTH1_C_M_AXI_ADDR_WIDTH64_C_M_AXI_DATA_WIDTH32_C_M_AXI_AWUSER_WIDTH1_C_M_AXI_ARUSER_WIDTH1_C_M_AXI_WUSER_WIDTH1_C_M_AXI_RUSER_WIDTH1_C_M_AXI_BUSER_WIDTH1_C_USER_VALUE0_C_PROT_VALUE0_C_CACHE_VALUE3_USER_DW32_USER_AW64_USER_MAXREQS7_USER_RFIFONUM_WIDTH9_272
gmem1_m_axi_U/clk_gate_load_unit_buff_rdata_genblk1_U_fifo_mem_mem_reg_229_       3.9900     0.0      0.0000      3.9900 0.0000 SNPS_CLOCK_GATE_HIGH_tinytpu_isa_gmem1_m_axi_CONSERVATIVE1_NUM_READ_OUTSTANDING16_NUM_WRITE_OUTSTANDING16_MAX_READ_BURST_LENGTH16_MAX_WRITE_BURST_LENGTH16_C_M_AXI_ID_WIDTH1_C_M_AXI_ADDR_WIDTH64_C_M_AXI_DATA_WIDTH32_C_M_AXI_AWUSER_WIDTH1_C_M_AXI_ARUSER_WIDTH1_C_M_AXI_WUSER_WIDTH1_C_M_AXI_RUSER_WIDTH1_C_M_AXI_BUSER_WIDTH1_C_USER_VALUE0_C_PROT_VALUE0_C_CACHE_VALUE3_USER_DW32_USER_AW64_USER_MAXREQS7_USER_RFIFONUM_WIDTH9_273
gmem1_m_axi_U/clk_gate_load_unit_buff_rdata_genblk1_U_fifo_mem_mem_reg_22_       3.9900     0.0      0.0000      3.9900 0.0000 SNPS_CLOCK_GATE_HIGH_tinytpu_isa_gmem1_m_axi_CONSERVATIVE1_NUM_READ_OUTSTANDING16_NUM_WRITE_OUTSTANDING16_MAX_READ_BURST_LENGTH16_MAX_WRITE_BURST_LENGTH16_C_M_AXI_ID_WIDTH1_C_M_AXI_ADDR_WIDTH64_C_M_AXI_DATA_WIDTH32_C_M_AXI_AWUSER_WIDTH1_C_M_AXI_ARUSER_WIDTH1_C_M_AXI_WUSER_WIDTH1_C_M_AXI_RUSER_WIDTH1_C_M_AXI_BUSER_WIDTH1_C_USER_VALUE0_C_PROT_VALUE0_C_CACHE_VALUE3_USER_DW32_USER_AW64_USER_MAXREQS7_USER_RFIFONUM_WIDTH9_66
gmem1_m_axi_U/clk_gate_load_unit_buff_rdata_genblk1_U_fifo_mem_mem_reg_230_       3.9900     0.0      0.0000      3.9900 0.0000 SNPS_CLOCK_GATE_HIGH_tinytpu_isa_gmem1_m_axi_CONSERVATIVE1_NUM_READ_OUTSTANDING16_NUM_WRITE_OUTSTANDING16_MAX_READ_BURST_LENGTH16_MAX_WRITE_BURST_LENGTH16_C_M_AXI_ID_WIDTH1_C_M_AXI_ADDR_WIDTH64_C_M_AXI_DATA_WIDTH32_C_M_AXI_AWUSER_WIDTH1_C_M_AXI_ARUSER_WIDTH1_C_M_AXI_WUSER_WIDTH1_C_M_AXI_RUSER_WIDTH1_C_M_AXI_BUSER_WIDTH1_C_USER_VALUE0_C_PROT_VALUE0_C_CACHE_VALUE3_USER_DW32_USER_AW64_USER_MAXREQS7_USER_RFIFONUM_WIDTH9_274
gmem1_m_axi_U/clk_gate_load_unit_buff_rdata_genblk1_U_fifo_mem_mem_reg_231_       3.9900     0.0      0.0000      3.9900 0.0000 SNPS_CLOCK_GATE_HIGH_tinytpu_isa_gmem1_m_axi_CONSERVATIVE1_NUM_READ_OUTSTANDING16_NUM_WRITE_OUTSTANDING16_MAX_READ_BURST_LENGTH16_MAX_WRITE_BURST_LENGTH16_C_M_AXI_ID_WIDTH1_C_M_AXI_ADDR_WIDTH64_C_M_AXI_DATA_WIDTH32_C_M_AXI_AWUSER_WIDTH1_C_M_AXI_ARUSER_WIDTH1_C_M_AXI_WUSER_WIDTH1_C_M_AXI_RUSER_WIDTH1_C_M_AXI_BUSER_WIDTH1_C_USER_VALUE0_C_PROT_VALUE0_C_CACHE_VALUE3_USER_DW32_USER_AW64_USER_MAXREQS7_USER_RFIFONUM_WIDTH9_275
gmem1_m_axi_U/clk_gate_load_unit_buff_rdata_genblk1_U_fifo_mem_mem_reg_232_       3.9900     0.0      0.0000      3.9900 0.0000 SNPS_CLOCK_GATE_HIGH_tinytpu_isa_gmem1_m_axi_CONSERVATIVE1_NUM_READ_OUTSTANDING16_NUM_WRITE_OUTSTANDING16_MAX_READ_BURST_LENGTH16_MAX_WRITE_BURST_LENGTH16_C_M_AXI_ID_WIDTH1_C_M_AXI_ADDR_WIDTH64_C_M_AXI_DATA_WIDTH32_C_M_AXI_AWUSER_WIDTH1_C_M_AXI_ARUSER_WIDTH1_C_M_AXI_WUSER_WIDTH1_C_M_AXI_RUSER_WIDTH1_C_M_AXI_BUSER_WIDTH1_C_USER_VALUE0_C_PROT_VALUE0_C_CACHE_VALUE3_USER_DW32_USER_AW64_USER_MAXREQS7_USER_RFIFONUM_WIDTH9_276
gmem1_m_axi_U/clk_gate_load_unit_buff_rdata_genblk1_U_fifo_mem_mem_reg_233_       3.9900     0.0      0.0000      3.9900 0.0000 SNPS_CLOCK_GATE_HIGH_tinytpu_isa_gmem1_m_axi_CONSERVATIVE1_NUM_READ_OUTSTANDING16_NUM_WRITE_OUTSTANDING16_MAX_READ_BURST_LENGTH16_MAX_WRITE_BURST_LENGTH16_C_M_AXI_ID_WIDTH1_C_M_AXI_ADDR_WIDTH64_C_M_AXI_DATA_WIDTH32_C_M_AXI_AWUSER_WIDTH1_C_M_AXI_ARUSER_WIDTH1_C_M_AXI_WUSER_WIDTH1_C_M_AXI_RUSER_WIDTH1_C_M_AXI_BUSER_WIDTH1_C_USER_VALUE0_C_PROT_VALUE0_C_CACHE_VALUE3_USER_DW32_USER_AW64_USER_MAXREQS7_USER_RFIFONUM_WIDTH9_277
gmem1_m_axi_U/clk_gate_load_unit_buff_rdata_genblk1_U_fifo_mem_mem_reg_234_       3.9900     0.0      0.0000      3.9900 0.0000 SNPS_CLOCK_GATE_HIGH_tinytpu_isa_gmem1_m_axi_CONSERVATIVE1_NUM_READ_OUTSTANDING16_NUM_WRITE_OUTSTANDING16_MAX_READ_BURST_LENGTH16_MAX_WRITE_BURST_LENGTH16_C_M_AXI_ID_WIDTH1_C_M_AXI_ADDR_WIDTH64_C_M_AXI_DATA_WIDTH32_C_M_AXI_AWUSER_WIDTH1_C_M_AXI_ARUSER_WIDTH1_C_M_AXI_WUSER_WIDTH1_C_M_AXI_RUSER_WIDTH1_C_M_AXI_BUSER_WIDTH1_C_USER_VALUE0_C_PROT_VALUE0_C_CACHE_VALUE3_USER_DW32_USER_AW64_USER_MAXREQS7_USER_RFIFONUM_WIDTH9_278
gmem1_m_axi_U/clk_gate_load_unit_buff_rdata_genblk1_U_fifo_mem_mem_reg_235_       3.9900     0.0      0.0000      3.9900 0.0000 SNPS_CLOCK_GATE_HIGH_tinytpu_isa_gmem1_m_axi_CONSERVATIVE1_NUM_READ_OUTSTANDING16_NUM_WRITE_OUTSTANDING16_MAX_READ_BURST_LENGTH16_MAX_WRITE_BURST_LENGTH16_C_M_AXI_ID_WIDTH1_C_M_AXI_ADDR_WIDTH64_C_M_AXI_DATA_WIDTH32_C_M_AXI_AWUSER_WIDTH1_C_M_AXI_ARUSER_WIDTH1_C_M_AXI_WUSER_WIDTH1_C_M_AXI_RUSER_WIDTH1_C_M_AXI_BUSER_WIDTH1_C_USER_VALUE0_C_PROT_VALUE0_C_CACHE_VALUE3_USER_DW32_USER_AW64_USER_MAXREQS7_USER_RFIFONUM_WIDTH9_279
gmem1_m_axi_U/clk_gate_load_unit_buff_rdata_genblk1_U_fifo_mem_mem_reg_236_       3.9900     0.0      0.0000      3.9900 0.0000 SNPS_CLOCK_GATE_HIGH_tinytpu_isa_gmem1_m_axi_CONSERVATIVE1_NUM_READ_OUTSTANDING16_NUM_WRITE_OUTSTANDING16_MAX_READ_BURST_LENGTH16_MAX_WRITE_BURST_LENGTH16_C_M_AXI_ID_WIDTH1_C_M_AXI_ADDR_WIDTH64_C_M_AXI_DATA_WIDTH32_C_M_AXI_AWUSER_WIDTH1_C_M_AXI_ARUSER_WIDTH1_C_M_AXI_WUSER_WIDTH1_C_M_AXI_RUSER_WIDTH1_C_M_AXI_BUSER_WIDTH1_C_USER_VALUE0_C_PROT_VALUE0_C_CACHE_VALUE3_USER_DW32_USER_AW64_USER_MAXREQS7_USER_RFIFONUM_WIDTH9_280
gmem1_m_axi_U/clk_gate_load_unit_buff_rdata_genblk1_U_fifo_mem_mem_reg_237_       3.9900     0.0      0.0000      3.9900 0.0000 SNPS_CLOCK_GATE_HIGH_tinytpu_isa_gmem1_m_axi_CONSERVATIVE1_NUM_READ_OUTSTANDING16_NUM_WRITE_OUTSTANDING16_MAX_READ_BURST_LENGTH16_MAX_WRITE_BURST_LENGTH16_C_M_AXI_ID_WIDTH1_C_M_AXI_ADDR_WIDTH64_C_M_AXI_DATA_WIDTH32_C_M_AXI_AWUSER_WIDTH1_C_M_AXI_ARUSER_WIDTH1_C_M_AXI_WUSER_WIDTH1_C_M_AXI_RUSER_WIDTH1_C_M_AXI_BUSER_WIDTH1_C_USER_VALUE0_C_PROT_VALUE0_C_CACHE_VALUE3_USER_DW32_USER_AW64_USER_MAXREQS7_USER_RFIFONUM_WIDTH9_281
gmem1_m_axi_U/clk_gate_load_unit_buff_rdata_genblk1_U_fifo_mem_mem_reg_238_       3.9900     0.0      0.0000      3.9900 0.0000 SNPS_CLOCK_GATE_HIGH_tinytpu_isa_gmem1_m_axi_CONSERVATIVE1_NUM_READ_OUTSTANDING16_NUM_WRITE_OUTSTANDING16_MAX_READ_BURST_LENGTH16_MAX_WRITE_BURST_LENGTH16_C_M_AXI_ID_WIDTH1_C_M_AXI_ADDR_WIDTH64_C_M_AXI_DATA_WIDTH32_C_M_AXI_AWUSER_WIDTH1_C_M_AXI_ARUSER_WIDTH1_C_M_AXI_WUSER_WIDTH1_C_M_AXI_RUSER_WIDTH1_C_M_AXI_BUSER_WIDTH1_C_USER_VALUE0_C_PROT_VALUE0_C_CACHE_VALUE3_USER_DW32_USER_AW64_USER_MAXREQS7_USER_RFIFONUM_WIDTH9_282
gmem1_m_axi_U/clk_gate_load_unit_buff_rdata_genblk1_U_fifo_mem_mem_reg_239_       3.9900     0.0      0.0000      3.9900 0.0000 SNPS_CLOCK_GATE_HIGH_tinytpu_isa_gmem1_m_axi_CONSERVATIVE1_NUM_READ_OUTSTANDING16_NUM_WRITE_OUTSTANDING16_MAX_READ_BURST_LENGTH16_MAX_WRITE_BURST_LENGTH16_C_M_AXI_ID_WIDTH1_C_M_AXI_ADDR_WIDTH64_C_M_AXI_DATA_WIDTH32_C_M_AXI_AWUSER_WIDTH1_C_M_AXI_ARUSER_WIDTH1_C_M_AXI_WUSER_WIDTH1_C_M_AXI_RUSER_WIDTH1_C_M_AXI_BUSER_WIDTH1_C_USER_VALUE0_C_PROT_VALUE0_C_CACHE_VALUE3_USER_DW32_USER_AW64_USER_MAXREQS7_USER_RFIFONUM_WIDTH9_283
gmem1_m_axi_U/clk_gate_load_unit_buff_rdata_genblk1_U_fifo_mem_mem_reg_23_       3.9900     0.0      0.0000      3.9900 0.0000 SNPS_CLOCK_GATE_HIGH_tinytpu_isa_gmem1_m_axi_CONSERVATIVE1_NUM_READ_OUTSTANDING16_NUM_WRITE_OUTSTANDING16_MAX_READ_BURST_LENGTH16_MAX_WRITE_BURST_LENGTH16_C_M_AXI_ID_WIDTH1_C_M_AXI_ADDR_WIDTH64_C_M_AXI_DATA_WIDTH32_C_M_AXI_AWUSER_WIDTH1_C_M_AXI_ARUSER_WIDTH1_C_M_AXI_WUSER_WIDTH1_C_M_AXI_RUSER_WIDTH1_C_M_AXI_BUSER_WIDTH1_C_USER_VALUE0_C_PROT_VALUE0_C_CACHE_VALUE3_USER_DW32_USER_AW64_USER_MAXREQS7_USER_RFIFONUM_WIDTH9_67
gmem1_m_axi_U/clk_gate_load_unit_buff_rdata_genblk1_U_fifo_mem_mem_reg_240_       3.9900     0.0      0.0000      3.9900 0.0000 SNPS_CLOCK_GATE_HIGH_tinytpu_isa_gmem1_m_axi_CONSERVATIVE1_NUM_READ_OUTSTANDING16_NUM_WRITE_OUTSTANDING16_MAX_READ_BURST_LENGTH16_MAX_WRITE_BURST_LENGTH16_C_M_AXI_ID_WIDTH1_C_M_AXI_ADDR_WIDTH64_C_M_AXI_DATA_WIDTH32_C_M_AXI_AWUSER_WIDTH1_C_M_AXI_ARUSER_WIDTH1_C_M_AXI_WUSER_WIDTH1_C_M_AXI_RUSER_WIDTH1_C_M_AXI_BUSER_WIDTH1_C_USER_VALUE0_C_PROT_VALUE0_C_CACHE_VALUE3_USER_DW32_USER_AW64_USER_MAXREQS7_USER_RFIFONUM_WIDTH9_284
gmem1_m_axi_U/clk_gate_load_unit_buff_rdata_genblk1_U_fifo_mem_mem_reg_241_       3.9900     0.0      0.0000      3.9900 0.0000 SNPS_CLOCK_GATE_HIGH_tinytpu_isa_gmem1_m_axi_CONSERVATIVE1_NUM_READ_OUTSTANDING16_NUM_WRITE_OUTSTANDING16_MAX_READ_BURST_LENGTH16_MAX_WRITE_BURST_LENGTH16_C_M_AXI_ID_WIDTH1_C_M_AXI_ADDR_WIDTH64_C_M_AXI_DATA_WIDTH32_C_M_AXI_AWUSER_WIDTH1_C_M_AXI_ARUSER_WIDTH1_C_M_AXI_WUSER_WIDTH1_C_M_AXI_RUSER_WIDTH1_C_M_AXI_BUSER_WIDTH1_C_USER_VALUE0_C_PROT_VALUE0_C_CACHE_VALUE3_USER_DW32_USER_AW64_USER_MAXREQS7_USER_RFIFONUM_WIDTH9_285
gmem1_m_axi_U/clk_gate_load_unit_buff_rdata_genblk1_U_fifo_mem_mem_reg_242_       3.9900     0.0      0.0000      3.9900 0.0000 SNPS_CLOCK_GATE_HIGH_tinytpu_isa_gmem1_m_axi_CONSERVATIVE1_NUM_READ_OUTSTANDING16_NUM_WRITE_OUTSTANDING16_MAX_READ_BURST_LENGTH16_MAX_WRITE_BURST_LENGTH16_C_M_AXI_ID_WIDTH1_C_M_AXI_ADDR_WIDTH64_C_M_AXI_DATA_WIDTH32_C_M_AXI_AWUSER_WIDTH1_C_M_AXI_ARUSER_WIDTH1_C_M_AXI_WUSER_WIDTH1_C_M_AXI_RUSER_WIDTH1_C_M_AXI_BUSER_WIDTH1_C_USER_VALUE0_C_PROT_VALUE0_C_CACHE_VALUE3_USER_DW32_USER_AW64_USER_MAXREQS7_USER_RFIFONUM_WIDTH9_286
gmem1_m_axi_U/clk_gate_load_unit_buff_rdata_genblk1_U_fifo_mem_mem_reg_243_       3.9900     0.0      0.0000      3.9900 0.0000 SNPS_CLOCK_GATE_HIGH_tinytpu_isa_gmem1_m_axi_CONSERVATIVE1_NUM_READ_OUTSTANDING16_NUM_WRITE_OUTSTANDING16_MAX_READ_BURST_LENGTH16_MAX_WRITE_BURST_LENGTH16_C_M_AXI_ID_WIDTH1_C_M_AXI_ADDR_WIDTH64_C_M_AXI_DATA_WIDTH32_C_M_AXI_AWUSER_WIDTH1_C_M_AXI_ARUSER_WIDTH1_C_M_AXI_WUSER_WIDTH1_C_M_AXI_RUSER_WIDTH1_C_M_AXI_BUSER_WIDTH1_C_USER_VALUE0_C_PROT_VALUE0_C_CACHE_VALUE3_USER_DW32_USER_AW64_USER_MAXREQS7_USER_RFIFONUM_WIDTH9_287
gmem1_m_axi_U/clk_gate_load_unit_buff_rdata_genblk1_U_fifo_mem_mem_reg_244_       3.9900     0.0      0.0000      3.9900 0.0000 SNPS_CLOCK_GATE_HIGH_tinytpu_isa_gmem1_m_axi_CONSERVATIVE1_NUM_READ_OUTSTANDING16_NUM_WRITE_OUTSTANDING16_MAX_READ_BURST_LENGTH16_MAX_WRITE_BURST_LENGTH16_C_M_AXI_ID_WIDTH1_C_M_AXI_ADDR_WIDTH64_C_M_AXI_DATA_WIDTH32_C_M_AXI_AWUSER_WIDTH1_C_M_AXI_ARUSER_WIDTH1_C_M_AXI_WUSER_WIDTH1_C_M_AXI_RUSER_WIDTH1_C_M_AXI_BUSER_WIDTH1_C_USER_VALUE0_C_PROT_VALUE0_C_CACHE_VALUE3_USER_DW32_USER_AW64_USER_MAXREQS7_USER_RFIFONUM_WIDTH9_288
gmem1_m_axi_U/clk_gate_load_unit_buff_rdata_genblk1_U_fifo_mem_mem_reg_245_       3.9900     0.0      0.0000      3.9900 0.0000 SNPS_CLOCK_GATE_HIGH_tinytpu_isa_gmem1_m_axi_CONSERVATIVE1_NUM_READ_OUTSTANDING16_NUM_WRITE_OUTSTANDING16_MAX_READ_BURST_LENGTH16_MAX_WRITE_BURST_LENGTH16_C_M_AXI_ID_WIDTH1_C_M_AXI_ADDR_WIDTH64_C_M_AXI_DATA_WIDTH32_C_M_AXI_AWUSER_WIDTH1_C_M_AXI_ARUSER_WIDTH1_C_M_AXI_WUSER_WIDTH1_C_M_AXI_RUSER_WIDTH1_C_M_AXI_BUSER_WIDTH1_C_USER_VALUE0_C_PROT_VALUE0_C_CACHE_VALUE3_USER_DW32_USER_AW64_USER_MAXREQS7_USER_RFIFONUM_WIDTH9_289
gmem1_m_axi_U/clk_gate_load_unit_buff_rdata_genblk1_U_fifo_mem_mem_reg_246_       3.9900     0.0      0.0000      3.9900 0.0000 SNPS_CLOCK_GATE_HIGH_tinytpu_isa_gmem1_m_axi_CONSERVATIVE1_NUM_READ_OUTSTANDING16_NUM_WRITE_OUTSTANDING16_MAX_READ_BURST_LENGTH16_MAX_WRITE_BURST_LENGTH16_C_M_AXI_ID_WIDTH1_C_M_AXI_ADDR_WIDTH64_C_M_AXI_DATA_WIDTH32_C_M_AXI_AWUSER_WIDTH1_C_M_AXI_ARUSER_WIDTH1_C_M_AXI_WUSER_WIDTH1_C_M_AXI_RUSER_WIDTH1_C_M_AXI_BUSER_WIDTH1_C_USER_VALUE0_C_PROT_VALUE0_C_CACHE_VALUE3_USER_DW32_USER_AW64_USER_MAXREQS7_USER_RFIFONUM_WIDTH9_290
gmem1_m_axi_U/clk_gate_load_unit_buff_rdata_genblk1_U_fifo_mem_mem_reg_247_       3.9900     0.0      0.0000      3.9900 0.0000 SNPS_CLOCK_GATE_HIGH_tinytpu_isa_gmem1_m_axi_CONSERVATIVE1_NUM_READ_OUTSTANDING16_NUM_WRITE_OUTSTANDING16_MAX_READ_BURST_LENGTH16_MAX_WRITE_BURST_LENGTH16_C_M_AXI_ID_WIDTH1_C_M_AXI_ADDR_WIDTH64_C_M_AXI_DATA_WIDTH32_C_M_AXI_AWUSER_WIDTH1_C_M_AXI_ARUSER_WIDTH1_C_M_AXI_WUSER_WIDTH1_C_M_AXI_RUSER_WIDTH1_C_M_AXI_BUSER_WIDTH1_C_USER_VALUE0_C_PROT_VALUE0_C_CACHE_VALUE3_USER_DW32_USER_AW64_USER_MAXREQS7_USER_RFIFONUM_WIDTH9_291
gmem1_m_axi_U/clk_gate_load_unit_buff_rdata_genblk1_U_fifo_mem_mem_reg_248_       3.9900     0.0      0.0000      3.9900 0.0000 SNPS_CLOCK_GATE_HIGH_tinytpu_isa_gmem1_m_axi_CONSERVATIVE1_NUM_READ_OUTSTANDING16_NUM_WRITE_OUTSTANDING16_MAX_READ_BURST_LENGTH16_MAX_WRITE_BURST_LENGTH16_C_M_AXI_ID_WIDTH1_C_M_AXI_ADDR_WIDTH64_C_M_AXI_DATA_WIDTH32_C_M_AXI_AWUSER_WIDTH1_C_M_AXI_ARUSER_WIDTH1_C_M_AXI_WUSER_WIDTH1_C_M_AXI_RUSER_WIDTH1_C_M_AXI_BUSER_WIDTH1_C_USER_VALUE0_C_PROT_VALUE0_C_CACHE_VALUE3_USER_DW32_USER_AW64_USER_MAXREQS7_USER_RFIFONUM_WIDTH9_292
gmem1_m_axi_U/clk_gate_load_unit_buff_rdata_genblk1_U_fifo_mem_mem_reg_249_       3.9900     0.0      0.0000      3.9900 0.0000 SNPS_CLOCK_GATE_HIGH_tinytpu_isa_gmem1_m_axi_CONSERVATIVE1_NUM_READ_OUTSTANDING16_NUM_WRITE_OUTSTANDING16_MAX_READ_BURST_LENGTH16_MAX_WRITE_BURST_LENGTH16_C_M_AXI_ID_WIDTH1_C_M_AXI_ADDR_WIDTH64_C_M_AXI_DATA_WIDTH32_C_M_AXI_AWUSER_WIDTH1_C_M_AXI_ARUSER_WIDTH1_C_M_AXI_WUSER_WIDTH1_C_M_AXI_RUSER_WIDTH1_C_M_AXI_BUSER_WIDTH1_C_USER_VALUE0_C_PROT_VALUE0_C_CACHE_VALUE3_USER_DW32_USER_AW64_USER_MAXREQS7_USER_RFIFONUM_WIDTH9_293
gmem1_m_axi_U/clk_gate_load_unit_buff_rdata_genblk1_U_fifo_mem_mem_reg_24_       3.9900     0.0      0.0000      3.9900 0.0000 SNPS_CLOCK_GATE_HIGH_tinytpu_isa_gmem1_m_axi_CONSERVATIVE1_NUM_READ_OUTSTANDING16_NUM_WRITE_OUTSTANDING16_MAX_READ_BURST_LENGTH16_MAX_WRITE_BURST_LENGTH16_C_M_AXI_ID_WIDTH1_C_M_AXI_ADDR_WIDTH64_C_M_AXI_DATA_WIDTH32_C_M_AXI_AWUSER_WIDTH1_C_M_AXI_ARUSER_WIDTH1_C_M_AXI_WUSER_WIDTH1_C_M_AXI_RUSER_WIDTH1_C_M_AXI_BUSER_WIDTH1_C_USER_VALUE0_C_PROT_VALUE0_C_CACHE_VALUE3_USER_DW32_USER_AW64_USER_MAXREQS7_USER_RFIFONUM_WIDTH9_68
gmem1_m_axi_U/clk_gate_load_unit_buff_rdata_genblk1_U_fifo_mem_mem_reg_250_       3.9900     0.0      0.0000      3.9900 0.0000 SNPS_CLOCK_GATE_HIGH_tinytpu_isa_gmem1_m_axi_CONSERVATIVE1_NUM_READ_OUTSTANDING16_NUM_WRITE_OUTSTANDING16_MAX_READ_BURST_LENGTH16_MAX_WRITE_BURST_LENGTH16_C_M_AXI_ID_WIDTH1_C_M_AXI_ADDR_WIDTH64_C_M_AXI_DATA_WIDTH32_C_M_AXI_AWUSER_WIDTH1_C_M_AXI_ARUSER_WIDTH1_C_M_AXI_WUSER_WIDTH1_C_M_AXI_RUSER_WIDTH1_C_M_AXI_BUSER_WIDTH1_C_USER_VALUE0_C_PROT_VALUE0_C_CACHE_VALUE3_USER_DW32_USER_AW64_USER_MAXREQS7_USER_RFIFONUM_WIDTH9_294
gmem1_m_axi_U/clk_gate_load_unit_buff_rdata_genblk1_U_fifo_mem_mem_reg_251_       3.9900     0.0      0.0000      3.9900 0.0000 SNPS_CLOCK_GATE_HIGH_tinytpu_isa_gmem1_m_axi_CONSERVATIVE1_NUM_READ_OUTSTANDING16_NUM_WRITE_OUTSTANDING16_MAX_READ_BURST_LENGTH16_MAX_WRITE_BURST_LENGTH16_C_M_AXI_ID_WIDTH1_C_M_AXI_ADDR_WIDTH64_C_M_AXI_DATA_WIDTH32_C_M_AXI_AWUSER_WIDTH1_C_M_AXI_ARUSER_WIDTH1_C_M_AXI_WUSER_WIDTH1_C_M_AXI_RUSER_WIDTH1_C_M_AXI_BUSER_WIDTH1_C_USER_VALUE0_C_PROT_VALUE0_C_CACHE_VALUE3_USER_DW32_USER_AW64_USER_MAXREQS7_USER_RFIFONUM_WIDTH9_295
gmem1_m_axi_U/clk_gate_load_unit_buff_rdata_genblk1_U_fifo_mem_mem_reg_252_       3.9900     0.0      0.0000      3.9900 0.0000 SNPS_CLOCK_GATE_HIGH_tinytpu_isa_gmem1_m_axi_CONSERVATIVE1_NUM_READ_OUTSTANDING16_NUM_WRITE_OUTSTANDING16_MAX_READ_BURST_LENGTH16_MAX_WRITE_BURST_LENGTH16_C_M_AXI_ID_WIDTH1_C_M_AXI_ADDR_WIDTH64_C_M_AXI_DATA_WIDTH32_C_M_AXI_AWUSER_WIDTH1_C_M_AXI_ARUSER_WIDTH1_C_M_AXI_WUSER_WIDTH1_C_M_AXI_RUSER_WIDTH1_C_M_AXI_BUSER_WIDTH1_C_USER_VALUE0_C_PROT_VALUE0_C_CACHE_VALUE3_USER_DW32_USER_AW64_USER_MAXREQS7_USER_RFIFONUM_WIDTH9_296
gmem1_m_axi_U/clk_gate_load_unit_buff_rdata_genblk1_U_fifo_mem_mem_reg_253_       3.9900     0.0      0.0000      3.9900 0.0000 SNPS_CLOCK_GATE_HIGH_tinytpu_isa_gmem1_m_axi_CONSERVATIVE1_NUM_READ_OUTSTANDING16_NUM_WRITE_OUTSTANDING16_MAX_READ_BURST_LENGTH16_MAX_WRITE_BURST_LENGTH16_C_M_AXI_ID_WIDTH1_C_M_AXI_ADDR_WIDTH64_C_M_AXI_DATA_WIDTH32_C_M_AXI_AWUSER_WIDTH1_C_M_AXI_ARUSER_WIDTH1_C_M_AXI_WUSER_WIDTH1_C_M_AXI_RUSER_WIDTH1_C_M_AXI_BUSER_WIDTH1_C_USER_VALUE0_C_PROT_VALUE0_C_CACHE_VALUE3_USER_DW32_USER_AW64_USER_MAXREQS7_USER_RFIFONUM_WIDTH9_297
gmem1_m_axi_U/clk_gate_load_unit_buff_rdata_genblk1_U_fifo_mem_mem_reg_254_       3.9900     0.0      0.0000      3.9900 0.0000 SNPS_CLOCK_GATE_HIGH_tinytpu_isa_gmem1_m_axi_CONSERVATIVE1_NUM_READ_OUTSTANDING16_NUM_WRITE_OUTSTANDING16_MAX_READ_BURST_LENGTH16_MAX_WRITE_BURST_LENGTH16_C_M_AXI_ID_WIDTH1_C_M_AXI_ADDR_WIDTH64_C_M_AXI_DATA_WIDTH32_C_M_AXI_AWUSER_WIDTH1_C_M_AXI_ARUSER_WIDTH1_C_M_AXI_WUSER_WIDTH1_C_M_AXI_RUSER_WIDTH1_C_M_AXI_BUSER_WIDTH1_C_USER_VALUE0_C_PROT_VALUE0_C_CACHE_VALUE3_USER_DW32_USER_AW64_USER_MAXREQS7_USER_RFIFONUM_WIDTH9_298
gmem1_m_axi_U/clk_gate_load_unit_buff_rdata_genblk1_U_fifo_mem_mem_reg_25_       3.9900     0.0      0.0000      3.9900 0.0000 SNPS_CLOCK_GATE_HIGH_tinytpu_isa_gmem1_m_axi_CONSERVATIVE1_NUM_READ_OUTSTANDING16_NUM_WRITE_OUTSTANDING16_MAX_READ_BURST_LENGTH16_MAX_WRITE_BURST_LENGTH16_C_M_AXI_ID_WIDTH1_C_M_AXI_ADDR_WIDTH64_C_M_AXI_DATA_WIDTH32_C_M_AXI_AWUSER_WIDTH1_C_M_AXI_ARUSER_WIDTH1_C_M_AXI_WUSER_WIDTH1_C_M_AXI_RUSER_WIDTH1_C_M_AXI_BUSER_WIDTH1_C_USER_VALUE0_C_PROT_VALUE0_C_CACHE_VALUE3_USER_DW32_USER_AW64_USER_MAXREQS7_USER_RFIFONUM_WIDTH9_69
gmem1_m_axi_U/clk_gate_load_unit_buff_rdata_genblk1_U_fifo_mem_mem_reg_26_       3.9900     0.0      0.0000      3.9900 0.0000 SNPS_CLOCK_GATE_HIGH_tinytpu_isa_gmem1_m_axi_CONSERVATIVE1_NUM_READ_OUTSTANDING16_NUM_WRITE_OUTSTANDING16_MAX_READ_BURST_LENGTH16_MAX_WRITE_BURST_LENGTH16_C_M_AXI_ID_WIDTH1_C_M_AXI_ADDR_WIDTH64_C_M_AXI_DATA_WIDTH32_C_M_AXI_AWUSER_WIDTH1_C_M_AXI_ARUSER_WIDTH1_C_M_AXI_WUSER_WIDTH1_C_M_AXI_RUSER_WIDTH1_C_M_AXI_BUSER_WIDTH1_C_USER_VALUE0_C_PROT_VALUE0_C_CACHE_VALUE3_USER_DW32_USER_AW64_USER_MAXREQS7_USER_RFIFONUM_WIDTH9_70
gmem1_m_axi_U/clk_gate_load_unit_buff_rdata_genblk1_U_fifo_mem_mem_reg_27_       3.9900     0.0      0.0000      3.9900 0.0000 SNPS_CLOCK_GATE_HIGH_tinytpu_isa_gmem1_m_axi_CONSERVATIVE1_NUM_READ_OUTSTANDING16_NUM_WRITE_OUTSTANDING16_MAX_READ_BURST_LENGTH16_MAX_WRITE_BURST_LENGTH16_C_M_AXI_ID_WIDTH1_C_M_AXI_ADDR_WIDTH64_C_M_AXI_DATA_WIDTH32_C_M_AXI_AWUSER_WIDTH1_C_M_AXI_ARUSER_WIDTH1_C_M_AXI_WUSER_WIDTH1_C_M_AXI_RUSER_WIDTH1_C_M_AXI_BUSER_WIDTH1_C_USER_VALUE0_C_PROT_VALUE0_C_CACHE_VALUE3_USER_DW32_USER_AW64_USER_MAXREQS7_USER_RFIFONUM_WIDTH9_71
gmem1_m_axi_U/clk_gate_load_unit_buff_rdata_genblk1_U_fifo_mem_mem_reg_28_       3.9900     0.0      0.0000      3.9900 0.0000 SNPS_CLOCK_GATE_HIGH_tinytpu_isa_gmem1_m_axi_CONSERVATIVE1_NUM_READ_OUTSTANDING16_NUM_WRITE_OUTSTANDING16_MAX_READ_BURST_LENGTH16_MAX_WRITE_BURST_LENGTH16_C_M_AXI_ID_WIDTH1_C_M_AXI_ADDR_WIDTH64_C_M_AXI_DATA_WIDTH32_C_M_AXI_AWUSER_WIDTH1_C_M_AXI_ARUSER_WIDTH1_C_M_AXI_WUSER_WIDTH1_C_M_AXI_RUSER_WIDTH1_C_M_AXI_BUSER_WIDTH1_C_USER_VALUE0_C_PROT_VALUE0_C_CACHE_VALUE3_USER_DW32_USER_AW64_USER_MAXREQS7_USER_RFIFONUM_WIDTH9_72
gmem1_m_axi_U/clk_gate_load_unit_buff_rdata_genblk1_U_fifo_mem_mem_reg_29_       3.9900     0.0      0.0000      3.9900 0.0000 SNPS_CLOCK_GATE_HIGH_tinytpu_isa_gmem1_m_axi_CONSERVATIVE1_NUM_READ_OUTSTANDING16_NUM_WRITE_OUTSTANDING16_MAX_READ_BURST_LENGTH16_MAX_WRITE_BURST_LENGTH16_C_M_AXI_ID_WIDTH1_C_M_AXI_ADDR_WIDTH64_C_M_AXI_DATA_WIDTH32_C_M_AXI_AWUSER_WIDTH1_C_M_AXI_ARUSER_WIDTH1_C_M_AXI_WUSER_WIDTH1_C_M_AXI_RUSER_WIDTH1_C_M_AXI_BUSER_WIDTH1_C_USER_VALUE0_C_PROT_VALUE0_C_CACHE_VALUE3_USER_DW32_USER_AW64_USER_MAXREQS7_USER_RFIFONUM_WIDTH9_73
gmem1_m_axi_U/clk_gate_load_unit_buff_rdata_genblk1_U_fifo_mem_mem_reg_2_       3.9900     0.0      0.0000      3.9900 0.0000 SNPS_CLOCK_GATE_HIGH_tinytpu_isa_gmem1_m_axi_CONSERVATIVE1_NUM_READ_OUTSTANDING16_NUM_WRITE_OUTSTANDING16_MAX_READ_BURST_LENGTH16_MAX_WRITE_BURST_LENGTH16_C_M_AXI_ID_WIDTH1_C_M_AXI_ADDR_WIDTH64_C_M_AXI_DATA_WIDTH32_C_M_AXI_AWUSER_WIDTH1_C_M_AXI_ARUSER_WIDTH1_C_M_AXI_WUSER_WIDTH1_C_M_AXI_RUSER_WIDTH1_C_M_AXI_BUSER_WIDTH1_C_USER_VALUE0_C_PROT_VALUE0_C_CACHE_VALUE3_USER_DW32_USER_AW64_USER_MAXREQS7_USER_RFIFONUM_WIDTH9_46
gmem1_m_axi_U/clk_gate_load_unit_buff_rdata_genblk1_U_fifo_mem_mem_reg_30_       3.9900     0.0      0.0000      3.9900 0.0000 SNPS_CLOCK_GATE_HIGH_tinytpu_isa_gmem1_m_axi_CONSERVATIVE1_NUM_READ_OUTSTANDING16_NUM_WRITE_OUTSTANDING16_MAX_READ_BURST_LENGTH16_MAX_WRITE_BURST_LENGTH16_C_M_AXI_ID_WIDTH1_C_M_AXI_ADDR_WIDTH64_C_M_AXI_DATA_WIDTH32_C_M_AXI_AWUSER_WIDTH1_C_M_AXI_ARUSER_WIDTH1_C_M_AXI_WUSER_WIDTH1_C_M_AXI_RUSER_WIDTH1_C_M_AXI_BUSER_WIDTH1_C_USER_VALUE0_C_PROT_VALUE0_C_CACHE_VALUE3_USER_DW32_USER_AW64_USER_MAXREQS7_USER_RFIFONUM_WIDTH9_74
gmem1_m_axi_U/clk_gate_load_unit_buff_rdata_genblk1_U_fifo_mem_mem_reg_31_       3.9900     0.0      0.0000      3.9900 0.0000 SNPS_CLOCK_GATE_HIGH_tinytpu_isa_gmem1_m_axi_CONSERVATIVE1_NUM_READ_OUTSTANDING16_NUM_WRITE_OUTSTANDING16_MAX_READ_BURST_LENGTH16_MAX_WRITE_BURST_LENGTH16_C_M_AXI_ID_WIDTH1_C_M_AXI_ADDR_WIDTH64_C_M_AXI_DATA_WIDTH32_C_M_AXI_AWUSER_WIDTH1_C_M_AXI_ARUSER_WIDTH1_C_M_AXI_WUSER_WIDTH1_C_M_AXI_RUSER_WIDTH1_C_M_AXI_BUSER_WIDTH1_C_USER_VALUE0_C_PROT_VALUE0_C_CACHE_VALUE3_USER_DW32_USER_AW64_USER_MAXREQS7_USER_RFIFONUM_WIDTH9_75
gmem1_m_axi_U/clk_gate_load_unit_buff_rdata_genblk1_U_fifo_mem_mem_reg_32_       3.9900     0.0      0.0000      3.9900 0.0000 SNPS_CLOCK_GATE_HIGH_tinytpu_isa_gmem1_m_axi_CONSERVATIVE1_NUM_READ_OUTSTANDING16_NUM_WRITE_OUTSTANDING16_MAX_READ_BURST_LENGTH16_MAX_WRITE_BURST_LENGTH16_C_M_AXI_ID_WIDTH1_C_M_AXI_ADDR_WIDTH64_C_M_AXI_DATA_WIDTH32_C_M_AXI_AWUSER_WIDTH1_C_M_AXI_ARUSER_WIDTH1_C_M_AXI_WUSER_WIDTH1_C_M_AXI_RUSER_WIDTH1_C_M_AXI_BUSER_WIDTH1_C_USER_VALUE0_C_PROT_VALUE0_C_CACHE_VALUE3_USER_DW32_USER_AW64_USER_MAXREQS7_USER_RFIFONUM_WIDTH9_76
gmem1_m_axi_U/clk_gate_load_unit_buff_rdata_genblk1_U_fifo_mem_mem_reg_33_       3.9900     0.0      0.0000      3.9900 0.0000 SNPS_CLOCK_GATE_HIGH_tinytpu_isa_gmem1_m_axi_CONSERVATIVE1_NUM_READ_OUTSTANDING16_NUM_WRITE_OUTSTANDING16_MAX_READ_BURST_LENGTH16_MAX_WRITE_BURST_LENGTH16_C_M_AXI_ID_WIDTH1_C_M_AXI_ADDR_WIDTH64_C_M_AXI_DATA_WIDTH32_C_M_AXI_AWUSER_WIDTH1_C_M_AXI_ARUSER_WIDTH1_C_M_AXI_WUSER_WIDTH1_C_M_AXI_RUSER_WIDTH1_C_M_AXI_BUSER_WIDTH1_C_USER_VALUE0_C_PROT_VALUE0_C_CACHE_VALUE3_USER_DW32_USER_AW64_USER_MAXREQS7_USER_RFIFONUM_WIDTH9_77
gmem1_m_axi_U/clk_gate_load_unit_buff_rdata_genblk1_U_fifo_mem_mem_reg_34_       3.9900     0.0      0.0000      3.9900 0.0000 SNPS_CLOCK_GATE_HIGH_tinytpu_isa_gmem1_m_axi_CONSERVATIVE1_NUM_READ_OUTSTANDING16_NUM_WRITE_OUTSTANDING16_MAX_READ_BURST_LENGTH16_MAX_WRITE_BURST_LENGTH16_C_M_AXI_ID_WIDTH1_C_M_AXI_ADDR_WIDTH64_C_M_AXI_DATA_WIDTH32_C_M_AXI_AWUSER_WIDTH1_C_M_AXI_ARUSER_WIDTH1_C_M_AXI_WUSER_WIDTH1_C_M_AXI_RUSER_WIDTH1_C_M_AXI_BUSER_WIDTH1_C_USER_VALUE0_C_PROT_VALUE0_C_CACHE_VALUE3_USER_DW32_USER_AW64_USER_MAXREQS7_USER_RFIFONUM_WIDTH9_78
gmem1_m_axi_U/clk_gate_load_unit_buff_rdata_genblk1_U_fifo_mem_mem_reg_35_       3.9900     0.0      0.0000      3.9900 0.0000 SNPS_CLOCK_GATE_HIGH_tinytpu_isa_gmem1_m_axi_CONSERVATIVE1_NUM_READ_OUTSTANDING16_NUM_WRITE_OUTSTANDING16_MAX_READ_BURST_LENGTH16_MAX_WRITE_BURST_LENGTH16_C_M_AXI_ID_WIDTH1_C_M_AXI_ADDR_WIDTH64_C_M_AXI_DATA_WIDTH32_C_M_AXI_AWUSER_WIDTH1_C_M_AXI_ARUSER_WIDTH1_C_M_AXI_WUSER_WIDTH1_C_M_AXI_RUSER_WIDTH1_C_M_AXI_BUSER_WIDTH1_C_USER_VALUE0_C_PROT_VALUE0_C_CACHE_VALUE3_USER_DW32_USER_AW64_USER_MAXREQS7_USER_RFIFONUM_WIDTH9_79
gmem1_m_axi_U/clk_gate_load_unit_buff_rdata_genblk1_U_fifo_mem_mem_reg_36_       3.9900     0.0      0.0000      3.9900 0.0000 SNPS_CLOCK_GATE_HIGH_tinytpu_isa_gmem1_m_axi_CONSERVATIVE1_NUM_READ_OUTSTANDING16_NUM_WRITE_OUTSTANDING16_MAX_READ_BURST_LENGTH16_MAX_WRITE_BURST_LENGTH16_C_M_AXI_ID_WIDTH1_C_M_AXI_ADDR_WIDTH64_C_M_AXI_DATA_WIDTH32_C_M_AXI_AWUSER_WIDTH1_C_M_AXI_ARUSER_WIDTH1_C_M_AXI_WUSER_WIDTH1_C_M_AXI_RUSER_WIDTH1_C_M_AXI_BUSER_WIDTH1_C_USER_VALUE0_C_PROT_VALUE0_C_CACHE_VALUE3_USER_DW32_USER_AW64_USER_MAXREQS7_USER_RFIFONUM_WIDTH9_80
gmem1_m_axi_U/clk_gate_load_unit_buff_rdata_genblk1_U_fifo_mem_mem_reg_37_       3.9900     0.0      0.0000      3.9900 0.0000 SNPS_CLOCK_GATE_HIGH_tinytpu_isa_gmem1_m_axi_CONSERVATIVE1_NUM_READ_OUTSTANDING16_NUM_WRITE_OUTSTANDING16_MAX_READ_BURST_LENGTH16_MAX_WRITE_BURST_LENGTH16_C_M_AXI_ID_WIDTH1_C_M_AXI_ADDR_WIDTH64_C_M_AXI_DATA_WIDTH32_C_M_AXI_AWUSER_WIDTH1_C_M_AXI_ARUSER_WIDTH1_C_M_AXI_WUSER_WIDTH1_C_M_AXI_RUSER_WIDTH1_C_M_AXI_BUSER_WIDTH1_C_USER_VALUE0_C_PROT_VALUE0_C_CACHE_VALUE3_USER_DW32_USER_AW64_USER_MAXREQS7_USER_RFIFONUM_WIDTH9_81
gmem1_m_axi_U/clk_gate_load_unit_buff_rdata_genblk1_U_fifo_mem_mem_reg_38_       3.9900     0.0      0.0000      3.9900 0.0000 SNPS_CLOCK_GATE_HIGH_tinytpu_isa_gmem1_m_axi_CONSERVATIVE1_NUM_READ_OUTSTANDING16_NUM_WRITE_OUTSTANDING16_MAX_READ_BURST_LENGTH16_MAX_WRITE_BURST_LENGTH16_C_M_AXI_ID_WIDTH1_C_M_AXI_ADDR_WIDTH64_C_M_AXI_DATA_WIDTH32_C_M_AXI_AWUSER_WIDTH1_C_M_AXI_ARUSER_WIDTH1_C_M_AXI_WUSER_WIDTH1_C_M_AXI_RUSER_WIDTH1_C_M_AXI_BUSER_WIDTH1_C_USER_VALUE0_C_PROT_VALUE0_C_CACHE_VALUE3_USER_DW32_USER_AW64_USER_MAXREQS7_USER_RFIFONUM_WIDTH9_82
gmem1_m_axi_U/clk_gate_load_unit_buff_rdata_genblk1_U_fifo_mem_mem_reg_39_       3.9900     0.0      0.0000      3.9900 0.0000 SNPS_CLOCK_GATE_HIGH_tinytpu_isa_gmem1_m_axi_CONSERVATIVE1_NUM_READ_OUTSTANDING16_NUM_WRITE_OUTSTANDING16_MAX_READ_BURST_LENGTH16_MAX_WRITE_BURST_LENGTH16_C_M_AXI_ID_WIDTH1_C_M_AXI_ADDR_WIDTH64_C_M_AXI_DATA_WIDTH32_C_M_AXI_AWUSER_WIDTH1_C_M_AXI_ARUSER_WIDTH1_C_M_AXI_WUSER_WIDTH1_C_M_AXI_RUSER_WIDTH1_C_M_AXI_BUSER_WIDTH1_C_USER_VALUE0_C_PROT_VALUE0_C_CACHE_VALUE3_USER_DW32_USER_AW64_USER_MAXREQS7_USER_RFIFONUM_WIDTH9_83
gmem1_m_axi_U/clk_gate_load_unit_buff_rdata_genblk1_U_fifo_mem_mem_reg_3_       3.9900     0.0      0.0000      3.9900 0.0000 SNPS_CLOCK_GATE_HIGH_tinytpu_isa_gmem1_m_axi_CONSERVATIVE1_NUM_READ_OUTSTANDING16_NUM_WRITE_OUTSTANDING16_MAX_READ_BURST_LENGTH16_MAX_WRITE_BURST_LENGTH16_C_M_AXI_ID_WIDTH1_C_M_AXI_ADDR_WIDTH64_C_M_AXI_DATA_WIDTH32_C_M_AXI_AWUSER_WIDTH1_C_M_AXI_ARUSER_WIDTH1_C_M_AXI_WUSER_WIDTH1_C_M_AXI_RUSER_WIDTH1_C_M_AXI_BUSER_WIDTH1_C_USER_VALUE0_C_PROT_VALUE0_C_CACHE_VALUE3_USER_DW32_USER_AW64_USER_MAXREQS7_USER_RFIFONUM_WIDTH9_47
gmem1_m_axi_U/clk_gate_load_unit_buff_rdata_genblk1_U_fifo_mem_mem_reg_40_       3.9900     0.0      0.0000      3.9900 0.0000 SNPS_CLOCK_GATE_HIGH_tinytpu_isa_gmem1_m_axi_CONSERVATIVE1_NUM_READ_OUTSTANDING16_NUM_WRITE_OUTSTANDING16_MAX_READ_BURST_LENGTH16_MAX_WRITE_BURST_LENGTH16_C_M_AXI_ID_WIDTH1_C_M_AXI_ADDR_WIDTH64_C_M_AXI_DATA_WIDTH32_C_M_AXI_AWUSER_WIDTH1_C_M_AXI_ARUSER_WIDTH1_C_M_AXI_WUSER_WIDTH1_C_M_AXI_RUSER_WIDTH1_C_M_AXI_BUSER_WIDTH1_C_USER_VALUE0_C_PROT_VALUE0_C_CACHE_VALUE3_USER_DW32_USER_AW64_USER_MAXREQS7_USER_RFIFONUM_WIDTH9_84
gmem1_m_axi_U/clk_gate_load_unit_buff_rdata_genblk1_U_fifo_mem_mem_reg_41_       3.9900     0.0      0.0000      3.9900 0.0000 SNPS_CLOCK_GATE_HIGH_tinytpu_isa_gmem1_m_axi_CONSERVATIVE1_NUM_READ_OUTSTANDING16_NUM_WRITE_OUTSTANDING16_MAX_READ_BURST_LENGTH16_MAX_WRITE_BURST_LENGTH16_C_M_AXI_ID_WIDTH1_C_M_AXI_ADDR_WIDTH64_C_M_AXI_DATA_WIDTH32_C_M_AXI_AWUSER_WIDTH1_C_M_AXI_ARUSER_WIDTH1_C_M_AXI_WUSER_WIDTH1_C_M_AXI_RUSER_WIDTH1_C_M_AXI_BUSER_WIDTH1_C_USER_VALUE0_C_PROT_VALUE0_C_CACHE_VALUE3_USER_DW32_USER_AW64_USER_MAXREQS7_USER_RFIFONUM_WIDTH9_85
gmem1_m_axi_U/clk_gate_load_unit_buff_rdata_genblk1_U_fifo_mem_mem_reg_42_       3.9900     0.0      0.0000      3.9900 0.0000 SNPS_CLOCK_GATE_HIGH_tinytpu_isa_gmem1_m_axi_CONSERVATIVE1_NUM_READ_OUTSTANDING16_NUM_WRITE_OUTSTANDING16_MAX_READ_BURST_LENGTH16_MAX_WRITE_BURST_LENGTH16_C_M_AXI_ID_WIDTH1_C_M_AXI_ADDR_WIDTH64_C_M_AXI_DATA_WIDTH32_C_M_AXI_AWUSER_WIDTH1_C_M_AXI_ARUSER_WIDTH1_C_M_AXI_WUSER_WIDTH1_C_M_AXI_RUSER_WIDTH1_C_M_AXI_BUSER_WIDTH1_C_USER_VALUE0_C_PROT_VALUE0_C_CACHE_VALUE3_USER_DW32_USER_AW64_USER_MAXREQS7_USER_RFIFONUM_WIDTH9_86
gmem1_m_axi_U/clk_gate_load_unit_buff_rdata_genblk1_U_fifo_mem_mem_reg_43_       3.9900     0.0      0.0000      3.9900 0.0000 SNPS_CLOCK_GATE_HIGH_tinytpu_isa_gmem1_m_axi_CONSERVATIVE1_NUM_READ_OUTSTANDING16_NUM_WRITE_OUTSTANDING16_MAX_READ_BURST_LENGTH16_MAX_WRITE_BURST_LENGTH16_C_M_AXI_ID_WIDTH1_C_M_AXI_ADDR_WIDTH64_C_M_AXI_DATA_WIDTH32_C_M_AXI_AWUSER_WIDTH1_C_M_AXI_ARUSER_WIDTH1_C_M_AXI_WUSER_WIDTH1_C_M_AXI_RUSER_WIDTH1_C_M_AXI_BUSER_WIDTH1_C_USER_VALUE0_C_PROT_VALUE0_C_CACHE_VALUE3_USER_DW32_USER_AW64_USER_MAXREQS7_USER_RFIFONUM_WIDTH9_87
gmem1_m_axi_U/clk_gate_load_unit_buff_rdata_genblk1_U_fifo_mem_mem_reg_44_       3.9900     0.0      0.0000      3.9900 0.0000 SNPS_CLOCK_GATE_HIGH_tinytpu_isa_gmem1_m_axi_CONSERVATIVE1_NUM_READ_OUTSTANDING16_NUM_WRITE_OUTSTANDING16_MAX_READ_BURST_LENGTH16_MAX_WRITE_BURST_LENGTH16_C_M_AXI_ID_WIDTH1_C_M_AXI_ADDR_WIDTH64_C_M_AXI_DATA_WIDTH32_C_M_AXI_AWUSER_WIDTH1_C_M_AXI_ARUSER_WIDTH1_C_M_AXI_WUSER_WIDTH1_C_M_AXI_RUSER_WIDTH1_C_M_AXI_BUSER_WIDTH1_C_USER_VALUE0_C_PROT_VALUE0_C_CACHE_VALUE3_USER_DW32_USER_AW64_USER_MAXREQS7_USER_RFIFONUM_WIDTH9_88
gmem1_m_axi_U/clk_gate_load_unit_buff_rdata_genblk1_U_fifo_mem_mem_reg_45_       3.9900     0.0      0.0000      3.9900 0.0000 SNPS_CLOCK_GATE_HIGH_tinytpu_isa_gmem1_m_axi_CONSERVATIVE1_NUM_READ_OUTSTANDING16_NUM_WRITE_OUTSTANDING16_MAX_READ_BURST_LENGTH16_MAX_WRITE_BURST_LENGTH16_C_M_AXI_ID_WIDTH1_C_M_AXI_ADDR_WIDTH64_C_M_AXI_DATA_WIDTH32_C_M_AXI_AWUSER_WIDTH1_C_M_AXI_ARUSER_WIDTH1_C_M_AXI_WUSER_WIDTH1_C_M_AXI_RUSER_WIDTH1_C_M_AXI_BUSER_WIDTH1_C_USER_VALUE0_C_PROT_VALUE0_C_CACHE_VALUE3_USER_DW32_USER_AW64_USER_MAXREQS7_USER_RFIFONUM_WIDTH9_89
gmem1_m_axi_U/clk_gate_load_unit_buff_rdata_genblk1_U_fifo_mem_mem_reg_46_       3.9900     0.0      0.0000      3.9900 0.0000 SNPS_CLOCK_GATE_HIGH_tinytpu_isa_gmem1_m_axi_CONSERVATIVE1_NUM_READ_OUTSTANDING16_NUM_WRITE_OUTSTANDING16_MAX_READ_BURST_LENGTH16_MAX_WRITE_BURST_LENGTH16_C_M_AXI_ID_WIDTH1_C_M_AXI_ADDR_WIDTH64_C_M_AXI_DATA_WIDTH32_C_M_AXI_AWUSER_WIDTH1_C_M_AXI_ARUSER_WIDTH1_C_M_AXI_WUSER_WIDTH1_C_M_AXI_RUSER_WIDTH1_C_M_AXI_BUSER_WIDTH1_C_USER_VALUE0_C_PROT_VALUE0_C_CACHE_VALUE3_USER_DW32_USER_AW64_USER_MAXREQS7_USER_RFIFONUM_WIDTH9_90
gmem1_m_axi_U/clk_gate_load_unit_buff_rdata_genblk1_U_fifo_mem_mem_reg_47_       3.9900     0.0      0.0000      3.9900 0.0000 SNPS_CLOCK_GATE_HIGH_tinytpu_isa_gmem1_m_axi_CONSERVATIVE1_NUM_READ_OUTSTANDING16_NUM_WRITE_OUTSTANDING16_MAX_READ_BURST_LENGTH16_MAX_WRITE_BURST_LENGTH16_C_M_AXI_ID_WIDTH1_C_M_AXI_ADDR_WIDTH64_C_M_AXI_DATA_WIDTH32_C_M_AXI_AWUSER_WIDTH1_C_M_AXI_ARUSER_WIDTH1_C_M_AXI_WUSER_WIDTH1_C_M_AXI_RUSER_WIDTH1_C_M_AXI_BUSER_WIDTH1_C_USER_VALUE0_C_PROT_VALUE0_C_CACHE_VALUE3_USER_DW32_USER_AW64_USER_MAXREQS7_USER_RFIFONUM_WIDTH9_91
gmem1_m_axi_U/clk_gate_load_unit_buff_rdata_genblk1_U_fifo_mem_mem_reg_48_       3.9900     0.0      0.0000      3.9900 0.0000 SNPS_CLOCK_GATE_HIGH_tinytpu_isa_gmem1_m_axi_CONSERVATIVE1_NUM_READ_OUTSTANDING16_NUM_WRITE_OUTSTANDING16_MAX_READ_BURST_LENGTH16_MAX_WRITE_BURST_LENGTH16_C_M_AXI_ID_WIDTH1_C_M_AXI_ADDR_WIDTH64_C_M_AXI_DATA_WIDTH32_C_M_AXI_AWUSER_WIDTH1_C_M_AXI_ARUSER_WIDTH1_C_M_AXI_WUSER_WIDTH1_C_M_AXI_RUSER_WIDTH1_C_M_AXI_BUSER_WIDTH1_C_USER_VALUE0_C_PROT_VALUE0_C_CACHE_VALUE3_USER_DW32_USER_AW64_USER_MAXREQS7_USER_RFIFONUM_WIDTH9_92
gmem1_m_axi_U/clk_gate_load_unit_buff_rdata_genblk1_U_fifo_mem_mem_reg_49_       3.9900     0.0      0.0000      3.9900 0.0000 SNPS_CLOCK_GATE_HIGH_tinytpu_isa_gmem1_m_axi_CONSERVATIVE1_NUM_READ_OUTSTANDING16_NUM_WRITE_OUTSTANDING16_MAX_READ_BURST_LENGTH16_MAX_WRITE_BURST_LENGTH16_C_M_AXI_ID_WIDTH1_C_M_AXI_ADDR_WIDTH64_C_M_AXI_DATA_WIDTH32_C_M_AXI_AWUSER_WIDTH1_C_M_AXI_ARUSER_WIDTH1_C_M_AXI_WUSER_WIDTH1_C_M_AXI_RUSER_WIDTH1_C_M_AXI_BUSER_WIDTH1_C_USER_VALUE0_C_PROT_VALUE0_C_CACHE_VALUE3_USER_DW32_USER_AW64_USER_MAXREQS7_USER_RFIFONUM_WIDTH9_93
gmem1_m_axi_U/clk_gate_load_unit_buff_rdata_genblk1_U_fifo_mem_mem_reg_4_       3.9900     0.0      0.0000      3.9900 0.0000 SNPS_CLOCK_GATE_HIGH_tinytpu_isa_gmem1_m_axi_CONSERVATIVE1_NUM_READ_OUTSTANDING16_NUM_WRITE_OUTSTANDING16_MAX_READ_BURST_LENGTH16_MAX_WRITE_BURST_LENGTH16_C_M_AXI_ID_WIDTH1_C_M_AXI_ADDR_WIDTH64_C_M_AXI_DATA_WIDTH32_C_M_AXI_AWUSER_WIDTH1_C_M_AXI_ARUSER_WIDTH1_C_M_AXI_WUSER_WIDTH1_C_M_AXI_RUSER_WIDTH1_C_M_AXI_BUSER_WIDTH1_C_USER_VALUE0_C_PROT_VALUE0_C_CACHE_VALUE3_USER_DW32_USER_AW64_USER_MAXREQS7_USER_RFIFONUM_WIDTH9_48
gmem1_m_axi_U/clk_gate_load_unit_buff_rdata_genblk1_U_fifo_mem_mem_reg_50_       3.9900     0.0      0.0000      3.9900 0.0000 SNPS_CLOCK_GATE_HIGH_tinytpu_isa_gmem1_m_axi_CONSERVATIVE1_NUM_READ_OUTSTANDING16_NUM_WRITE_OUTSTANDING16_MAX_READ_BURST_LENGTH16_MAX_WRITE_BURST_LENGTH16_C_M_AXI_ID_WIDTH1_C_M_AXI_ADDR_WIDTH64_C_M_AXI_DATA_WIDTH32_C_M_AXI_AWUSER_WIDTH1_C_M_AXI_ARUSER_WIDTH1_C_M_AXI_WUSER_WIDTH1_C_M_AXI_RUSER_WIDTH1_C_M_AXI_BUSER_WIDTH1_C_USER_VALUE0_C_PROT_VALUE0_C_CACHE_VALUE3_USER_DW32_USER_AW64_USER_MAXREQS7_USER_RFIFONUM_WIDTH9_94
gmem1_m_axi_U/clk_gate_load_unit_buff_rdata_genblk1_U_fifo_mem_mem_reg_51_       3.9900     0.0      0.0000      3.9900 0.0000 SNPS_CLOCK_GATE_HIGH_tinytpu_isa_gmem1_m_axi_CONSERVATIVE1_NUM_READ_OUTSTANDING16_NUM_WRITE_OUTSTANDING16_MAX_READ_BURST_LENGTH16_MAX_WRITE_BURST_LENGTH16_C_M_AXI_ID_WIDTH1_C_M_AXI_ADDR_WIDTH64_C_M_AXI_DATA_WIDTH32_C_M_AXI_AWUSER_WIDTH1_C_M_AXI_ARUSER_WIDTH1_C_M_AXI_WUSER_WIDTH1_C_M_AXI_RUSER_WIDTH1_C_M_AXI_BUSER_WIDTH1_C_USER_VALUE0_C_PROT_VALUE0_C_CACHE_VALUE3_USER_DW32_USER_AW64_USER_MAXREQS7_USER_RFIFONUM_WIDTH9_95
gmem1_m_axi_U/clk_gate_load_unit_buff_rdata_genblk1_U_fifo_mem_mem_reg_52_       3.9900     0.0      0.0000      3.9900 0.0000 SNPS_CLOCK_GATE_HIGH_tinytpu_isa_gmem1_m_axi_CONSERVATIVE1_NUM_READ_OUTSTANDING16_NUM_WRITE_OUTSTANDING16_MAX_READ_BURST_LENGTH16_MAX_WRITE_BURST_LENGTH16_C_M_AXI_ID_WIDTH1_C_M_AXI_ADDR_WIDTH64_C_M_AXI_DATA_WIDTH32_C_M_AXI_AWUSER_WIDTH1_C_M_AXI_ARUSER_WIDTH1_C_M_AXI_WUSER_WIDTH1_C_M_AXI_RUSER_WIDTH1_C_M_AXI_BUSER_WIDTH1_C_USER_VALUE0_C_PROT_VALUE0_C_CACHE_VALUE3_USER_DW32_USER_AW64_USER_MAXREQS7_USER_RFIFONUM_WIDTH9_96
gmem1_m_axi_U/clk_gate_load_unit_buff_rdata_genblk1_U_fifo_mem_mem_reg_53_       3.9900     0.0      0.0000      3.9900 0.0000 SNPS_CLOCK_GATE_HIGH_tinytpu_isa_gmem1_m_axi_CONSERVATIVE1_NUM_READ_OUTSTANDING16_NUM_WRITE_OUTSTANDING16_MAX_READ_BURST_LENGTH16_MAX_WRITE_BURST_LENGTH16_C_M_AXI_ID_WIDTH1_C_M_AXI_ADDR_WIDTH64_C_M_AXI_DATA_WIDTH32_C_M_AXI_AWUSER_WIDTH1_C_M_AXI_ARUSER_WIDTH1_C_M_AXI_WUSER_WIDTH1_C_M_AXI_RUSER_WIDTH1_C_M_AXI_BUSER_WIDTH1_C_USER_VALUE0_C_PROT_VALUE0_C_CACHE_VALUE3_USER_DW32_USER_AW64_USER_MAXREQS7_USER_RFIFONUM_WIDTH9_97
gmem1_m_axi_U/clk_gate_load_unit_buff_rdata_genblk1_U_fifo_mem_mem_reg_54_       3.9900     0.0      0.0000      3.9900 0.0000 SNPS_CLOCK_GATE_HIGH_tinytpu_isa_gmem1_m_axi_CONSERVATIVE1_NUM_READ_OUTSTANDING16_NUM_WRITE_OUTSTANDING16_MAX_READ_BURST_LENGTH16_MAX_WRITE_BURST_LENGTH16_C_M_AXI_ID_WIDTH1_C_M_AXI_ADDR_WIDTH64_C_M_AXI_DATA_WIDTH32_C_M_AXI_AWUSER_WIDTH1_C_M_AXI_ARUSER_WIDTH1_C_M_AXI_WUSER_WIDTH1_C_M_AXI_RUSER_WIDTH1_C_M_AXI_BUSER_WIDTH1_C_USER_VALUE0_C_PROT_VALUE0_C_CACHE_VALUE3_USER_DW32_USER_AW64_USER_MAXREQS7_USER_RFIFONUM_WIDTH9_98
gmem1_m_axi_U/clk_gate_load_unit_buff_rdata_genblk1_U_fifo_mem_mem_reg_55_       3.9900     0.0      0.0000      3.9900 0.0000 SNPS_CLOCK_GATE_HIGH_tinytpu_isa_gmem1_m_axi_CONSERVATIVE1_NUM_READ_OUTSTANDING16_NUM_WRITE_OUTSTANDING16_MAX_READ_BURST_LENGTH16_MAX_WRITE_BURST_LENGTH16_C_M_AXI_ID_WIDTH1_C_M_AXI_ADDR_WIDTH64_C_M_AXI_DATA_WIDTH32_C_M_AXI_AWUSER_WIDTH1_C_M_AXI_ARUSER_WIDTH1_C_M_AXI_WUSER_WIDTH1_C_M_AXI_RUSER_WIDTH1_C_M_AXI_BUSER_WIDTH1_C_USER_VALUE0_C_PROT_VALUE0_C_CACHE_VALUE3_USER_DW32_USER_AW64_USER_MAXREQS7_USER_RFIFONUM_WIDTH9_99
gmem1_m_axi_U/clk_gate_load_unit_buff_rdata_genblk1_U_fifo_mem_mem_reg_56_       3.9900     0.0      0.0000      3.9900 0.0000 SNPS_CLOCK_GATE_HIGH_tinytpu_isa_gmem1_m_axi_CONSERVATIVE1_NUM_READ_OUTSTANDING16_NUM_WRITE_OUTSTANDING16_MAX_READ_BURST_LENGTH16_MAX_WRITE_BURST_LENGTH16_C_M_AXI_ID_WIDTH1_C_M_AXI_ADDR_WIDTH64_C_M_AXI_DATA_WIDTH32_C_M_AXI_AWUSER_WIDTH1_C_M_AXI_ARUSER_WIDTH1_C_M_AXI_WUSER_WIDTH1_C_M_AXI_RUSER_WIDTH1_C_M_AXI_BUSER_WIDTH1_C_USER_VALUE0_C_PROT_VALUE0_C_CACHE_VALUE3_USER_DW32_USER_AW64_USER_MAXREQS7_USER_RFIFONUM_WIDTH9_100
gmem1_m_axi_U/clk_gate_load_unit_buff_rdata_genblk1_U_fifo_mem_mem_reg_57_       3.9900     0.0      0.0000      3.9900 0.0000 SNPS_CLOCK_GATE_HIGH_tinytpu_isa_gmem1_m_axi_CONSERVATIVE1_NUM_READ_OUTSTANDING16_NUM_WRITE_OUTSTANDING16_MAX_READ_BURST_LENGTH16_MAX_WRITE_BURST_LENGTH16_C_M_AXI_ID_WIDTH1_C_M_AXI_ADDR_WIDTH64_C_M_AXI_DATA_WIDTH32_C_M_AXI_AWUSER_WIDTH1_C_M_AXI_ARUSER_WIDTH1_C_M_AXI_WUSER_WIDTH1_C_M_AXI_RUSER_WIDTH1_C_M_AXI_BUSER_WIDTH1_C_USER_VALUE0_C_PROT_VALUE0_C_CACHE_VALUE3_USER_DW32_USER_AW64_USER_MAXREQS7_USER_RFIFONUM_WIDTH9_101
gmem1_m_axi_U/clk_gate_load_unit_buff_rdata_genblk1_U_fifo_mem_mem_reg_58_       3.9900     0.0      0.0000      3.9900 0.0000 SNPS_CLOCK_GATE_HIGH_tinytpu_isa_gmem1_m_axi_CONSERVATIVE1_NUM_READ_OUTSTANDING16_NUM_WRITE_OUTSTANDING16_MAX_READ_BURST_LENGTH16_MAX_WRITE_BURST_LENGTH16_C_M_AXI_ID_WIDTH1_C_M_AXI_ADDR_WIDTH64_C_M_AXI_DATA_WIDTH32_C_M_AXI_AWUSER_WIDTH1_C_M_AXI_ARUSER_WIDTH1_C_M_AXI_WUSER_WIDTH1_C_M_AXI_RUSER_WIDTH1_C_M_AXI_BUSER_WIDTH1_C_USER_VALUE0_C_PROT_VALUE0_C_CACHE_VALUE3_USER_DW32_USER_AW64_USER_MAXREQS7_USER_RFIFONUM_WIDTH9_102
gmem1_m_axi_U/clk_gate_load_unit_buff_rdata_genblk1_U_fifo_mem_mem_reg_59_       3.9900     0.0      0.0000      3.9900 0.0000 SNPS_CLOCK_GATE_HIGH_tinytpu_isa_gmem1_m_axi_CONSERVATIVE1_NUM_READ_OUTSTANDING16_NUM_WRITE_OUTSTANDING16_MAX_READ_BURST_LENGTH16_MAX_WRITE_BURST_LENGTH16_C_M_AXI_ID_WIDTH1_C_M_AXI_ADDR_WIDTH64_C_M_AXI_DATA_WIDTH32_C_M_AXI_AWUSER_WIDTH1_C_M_AXI_ARUSER_WIDTH1_C_M_AXI_WUSER_WIDTH1_C_M_AXI_RUSER_WIDTH1_C_M_AXI_BUSER_WIDTH1_C_USER_VALUE0_C_PROT_VALUE0_C_CACHE_VALUE3_USER_DW32_USER_AW64_USER_MAXREQS7_USER_RFIFONUM_WIDTH9_103
gmem1_m_axi_U/clk_gate_load_unit_buff_rdata_genblk1_U_fifo_mem_mem_reg_5_       3.9900     0.0      0.0000      3.9900 0.0000 SNPS_CLOCK_GATE_HIGH_tinytpu_isa_gmem1_m_axi_CONSERVATIVE1_NUM_READ_OUTSTANDING16_NUM_WRITE_OUTSTANDING16_MAX_READ_BURST_LENGTH16_MAX_WRITE_BURST_LENGTH16_C_M_AXI_ID_WIDTH1_C_M_AXI_ADDR_WIDTH64_C_M_AXI_DATA_WIDTH32_C_M_AXI_AWUSER_WIDTH1_C_M_AXI_ARUSER_WIDTH1_C_M_AXI_WUSER_WIDTH1_C_M_AXI_RUSER_WIDTH1_C_M_AXI_BUSER_WIDTH1_C_USER_VALUE0_C_PROT_VALUE0_C_CACHE_VALUE3_USER_DW32_USER_AW64_USER_MAXREQS7_USER_RFIFONUM_WIDTH9_49
gmem1_m_axi_U/clk_gate_load_unit_buff_rdata_genblk1_U_fifo_mem_mem_reg_60_       3.9900     0.0      0.0000      3.9900 0.0000 SNPS_CLOCK_GATE_HIGH_tinytpu_isa_gmem1_m_axi_CONSERVATIVE1_NUM_READ_OUTSTANDING16_NUM_WRITE_OUTSTANDING16_MAX_READ_BURST_LENGTH16_MAX_WRITE_BURST_LENGTH16_C_M_AXI_ID_WIDTH1_C_M_AXI_ADDR_WIDTH64_C_M_AXI_DATA_WIDTH32_C_M_AXI_AWUSER_WIDTH1_C_M_AXI_ARUSER_WIDTH1_C_M_AXI_WUSER_WIDTH1_C_M_AXI_RUSER_WIDTH1_C_M_AXI_BUSER_WIDTH1_C_USER_VALUE0_C_PROT_VALUE0_C_CACHE_VALUE3_USER_DW32_USER_AW64_USER_MAXREQS7_USER_RFIFONUM_WIDTH9_104
gmem1_m_axi_U/clk_gate_load_unit_buff_rdata_genblk1_U_fifo_mem_mem_reg_61_       3.9900     0.0      0.0000      3.9900 0.0000 SNPS_CLOCK_GATE_HIGH_tinytpu_isa_gmem1_m_axi_CONSERVATIVE1_NUM_READ_OUTSTANDING16_NUM_WRITE_OUTSTANDING16_MAX_READ_BURST_LENGTH16_MAX_WRITE_BURST_LENGTH16_C_M_AXI_ID_WIDTH1_C_M_AXI_ADDR_WIDTH64_C_M_AXI_DATA_WIDTH32_C_M_AXI_AWUSER_WIDTH1_C_M_AXI_ARUSER_WIDTH1_C_M_AXI_WUSER_WIDTH1_C_M_AXI_RUSER_WIDTH1_C_M_AXI_BUSER_WIDTH1_C_USER_VALUE0_C_PROT_VALUE0_C_CACHE_VALUE3_USER_DW32_USER_AW64_USER_MAXREQS7_USER_RFIFONUM_WIDTH9_105
gmem1_m_axi_U/clk_gate_load_unit_buff_rdata_genblk1_U_fifo_mem_mem_reg_62_       3.9900     0.0      0.0000      3.9900 0.0000 SNPS_CLOCK_GATE_HIGH_tinytpu_isa_gmem1_m_axi_CONSERVATIVE1_NUM_READ_OUTSTANDING16_NUM_WRITE_OUTSTANDING16_MAX_READ_BURST_LENGTH16_MAX_WRITE_BURST_LENGTH16_C_M_AXI_ID_WIDTH1_C_M_AXI_ADDR_WIDTH64_C_M_AXI_DATA_WIDTH32_C_M_AXI_AWUSER_WIDTH1_C_M_AXI_ARUSER_WIDTH1_C_M_AXI_WUSER_WIDTH1_C_M_AXI_RUSER_WIDTH1_C_M_AXI_BUSER_WIDTH1_C_USER_VALUE0_C_PROT_VALUE0_C_CACHE_VALUE3_USER_DW32_USER_AW64_USER_MAXREQS7_USER_RFIFONUM_WIDTH9_106
gmem1_m_axi_U/clk_gate_load_unit_buff_rdata_genblk1_U_fifo_mem_mem_reg_63_       3.9900     0.0      0.0000      3.9900 0.0000 SNPS_CLOCK_GATE_HIGH_tinytpu_isa_gmem1_m_axi_CONSERVATIVE1_NUM_READ_OUTSTANDING16_NUM_WRITE_OUTSTANDING16_MAX_READ_BURST_LENGTH16_MAX_WRITE_BURST_LENGTH16_C_M_AXI_ID_WIDTH1_C_M_AXI_ADDR_WIDTH64_C_M_AXI_DATA_WIDTH32_C_M_AXI_AWUSER_WIDTH1_C_M_AXI_ARUSER_WIDTH1_C_M_AXI_WUSER_WIDTH1_C_M_AXI_RUSER_WIDTH1_C_M_AXI_BUSER_WIDTH1_C_USER_VALUE0_C_PROT_VALUE0_C_CACHE_VALUE3_USER_DW32_USER_AW64_USER_MAXREQS7_USER_RFIFONUM_WIDTH9_107
gmem1_m_axi_U/clk_gate_load_unit_buff_rdata_genblk1_U_fifo_mem_mem_reg_64_       3.9900     0.0      0.0000      3.9900 0.0000 SNPS_CLOCK_GATE_HIGH_tinytpu_isa_gmem1_m_axi_CONSERVATIVE1_NUM_READ_OUTSTANDING16_NUM_WRITE_OUTSTANDING16_MAX_READ_BURST_LENGTH16_MAX_WRITE_BURST_LENGTH16_C_M_AXI_ID_WIDTH1_C_M_AXI_ADDR_WIDTH64_C_M_AXI_DATA_WIDTH32_C_M_AXI_AWUSER_WIDTH1_C_M_AXI_ARUSER_WIDTH1_C_M_AXI_WUSER_WIDTH1_C_M_AXI_RUSER_WIDTH1_C_M_AXI_BUSER_WIDTH1_C_USER_VALUE0_C_PROT_VALUE0_C_CACHE_VALUE3_USER_DW32_USER_AW64_USER_MAXREQS7_USER_RFIFONUM_WIDTH9_108
gmem1_m_axi_U/clk_gate_load_unit_buff_rdata_genblk1_U_fifo_mem_mem_reg_65_       3.9900     0.0      0.0000      3.9900 0.0000 SNPS_CLOCK_GATE_HIGH_tinytpu_isa_gmem1_m_axi_CONSERVATIVE1_NUM_READ_OUTSTANDING16_NUM_WRITE_OUTSTANDING16_MAX_READ_BURST_LENGTH16_MAX_WRITE_BURST_LENGTH16_C_M_AXI_ID_WIDTH1_C_M_AXI_ADDR_WIDTH64_C_M_AXI_DATA_WIDTH32_C_M_AXI_AWUSER_WIDTH1_C_M_AXI_ARUSER_WIDTH1_C_M_AXI_WUSER_WIDTH1_C_M_AXI_RUSER_WIDTH1_C_M_AXI_BUSER_WIDTH1_C_USER_VALUE0_C_PROT_VALUE0_C_CACHE_VALUE3_USER_DW32_USER_AW64_USER_MAXREQS7_USER_RFIFONUM_WIDTH9_109
gmem1_m_axi_U/clk_gate_load_unit_buff_rdata_genblk1_U_fifo_mem_mem_reg_66_       3.9900     0.0      0.0000      3.9900 0.0000 SNPS_CLOCK_GATE_HIGH_tinytpu_isa_gmem1_m_axi_CONSERVATIVE1_NUM_READ_OUTSTANDING16_NUM_WRITE_OUTSTANDING16_MAX_READ_BURST_LENGTH16_MAX_WRITE_BURST_LENGTH16_C_M_AXI_ID_WIDTH1_C_M_AXI_ADDR_WIDTH64_C_M_AXI_DATA_WIDTH32_C_M_AXI_AWUSER_WIDTH1_C_M_AXI_ARUSER_WIDTH1_C_M_AXI_WUSER_WIDTH1_C_M_AXI_RUSER_WIDTH1_C_M_AXI_BUSER_WIDTH1_C_USER_VALUE0_C_PROT_VALUE0_C_CACHE_VALUE3_USER_DW32_USER_AW64_USER_MAXREQS7_USER_RFIFONUM_WIDTH9_110
gmem1_m_axi_U/clk_gate_load_unit_buff_rdata_genblk1_U_fifo_mem_mem_reg_67_       3.9900     0.0      0.0000      3.9900 0.0000 SNPS_CLOCK_GATE_HIGH_tinytpu_isa_gmem1_m_axi_CONSERVATIVE1_NUM_READ_OUTSTANDING16_NUM_WRITE_OUTSTANDING16_MAX_READ_BURST_LENGTH16_MAX_WRITE_BURST_LENGTH16_C_M_AXI_ID_WIDTH1_C_M_AXI_ADDR_WIDTH64_C_M_AXI_DATA_WIDTH32_C_M_AXI_AWUSER_WIDTH1_C_M_AXI_ARUSER_WIDTH1_C_M_AXI_WUSER_WIDTH1_C_M_AXI_RUSER_WIDTH1_C_M_AXI_BUSER_WIDTH1_C_USER_VALUE0_C_PROT_VALUE0_C_CACHE_VALUE3_USER_DW32_USER_AW64_USER_MAXREQS7_USER_RFIFONUM_WIDTH9_111
gmem1_m_axi_U/clk_gate_load_unit_buff_rdata_genblk1_U_fifo_mem_mem_reg_68_       3.9900     0.0      0.0000      3.9900 0.0000 SNPS_CLOCK_GATE_HIGH_tinytpu_isa_gmem1_m_axi_CONSERVATIVE1_NUM_READ_OUTSTANDING16_NUM_WRITE_OUTSTANDING16_MAX_READ_BURST_LENGTH16_MAX_WRITE_BURST_LENGTH16_C_M_AXI_ID_WIDTH1_C_M_AXI_ADDR_WIDTH64_C_M_AXI_DATA_WIDTH32_C_M_AXI_AWUSER_WIDTH1_C_M_AXI_ARUSER_WIDTH1_C_M_AXI_WUSER_WIDTH1_C_M_AXI_RUSER_WIDTH1_C_M_AXI_BUSER_WIDTH1_C_USER_VALUE0_C_PROT_VALUE0_C_CACHE_VALUE3_USER_DW32_USER_AW64_USER_MAXREQS7_USER_RFIFONUM_WIDTH9_112
gmem1_m_axi_U/clk_gate_load_unit_buff_rdata_genblk1_U_fifo_mem_mem_reg_69_       3.9900     0.0      0.0000      3.9900 0.0000 SNPS_CLOCK_GATE_HIGH_tinytpu_isa_gmem1_m_axi_CONSERVATIVE1_NUM_READ_OUTSTANDING16_NUM_WRITE_OUTSTANDING16_MAX_READ_BURST_LENGTH16_MAX_WRITE_BURST_LENGTH16_C_M_AXI_ID_WIDTH1_C_M_AXI_ADDR_WIDTH64_C_M_AXI_DATA_WIDTH32_C_M_AXI_AWUSER_WIDTH1_C_M_AXI_ARUSER_WIDTH1_C_M_AXI_WUSER_WIDTH1_C_M_AXI_RUSER_WIDTH1_C_M_AXI_BUSER_WIDTH1_C_USER_VALUE0_C_PROT_VALUE0_C_CACHE_VALUE3_USER_DW32_USER_AW64_USER_MAXREQS7_USER_RFIFONUM_WIDTH9_113
gmem1_m_axi_U/clk_gate_load_unit_buff_rdata_genblk1_U_fifo_mem_mem_reg_6_       3.9900     0.0      0.0000      3.9900 0.0000 SNPS_CLOCK_GATE_HIGH_tinytpu_isa_gmem1_m_axi_CONSERVATIVE1_NUM_READ_OUTSTANDING16_NUM_WRITE_OUTSTANDING16_MAX_READ_BURST_LENGTH16_MAX_WRITE_BURST_LENGTH16_C_M_AXI_ID_WIDTH1_C_M_AXI_ADDR_WIDTH64_C_M_AXI_DATA_WIDTH32_C_M_AXI_AWUSER_WIDTH1_C_M_AXI_ARUSER_WIDTH1_C_M_AXI_WUSER_WIDTH1_C_M_AXI_RUSER_WIDTH1_C_M_AXI_BUSER_WIDTH1_C_USER_VALUE0_C_PROT_VALUE0_C_CACHE_VALUE3_USER_DW32_USER_AW64_USER_MAXREQS7_USER_RFIFONUM_WIDTH9_50
gmem1_m_axi_U/clk_gate_load_unit_buff_rdata_genblk1_U_fifo_mem_mem_reg_70_       3.9900     0.0      0.0000      3.9900 0.0000 SNPS_CLOCK_GATE_HIGH_tinytpu_isa_gmem1_m_axi_CONSERVATIVE1_NUM_READ_OUTSTANDING16_NUM_WRITE_OUTSTANDING16_MAX_READ_BURST_LENGTH16_MAX_WRITE_BURST_LENGTH16_C_M_AXI_ID_WIDTH1_C_M_AXI_ADDR_WIDTH64_C_M_AXI_DATA_WIDTH32_C_M_AXI_AWUSER_WIDTH1_C_M_AXI_ARUSER_WIDTH1_C_M_AXI_WUSER_WIDTH1_C_M_AXI_RUSER_WIDTH1_C_M_AXI_BUSER_WIDTH1_C_USER_VALUE0_C_PROT_VALUE0_C_CACHE_VALUE3_USER_DW32_USER_AW64_USER_MAXREQS7_USER_RFIFONUM_WIDTH9_114
gmem1_m_axi_U/clk_gate_load_unit_buff_rdata_genblk1_U_fifo_mem_mem_reg_71_       3.9900     0.0      0.0000      3.9900 0.0000 SNPS_CLOCK_GATE_HIGH_tinytpu_isa_gmem1_m_axi_CONSERVATIVE1_NUM_READ_OUTSTANDING16_NUM_WRITE_OUTSTANDING16_MAX_READ_BURST_LENGTH16_MAX_WRITE_BURST_LENGTH16_C_M_AXI_ID_WIDTH1_C_M_AXI_ADDR_WIDTH64_C_M_AXI_DATA_WIDTH32_C_M_AXI_AWUSER_WIDTH1_C_M_AXI_ARUSER_WIDTH1_C_M_AXI_WUSER_WIDTH1_C_M_AXI_RUSER_WIDTH1_C_M_AXI_BUSER_WIDTH1_C_USER_VALUE0_C_PROT_VALUE0_C_CACHE_VALUE3_USER_DW32_USER_AW64_USER_MAXREQS7_USER_RFIFONUM_WIDTH9_115
gmem1_m_axi_U/clk_gate_load_unit_buff_rdata_genblk1_U_fifo_mem_mem_reg_72_       3.9900     0.0      0.0000      3.9900 0.0000 SNPS_CLOCK_GATE_HIGH_tinytpu_isa_gmem1_m_axi_CONSERVATIVE1_NUM_READ_OUTSTANDING16_NUM_WRITE_OUTSTANDING16_MAX_READ_BURST_LENGTH16_MAX_WRITE_BURST_LENGTH16_C_M_AXI_ID_WIDTH1_C_M_AXI_ADDR_WIDTH64_C_M_AXI_DATA_WIDTH32_C_M_AXI_AWUSER_WIDTH1_C_M_AXI_ARUSER_WIDTH1_C_M_AXI_WUSER_WIDTH1_C_M_AXI_RUSER_WIDTH1_C_M_AXI_BUSER_WIDTH1_C_USER_VALUE0_C_PROT_VALUE0_C_CACHE_VALUE3_USER_DW32_USER_AW64_USER_MAXREQS7_USER_RFIFONUM_WIDTH9_116
gmem1_m_axi_U/clk_gate_load_unit_buff_rdata_genblk1_U_fifo_mem_mem_reg_73_       3.9900     0.0      0.0000      3.9900 0.0000 SNPS_CLOCK_GATE_HIGH_tinytpu_isa_gmem1_m_axi_CONSERVATIVE1_NUM_READ_OUTSTANDING16_NUM_WRITE_OUTSTANDING16_MAX_READ_BURST_LENGTH16_MAX_WRITE_BURST_LENGTH16_C_M_AXI_ID_WIDTH1_C_M_AXI_ADDR_WIDTH64_C_M_AXI_DATA_WIDTH32_C_M_AXI_AWUSER_WIDTH1_C_M_AXI_ARUSER_WIDTH1_C_M_AXI_WUSER_WIDTH1_C_M_AXI_RUSER_WIDTH1_C_M_AXI_BUSER_WIDTH1_C_USER_VALUE0_C_PROT_VALUE0_C_CACHE_VALUE3_USER_DW32_USER_AW64_USER_MAXREQS7_USER_RFIFONUM_WIDTH9_117
gmem1_m_axi_U/clk_gate_load_unit_buff_rdata_genblk1_U_fifo_mem_mem_reg_74_       3.9900     0.0      0.0000      3.9900 0.0000 SNPS_CLOCK_GATE_HIGH_tinytpu_isa_gmem1_m_axi_CONSERVATIVE1_NUM_READ_OUTSTANDING16_NUM_WRITE_OUTSTANDING16_MAX_READ_BURST_LENGTH16_MAX_WRITE_BURST_LENGTH16_C_M_AXI_ID_WIDTH1_C_M_AXI_ADDR_WIDTH64_C_M_AXI_DATA_WIDTH32_C_M_AXI_AWUSER_WIDTH1_C_M_AXI_ARUSER_WIDTH1_C_M_AXI_WUSER_WIDTH1_C_M_AXI_RUSER_WIDTH1_C_M_AXI_BUSER_WIDTH1_C_USER_VALUE0_C_PROT_VALUE0_C_CACHE_VALUE3_USER_DW32_USER_AW64_USER_MAXREQS7_USER_RFIFONUM_WIDTH9_118
gmem1_m_axi_U/clk_gate_load_unit_buff_rdata_genblk1_U_fifo_mem_mem_reg_75_       3.9900     0.0      0.0000      3.9900 0.0000 SNPS_CLOCK_GATE_HIGH_tinytpu_isa_gmem1_m_axi_CONSERVATIVE1_NUM_READ_OUTSTANDING16_NUM_WRITE_OUTSTANDING16_MAX_READ_BURST_LENGTH16_MAX_WRITE_BURST_LENGTH16_C_M_AXI_ID_WIDTH1_C_M_AXI_ADDR_WIDTH64_C_M_AXI_DATA_WIDTH32_C_M_AXI_AWUSER_WIDTH1_C_M_AXI_ARUSER_WIDTH1_C_M_AXI_WUSER_WIDTH1_C_M_AXI_RUSER_WIDTH1_C_M_AXI_BUSER_WIDTH1_C_USER_VALUE0_C_PROT_VALUE0_C_CACHE_VALUE3_USER_DW32_USER_AW64_USER_MAXREQS7_USER_RFIFONUM_WIDTH9_119
gmem1_m_axi_U/clk_gate_load_unit_buff_rdata_genblk1_U_fifo_mem_mem_reg_76_       3.9900     0.0      0.0000      3.9900 0.0000 SNPS_CLOCK_GATE_HIGH_tinytpu_isa_gmem1_m_axi_CONSERVATIVE1_NUM_READ_OUTSTANDING16_NUM_WRITE_OUTSTANDING16_MAX_READ_BURST_LENGTH16_MAX_WRITE_BURST_LENGTH16_C_M_AXI_ID_WIDTH1_C_M_AXI_ADDR_WIDTH64_C_M_AXI_DATA_WIDTH32_C_M_AXI_AWUSER_WIDTH1_C_M_AXI_ARUSER_WIDTH1_C_M_AXI_WUSER_WIDTH1_C_M_AXI_RUSER_WIDTH1_C_M_AXI_BUSER_WIDTH1_C_USER_VALUE0_C_PROT_VALUE0_C_CACHE_VALUE3_USER_DW32_USER_AW64_USER_MAXREQS7_USER_RFIFONUM_WIDTH9_120
gmem1_m_axi_U/clk_gate_load_unit_buff_rdata_genblk1_U_fifo_mem_mem_reg_77_       3.9900     0.0      0.0000      3.9900 0.0000 SNPS_CLOCK_GATE_HIGH_tinytpu_isa_gmem1_m_axi_CONSERVATIVE1_NUM_READ_OUTSTANDING16_NUM_WRITE_OUTSTANDING16_MAX_READ_BURST_LENGTH16_MAX_WRITE_BURST_LENGTH16_C_M_AXI_ID_WIDTH1_C_M_AXI_ADDR_WIDTH64_C_M_AXI_DATA_WIDTH32_C_M_AXI_AWUSER_WIDTH1_C_M_AXI_ARUSER_WIDTH1_C_M_AXI_WUSER_WIDTH1_C_M_AXI_RUSER_WIDTH1_C_M_AXI_BUSER_WIDTH1_C_USER_VALUE0_C_PROT_VALUE0_C_CACHE_VALUE3_USER_DW32_USER_AW64_USER_MAXREQS7_USER_RFIFONUM_WIDTH9_121
gmem1_m_axi_U/clk_gate_load_unit_buff_rdata_genblk1_U_fifo_mem_mem_reg_78_       3.9900     0.0      0.0000      3.9900 0.0000 SNPS_CLOCK_GATE_HIGH_tinytpu_isa_gmem1_m_axi_CONSERVATIVE1_NUM_READ_OUTSTANDING16_NUM_WRITE_OUTSTANDING16_MAX_READ_BURST_LENGTH16_MAX_WRITE_BURST_LENGTH16_C_M_AXI_ID_WIDTH1_C_M_AXI_ADDR_WIDTH64_C_M_AXI_DATA_WIDTH32_C_M_AXI_AWUSER_WIDTH1_C_M_AXI_ARUSER_WIDTH1_C_M_AXI_WUSER_WIDTH1_C_M_AXI_RUSER_WIDTH1_C_M_AXI_BUSER_WIDTH1_C_USER_VALUE0_C_PROT_VALUE0_C_CACHE_VALUE3_USER_DW32_USER_AW64_USER_MAXREQS7_USER_RFIFONUM_WIDTH9_122
gmem1_m_axi_U/clk_gate_load_unit_buff_rdata_genblk1_U_fifo_mem_mem_reg_79_       3.9900     0.0      0.0000      3.9900 0.0000 SNPS_CLOCK_GATE_HIGH_tinytpu_isa_gmem1_m_axi_CONSERVATIVE1_NUM_READ_OUTSTANDING16_NUM_WRITE_OUTSTANDING16_MAX_READ_BURST_LENGTH16_MAX_WRITE_BURST_LENGTH16_C_M_AXI_ID_WIDTH1_C_M_AXI_ADDR_WIDTH64_C_M_AXI_DATA_WIDTH32_C_M_AXI_AWUSER_WIDTH1_C_M_AXI_ARUSER_WIDTH1_C_M_AXI_WUSER_WIDTH1_C_M_AXI_RUSER_WIDTH1_C_M_AXI_BUSER_WIDTH1_C_USER_VALUE0_C_PROT_VALUE0_C_CACHE_VALUE3_USER_DW32_USER_AW64_USER_MAXREQS7_USER_RFIFONUM_WIDTH9_123
gmem1_m_axi_U/clk_gate_load_unit_buff_rdata_genblk1_U_fifo_mem_mem_reg_7_       3.9900     0.0      0.0000      3.9900 0.0000 SNPS_CLOCK_GATE_HIGH_tinytpu_isa_gmem1_m_axi_CONSERVATIVE1_NUM_READ_OUTSTANDING16_NUM_WRITE_OUTSTANDING16_MAX_READ_BURST_LENGTH16_MAX_WRITE_BURST_LENGTH16_C_M_AXI_ID_WIDTH1_C_M_AXI_ADDR_WIDTH64_C_M_AXI_DATA_WIDTH32_C_M_AXI_AWUSER_WIDTH1_C_M_AXI_ARUSER_WIDTH1_C_M_AXI_WUSER_WIDTH1_C_M_AXI_RUSER_WIDTH1_C_M_AXI_BUSER_WIDTH1_C_USER_VALUE0_C_PROT_VALUE0_C_CACHE_VALUE3_USER_DW32_USER_AW64_USER_MAXREQS7_USER_RFIFONUM_WIDTH9_51
gmem1_m_axi_U/clk_gate_load_unit_buff_rdata_genblk1_U_fifo_mem_mem_reg_80_       3.9900     0.0      0.0000      3.9900 0.0000 SNPS_CLOCK_GATE_HIGH_tinytpu_isa_gmem1_m_axi_CONSERVATIVE1_NUM_READ_OUTSTANDING16_NUM_WRITE_OUTSTANDING16_MAX_READ_BURST_LENGTH16_MAX_WRITE_BURST_LENGTH16_C_M_AXI_ID_WIDTH1_C_M_AXI_ADDR_WIDTH64_C_M_AXI_DATA_WIDTH32_C_M_AXI_AWUSER_WIDTH1_C_M_AXI_ARUSER_WIDTH1_C_M_AXI_WUSER_WIDTH1_C_M_AXI_RUSER_WIDTH1_C_M_AXI_BUSER_WIDTH1_C_USER_VALUE0_C_PROT_VALUE0_C_CACHE_VALUE3_USER_DW32_USER_AW64_USER_MAXREQS7_USER_RFIFONUM_WIDTH9_124
gmem1_m_axi_U/clk_gate_load_unit_buff_rdata_genblk1_U_fifo_mem_mem_reg_81_       3.9900     0.0      0.0000      3.9900 0.0000 SNPS_CLOCK_GATE_HIGH_tinytpu_isa_gmem1_m_axi_CONSERVATIVE1_NUM_READ_OUTSTANDING16_NUM_WRITE_OUTSTANDING16_MAX_READ_BURST_LENGTH16_MAX_WRITE_BURST_LENGTH16_C_M_AXI_ID_WIDTH1_C_M_AXI_ADDR_WIDTH64_C_M_AXI_DATA_WIDTH32_C_M_AXI_AWUSER_WIDTH1_C_M_AXI_ARUSER_WIDTH1_C_M_AXI_WUSER_WIDTH1_C_M_AXI_RUSER_WIDTH1_C_M_AXI_BUSER_WIDTH1_C_USER_VALUE0_C_PROT_VALUE0_C_CACHE_VALUE3_USER_DW32_USER_AW64_USER_MAXREQS7_USER_RFIFONUM_WIDTH9_125
gmem1_m_axi_U/clk_gate_load_unit_buff_rdata_genblk1_U_fifo_mem_mem_reg_82_       3.9900     0.0      0.0000      3.9900 0.0000 SNPS_CLOCK_GATE_HIGH_tinytpu_isa_gmem1_m_axi_CONSERVATIVE1_NUM_READ_OUTSTANDING16_NUM_WRITE_OUTSTANDING16_MAX_READ_BURST_LENGTH16_MAX_WRITE_BURST_LENGTH16_C_M_AXI_ID_WIDTH1_C_M_AXI_ADDR_WIDTH64_C_M_AXI_DATA_WIDTH32_C_M_AXI_AWUSER_WIDTH1_C_M_AXI_ARUSER_WIDTH1_C_M_AXI_WUSER_WIDTH1_C_M_AXI_RUSER_WIDTH1_C_M_AXI_BUSER_WIDTH1_C_USER_VALUE0_C_PROT_VALUE0_C_CACHE_VALUE3_USER_DW32_USER_AW64_USER_MAXREQS7_USER_RFIFONUM_WIDTH9_126
gmem1_m_axi_U/clk_gate_load_unit_buff_rdata_genblk1_U_fifo_mem_mem_reg_83_       3.9900     0.0      0.0000      3.9900 0.0000 SNPS_CLOCK_GATE_HIGH_tinytpu_isa_gmem1_m_axi_CONSERVATIVE1_NUM_READ_OUTSTANDING16_NUM_WRITE_OUTSTANDING16_MAX_READ_BURST_LENGTH16_MAX_WRITE_BURST_LENGTH16_C_M_AXI_ID_WIDTH1_C_M_AXI_ADDR_WIDTH64_C_M_AXI_DATA_WIDTH32_C_M_AXI_AWUSER_WIDTH1_C_M_AXI_ARUSER_WIDTH1_C_M_AXI_WUSER_WIDTH1_C_M_AXI_RUSER_WIDTH1_C_M_AXI_BUSER_WIDTH1_C_USER_VALUE0_C_PROT_VALUE0_C_CACHE_VALUE3_USER_DW32_USER_AW64_USER_MAXREQS7_USER_RFIFONUM_WIDTH9_127
gmem1_m_axi_U/clk_gate_load_unit_buff_rdata_genblk1_U_fifo_mem_mem_reg_84_       3.9900     0.0      0.0000      3.9900 0.0000 SNPS_CLOCK_GATE_HIGH_tinytpu_isa_gmem1_m_axi_CONSERVATIVE1_NUM_READ_OUTSTANDING16_NUM_WRITE_OUTSTANDING16_MAX_READ_BURST_LENGTH16_MAX_WRITE_BURST_LENGTH16_C_M_AXI_ID_WIDTH1_C_M_AXI_ADDR_WIDTH64_C_M_AXI_DATA_WIDTH32_C_M_AXI_AWUSER_WIDTH1_C_M_AXI_ARUSER_WIDTH1_C_M_AXI_WUSER_WIDTH1_C_M_AXI_RUSER_WIDTH1_C_M_AXI_BUSER_WIDTH1_C_USER_VALUE0_C_PROT_VALUE0_C_CACHE_VALUE3_USER_DW32_USER_AW64_USER_MAXREQS7_USER_RFIFONUM_WIDTH9_128
gmem1_m_axi_U/clk_gate_load_unit_buff_rdata_genblk1_U_fifo_mem_mem_reg_85_       3.9900     0.0      0.0000      3.9900 0.0000 SNPS_CLOCK_GATE_HIGH_tinytpu_isa_gmem1_m_axi_CONSERVATIVE1_NUM_READ_OUTSTANDING16_NUM_WRITE_OUTSTANDING16_MAX_READ_BURST_LENGTH16_MAX_WRITE_BURST_LENGTH16_C_M_AXI_ID_WIDTH1_C_M_AXI_ADDR_WIDTH64_C_M_AXI_DATA_WIDTH32_C_M_AXI_AWUSER_WIDTH1_C_M_AXI_ARUSER_WIDTH1_C_M_AXI_WUSER_WIDTH1_C_M_AXI_RUSER_WIDTH1_C_M_AXI_BUSER_WIDTH1_C_USER_VALUE0_C_PROT_VALUE0_C_CACHE_VALUE3_USER_DW32_USER_AW64_USER_MAXREQS7_USER_RFIFONUM_WIDTH9_129
gmem1_m_axi_U/clk_gate_load_unit_buff_rdata_genblk1_U_fifo_mem_mem_reg_86_       3.9900     0.0      0.0000      3.9900 0.0000 SNPS_CLOCK_GATE_HIGH_tinytpu_isa_gmem1_m_axi_CONSERVATIVE1_NUM_READ_OUTSTANDING16_NUM_WRITE_OUTSTANDING16_MAX_READ_BURST_LENGTH16_MAX_WRITE_BURST_LENGTH16_C_M_AXI_ID_WIDTH1_C_M_AXI_ADDR_WIDTH64_C_M_AXI_DATA_WIDTH32_C_M_AXI_AWUSER_WIDTH1_C_M_AXI_ARUSER_WIDTH1_C_M_AXI_WUSER_WIDTH1_C_M_AXI_RUSER_WIDTH1_C_M_AXI_BUSER_WIDTH1_C_USER_VALUE0_C_PROT_VALUE0_C_CACHE_VALUE3_USER_DW32_USER_AW64_USER_MAXREQS7_USER_RFIFONUM_WIDTH9_130
gmem1_m_axi_U/clk_gate_load_unit_buff_rdata_genblk1_U_fifo_mem_mem_reg_87_       3.9900     0.0      0.0000      3.9900 0.0000 SNPS_CLOCK_GATE_HIGH_tinytpu_isa_gmem1_m_axi_CONSERVATIVE1_NUM_READ_OUTSTANDING16_NUM_WRITE_OUTSTANDING16_MAX_READ_BURST_LENGTH16_MAX_WRITE_BURST_LENGTH16_C_M_AXI_ID_WIDTH1_C_M_AXI_ADDR_WIDTH64_C_M_AXI_DATA_WIDTH32_C_M_AXI_AWUSER_WIDTH1_C_M_AXI_ARUSER_WIDTH1_C_M_AXI_WUSER_WIDTH1_C_M_AXI_RUSER_WIDTH1_C_M_AXI_BUSER_WIDTH1_C_USER_VALUE0_C_PROT_VALUE0_C_CACHE_VALUE3_USER_DW32_USER_AW64_USER_MAXREQS7_USER_RFIFONUM_WIDTH9_131
gmem1_m_axi_U/clk_gate_load_unit_buff_rdata_genblk1_U_fifo_mem_mem_reg_88_       3.9900     0.0      0.0000      3.9900 0.0000 SNPS_CLOCK_GATE_HIGH_tinytpu_isa_gmem1_m_axi_CONSERVATIVE1_NUM_READ_OUTSTANDING16_NUM_WRITE_OUTSTANDING16_MAX_READ_BURST_LENGTH16_MAX_WRITE_BURST_LENGTH16_C_M_AXI_ID_WIDTH1_C_M_AXI_ADDR_WIDTH64_C_M_AXI_DATA_WIDTH32_C_M_AXI_AWUSER_WIDTH1_C_M_AXI_ARUSER_WIDTH1_C_M_AXI_WUSER_WIDTH1_C_M_AXI_RUSER_WIDTH1_C_M_AXI_BUSER_WIDTH1_C_USER_VALUE0_C_PROT_VALUE0_C_CACHE_VALUE3_USER_DW32_USER_AW64_USER_MAXREQS7_USER_RFIFONUM_WIDTH9_132
gmem1_m_axi_U/clk_gate_load_unit_buff_rdata_genblk1_U_fifo_mem_mem_reg_89_       3.9900     0.0      0.0000      3.9900 0.0000 SNPS_CLOCK_GATE_HIGH_tinytpu_isa_gmem1_m_axi_CONSERVATIVE1_NUM_READ_OUTSTANDING16_NUM_WRITE_OUTSTANDING16_MAX_READ_BURST_LENGTH16_MAX_WRITE_BURST_LENGTH16_C_M_AXI_ID_WIDTH1_C_M_AXI_ADDR_WIDTH64_C_M_AXI_DATA_WIDTH32_C_M_AXI_AWUSER_WIDTH1_C_M_AXI_ARUSER_WIDTH1_C_M_AXI_WUSER_WIDTH1_C_M_AXI_RUSER_WIDTH1_C_M_AXI_BUSER_WIDTH1_C_USER_VALUE0_C_PROT_VALUE0_C_CACHE_VALUE3_USER_DW32_USER_AW64_USER_MAXREQS7_USER_RFIFONUM_WIDTH9_133
gmem1_m_axi_U/clk_gate_load_unit_buff_rdata_genblk1_U_fifo_mem_mem_reg_8_       3.9900     0.0      0.0000      3.9900 0.0000 SNPS_CLOCK_GATE_HIGH_tinytpu_isa_gmem1_m_axi_CONSERVATIVE1_NUM_READ_OUTSTANDING16_NUM_WRITE_OUTSTANDING16_MAX_READ_BURST_LENGTH16_MAX_WRITE_BURST_LENGTH16_C_M_AXI_ID_WIDTH1_C_M_AXI_ADDR_WIDTH64_C_M_AXI_DATA_WIDTH32_C_M_AXI_AWUSER_WIDTH1_C_M_AXI_ARUSER_WIDTH1_C_M_AXI_WUSER_WIDTH1_C_M_AXI_RUSER_WIDTH1_C_M_AXI_BUSER_WIDTH1_C_USER_VALUE0_C_PROT_VALUE0_C_CACHE_VALUE3_USER_DW32_USER_AW64_USER_MAXREQS7_USER_RFIFONUM_WIDTH9_52
gmem1_m_axi_U/clk_gate_load_unit_buff_rdata_genblk1_U_fifo_mem_mem_reg_90_       3.9900     0.0      0.0000      3.9900 0.0000 SNPS_CLOCK_GATE_HIGH_tinytpu_isa_gmem1_m_axi_CONSERVATIVE1_NUM_READ_OUTSTANDING16_NUM_WRITE_OUTSTANDING16_MAX_READ_BURST_LENGTH16_MAX_WRITE_BURST_LENGTH16_C_M_AXI_ID_WIDTH1_C_M_AXI_ADDR_WIDTH64_C_M_AXI_DATA_WIDTH32_C_M_AXI_AWUSER_WIDTH1_C_M_AXI_ARUSER_WIDTH1_C_M_AXI_WUSER_WIDTH1_C_M_AXI_RUSER_WIDTH1_C_M_AXI_BUSER_WIDTH1_C_USER_VALUE0_C_PROT_VALUE0_C_CACHE_VALUE3_USER_DW32_USER_AW64_USER_MAXREQS7_USER_RFIFONUM_WIDTH9_134
gmem1_m_axi_U/clk_gate_load_unit_buff_rdata_genblk1_U_fifo_mem_mem_reg_91_       3.9900     0.0      0.0000      3.9900 0.0000 SNPS_CLOCK_GATE_HIGH_tinytpu_isa_gmem1_m_axi_CONSERVATIVE1_NUM_READ_OUTSTANDING16_NUM_WRITE_OUTSTANDING16_MAX_READ_BURST_LENGTH16_MAX_WRITE_BURST_LENGTH16_C_M_AXI_ID_WIDTH1_C_M_AXI_ADDR_WIDTH64_C_M_AXI_DATA_WIDTH32_C_M_AXI_AWUSER_WIDTH1_C_M_AXI_ARUSER_WIDTH1_C_M_AXI_WUSER_WIDTH1_C_M_AXI_RUSER_WIDTH1_C_M_AXI_BUSER_WIDTH1_C_USER_VALUE0_C_PROT_VALUE0_C_CACHE_VALUE3_USER_DW32_USER_AW64_USER_MAXREQS7_USER_RFIFONUM_WIDTH9_135
gmem1_m_axi_U/clk_gate_load_unit_buff_rdata_genblk1_U_fifo_mem_mem_reg_92_       3.9900     0.0      0.0000      3.9900 0.0000 SNPS_CLOCK_GATE_HIGH_tinytpu_isa_gmem1_m_axi_CONSERVATIVE1_NUM_READ_OUTSTANDING16_NUM_WRITE_OUTSTANDING16_MAX_READ_BURST_LENGTH16_MAX_WRITE_BURST_LENGTH16_C_M_AXI_ID_WIDTH1_C_M_AXI_ADDR_WIDTH64_C_M_AXI_DATA_WIDTH32_C_M_AXI_AWUSER_WIDTH1_C_M_AXI_ARUSER_WIDTH1_C_M_AXI_WUSER_WIDTH1_C_M_AXI_RUSER_WIDTH1_C_M_AXI_BUSER_WIDTH1_C_USER_VALUE0_C_PROT_VALUE0_C_CACHE_VALUE3_USER_DW32_USER_AW64_USER_MAXREQS7_USER_RFIFONUM_WIDTH9_136
gmem1_m_axi_U/clk_gate_load_unit_buff_rdata_genblk1_U_fifo_mem_mem_reg_93_       3.9900     0.0      0.0000      3.9900 0.0000 SNPS_CLOCK_GATE_HIGH_tinytpu_isa_gmem1_m_axi_CONSERVATIVE1_NUM_READ_OUTSTANDING16_NUM_WRITE_OUTSTANDING16_MAX_READ_BURST_LENGTH16_MAX_WRITE_BURST_LENGTH16_C_M_AXI_ID_WIDTH1_C_M_AXI_ADDR_WIDTH64_C_M_AXI_DATA_WIDTH32_C_M_AXI_AWUSER_WIDTH1_C_M_AXI_ARUSER_WIDTH1_C_M_AXI_WUSER_WIDTH1_C_M_AXI_RUSER_WIDTH1_C_M_AXI_BUSER_WIDTH1_C_USER_VALUE0_C_PROT_VALUE0_C_CACHE_VALUE3_USER_DW32_USER_AW64_USER_MAXREQS7_USER_RFIFONUM_WIDTH9_137
gmem1_m_axi_U/clk_gate_load_unit_buff_rdata_genblk1_U_fifo_mem_mem_reg_94_       3.9900     0.0      0.0000      3.9900 0.0000 SNPS_CLOCK_GATE_HIGH_tinytpu_isa_gmem1_m_axi_CONSERVATIVE1_NUM_READ_OUTSTANDING16_NUM_WRITE_OUTSTANDING16_MAX_READ_BURST_LENGTH16_MAX_WRITE_BURST_LENGTH16_C_M_AXI_ID_WIDTH1_C_M_AXI_ADDR_WIDTH64_C_M_AXI_DATA_WIDTH32_C_M_AXI_AWUSER_WIDTH1_C_M_AXI_ARUSER_WIDTH1_C_M_AXI_WUSER_WIDTH1_C_M_AXI_RUSER_WIDTH1_C_M_AXI_BUSER_WIDTH1_C_USER_VALUE0_C_PROT_VALUE0_C_CACHE_VALUE3_USER_DW32_USER_AW64_USER_MAXREQS7_USER_RFIFONUM_WIDTH9_138
gmem1_m_axi_U/clk_gate_load_unit_buff_rdata_genblk1_U_fifo_mem_mem_reg_95_       3.9900     0.0      0.0000      3.9900 0.0000 SNPS_CLOCK_GATE_HIGH_tinytpu_isa_gmem1_m_axi_CONSERVATIVE1_NUM_READ_OUTSTANDING16_NUM_WRITE_OUTSTANDING16_MAX_READ_BURST_LENGTH16_MAX_WRITE_BURST_LENGTH16_C_M_AXI_ID_WIDTH1_C_M_AXI_ADDR_WIDTH64_C_M_AXI_DATA_WIDTH32_C_M_AXI_AWUSER_WIDTH1_C_M_AXI_ARUSER_WIDTH1_C_M_AXI_WUSER_WIDTH1_C_M_AXI_RUSER_WIDTH1_C_M_AXI_BUSER_WIDTH1_C_USER_VALUE0_C_PROT_VALUE0_C_CACHE_VALUE3_USER_DW32_USER_AW64_USER_MAXREQS7_USER_RFIFONUM_WIDTH9_139
gmem1_m_axi_U/clk_gate_load_unit_buff_rdata_genblk1_U_fifo_mem_mem_reg_96_       3.9900     0.0      0.0000      3.9900 0.0000 SNPS_CLOCK_GATE_HIGH_tinytpu_isa_gmem1_m_axi_CONSERVATIVE1_NUM_READ_OUTSTANDING16_NUM_WRITE_OUTSTANDING16_MAX_READ_BURST_LENGTH16_MAX_WRITE_BURST_LENGTH16_C_M_AXI_ID_WIDTH1_C_M_AXI_ADDR_WIDTH64_C_M_AXI_DATA_WIDTH32_C_M_AXI_AWUSER_WIDTH1_C_M_AXI_ARUSER_WIDTH1_C_M_AXI_WUSER_WIDTH1_C_M_AXI_RUSER_WIDTH1_C_M_AXI_BUSER_WIDTH1_C_USER_VALUE0_C_PROT_VALUE0_C_CACHE_VALUE3_USER_DW32_USER_AW64_USER_MAXREQS7_USER_RFIFONUM_WIDTH9_140
gmem1_m_axi_U/clk_gate_load_unit_buff_rdata_genblk1_U_fifo_mem_mem_reg_97_       3.9900     0.0      0.0000      3.9900 0.0000 SNPS_CLOCK_GATE_HIGH_tinytpu_isa_gmem1_m_axi_CONSERVATIVE1_NUM_READ_OUTSTANDING16_NUM_WRITE_OUTSTANDING16_MAX_READ_BURST_LENGTH16_MAX_WRITE_BURST_LENGTH16_C_M_AXI_ID_WIDTH1_C_M_AXI_ADDR_WIDTH64_C_M_AXI_DATA_WIDTH32_C_M_AXI_AWUSER_WIDTH1_C_M_AXI_ARUSER_WIDTH1_C_M_AXI_WUSER_WIDTH1_C_M_AXI_RUSER_WIDTH1_C_M_AXI_BUSER_WIDTH1_C_USER_VALUE0_C_PROT_VALUE0_C_CACHE_VALUE3_USER_DW32_USER_AW64_USER_MAXREQS7_USER_RFIFONUM_WIDTH9_141
gmem1_m_axi_U/clk_gate_load_unit_buff_rdata_genblk1_U_fifo_mem_mem_reg_98_       3.9900     0.0      0.0000      3.9900 0.0000 SNPS_CLOCK_GATE_HIGH_tinytpu_isa_gmem1_m_axi_CONSERVATIVE1_NUM_READ_OUTSTANDING16_NUM_WRITE_OUTSTANDING16_MAX_READ_BURST_LENGTH16_MAX_WRITE_BURST_LENGTH16_C_M_AXI_ID_WIDTH1_C_M_AXI_ADDR_WIDTH64_C_M_AXI_DATA_WIDTH32_C_M_AXI_AWUSER_WIDTH1_C_M_AXI_ARUSER_WIDTH1_C_M_AXI_WUSER_WIDTH1_C_M_AXI_RUSER_WIDTH1_C_M_AXI_BUSER_WIDTH1_C_USER_VALUE0_C_PROT_VALUE0_C_CACHE_VALUE3_USER_DW32_USER_AW64_USER_MAXREQS7_USER_RFIFONUM_WIDTH9_142
gmem1_m_axi_U/clk_gate_load_unit_buff_rdata_genblk1_U_fifo_mem_mem_reg_99_       3.9900     0.0      0.0000      3.9900 0.0000 SNPS_CLOCK_GATE_HIGH_tinytpu_isa_gmem1_m_axi_CONSERVATIVE1_NUM_READ_OUTSTANDING16_NUM_WRITE_OUTSTANDING16_MAX_READ_BURST_LENGTH16_MAX_WRITE_BURST_LENGTH16_C_M_AXI_ID_WIDTH1_C_M_AXI_ADDR_WIDTH64_C_M_AXI_DATA_WIDTH32_C_M_AXI_AWUSER_WIDTH1_C_M_AXI_ARUSER_WIDTH1_C_M_AXI_WUSER_WIDTH1_C_M_AXI_RUSER_WIDTH1_C_M_AXI_BUSER_WIDTH1_C_USER_VALUE0_C_PROT_VALUE0_C_CACHE_VALUE3_USER_DW32_USER_AW64_USER_MAXREQS7_USER_RFIFONUM_WIDTH9_143
gmem1_m_axi_U/clk_gate_load_unit_buff_rdata_genblk1_U_fifo_mem_mem_reg_9_       3.9900     0.0      0.0000      3.9900 0.0000 SNPS_CLOCK_GATE_HIGH_tinytpu_isa_gmem1_m_axi_CONSERVATIVE1_NUM_READ_OUTSTANDING16_NUM_WRITE_OUTSTANDING16_MAX_READ_BURST_LENGTH16_MAX_WRITE_BURST_LENGTH16_C_M_AXI_ID_WIDTH1_C_M_AXI_ADDR_WIDTH64_C_M_AXI_DATA_WIDTH32_C_M_AXI_AWUSER_WIDTH1_C_M_AXI_ARUSER_WIDTH1_C_M_AXI_WUSER_WIDTH1_C_M_AXI_RUSER_WIDTH1_C_M_AXI_BUSER_WIDTH1_C_USER_VALUE0_C_PROT_VALUE0_C_CACHE_VALUE3_USER_DW32_USER_AW64_USER_MAXREQS7_USER_RFIFONUM_WIDTH9_53
gmem1_m_axi_U/clk_gate_load_unit_buff_rdata_genblk1_waddr_reg       3.9900     0.0      0.0000      3.9900 0.0000 SNPS_CLOCK_GATE_HIGH_tinytpu_isa_gmem1_m_axi_CONSERVATIVE1_NUM_READ_OUTSTANDING16_NUM_WRITE_OUTSTANDING16_MAX_READ_BURST_LENGTH16_MAX_WRITE_BURST_LENGTH16_C_M_AXI_ID_WIDTH1_C_M_AXI_ADDR_WIDTH64_C_M_AXI_DATA_WIDTH32_C_M_AXI_AWUSER_WIDTH1_C_M_AXI_ARUSER_WIDTH1_C_M_AXI_WUSER_WIDTH1_C_M_AXI_RUSER_WIDTH1_C_M_AXI_BUSER_WIDTH1_C_USER_VALUE0_C_PROT_VALUE0_C_CACHE_VALUE3_USER_DW32_USER_AW64_USER_MAXREQS7_USER_RFIFONUM_WIDTH9_300
gmem1_m_axi_U/clk_gate_load_unit_fifo_rreq_empty_n_reg       3.9900     0.0      0.0000      3.9900 0.0000 SNPS_CLOCK_GATE_HIGH_tinytpu_isa_gmem1_m_axi_CONSERVATIVE1_NUM_READ_OUTSTANDING16_NUM_WRITE_OUTSTANDING16_MAX_READ_BURST_LENGTH16_MAX_WRITE_BURST_LENGTH16_C_M_AXI_ID_WIDTH1_C_M_AXI_ADDR_WIDTH64_C_M_AXI_DATA_WIDTH32_C_M_AXI_AWUSER_WIDTH1_C_M_AXI_ARUSER_WIDTH1_C_M_AXI_WUSER_WIDTH1_C_M_AXI_RUSER_WIDTH1_C_M_AXI_BUSER_WIDTH1_C_USER_VALUE0_C_PROT_VALUE0_C_CACHE_VALUE3_USER_DW32_USER_AW64_USER_MAXREQS7_USER_RFIFONUM_WIDTH9_305
gmem1_m_axi_U/clk_gate_load_unit_fifo_rreq_genblk1_U_fifo_srl_dout_reg       3.9900     0.0      0.0000      3.9900 0.0000 SNPS_CLOCK_GATE_HIGH_tinytpu_isa_gmem1_m_axi_CONSERVATIVE1_NUM_READ_OUTSTANDING16_NUM_WRITE_OUTSTANDING16_MAX_READ_BURST_LENGTH16_MAX_WRITE_BURST_LENGTH16_C_M_AXI_ID_WIDTH1_C_M_AXI_ADDR_WIDTH64_C_M_AXI_DATA_WIDTH32_C_M_AXI_AWUSER_WIDTH1_C_M_AXI_ARUSER_WIDTH1_C_M_AXI_WUSER_WIDTH1_C_M_AXI_RUSER_WIDTH1_C_M_AXI_BUSER_WIDTH1_C_USER_VALUE0_C_PROT_VALUE0_C_CACHE_VALUE3_USER_DW32_USER_AW64_USER_MAXREQS7_USER_RFIFONUM_WIDTH9_303
gmem1_m_axi_U/clk_gate_load_unit_fifo_rreq_genblk1_U_fifo_srl_genblk1_mem_reg_5_       3.9900     0.0      0.0000      3.9900 0.0000 SNPS_CLOCK_GATE_HIGH_tinytpu_isa_gmem1_m_axi_CONSERVATIVE1_NUM_READ_OUTSTANDING16_NUM_WRITE_OUTSTANDING16_MAX_READ_BURST_LENGTH16_MAX_WRITE_BURST_LENGTH16_C_M_AXI_ID_WIDTH1_C_M_AXI_ADDR_WIDTH64_C_M_AXI_DATA_WIDTH32_C_M_AXI_AWUSER_WIDTH1_C_M_AXI_ARUSER_WIDTH1_C_M_AXI_WUSER_WIDTH1_C_M_AXI_RUSER_WIDTH1_C_M_AXI_BUSER_WIDTH1_C_USER_VALUE0_C_PROT_VALUE0_C_CACHE_VALUE3_USER_DW32_USER_AW64_USER_MAXREQS7_USER_RFIFONUM_WIDTH9_302
gmem1_m_axi_U/clk_gate_load_unit_fifo_rreq_genblk1_raddr_reg       3.9900     0.0      0.0000      3.9900 0.0000 SNPS_CLOCK_GATE_HIGH_tinytpu_isa_gmem1_m_axi_CONSERVATIVE1_NUM_READ_OUTSTANDING16_NUM_WRITE_OUTSTANDING16_MAX_READ_BURST_LENGTH16_MAX_WRITE_BURST_LENGTH16_C_M_AXI_ID_WIDTH1_C_M_AXI_ADDR_WIDTH64_C_M_AXI_DATA_WIDTH32_C_M_AXI_AWUSER_WIDTH1_C_M_AXI_ARUSER_WIDTH1_C_M_AXI_WUSER_WIDTH1_C_M_AXI_RUSER_WIDTH1_C_M_AXI_BUSER_WIDTH1_C_USER_VALUE0_C_PROT_VALUE0_C_CACHE_VALUE3_USER_DW32_USER_AW64_USER_MAXREQS7_USER_RFIFONUM_WIDTH9_304
gmem1_m_axi_U/clk_gate_load_unit_tmp_len_reg       3.9900     0.0      0.0000      3.9900 0.0000 SNPS_CLOCK_GATE_HIGH_tinytpu_isa_gmem1_m_axi_CONSERVATIVE1_NUM_READ_OUTSTANDING16_NUM_WRITE_OUTSTANDING16_MAX_READ_BURST_LENGTH16_MAX_WRITE_BURST_LENGTH16_C_M_AXI_ID_WIDTH1_C_M_AXI_ADDR_WIDTH64_C_M_AXI_DATA_WIDTH32_C_M_AXI_AWUSER_WIDTH1_C_M_AXI_ARUSER_WIDTH1_C_M_AXI_WUSER_WIDTH1_C_M_AXI_RUSER_WIDTH1_C_M_AXI_BUSER_WIDTH1_C_USER_VALUE0_C_PROT_VALUE0_C_CACHE_VALUE3_USER_DW32_USER_AW64_USER_MAXREQS7_USER_RFIFONUM_WIDTH9_308
gmem2_m_axi_U                       56576.0706      5.0   11380.8102   44094.0204  0.0000  tinytpu_isa_gmem2_m_axi_CONSERVATIVE1_NUM_READ_OUTSTANDING16_NUM_WRITE_OUTSTANDING16_MAX_READ_BURST_LENGTH16_MAX_WRITE_BURST_LENGTH16_C_M_AXI_ID_WIDTH1_C_M_AXI_ADDR_WIDTH64_C_M_AXI_DATA_WIDTH32_C_M_AXI_AWUSER_WIDTH1_C_M_AXI_ARUSER_WIDTH1_C_M_AXI_WUSER_WIDTH1_C_M_AXI_RUSER_WIDTH1_C_M_AXI_BUSER_WIDTH1_C_USER_VALUE0_C_PROT_VALUE0_C_CACHE_VALUE3_USER_DW32_USER_AW64_USER_MAXREQS7_USER_RFIFONUM_WIDTH9
gmem2_m_axi_U/clk_gate_bus_read_fifo_burst_empty_n_reg       3.9900     0.0      0.0000      3.9900 0.0000 SNPS_CLOCK_GATE_HIGH_tinytpu_isa_gmem2_m_axi_CONSERVATIVE1_NUM_READ_OUTSTANDING16_NUM_WRITE_OUTSTANDING16_MAX_READ_BURST_LENGTH16_MAX_WRITE_BURST_LENGTH16_C_M_AXI_ID_WIDTH1_C_M_AXI_ADDR_WIDTH64_C_M_AXI_DATA_WIDTH32_C_M_AXI_AWUSER_WIDTH1_C_M_AXI_ARUSER_WIDTH1_C_M_AXI_WUSER_WIDTH1_C_M_AXI_RUSER_WIDTH1_C_M_AXI_BUSER_WIDTH1_C_USER_VALUE0_C_PROT_VALUE0_C_CACHE_VALUE3_USER_DW32_USER_AW64_USER_MAXREQS7_USER_RFIFONUM_WIDTH9_5
gmem2_m_axi_U/clk_gate_bus_read_fifo_burst_genblk1_raddr_reg       3.9900     0.0      0.0000      3.9900 0.0000 SNPS_CLOCK_GATE_HIGH_tinytpu_isa_gmem2_m_axi_CONSERVATIVE1_NUM_READ_OUTSTANDING16_NUM_WRITE_OUTSTANDING16_MAX_READ_BURST_LENGTH16_MAX_WRITE_BURST_LENGTH16_C_M_AXI_ID_WIDTH1_C_M_AXI_ADDR_WIDTH64_C_M_AXI_DATA_WIDTH32_C_M_AXI_AWUSER_WIDTH1_C_M_AXI_ARUSER_WIDTH1_C_M_AXI_WUSER_WIDTH1_C_M_AXI_RUSER_WIDTH1_C_M_AXI_BUSER_WIDTH1_C_USER_VALUE0_C_PROT_VALUE0_C_CACHE_VALUE3_USER_DW32_USER_AW64_USER_MAXREQS7_USER_RFIFONUM_WIDTH9_4
gmem2_m_axi_U/clk_gate_bus_read_fifo_rctl_empty_n_reg       3.9900     0.0      0.0000      3.9900 0.0000 SNPS_CLOCK_GATE_HIGH_tinytpu_isa_gmem2_m_axi_CONSERVATIVE1_NUM_READ_OUTSTANDING16_NUM_WRITE_OUTSTANDING16_MAX_READ_BURST_LENGTH16_MAX_WRITE_BURST_LENGTH16_C_M_AXI_ID_WIDTH1_C_M_AXI_ADDR_WIDTH64_C_M_AXI_DATA_WIDTH32_C_M_AXI_AWUSER_WIDTH1_C_M_AXI_ARUSER_WIDTH1_C_M_AXI_WUSER_WIDTH1_C_M_AXI_RUSER_WIDTH1_C_M_AXI_BUSER_WIDTH1_C_USER_VALUE0_C_PROT_VALUE0_C_CACHE_VALUE3_USER_DW32_USER_AW64_USER_MAXREQS7_USER_RFIFONUM_WIDTH9_7
gmem2_m_axi_U/clk_gate_bus_read_fifo_rctl_genblk1_raddr_reg       3.9900     0.0      0.0000      3.9900 0.0000 SNPS_CLOCK_GATE_HIGH_tinytpu_isa_gmem2_m_axi_CONSERVATIVE1_NUM_READ_OUTSTANDING16_NUM_WRITE_OUTSTANDING16_MAX_READ_BURST_LENGTH16_MAX_WRITE_BURST_LENGTH16_C_M_AXI_ID_WIDTH1_C_M_AXI_ADDR_WIDTH64_C_M_AXI_DATA_WIDTH32_C_M_AXI_AWUSER_WIDTH1_C_M_AXI_ARUSER_WIDTH1_C_M_AXI_WUSER_WIDTH1_C_M_AXI_RUSER_WIDTH1_C_M_AXI_BUSER_WIDTH1_C_USER_VALUE0_C_PROT_VALUE0_C_CACHE_VALUE3_USER_DW32_USER_AW64_USER_MAXREQS7_USER_RFIFONUM_WIDTH9_6
gmem2_m_axi_U/clk_gate_bus_read_rreq_burst_conv_could_multi_bursts_addr_step_reg       3.9900     0.0      0.0000      3.9900 0.0000 SNPS_CLOCK_GATE_HIGH_tinytpu_isa_gmem2_m_axi_CONSERVATIVE1_NUM_READ_OUTSTANDING16_NUM_WRITE_OUTSTANDING16_MAX_READ_BURST_LENGTH16_MAX_WRITE_BURST_LENGTH16_C_M_AXI_ID_WIDTH1_C_M_AXI_ADDR_WIDTH64_C_M_AXI_DATA_WIDTH32_C_M_AXI_AWUSER_WIDTH1_C_M_AXI_ARUSER_WIDTH1_C_M_AXI_WUSER_WIDTH1_C_M_AXI_RUSER_WIDTH1_C_M_AXI_BUSER_WIDTH1_C_USER_VALUE0_C_PROT_VALUE0_C_CACHE_VALUE3_USER_DW32_USER_AW64_USER_MAXREQS7_USER_RFIFONUM_WIDTH9_22
gmem2_m_axi_U/clk_gate_bus_read_rreq_burst_conv_could_multi_bursts_last_loop_reg       3.9900     0.0      0.0000      3.9900 0.0000 SNPS_CLOCK_GATE_HIGH_tinytpu_isa_gmem2_m_axi_CONSERVATIVE1_NUM_READ_OUTSTANDING16_NUM_WRITE_OUTSTANDING16_MAX_READ_BURST_LENGTH16_MAX_WRITE_BURST_LENGTH16_C_M_AXI_ID_WIDTH1_C_M_AXI_ADDR_WIDTH64_C_M_AXI_DATA_WIDTH32_C_M_AXI_AWUSER_WIDTH1_C_M_AXI_ARUSER_WIDTH1_C_M_AXI_WUSER_WIDTH1_C_M_AXI_RUSER_WIDTH1_C_M_AXI_BUSER_WIDTH1_C_USER_VALUE0_C_PROT_VALUE0_C_CACHE_VALUE3_USER_DW32_USER_AW64_USER_MAXREQS7_USER_RFIFONUM_WIDTH9_21
gmem2_m_axi_U/clk_gate_bus_read_rreq_burst_conv_end_from_4k_reg       3.9900     0.0      0.0000      3.9900 0.0000 SNPS_CLOCK_GATE_HIGH_tinytpu_isa_gmem2_m_axi_CONSERVATIVE1_NUM_READ_OUTSTANDING16_NUM_WRITE_OUTSTANDING16_MAX_READ_BURST_LENGTH16_MAX_WRITE_BURST_LENGTH16_C_M_AXI_ID_WIDTH1_C_M_AXI_ADDR_WIDTH64_C_M_AXI_DATA_WIDTH32_C_M_AXI_AWUSER_WIDTH1_C_M_AXI_ARUSER_WIDTH1_C_M_AXI_WUSER_WIDTH1_C_M_AXI_RUSER_WIDTH1_C_M_AXI_BUSER_WIDTH1_C_USER_VALUE0_C_PROT_VALUE0_C_CACHE_VALUE3_USER_DW32_USER_AW64_USER_MAXREQS7_USER_RFIFONUM_WIDTH9_18
gmem2_m_axi_U/clk_gate_bus_read_rreq_burst_conv_last_sect_buf_reg       3.9900     0.0      0.0000      3.9900 0.0000 SNPS_CLOCK_GATE_HIGH_tinytpu_isa_gmem2_m_axi_CONSERVATIVE1_NUM_READ_OUTSTANDING16_NUM_WRITE_OUTSTANDING16_MAX_READ_BURST_LENGTH16_MAX_WRITE_BURST_LENGTH16_C_M_AXI_ID_WIDTH1_C_M_AXI_ADDR_WIDTH64_C_M_AXI_DATA_WIDTH32_C_M_AXI_AWUSER_WIDTH1_C_M_AXI_ARUSER_WIDTH1_C_M_AXI_WUSER_WIDTH1_C_M_AXI_RUSER_WIDTH1_C_M_AXI_BUSER_WIDTH1_C_USER_VALUE0_C_PROT_VALUE0_C_CACHE_VALUE3_USER_DW32_USER_AW64_USER_MAXREQS7_USER_RFIFONUM_WIDTH9_20
gmem2_m_axi_U/clk_gate_bus_read_rreq_burst_conv_last_sect_reg       3.9900     0.0      0.0000      3.9900 0.0000 SNPS_CLOCK_GATE_HIGH_tinytpu_isa_gmem2_m_axi_CONSERVATIVE1_NUM_READ_OUTSTANDING16_NUM_WRITE_OUTSTANDING16_MAX_READ_BURST_LENGTH16_MAX_WRITE_BURST_LENGTH16_C_M_AXI_ID_WIDTH1_C_M_AXI_ADDR_WIDTH64_C_M_AXI_DATA_WIDTH32_C_M_AXI_AWUSER_WIDTH1_C_M_AXI_ARUSER_WIDTH1_C_M_AXI_WUSER_WIDTH1_C_M_AXI_RUSER_WIDTH1_C_M_AXI_BUSER_WIDTH1_C_USER_VALUE0_C_PROT_VALUE0_C_CACHE_VALUE3_USER_DW32_USER_AW64_USER_MAXREQS7_USER_RFIFONUM_WIDTH9_19
gmem2_m_axi_U/clk_gate_bus_read_rreq_burst_conv_rs_req_data_p1_reg       3.9900     0.0      0.0000      3.9900 0.0000 SNPS_CLOCK_GATE_HIGH_tinytpu_isa_gmem2_m_axi_CONSERVATIVE1_NUM_READ_OUTSTANDING16_NUM_WRITE_OUTSTANDING16_MAX_READ_BURST_LENGTH16_MAX_WRITE_BURST_LENGTH16_C_M_AXI_ID_WIDTH1_C_M_AXI_ADDR_WIDTH64_C_M_AXI_DATA_WIDTH32_C_M_AXI_AWUSER_WIDTH1_C_M_AXI_ARUSER_WIDTH1_C_M_AXI_WUSER_WIDTH1_C_M_AXI_RUSER_WIDTH1_C_M_AXI_BUSER_WIDTH1_C_USER_VALUE0_C_PROT_VALUE0_C_CACHE_VALUE3_USER_DW32_USER_AW64_USER_MAXREQS7_USER_RFIFONUM_WIDTH9_14
gmem2_m_axi_U/clk_gate_bus_read_rreq_burst_conv_rs_req_data_p2_reg       3.9900     0.0      0.0000      3.9900 0.0000 SNPS_CLOCK_GATE_HIGH_tinytpu_isa_gmem2_m_axi_CONSERVATIVE1_NUM_READ_OUTSTANDING16_NUM_WRITE_OUTSTANDING16_MAX_READ_BURST_LENGTH16_MAX_WRITE_BURST_LENGTH16_C_M_AXI_ID_WIDTH1_C_M_AXI_ADDR_WIDTH64_C_M_AXI_DATA_WIDTH32_C_M_AXI_AWUSER_WIDTH1_C_M_AXI_ARUSER_WIDTH1_C_M_AXI_WUSER_WIDTH1_C_M_AXI_RUSER_WIDTH1_C_M_AXI_BUSER_WIDTH1_C_USER_VALUE0_C_PROT_VALUE0_C_CACHE_VALUE3_USER_DW32_USER_AW64_USER_MAXREQS7_USER_RFIFONUM_WIDTH9_15
gmem2_m_axi_U/clk_gate_bus_read_rs_rdata_data_p1_reg       3.9900     0.0      0.0000      3.9900 0.0000 SNPS_CLOCK_GATE_HIGH_tinytpu_isa_gmem2_m_axi_CONSERVATIVE1_NUM_READ_OUTSTANDING16_NUM_WRITE_OUTSTANDING16_MAX_READ_BURST_LENGTH16_MAX_WRITE_BURST_LENGTH16_C_M_AXI_ID_WIDTH1_C_M_AXI_ADDR_WIDTH64_C_M_AXI_DATA_WIDTH32_C_M_AXI_AWUSER_WIDTH1_C_M_AXI_ARUSER_WIDTH1_C_M_AXI_WUSER_WIDTH1_C_M_AXI_RUSER_WIDTH1_C_M_AXI_BUSER_WIDTH1_C_USER_VALUE0_C_PROT_VALUE0_C_CACHE_VALUE3_USER_DW32_USER_AW64_USER_MAXREQS7_USER_RFIFONUM_WIDTH9_12
gmem2_m_axi_U/clk_gate_bus_read_rs_rdata_data_p2_reg       3.9900     0.0      0.0000      3.9900 0.0000 SNPS_CLOCK_GATE_HIGH_tinytpu_isa_gmem2_m_axi_CONSERVATIVE1_NUM_READ_OUTSTANDING16_NUM_WRITE_OUTSTANDING16_MAX_READ_BURST_LENGTH16_MAX_WRITE_BURST_LENGTH16_C_M_AXI_ID_WIDTH1_C_M_AXI_ADDR_WIDTH64_C_M_AXI_DATA_WIDTH32_C_M_AXI_AWUSER_WIDTH1_C_M_AXI_ARUSER_WIDTH1_C_M_AXI_WUSER_WIDTH1_C_M_AXI_RUSER_WIDTH1_C_M_AXI_BUSER_WIDTH1_C_USER_VALUE0_C_PROT_VALUE0_C_CACHE_VALUE3_USER_DW32_USER_AW64_USER_MAXREQS7_USER_RFIFONUM_WIDTH9_13
gmem2_m_axi_U/clk_gate_load_unit_buff_rdata_empty_n_reg       3.9900     0.0      0.0000      3.9900 0.0000 SNPS_CLOCK_GATE_HIGH_tinytpu_isa_gmem2_m_axi_CONSERVATIVE1_NUM_READ_OUTSTANDING16_NUM_WRITE_OUTSTANDING16_MAX_READ_BURST_LENGTH16_MAX_WRITE_BURST_LENGTH16_C_M_AXI_ID_WIDTH1_C_M_AXI_ADDR_WIDTH64_C_M_AXI_DATA_WIDTH32_C_M_AXI_AWUSER_WIDTH1_C_M_AXI_ARUSER_WIDTH1_C_M_AXI_WUSER_WIDTH1_C_M_AXI_RUSER_WIDTH1_C_M_AXI_BUSER_WIDTH1_C_USER_VALUE0_C_PROT_VALUE0_C_CACHE_VALUE3_USER_DW32_USER_AW64_USER_MAXREQS7_USER_RFIFONUM_WIDTH9_301
gmem2_m_axi_U/clk_gate_load_unit_buff_rdata_genblk1_U_fifo_mem_dout_reg       3.9900     0.0      0.0000      3.9900 0.0000 SNPS_CLOCK_GATE_HIGH_tinytpu_isa_gmem2_m_axi_CONSERVATIVE1_NUM_READ_OUTSTANDING16_NUM_WRITE_OUTSTANDING16_MAX_READ_BURST_LENGTH16_MAX_WRITE_BURST_LENGTH16_C_M_AXI_ID_WIDTH1_C_M_AXI_ADDR_WIDTH64_C_M_AXI_DATA_WIDTH32_C_M_AXI_AWUSER_WIDTH1_C_M_AXI_ARUSER_WIDTH1_C_M_AXI_WUSER_WIDTH1_C_M_AXI_RUSER_WIDTH1_C_M_AXI_BUSER_WIDTH1_C_USER_VALUE0_C_PROT_VALUE0_C_CACHE_VALUE3_USER_DW32_USER_AW64_USER_MAXREQS7_USER_RFIFONUM_WIDTH9_299
gmem2_m_axi_U/clk_gate_load_unit_buff_rdata_genblk1_U_fifo_mem_mem_reg_0_       3.9900     0.0      0.0000      3.9900 0.0000 SNPS_CLOCK_GATE_HIGH_tinytpu_isa_gmem2_m_axi_CONSERVATIVE1_NUM_READ_OUTSTANDING16_NUM_WRITE_OUTSTANDING16_MAX_READ_BURST_LENGTH16_MAX_WRITE_BURST_LENGTH16_C_M_AXI_ID_WIDTH1_C_M_AXI_ADDR_WIDTH64_C_M_AXI_DATA_WIDTH32_C_M_AXI_AWUSER_WIDTH1_C_M_AXI_ARUSER_WIDTH1_C_M_AXI_WUSER_WIDTH1_C_M_AXI_RUSER_WIDTH1_C_M_AXI_BUSER_WIDTH1_C_USER_VALUE0_C_PROT_VALUE0_C_CACHE_VALUE3_USER_DW32_USER_AW64_USER_MAXREQS7_USER_RFIFONUM_WIDTH9_44
gmem2_m_axi_U/clk_gate_load_unit_buff_rdata_genblk1_U_fifo_mem_mem_reg_100_       3.9900     0.0      0.0000      3.9900 0.0000 SNPS_CLOCK_GATE_HIGH_tinytpu_isa_gmem2_m_axi_CONSERVATIVE1_NUM_READ_OUTSTANDING16_NUM_WRITE_OUTSTANDING16_MAX_READ_BURST_LENGTH16_MAX_WRITE_BURST_LENGTH16_C_M_AXI_ID_WIDTH1_C_M_AXI_ADDR_WIDTH64_C_M_AXI_DATA_WIDTH32_C_M_AXI_AWUSER_WIDTH1_C_M_AXI_ARUSER_WIDTH1_C_M_AXI_WUSER_WIDTH1_C_M_AXI_RUSER_WIDTH1_C_M_AXI_BUSER_WIDTH1_C_USER_VALUE0_C_PROT_VALUE0_C_CACHE_VALUE3_USER_DW32_USER_AW64_USER_MAXREQS7_USER_RFIFONUM_WIDTH9_144
gmem2_m_axi_U/clk_gate_load_unit_buff_rdata_genblk1_U_fifo_mem_mem_reg_101_       3.9900     0.0      0.0000      3.9900 0.0000 SNPS_CLOCK_GATE_HIGH_tinytpu_isa_gmem2_m_axi_CONSERVATIVE1_NUM_READ_OUTSTANDING16_NUM_WRITE_OUTSTANDING16_MAX_READ_BURST_LENGTH16_MAX_WRITE_BURST_LENGTH16_C_M_AXI_ID_WIDTH1_C_M_AXI_ADDR_WIDTH64_C_M_AXI_DATA_WIDTH32_C_M_AXI_AWUSER_WIDTH1_C_M_AXI_ARUSER_WIDTH1_C_M_AXI_WUSER_WIDTH1_C_M_AXI_RUSER_WIDTH1_C_M_AXI_BUSER_WIDTH1_C_USER_VALUE0_C_PROT_VALUE0_C_CACHE_VALUE3_USER_DW32_USER_AW64_USER_MAXREQS7_USER_RFIFONUM_WIDTH9_145
gmem2_m_axi_U/clk_gate_load_unit_buff_rdata_genblk1_U_fifo_mem_mem_reg_102_       3.9900     0.0      0.0000      3.9900 0.0000 SNPS_CLOCK_GATE_HIGH_tinytpu_isa_gmem2_m_axi_CONSERVATIVE1_NUM_READ_OUTSTANDING16_NUM_WRITE_OUTSTANDING16_MAX_READ_BURST_LENGTH16_MAX_WRITE_BURST_LENGTH16_C_M_AXI_ID_WIDTH1_C_M_AXI_ADDR_WIDTH64_C_M_AXI_DATA_WIDTH32_C_M_AXI_AWUSER_WIDTH1_C_M_AXI_ARUSER_WIDTH1_C_M_AXI_WUSER_WIDTH1_C_M_AXI_RUSER_WIDTH1_C_M_AXI_BUSER_WIDTH1_C_USER_VALUE0_C_PROT_VALUE0_C_CACHE_VALUE3_USER_DW32_USER_AW64_USER_MAXREQS7_USER_RFIFONUM_WIDTH9_146
gmem2_m_axi_U/clk_gate_load_unit_buff_rdata_genblk1_U_fifo_mem_mem_reg_103_       3.9900     0.0      0.0000      3.9900 0.0000 SNPS_CLOCK_GATE_HIGH_tinytpu_isa_gmem2_m_axi_CONSERVATIVE1_NUM_READ_OUTSTANDING16_NUM_WRITE_OUTSTANDING16_MAX_READ_BURST_LENGTH16_MAX_WRITE_BURST_LENGTH16_C_M_AXI_ID_WIDTH1_C_M_AXI_ADDR_WIDTH64_C_M_AXI_DATA_WIDTH32_C_M_AXI_AWUSER_WIDTH1_C_M_AXI_ARUSER_WIDTH1_C_M_AXI_WUSER_WIDTH1_C_M_AXI_RUSER_WIDTH1_C_M_AXI_BUSER_WIDTH1_C_USER_VALUE0_C_PROT_VALUE0_C_CACHE_VALUE3_USER_DW32_USER_AW64_USER_MAXREQS7_USER_RFIFONUM_WIDTH9_147
gmem2_m_axi_U/clk_gate_load_unit_buff_rdata_genblk1_U_fifo_mem_mem_reg_104_       3.9900     0.0      0.0000      3.9900 0.0000 SNPS_CLOCK_GATE_HIGH_tinytpu_isa_gmem2_m_axi_CONSERVATIVE1_NUM_READ_OUTSTANDING16_NUM_WRITE_OUTSTANDING16_MAX_READ_BURST_LENGTH16_MAX_WRITE_BURST_LENGTH16_C_M_AXI_ID_WIDTH1_C_M_AXI_ADDR_WIDTH64_C_M_AXI_DATA_WIDTH32_C_M_AXI_AWUSER_WIDTH1_C_M_AXI_ARUSER_WIDTH1_C_M_AXI_WUSER_WIDTH1_C_M_AXI_RUSER_WIDTH1_C_M_AXI_BUSER_WIDTH1_C_USER_VALUE0_C_PROT_VALUE0_C_CACHE_VALUE3_USER_DW32_USER_AW64_USER_MAXREQS7_USER_RFIFONUM_WIDTH9_148
gmem2_m_axi_U/clk_gate_load_unit_buff_rdata_genblk1_U_fifo_mem_mem_reg_105_       3.9900     0.0      0.0000      3.9900 0.0000 SNPS_CLOCK_GATE_HIGH_tinytpu_isa_gmem2_m_axi_CONSERVATIVE1_NUM_READ_OUTSTANDING16_NUM_WRITE_OUTSTANDING16_MAX_READ_BURST_LENGTH16_MAX_WRITE_BURST_LENGTH16_C_M_AXI_ID_WIDTH1_C_M_AXI_ADDR_WIDTH64_C_M_AXI_DATA_WIDTH32_C_M_AXI_AWUSER_WIDTH1_C_M_AXI_ARUSER_WIDTH1_C_M_AXI_WUSER_WIDTH1_C_M_AXI_RUSER_WIDTH1_C_M_AXI_BUSER_WIDTH1_C_USER_VALUE0_C_PROT_VALUE0_C_CACHE_VALUE3_USER_DW32_USER_AW64_USER_MAXREQS7_USER_RFIFONUM_WIDTH9_149
gmem2_m_axi_U/clk_gate_load_unit_buff_rdata_genblk1_U_fifo_mem_mem_reg_106_       3.9900     0.0      0.0000      3.9900 0.0000 SNPS_CLOCK_GATE_HIGH_tinytpu_isa_gmem2_m_axi_CONSERVATIVE1_NUM_READ_OUTSTANDING16_NUM_WRITE_OUTSTANDING16_MAX_READ_BURST_LENGTH16_MAX_WRITE_BURST_LENGTH16_C_M_AXI_ID_WIDTH1_C_M_AXI_ADDR_WIDTH64_C_M_AXI_DATA_WIDTH32_C_M_AXI_AWUSER_WIDTH1_C_M_AXI_ARUSER_WIDTH1_C_M_AXI_WUSER_WIDTH1_C_M_AXI_RUSER_WIDTH1_C_M_AXI_BUSER_WIDTH1_C_USER_VALUE0_C_PROT_VALUE0_C_CACHE_VALUE3_USER_DW32_USER_AW64_USER_MAXREQS7_USER_RFIFONUM_WIDTH9_150
gmem2_m_axi_U/clk_gate_load_unit_buff_rdata_genblk1_U_fifo_mem_mem_reg_107_       3.9900     0.0      0.0000      3.9900 0.0000 SNPS_CLOCK_GATE_HIGH_tinytpu_isa_gmem2_m_axi_CONSERVATIVE1_NUM_READ_OUTSTANDING16_NUM_WRITE_OUTSTANDING16_MAX_READ_BURST_LENGTH16_MAX_WRITE_BURST_LENGTH16_C_M_AXI_ID_WIDTH1_C_M_AXI_ADDR_WIDTH64_C_M_AXI_DATA_WIDTH32_C_M_AXI_AWUSER_WIDTH1_C_M_AXI_ARUSER_WIDTH1_C_M_AXI_WUSER_WIDTH1_C_M_AXI_RUSER_WIDTH1_C_M_AXI_BUSER_WIDTH1_C_USER_VALUE0_C_PROT_VALUE0_C_CACHE_VALUE3_USER_DW32_USER_AW64_USER_MAXREQS7_USER_RFIFONUM_WIDTH9_151
gmem2_m_axi_U/clk_gate_load_unit_buff_rdata_genblk1_U_fifo_mem_mem_reg_108_       3.9900     0.0      0.0000      3.9900 0.0000 SNPS_CLOCK_GATE_HIGH_tinytpu_isa_gmem2_m_axi_CONSERVATIVE1_NUM_READ_OUTSTANDING16_NUM_WRITE_OUTSTANDING16_MAX_READ_BURST_LENGTH16_MAX_WRITE_BURST_LENGTH16_C_M_AXI_ID_WIDTH1_C_M_AXI_ADDR_WIDTH64_C_M_AXI_DATA_WIDTH32_C_M_AXI_AWUSER_WIDTH1_C_M_AXI_ARUSER_WIDTH1_C_M_AXI_WUSER_WIDTH1_C_M_AXI_RUSER_WIDTH1_C_M_AXI_BUSER_WIDTH1_C_USER_VALUE0_C_PROT_VALUE0_C_CACHE_VALUE3_USER_DW32_USER_AW64_USER_MAXREQS7_USER_RFIFONUM_WIDTH9_152
gmem2_m_axi_U/clk_gate_load_unit_buff_rdata_genblk1_U_fifo_mem_mem_reg_109_       3.9900     0.0      0.0000      3.9900 0.0000 SNPS_CLOCK_GATE_HIGH_tinytpu_isa_gmem2_m_axi_CONSERVATIVE1_NUM_READ_OUTSTANDING16_NUM_WRITE_OUTSTANDING16_MAX_READ_BURST_LENGTH16_MAX_WRITE_BURST_LENGTH16_C_M_AXI_ID_WIDTH1_C_M_AXI_ADDR_WIDTH64_C_M_AXI_DATA_WIDTH32_C_M_AXI_AWUSER_WIDTH1_C_M_AXI_ARUSER_WIDTH1_C_M_AXI_WUSER_WIDTH1_C_M_AXI_RUSER_WIDTH1_C_M_AXI_BUSER_WIDTH1_C_USER_VALUE0_C_PROT_VALUE0_C_CACHE_VALUE3_USER_DW32_USER_AW64_USER_MAXREQS7_USER_RFIFONUM_WIDTH9_153
gmem2_m_axi_U/clk_gate_load_unit_buff_rdata_genblk1_U_fifo_mem_mem_reg_10_       3.9900     0.0      0.0000      3.9900 0.0000 SNPS_CLOCK_GATE_HIGH_tinytpu_isa_gmem2_m_axi_CONSERVATIVE1_NUM_READ_OUTSTANDING16_NUM_WRITE_OUTSTANDING16_MAX_READ_BURST_LENGTH16_MAX_WRITE_BURST_LENGTH16_C_M_AXI_ID_WIDTH1_C_M_AXI_ADDR_WIDTH64_C_M_AXI_DATA_WIDTH32_C_M_AXI_AWUSER_WIDTH1_C_M_AXI_ARUSER_WIDTH1_C_M_AXI_WUSER_WIDTH1_C_M_AXI_RUSER_WIDTH1_C_M_AXI_BUSER_WIDTH1_C_USER_VALUE0_C_PROT_VALUE0_C_CACHE_VALUE3_USER_DW32_USER_AW64_USER_MAXREQS7_USER_RFIFONUM_WIDTH9_54
gmem2_m_axi_U/clk_gate_load_unit_buff_rdata_genblk1_U_fifo_mem_mem_reg_110_       3.9900     0.0      0.0000      3.9900 0.0000 SNPS_CLOCK_GATE_HIGH_tinytpu_isa_gmem2_m_axi_CONSERVATIVE1_NUM_READ_OUTSTANDING16_NUM_WRITE_OUTSTANDING16_MAX_READ_BURST_LENGTH16_MAX_WRITE_BURST_LENGTH16_C_M_AXI_ID_WIDTH1_C_M_AXI_ADDR_WIDTH64_C_M_AXI_DATA_WIDTH32_C_M_AXI_AWUSER_WIDTH1_C_M_AXI_ARUSER_WIDTH1_C_M_AXI_WUSER_WIDTH1_C_M_AXI_RUSER_WIDTH1_C_M_AXI_BUSER_WIDTH1_C_USER_VALUE0_C_PROT_VALUE0_C_CACHE_VALUE3_USER_DW32_USER_AW64_USER_MAXREQS7_USER_RFIFONUM_WIDTH9_154
gmem2_m_axi_U/clk_gate_load_unit_buff_rdata_genblk1_U_fifo_mem_mem_reg_111_       3.9900     0.0      0.0000      3.9900 0.0000 SNPS_CLOCK_GATE_HIGH_tinytpu_isa_gmem2_m_axi_CONSERVATIVE1_NUM_READ_OUTSTANDING16_NUM_WRITE_OUTSTANDING16_MAX_READ_BURST_LENGTH16_MAX_WRITE_BURST_LENGTH16_C_M_AXI_ID_WIDTH1_C_M_AXI_ADDR_WIDTH64_C_M_AXI_DATA_WIDTH32_C_M_AXI_AWUSER_WIDTH1_C_M_AXI_ARUSER_WIDTH1_C_M_AXI_WUSER_WIDTH1_C_M_AXI_RUSER_WIDTH1_C_M_AXI_BUSER_WIDTH1_C_USER_VALUE0_C_PROT_VALUE0_C_CACHE_VALUE3_USER_DW32_USER_AW64_USER_MAXREQS7_USER_RFIFONUM_WIDTH9_155
gmem2_m_axi_U/clk_gate_load_unit_buff_rdata_genblk1_U_fifo_mem_mem_reg_112_       3.9900     0.0      0.0000      3.9900 0.0000 SNPS_CLOCK_GATE_HIGH_tinytpu_isa_gmem2_m_axi_CONSERVATIVE1_NUM_READ_OUTSTANDING16_NUM_WRITE_OUTSTANDING16_MAX_READ_BURST_LENGTH16_MAX_WRITE_BURST_LENGTH16_C_M_AXI_ID_WIDTH1_C_M_AXI_ADDR_WIDTH64_C_M_AXI_DATA_WIDTH32_C_M_AXI_AWUSER_WIDTH1_C_M_AXI_ARUSER_WIDTH1_C_M_AXI_WUSER_WIDTH1_C_M_AXI_RUSER_WIDTH1_C_M_AXI_BUSER_WIDTH1_C_USER_VALUE0_C_PROT_VALUE0_C_CACHE_VALUE3_USER_DW32_USER_AW64_USER_MAXREQS7_USER_RFIFONUM_WIDTH9_156
gmem2_m_axi_U/clk_gate_load_unit_buff_rdata_genblk1_U_fifo_mem_mem_reg_113_       3.9900     0.0      0.0000      3.9900 0.0000 SNPS_CLOCK_GATE_HIGH_tinytpu_isa_gmem2_m_axi_CONSERVATIVE1_NUM_READ_OUTSTANDING16_NUM_WRITE_OUTSTANDING16_MAX_READ_BURST_LENGTH16_MAX_WRITE_BURST_LENGTH16_C_M_AXI_ID_WIDTH1_C_M_AXI_ADDR_WIDTH64_C_M_AXI_DATA_WIDTH32_C_M_AXI_AWUSER_WIDTH1_C_M_AXI_ARUSER_WIDTH1_C_M_AXI_WUSER_WIDTH1_C_M_AXI_RUSER_WIDTH1_C_M_AXI_BUSER_WIDTH1_C_USER_VALUE0_C_PROT_VALUE0_C_CACHE_VALUE3_USER_DW32_USER_AW64_USER_MAXREQS7_USER_RFIFONUM_WIDTH9_157
gmem2_m_axi_U/clk_gate_load_unit_buff_rdata_genblk1_U_fifo_mem_mem_reg_114_       3.9900     0.0      0.0000      3.9900 0.0000 SNPS_CLOCK_GATE_HIGH_tinytpu_isa_gmem2_m_axi_CONSERVATIVE1_NUM_READ_OUTSTANDING16_NUM_WRITE_OUTSTANDING16_MAX_READ_BURST_LENGTH16_MAX_WRITE_BURST_LENGTH16_C_M_AXI_ID_WIDTH1_C_M_AXI_ADDR_WIDTH64_C_M_AXI_DATA_WIDTH32_C_M_AXI_AWUSER_WIDTH1_C_M_AXI_ARUSER_WIDTH1_C_M_AXI_WUSER_WIDTH1_C_M_AXI_RUSER_WIDTH1_C_M_AXI_BUSER_WIDTH1_C_USER_VALUE0_C_PROT_VALUE0_C_CACHE_VALUE3_USER_DW32_USER_AW64_USER_MAXREQS7_USER_RFIFONUM_WIDTH9_158
gmem2_m_axi_U/clk_gate_load_unit_buff_rdata_genblk1_U_fifo_mem_mem_reg_115_       3.9900     0.0      0.0000      3.9900 0.0000 SNPS_CLOCK_GATE_HIGH_tinytpu_isa_gmem2_m_axi_CONSERVATIVE1_NUM_READ_OUTSTANDING16_NUM_WRITE_OUTSTANDING16_MAX_READ_BURST_LENGTH16_MAX_WRITE_BURST_LENGTH16_C_M_AXI_ID_WIDTH1_C_M_AXI_ADDR_WIDTH64_C_M_AXI_DATA_WIDTH32_C_M_AXI_AWUSER_WIDTH1_C_M_AXI_ARUSER_WIDTH1_C_M_AXI_WUSER_WIDTH1_C_M_AXI_RUSER_WIDTH1_C_M_AXI_BUSER_WIDTH1_C_USER_VALUE0_C_PROT_VALUE0_C_CACHE_VALUE3_USER_DW32_USER_AW64_USER_MAXREQS7_USER_RFIFONUM_WIDTH9_159
gmem2_m_axi_U/clk_gate_load_unit_buff_rdata_genblk1_U_fifo_mem_mem_reg_116_       3.9900     0.0      0.0000      3.9900 0.0000 SNPS_CLOCK_GATE_HIGH_tinytpu_isa_gmem2_m_axi_CONSERVATIVE1_NUM_READ_OUTSTANDING16_NUM_WRITE_OUTSTANDING16_MAX_READ_BURST_LENGTH16_MAX_WRITE_BURST_LENGTH16_C_M_AXI_ID_WIDTH1_C_M_AXI_ADDR_WIDTH64_C_M_AXI_DATA_WIDTH32_C_M_AXI_AWUSER_WIDTH1_C_M_AXI_ARUSER_WIDTH1_C_M_AXI_WUSER_WIDTH1_C_M_AXI_RUSER_WIDTH1_C_M_AXI_BUSER_WIDTH1_C_USER_VALUE0_C_PROT_VALUE0_C_CACHE_VALUE3_USER_DW32_USER_AW64_USER_MAXREQS7_USER_RFIFONUM_WIDTH9_160
gmem2_m_axi_U/clk_gate_load_unit_buff_rdata_genblk1_U_fifo_mem_mem_reg_117_       3.9900     0.0      0.0000      3.9900 0.0000 SNPS_CLOCK_GATE_HIGH_tinytpu_isa_gmem2_m_axi_CONSERVATIVE1_NUM_READ_OUTSTANDING16_NUM_WRITE_OUTSTANDING16_MAX_READ_BURST_LENGTH16_MAX_WRITE_BURST_LENGTH16_C_M_AXI_ID_WIDTH1_C_M_AXI_ADDR_WIDTH64_C_M_AXI_DATA_WIDTH32_C_M_AXI_AWUSER_WIDTH1_C_M_AXI_ARUSER_WIDTH1_C_M_AXI_WUSER_WIDTH1_C_M_AXI_RUSER_WIDTH1_C_M_AXI_BUSER_WIDTH1_C_USER_VALUE0_C_PROT_VALUE0_C_CACHE_VALUE3_USER_DW32_USER_AW64_USER_MAXREQS7_USER_RFIFONUM_WIDTH9_161
gmem2_m_axi_U/clk_gate_load_unit_buff_rdata_genblk1_U_fifo_mem_mem_reg_118_       3.9900     0.0      0.0000      3.9900 0.0000 SNPS_CLOCK_GATE_HIGH_tinytpu_isa_gmem2_m_axi_CONSERVATIVE1_NUM_READ_OUTSTANDING16_NUM_WRITE_OUTSTANDING16_MAX_READ_BURST_LENGTH16_MAX_WRITE_BURST_LENGTH16_C_M_AXI_ID_WIDTH1_C_M_AXI_ADDR_WIDTH64_C_M_AXI_DATA_WIDTH32_C_M_AXI_AWUSER_WIDTH1_C_M_AXI_ARUSER_WIDTH1_C_M_AXI_WUSER_WIDTH1_C_M_AXI_RUSER_WIDTH1_C_M_AXI_BUSER_WIDTH1_C_USER_VALUE0_C_PROT_VALUE0_C_CACHE_VALUE3_USER_DW32_USER_AW64_USER_MAXREQS7_USER_RFIFONUM_WIDTH9_162
gmem2_m_axi_U/clk_gate_load_unit_buff_rdata_genblk1_U_fifo_mem_mem_reg_119_       3.9900     0.0      0.0000      3.9900 0.0000 SNPS_CLOCK_GATE_HIGH_tinytpu_isa_gmem2_m_axi_CONSERVATIVE1_NUM_READ_OUTSTANDING16_NUM_WRITE_OUTSTANDING16_MAX_READ_BURST_LENGTH16_MAX_WRITE_BURST_LENGTH16_C_M_AXI_ID_WIDTH1_C_M_AXI_ADDR_WIDTH64_C_M_AXI_DATA_WIDTH32_C_M_AXI_AWUSER_WIDTH1_C_M_AXI_ARUSER_WIDTH1_C_M_AXI_WUSER_WIDTH1_C_M_AXI_RUSER_WIDTH1_C_M_AXI_BUSER_WIDTH1_C_USER_VALUE0_C_PROT_VALUE0_C_CACHE_VALUE3_USER_DW32_USER_AW64_USER_MAXREQS7_USER_RFIFONUM_WIDTH9_163
gmem2_m_axi_U/clk_gate_load_unit_buff_rdata_genblk1_U_fifo_mem_mem_reg_11_       3.9900     0.0      0.0000      3.9900 0.0000 SNPS_CLOCK_GATE_HIGH_tinytpu_isa_gmem2_m_axi_CONSERVATIVE1_NUM_READ_OUTSTANDING16_NUM_WRITE_OUTSTANDING16_MAX_READ_BURST_LENGTH16_MAX_WRITE_BURST_LENGTH16_C_M_AXI_ID_WIDTH1_C_M_AXI_ADDR_WIDTH64_C_M_AXI_DATA_WIDTH32_C_M_AXI_AWUSER_WIDTH1_C_M_AXI_ARUSER_WIDTH1_C_M_AXI_WUSER_WIDTH1_C_M_AXI_RUSER_WIDTH1_C_M_AXI_BUSER_WIDTH1_C_USER_VALUE0_C_PROT_VALUE0_C_CACHE_VALUE3_USER_DW32_USER_AW64_USER_MAXREQS7_USER_RFIFONUM_WIDTH9_55
gmem2_m_axi_U/clk_gate_load_unit_buff_rdata_genblk1_U_fifo_mem_mem_reg_120_       3.9900     0.0      0.0000      3.9900 0.0000 SNPS_CLOCK_GATE_HIGH_tinytpu_isa_gmem2_m_axi_CONSERVATIVE1_NUM_READ_OUTSTANDING16_NUM_WRITE_OUTSTANDING16_MAX_READ_BURST_LENGTH16_MAX_WRITE_BURST_LENGTH16_C_M_AXI_ID_WIDTH1_C_M_AXI_ADDR_WIDTH64_C_M_AXI_DATA_WIDTH32_C_M_AXI_AWUSER_WIDTH1_C_M_AXI_ARUSER_WIDTH1_C_M_AXI_WUSER_WIDTH1_C_M_AXI_RUSER_WIDTH1_C_M_AXI_BUSER_WIDTH1_C_USER_VALUE0_C_PROT_VALUE0_C_CACHE_VALUE3_USER_DW32_USER_AW64_USER_MAXREQS7_USER_RFIFONUM_WIDTH9_164
gmem2_m_axi_U/clk_gate_load_unit_buff_rdata_genblk1_U_fifo_mem_mem_reg_121_       3.9900     0.0      0.0000      3.9900 0.0000 SNPS_CLOCK_GATE_HIGH_tinytpu_isa_gmem2_m_axi_CONSERVATIVE1_NUM_READ_OUTSTANDING16_NUM_WRITE_OUTSTANDING16_MAX_READ_BURST_LENGTH16_MAX_WRITE_BURST_LENGTH16_C_M_AXI_ID_WIDTH1_C_M_AXI_ADDR_WIDTH64_C_M_AXI_DATA_WIDTH32_C_M_AXI_AWUSER_WIDTH1_C_M_AXI_ARUSER_WIDTH1_C_M_AXI_WUSER_WIDTH1_C_M_AXI_RUSER_WIDTH1_C_M_AXI_BUSER_WIDTH1_C_USER_VALUE0_C_PROT_VALUE0_C_CACHE_VALUE3_USER_DW32_USER_AW64_USER_MAXREQS7_USER_RFIFONUM_WIDTH9_165
gmem2_m_axi_U/clk_gate_load_unit_buff_rdata_genblk1_U_fifo_mem_mem_reg_122_       3.9900     0.0      0.0000      3.9900 0.0000 SNPS_CLOCK_GATE_HIGH_tinytpu_isa_gmem2_m_axi_CONSERVATIVE1_NUM_READ_OUTSTANDING16_NUM_WRITE_OUTSTANDING16_MAX_READ_BURST_LENGTH16_MAX_WRITE_BURST_LENGTH16_C_M_AXI_ID_WIDTH1_C_M_AXI_ADDR_WIDTH64_C_M_AXI_DATA_WIDTH32_C_M_AXI_AWUSER_WIDTH1_C_M_AXI_ARUSER_WIDTH1_C_M_AXI_WUSER_WIDTH1_C_M_AXI_RUSER_WIDTH1_C_M_AXI_BUSER_WIDTH1_C_USER_VALUE0_C_PROT_VALUE0_C_CACHE_VALUE3_USER_DW32_USER_AW64_USER_MAXREQS7_USER_RFIFONUM_WIDTH9_166
gmem2_m_axi_U/clk_gate_load_unit_buff_rdata_genblk1_U_fifo_mem_mem_reg_123_       3.9900     0.0      0.0000      3.9900 0.0000 SNPS_CLOCK_GATE_HIGH_tinytpu_isa_gmem2_m_axi_CONSERVATIVE1_NUM_READ_OUTSTANDING16_NUM_WRITE_OUTSTANDING16_MAX_READ_BURST_LENGTH16_MAX_WRITE_BURST_LENGTH16_C_M_AXI_ID_WIDTH1_C_M_AXI_ADDR_WIDTH64_C_M_AXI_DATA_WIDTH32_C_M_AXI_AWUSER_WIDTH1_C_M_AXI_ARUSER_WIDTH1_C_M_AXI_WUSER_WIDTH1_C_M_AXI_RUSER_WIDTH1_C_M_AXI_BUSER_WIDTH1_C_USER_VALUE0_C_PROT_VALUE0_C_CACHE_VALUE3_USER_DW32_USER_AW64_USER_MAXREQS7_USER_RFIFONUM_WIDTH9_167
gmem2_m_axi_U/clk_gate_load_unit_buff_rdata_genblk1_U_fifo_mem_mem_reg_124_       3.9900     0.0      0.0000      3.9900 0.0000 SNPS_CLOCK_GATE_HIGH_tinytpu_isa_gmem2_m_axi_CONSERVATIVE1_NUM_READ_OUTSTANDING16_NUM_WRITE_OUTSTANDING16_MAX_READ_BURST_LENGTH16_MAX_WRITE_BURST_LENGTH16_C_M_AXI_ID_WIDTH1_C_M_AXI_ADDR_WIDTH64_C_M_AXI_DATA_WIDTH32_C_M_AXI_AWUSER_WIDTH1_C_M_AXI_ARUSER_WIDTH1_C_M_AXI_WUSER_WIDTH1_C_M_AXI_RUSER_WIDTH1_C_M_AXI_BUSER_WIDTH1_C_USER_VALUE0_C_PROT_VALUE0_C_CACHE_VALUE3_USER_DW32_USER_AW64_USER_MAXREQS7_USER_RFIFONUM_WIDTH9_168
gmem2_m_axi_U/clk_gate_load_unit_buff_rdata_genblk1_U_fifo_mem_mem_reg_125_       3.9900     0.0      0.0000      3.9900 0.0000 SNPS_CLOCK_GATE_HIGH_tinytpu_isa_gmem2_m_axi_CONSERVATIVE1_NUM_READ_OUTSTANDING16_NUM_WRITE_OUTSTANDING16_MAX_READ_BURST_LENGTH16_MAX_WRITE_BURST_LENGTH16_C_M_AXI_ID_WIDTH1_C_M_AXI_ADDR_WIDTH64_C_M_AXI_DATA_WIDTH32_C_M_AXI_AWUSER_WIDTH1_C_M_AXI_ARUSER_WIDTH1_C_M_AXI_WUSER_WIDTH1_C_M_AXI_RUSER_WIDTH1_C_M_AXI_BUSER_WIDTH1_C_USER_VALUE0_C_PROT_VALUE0_C_CACHE_VALUE3_USER_DW32_USER_AW64_USER_MAXREQS7_USER_RFIFONUM_WIDTH9_169
gmem2_m_axi_U/clk_gate_load_unit_buff_rdata_genblk1_U_fifo_mem_mem_reg_126_       3.9900     0.0      0.0000      3.9900 0.0000 SNPS_CLOCK_GATE_HIGH_tinytpu_isa_gmem2_m_axi_CONSERVATIVE1_NUM_READ_OUTSTANDING16_NUM_WRITE_OUTSTANDING16_MAX_READ_BURST_LENGTH16_MAX_WRITE_BURST_LENGTH16_C_M_AXI_ID_WIDTH1_C_M_AXI_ADDR_WIDTH64_C_M_AXI_DATA_WIDTH32_C_M_AXI_AWUSER_WIDTH1_C_M_AXI_ARUSER_WIDTH1_C_M_AXI_WUSER_WIDTH1_C_M_AXI_RUSER_WIDTH1_C_M_AXI_BUSER_WIDTH1_C_USER_VALUE0_C_PROT_VALUE0_C_CACHE_VALUE3_USER_DW32_USER_AW64_USER_MAXREQS7_USER_RFIFONUM_WIDTH9_170
gmem2_m_axi_U/clk_gate_load_unit_buff_rdata_genblk1_U_fifo_mem_mem_reg_127_       3.9900     0.0      0.0000      3.9900 0.0000 SNPS_CLOCK_GATE_HIGH_tinytpu_isa_gmem2_m_axi_CONSERVATIVE1_NUM_READ_OUTSTANDING16_NUM_WRITE_OUTSTANDING16_MAX_READ_BURST_LENGTH16_MAX_WRITE_BURST_LENGTH16_C_M_AXI_ID_WIDTH1_C_M_AXI_ADDR_WIDTH64_C_M_AXI_DATA_WIDTH32_C_M_AXI_AWUSER_WIDTH1_C_M_AXI_ARUSER_WIDTH1_C_M_AXI_WUSER_WIDTH1_C_M_AXI_RUSER_WIDTH1_C_M_AXI_BUSER_WIDTH1_C_USER_VALUE0_C_PROT_VALUE0_C_CACHE_VALUE3_USER_DW32_USER_AW64_USER_MAXREQS7_USER_RFIFONUM_WIDTH9_171
gmem2_m_axi_U/clk_gate_load_unit_buff_rdata_genblk1_U_fifo_mem_mem_reg_128_       3.9900     0.0      0.0000      3.9900 0.0000 SNPS_CLOCK_GATE_HIGH_tinytpu_isa_gmem2_m_axi_CONSERVATIVE1_NUM_READ_OUTSTANDING16_NUM_WRITE_OUTSTANDING16_MAX_READ_BURST_LENGTH16_MAX_WRITE_BURST_LENGTH16_C_M_AXI_ID_WIDTH1_C_M_AXI_ADDR_WIDTH64_C_M_AXI_DATA_WIDTH32_C_M_AXI_AWUSER_WIDTH1_C_M_AXI_ARUSER_WIDTH1_C_M_AXI_WUSER_WIDTH1_C_M_AXI_RUSER_WIDTH1_C_M_AXI_BUSER_WIDTH1_C_USER_VALUE0_C_PROT_VALUE0_C_CACHE_VALUE3_USER_DW32_USER_AW64_USER_MAXREQS7_USER_RFIFONUM_WIDTH9_172
gmem2_m_axi_U/clk_gate_load_unit_buff_rdata_genblk1_U_fifo_mem_mem_reg_129_       3.9900     0.0      0.0000      3.9900 0.0000 SNPS_CLOCK_GATE_HIGH_tinytpu_isa_gmem2_m_axi_CONSERVATIVE1_NUM_READ_OUTSTANDING16_NUM_WRITE_OUTSTANDING16_MAX_READ_BURST_LENGTH16_MAX_WRITE_BURST_LENGTH16_C_M_AXI_ID_WIDTH1_C_M_AXI_ADDR_WIDTH64_C_M_AXI_DATA_WIDTH32_C_M_AXI_AWUSER_WIDTH1_C_M_AXI_ARUSER_WIDTH1_C_M_AXI_WUSER_WIDTH1_C_M_AXI_RUSER_WIDTH1_C_M_AXI_BUSER_WIDTH1_C_USER_VALUE0_C_PROT_VALUE0_C_CACHE_VALUE3_USER_DW32_USER_AW64_USER_MAXREQS7_USER_RFIFONUM_WIDTH9_173
gmem2_m_axi_U/clk_gate_load_unit_buff_rdata_genblk1_U_fifo_mem_mem_reg_12_       3.9900     0.0      0.0000      3.9900 0.0000 SNPS_CLOCK_GATE_HIGH_tinytpu_isa_gmem2_m_axi_CONSERVATIVE1_NUM_READ_OUTSTANDING16_NUM_WRITE_OUTSTANDING16_MAX_READ_BURST_LENGTH16_MAX_WRITE_BURST_LENGTH16_C_M_AXI_ID_WIDTH1_C_M_AXI_ADDR_WIDTH64_C_M_AXI_DATA_WIDTH32_C_M_AXI_AWUSER_WIDTH1_C_M_AXI_ARUSER_WIDTH1_C_M_AXI_WUSER_WIDTH1_C_M_AXI_RUSER_WIDTH1_C_M_AXI_BUSER_WIDTH1_C_USER_VALUE0_C_PROT_VALUE0_C_CACHE_VALUE3_USER_DW32_USER_AW64_USER_MAXREQS7_USER_RFIFONUM_WIDTH9_56
gmem2_m_axi_U/clk_gate_load_unit_buff_rdata_genblk1_U_fifo_mem_mem_reg_130_       3.9900     0.0      0.0000      3.9900 0.0000 SNPS_CLOCK_GATE_HIGH_tinytpu_isa_gmem2_m_axi_CONSERVATIVE1_NUM_READ_OUTSTANDING16_NUM_WRITE_OUTSTANDING16_MAX_READ_BURST_LENGTH16_MAX_WRITE_BURST_LENGTH16_C_M_AXI_ID_WIDTH1_C_M_AXI_ADDR_WIDTH64_C_M_AXI_DATA_WIDTH32_C_M_AXI_AWUSER_WIDTH1_C_M_AXI_ARUSER_WIDTH1_C_M_AXI_WUSER_WIDTH1_C_M_AXI_RUSER_WIDTH1_C_M_AXI_BUSER_WIDTH1_C_USER_VALUE0_C_PROT_VALUE0_C_CACHE_VALUE3_USER_DW32_USER_AW64_USER_MAXREQS7_USER_RFIFONUM_WIDTH9_174
gmem2_m_axi_U/clk_gate_load_unit_buff_rdata_genblk1_U_fifo_mem_mem_reg_131_       3.9900     0.0      0.0000      3.9900 0.0000 SNPS_CLOCK_GATE_HIGH_tinytpu_isa_gmem2_m_axi_CONSERVATIVE1_NUM_READ_OUTSTANDING16_NUM_WRITE_OUTSTANDING16_MAX_READ_BURST_LENGTH16_MAX_WRITE_BURST_LENGTH16_C_M_AXI_ID_WIDTH1_C_M_AXI_ADDR_WIDTH64_C_M_AXI_DATA_WIDTH32_C_M_AXI_AWUSER_WIDTH1_C_M_AXI_ARUSER_WIDTH1_C_M_AXI_WUSER_WIDTH1_C_M_AXI_RUSER_WIDTH1_C_M_AXI_BUSER_WIDTH1_C_USER_VALUE0_C_PROT_VALUE0_C_CACHE_VALUE3_USER_DW32_USER_AW64_USER_MAXREQS7_USER_RFIFONUM_WIDTH9_175
gmem2_m_axi_U/clk_gate_load_unit_buff_rdata_genblk1_U_fifo_mem_mem_reg_132_       3.9900     0.0      0.0000      3.9900 0.0000 SNPS_CLOCK_GATE_HIGH_tinytpu_isa_gmem2_m_axi_CONSERVATIVE1_NUM_READ_OUTSTANDING16_NUM_WRITE_OUTSTANDING16_MAX_READ_BURST_LENGTH16_MAX_WRITE_BURST_LENGTH16_C_M_AXI_ID_WIDTH1_C_M_AXI_ADDR_WIDTH64_C_M_AXI_DATA_WIDTH32_C_M_AXI_AWUSER_WIDTH1_C_M_AXI_ARUSER_WIDTH1_C_M_AXI_WUSER_WIDTH1_C_M_AXI_RUSER_WIDTH1_C_M_AXI_BUSER_WIDTH1_C_USER_VALUE0_C_PROT_VALUE0_C_CACHE_VALUE3_USER_DW32_USER_AW64_USER_MAXREQS7_USER_RFIFONUM_WIDTH9_176
gmem2_m_axi_U/clk_gate_load_unit_buff_rdata_genblk1_U_fifo_mem_mem_reg_133_       3.9900     0.0      0.0000      3.9900 0.0000 SNPS_CLOCK_GATE_HIGH_tinytpu_isa_gmem2_m_axi_CONSERVATIVE1_NUM_READ_OUTSTANDING16_NUM_WRITE_OUTSTANDING16_MAX_READ_BURST_LENGTH16_MAX_WRITE_BURST_LENGTH16_C_M_AXI_ID_WIDTH1_C_M_AXI_ADDR_WIDTH64_C_M_AXI_DATA_WIDTH32_C_M_AXI_AWUSER_WIDTH1_C_M_AXI_ARUSER_WIDTH1_C_M_AXI_WUSER_WIDTH1_C_M_AXI_RUSER_WIDTH1_C_M_AXI_BUSER_WIDTH1_C_USER_VALUE0_C_PROT_VALUE0_C_CACHE_VALUE3_USER_DW32_USER_AW64_USER_MAXREQS7_USER_RFIFONUM_WIDTH9_177
gmem2_m_axi_U/clk_gate_load_unit_buff_rdata_genblk1_U_fifo_mem_mem_reg_134_       3.9900     0.0      0.0000      3.9900 0.0000 SNPS_CLOCK_GATE_HIGH_tinytpu_isa_gmem2_m_axi_CONSERVATIVE1_NUM_READ_OUTSTANDING16_NUM_WRITE_OUTSTANDING16_MAX_READ_BURST_LENGTH16_MAX_WRITE_BURST_LENGTH16_C_M_AXI_ID_WIDTH1_C_M_AXI_ADDR_WIDTH64_C_M_AXI_DATA_WIDTH32_C_M_AXI_AWUSER_WIDTH1_C_M_AXI_ARUSER_WIDTH1_C_M_AXI_WUSER_WIDTH1_C_M_AXI_RUSER_WIDTH1_C_M_AXI_BUSER_WIDTH1_C_USER_VALUE0_C_PROT_VALUE0_C_CACHE_VALUE3_USER_DW32_USER_AW64_USER_MAXREQS7_USER_RFIFONUM_WIDTH9_178
gmem2_m_axi_U/clk_gate_load_unit_buff_rdata_genblk1_U_fifo_mem_mem_reg_135_       3.9900     0.0      0.0000      3.9900 0.0000 SNPS_CLOCK_GATE_HIGH_tinytpu_isa_gmem2_m_axi_CONSERVATIVE1_NUM_READ_OUTSTANDING16_NUM_WRITE_OUTSTANDING16_MAX_READ_BURST_LENGTH16_MAX_WRITE_BURST_LENGTH16_C_M_AXI_ID_WIDTH1_C_M_AXI_ADDR_WIDTH64_C_M_AXI_DATA_WIDTH32_C_M_AXI_AWUSER_WIDTH1_C_M_AXI_ARUSER_WIDTH1_C_M_AXI_WUSER_WIDTH1_C_M_AXI_RUSER_WIDTH1_C_M_AXI_BUSER_WIDTH1_C_USER_VALUE0_C_PROT_VALUE0_C_CACHE_VALUE3_USER_DW32_USER_AW64_USER_MAXREQS7_USER_RFIFONUM_WIDTH9_179
gmem2_m_axi_U/clk_gate_load_unit_buff_rdata_genblk1_U_fifo_mem_mem_reg_136_       3.9900     0.0      0.0000      3.9900 0.0000 SNPS_CLOCK_GATE_HIGH_tinytpu_isa_gmem2_m_axi_CONSERVATIVE1_NUM_READ_OUTSTANDING16_NUM_WRITE_OUTSTANDING16_MAX_READ_BURST_LENGTH16_MAX_WRITE_BURST_LENGTH16_C_M_AXI_ID_WIDTH1_C_M_AXI_ADDR_WIDTH64_C_M_AXI_DATA_WIDTH32_C_M_AXI_AWUSER_WIDTH1_C_M_AXI_ARUSER_WIDTH1_C_M_AXI_WUSER_WIDTH1_C_M_AXI_RUSER_WIDTH1_C_M_AXI_BUSER_WIDTH1_C_USER_VALUE0_C_PROT_VALUE0_C_CACHE_VALUE3_USER_DW32_USER_AW64_USER_MAXREQS7_USER_RFIFONUM_WIDTH9_180
gmem2_m_axi_U/clk_gate_load_unit_buff_rdata_genblk1_U_fifo_mem_mem_reg_137_       3.9900     0.0      0.0000      3.9900 0.0000 SNPS_CLOCK_GATE_HIGH_tinytpu_isa_gmem2_m_axi_CONSERVATIVE1_NUM_READ_OUTSTANDING16_NUM_WRITE_OUTSTANDING16_MAX_READ_BURST_LENGTH16_MAX_WRITE_BURST_LENGTH16_C_M_AXI_ID_WIDTH1_C_M_AXI_ADDR_WIDTH64_C_M_AXI_DATA_WIDTH32_C_M_AXI_AWUSER_WIDTH1_C_M_AXI_ARUSER_WIDTH1_C_M_AXI_WUSER_WIDTH1_C_M_AXI_RUSER_WIDTH1_C_M_AXI_BUSER_WIDTH1_C_USER_VALUE0_C_PROT_VALUE0_C_CACHE_VALUE3_USER_DW32_USER_AW64_USER_MAXREQS7_USER_RFIFONUM_WIDTH9_181
gmem2_m_axi_U/clk_gate_load_unit_buff_rdata_genblk1_U_fifo_mem_mem_reg_138_       3.9900     0.0      0.0000      3.9900 0.0000 SNPS_CLOCK_GATE_HIGH_tinytpu_isa_gmem2_m_axi_CONSERVATIVE1_NUM_READ_OUTSTANDING16_NUM_WRITE_OUTSTANDING16_MAX_READ_BURST_LENGTH16_MAX_WRITE_BURST_LENGTH16_C_M_AXI_ID_WIDTH1_C_M_AXI_ADDR_WIDTH64_C_M_AXI_DATA_WIDTH32_C_M_AXI_AWUSER_WIDTH1_C_M_AXI_ARUSER_WIDTH1_C_M_AXI_WUSER_WIDTH1_C_M_AXI_RUSER_WIDTH1_C_M_AXI_BUSER_WIDTH1_C_USER_VALUE0_C_PROT_VALUE0_C_CACHE_VALUE3_USER_DW32_USER_AW64_USER_MAXREQS7_USER_RFIFONUM_WIDTH9_182
gmem2_m_axi_U/clk_gate_load_unit_buff_rdata_genblk1_U_fifo_mem_mem_reg_139_       3.9900     0.0      0.0000      3.9900 0.0000 SNPS_CLOCK_GATE_HIGH_tinytpu_isa_gmem2_m_axi_CONSERVATIVE1_NUM_READ_OUTSTANDING16_NUM_WRITE_OUTSTANDING16_MAX_READ_BURST_LENGTH16_MAX_WRITE_BURST_LENGTH16_C_M_AXI_ID_WIDTH1_C_M_AXI_ADDR_WIDTH64_C_M_AXI_DATA_WIDTH32_C_M_AXI_AWUSER_WIDTH1_C_M_AXI_ARUSER_WIDTH1_C_M_AXI_WUSER_WIDTH1_C_M_AXI_RUSER_WIDTH1_C_M_AXI_BUSER_WIDTH1_C_USER_VALUE0_C_PROT_VALUE0_C_CACHE_VALUE3_USER_DW32_USER_AW64_USER_MAXREQS7_USER_RFIFONUM_WIDTH9_183
gmem2_m_axi_U/clk_gate_load_unit_buff_rdata_genblk1_U_fifo_mem_mem_reg_13_       3.9900     0.0      0.0000      3.9900 0.0000 SNPS_CLOCK_GATE_HIGH_tinytpu_isa_gmem2_m_axi_CONSERVATIVE1_NUM_READ_OUTSTANDING16_NUM_WRITE_OUTSTANDING16_MAX_READ_BURST_LENGTH16_MAX_WRITE_BURST_LENGTH16_C_M_AXI_ID_WIDTH1_C_M_AXI_ADDR_WIDTH64_C_M_AXI_DATA_WIDTH32_C_M_AXI_AWUSER_WIDTH1_C_M_AXI_ARUSER_WIDTH1_C_M_AXI_WUSER_WIDTH1_C_M_AXI_RUSER_WIDTH1_C_M_AXI_BUSER_WIDTH1_C_USER_VALUE0_C_PROT_VALUE0_C_CACHE_VALUE3_USER_DW32_USER_AW64_USER_MAXREQS7_USER_RFIFONUM_WIDTH9_57
gmem2_m_axi_U/clk_gate_load_unit_buff_rdata_genblk1_U_fifo_mem_mem_reg_140_       3.9900     0.0      0.0000      3.9900 0.0000 SNPS_CLOCK_GATE_HIGH_tinytpu_isa_gmem2_m_axi_CONSERVATIVE1_NUM_READ_OUTSTANDING16_NUM_WRITE_OUTSTANDING16_MAX_READ_BURST_LENGTH16_MAX_WRITE_BURST_LENGTH16_C_M_AXI_ID_WIDTH1_C_M_AXI_ADDR_WIDTH64_C_M_AXI_DATA_WIDTH32_C_M_AXI_AWUSER_WIDTH1_C_M_AXI_ARUSER_WIDTH1_C_M_AXI_WUSER_WIDTH1_C_M_AXI_RUSER_WIDTH1_C_M_AXI_BUSER_WIDTH1_C_USER_VALUE0_C_PROT_VALUE0_C_CACHE_VALUE3_USER_DW32_USER_AW64_USER_MAXREQS7_USER_RFIFONUM_WIDTH9_184
gmem2_m_axi_U/clk_gate_load_unit_buff_rdata_genblk1_U_fifo_mem_mem_reg_141_       3.9900     0.0      0.0000      3.9900 0.0000 SNPS_CLOCK_GATE_HIGH_tinytpu_isa_gmem2_m_axi_CONSERVATIVE1_NUM_READ_OUTSTANDING16_NUM_WRITE_OUTSTANDING16_MAX_READ_BURST_LENGTH16_MAX_WRITE_BURST_LENGTH16_C_M_AXI_ID_WIDTH1_C_M_AXI_ADDR_WIDTH64_C_M_AXI_DATA_WIDTH32_C_M_AXI_AWUSER_WIDTH1_C_M_AXI_ARUSER_WIDTH1_C_M_AXI_WUSER_WIDTH1_C_M_AXI_RUSER_WIDTH1_C_M_AXI_BUSER_WIDTH1_C_USER_VALUE0_C_PROT_VALUE0_C_CACHE_VALUE3_USER_DW32_USER_AW64_USER_MAXREQS7_USER_RFIFONUM_WIDTH9_185
gmem2_m_axi_U/clk_gate_load_unit_buff_rdata_genblk1_U_fifo_mem_mem_reg_142_       3.9900     0.0      0.0000      3.9900 0.0000 SNPS_CLOCK_GATE_HIGH_tinytpu_isa_gmem2_m_axi_CONSERVATIVE1_NUM_READ_OUTSTANDING16_NUM_WRITE_OUTSTANDING16_MAX_READ_BURST_LENGTH16_MAX_WRITE_BURST_LENGTH16_C_M_AXI_ID_WIDTH1_C_M_AXI_ADDR_WIDTH64_C_M_AXI_DATA_WIDTH32_C_M_AXI_AWUSER_WIDTH1_C_M_AXI_ARUSER_WIDTH1_C_M_AXI_WUSER_WIDTH1_C_M_AXI_RUSER_WIDTH1_C_M_AXI_BUSER_WIDTH1_C_USER_VALUE0_C_PROT_VALUE0_C_CACHE_VALUE3_USER_DW32_USER_AW64_USER_MAXREQS7_USER_RFIFONUM_WIDTH9_186
gmem2_m_axi_U/clk_gate_load_unit_buff_rdata_genblk1_U_fifo_mem_mem_reg_143_       3.9900     0.0      0.0000      3.9900 0.0000 SNPS_CLOCK_GATE_HIGH_tinytpu_isa_gmem2_m_axi_CONSERVATIVE1_NUM_READ_OUTSTANDING16_NUM_WRITE_OUTSTANDING16_MAX_READ_BURST_LENGTH16_MAX_WRITE_BURST_LENGTH16_C_M_AXI_ID_WIDTH1_C_M_AXI_ADDR_WIDTH64_C_M_AXI_DATA_WIDTH32_C_M_AXI_AWUSER_WIDTH1_C_M_AXI_ARUSER_WIDTH1_C_M_AXI_WUSER_WIDTH1_C_M_AXI_RUSER_WIDTH1_C_M_AXI_BUSER_WIDTH1_C_USER_VALUE0_C_PROT_VALUE0_C_CACHE_VALUE3_USER_DW32_USER_AW64_USER_MAXREQS7_USER_RFIFONUM_WIDTH9_187
gmem2_m_axi_U/clk_gate_load_unit_buff_rdata_genblk1_U_fifo_mem_mem_reg_144_       3.9900     0.0      0.0000      3.9900 0.0000 SNPS_CLOCK_GATE_HIGH_tinytpu_isa_gmem2_m_axi_CONSERVATIVE1_NUM_READ_OUTSTANDING16_NUM_WRITE_OUTSTANDING16_MAX_READ_BURST_LENGTH16_MAX_WRITE_BURST_LENGTH16_C_M_AXI_ID_WIDTH1_C_M_AXI_ADDR_WIDTH64_C_M_AXI_DATA_WIDTH32_C_M_AXI_AWUSER_WIDTH1_C_M_AXI_ARUSER_WIDTH1_C_M_AXI_WUSER_WIDTH1_C_M_AXI_RUSER_WIDTH1_C_M_AXI_BUSER_WIDTH1_C_USER_VALUE0_C_PROT_VALUE0_C_CACHE_VALUE3_USER_DW32_USER_AW64_USER_MAXREQS7_USER_RFIFONUM_WIDTH9_188
gmem2_m_axi_U/clk_gate_load_unit_buff_rdata_genblk1_U_fifo_mem_mem_reg_145_       3.9900     0.0      0.0000      3.9900 0.0000 SNPS_CLOCK_GATE_HIGH_tinytpu_isa_gmem2_m_axi_CONSERVATIVE1_NUM_READ_OUTSTANDING16_NUM_WRITE_OUTSTANDING16_MAX_READ_BURST_LENGTH16_MAX_WRITE_BURST_LENGTH16_C_M_AXI_ID_WIDTH1_C_M_AXI_ADDR_WIDTH64_C_M_AXI_DATA_WIDTH32_C_M_AXI_AWUSER_WIDTH1_C_M_AXI_ARUSER_WIDTH1_C_M_AXI_WUSER_WIDTH1_C_M_AXI_RUSER_WIDTH1_C_M_AXI_BUSER_WIDTH1_C_USER_VALUE0_C_PROT_VALUE0_C_CACHE_VALUE3_USER_DW32_USER_AW64_USER_MAXREQS7_USER_RFIFONUM_WIDTH9_189
gmem2_m_axi_U/clk_gate_load_unit_buff_rdata_genblk1_U_fifo_mem_mem_reg_146_       3.9900     0.0      0.0000      3.9900 0.0000 SNPS_CLOCK_GATE_HIGH_tinytpu_isa_gmem2_m_axi_CONSERVATIVE1_NUM_READ_OUTSTANDING16_NUM_WRITE_OUTSTANDING16_MAX_READ_BURST_LENGTH16_MAX_WRITE_BURST_LENGTH16_C_M_AXI_ID_WIDTH1_C_M_AXI_ADDR_WIDTH64_C_M_AXI_DATA_WIDTH32_C_M_AXI_AWUSER_WIDTH1_C_M_AXI_ARUSER_WIDTH1_C_M_AXI_WUSER_WIDTH1_C_M_AXI_RUSER_WIDTH1_C_M_AXI_BUSER_WIDTH1_C_USER_VALUE0_C_PROT_VALUE0_C_CACHE_VALUE3_USER_DW32_USER_AW64_USER_MAXREQS7_USER_RFIFONUM_WIDTH9_190
gmem2_m_axi_U/clk_gate_load_unit_buff_rdata_genblk1_U_fifo_mem_mem_reg_147_       3.9900     0.0      0.0000      3.9900 0.0000 SNPS_CLOCK_GATE_HIGH_tinytpu_isa_gmem2_m_axi_CONSERVATIVE1_NUM_READ_OUTSTANDING16_NUM_WRITE_OUTSTANDING16_MAX_READ_BURST_LENGTH16_MAX_WRITE_BURST_LENGTH16_C_M_AXI_ID_WIDTH1_C_M_AXI_ADDR_WIDTH64_C_M_AXI_DATA_WIDTH32_C_M_AXI_AWUSER_WIDTH1_C_M_AXI_ARUSER_WIDTH1_C_M_AXI_WUSER_WIDTH1_C_M_AXI_RUSER_WIDTH1_C_M_AXI_BUSER_WIDTH1_C_USER_VALUE0_C_PROT_VALUE0_C_CACHE_VALUE3_USER_DW32_USER_AW64_USER_MAXREQS7_USER_RFIFONUM_WIDTH9_191
gmem2_m_axi_U/clk_gate_load_unit_buff_rdata_genblk1_U_fifo_mem_mem_reg_148_       3.9900     0.0      0.0000      3.9900 0.0000 SNPS_CLOCK_GATE_HIGH_tinytpu_isa_gmem2_m_axi_CONSERVATIVE1_NUM_READ_OUTSTANDING16_NUM_WRITE_OUTSTANDING16_MAX_READ_BURST_LENGTH16_MAX_WRITE_BURST_LENGTH16_C_M_AXI_ID_WIDTH1_C_M_AXI_ADDR_WIDTH64_C_M_AXI_DATA_WIDTH32_C_M_AXI_AWUSER_WIDTH1_C_M_AXI_ARUSER_WIDTH1_C_M_AXI_WUSER_WIDTH1_C_M_AXI_RUSER_WIDTH1_C_M_AXI_BUSER_WIDTH1_C_USER_VALUE0_C_PROT_VALUE0_C_CACHE_VALUE3_USER_DW32_USER_AW64_USER_MAXREQS7_USER_RFIFONUM_WIDTH9_192
gmem2_m_axi_U/clk_gate_load_unit_buff_rdata_genblk1_U_fifo_mem_mem_reg_149_       3.9900     0.0      0.0000      3.9900 0.0000 SNPS_CLOCK_GATE_HIGH_tinytpu_isa_gmem2_m_axi_CONSERVATIVE1_NUM_READ_OUTSTANDING16_NUM_WRITE_OUTSTANDING16_MAX_READ_BURST_LENGTH16_MAX_WRITE_BURST_LENGTH16_C_M_AXI_ID_WIDTH1_C_M_AXI_ADDR_WIDTH64_C_M_AXI_DATA_WIDTH32_C_M_AXI_AWUSER_WIDTH1_C_M_AXI_ARUSER_WIDTH1_C_M_AXI_WUSER_WIDTH1_C_M_AXI_RUSER_WIDTH1_C_M_AXI_BUSER_WIDTH1_C_USER_VALUE0_C_PROT_VALUE0_C_CACHE_VALUE3_USER_DW32_USER_AW64_USER_MAXREQS7_USER_RFIFONUM_WIDTH9_193
gmem2_m_axi_U/clk_gate_load_unit_buff_rdata_genblk1_U_fifo_mem_mem_reg_14_       3.9900     0.0      0.0000      3.9900 0.0000 SNPS_CLOCK_GATE_HIGH_tinytpu_isa_gmem2_m_axi_CONSERVATIVE1_NUM_READ_OUTSTANDING16_NUM_WRITE_OUTSTANDING16_MAX_READ_BURST_LENGTH16_MAX_WRITE_BURST_LENGTH16_C_M_AXI_ID_WIDTH1_C_M_AXI_ADDR_WIDTH64_C_M_AXI_DATA_WIDTH32_C_M_AXI_AWUSER_WIDTH1_C_M_AXI_ARUSER_WIDTH1_C_M_AXI_WUSER_WIDTH1_C_M_AXI_RUSER_WIDTH1_C_M_AXI_BUSER_WIDTH1_C_USER_VALUE0_C_PROT_VALUE0_C_CACHE_VALUE3_USER_DW32_USER_AW64_USER_MAXREQS7_USER_RFIFONUM_WIDTH9_58
gmem2_m_axi_U/clk_gate_load_unit_buff_rdata_genblk1_U_fifo_mem_mem_reg_150_       3.9900     0.0      0.0000      3.9900 0.0000 SNPS_CLOCK_GATE_HIGH_tinytpu_isa_gmem2_m_axi_CONSERVATIVE1_NUM_READ_OUTSTANDING16_NUM_WRITE_OUTSTANDING16_MAX_READ_BURST_LENGTH16_MAX_WRITE_BURST_LENGTH16_C_M_AXI_ID_WIDTH1_C_M_AXI_ADDR_WIDTH64_C_M_AXI_DATA_WIDTH32_C_M_AXI_AWUSER_WIDTH1_C_M_AXI_ARUSER_WIDTH1_C_M_AXI_WUSER_WIDTH1_C_M_AXI_RUSER_WIDTH1_C_M_AXI_BUSER_WIDTH1_C_USER_VALUE0_C_PROT_VALUE0_C_CACHE_VALUE3_USER_DW32_USER_AW64_USER_MAXREQS7_USER_RFIFONUM_WIDTH9_194
gmem2_m_axi_U/clk_gate_load_unit_buff_rdata_genblk1_U_fifo_mem_mem_reg_151_       3.9900     0.0      0.0000      3.9900 0.0000 SNPS_CLOCK_GATE_HIGH_tinytpu_isa_gmem2_m_axi_CONSERVATIVE1_NUM_READ_OUTSTANDING16_NUM_WRITE_OUTSTANDING16_MAX_READ_BURST_LENGTH16_MAX_WRITE_BURST_LENGTH16_C_M_AXI_ID_WIDTH1_C_M_AXI_ADDR_WIDTH64_C_M_AXI_DATA_WIDTH32_C_M_AXI_AWUSER_WIDTH1_C_M_AXI_ARUSER_WIDTH1_C_M_AXI_WUSER_WIDTH1_C_M_AXI_RUSER_WIDTH1_C_M_AXI_BUSER_WIDTH1_C_USER_VALUE0_C_PROT_VALUE0_C_CACHE_VALUE3_USER_DW32_USER_AW64_USER_MAXREQS7_USER_RFIFONUM_WIDTH9_195
gmem2_m_axi_U/clk_gate_load_unit_buff_rdata_genblk1_U_fifo_mem_mem_reg_152_       3.9900     0.0      0.0000      3.9900 0.0000 SNPS_CLOCK_GATE_HIGH_tinytpu_isa_gmem2_m_axi_CONSERVATIVE1_NUM_READ_OUTSTANDING16_NUM_WRITE_OUTSTANDING16_MAX_READ_BURST_LENGTH16_MAX_WRITE_BURST_LENGTH16_C_M_AXI_ID_WIDTH1_C_M_AXI_ADDR_WIDTH64_C_M_AXI_DATA_WIDTH32_C_M_AXI_AWUSER_WIDTH1_C_M_AXI_ARUSER_WIDTH1_C_M_AXI_WUSER_WIDTH1_C_M_AXI_RUSER_WIDTH1_C_M_AXI_BUSER_WIDTH1_C_USER_VALUE0_C_PROT_VALUE0_C_CACHE_VALUE3_USER_DW32_USER_AW64_USER_MAXREQS7_USER_RFIFONUM_WIDTH9_196
gmem2_m_axi_U/clk_gate_load_unit_buff_rdata_genblk1_U_fifo_mem_mem_reg_153_       3.9900     0.0      0.0000      3.9900 0.0000 SNPS_CLOCK_GATE_HIGH_tinytpu_isa_gmem2_m_axi_CONSERVATIVE1_NUM_READ_OUTSTANDING16_NUM_WRITE_OUTSTANDING16_MAX_READ_BURST_LENGTH16_MAX_WRITE_BURST_LENGTH16_C_M_AXI_ID_WIDTH1_C_M_AXI_ADDR_WIDTH64_C_M_AXI_DATA_WIDTH32_C_M_AXI_AWUSER_WIDTH1_C_M_AXI_ARUSER_WIDTH1_C_M_AXI_WUSER_WIDTH1_C_M_AXI_RUSER_WIDTH1_C_M_AXI_BUSER_WIDTH1_C_USER_VALUE0_C_PROT_VALUE0_C_CACHE_VALUE3_USER_DW32_USER_AW64_USER_MAXREQS7_USER_RFIFONUM_WIDTH9_197
gmem2_m_axi_U/clk_gate_load_unit_buff_rdata_genblk1_U_fifo_mem_mem_reg_154_       3.9900     0.0      0.0000      3.9900 0.0000 SNPS_CLOCK_GATE_HIGH_tinytpu_isa_gmem2_m_axi_CONSERVATIVE1_NUM_READ_OUTSTANDING16_NUM_WRITE_OUTSTANDING16_MAX_READ_BURST_LENGTH16_MAX_WRITE_BURST_LENGTH16_C_M_AXI_ID_WIDTH1_C_M_AXI_ADDR_WIDTH64_C_M_AXI_DATA_WIDTH32_C_M_AXI_AWUSER_WIDTH1_C_M_AXI_ARUSER_WIDTH1_C_M_AXI_WUSER_WIDTH1_C_M_AXI_RUSER_WIDTH1_C_M_AXI_BUSER_WIDTH1_C_USER_VALUE0_C_PROT_VALUE0_C_CACHE_VALUE3_USER_DW32_USER_AW64_USER_MAXREQS7_USER_RFIFONUM_WIDTH9_198
gmem2_m_axi_U/clk_gate_load_unit_buff_rdata_genblk1_U_fifo_mem_mem_reg_155_       3.9900     0.0      0.0000      3.9900 0.0000 SNPS_CLOCK_GATE_HIGH_tinytpu_isa_gmem2_m_axi_CONSERVATIVE1_NUM_READ_OUTSTANDING16_NUM_WRITE_OUTSTANDING16_MAX_READ_BURST_LENGTH16_MAX_WRITE_BURST_LENGTH16_C_M_AXI_ID_WIDTH1_C_M_AXI_ADDR_WIDTH64_C_M_AXI_DATA_WIDTH32_C_M_AXI_AWUSER_WIDTH1_C_M_AXI_ARUSER_WIDTH1_C_M_AXI_WUSER_WIDTH1_C_M_AXI_RUSER_WIDTH1_C_M_AXI_BUSER_WIDTH1_C_USER_VALUE0_C_PROT_VALUE0_C_CACHE_VALUE3_USER_DW32_USER_AW64_USER_MAXREQS7_USER_RFIFONUM_WIDTH9_199
gmem2_m_axi_U/clk_gate_load_unit_buff_rdata_genblk1_U_fifo_mem_mem_reg_156_       3.9900     0.0      0.0000      3.9900 0.0000 SNPS_CLOCK_GATE_HIGH_tinytpu_isa_gmem2_m_axi_CONSERVATIVE1_NUM_READ_OUTSTANDING16_NUM_WRITE_OUTSTANDING16_MAX_READ_BURST_LENGTH16_MAX_WRITE_BURST_LENGTH16_C_M_AXI_ID_WIDTH1_C_M_AXI_ADDR_WIDTH64_C_M_AXI_DATA_WIDTH32_C_M_AXI_AWUSER_WIDTH1_C_M_AXI_ARUSER_WIDTH1_C_M_AXI_WUSER_WIDTH1_C_M_AXI_RUSER_WIDTH1_C_M_AXI_BUSER_WIDTH1_C_USER_VALUE0_C_PROT_VALUE0_C_CACHE_VALUE3_USER_DW32_USER_AW64_USER_MAXREQS7_USER_RFIFONUM_WIDTH9_200
gmem2_m_axi_U/clk_gate_load_unit_buff_rdata_genblk1_U_fifo_mem_mem_reg_157_       3.9900     0.0      0.0000      3.9900 0.0000 SNPS_CLOCK_GATE_HIGH_tinytpu_isa_gmem2_m_axi_CONSERVATIVE1_NUM_READ_OUTSTANDING16_NUM_WRITE_OUTSTANDING16_MAX_READ_BURST_LENGTH16_MAX_WRITE_BURST_LENGTH16_C_M_AXI_ID_WIDTH1_C_M_AXI_ADDR_WIDTH64_C_M_AXI_DATA_WIDTH32_C_M_AXI_AWUSER_WIDTH1_C_M_AXI_ARUSER_WIDTH1_C_M_AXI_WUSER_WIDTH1_C_M_AXI_RUSER_WIDTH1_C_M_AXI_BUSER_WIDTH1_C_USER_VALUE0_C_PROT_VALUE0_C_CACHE_VALUE3_USER_DW32_USER_AW64_USER_MAXREQS7_USER_RFIFONUM_WIDTH9_201
gmem2_m_axi_U/clk_gate_load_unit_buff_rdata_genblk1_U_fifo_mem_mem_reg_158_       3.9900     0.0      0.0000      3.9900 0.0000 SNPS_CLOCK_GATE_HIGH_tinytpu_isa_gmem2_m_axi_CONSERVATIVE1_NUM_READ_OUTSTANDING16_NUM_WRITE_OUTSTANDING16_MAX_READ_BURST_LENGTH16_MAX_WRITE_BURST_LENGTH16_C_M_AXI_ID_WIDTH1_C_M_AXI_ADDR_WIDTH64_C_M_AXI_DATA_WIDTH32_C_M_AXI_AWUSER_WIDTH1_C_M_AXI_ARUSER_WIDTH1_C_M_AXI_WUSER_WIDTH1_C_M_AXI_RUSER_WIDTH1_C_M_AXI_BUSER_WIDTH1_C_USER_VALUE0_C_PROT_VALUE0_C_CACHE_VALUE3_USER_DW32_USER_AW64_USER_MAXREQS7_USER_RFIFONUM_WIDTH9_202
gmem2_m_axi_U/clk_gate_load_unit_buff_rdata_genblk1_U_fifo_mem_mem_reg_159_       3.9900     0.0      0.0000      3.9900 0.0000 SNPS_CLOCK_GATE_HIGH_tinytpu_isa_gmem2_m_axi_CONSERVATIVE1_NUM_READ_OUTSTANDING16_NUM_WRITE_OUTSTANDING16_MAX_READ_BURST_LENGTH16_MAX_WRITE_BURST_LENGTH16_C_M_AXI_ID_WIDTH1_C_M_AXI_ADDR_WIDTH64_C_M_AXI_DATA_WIDTH32_C_M_AXI_AWUSER_WIDTH1_C_M_AXI_ARUSER_WIDTH1_C_M_AXI_WUSER_WIDTH1_C_M_AXI_RUSER_WIDTH1_C_M_AXI_BUSER_WIDTH1_C_USER_VALUE0_C_PROT_VALUE0_C_CACHE_VALUE3_USER_DW32_USER_AW64_USER_MAXREQS7_USER_RFIFONUM_WIDTH9_203
gmem2_m_axi_U/clk_gate_load_unit_buff_rdata_genblk1_U_fifo_mem_mem_reg_15_       3.9900     0.0      0.0000      3.9900 0.0000 SNPS_CLOCK_GATE_HIGH_tinytpu_isa_gmem2_m_axi_CONSERVATIVE1_NUM_READ_OUTSTANDING16_NUM_WRITE_OUTSTANDING16_MAX_READ_BURST_LENGTH16_MAX_WRITE_BURST_LENGTH16_C_M_AXI_ID_WIDTH1_C_M_AXI_ADDR_WIDTH64_C_M_AXI_DATA_WIDTH32_C_M_AXI_AWUSER_WIDTH1_C_M_AXI_ARUSER_WIDTH1_C_M_AXI_WUSER_WIDTH1_C_M_AXI_RUSER_WIDTH1_C_M_AXI_BUSER_WIDTH1_C_USER_VALUE0_C_PROT_VALUE0_C_CACHE_VALUE3_USER_DW32_USER_AW64_USER_MAXREQS7_USER_RFIFONUM_WIDTH9_59
gmem2_m_axi_U/clk_gate_load_unit_buff_rdata_genblk1_U_fifo_mem_mem_reg_160_       3.9900     0.0      0.0000      3.9900 0.0000 SNPS_CLOCK_GATE_HIGH_tinytpu_isa_gmem2_m_axi_CONSERVATIVE1_NUM_READ_OUTSTANDING16_NUM_WRITE_OUTSTANDING16_MAX_READ_BURST_LENGTH16_MAX_WRITE_BURST_LENGTH16_C_M_AXI_ID_WIDTH1_C_M_AXI_ADDR_WIDTH64_C_M_AXI_DATA_WIDTH32_C_M_AXI_AWUSER_WIDTH1_C_M_AXI_ARUSER_WIDTH1_C_M_AXI_WUSER_WIDTH1_C_M_AXI_RUSER_WIDTH1_C_M_AXI_BUSER_WIDTH1_C_USER_VALUE0_C_PROT_VALUE0_C_CACHE_VALUE3_USER_DW32_USER_AW64_USER_MAXREQS7_USER_RFIFONUM_WIDTH9_204
gmem2_m_axi_U/clk_gate_load_unit_buff_rdata_genblk1_U_fifo_mem_mem_reg_161_       3.9900     0.0      0.0000      3.9900 0.0000 SNPS_CLOCK_GATE_HIGH_tinytpu_isa_gmem2_m_axi_CONSERVATIVE1_NUM_READ_OUTSTANDING16_NUM_WRITE_OUTSTANDING16_MAX_READ_BURST_LENGTH16_MAX_WRITE_BURST_LENGTH16_C_M_AXI_ID_WIDTH1_C_M_AXI_ADDR_WIDTH64_C_M_AXI_DATA_WIDTH32_C_M_AXI_AWUSER_WIDTH1_C_M_AXI_ARUSER_WIDTH1_C_M_AXI_WUSER_WIDTH1_C_M_AXI_RUSER_WIDTH1_C_M_AXI_BUSER_WIDTH1_C_USER_VALUE0_C_PROT_VALUE0_C_CACHE_VALUE3_USER_DW32_USER_AW64_USER_MAXREQS7_USER_RFIFONUM_WIDTH9_205
gmem2_m_axi_U/clk_gate_load_unit_buff_rdata_genblk1_U_fifo_mem_mem_reg_162_       3.9900     0.0      0.0000      3.9900 0.0000 SNPS_CLOCK_GATE_HIGH_tinytpu_isa_gmem2_m_axi_CONSERVATIVE1_NUM_READ_OUTSTANDING16_NUM_WRITE_OUTSTANDING16_MAX_READ_BURST_LENGTH16_MAX_WRITE_BURST_LENGTH16_C_M_AXI_ID_WIDTH1_C_M_AXI_ADDR_WIDTH64_C_M_AXI_DATA_WIDTH32_C_M_AXI_AWUSER_WIDTH1_C_M_AXI_ARUSER_WIDTH1_C_M_AXI_WUSER_WIDTH1_C_M_AXI_RUSER_WIDTH1_C_M_AXI_BUSER_WIDTH1_C_USER_VALUE0_C_PROT_VALUE0_C_CACHE_VALUE3_USER_DW32_USER_AW64_USER_MAXREQS7_USER_RFIFONUM_WIDTH9_206
gmem2_m_axi_U/clk_gate_load_unit_buff_rdata_genblk1_U_fifo_mem_mem_reg_163_       3.9900     0.0      0.0000      3.9900 0.0000 SNPS_CLOCK_GATE_HIGH_tinytpu_isa_gmem2_m_axi_CONSERVATIVE1_NUM_READ_OUTSTANDING16_NUM_WRITE_OUTSTANDING16_MAX_READ_BURST_LENGTH16_MAX_WRITE_BURST_LENGTH16_C_M_AXI_ID_WIDTH1_C_M_AXI_ADDR_WIDTH64_C_M_AXI_DATA_WIDTH32_C_M_AXI_AWUSER_WIDTH1_C_M_AXI_ARUSER_WIDTH1_C_M_AXI_WUSER_WIDTH1_C_M_AXI_RUSER_WIDTH1_C_M_AXI_BUSER_WIDTH1_C_USER_VALUE0_C_PROT_VALUE0_C_CACHE_VALUE3_USER_DW32_USER_AW64_USER_MAXREQS7_USER_RFIFONUM_WIDTH9_207
gmem2_m_axi_U/clk_gate_load_unit_buff_rdata_genblk1_U_fifo_mem_mem_reg_164_       3.9900     0.0      0.0000      3.9900 0.0000 SNPS_CLOCK_GATE_HIGH_tinytpu_isa_gmem2_m_axi_CONSERVATIVE1_NUM_READ_OUTSTANDING16_NUM_WRITE_OUTSTANDING16_MAX_READ_BURST_LENGTH16_MAX_WRITE_BURST_LENGTH16_C_M_AXI_ID_WIDTH1_C_M_AXI_ADDR_WIDTH64_C_M_AXI_DATA_WIDTH32_C_M_AXI_AWUSER_WIDTH1_C_M_AXI_ARUSER_WIDTH1_C_M_AXI_WUSER_WIDTH1_C_M_AXI_RUSER_WIDTH1_C_M_AXI_BUSER_WIDTH1_C_USER_VALUE0_C_PROT_VALUE0_C_CACHE_VALUE3_USER_DW32_USER_AW64_USER_MAXREQS7_USER_RFIFONUM_WIDTH9_208
gmem2_m_axi_U/clk_gate_load_unit_buff_rdata_genblk1_U_fifo_mem_mem_reg_165_       3.9900     0.0      0.0000      3.9900 0.0000 SNPS_CLOCK_GATE_HIGH_tinytpu_isa_gmem2_m_axi_CONSERVATIVE1_NUM_READ_OUTSTANDING16_NUM_WRITE_OUTSTANDING16_MAX_READ_BURST_LENGTH16_MAX_WRITE_BURST_LENGTH16_C_M_AXI_ID_WIDTH1_C_M_AXI_ADDR_WIDTH64_C_M_AXI_DATA_WIDTH32_C_M_AXI_AWUSER_WIDTH1_C_M_AXI_ARUSER_WIDTH1_C_M_AXI_WUSER_WIDTH1_C_M_AXI_RUSER_WIDTH1_C_M_AXI_BUSER_WIDTH1_C_USER_VALUE0_C_PROT_VALUE0_C_CACHE_VALUE3_USER_DW32_USER_AW64_USER_MAXREQS7_USER_RFIFONUM_WIDTH9_209
gmem2_m_axi_U/clk_gate_load_unit_buff_rdata_genblk1_U_fifo_mem_mem_reg_166_       3.9900     0.0      0.0000      3.9900 0.0000 SNPS_CLOCK_GATE_HIGH_tinytpu_isa_gmem2_m_axi_CONSERVATIVE1_NUM_READ_OUTSTANDING16_NUM_WRITE_OUTSTANDING16_MAX_READ_BURST_LENGTH16_MAX_WRITE_BURST_LENGTH16_C_M_AXI_ID_WIDTH1_C_M_AXI_ADDR_WIDTH64_C_M_AXI_DATA_WIDTH32_C_M_AXI_AWUSER_WIDTH1_C_M_AXI_ARUSER_WIDTH1_C_M_AXI_WUSER_WIDTH1_C_M_AXI_RUSER_WIDTH1_C_M_AXI_BUSER_WIDTH1_C_USER_VALUE0_C_PROT_VALUE0_C_CACHE_VALUE3_USER_DW32_USER_AW64_USER_MAXREQS7_USER_RFIFONUM_WIDTH9_210
gmem2_m_axi_U/clk_gate_load_unit_buff_rdata_genblk1_U_fifo_mem_mem_reg_167_       3.9900     0.0      0.0000      3.9900 0.0000 SNPS_CLOCK_GATE_HIGH_tinytpu_isa_gmem2_m_axi_CONSERVATIVE1_NUM_READ_OUTSTANDING16_NUM_WRITE_OUTSTANDING16_MAX_READ_BURST_LENGTH16_MAX_WRITE_BURST_LENGTH16_C_M_AXI_ID_WIDTH1_C_M_AXI_ADDR_WIDTH64_C_M_AXI_DATA_WIDTH32_C_M_AXI_AWUSER_WIDTH1_C_M_AXI_ARUSER_WIDTH1_C_M_AXI_WUSER_WIDTH1_C_M_AXI_RUSER_WIDTH1_C_M_AXI_BUSER_WIDTH1_C_USER_VALUE0_C_PROT_VALUE0_C_CACHE_VALUE3_USER_DW32_USER_AW64_USER_MAXREQS7_USER_RFIFONUM_WIDTH9_211
gmem2_m_axi_U/clk_gate_load_unit_buff_rdata_genblk1_U_fifo_mem_mem_reg_168_       3.9900     0.0      0.0000      3.9900 0.0000 SNPS_CLOCK_GATE_HIGH_tinytpu_isa_gmem2_m_axi_CONSERVATIVE1_NUM_READ_OUTSTANDING16_NUM_WRITE_OUTSTANDING16_MAX_READ_BURST_LENGTH16_MAX_WRITE_BURST_LENGTH16_C_M_AXI_ID_WIDTH1_C_M_AXI_ADDR_WIDTH64_C_M_AXI_DATA_WIDTH32_C_M_AXI_AWUSER_WIDTH1_C_M_AXI_ARUSER_WIDTH1_C_M_AXI_WUSER_WIDTH1_C_M_AXI_RUSER_WIDTH1_C_M_AXI_BUSER_WIDTH1_C_USER_VALUE0_C_PROT_VALUE0_C_CACHE_VALUE3_USER_DW32_USER_AW64_USER_MAXREQS7_USER_RFIFONUM_WIDTH9_212
gmem2_m_axi_U/clk_gate_load_unit_buff_rdata_genblk1_U_fifo_mem_mem_reg_169_       3.9900     0.0      0.0000      3.9900 0.0000 SNPS_CLOCK_GATE_HIGH_tinytpu_isa_gmem2_m_axi_CONSERVATIVE1_NUM_READ_OUTSTANDING16_NUM_WRITE_OUTSTANDING16_MAX_READ_BURST_LENGTH16_MAX_WRITE_BURST_LENGTH16_C_M_AXI_ID_WIDTH1_C_M_AXI_ADDR_WIDTH64_C_M_AXI_DATA_WIDTH32_C_M_AXI_AWUSER_WIDTH1_C_M_AXI_ARUSER_WIDTH1_C_M_AXI_WUSER_WIDTH1_C_M_AXI_RUSER_WIDTH1_C_M_AXI_BUSER_WIDTH1_C_USER_VALUE0_C_PROT_VALUE0_C_CACHE_VALUE3_USER_DW32_USER_AW64_USER_MAXREQS7_USER_RFIFONUM_WIDTH9_213
gmem2_m_axi_U/clk_gate_load_unit_buff_rdata_genblk1_U_fifo_mem_mem_reg_16_       3.9900     0.0      0.0000      3.9900 0.0000 SNPS_CLOCK_GATE_HIGH_tinytpu_isa_gmem2_m_axi_CONSERVATIVE1_NUM_READ_OUTSTANDING16_NUM_WRITE_OUTSTANDING16_MAX_READ_BURST_LENGTH16_MAX_WRITE_BURST_LENGTH16_C_M_AXI_ID_WIDTH1_C_M_AXI_ADDR_WIDTH64_C_M_AXI_DATA_WIDTH32_C_M_AXI_AWUSER_WIDTH1_C_M_AXI_ARUSER_WIDTH1_C_M_AXI_WUSER_WIDTH1_C_M_AXI_RUSER_WIDTH1_C_M_AXI_BUSER_WIDTH1_C_USER_VALUE0_C_PROT_VALUE0_C_CACHE_VALUE3_USER_DW32_USER_AW64_USER_MAXREQS7_USER_RFIFONUM_WIDTH9_60
gmem2_m_axi_U/clk_gate_load_unit_buff_rdata_genblk1_U_fifo_mem_mem_reg_170_       3.9900     0.0      0.0000      3.9900 0.0000 SNPS_CLOCK_GATE_HIGH_tinytpu_isa_gmem2_m_axi_CONSERVATIVE1_NUM_READ_OUTSTANDING16_NUM_WRITE_OUTSTANDING16_MAX_READ_BURST_LENGTH16_MAX_WRITE_BURST_LENGTH16_C_M_AXI_ID_WIDTH1_C_M_AXI_ADDR_WIDTH64_C_M_AXI_DATA_WIDTH32_C_M_AXI_AWUSER_WIDTH1_C_M_AXI_ARUSER_WIDTH1_C_M_AXI_WUSER_WIDTH1_C_M_AXI_RUSER_WIDTH1_C_M_AXI_BUSER_WIDTH1_C_USER_VALUE0_C_PROT_VALUE0_C_CACHE_VALUE3_USER_DW32_USER_AW64_USER_MAXREQS7_USER_RFIFONUM_WIDTH9_214
gmem2_m_axi_U/clk_gate_load_unit_buff_rdata_genblk1_U_fifo_mem_mem_reg_171_       3.9900     0.0      0.0000      3.9900 0.0000 SNPS_CLOCK_GATE_HIGH_tinytpu_isa_gmem2_m_axi_CONSERVATIVE1_NUM_READ_OUTSTANDING16_NUM_WRITE_OUTSTANDING16_MAX_READ_BURST_LENGTH16_MAX_WRITE_BURST_LENGTH16_C_M_AXI_ID_WIDTH1_C_M_AXI_ADDR_WIDTH64_C_M_AXI_DATA_WIDTH32_C_M_AXI_AWUSER_WIDTH1_C_M_AXI_ARUSER_WIDTH1_C_M_AXI_WUSER_WIDTH1_C_M_AXI_RUSER_WIDTH1_C_M_AXI_BUSER_WIDTH1_C_USER_VALUE0_C_PROT_VALUE0_C_CACHE_VALUE3_USER_DW32_USER_AW64_USER_MAXREQS7_USER_RFIFONUM_WIDTH9_215
gmem2_m_axi_U/clk_gate_load_unit_buff_rdata_genblk1_U_fifo_mem_mem_reg_172_       3.9900     0.0      0.0000      3.9900 0.0000 SNPS_CLOCK_GATE_HIGH_tinytpu_isa_gmem2_m_axi_CONSERVATIVE1_NUM_READ_OUTSTANDING16_NUM_WRITE_OUTSTANDING16_MAX_READ_BURST_LENGTH16_MAX_WRITE_BURST_LENGTH16_C_M_AXI_ID_WIDTH1_C_M_AXI_ADDR_WIDTH64_C_M_AXI_DATA_WIDTH32_C_M_AXI_AWUSER_WIDTH1_C_M_AXI_ARUSER_WIDTH1_C_M_AXI_WUSER_WIDTH1_C_M_AXI_RUSER_WIDTH1_C_M_AXI_BUSER_WIDTH1_C_USER_VALUE0_C_PROT_VALUE0_C_CACHE_VALUE3_USER_DW32_USER_AW64_USER_MAXREQS7_USER_RFIFONUM_WIDTH9_216
gmem2_m_axi_U/clk_gate_load_unit_buff_rdata_genblk1_U_fifo_mem_mem_reg_173_       3.9900     0.0      0.0000      3.9900 0.0000 SNPS_CLOCK_GATE_HIGH_tinytpu_isa_gmem2_m_axi_CONSERVATIVE1_NUM_READ_OUTSTANDING16_NUM_WRITE_OUTSTANDING16_MAX_READ_BURST_LENGTH16_MAX_WRITE_BURST_LENGTH16_C_M_AXI_ID_WIDTH1_C_M_AXI_ADDR_WIDTH64_C_M_AXI_DATA_WIDTH32_C_M_AXI_AWUSER_WIDTH1_C_M_AXI_ARUSER_WIDTH1_C_M_AXI_WUSER_WIDTH1_C_M_AXI_RUSER_WIDTH1_C_M_AXI_BUSER_WIDTH1_C_USER_VALUE0_C_PROT_VALUE0_C_CACHE_VALUE3_USER_DW32_USER_AW64_USER_MAXREQS7_USER_RFIFONUM_WIDTH9_217
gmem2_m_axi_U/clk_gate_load_unit_buff_rdata_genblk1_U_fifo_mem_mem_reg_174_       3.9900     0.0      0.0000      3.9900 0.0000 SNPS_CLOCK_GATE_HIGH_tinytpu_isa_gmem2_m_axi_CONSERVATIVE1_NUM_READ_OUTSTANDING16_NUM_WRITE_OUTSTANDING16_MAX_READ_BURST_LENGTH16_MAX_WRITE_BURST_LENGTH16_C_M_AXI_ID_WIDTH1_C_M_AXI_ADDR_WIDTH64_C_M_AXI_DATA_WIDTH32_C_M_AXI_AWUSER_WIDTH1_C_M_AXI_ARUSER_WIDTH1_C_M_AXI_WUSER_WIDTH1_C_M_AXI_RUSER_WIDTH1_C_M_AXI_BUSER_WIDTH1_C_USER_VALUE0_C_PROT_VALUE0_C_CACHE_VALUE3_USER_DW32_USER_AW64_USER_MAXREQS7_USER_RFIFONUM_WIDTH9_218
gmem2_m_axi_U/clk_gate_load_unit_buff_rdata_genblk1_U_fifo_mem_mem_reg_175_       3.9900     0.0      0.0000      3.9900 0.0000 SNPS_CLOCK_GATE_HIGH_tinytpu_isa_gmem2_m_axi_CONSERVATIVE1_NUM_READ_OUTSTANDING16_NUM_WRITE_OUTSTANDING16_MAX_READ_BURST_LENGTH16_MAX_WRITE_BURST_LENGTH16_C_M_AXI_ID_WIDTH1_C_M_AXI_ADDR_WIDTH64_C_M_AXI_DATA_WIDTH32_C_M_AXI_AWUSER_WIDTH1_C_M_AXI_ARUSER_WIDTH1_C_M_AXI_WUSER_WIDTH1_C_M_AXI_RUSER_WIDTH1_C_M_AXI_BUSER_WIDTH1_C_USER_VALUE0_C_PROT_VALUE0_C_CACHE_VALUE3_USER_DW32_USER_AW64_USER_MAXREQS7_USER_RFIFONUM_WIDTH9_219
gmem2_m_axi_U/clk_gate_load_unit_buff_rdata_genblk1_U_fifo_mem_mem_reg_176_       3.9900     0.0      0.0000      3.9900 0.0000 SNPS_CLOCK_GATE_HIGH_tinytpu_isa_gmem2_m_axi_CONSERVATIVE1_NUM_READ_OUTSTANDING16_NUM_WRITE_OUTSTANDING16_MAX_READ_BURST_LENGTH16_MAX_WRITE_BURST_LENGTH16_C_M_AXI_ID_WIDTH1_C_M_AXI_ADDR_WIDTH64_C_M_AXI_DATA_WIDTH32_C_M_AXI_AWUSER_WIDTH1_C_M_AXI_ARUSER_WIDTH1_C_M_AXI_WUSER_WIDTH1_C_M_AXI_RUSER_WIDTH1_C_M_AXI_BUSER_WIDTH1_C_USER_VALUE0_C_PROT_VALUE0_C_CACHE_VALUE3_USER_DW32_USER_AW64_USER_MAXREQS7_USER_RFIFONUM_WIDTH9_220
gmem2_m_axi_U/clk_gate_load_unit_buff_rdata_genblk1_U_fifo_mem_mem_reg_177_       3.9900     0.0      0.0000      3.9900 0.0000 SNPS_CLOCK_GATE_HIGH_tinytpu_isa_gmem2_m_axi_CONSERVATIVE1_NUM_READ_OUTSTANDING16_NUM_WRITE_OUTSTANDING16_MAX_READ_BURST_LENGTH16_MAX_WRITE_BURST_LENGTH16_C_M_AXI_ID_WIDTH1_C_M_AXI_ADDR_WIDTH64_C_M_AXI_DATA_WIDTH32_C_M_AXI_AWUSER_WIDTH1_C_M_AXI_ARUSER_WIDTH1_C_M_AXI_WUSER_WIDTH1_C_M_AXI_RUSER_WIDTH1_C_M_AXI_BUSER_WIDTH1_C_USER_VALUE0_C_PROT_VALUE0_C_CACHE_VALUE3_USER_DW32_USER_AW64_USER_MAXREQS7_USER_RFIFONUM_WIDTH9_221
gmem2_m_axi_U/clk_gate_load_unit_buff_rdata_genblk1_U_fifo_mem_mem_reg_178_       3.9900     0.0      0.0000      3.9900 0.0000 SNPS_CLOCK_GATE_HIGH_tinytpu_isa_gmem2_m_axi_CONSERVATIVE1_NUM_READ_OUTSTANDING16_NUM_WRITE_OUTSTANDING16_MAX_READ_BURST_LENGTH16_MAX_WRITE_BURST_LENGTH16_C_M_AXI_ID_WIDTH1_C_M_AXI_ADDR_WIDTH64_C_M_AXI_DATA_WIDTH32_C_M_AXI_AWUSER_WIDTH1_C_M_AXI_ARUSER_WIDTH1_C_M_AXI_WUSER_WIDTH1_C_M_AXI_RUSER_WIDTH1_C_M_AXI_BUSER_WIDTH1_C_USER_VALUE0_C_PROT_VALUE0_C_CACHE_VALUE3_USER_DW32_USER_AW64_USER_MAXREQS7_USER_RFIFONUM_WIDTH9_222
gmem2_m_axi_U/clk_gate_load_unit_buff_rdata_genblk1_U_fifo_mem_mem_reg_179_       3.9900     0.0      0.0000      3.9900 0.0000 SNPS_CLOCK_GATE_HIGH_tinytpu_isa_gmem2_m_axi_CONSERVATIVE1_NUM_READ_OUTSTANDING16_NUM_WRITE_OUTSTANDING16_MAX_READ_BURST_LENGTH16_MAX_WRITE_BURST_LENGTH16_C_M_AXI_ID_WIDTH1_C_M_AXI_ADDR_WIDTH64_C_M_AXI_DATA_WIDTH32_C_M_AXI_AWUSER_WIDTH1_C_M_AXI_ARUSER_WIDTH1_C_M_AXI_WUSER_WIDTH1_C_M_AXI_RUSER_WIDTH1_C_M_AXI_BUSER_WIDTH1_C_USER_VALUE0_C_PROT_VALUE0_C_CACHE_VALUE3_USER_DW32_USER_AW64_USER_MAXREQS7_USER_RFIFONUM_WIDTH9_223
gmem2_m_axi_U/clk_gate_load_unit_buff_rdata_genblk1_U_fifo_mem_mem_reg_17_       3.9900     0.0      0.0000      3.9900 0.0000 SNPS_CLOCK_GATE_HIGH_tinytpu_isa_gmem2_m_axi_CONSERVATIVE1_NUM_READ_OUTSTANDING16_NUM_WRITE_OUTSTANDING16_MAX_READ_BURST_LENGTH16_MAX_WRITE_BURST_LENGTH16_C_M_AXI_ID_WIDTH1_C_M_AXI_ADDR_WIDTH64_C_M_AXI_DATA_WIDTH32_C_M_AXI_AWUSER_WIDTH1_C_M_AXI_ARUSER_WIDTH1_C_M_AXI_WUSER_WIDTH1_C_M_AXI_RUSER_WIDTH1_C_M_AXI_BUSER_WIDTH1_C_USER_VALUE0_C_PROT_VALUE0_C_CACHE_VALUE3_USER_DW32_USER_AW64_USER_MAXREQS7_USER_RFIFONUM_WIDTH9_61
gmem2_m_axi_U/clk_gate_load_unit_buff_rdata_genblk1_U_fifo_mem_mem_reg_180_       3.9900     0.0      0.0000      3.9900 0.0000 SNPS_CLOCK_GATE_HIGH_tinytpu_isa_gmem2_m_axi_CONSERVATIVE1_NUM_READ_OUTSTANDING16_NUM_WRITE_OUTSTANDING16_MAX_READ_BURST_LENGTH16_MAX_WRITE_BURST_LENGTH16_C_M_AXI_ID_WIDTH1_C_M_AXI_ADDR_WIDTH64_C_M_AXI_DATA_WIDTH32_C_M_AXI_AWUSER_WIDTH1_C_M_AXI_ARUSER_WIDTH1_C_M_AXI_WUSER_WIDTH1_C_M_AXI_RUSER_WIDTH1_C_M_AXI_BUSER_WIDTH1_C_USER_VALUE0_C_PROT_VALUE0_C_CACHE_VALUE3_USER_DW32_USER_AW64_USER_MAXREQS7_USER_RFIFONUM_WIDTH9_224
gmem2_m_axi_U/clk_gate_load_unit_buff_rdata_genblk1_U_fifo_mem_mem_reg_181_       3.9900     0.0      0.0000      3.9900 0.0000 SNPS_CLOCK_GATE_HIGH_tinytpu_isa_gmem2_m_axi_CONSERVATIVE1_NUM_READ_OUTSTANDING16_NUM_WRITE_OUTSTANDING16_MAX_READ_BURST_LENGTH16_MAX_WRITE_BURST_LENGTH16_C_M_AXI_ID_WIDTH1_C_M_AXI_ADDR_WIDTH64_C_M_AXI_DATA_WIDTH32_C_M_AXI_AWUSER_WIDTH1_C_M_AXI_ARUSER_WIDTH1_C_M_AXI_WUSER_WIDTH1_C_M_AXI_RUSER_WIDTH1_C_M_AXI_BUSER_WIDTH1_C_USER_VALUE0_C_PROT_VALUE0_C_CACHE_VALUE3_USER_DW32_USER_AW64_USER_MAXREQS7_USER_RFIFONUM_WIDTH9_225
gmem2_m_axi_U/clk_gate_load_unit_buff_rdata_genblk1_U_fifo_mem_mem_reg_182_       3.9900     0.0      0.0000      3.9900 0.0000 SNPS_CLOCK_GATE_HIGH_tinytpu_isa_gmem2_m_axi_CONSERVATIVE1_NUM_READ_OUTSTANDING16_NUM_WRITE_OUTSTANDING16_MAX_READ_BURST_LENGTH16_MAX_WRITE_BURST_LENGTH16_C_M_AXI_ID_WIDTH1_C_M_AXI_ADDR_WIDTH64_C_M_AXI_DATA_WIDTH32_C_M_AXI_AWUSER_WIDTH1_C_M_AXI_ARUSER_WIDTH1_C_M_AXI_WUSER_WIDTH1_C_M_AXI_RUSER_WIDTH1_C_M_AXI_BUSER_WIDTH1_C_USER_VALUE0_C_PROT_VALUE0_C_CACHE_VALUE3_USER_DW32_USER_AW64_USER_MAXREQS7_USER_RFIFONUM_WIDTH9_226
gmem2_m_axi_U/clk_gate_load_unit_buff_rdata_genblk1_U_fifo_mem_mem_reg_183_       3.9900     0.0      0.0000      3.9900 0.0000 SNPS_CLOCK_GATE_HIGH_tinytpu_isa_gmem2_m_axi_CONSERVATIVE1_NUM_READ_OUTSTANDING16_NUM_WRITE_OUTSTANDING16_MAX_READ_BURST_LENGTH16_MAX_WRITE_BURST_LENGTH16_C_M_AXI_ID_WIDTH1_C_M_AXI_ADDR_WIDTH64_C_M_AXI_DATA_WIDTH32_C_M_AXI_AWUSER_WIDTH1_C_M_AXI_ARUSER_WIDTH1_C_M_AXI_WUSER_WIDTH1_C_M_AXI_RUSER_WIDTH1_C_M_AXI_BUSER_WIDTH1_C_USER_VALUE0_C_PROT_VALUE0_C_CACHE_VALUE3_USER_DW32_USER_AW64_USER_MAXREQS7_USER_RFIFONUM_WIDTH9_227
gmem2_m_axi_U/clk_gate_load_unit_buff_rdata_genblk1_U_fifo_mem_mem_reg_184_       3.9900     0.0      0.0000      3.9900 0.0000 SNPS_CLOCK_GATE_HIGH_tinytpu_isa_gmem2_m_axi_CONSERVATIVE1_NUM_READ_OUTSTANDING16_NUM_WRITE_OUTSTANDING16_MAX_READ_BURST_LENGTH16_MAX_WRITE_BURST_LENGTH16_C_M_AXI_ID_WIDTH1_C_M_AXI_ADDR_WIDTH64_C_M_AXI_DATA_WIDTH32_C_M_AXI_AWUSER_WIDTH1_C_M_AXI_ARUSER_WIDTH1_C_M_AXI_WUSER_WIDTH1_C_M_AXI_RUSER_WIDTH1_C_M_AXI_BUSER_WIDTH1_C_USER_VALUE0_C_PROT_VALUE0_C_CACHE_VALUE3_USER_DW32_USER_AW64_USER_MAXREQS7_USER_RFIFONUM_WIDTH9_228
gmem2_m_axi_U/clk_gate_load_unit_buff_rdata_genblk1_U_fifo_mem_mem_reg_185_       3.9900     0.0      0.0000      3.9900 0.0000 SNPS_CLOCK_GATE_HIGH_tinytpu_isa_gmem2_m_axi_CONSERVATIVE1_NUM_READ_OUTSTANDING16_NUM_WRITE_OUTSTANDING16_MAX_READ_BURST_LENGTH16_MAX_WRITE_BURST_LENGTH16_C_M_AXI_ID_WIDTH1_C_M_AXI_ADDR_WIDTH64_C_M_AXI_DATA_WIDTH32_C_M_AXI_AWUSER_WIDTH1_C_M_AXI_ARUSER_WIDTH1_C_M_AXI_WUSER_WIDTH1_C_M_AXI_RUSER_WIDTH1_C_M_AXI_BUSER_WIDTH1_C_USER_VALUE0_C_PROT_VALUE0_C_CACHE_VALUE3_USER_DW32_USER_AW64_USER_MAXREQS7_USER_RFIFONUM_WIDTH9_229
gmem2_m_axi_U/clk_gate_load_unit_buff_rdata_genblk1_U_fifo_mem_mem_reg_186_       3.9900     0.0      0.0000      3.9900 0.0000 SNPS_CLOCK_GATE_HIGH_tinytpu_isa_gmem2_m_axi_CONSERVATIVE1_NUM_READ_OUTSTANDING16_NUM_WRITE_OUTSTANDING16_MAX_READ_BURST_LENGTH16_MAX_WRITE_BURST_LENGTH16_C_M_AXI_ID_WIDTH1_C_M_AXI_ADDR_WIDTH64_C_M_AXI_DATA_WIDTH32_C_M_AXI_AWUSER_WIDTH1_C_M_AXI_ARUSER_WIDTH1_C_M_AXI_WUSER_WIDTH1_C_M_AXI_RUSER_WIDTH1_C_M_AXI_BUSER_WIDTH1_C_USER_VALUE0_C_PROT_VALUE0_C_CACHE_VALUE3_USER_DW32_USER_AW64_USER_MAXREQS7_USER_RFIFONUM_WIDTH9_230
gmem2_m_axi_U/clk_gate_load_unit_buff_rdata_genblk1_U_fifo_mem_mem_reg_187_       3.9900     0.0      0.0000      3.9900 0.0000 SNPS_CLOCK_GATE_HIGH_tinytpu_isa_gmem2_m_axi_CONSERVATIVE1_NUM_READ_OUTSTANDING16_NUM_WRITE_OUTSTANDING16_MAX_READ_BURST_LENGTH16_MAX_WRITE_BURST_LENGTH16_C_M_AXI_ID_WIDTH1_C_M_AXI_ADDR_WIDTH64_C_M_AXI_DATA_WIDTH32_C_M_AXI_AWUSER_WIDTH1_C_M_AXI_ARUSER_WIDTH1_C_M_AXI_WUSER_WIDTH1_C_M_AXI_RUSER_WIDTH1_C_M_AXI_BUSER_WIDTH1_C_USER_VALUE0_C_PROT_VALUE0_C_CACHE_VALUE3_USER_DW32_USER_AW64_USER_MAXREQS7_USER_RFIFONUM_WIDTH9_231
gmem2_m_axi_U/clk_gate_load_unit_buff_rdata_genblk1_U_fifo_mem_mem_reg_188_       3.9900     0.0      0.0000      3.9900 0.0000 SNPS_CLOCK_GATE_HIGH_tinytpu_isa_gmem2_m_axi_CONSERVATIVE1_NUM_READ_OUTSTANDING16_NUM_WRITE_OUTSTANDING16_MAX_READ_BURST_LENGTH16_MAX_WRITE_BURST_LENGTH16_C_M_AXI_ID_WIDTH1_C_M_AXI_ADDR_WIDTH64_C_M_AXI_DATA_WIDTH32_C_M_AXI_AWUSER_WIDTH1_C_M_AXI_ARUSER_WIDTH1_C_M_AXI_WUSER_WIDTH1_C_M_AXI_RUSER_WIDTH1_C_M_AXI_BUSER_WIDTH1_C_USER_VALUE0_C_PROT_VALUE0_C_CACHE_VALUE3_USER_DW32_USER_AW64_USER_MAXREQS7_USER_RFIFONUM_WIDTH9_232
gmem2_m_axi_U/clk_gate_load_unit_buff_rdata_genblk1_U_fifo_mem_mem_reg_189_       3.9900     0.0      0.0000      3.9900 0.0000 SNPS_CLOCK_GATE_HIGH_tinytpu_isa_gmem2_m_axi_CONSERVATIVE1_NUM_READ_OUTSTANDING16_NUM_WRITE_OUTSTANDING16_MAX_READ_BURST_LENGTH16_MAX_WRITE_BURST_LENGTH16_C_M_AXI_ID_WIDTH1_C_M_AXI_ADDR_WIDTH64_C_M_AXI_DATA_WIDTH32_C_M_AXI_AWUSER_WIDTH1_C_M_AXI_ARUSER_WIDTH1_C_M_AXI_WUSER_WIDTH1_C_M_AXI_RUSER_WIDTH1_C_M_AXI_BUSER_WIDTH1_C_USER_VALUE0_C_PROT_VALUE0_C_CACHE_VALUE3_USER_DW32_USER_AW64_USER_MAXREQS7_USER_RFIFONUM_WIDTH9_233
gmem2_m_axi_U/clk_gate_load_unit_buff_rdata_genblk1_U_fifo_mem_mem_reg_18_       3.9900     0.0      0.0000      3.9900 0.0000 SNPS_CLOCK_GATE_HIGH_tinytpu_isa_gmem2_m_axi_CONSERVATIVE1_NUM_READ_OUTSTANDING16_NUM_WRITE_OUTSTANDING16_MAX_READ_BURST_LENGTH16_MAX_WRITE_BURST_LENGTH16_C_M_AXI_ID_WIDTH1_C_M_AXI_ADDR_WIDTH64_C_M_AXI_DATA_WIDTH32_C_M_AXI_AWUSER_WIDTH1_C_M_AXI_ARUSER_WIDTH1_C_M_AXI_WUSER_WIDTH1_C_M_AXI_RUSER_WIDTH1_C_M_AXI_BUSER_WIDTH1_C_USER_VALUE0_C_PROT_VALUE0_C_CACHE_VALUE3_USER_DW32_USER_AW64_USER_MAXREQS7_USER_RFIFONUM_WIDTH9_62
gmem2_m_axi_U/clk_gate_load_unit_buff_rdata_genblk1_U_fifo_mem_mem_reg_190_       3.9900     0.0      0.0000      3.9900 0.0000 SNPS_CLOCK_GATE_HIGH_tinytpu_isa_gmem2_m_axi_CONSERVATIVE1_NUM_READ_OUTSTANDING16_NUM_WRITE_OUTSTANDING16_MAX_READ_BURST_LENGTH16_MAX_WRITE_BURST_LENGTH16_C_M_AXI_ID_WIDTH1_C_M_AXI_ADDR_WIDTH64_C_M_AXI_DATA_WIDTH32_C_M_AXI_AWUSER_WIDTH1_C_M_AXI_ARUSER_WIDTH1_C_M_AXI_WUSER_WIDTH1_C_M_AXI_RUSER_WIDTH1_C_M_AXI_BUSER_WIDTH1_C_USER_VALUE0_C_PROT_VALUE0_C_CACHE_VALUE3_USER_DW32_USER_AW64_USER_MAXREQS7_USER_RFIFONUM_WIDTH9_234
gmem2_m_axi_U/clk_gate_load_unit_buff_rdata_genblk1_U_fifo_mem_mem_reg_191_       3.9900     0.0      0.0000      3.9900 0.0000 SNPS_CLOCK_GATE_HIGH_tinytpu_isa_gmem2_m_axi_CONSERVATIVE1_NUM_READ_OUTSTANDING16_NUM_WRITE_OUTSTANDING16_MAX_READ_BURST_LENGTH16_MAX_WRITE_BURST_LENGTH16_C_M_AXI_ID_WIDTH1_C_M_AXI_ADDR_WIDTH64_C_M_AXI_DATA_WIDTH32_C_M_AXI_AWUSER_WIDTH1_C_M_AXI_ARUSER_WIDTH1_C_M_AXI_WUSER_WIDTH1_C_M_AXI_RUSER_WIDTH1_C_M_AXI_BUSER_WIDTH1_C_USER_VALUE0_C_PROT_VALUE0_C_CACHE_VALUE3_USER_DW32_USER_AW64_USER_MAXREQS7_USER_RFIFONUM_WIDTH9_235
gmem2_m_axi_U/clk_gate_load_unit_buff_rdata_genblk1_U_fifo_mem_mem_reg_192_       3.9900     0.0      0.0000      3.9900 0.0000 SNPS_CLOCK_GATE_HIGH_tinytpu_isa_gmem2_m_axi_CONSERVATIVE1_NUM_READ_OUTSTANDING16_NUM_WRITE_OUTSTANDING16_MAX_READ_BURST_LENGTH16_MAX_WRITE_BURST_LENGTH16_C_M_AXI_ID_WIDTH1_C_M_AXI_ADDR_WIDTH64_C_M_AXI_DATA_WIDTH32_C_M_AXI_AWUSER_WIDTH1_C_M_AXI_ARUSER_WIDTH1_C_M_AXI_WUSER_WIDTH1_C_M_AXI_RUSER_WIDTH1_C_M_AXI_BUSER_WIDTH1_C_USER_VALUE0_C_PROT_VALUE0_C_CACHE_VALUE3_USER_DW32_USER_AW64_USER_MAXREQS7_USER_RFIFONUM_WIDTH9_236
gmem2_m_axi_U/clk_gate_load_unit_buff_rdata_genblk1_U_fifo_mem_mem_reg_193_       3.9900     0.0      0.0000      3.9900 0.0000 SNPS_CLOCK_GATE_HIGH_tinytpu_isa_gmem2_m_axi_CONSERVATIVE1_NUM_READ_OUTSTANDING16_NUM_WRITE_OUTSTANDING16_MAX_READ_BURST_LENGTH16_MAX_WRITE_BURST_LENGTH16_C_M_AXI_ID_WIDTH1_C_M_AXI_ADDR_WIDTH64_C_M_AXI_DATA_WIDTH32_C_M_AXI_AWUSER_WIDTH1_C_M_AXI_ARUSER_WIDTH1_C_M_AXI_WUSER_WIDTH1_C_M_AXI_RUSER_WIDTH1_C_M_AXI_BUSER_WIDTH1_C_USER_VALUE0_C_PROT_VALUE0_C_CACHE_VALUE3_USER_DW32_USER_AW64_USER_MAXREQS7_USER_RFIFONUM_WIDTH9_237
gmem2_m_axi_U/clk_gate_load_unit_buff_rdata_genblk1_U_fifo_mem_mem_reg_194_       3.9900     0.0      0.0000      3.9900 0.0000 SNPS_CLOCK_GATE_HIGH_tinytpu_isa_gmem2_m_axi_CONSERVATIVE1_NUM_READ_OUTSTANDING16_NUM_WRITE_OUTSTANDING16_MAX_READ_BURST_LENGTH16_MAX_WRITE_BURST_LENGTH16_C_M_AXI_ID_WIDTH1_C_M_AXI_ADDR_WIDTH64_C_M_AXI_DATA_WIDTH32_C_M_AXI_AWUSER_WIDTH1_C_M_AXI_ARUSER_WIDTH1_C_M_AXI_WUSER_WIDTH1_C_M_AXI_RUSER_WIDTH1_C_M_AXI_BUSER_WIDTH1_C_USER_VALUE0_C_PROT_VALUE0_C_CACHE_VALUE3_USER_DW32_USER_AW64_USER_MAXREQS7_USER_RFIFONUM_WIDTH9_238
gmem2_m_axi_U/clk_gate_load_unit_buff_rdata_genblk1_U_fifo_mem_mem_reg_195_       3.9900     0.0      0.0000      3.9900 0.0000 SNPS_CLOCK_GATE_HIGH_tinytpu_isa_gmem2_m_axi_CONSERVATIVE1_NUM_READ_OUTSTANDING16_NUM_WRITE_OUTSTANDING16_MAX_READ_BURST_LENGTH16_MAX_WRITE_BURST_LENGTH16_C_M_AXI_ID_WIDTH1_C_M_AXI_ADDR_WIDTH64_C_M_AXI_DATA_WIDTH32_C_M_AXI_AWUSER_WIDTH1_C_M_AXI_ARUSER_WIDTH1_C_M_AXI_WUSER_WIDTH1_C_M_AXI_RUSER_WIDTH1_C_M_AXI_BUSER_WIDTH1_C_USER_VALUE0_C_PROT_VALUE0_C_CACHE_VALUE3_USER_DW32_USER_AW64_USER_MAXREQS7_USER_RFIFONUM_WIDTH9_239
gmem2_m_axi_U/clk_gate_load_unit_buff_rdata_genblk1_U_fifo_mem_mem_reg_196_       3.9900     0.0      0.0000      3.9900 0.0000 SNPS_CLOCK_GATE_HIGH_tinytpu_isa_gmem2_m_axi_CONSERVATIVE1_NUM_READ_OUTSTANDING16_NUM_WRITE_OUTSTANDING16_MAX_READ_BURST_LENGTH16_MAX_WRITE_BURST_LENGTH16_C_M_AXI_ID_WIDTH1_C_M_AXI_ADDR_WIDTH64_C_M_AXI_DATA_WIDTH32_C_M_AXI_AWUSER_WIDTH1_C_M_AXI_ARUSER_WIDTH1_C_M_AXI_WUSER_WIDTH1_C_M_AXI_RUSER_WIDTH1_C_M_AXI_BUSER_WIDTH1_C_USER_VALUE0_C_PROT_VALUE0_C_CACHE_VALUE3_USER_DW32_USER_AW64_USER_MAXREQS7_USER_RFIFONUM_WIDTH9_240
gmem2_m_axi_U/clk_gate_load_unit_buff_rdata_genblk1_U_fifo_mem_mem_reg_197_       3.9900     0.0      0.0000      3.9900 0.0000 SNPS_CLOCK_GATE_HIGH_tinytpu_isa_gmem2_m_axi_CONSERVATIVE1_NUM_READ_OUTSTANDING16_NUM_WRITE_OUTSTANDING16_MAX_READ_BURST_LENGTH16_MAX_WRITE_BURST_LENGTH16_C_M_AXI_ID_WIDTH1_C_M_AXI_ADDR_WIDTH64_C_M_AXI_DATA_WIDTH32_C_M_AXI_AWUSER_WIDTH1_C_M_AXI_ARUSER_WIDTH1_C_M_AXI_WUSER_WIDTH1_C_M_AXI_RUSER_WIDTH1_C_M_AXI_BUSER_WIDTH1_C_USER_VALUE0_C_PROT_VALUE0_C_CACHE_VALUE3_USER_DW32_USER_AW64_USER_MAXREQS7_USER_RFIFONUM_WIDTH9_241
gmem2_m_axi_U/clk_gate_load_unit_buff_rdata_genblk1_U_fifo_mem_mem_reg_198_       3.9900     0.0      0.0000      3.9900 0.0000 SNPS_CLOCK_GATE_HIGH_tinytpu_isa_gmem2_m_axi_CONSERVATIVE1_NUM_READ_OUTSTANDING16_NUM_WRITE_OUTSTANDING16_MAX_READ_BURST_LENGTH16_MAX_WRITE_BURST_LENGTH16_C_M_AXI_ID_WIDTH1_C_M_AXI_ADDR_WIDTH64_C_M_AXI_DATA_WIDTH32_C_M_AXI_AWUSER_WIDTH1_C_M_AXI_ARUSER_WIDTH1_C_M_AXI_WUSER_WIDTH1_C_M_AXI_RUSER_WIDTH1_C_M_AXI_BUSER_WIDTH1_C_USER_VALUE0_C_PROT_VALUE0_C_CACHE_VALUE3_USER_DW32_USER_AW64_USER_MAXREQS7_USER_RFIFONUM_WIDTH9_242
gmem2_m_axi_U/clk_gate_load_unit_buff_rdata_genblk1_U_fifo_mem_mem_reg_199_       3.9900     0.0      0.0000      3.9900 0.0000 SNPS_CLOCK_GATE_HIGH_tinytpu_isa_gmem2_m_axi_CONSERVATIVE1_NUM_READ_OUTSTANDING16_NUM_WRITE_OUTSTANDING16_MAX_READ_BURST_LENGTH16_MAX_WRITE_BURST_LENGTH16_C_M_AXI_ID_WIDTH1_C_M_AXI_ADDR_WIDTH64_C_M_AXI_DATA_WIDTH32_C_M_AXI_AWUSER_WIDTH1_C_M_AXI_ARUSER_WIDTH1_C_M_AXI_WUSER_WIDTH1_C_M_AXI_RUSER_WIDTH1_C_M_AXI_BUSER_WIDTH1_C_USER_VALUE0_C_PROT_VALUE0_C_CACHE_VALUE3_USER_DW32_USER_AW64_USER_MAXREQS7_USER_RFIFONUM_WIDTH9_243
gmem2_m_axi_U/clk_gate_load_unit_buff_rdata_genblk1_U_fifo_mem_mem_reg_19_       3.9900     0.0      0.0000      3.9900 0.0000 SNPS_CLOCK_GATE_HIGH_tinytpu_isa_gmem2_m_axi_CONSERVATIVE1_NUM_READ_OUTSTANDING16_NUM_WRITE_OUTSTANDING16_MAX_READ_BURST_LENGTH16_MAX_WRITE_BURST_LENGTH16_C_M_AXI_ID_WIDTH1_C_M_AXI_ADDR_WIDTH64_C_M_AXI_DATA_WIDTH32_C_M_AXI_AWUSER_WIDTH1_C_M_AXI_ARUSER_WIDTH1_C_M_AXI_WUSER_WIDTH1_C_M_AXI_RUSER_WIDTH1_C_M_AXI_BUSER_WIDTH1_C_USER_VALUE0_C_PROT_VALUE0_C_CACHE_VALUE3_USER_DW32_USER_AW64_USER_MAXREQS7_USER_RFIFONUM_WIDTH9_63
gmem2_m_axi_U/clk_gate_load_unit_buff_rdata_genblk1_U_fifo_mem_mem_reg_1_       3.9900     0.0      0.0000      3.9900 0.0000 SNPS_CLOCK_GATE_HIGH_tinytpu_isa_gmem2_m_axi_CONSERVATIVE1_NUM_READ_OUTSTANDING16_NUM_WRITE_OUTSTANDING16_MAX_READ_BURST_LENGTH16_MAX_WRITE_BURST_LENGTH16_C_M_AXI_ID_WIDTH1_C_M_AXI_ADDR_WIDTH64_C_M_AXI_DATA_WIDTH32_C_M_AXI_AWUSER_WIDTH1_C_M_AXI_ARUSER_WIDTH1_C_M_AXI_WUSER_WIDTH1_C_M_AXI_RUSER_WIDTH1_C_M_AXI_BUSER_WIDTH1_C_USER_VALUE0_C_PROT_VALUE0_C_CACHE_VALUE3_USER_DW32_USER_AW64_USER_MAXREQS7_USER_RFIFONUM_WIDTH9_45
gmem2_m_axi_U/clk_gate_load_unit_buff_rdata_genblk1_U_fifo_mem_mem_reg_200_       3.9900     0.0      0.0000      3.9900 0.0000 SNPS_CLOCK_GATE_HIGH_tinytpu_isa_gmem2_m_axi_CONSERVATIVE1_NUM_READ_OUTSTANDING16_NUM_WRITE_OUTSTANDING16_MAX_READ_BURST_LENGTH16_MAX_WRITE_BURST_LENGTH16_C_M_AXI_ID_WIDTH1_C_M_AXI_ADDR_WIDTH64_C_M_AXI_DATA_WIDTH32_C_M_AXI_AWUSER_WIDTH1_C_M_AXI_ARUSER_WIDTH1_C_M_AXI_WUSER_WIDTH1_C_M_AXI_RUSER_WIDTH1_C_M_AXI_BUSER_WIDTH1_C_USER_VALUE0_C_PROT_VALUE0_C_CACHE_VALUE3_USER_DW32_USER_AW64_USER_MAXREQS7_USER_RFIFONUM_WIDTH9_244
gmem2_m_axi_U/clk_gate_load_unit_buff_rdata_genblk1_U_fifo_mem_mem_reg_201_       3.9900     0.0      0.0000      3.9900 0.0000 SNPS_CLOCK_GATE_HIGH_tinytpu_isa_gmem2_m_axi_CONSERVATIVE1_NUM_READ_OUTSTANDING16_NUM_WRITE_OUTSTANDING16_MAX_READ_BURST_LENGTH16_MAX_WRITE_BURST_LENGTH16_C_M_AXI_ID_WIDTH1_C_M_AXI_ADDR_WIDTH64_C_M_AXI_DATA_WIDTH32_C_M_AXI_AWUSER_WIDTH1_C_M_AXI_ARUSER_WIDTH1_C_M_AXI_WUSER_WIDTH1_C_M_AXI_RUSER_WIDTH1_C_M_AXI_BUSER_WIDTH1_C_USER_VALUE0_C_PROT_VALUE0_C_CACHE_VALUE3_USER_DW32_USER_AW64_USER_MAXREQS7_USER_RFIFONUM_WIDTH9_245
gmem2_m_axi_U/clk_gate_load_unit_buff_rdata_genblk1_U_fifo_mem_mem_reg_202_       3.9900     0.0      0.0000      3.9900 0.0000 SNPS_CLOCK_GATE_HIGH_tinytpu_isa_gmem2_m_axi_CONSERVATIVE1_NUM_READ_OUTSTANDING16_NUM_WRITE_OUTSTANDING16_MAX_READ_BURST_LENGTH16_MAX_WRITE_BURST_LENGTH16_C_M_AXI_ID_WIDTH1_C_M_AXI_ADDR_WIDTH64_C_M_AXI_DATA_WIDTH32_C_M_AXI_AWUSER_WIDTH1_C_M_AXI_ARUSER_WIDTH1_C_M_AXI_WUSER_WIDTH1_C_M_AXI_RUSER_WIDTH1_C_M_AXI_BUSER_WIDTH1_C_USER_VALUE0_C_PROT_VALUE0_C_CACHE_VALUE3_USER_DW32_USER_AW64_USER_MAXREQS7_USER_RFIFONUM_WIDTH9_246
gmem2_m_axi_U/clk_gate_load_unit_buff_rdata_genblk1_U_fifo_mem_mem_reg_203_       3.9900     0.0      0.0000      3.9900 0.0000 SNPS_CLOCK_GATE_HIGH_tinytpu_isa_gmem2_m_axi_CONSERVATIVE1_NUM_READ_OUTSTANDING16_NUM_WRITE_OUTSTANDING16_MAX_READ_BURST_LENGTH16_MAX_WRITE_BURST_LENGTH16_C_M_AXI_ID_WIDTH1_C_M_AXI_ADDR_WIDTH64_C_M_AXI_DATA_WIDTH32_C_M_AXI_AWUSER_WIDTH1_C_M_AXI_ARUSER_WIDTH1_C_M_AXI_WUSER_WIDTH1_C_M_AXI_RUSER_WIDTH1_C_M_AXI_BUSER_WIDTH1_C_USER_VALUE0_C_PROT_VALUE0_C_CACHE_VALUE3_USER_DW32_USER_AW64_USER_MAXREQS7_USER_RFIFONUM_WIDTH9_247
gmem2_m_axi_U/clk_gate_load_unit_buff_rdata_genblk1_U_fifo_mem_mem_reg_204_       3.9900     0.0      0.0000      3.9900 0.0000 SNPS_CLOCK_GATE_HIGH_tinytpu_isa_gmem2_m_axi_CONSERVATIVE1_NUM_READ_OUTSTANDING16_NUM_WRITE_OUTSTANDING16_MAX_READ_BURST_LENGTH16_MAX_WRITE_BURST_LENGTH16_C_M_AXI_ID_WIDTH1_C_M_AXI_ADDR_WIDTH64_C_M_AXI_DATA_WIDTH32_C_M_AXI_AWUSER_WIDTH1_C_M_AXI_ARUSER_WIDTH1_C_M_AXI_WUSER_WIDTH1_C_M_AXI_RUSER_WIDTH1_C_M_AXI_BUSER_WIDTH1_C_USER_VALUE0_C_PROT_VALUE0_C_CACHE_VALUE3_USER_DW32_USER_AW64_USER_MAXREQS7_USER_RFIFONUM_WIDTH9_248
gmem2_m_axi_U/clk_gate_load_unit_buff_rdata_genblk1_U_fifo_mem_mem_reg_205_       3.9900     0.0      0.0000      3.9900 0.0000 SNPS_CLOCK_GATE_HIGH_tinytpu_isa_gmem2_m_axi_CONSERVATIVE1_NUM_READ_OUTSTANDING16_NUM_WRITE_OUTSTANDING16_MAX_READ_BURST_LENGTH16_MAX_WRITE_BURST_LENGTH16_C_M_AXI_ID_WIDTH1_C_M_AXI_ADDR_WIDTH64_C_M_AXI_DATA_WIDTH32_C_M_AXI_AWUSER_WIDTH1_C_M_AXI_ARUSER_WIDTH1_C_M_AXI_WUSER_WIDTH1_C_M_AXI_RUSER_WIDTH1_C_M_AXI_BUSER_WIDTH1_C_USER_VALUE0_C_PROT_VALUE0_C_CACHE_VALUE3_USER_DW32_USER_AW64_USER_MAXREQS7_USER_RFIFONUM_WIDTH9_249
gmem2_m_axi_U/clk_gate_load_unit_buff_rdata_genblk1_U_fifo_mem_mem_reg_206_       3.9900     0.0      0.0000      3.9900 0.0000 SNPS_CLOCK_GATE_HIGH_tinytpu_isa_gmem2_m_axi_CONSERVATIVE1_NUM_READ_OUTSTANDING16_NUM_WRITE_OUTSTANDING16_MAX_READ_BURST_LENGTH16_MAX_WRITE_BURST_LENGTH16_C_M_AXI_ID_WIDTH1_C_M_AXI_ADDR_WIDTH64_C_M_AXI_DATA_WIDTH32_C_M_AXI_AWUSER_WIDTH1_C_M_AXI_ARUSER_WIDTH1_C_M_AXI_WUSER_WIDTH1_C_M_AXI_RUSER_WIDTH1_C_M_AXI_BUSER_WIDTH1_C_USER_VALUE0_C_PROT_VALUE0_C_CACHE_VALUE3_USER_DW32_USER_AW64_USER_MAXREQS7_USER_RFIFONUM_WIDTH9_250
gmem2_m_axi_U/clk_gate_load_unit_buff_rdata_genblk1_U_fifo_mem_mem_reg_207_       3.9900     0.0      0.0000      3.9900 0.0000 SNPS_CLOCK_GATE_HIGH_tinytpu_isa_gmem2_m_axi_CONSERVATIVE1_NUM_READ_OUTSTANDING16_NUM_WRITE_OUTSTANDING16_MAX_READ_BURST_LENGTH16_MAX_WRITE_BURST_LENGTH16_C_M_AXI_ID_WIDTH1_C_M_AXI_ADDR_WIDTH64_C_M_AXI_DATA_WIDTH32_C_M_AXI_AWUSER_WIDTH1_C_M_AXI_ARUSER_WIDTH1_C_M_AXI_WUSER_WIDTH1_C_M_AXI_RUSER_WIDTH1_C_M_AXI_BUSER_WIDTH1_C_USER_VALUE0_C_PROT_VALUE0_C_CACHE_VALUE3_USER_DW32_USER_AW64_USER_MAXREQS7_USER_RFIFONUM_WIDTH9_251
gmem2_m_axi_U/clk_gate_load_unit_buff_rdata_genblk1_U_fifo_mem_mem_reg_208_       3.9900     0.0      0.0000      3.9900 0.0000 SNPS_CLOCK_GATE_HIGH_tinytpu_isa_gmem2_m_axi_CONSERVATIVE1_NUM_READ_OUTSTANDING16_NUM_WRITE_OUTSTANDING16_MAX_READ_BURST_LENGTH16_MAX_WRITE_BURST_LENGTH16_C_M_AXI_ID_WIDTH1_C_M_AXI_ADDR_WIDTH64_C_M_AXI_DATA_WIDTH32_C_M_AXI_AWUSER_WIDTH1_C_M_AXI_ARUSER_WIDTH1_C_M_AXI_WUSER_WIDTH1_C_M_AXI_RUSER_WIDTH1_C_M_AXI_BUSER_WIDTH1_C_USER_VALUE0_C_PROT_VALUE0_C_CACHE_VALUE3_USER_DW32_USER_AW64_USER_MAXREQS7_USER_RFIFONUM_WIDTH9_252
gmem2_m_axi_U/clk_gate_load_unit_buff_rdata_genblk1_U_fifo_mem_mem_reg_209_       3.9900     0.0      0.0000      3.9900 0.0000 SNPS_CLOCK_GATE_HIGH_tinytpu_isa_gmem2_m_axi_CONSERVATIVE1_NUM_READ_OUTSTANDING16_NUM_WRITE_OUTSTANDING16_MAX_READ_BURST_LENGTH16_MAX_WRITE_BURST_LENGTH16_C_M_AXI_ID_WIDTH1_C_M_AXI_ADDR_WIDTH64_C_M_AXI_DATA_WIDTH32_C_M_AXI_AWUSER_WIDTH1_C_M_AXI_ARUSER_WIDTH1_C_M_AXI_WUSER_WIDTH1_C_M_AXI_RUSER_WIDTH1_C_M_AXI_BUSER_WIDTH1_C_USER_VALUE0_C_PROT_VALUE0_C_CACHE_VALUE3_USER_DW32_USER_AW64_USER_MAXREQS7_USER_RFIFONUM_WIDTH9_253
gmem2_m_axi_U/clk_gate_load_unit_buff_rdata_genblk1_U_fifo_mem_mem_reg_20_       3.9900     0.0      0.0000      3.9900 0.0000 SNPS_CLOCK_GATE_HIGH_tinytpu_isa_gmem2_m_axi_CONSERVATIVE1_NUM_READ_OUTSTANDING16_NUM_WRITE_OUTSTANDING16_MAX_READ_BURST_LENGTH16_MAX_WRITE_BURST_LENGTH16_C_M_AXI_ID_WIDTH1_C_M_AXI_ADDR_WIDTH64_C_M_AXI_DATA_WIDTH32_C_M_AXI_AWUSER_WIDTH1_C_M_AXI_ARUSER_WIDTH1_C_M_AXI_WUSER_WIDTH1_C_M_AXI_RUSER_WIDTH1_C_M_AXI_BUSER_WIDTH1_C_USER_VALUE0_C_PROT_VALUE0_C_CACHE_VALUE3_USER_DW32_USER_AW64_USER_MAXREQS7_USER_RFIFONUM_WIDTH9_64
gmem2_m_axi_U/clk_gate_load_unit_buff_rdata_genblk1_U_fifo_mem_mem_reg_210_       3.9900     0.0      0.0000      3.9900 0.0000 SNPS_CLOCK_GATE_HIGH_tinytpu_isa_gmem2_m_axi_CONSERVATIVE1_NUM_READ_OUTSTANDING16_NUM_WRITE_OUTSTANDING16_MAX_READ_BURST_LENGTH16_MAX_WRITE_BURST_LENGTH16_C_M_AXI_ID_WIDTH1_C_M_AXI_ADDR_WIDTH64_C_M_AXI_DATA_WIDTH32_C_M_AXI_AWUSER_WIDTH1_C_M_AXI_ARUSER_WIDTH1_C_M_AXI_WUSER_WIDTH1_C_M_AXI_RUSER_WIDTH1_C_M_AXI_BUSER_WIDTH1_C_USER_VALUE0_C_PROT_VALUE0_C_CACHE_VALUE3_USER_DW32_USER_AW64_USER_MAXREQS7_USER_RFIFONUM_WIDTH9_254
gmem2_m_axi_U/clk_gate_load_unit_buff_rdata_genblk1_U_fifo_mem_mem_reg_211_       3.9900     0.0      0.0000      3.9900 0.0000 SNPS_CLOCK_GATE_HIGH_tinytpu_isa_gmem2_m_axi_CONSERVATIVE1_NUM_READ_OUTSTANDING16_NUM_WRITE_OUTSTANDING16_MAX_READ_BURST_LENGTH16_MAX_WRITE_BURST_LENGTH16_C_M_AXI_ID_WIDTH1_C_M_AXI_ADDR_WIDTH64_C_M_AXI_DATA_WIDTH32_C_M_AXI_AWUSER_WIDTH1_C_M_AXI_ARUSER_WIDTH1_C_M_AXI_WUSER_WIDTH1_C_M_AXI_RUSER_WIDTH1_C_M_AXI_BUSER_WIDTH1_C_USER_VALUE0_C_PROT_VALUE0_C_CACHE_VALUE3_USER_DW32_USER_AW64_USER_MAXREQS7_USER_RFIFONUM_WIDTH9_255
gmem2_m_axi_U/clk_gate_load_unit_buff_rdata_genblk1_U_fifo_mem_mem_reg_212_       3.9900     0.0      0.0000      3.9900 0.0000 SNPS_CLOCK_GATE_HIGH_tinytpu_isa_gmem2_m_axi_CONSERVATIVE1_NUM_READ_OUTSTANDING16_NUM_WRITE_OUTSTANDING16_MAX_READ_BURST_LENGTH16_MAX_WRITE_BURST_LENGTH16_C_M_AXI_ID_WIDTH1_C_M_AXI_ADDR_WIDTH64_C_M_AXI_DATA_WIDTH32_C_M_AXI_AWUSER_WIDTH1_C_M_AXI_ARUSER_WIDTH1_C_M_AXI_WUSER_WIDTH1_C_M_AXI_RUSER_WIDTH1_C_M_AXI_BUSER_WIDTH1_C_USER_VALUE0_C_PROT_VALUE0_C_CACHE_VALUE3_USER_DW32_USER_AW64_USER_MAXREQS7_USER_RFIFONUM_WIDTH9_256
gmem2_m_axi_U/clk_gate_load_unit_buff_rdata_genblk1_U_fifo_mem_mem_reg_213_       3.9900     0.0      0.0000      3.9900 0.0000 SNPS_CLOCK_GATE_HIGH_tinytpu_isa_gmem2_m_axi_CONSERVATIVE1_NUM_READ_OUTSTANDING16_NUM_WRITE_OUTSTANDING16_MAX_READ_BURST_LENGTH16_MAX_WRITE_BURST_LENGTH16_C_M_AXI_ID_WIDTH1_C_M_AXI_ADDR_WIDTH64_C_M_AXI_DATA_WIDTH32_C_M_AXI_AWUSER_WIDTH1_C_M_AXI_ARUSER_WIDTH1_C_M_AXI_WUSER_WIDTH1_C_M_AXI_RUSER_WIDTH1_C_M_AXI_BUSER_WIDTH1_C_USER_VALUE0_C_PROT_VALUE0_C_CACHE_VALUE3_USER_DW32_USER_AW64_USER_MAXREQS7_USER_RFIFONUM_WIDTH9_257
gmem2_m_axi_U/clk_gate_load_unit_buff_rdata_genblk1_U_fifo_mem_mem_reg_214_       3.9900     0.0      0.0000      3.9900 0.0000 SNPS_CLOCK_GATE_HIGH_tinytpu_isa_gmem2_m_axi_CONSERVATIVE1_NUM_READ_OUTSTANDING16_NUM_WRITE_OUTSTANDING16_MAX_READ_BURST_LENGTH16_MAX_WRITE_BURST_LENGTH16_C_M_AXI_ID_WIDTH1_C_M_AXI_ADDR_WIDTH64_C_M_AXI_DATA_WIDTH32_C_M_AXI_AWUSER_WIDTH1_C_M_AXI_ARUSER_WIDTH1_C_M_AXI_WUSER_WIDTH1_C_M_AXI_RUSER_WIDTH1_C_M_AXI_BUSER_WIDTH1_C_USER_VALUE0_C_PROT_VALUE0_C_CACHE_VALUE3_USER_DW32_USER_AW64_USER_MAXREQS7_USER_RFIFONUM_WIDTH9_258
gmem2_m_axi_U/clk_gate_load_unit_buff_rdata_genblk1_U_fifo_mem_mem_reg_215_       3.9900     0.0      0.0000      3.9900 0.0000 SNPS_CLOCK_GATE_HIGH_tinytpu_isa_gmem2_m_axi_CONSERVATIVE1_NUM_READ_OUTSTANDING16_NUM_WRITE_OUTSTANDING16_MAX_READ_BURST_LENGTH16_MAX_WRITE_BURST_LENGTH16_C_M_AXI_ID_WIDTH1_C_M_AXI_ADDR_WIDTH64_C_M_AXI_DATA_WIDTH32_C_M_AXI_AWUSER_WIDTH1_C_M_AXI_ARUSER_WIDTH1_C_M_AXI_WUSER_WIDTH1_C_M_AXI_RUSER_WIDTH1_C_M_AXI_BUSER_WIDTH1_C_USER_VALUE0_C_PROT_VALUE0_C_CACHE_VALUE3_USER_DW32_USER_AW64_USER_MAXREQS7_USER_RFIFONUM_WIDTH9_259
gmem2_m_axi_U/clk_gate_load_unit_buff_rdata_genblk1_U_fifo_mem_mem_reg_216_       3.9900     0.0      0.0000      3.9900 0.0000 SNPS_CLOCK_GATE_HIGH_tinytpu_isa_gmem2_m_axi_CONSERVATIVE1_NUM_READ_OUTSTANDING16_NUM_WRITE_OUTSTANDING16_MAX_READ_BURST_LENGTH16_MAX_WRITE_BURST_LENGTH16_C_M_AXI_ID_WIDTH1_C_M_AXI_ADDR_WIDTH64_C_M_AXI_DATA_WIDTH32_C_M_AXI_AWUSER_WIDTH1_C_M_AXI_ARUSER_WIDTH1_C_M_AXI_WUSER_WIDTH1_C_M_AXI_RUSER_WIDTH1_C_M_AXI_BUSER_WIDTH1_C_USER_VALUE0_C_PROT_VALUE0_C_CACHE_VALUE3_USER_DW32_USER_AW64_USER_MAXREQS7_USER_RFIFONUM_WIDTH9_260
gmem2_m_axi_U/clk_gate_load_unit_buff_rdata_genblk1_U_fifo_mem_mem_reg_217_       3.9900     0.0      0.0000      3.9900 0.0000 SNPS_CLOCK_GATE_HIGH_tinytpu_isa_gmem2_m_axi_CONSERVATIVE1_NUM_READ_OUTSTANDING16_NUM_WRITE_OUTSTANDING16_MAX_READ_BURST_LENGTH16_MAX_WRITE_BURST_LENGTH16_C_M_AXI_ID_WIDTH1_C_M_AXI_ADDR_WIDTH64_C_M_AXI_DATA_WIDTH32_C_M_AXI_AWUSER_WIDTH1_C_M_AXI_ARUSER_WIDTH1_C_M_AXI_WUSER_WIDTH1_C_M_AXI_RUSER_WIDTH1_C_M_AXI_BUSER_WIDTH1_C_USER_VALUE0_C_PROT_VALUE0_C_CACHE_VALUE3_USER_DW32_USER_AW64_USER_MAXREQS7_USER_RFIFONUM_WIDTH9_261
gmem2_m_axi_U/clk_gate_load_unit_buff_rdata_genblk1_U_fifo_mem_mem_reg_218_       3.9900     0.0      0.0000      3.9900 0.0000 SNPS_CLOCK_GATE_HIGH_tinytpu_isa_gmem2_m_axi_CONSERVATIVE1_NUM_READ_OUTSTANDING16_NUM_WRITE_OUTSTANDING16_MAX_READ_BURST_LENGTH16_MAX_WRITE_BURST_LENGTH16_C_M_AXI_ID_WIDTH1_C_M_AXI_ADDR_WIDTH64_C_M_AXI_DATA_WIDTH32_C_M_AXI_AWUSER_WIDTH1_C_M_AXI_ARUSER_WIDTH1_C_M_AXI_WUSER_WIDTH1_C_M_AXI_RUSER_WIDTH1_C_M_AXI_BUSER_WIDTH1_C_USER_VALUE0_C_PROT_VALUE0_C_CACHE_VALUE3_USER_DW32_USER_AW64_USER_MAXREQS7_USER_RFIFONUM_WIDTH9_262
gmem2_m_axi_U/clk_gate_load_unit_buff_rdata_genblk1_U_fifo_mem_mem_reg_219_       3.9900     0.0      0.0000      3.9900 0.0000 SNPS_CLOCK_GATE_HIGH_tinytpu_isa_gmem2_m_axi_CONSERVATIVE1_NUM_READ_OUTSTANDING16_NUM_WRITE_OUTSTANDING16_MAX_READ_BURST_LENGTH16_MAX_WRITE_BURST_LENGTH16_C_M_AXI_ID_WIDTH1_C_M_AXI_ADDR_WIDTH64_C_M_AXI_DATA_WIDTH32_C_M_AXI_AWUSER_WIDTH1_C_M_AXI_ARUSER_WIDTH1_C_M_AXI_WUSER_WIDTH1_C_M_AXI_RUSER_WIDTH1_C_M_AXI_BUSER_WIDTH1_C_USER_VALUE0_C_PROT_VALUE0_C_CACHE_VALUE3_USER_DW32_USER_AW64_USER_MAXREQS7_USER_RFIFONUM_WIDTH9_263
gmem2_m_axi_U/clk_gate_load_unit_buff_rdata_genblk1_U_fifo_mem_mem_reg_21_       3.9900     0.0      0.0000      3.9900 0.0000 SNPS_CLOCK_GATE_HIGH_tinytpu_isa_gmem2_m_axi_CONSERVATIVE1_NUM_READ_OUTSTANDING16_NUM_WRITE_OUTSTANDING16_MAX_READ_BURST_LENGTH16_MAX_WRITE_BURST_LENGTH16_C_M_AXI_ID_WIDTH1_C_M_AXI_ADDR_WIDTH64_C_M_AXI_DATA_WIDTH32_C_M_AXI_AWUSER_WIDTH1_C_M_AXI_ARUSER_WIDTH1_C_M_AXI_WUSER_WIDTH1_C_M_AXI_RUSER_WIDTH1_C_M_AXI_BUSER_WIDTH1_C_USER_VALUE0_C_PROT_VALUE0_C_CACHE_VALUE3_USER_DW32_USER_AW64_USER_MAXREQS7_USER_RFIFONUM_WIDTH9_65
gmem2_m_axi_U/clk_gate_load_unit_buff_rdata_genblk1_U_fifo_mem_mem_reg_220_       3.9900     0.0      0.0000      3.9900 0.0000 SNPS_CLOCK_GATE_HIGH_tinytpu_isa_gmem2_m_axi_CONSERVATIVE1_NUM_READ_OUTSTANDING16_NUM_WRITE_OUTSTANDING16_MAX_READ_BURST_LENGTH16_MAX_WRITE_BURST_LENGTH16_C_M_AXI_ID_WIDTH1_C_M_AXI_ADDR_WIDTH64_C_M_AXI_DATA_WIDTH32_C_M_AXI_AWUSER_WIDTH1_C_M_AXI_ARUSER_WIDTH1_C_M_AXI_WUSER_WIDTH1_C_M_AXI_RUSER_WIDTH1_C_M_AXI_BUSER_WIDTH1_C_USER_VALUE0_C_PROT_VALUE0_C_CACHE_VALUE3_USER_DW32_USER_AW64_USER_MAXREQS7_USER_RFIFONUM_WIDTH9_264
gmem2_m_axi_U/clk_gate_load_unit_buff_rdata_genblk1_U_fifo_mem_mem_reg_221_       3.9900     0.0      0.0000      3.9900 0.0000 SNPS_CLOCK_GATE_HIGH_tinytpu_isa_gmem2_m_axi_CONSERVATIVE1_NUM_READ_OUTSTANDING16_NUM_WRITE_OUTSTANDING16_MAX_READ_BURST_LENGTH16_MAX_WRITE_BURST_LENGTH16_C_M_AXI_ID_WIDTH1_C_M_AXI_ADDR_WIDTH64_C_M_AXI_DATA_WIDTH32_C_M_AXI_AWUSER_WIDTH1_C_M_AXI_ARUSER_WIDTH1_C_M_AXI_WUSER_WIDTH1_C_M_AXI_RUSER_WIDTH1_C_M_AXI_BUSER_WIDTH1_C_USER_VALUE0_C_PROT_VALUE0_C_CACHE_VALUE3_USER_DW32_USER_AW64_USER_MAXREQS7_USER_RFIFONUM_WIDTH9_265
gmem2_m_axi_U/clk_gate_load_unit_buff_rdata_genblk1_U_fifo_mem_mem_reg_222_       3.9900     0.0      0.0000      3.9900 0.0000 SNPS_CLOCK_GATE_HIGH_tinytpu_isa_gmem2_m_axi_CONSERVATIVE1_NUM_READ_OUTSTANDING16_NUM_WRITE_OUTSTANDING16_MAX_READ_BURST_LENGTH16_MAX_WRITE_BURST_LENGTH16_C_M_AXI_ID_WIDTH1_C_M_AXI_ADDR_WIDTH64_C_M_AXI_DATA_WIDTH32_C_M_AXI_AWUSER_WIDTH1_C_M_AXI_ARUSER_WIDTH1_C_M_AXI_WUSER_WIDTH1_C_M_AXI_RUSER_WIDTH1_C_M_AXI_BUSER_WIDTH1_C_USER_VALUE0_C_PROT_VALUE0_C_CACHE_VALUE3_USER_DW32_USER_AW64_USER_MAXREQS7_USER_RFIFONUM_WIDTH9_266
gmem2_m_axi_U/clk_gate_load_unit_buff_rdata_genblk1_U_fifo_mem_mem_reg_223_       3.9900     0.0      0.0000      3.9900 0.0000 SNPS_CLOCK_GATE_HIGH_tinytpu_isa_gmem2_m_axi_CONSERVATIVE1_NUM_READ_OUTSTANDING16_NUM_WRITE_OUTSTANDING16_MAX_READ_BURST_LENGTH16_MAX_WRITE_BURST_LENGTH16_C_M_AXI_ID_WIDTH1_C_M_AXI_ADDR_WIDTH64_C_M_AXI_DATA_WIDTH32_C_M_AXI_AWUSER_WIDTH1_C_M_AXI_ARUSER_WIDTH1_C_M_AXI_WUSER_WIDTH1_C_M_AXI_RUSER_WIDTH1_C_M_AXI_BUSER_WIDTH1_C_USER_VALUE0_C_PROT_VALUE0_C_CACHE_VALUE3_USER_DW32_USER_AW64_USER_MAXREQS7_USER_RFIFONUM_WIDTH9_267
gmem2_m_axi_U/clk_gate_load_unit_buff_rdata_genblk1_U_fifo_mem_mem_reg_224_       3.9900     0.0      0.0000      3.9900 0.0000 SNPS_CLOCK_GATE_HIGH_tinytpu_isa_gmem2_m_axi_CONSERVATIVE1_NUM_READ_OUTSTANDING16_NUM_WRITE_OUTSTANDING16_MAX_READ_BURST_LENGTH16_MAX_WRITE_BURST_LENGTH16_C_M_AXI_ID_WIDTH1_C_M_AXI_ADDR_WIDTH64_C_M_AXI_DATA_WIDTH32_C_M_AXI_AWUSER_WIDTH1_C_M_AXI_ARUSER_WIDTH1_C_M_AXI_WUSER_WIDTH1_C_M_AXI_RUSER_WIDTH1_C_M_AXI_BUSER_WIDTH1_C_USER_VALUE0_C_PROT_VALUE0_C_CACHE_VALUE3_USER_DW32_USER_AW64_USER_MAXREQS7_USER_RFIFONUM_WIDTH9_268
gmem2_m_axi_U/clk_gate_load_unit_buff_rdata_genblk1_U_fifo_mem_mem_reg_225_       3.9900     0.0      0.0000      3.9900 0.0000 SNPS_CLOCK_GATE_HIGH_tinytpu_isa_gmem2_m_axi_CONSERVATIVE1_NUM_READ_OUTSTANDING16_NUM_WRITE_OUTSTANDING16_MAX_READ_BURST_LENGTH16_MAX_WRITE_BURST_LENGTH16_C_M_AXI_ID_WIDTH1_C_M_AXI_ADDR_WIDTH64_C_M_AXI_DATA_WIDTH32_C_M_AXI_AWUSER_WIDTH1_C_M_AXI_ARUSER_WIDTH1_C_M_AXI_WUSER_WIDTH1_C_M_AXI_RUSER_WIDTH1_C_M_AXI_BUSER_WIDTH1_C_USER_VALUE0_C_PROT_VALUE0_C_CACHE_VALUE3_USER_DW32_USER_AW64_USER_MAXREQS7_USER_RFIFONUM_WIDTH9_269
gmem2_m_axi_U/clk_gate_load_unit_buff_rdata_genblk1_U_fifo_mem_mem_reg_226_       3.9900     0.0      0.0000      3.9900 0.0000 SNPS_CLOCK_GATE_HIGH_tinytpu_isa_gmem2_m_axi_CONSERVATIVE1_NUM_READ_OUTSTANDING16_NUM_WRITE_OUTSTANDING16_MAX_READ_BURST_LENGTH16_MAX_WRITE_BURST_LENGTH16_C_M_AXI_ID_WIDTH1_C_M_AXI_ADDR_WIDTH64_C_M_AXI_DATA_WIDTH32_C_M_AXI_AWUSER_WIDTH1_C_M_AXI_ARUSER_WIDTH1_C_M_AXI_WUSER_WIDTH1_C_M_AXI_RUSER_WIDTH1_C_M_AXI_BUSER_WIDTH1_C_USER_VALUE0_C_PROT_VALUE0_C_CACHE_VALUE3_USER_DW32_USER_AW64_USER_MAXREQS7_USER_RFIFONUM_WIDTH9_270
gmem2_m_axi_U/clk_gate_load_unit_buff_rdata_genblk1_U_fifo_mem_mem_reg_227_       3.9900     0.0      0.0000      3.9900 0.0000 SNPS_CLOCK_GATE_HIGH_tinytpu_isa_gmem2_m_axi_CONSERVATIVE1_NUM_READ_OUTSTANDING16_NUM_WRITE_OUTSTANDING16_MAX_READ_BURST_LENGTH16_MAX_WRITE_BURST_LENGTH16_C_M_AXI_ID_WIDTH1_C_M_AXI_ADDR_WIDTH64_C_M_AXI_DATA_WIDTH32_C_M_AXI_AWUSER_WIDTH1_C_M_AXI_ARUSER_WIDTH1_C_M_AXI_WUSER_WIDTH1_C_M_AXI_RUSER_WIDTH1_C_M_AXI_BUSER_WIDTH1_C_USER_VALUE0_C_PROT_VALUE0_C_CACHE_VALUE3_USER_DW32_USER_AW64_USER_MAXREQS7_USER_RFIFONUM_WIDTH9_271
gmem2_m_axi_U/clk_gate_load_unit_buff_rdata_genblk1_U_fifo_mem_mem_reg_228_       3.9900     0.0      0.0000      3.9900 0.0000 SNPS_CLOCK_GATE_HIGH_tinytpu_isa_gmem2_m_axi_CONSERVATIVE1_NUM_READ_OUTSTANDING16_NUM_WRITE_OUTSTANDING16_MAX_READ_BURST_LENGTH16_MAX_WRITE_BURST_LENGTH16_C_M_AXI_ID_WIDTH1_C_M_AXI_ADDR_WIDTH64_C_M_AXI_DATA_WIDTH32_C_M_AXI_AWUSER_WIDTH1_C_M_AXI_ARUSER_WIDTH1_C_M_AXI_WUSER_WIDTH1_C_M_AXI_RUSER_WIDTH1_C_M_AXI_BUSER_WIDTH1_C_USER_VALUE0_C_PROT_VALUE0_C_CACHE_VALUE3_USER_DW32_USER_AW64_USER_MAXREQS7_USER_RFIFONUM_WIDTH9_272
gmem2_m_axi_U/clk_gate_load_unit_buff_rdata_genblk1_U_fifo_mem_mem_reg_229_       3.9900     0.0      0.0000      3.9900 0.0000 SNPS_CLOCK_GATE_HIGH_tinytpu_isa_gmem2_m_axi_CONSERVATIVE1_NUM_READ_OUTSTANDING16_NUM_WRITE_OUTSTANDING16_MAX_READ_BURST_LENGTH16_MAX_WRITE_BURST_LENGTH16_C_M_AXI_ID_WIDTH1_C_M_AXI_ADDR_WIDTH64_C_M_AXI_DATA_WIDTH32_C_M_AXI_AWUSER_WIDTH1_C_M_AXI_ARUSER_WIDTH1_C_M_AXI_WUSER_WIDTH1_C_M_AXI_RUSER_WIDTH1_C_M_AXI_BUSER_WIDTH1_C_USER_VALUE0_C_PROT_VALUE0_C_CACHE_VALUE3_USER_DW32_USER_AW64_USER_MAXREQS7_USER_RFIFONUM_WIDTH9_273
gmem2_m_axi_U/clk_gate_load_unit_buff_rdata_genblk1_U_fifo_mem_mem_reg_22_       3.9900     0.0      0.0000      3.9900 0.0000 SNPS_CLOCK_GATE_HIGH_tinytpu_isa_gmem2_m_axi_CONSERVATIVE1_NUM_READ_OUTSTANDING16_NUM_WRITE_OUTSTANDING16_MAX_READ_BURST_LENGTH16_MAX_WRITE_BURST_LENGTH16_C_M_AXI_ID_WIDTH1_C_M_AXI_ADDR_WIDTH64_C_M_AXI_DATA_WIDTH32_C_M_AXI_AWUSER_WIDTH1_C_M_AXI_ARUSER_WIDTH1_C_M_AXI_WUSER_WIDTH1_C_M_AXI_RUSER_WIDTH1_C_M_AXI_BUSER_WIDTH1_C_USER_VALUE0_C_PROT_VALUE0_C_CACHE_VALUE3_USER_DW32_USER_AW64_USER_MAXREQS7_USER_RFIFONUM_WIDTH9_66
gmem2_m_axi_U/clk_gate_load_unit_buff_rdata_genblk1_U_fifo_mem_mem_reg_230_       3.9900     0.0      0.0000      3.9900 0.0000 SNPS_CLOCK_GATE_HIGH_tinytpu_isa_gmem2_m_axi_CONSERVATIVE1_NUM_READ_OUTSTANDING16_NUM_WRITE_OUTSTANDING16_MAX_READ_BURST_LENGTH16_MAX_WRITE_BURST_LENGTH16_C_M_AXI_ID_WIDTH1_C_M_AXI_ADDR_WIDTH64_C_M_AXI_DATA_WIDTH32_C_M_AXI_AWUSER_WIDTH1_C_M_AXI_ARUSER_WIDTH1_C_M_AXI_WUSER_WIDTH1_C_M_AXI_RUSER_WIDTH1_C_M_AXI_BUSER_WIDTH1_C_USER_VALUE0_C_PROT_VALUE0_C_CACHE_VALUE3_USER_DW32_USER_AW64_USER_MAXREQS7_USER_RFIFONUM_WIDTH9_274
gmem2_m_axi_U/clk_gate_load_unit_buff_rdata_genblk1_U_fifo_mem_mem_reg_231_       3.9900     0.0      0.0000      3.9900 0.0000 SNPS_CLOCK_GATE_HIGH_tinytpu_isa_gmem2_m_axi_CONSERVATIVE1_NUM_READ_OUTSTANDING16_NUM_WRITE_OUTSTANDING16_MAX_READ_BURST_LENGTH16_MAX_WRITE_BURST_LENGTH16_C_M_AXI_ID_WIDTH1_C_M_AXI_ADDR_WIDTH64_C_M_AXI_DATA_WIDTH32_C_M_AXI_AWUSER_WIDTH1_C_M_AXI_ARUSER_WIDTH1_C_M_AXI_WUSER_WIDTH1_C_M_AXI_RUSER_WIDTH1_C_M_AXI_BUSER_WIDTH1_C_USER_VALUE0_C_PROT_VALUE0_C_CACHE_VALUE3_USER_DW32_USER_AW64_USER_MAXREQS7_USER_RFIFONUM_WIDTH9_275
gmem2_m_axi_U/clk_gate_load_unit_buff_rdata_genblk1_U_fifo_mem_mem_reg_232_       3.9900     0.0      0.0000      3.9900 0.0000 SNPS_CLOCK_GATE_HIGH_tinytpu_isa_gmem2_m_axi_CONSERVATIVE1_NUM_READ_OUTSTANDING16_NUM_WRITE_OUTSTANDING16_MAX_READ_BURST_LENGTH16_MAX_WRITE_BURST_LENGTH16_C_M_AXI_ID_WIDTH1_C_M_AXI_ADDR_WIDTH64_C_M_AXI_DATA_WIDTH32_C_M_AXI_AWUSER_WIDTH1_C_M_AXI_ARUSER_WIDTH1_C_M_AXI_WUSER_WIDTH1_C_M_AXI_RUSER_WIDTH1_C_M_AXI_BUSER_WIDTH1_C_USER_VALUE0_C_PROT_VALUE0_C_CACHE_VALUE3_USER_DW32_USER_AW64_USER_MAXREQS7_USER_RFIFONUM_WIDTH9_276
gmem2_m_axi_U/clk_gate_load_unit_buff_rdata_genblk1_U_fifo_mem_mem_reg_233_       3.9900     0.0      0.0000      3.9900 0.0000 SNPS_CLOCK_GATE_HIGH_tinytpu_isa_gmem2_m_axi_CONSERVATIVE1_NUM_READ_OUTSTANDING16_NUM_WRITE_OUTSTANDING16_MAX_READ_BURST_LENGTH16_MAX_WRITE_BURST_LENGTH16_C_M_AXI_ID_WIDTH1_C_M_AXI_ADDR_WIDTH64_C_M_AXI_DATA_WIDTH32_C_M_AXI_AWUSER_WIDTH1_C_M_AXI_ARUSER_WIDTH1_C_M_AXI_WUSER_WIDTH1_C_M_AXI_RUSER_WIDTH1_C_M_AXI_BUSER_WIDTH1_C_USER_VALUE0_C_PROT_VALUE0_C_CACHE_VALUE3_USER_DW32_USER_AW64_USER_MAXREQS7_USER_RFIFONUM_WIDTH9_277
gmem2_m_axi_U/clk_gate_load_unit_buff_rdata_genblk1_U_fifo_mem_mem_reg_234_       3.9900     0.0      0.0000      3.9900 0.0000 SNPS_CLOCK_GATE_HIGH_tinytpu_isa_gmem2_m_axi_CONSERVATIVE1_NUM_READ_OUTSTANDING16_NUM_WRITE_OUTSTANDING16_MAX_READ_BURST_LENGTH16_MAX_WRITE_BURST_LENGTH16_C_M_AXI_ID_WIDTH1_C_M_AXI_ADDR_WIDTH64_C_M_AXI_DATA_WIDTH32_C_M_AXI_AWUSER_WIDTH1_C_M_AXI_ARUSER_WIDTH1_C_M_AXI_WUSER_WIDTH1_C_M_AXI_RUSER_WIDTH1_C_M_AXI_BUSER_WIDTH1_C_USER_VALUE0_C_PROT_VALUE0_C_CACHE_VALUE3_USER_DW32_USER_AW64_USER_MAXREQS7_USER_RFIFONUM_WIDTH9_278
gmem2_m_axi_U/clk_gate_load_unit_buff_rdata_genblk1_U_fifo_mem_mem_reg_235_       3.9900     0.0      0.0000      3.9900 0.0000 SNPS_CLOCK_GATE_HIGH_tinytpu_isa_gmem2_m_axi_CONSERVATIVE1_NUM_READ_OUTSTANDING16_NUM_WRITE_OUTSTANDING16_MAX_READ_BURST_LENGTH16_MAX_WRITE_BURST_LENGTH16_C_M_AXI_ID_WIDTH1_C_M_AXI_ADDR_WIDTH64_C_M_AXI_DATA_WIDTH32_C_M_AXI_AWUSER_WIDTH1_C_M_AXI_ARUSER_WIDTH1_C_M_AXI_WUSER_WIDTH1_C_M_AXI_RUSER_WIDTH1_C_M_AXI_BUSER_WIDTH1_C_USER_VALUE0_C_PROT_VALUE0_C_CACHE_VALUE3_USER_DW32_USER_AW64_USER_MAXREQS7_USER_RFIFONUM_WIDTH9_279
gmem2_m_axi_U/clk_gate_load_unit_buff_rdata_genblk1_U_fifo_mem_mem_reg_236_       3.9900     0.0      0.0000      3.9900 0.0000 SNPS_CLOCK_GATE_HIGH_tinytpu_isa_gmem2_m_axi_CONSERVATIVE1_NUM_READ_OUTSTANDING16_NUM_WRITE_OUTSTANDING16_MAX_READ_BURST_LENGTH16_MAX_WRITE_BURST_LENGTH16_C_M_AXI_ID_WIDTH1_C_M_AXI_ADDR_WIDTH64_C_M_AXI_DATA_WIDTH32_C_M_AXI_AWUSER_WIDTH1_C_M_AXI_ARUSER_WIDTH1_C_M_AXI_WUSER_WIDTH1_C_M_AXI_RUSER_WIDTH1_C_M_AXI_BUSER_WIDTH1_C_USER_VALUE0_C_PROT_VALUE0_C_CACHE_VALUE3_USER_DW32_USER_AW64_USER_MAXREQS7_USER_RFIFONUM_WIDTH9_280
gmem2_m_axi_U/clk_gate_load_unit_buff_rdata_genblk1_U_fifo_mem_mem_reg_237_       3.9900     0.0      0.0000      3.9900 0.0000 SNPS_CLOCK_GATE_HIGH_tinytpu_isa_gmem2_m_axi_CONSERVATIVE1_NUM_READ_OUTSTANDING16_NUM_WRITE_OUTSTANDING16_MAX_READ_BURST_LENGTH16_MAX_WRITE_BURST_LENGTH16_C_M_AXI_ID_WIDTH1_C_M_AXI_ADDR_WIDTH64_C_M_AXI_DATA_WIDTH32_C_M_AXI_AWUSER_WIDTH1_C_M_AXI_ARUSER_WIDTH1_C_M_AXI_WUSER_WIDTH1_C_M_AXI_RUSER_WIDTH1_C_M_AXI_BUSER_WIDTH1_C_USER_VALUE0_C_PROT_VALUE0_C_CACHE_VALUE3_USER_DW32_USER_AW64_USER_MAXREQS7_USER_RFIFONUM_WIDTH9_281
gmem2_m_axi_U/clk_gate_load_unit_buff_rdata_genblk1_U_fifo_mem_mem_reg_238_       3.9900     0.0      0.0000      3.9900 0.0000 SNPS_CLOCK_GATE_HIGH_tinytpu_isa_gmem2_m_axi_CONSERVATIVE1_NUM_READ_OUTSTANDING16_NUM_WRITE_OUTSTANDING16_MAX_READ_BURST_LENGTH16_MAX_WRITE_BURST_LENGTH16_C_M_AXI_ID_WIDTH1_C_M_AXI_ADDR_WIDTH64_C_M_AXI_DATA_WIDTH32_C_M_AXI_AWUSER_WIDTH1_C_M_AXI_ARUSER_WIDTH1_C_M_AXI_WUSER_WIDTH1_C_M_AXI_RUSER_WIDTH1_C_M_AXI_BUSER_WIDTH1_C_USER_VALUE0_C_PROT_VALUE0_C_CACHE_VALUE3_USER_DW32_USER_AW64_USER_MAXREQS7_USER_RFIFONUM_WIDTH9_282
gmem2_m_axi_U/clk_gate_load_unit_buff_rdata_genblk1_U_fifo_mem_mem_reg_239_       3.9900     0.0      0.0000      3.9900 0.0000 SNPS_CLOCK_GATE_HIGH_tinytpu_isa_gmem2_m_axi_CONSERVATIVE1_NUM_READ_OUTSTANDING16_NUM_WRITE_OUTSTANDING16_MAX_READ_BURST_LENGTH16_MAX_WRITE_BURST_LENGTH16_C_M_AXI_ID_WIDTH1_C_M_AXI_ADDR_WIDTH64_C_M_AXI_DATA_WIDTH32_C_M_AXI_AWUSER_WIDTH1_C_M_AXI_ARUSER_WIDTH1_C_M_AXI_WUSER_WIDTH1_C_M_AXI_RUSER_WIDTH1_C_M_AXI_BUSER_WIDTH1_C_USER_VALUE0_C_PROT_VALUE0_C_CACHE_VALUE3_USER_DW32_USER_AW64_USER_MAXREQS7_USER_RFIFONUM_WIDTH9_283
gmem2_m_axi_U/clk_gate_load_unit_buff_rdata_genblk1_U_fifo_mem_mem_reg_23_       3.9900     0.0      0.0000      3.9900 0.0000 SNPS_CLOCK_GATE_HIGH_tinytpu_isa_gmem2_m_axi_CONSERVATIVE1_NUM_READ_OUTSTANDING16_NUM_WRITE_OUTSTANDING16_MAX_READ_BURST_LENGTH16_MAX_WRITE_BURST_LENGTH16_C_M_AXI_ID_WIDTH1_C_M_AXI_ADDR_WIDTH64_C_M_AXI_DATA_WIDTH32_C_M_AXI_AWUSER_WIDTH1_C_M_AXI_ARUSER_WIDTH1_C_M_AXI_WUSER_WIDTH1_C_M_AXI_RUSER_WIDTH1_C_M_AXI_BUSER_WIDTH1_C_USER_VALUE0_C_PROT_VALUE0_C_CACHE_VALUE3_USER_DW32_USER_AW64_USER_MAXREQS7_USER_RFIFONUM_WIDTH9_67
gmem2_m_axi_U/clk_gate_load_unit_buff_rdata_genblk1_U_fifo_mem_mem_reg_240_       3.9900     0.0      0.0000      3.9900 0.0000 SNPS_CLOCK_GATE_HIGH_tinytpu_isa_gmem2_m_axi_CONSERVATIVE1_NUM_READ_OUTSTANDING16_NUM_WRITE_OUTSTANDING16_MAX_READ_BURST_LENGTH16_MAX_WRITE_BURST_LENGTH16_C_M_AXI_ID_WIDTH1_C_M_AXI_ADDR_WIDTH64_C_M_AXI_DATA_WIDTH32_C_M_AXI_AWUSER_WIDTH1_C_M_AXI_ARUSER_WIDTH1_C_M_AXI_WUSER_WIDTH1_C_M_AXI_RUSER_WIDTH1_C_M_AXI_BUSER_WIDTH1_C_USER_VALUE0_C_PROT_VALUE0_C_CACHE_VALUE3_USER_DW32_USER_AW64_USER_MAXREQS7_USER_RFIFONUM_WIDTH9_284
gmem2_m_axi_U/clk_gate_load_unit_buff_rdata_genblk1_U_fifo_mem_mem_reg_241_       3.9900     0.0      0.0000      3.9900 0.0000 SNPS_CLOCK_GATE_HIGH_tinytpu_isa_gmem2_m_axi_CONSERVATIVE1_NUM_READ_OUTSTANDING16_NUM_WRITE_OUTSTANDING16_MAX_READ_BURST_LENGTH16_MAX_WRITE_BURST_LENGTH16_C_M_AXI_ID_WIDTH1_C_M_AXI_ADDR_WIDTH64_C_M_AXI_DATA_WIDTH32_C_M_AXI_AWUSER_WIDTH1_C_M_AXI_ARUSER_WIDTH1_C_M_AXI_WUSER_WIDTH1_C_M_AXI_RUSER_WIDTH1_C_M_AXI_BUSER_WIDTH1_C_USER_VALUE0_C_PROT_VALUE0_C_CACHE_VALUE3_USER_DW32_USER_AW64_USER_MAXREQS7_USER_RFIFONUM_WIDTH9_285
gmem2_m_axi_U/clk_gate_load_unit_buff_rdata_genblk1_U_fifo_mem_mem_reg_242_       3.9900     0.0      0.0000      3.9900 0.0000 SNPS_CLOCK_GATE_HIGH_tinytpu_isa_gmem2_m_axi_CONSERVATIVE1_NUM_READ_OUTSTANDING16_NUM_WRITE_OUTSTANDING16_MAX_READ_BURST_LENGTH16_MAX_WRITE_BURST_LENGTH16_C_M_AXI_ID_WIDTH1_C_M_AXI_ADDR_WIDTH64_C_M_AXI_DATA_WIDTH32_C_M_AXI_AWUSER_WIDTH1_C_M_AXI_ARUSER_WIDTH1_C_M_AXI_WUSER_WIDTH1_C_M_AXI_RUSER_WIDTH1_C_M_AXI_BUSER_WIDTH1_C_USER_VALUE0_C_PROT_VALUE0_C_CACHE_VALUE3_USER_DW32_USER_AW64_USER_MAXREQS7_USER_RFIFONUM_WIDTH9_286
gmem2_m_axi_U/clk_gate_load_unit_buff_rdata_genblk1_U_fifo_mem_mem_reg_243_       3.9900     0.0      0.0000      3.9900 0.0000 SNPS_CLOCK_GATE_HIGH_tinytpu_isa_gmem2_m_axi_CONSERVATIVE1_NUM_READ_OUTSTANDING16_NUM_WRITE_OUTSTANDING16_MAX_READ_BURST_LENGTH16_MAX_WRITE_BURST_LENGTH16_C_M_AXI_ID_WIDTH1_C_M_AXI_ADDR_WIDTH64_C_M_AXI_DATA_WIDTH32_C_M_AXI_AWUSER_WIDTH1_C_M_AXI_ARUSER_WIDTH1_C_M_AXI_WUSER_WIDTH1_C_M_AXI_RUSER_WIDTH1_C_M_AXI_BUSER_WIDTH1_C_USER_VALUE0_C_PROT_VALUE0_C_CACHE_VALUE3_USER_DW32_USER_AW64_USER_MAXREQS7_USER_RFIFONUM_WIDTH9_287
gmem2_m_axi_U/clk_gate_load_unit_buff_rdata_genblk1_U_fifo_mem_mem_reg_244_       3.9900     0.0      0.0000      3.9900 0.0000 SNPS_CLOCK_GATE_HIGH_tinytpu_isa_gmem2_m_axi_CONSERVATIVE1_NUM_READ_OUTSTANDING16_NUM_WRITE_OUTSTANDING16_MAX_READ_BURST_LENGTH16_MAX_WRITE_BURST_LENGTH16_C_M_AXI_ID_WIDTH1_C_M_AXI_ADDR_WIDTH64_C_M_AXI_DATA_WIDTH32_C_M_AXI_AWUSER_WIDTH1_C_M_AXI_ARUSER_WIDTH1_C_M_AXI_WUSER_WIDTH1_C_M_AXI_RUSER_WIDTH1_C_M_AXI_BUSER_WIDTH1_C_USER_VALUE0_C_PROT_VALUE0_C_CACHE_VALUE3_USER_DW32_USER_AW64_USER_MAXREQS7_USER_RFIFONUM_WIDTH9_288
gmem2_m_axi_U/clk_gate_load_unit_buff_rdata_genblk1_U_fifo_mem_mem_reg_245_       3.9900     0.0      0.0000      3.9900 0.0000 SNPS_CLOCK_GATE_HIGH_tinytpu_isa_gmem2_m_axi_CONSERVATIVE1_NUM_READ_OUTSTANDING16_NUM_WRITE_OUTSTANDING16_MAX_READ_BURST_LENGTH16_MAX_WRITE_BURST_LENGTH16_C_M_AXI_ID_WIDTH1_C_M_AXI_ADDR_WIDTH64_C_M_AXI_DATA_WIDTH32_C_M_AXI_AWUSER_WIDTH1_C_M_AXI_ARUSER_WIDTH1_C_M_AXI_WUSER_WIDTH1_C_M_AXI_RUSER_WIDTH1_C_M_AXI_BUSER_WIDTH1_C_USER_VALUE0_C_PROT_VALUE0_C_CACHE_VALUE3_USER_DW32_USER_AW64_USER_MAXREQS7_USER_RFIFONUM_WIDTH9_289
gmem2_m_axi_U/clk_gate_load_unit_buff_rdata_genblk1_U_fifo_mem_mem_reg_246_       3.9900     0.0      0.0000      3.9900 0.0000 SNPS_CLOCK_GATE_HIGH_tinytpu_isa_gmem2_m_axi_CONSERVATIVE1_NUM_READ_OUTSTANDING16_NUM_WRITE_OUTSTANDING16_MAX_READ_BURST_LENGTH16_MAX_WRITE_BURST_LENGTH16_C_M_AXI_ID_WIDTH1_C_M_AXI_ADDR_WIDTH64_C_M_AXI_DATA_WIDTH32_C_M_AXI_AWUSER_WIDTH1_C_M_AXI_ARUSER_WIDTH1_C_M_AXI_WUSER_WIDTH1_C_M_AXI_RUSER_WIDTH1_C_M_AXI_BUSER_WIDTH1_C_USER_VALUE0_C_PROT_VALUE0_C_CACHE_VALUE3_USER_DW32_USER_AW64_USER_MAXREQS7_USER_RFIFONUM_WIDTH9_290
gmem2_m_axi_U/clk_gate_load_unit_buff_rdata_genblk1_U_fifo_mem_mem_reg_247_       3.9900     0.0      0.0000      3.9900 0.0000 SNPS_CLOCK_GATE_HIGH_tinytpu_isa_gmem2_m_axi_CONSERVATIVE1_NUM_READ_OUTSTANDING16_NUM_WRITE_OUTSTANDING16_MAX_READ_BURST_LENGTH16_MAX_WRITE_BURST_LENGTH16_C_M_AXI_ID_WIDTH1_C_M_AXI_ADDR_WIDTH64_C_M_AXI_DATA_WIDTH32_C_M_AXI_AWUSER_WIDTH1_C_M_AXI_ARUSER_WIDTH1_C_M_AXI_WUSER_WIDTH1_C_M_AXI_RUSER_WIDTH1_C_M_AXI_BUSER_WIDTH1_C_USER_VALUE0_C_PROT_VALUE0_C_CACHE_VALUE3_USER_DW32_USER_AW64_USER_MAXREQS7_USER_RFIFONUM_WIDTH9_291
gmem2_m_axi_U/clk_gate_load_unit_buff_rdata_genblk1_U_fifo_mem_mem_reg_248_       3.9900     0.0      0.0000      3.9900 0.0000 SNPS_CLOCK_GATE_HIGH_tinytpu_isa_gmem2_m_axi_CONSERVATIVE1_NUM_READ_OUTSTANDING16_NUM_WRITE_OUTSTANDING16_MAX_READ_BURST_LENGTH16_MAX_WRITE_BURST_LENGTH16_C_M_AXI_ID_WIDTH1_C_M_AXI_ADDR_WIDTH64_C_M_AXI_DATA_WIDTH32_C_M_AXI_AWUSER_WIDTH1_C_M_AXI_ARUSER_WIDTH1_C_M_AXI_WUSER_WIDTH1_C_M_AXI_RUSER_WIDTH1_C_M_AXI_BUSER_WIDTH1_C_USER_VALUE0_C_PROT_VALUE0_C_CACHE_VALUE3_USER_DW32_USER_AW64_USER_MAXREQS7_USER_RFIFONUM_WIDTH9_292
gmem2_m_axi_U/clk_gate_load_unit_buff_rdata_genblk1_U_fifo_mem_mem_reg_249_       3.9900     0.0      0.0000      3.9900 0.0000 SNPS_CLOCK_GATE_HIGH_tinytpu_isa_gmem2_m_axi_CONSERVATIVE1_NUM_READ_OUTSTANDING16_NUM_WRITE_OUTSTANDING16_MAX_READ_BURST_LENGTH16_MAX_WRITE_BURST_LENGTH16_C_M_AXI_ID_WIDTH1_C_M_AXI_ADDR_WIDTH64_C_M_AXI_DATA_WIDTH32_C_M_AXI_AWUSER_WIDTH1_C_M_AXI_ARUSER_WIDTH1_C_M_AXI_WUSER_WIDTH1_C_M_AXI_RUSER_WIDTH1_C_M_AXI_BUSER_WIDTH1_C_USER_VALUE0_C_PROT_VALUE0_C_CACHE_VALUE3_USER_DW32_USER_AW64_USER_MAXREQS7_USER_RFIFONUM_WIDTH9_293
gmem2_m_axi_U/clk_gate_load_unit_buff_rdata_genblk1_U_fifo_mem_mem_reg_24_       3.9900     0.0      0.0000      3.9900 0.0000 SNPS_CLOCK_GATE_HIGH_tinytpu_isa_gmem2_m_axi_CONSERVATIVE1_NUM_READ_OUTSTANDING16_NUM_WRITE_OUTSTANDING16_MAX_READ_BURST_LENGTH16_MAX_WRITE_BURST_LENGTH16_C_M_AXI_ID_WIDTH1_C_M_AXI_ADDR_WIDTH64_C_M_AXI_DATA_WIDTH32_C_M_AXI_AWUSER_WIDTH1_C_M_AXI_ARUSER_WIDTH1_C_M_AXI_WUSER_WIDTH1_C_M_AXI_RUSER_WIDTH1_C_M_AXI_BUSER_WIDTH1_C_USER_VALUE0_C_PROT_VALUE0_C_CACHE_VALUE3_USER_DW32_USER_AW64_USER_MAXREQS7_USER_RFIFONUM_WIDTH9_68
gmem2_m_axi_U/clk_gate_load_unit_buff_rdata_genblk1_U_fifo_mem_mem_reg_250_       3.9900     0.0      0.0000      3.9900 0.0000 SNPS_CLOCK_GATE_HIGH_tinytpu_isa_gmem2_m_axi_CONSERVATIVE1_NUM_READ_OUTSTANDING16_NUM_WRITE_OUTSTANDING16_MAX_READ_BURST_LENGTH16_MAX_WRITE_BURST_LENGTH16_C_M_AXI_ID_WIDTH1_C_M_AXI_ADDR_WIDTH64_C_M_AXI_DATA_WIDTH32_C_M_AXI_AWUSER_WIDTH1_C_M_AXI_ARUSER_WIDTH1_C_M_AXI_WUSER_WIDTH1_C_M_AXI_RUSER_WIDTH1_C_M_AXI_BUSER_WIDTH1_C_USER_VALUE0_C_PROT_VALUE0_C_CACHE_VALUE3_USER_DW32_USER_AW64_USER_MAXREQS7_USER_RFIFONUM_WIDTH9_294
gmem2_m_axi_U/clk_gate_load_unit_buff_rdata_genblk1_U_fifo_mem_mem_reg_251_       3.9900     0.0      0.0000      3.9900 0.0000 SNPS_CLOCK_GATE_HIGH_tinytpu_isa_gmem2_m_axi_CONSERVATIVE1_NUM_READ_OUTSTANDING16_NUM_WRITE_OUTSTANDING16_MAX_READ_BURST_LENGTH16_MAX_WRITE_BURST_LENGTH16_C_M_AXI_ID_WIDTH1_C_M_AXI_ADDR_WIDTH64_C_M_AXI_DATA_WIDTH32_C_M_AXI_AWUSER_WIDTH1_C_M_AXI_ARUSER_WIDTH1_C_M_AXI_WUSER_WIDTH1_C_M_AXI_RUSER_WIDTH1_C_M_AXI_BUSER_WIDTH1_C_USER_VALUE0_C_PROT_VALUE0_C_CACHE_VALUE3_USER_DW32_USER_AW64_USER_MAXREQS7_USER_RFIFONUM_WIDTH9_295
gmem2_m_axi_U/clk_gate_load_unit_buff_rdata_genblk1_U_fifo_mem_mem_reg_252_       3.9900     0.0      0.0000      3.9900 0.0000 SNPS_CLOCK_GATE_HIGH_tinytpu_isa_gmem2_m_axi_CONSERVATIVE1_NUM_READ_OUTSTANDING16_NUM_WRITE_OUTSTANDING16_MAX_READ_BURST_LENGTH16_MAX_WRITE_BURST_LENGTH16_C_M_AXI_ID_WIDTH1_C_M_AXI_ADDR_WIDTH64_C_M_AXI_DATA_WIDTH32_C_M_AXI_AWUSER_WIDTH1_C_M_AXI_ARUSER_WIDTH1_C_M_AXI_WUSER_WIDTH1_C_M_AXI_RUSER_WIDTH1_C_M_AXI_BUSER_WIDTH1_C_USER_VALUE0_C_PROT_VALUE0_C_CACHE_VALUE3_USER_DW32_USER_AW64_USER_MAXREQS7_USER_RFIFONUM_WIDTH9_296
gmem2_m_axi_U/clk_gate_load_unit_buff_rdata_genblk1_U_fifo_mem_mem_reg_253_       3.9900     0.0      0.0000      3.9900 0.0000 SNPS_CLOCK_GATE_HIGH_tinytpu_isa_gmem2_m_axi_CONSERVATIVE1_NUM_READ_OUTSTANDING16_NUM_WRITE_OUTSTANDING16_MAX_READ_BURST_LENGTH16_MAX_WRITE_BURST_LENGTH16_C_M_AXI_ID_WIDTH1_C_M_AXI_ADDR_WIDTH64_C_M_AXI_DATA_WIDTH32_C_M_AXI_AWUSER_WIDTH1_C_M_AXI_ARUSER_WIDTH1_C_M_AXI_WUSER_WIDTH1_C_M_AXI_RUSER_WIDTH1_C_M_AXI_BUSER_WIDTH1_C_USER_VALUE0_C_PROT_VALUE0_C_CACHE_VALUE3_USER_DW32_USER_AW64_USER_MAXREQS7_USER_RFIFONUM_WIDTH9_297
gmem2_m_axi_U/clk_gate_load_unit_buff_rdata_genblk1_U_fifo_mem_mem_reg_254_       3.9900     0.0      0.0000      3.9900 0.0000 SNPS_CLOCK_GATE_HIGH_tinytpu_isa_gmem2_m_axi_CONSERVATIVE1_NUM_READ_OUTSTANDING16_NUM_WRITE_OUTSTANDING16_MAX_READ_BURST_LENGTH16_MAX_WRITE_BURST_LENGTH16_C_M_AXI_ID_WIDTH1_C_M_AXI_ADDR_WIDTH64_C_M_AXI_DATA_WIDTH32_C_M_AXI_AWUSER_WIDTH1_C_M_AXI_ARUSER_WIDTH1_C_M_AXI_WUSER_WIDTH1_C_M_AXI_RUSER_WIDTH1_C_M_AXI_BUSER_WIDTH1_C_USER_VALUE0_C_PROT_VALUE0_C_CACHE_VALUE3_USER_DW32_USER_AW64_USER_MAXREQS7_USER_RFIFONUM_WIDTH9_298
gmem2_m_axi_U/clk_gate_load_unit_buff_rdata_genblk1_U_fifo_mem_mem_reg_25_       3.9900     0.0      0.0000      3.9900 0.0000 SNPS_CLOCK_GATE_HIGH_tinytpu_isa_gmem2_m_axi_CONSERVATIVE1_NUM_READ_OUTSTANDING16_NUM_WRITE_OUTSTANDING16_MAX_READ_BURST_LENGTH16_MAX_WRITE_BURST_LENGTH16_C_M_AXI_ID_WIDTH1_C_M_AXI_ADDR_WIDTH64_C_M_AXI_DATA_WIDTH32_C_M_AXI_AWUSER_WIDTH1_C_M_AXI_ARUSER_WIDTH1_C_M_AXI_WUSER_WIDTH1_C_M_AXI_RUSER_WIDTH1_C_M_AXI_BUSER_WIDTH1_C_USER_VALUE0_C_PROT_VALUE0_C_CACHE_VALUE3_USER_DW32_USER_AW64_USER_MAXREQS7_USER_RFIFONUM_WIDTH9_69
gmem2_m_axi_U/clk_gate_load_unit_buff_rdata_genblk1_U_fifo_mem_mem_reg_26_       3.9900     0.0      0.0000      3.9900 0.0000 SNPS_CLOCK_GATE_HIGH_tinytpu_isa_gmem2_m_axi_CONSERVATIVE1_NUM_READ_OUTSTANDING16_NUM_WRITE_OUTSTANDING16_MAX_READ_BURST_LENGTH16_MAX_WRITE_BURST_LENGTH16_C_M_AXI_ID_WIDTH1_C_M_AXI_ADDR_WIDTH64_C_M_AXI_DATA_WIDTH32_C_M_AXI_AWUSER_WIDTH1_C_M_AXI_ARUSER_WIDTH1_C_M_AXI_WUSER_WIDTH1_C_M_AXI_RUSER_WIDTH1_C_M_AXI_BUSER_WIDTH1_C_USER_VALUE0_C_PROT_VALUE0_C_CACHE_VALUE3_USER_DW32_USER_AW64_USER_MAXREQS7_USER_RFIFONUM_WIDTH9_70
gmem2_m_axi_U/clk_gate_load_unit_buff_rdata_genblk1_U_fifo_mem_mem_reg_27_       3.9900     0.0      0.0000      3.9900 0.0000 SNPS_CLOCK_GATE_HIGH_tinytpu_isa_gmem2_m_axi_CONSERVATIVE1_NUM_READ_OUTSTANDING16_NUM_WRITE_OUTSTANDING16_MAX_READ_BURST_LENGTH16_MAX_WRITE_BURST_LENGTH16_C_M_AXI_ID_WIDTH1_C_M_AXI_ADDR_WIDTH64_C_M_AXI_DATA_WIDTH32_C_M_AXI_AWUSER_WIDTH1_C_M_AXI_ARUSER_WIDTH1_C_M_AXI_WUSER_WIDTH1_C_M_AXI_RUSER_WIDTH1_C_M_AXI_BUSER_WIDTH1_C_USER_VALUE0_C_PROT_VALUE0_C_CACHE_VALUE3_USER_DW32_USER_AW64_USER_MAXREQS7_USER_RFIFONUM_WIDTH9_71
gmem2_m_axi_U/clk_gate_load_unit_buff_rdata_genblk1_U_fifo_mem_mem_reg_28_       3.9900     0.0      0.0000      3.9900 0.0000 SNPS_CLOCK_GATE_HIGH_tinytpu_isa_gmem2_m_axi_CONSERVATIVE1_NUM_READ_OUTSTANDING16_NUM_WRITE_OUTSTANDING16_MAX_READ_BURST_LENGTH16_MAX_WRITE_BURST_LENGTH16_C_M_AXI_ID_WIDTH1_C_M_AXI_ADDR_WIDTH64_C_M_AXI_DATA_WIDTH32_C_M_AXI_AWUSER_WIDTH1_C_M_AXI_ARUSER_WIDTH1_C_M_AXI_WUSER_WIDTH1_C_M_AXI_RUSER_WIDTH1_C_M_AXI_BUSER_WIDTH1_C_USER_VALUE0_C_PROT_VALUE0_C_CACHE_VALUE3_USER_DW32_USER_AW64_USER_MAXREQS7_USER_RFIFONUM_WIDTH9_72
gmem2_m_axi_U/clk_gate_load_unit_buff_rdata_genblk1_U_fifo_mem_mem_reg_29_       3.9900     0.0      0.0000      3.9900 0.0000 SNPS_CLOCK_GATE_HIGH_tinytpu_isa_gmem2_m_axi_CONSERVATIVE1_NUM_READ_OUTSTANDING16_NUM_WRITE_OUTSTANDING16_MAX_READ_BURST_LENGTH16_MAX_WRITE_BURST_LENGTH16_C_M_AXI_ID_WIDTH1_C_M_AXI_ADDR_WIDTH64_C_M_AXI_DATA_WIDTH32_C_M_AXI_AWUSER_WIDTH1_C_M_AXI_ARUSER_WIDTH1_C_M_AXI_WUSER_WIDTH1_C_M_AXI_RUSER_WIDTH1_C_M_AXI_BUSER_WIDTH1_C_USER_VALUE0_C_PROT_VALUE0_C_CACHE_VALUE3_USER_DW32_USER_AW64_USER_MAXREQS7_USER_RFIFONUM_WIDTH9_73
gmem2_m_axi_U/clk_gate_load_unit_buff_rdata_genblk1_U_fifo_mem_mem_reg_2_       3.9900     0.0      0.0000      3.9900 0.0000 SNPS_CLOCK_GATE_HIGH_tinytpu_isa_gmem2_m_axi_CONSERVATIVE1_NUM_READ_OUTSTANDING16_NUM_WRITE_OUTSTANDING16_MAX_READ_BURST_LENGTH16_MAX_WRITE_BURST_LENGTH16_C_M_AXI_ID_WIDTH1_C_M_AXI_ADDR_WIDTH64_C_M_AXI_DATA_WIDTH32_C_M_AXI_AWUSER_WIDTH1_C_M_AXI_ARUSER_WIDTH1_C_M_AXI_WUSER_WIDTH1_C_M_AXI_RUSER_WIDTH1_C_M_AXI_BUSER_WIDTH1_C_USER_VALUE0_C_PROT_VALUE0_C_CACHE_VALUE3_USER_DW32_USER_AW64_USER_MAXREQS7_USER_RFIFONUM_WIDTH9_46
gmem2_m_axi_U/clk_gate_load_unit_buff_rdata_genblk1_U_fifo_mem_mem_reg_30_       3.9900     0.0      0.0000      3.9900 0.0000 SNPS_CLOCK_GATE_HIGH_tinytpu_isa_gmem2_m_axi_CONSERVATIVE1_NUM_READ_OUTSTANDING16_NUM_WRITE_OUTSTANDING16_MAX_READ_BURST_LENGTH16_MAX_WRITE_BURST_LENGTH16_C_M_AXI_ID_WIDTH1_C_M_AXI_ADDR_WIDTH64_C_M_AXI_DATA_WIDTH32_C_M_AXI_AWUSER_WIDTH1_C_M_AXI_ARUSER_WIDTH1_C_M_AXI_WUSER_WIDTH1_C_M_AXI_RUSER_WIDTH1_C_M_AXI_BUSER_WIDTH1_C_USER_VALUE0_C_PROT_VALUE0_C_CACHE_VALUE3_USER_DW32_USER_AW64_USER_MAXREQS7_USER_RFIFONUM_WIDTH9_74
gmem2_m_axi_U/clk_gate_load_unit_buff_rdata_genblk1_U_fifo_mem_mem_reg_31_       3.9900     0.0      0.0000      3.9900 0.0000 SNPS_CLOCK_GATE_HIGH_tinytpu_isa_gmem2_m_axi_CONSERVATIVE1_NUM_READ_OUTSTANDING16_NUM_WRITE_OUTSTANDING16_MAX_READ_BURST_LENGTH16_MAX_WRITE_BURST_LENGTH16_C_M_AXI_ID_WIDTH1_C_M_AXI_ADDR_WIDTH64_C_M_AXI_DATA_WIDTH32_C_M_AXI_AWUSER_WIDTH1_C_M_AXI_ARUSER_WIDTH1_C_M_AXI_WUSER_WIDTH1_C_M_AXI_RUSER_WIDTH1_C_M_AXI_BUSER_WIDTH1_C_USER_VALUE0_C_PROT_VALUE0_C_CACHE_VALUE3_USER_DW32_USER_AW64_USER_MAXREQS7_USER_RFIFONUM_WIDTH9_75
gmem2_m_axi_U/clk_gate_load_unit_buff_rdata_genblk1_U_fifo_mem_mem_reg_32_       3.9900     0.0      0.0000      3.9900 0.0000 SNPS_CLOCK_GATE_HIGH_tinytpu_isa_gmem2_m_axi_CONSERVATIVE1_NUM_READ_OUTSTANDING16_NUM_WRITE_OUTSTANDING16_MAX_READ_BURST_LENGTH16_MAX_WRITE_BURST_LENGTH16_C_M_AXI_ID_WIDTH1_C_M_AXI_ADDR_WIDTH64_C_M_AXI_DATA_WIDTH32_C_M_AXI_AWUSER_WIDTH1_C_M_AXI_ARUSER_WIDTH1_C_M_AXI_WUSER_WIDTH1_C_M_AXI_RUSER_WIDTH1_C_M_AXI_BUSER_WIDTH1_C_USER_VALUE0_C_PROT_VALUE0_C_CACHE_VALUE3_USER_DW32_USER_AW64_USER_MAXREQS7_USER_RFIFONUM_WIDTH9_76
gmem2_m_axi_U/clk_gate_load_unit_buff_rdata_genblk1_U_fifo_mem_mem_reg_33_       3.9900     0.0      0.0000      3.9900 0.0000 SNPS_CLOCK_GATE_HIGH_tinytpu_isa_gmem2_m_axi_CONSERVATIVE1_NUM_READ_OUTSTANDING16_NUM_WRITE_OUTSTANDING16_MAX_READ_BURST_LENGTH16_MAX_WRITE_BURST_LENGTH16_C_M_AXI_ID_WIDTH1_C_M_AXI_ADDR_WIDTH64_C_M_AXI_DATA_WIDTH32_C_M_AXI_AWUSER_WIDTH1_C_M_AXI_ARUSER_WIDTH1_C_M_AXI_WUSER_WIDTH1_C_M_AXI_RUSER_WIDTH1_C_M_AXI_BUSER_WIDTH1_C_USER_VALUE0_C_PROT_VALUE0_C_CACHE_VALUE3_USER_DW32_USER_AW64_USER_MAXREQS7_USER_RFIFONUM_WIDTH9_77
gmem2_m_axi_U/clk_gate_load_unit_buff_rdata_genblk1_U_fifo_mem_mem_reg_34_       3.9900     0.0      0.0000      3.9900 0.0000 SNPS_CLOCK_GATE_HIGH_tinytpu_isa_gmem2_m_axi_CONSERVATIVE1_NUM_READ_OUTSTANDING16_NUM_WRITE_OUTSTANDING16_MAX_READ_BURST_LENGTH16_MAX_WRITE_BURST_LENGTH16_C_M_AXI_ID_WIDTH1_C_M_AXI_ADDR_WIDTH64_C_M_AXI_DATA_WIDTH32_C_M_AXI_AWUSER_WIDTH1_C_M_AXI_ARUSER_WIDTH1_C_M_AXI_WUSER_WIDTH1_C_M_AXI_RUSER_WIDTH1_C_M_AXI_BUSER_WIDTH1_C_USER_VALUE0_C_PROT_VALUE0_C_CACHE_VALUE3_USER_DW32_USER_AW64_USER_MAXREQS7_USER_RFIFONUM_WIDTH9_78
gmem2_m_axi_U/clk_gate_load_unit_buff_rdata_genblk1_U_fifo_mem_mem_reg_35_       3.9900     0.0      0.0000      3.9900 0.0000 SNPS_CLOCK_GATE_HIGH_tinytpu_isa_gmem2_m_axi_CONSERVATIVE1_NUM_READ_OUTSTANDING16_NUM_WRITE_OUTSTANDING16_MAX_READ_BURST_LENGTH16_MAX_WRITE_BURST_LENGTH16_C_M_AXI_ID_WIDTH1_C_M_AXI_ADDR_WIDTH64_C_M_AXI_DATA_WIDTH32_C_M_AXI_AWUSER_WIDTH1_C_M_AXI_ARUSER_WIDTH1_C_M_AXI_WUSER_WIDTH1_C_M_AXI_RUSER_WIDTH1_C_M_AXI_BUSER_WIDTH1_C_USER_VALUE0_C_PROT_VALUE0_C_CACHE_VALUE3_USER_DW32_USER_AW64_USER_MAXREQS7_USER_RFIFONUM_WIDTH9_79
gmem2_m_axi_U/clk_gate_load_unit_buff_rdata_genblk1_U_fifo_mem_mem_reg_36_       3.9900     0.0      0.0000      3.9900 0.0000 SNPS_CLOCK_GATE_HIGH_tinytpu_isa_gmem2_m_axi_CONSERVATIVE1_NUM_READ_OUTSTANDING16_NUM_WRITE_OUTSTANDING16_MAX_READ_BURST_LENGTH16_MAX_WRITE_BURST_LENGTH16_C_M_AXI_ID_WIDTH1_C_M_AXI_ADDR_WIDTH64_C_M_AXI_DATA_WIDTH32_C_M_AXI_AWUSER_WIDTH1_C_M_AXI_ARUSER_WIDTH1_C_M_AXI_WUSER_WIDTH1_C_M_AXI_RUSER_WIDTH1_C_M_AXI_BUSER_WIDTH1_C_USER_VALUE0_C_PROT_VALUE0_C_CACHE_VALUE3_USER_DW32_USER_AW64_USER_MAXREQS7_USER_RFIFONUM_WIDTH9_80
gmem2_m_axi_U/clk_gate_load_unit_buff_rdata_genblk1_U_fifo_mem_mem_reg_37_       3.9900     0.0      0.0000      3.9900 0.0000 SNPS_CLOCK_GATE_HIGH_tinytpu_isa_gmem2_m_axi_CONSERVATIVE1_NUM_READ_OUTSTANDING16_NUM_WRITE_OUTSTANDING16_MAX_READ_BURST_LENGTH16_MAX_WRITE_BURST_LENGTH16_C_M_AXI_ID_WIDTH1_C_M_AXI_ADDR_WIDTH64_C_M_AXI_DATA_WIDTH32_C_M_AXI_AWUSER_WIDTH1_C_M_AXI_ARUSER_WIDTH1_C_M_AXI_WUSER_WIDTH1_C_M_AXI_RUSER_WIDTH1_C_M_AXI_BUSER_WIDTH1_C_USER_VALUE0_C_PROT_VALUE0_C_CACHE_VALUE3_USER_DW32_USER_AW64_USER_MAXREQS7_USER_RFIFONUM_WIDTH9_81
gmem2_m_axi_U/clk_gate_load_unit_buff_rdata_genblk1_U_fifo_mem_mem_reg_38_       3.9900     0.0      0.0000      3.9900 0.0000 SNPS_CLOCK_GATE_HIGH_tinytpu_isa_gmem2_m_axi_CONSERVATIVE1_NUM_READ_OUTSTANDING16_NUM_WRITE_OUTSTANDING16_MAX_READ_BURST_LENGTH16_MAX_WRITE_BURST_LENGTH16_C_M_AXI_ID_WIDTH1_C_M_AXI_ADDR_WIDTH64_C_M_AXI_DATA_WIDTH32_C_M_AXI_AWUSER_WIDTH1_C_M_AXI_ARUSER_WIDTH1_C_M_AXI_WUSER_WIDTH1_C_M_AXI_RUSER_WIDTH1_C_M_AXI_BUSER_WIDTH1_C_USER_VALUE0_C_PROT_VALUE0_C_CACHE_VALUE3_USER_DW32_USER_AW64_USER_MAXREQS7_USER_RFIFONUM_WIDTH9_82
gmem2_m_axi_U/clk_gate_load_unit_buff_rdata_genblk1_U_fifo_mem_mem_reg_39_       3.9900     0.0      0.0000      3.9900 0.0000 SNPS_CLOCK_GATE_HIGH_tinytpu_isa_gmem2_m_axi_CONSERVATIVE1_NUM_READ_OUTSTANDING16_NUM_WRITE_OUTSTANDING16_MAX_READ_BURST_LENGTH16_MAX_WRITE_BURST_LENGTH16_C_M_AXI_ID_WIDTH1_C_M_AXI_ADDR_WIDTH64_C_M_AXI_DATA_WIDTH32_C_M_AXI_AWUSER_WIDTH1_C_M_AXI_ARUSER_WIDTH1_C_M_AXI_WUSER_WIDTH1_C_M_AXI_RUSER_WIDTH1_C_M_AXI_BUSER_WIDTH1_C_USER_VALUE0_C_PROT_VALUE0_C_CACHE_VALUE3_USER_DW32_USER_AW64_USER_MAXREQS7_USER_RFIFONUM_WIDTH9_83
gmem2_m_axi_U/clk_gate_load_unit_buff_rdata_genblk1_U_fifo_mem_mem_reg_3_       3.9900     0.0      0.0000      3.9900 0.0000 SNPS_CLOCK_GATE_HIGH_tinytpu_isa_gmem2_m_axi_CONSERVATIVE1_NUM_READ_OUTSTANDING16_NUM_WRITE_OUTSTANDING16_MAX_READ_BURST_LENGTH16_MAX_WRITE_BURST_LENGTH16_C_M_AXI_ID_WIDTH1_C_M_AXI_ADDR_WIDTH64_C_M_AXI_DATA_WIDTH32_C_M_AXI_AWUSER_WIDTH1_C_M_AXI_ARUSER_WIDTH1_C_M_AXI_WUSER_WIDTH1_C_M_AXI_RUSER_WIDTH1_C_M_AXI_BUSER_WIDTH1_C_USER_VALUE0_C_PROT_VALUE0_C_CACHE_VALUE3_USER_DW32_USER_AW64_USER_MAXREQS7_USER_RFIFONUM_WIDTH9_47
gmem2_m_axi_U/clk_gate_load_unit_buff_rdata_genblk1_U_fifo_mem_mem_reg_40_       3.9900     0.0      0.0000      3.9900 0.0000 SNPS_CLOCK_GATE_HIGH_tinytpu_isa_gmem2_m_axi_CONSERVATIVE1_NUM_READ_OUTSTANDING16_NUM_WRITE_OUTSTANDING16_MAX_READ_BURST_LENGTH16_MAX_WRITE_BURST_LENGTH16_C_M_AXI_ID_WIDTH1_C_M_AXI_ADDR_WIDTH64_C_M_AXI_DATA_WIDTH32_C_M_AXI_AWUSER_WIDTH1_C_M_AXI_ARUSER_WIDTH1_C_M_AXI_WUSER_WIDTH1_C_M_AXI_RUSER_WIDTH1_C_M_AXI_BUSER_WIDTH1_C_USER_VALUE0_C_PROT_VALUE0_C_CACHE_VALUE3_USER_DW32_USER_AW64_USER_MAXREQS7_USER_RFIFONUM_WIDTH9_84
gmem2_m_axi_U/clk_gate_load_unit_buff_rdata_genblk1_U_fifo_mem_mem_reg_41_       3.9900     0.0      0.0000      3.9900 0.0000 SNPS_CLOCK_GATE_HIGH_tinytpu_isa_gmem2_m_axi_CONSERVATIVE1_NUM_READ_OUTSTANDING16_NUM_WRITE_OUTSTANDING16_MAX_READ_BURST_LENGTH16_MAX_WRITE_BURST_LENGTH16_C_M_AXI_ID_WIDTH1_C_M_AXI_ADDR_WIDTH64_C_M_AXI_DATA_WIDTH32_C_M_AXI_AWUSER_WIDTH1_C_M_AXI_ARUSER_WIDTH1_C_M_AXI_WUSER_WIDTH1_C_M_AXI_RUSER_WIDTH1_C_M_AXI_BUSER_WIDTH1_C_USER_VALUE0_C_PROT_VALUE0_C_CACHE_VALUE3_USER_DW32_USER_AW64_USER_MAXREQS7_USER_RFIFONUM_WIDTH9_85
gmem2_m_axi_U/clk_gate_load_unit_buff_rdata_genblk1_U_fifo_mem_mem_reg_42_       3.9900     0.0      0.0000      3.9900 0.0000 SNPS_CLOCK_GATE_HIGH_tinytpu_isa_gmem2_m_axi_CONSERVATIVE1_NUM_READ_OUTSTANDING16_NUM_WRITE_OUTSTANDING16_MAX_READ_BURST_LENGTH16_MAX_WRITE_BURST_LENGTH16_C_M_AXI_ID_WIDTH1_C_M_AXI_ADDR_WIDTH64_C_M_AXI_DATA_WIDTH32_C_M_AXI_AWUSER_WIDTH1_C_M_AXI_ARUSER_WIDTH1_C_M_AXI_WUSER_WIDTH1_C_M_AXI_RUSER_WIDTH1_C_M_AXI_BUSER_WIDTH1_C_USER_VALUE0_C_PROT_VALUE0_C_CACHE_VALUE3_USER_DW32_USER_AW64_USER_MAXREQS7_USER_RFIFONUM_WIDTH9_86
gmem2_m_axi_U/clk_gate_load_unit_buff_rdata_genblk1_U_fifo_mem_mem_reg_43_       3.9900     0.0      0.0000      3.9900 0.0000 SNPS_CLOCK_GATE_HIGH_tinytpu_isa_gmem2_m_axi_CONSERVATIVE1_NUM_READ_OUTSTANDING16_NUM_WRITE_OUTSTANDING16_MAX_READ_BURST_LENGTH16_MAX_WRITE_BURST_LENGTH16_C_M_AXI_ID_WIDTH1_C_M_AXI_ADDR_WIDTH64_C_M_AXI_DATA_WIDTH32_C_M_AXI_AWUSER_WIDTH1_C_M_AXI_ARUSER_WIDTH1_C_M_AXI_WUSER_WIDTH1_C_M_AXI_RUSER_WIDTH1_C_M_AXI_BUSER_WIDTH1_C_USER_VALUE0_C_PROT_VALUE0_C_CACHE_VALUE3_USER_DW32_USER_AW64_USER_MAXREQS7_USER_RFIFONUM_WIDTH9_87
gmem2_m_axi_U/clk_gate_load_unit_buff_rdata_genblk1_U_fifo_mem_mem_reg_44_       3.9900     0.0      0.0000      3.9900 0.0000 SNPS_CLOCK_GATE_HIGH_tinytpu_isa_gmem2_m_axi_CONSERVATIVE1_NUM_READ_OUTSTANDING16_NUM_WRITE_OUTSTANDING16_MAX_READ_BURST_LENGTH16_MAX_WRITE_BURST_LENGTH16_C_M_AXI_ID_WIDTH1_C_M_AXI_ADDR_WIDTH64_C_M_AXI_DATA_WIDTH32_C_M_AXI_AWUSER_WIDTH1_C_M_AXI_ARUSER_WIDTH1_C_M_AXI_WUSER_WIDTH1_C_M_AXI_RUSER_WIDTH1_C_M_AXI_BUSER_WIDTH1_C_USER_VALUE0_C_PROT_VALUE0_C_CACHE_VALUE3_USER_DW32_USER_AW64_USER_MAXREQS7_USER_RFIFONUM_WIDTH9_88
gmem2_m_axi_U/clk_gate_load_unit_buff_rdata_genblk1_U_fifo_mem_mem_reg_45_       3.9900     0.0      0.0000      3.9900 0.0000 SNPS_CLOCK_GATE_HIGH_tinytpu_isa_gmem2_m_axi_CONSERVATIVE1_NUM_READ_OUTSTANDING16_NUM_WRITE_OUTSTANDING16_MAX_READ_BURST_LENGTH16_MAX_WRITE_BURST_LENGTH16_C_M_AXI_ID_WIDTH1_C_M_AXI_ADDR_WIDTH64_C_M_AXI_DATA_WIDTH32_C_M_AXI_AWUSER_WIDTH1_C_M_AXI_ARUSER_WIDTH1_C_M_AXI_WUSER_WIDTH1_C_M_AXI_RUSER_WIDTH1_C_M_AXI_BUSER_WIDTH1_C_USER_VALUE0_C_PROT_VALUE0_C_CACHE_VALUE3_USER_DW32_USER_AW64_USER_MAXREQS7_USER_RFIFONUM_WIDTH9_89
gmem2_m_axi_U/clk_gate_load_unit_buff_rdata_genblk1_U_fifo_mem_mem_reg_46_       3.9900     0.0      0.0000      3.9900 0.0000 SNPS_CLOCK_GATE_HIGH_tinytpu_isa_gmem2_m_axi_CONSERVATIVE1_NUM_READ_OUTSTANDING16_NUM_WRITE_OUTSTANDING16_MAX_READ_BURST_LENGTH16_MAX_WRITE_BURST_LENGTH16_C_M_AXI_ID_WIDTH1_C_M_AXI_ADDR_WIDTH64_C_M_AXI_DATA_WIDTH32_C_M_AXI_AWUSER_WIDTH1_C_M_AXI_ARUSER_WIDTH1_C_M_AXI_WUSER_WIDTH1_C_M_AXI_RUSER_WIDTH1_C_M_AXI_BUSER_WIDTH1_C_USER_VALUE0_C_PROT_VALUE0_C_CACHE_VALUE3_USER_DW32_USER_AW64_USER_MAXREQS7_USER_RFIFONUM_WIDTH9_90
gmem2_m_axi_U/clk_gate_load_unit_buff_rdata_genblk1_U_fifo_mem_mem_reg_47_       3.9900     0.0      0.0000      3.9900 0.0000 SNPS_CLOCK_GATE_HIGH_tinytpu_isa_gmem2_m_axi_CONSERVATIVE1_NUM_READ_OUTSTANDING16_NUM_WRITE_OUTSTANDING16_MAX_READ_BURST_LENGTH16_MAX_WRITE_BURST_LENGTH16_C_M_AXI_ID_WIDTH1_C_M_AXI_ADDR_WIDTH64_C_M_AXI_DATA_WIDTH32_C_M_AXI_AWUSER_WIDTH1_C_M_AXI_ARUSER_WIDTH1_C_M_AXI_WUSER_WIDTH1_C_M_AXI_RUSER_WIDTH1_C_M_AXI_BUSER_WIDTH1_C_USER_VALUE0_C_PROT_VALUE0_C_CACHE_VALUE3_USER_DW32_USER_AW64_USER_MAXREQS7_USER_RFIFONUM_WIDTH9_91
gmem2_m_axi_U/clk_gate_load_unit_buff_rdata_genblk1_U_fifo_mem_mem_reg_48_       3.9900     0.0      0.0000      3.9900 0.0000 SNPS_CLOCK_GATE_HIGH_tinytpu_isa_gmem2_m_axi_CONSERVATIVE1_NUM_READ_OUTSTANDING16_NUM_WRITE_OUTSTANDING16_MAX_READ_BURST_LENGTH16_MAX_WRITE_BURST_LENGTH16_C_M_AXI_ID_WIDTH1_C_M_AXI_ADDR_WIDTH64_C_M_AXI_DATA_WIDTH32_C_M_AXI_AWUSER_WIDTH1_C_M_AXI_ARUSER_WIDTH1_C_M_AXI_WUSER_WIDTH1_C_M_AXI_RUSER_WIDTH1_C_M_AXI_BUSER_WIDTH1_C_USER_VALUE0_C_PROT_VALUE0_C_CACHE_VALUE3_USER_DW32_USER_AW64_USER_MAXREQS7_USER_RFIFONUM_WIDTH9_92
gmem2_m_axi_U/clk_gate_load_unit_buff_rdata_genblk1_U_fifo_mem_mem_reg_49_       3.9900     0.0      0.0000      3.9900 0.0000 SNPS_CLOCK_GATE_HIGH_tinytpu_isa_gmem2_m_axi_CONSERVATIVE1_NUM_READ_OUTSTANDING16_NUM_WRITE_OUTSTANDING16_MAX_READ_BURST_LENGTH16_MAX_WRITE_BURST_LENGTH16_C_M_AXI_ID_WIDTH1_C_M_AXI_ADDR_WIDTH64_C_M_AXI_DATA_WIDTH32_C_M_AXI_AWUSER_WIDTH1_C_M_AXI_ARUSER_WIDTH1_C_M_AXI_WUSER_WIDTH1_C_M_AXI_RUSER_WIDTH1_C_M_AXI_BUSER_WIDTH1_C_USER_VALUE0_C_PROT_VALUE0_C_CACHE_VALUE3_USER_DW32_USER_AW64_USER_MAXREQS7_USER_RFIFONUM_WIDTH9_93
gmem2_m_axi_U/clk_gate_load_unit_buff_rdata_genblk1_U_fifo_mem_mem_reg_4_       3.9900     0.0      0.0000      3.9900 0.0000 SNPS_CLOCK_GATE_HIGH_tinytpu_isa_gmem2_m_axi_CONSERVATIVE1_NUM_READ_OUTSTANDING16_NUM_WRITE_OUTSTANDING16_MAX_READ_BURST_LENGTH16_MAX_WRITE_BURST_LENGTH16_C_M_AXI_ID_WIDTH1_C_M_AXI_ADDR_WIDTH64_C_M_AXI_DATA_WIDTH32_C_M_AXI_AWUSER_WIDTH1_C_M_AXI_ARUSER_WIDTH1_C_M_AXI_WUSER_WIDTH1_C_M_AXI_RUSER_WIDTH1_C_M_AXI_BUSER_WIDTH1_C_USER_VALUE0_C_PROT_VALUE0_C_CACHE_VALUE3_USER_DW32_USER_AW64_USER_MAXREQS7_USER_RFIFONUM_WIDTH9_48
gmem2_m_axi_U/clk_gate_load_unit_buff_rdata_genblk1_U_fifo_mem_mem_reg_50_       3.9900     0.0      0.0000      3.9900 0.0000 SNPS_CLOCK_GATE_HIGH_tinytpu_isa_gmem2_m_axi_CONSERVATIVE1_NUM_READ_OUTSTANDING16_NUM_WRITE_OUTSTANDING16_MAX_READ_BURST_LENGTH16_MAX_WRITE_BURST_LENGTH16_C_M_AXI_ID_WIDTH1_C_M_AXI_ADDR_WIDTH64_C_M_AXI_DATA_WIDTH32_C_M_AXI_AWUSER_WIDTH1_C_M_AXI_ARUSER_WIDTH1_C_M_AXI_WUSER_WIDTH1_C_M_AXI_RUSER_WIDTH1_C_M_AXI_BUSER_WIDTH1_C_USER_VALUE0_C_PROT_VALUE0_C_CACHE_VALUE3_USER_DW32_USER_AW64_USER_MAXREQS7_USER_RFIFONUM_WIDTH9_94
gmem2_m_axi_U/clk_gate_load_unit_buff_rdata_genblk1_U_fifo_mem_mem_reg_51_       3.9900     0.0      0.0000      3.9900 0.0000 SNPS_CLOCK_GATE_HIGH_tinytpu_isa_gmem2_m_axi_CONSERVATIVE1_NUM_READ_OUTSTANDING16_NUM_WRITE_OUTSTANDING16_MAX_READ_BURST_LENGTH16_MAX_WRITE_BURST_LENGTH16_C_M_AXI_ID_WIDTH1_C_M_AXI_ADDR_WIDTH64_C_M_AXI_DATA_WIDTH32_C_M_AXI_AWUSER_WIDTH1_C_M_AXI_ARUSER_WIDTH1_C_M_AXI_WUSER_WIDTH1_C_M_AXI_RUSER_WIDTH1_C_M_AXI_BUSER_WIDTH1_C_USER_VALUE0_C_PROT_VALUE0_C_CACHE_VALUE3_USER_DW32_USER_AW64_USER_MAXREQS7_USER_RFIFONUM_WIDTH9_95
gmem2_m_axi_U/clk_gate_load_unit_buff_rdata_genblk1_U_fifo_mem_mem_reg_52_       3.9900     0.0      0.0000      3.9900 0.0000 SNPS_CLOCK_GATE_HIGH_tinytpu_isa_gmem2_m_axi_CONSERVATIVE1_NUM_READ_OUTSTANDING16_NUM_WRITE_OUTSTANDING16_MAX_READ_BURST_LENGTH16_MAX_WRITE_BURST_LENGTH16_C_M_AXI_ID_WIDTH1_C_M_AXI_ADDR_WIDTH64_C_M_AXI_DATA_WIDTH32_C_M_AXI_AWUSER_WIDTH1_C_M_AXI_ARUSER_WIDTH1_C_M_AXI_WUSER_WIDTH1_C_M_AXI_RUSER_WIDTH1_C_M_AXI_BUSER_WIDTH1_C_USER_VALUE0_C_PROT_VALUE0_C_CACHE_VALUE3_USER_DW32_USER_AW64_USER_MAXREQS7_USER_RFIFONUM_WIDTH9_96
gmem2_m_axi_U/clk_gate_load_unit_buff_rdata_genblk1_U_fifo_mem_mem_reg_53_       3.9900     0.0      0.0000      3.9900 0.0000 SNPS_CLOCK_GATE_HIGH_tinytpu_isa_gmem2_m_axi_CONSERVATIVE1_NUM_READ_OUTSTANDING16_NUM_WRITE_OUTSTANDING16_MAX_READ_BURST_LENGTH16_MAX_WRITE_BURST_LENGTH16_C_M_AXI_ID_WIDTH1_C_M_AXI_ADDR_WIDTH64_C_M_AXI_DATA_WIDTH32_C_M_AXI_AWUSER_WIDTH1_C_M_AXI_ARUSER_WIDTH1_C_M_AXI_WUSER_WIDTH1_C_M_AXI_RUSER_WIDTH1_C_M_AXI_BUSER_WIDTH1_C_USER_VALUE0_C_PROT_VALUE0_C_CACHE_VALUE3_USER_DW32_USER_AW64_USER_MAXREQS7_USER_RFIFONUM_WIDTH9_97
gmem2_m_axi_U/clk_gate_load_unit_buff_rdata_genblk1_U_fifo_mem_mem_reg_54_       3.9900     0.0      0.0000      3.9900 0.0000 SNPS_CLOCK_GATE_HIGH_tinytpu_isa_gmem2_m_axi_CONSERVATIVE1_NUM_READ_OUTSTANDING16_NUM_WRITE_OUTSTANDING16_MAX_READ_BURST_LENGTH16_MAX_WRITE_BURST_LENGTH16_C_M_AXI_ID_WIDTH1_C_M_AXI_ADDR_WIDTH64_C_M_AXI_DATA_WIDTH32_C_M_AXI_AWUSER_WIDTH1_C_M_AXI_ARUSER_WIDTH1_C_M_AXI_WUSER_WIDTH1_C_M_AXI_RUSER_WIDTH1_C_M_AXI_BUSER_WIDTH1_C_USER_VALUE0_C_PROT_VALUE0_C_CACHE_VALUE3_USER_DW32_USER_AW64_USER_MAXREQS7_USER_RFIFONUM_WIDTH9_98
gmem2_m_axi_U/clk_gate_load_unit_buff_rdata_genblk1_U_fifo_mem_mem_reg_55_       3.9900     0.0      0.0000      3.9900 0.0000 SNPS_CLOCK_GATE_HIGH_tinytpu_isa_gmem2_m_axi_CONSERVATIVE1_NUM_READ_OUTSTANDING16_NUM_WRITE_OUTSTANDING16_MAX_READ_BURST_LENGTH16_MAX_WRITE_BURST_LENGTH16_C_M_AXI_ID_WIDTH1_C_M_AXI_ADDR_WIDTH64_C_M_AXI_DATA_WIDTH32_C_M_AXI_AWUSER_WIDTH1_C_M_AXI_ARUSER_WIDTH1_C_M_AXI_WUSER_WIDTH1_C_M_AXI_RUSER_WIDTH1_C_M_AXI_BUSER_WIDTH1_C_USER_VALUE0_C_PROT_VALUE0_C_CACHE_VALUE3_USER_DW32_USER_AW64_USER_MAXREQS7_USER_RFIFONUM_WIDTH9_99
gmem2_m_axi_U/clk_gate_load_unit_buff_rdata_genblk1_U_fifo_mem_mem_reg_56_       3.9900     0.0      0.0000      3.9900 0.0000 SNPS_CLOCK_GATE_HIGH_tinytpu_isa_gmem2_m_axi_CONSERVATIVE1_NUM_READ_OUTSTANDING16_NUM_WRITE_OUTSTANDING16_MAX_READ_BURST_LENGTH16_MAX_WRITE_BURST_LENGTH16_C_M_AXI_ID_WIDTH1_C_M_AXI_ADDR_WIDTH64_C_M_AXI_DATA_WIDTH32_C_M_AXI_AWUSER_WIDTH1_C_M_AXI_ARUSER_WIDTH1_C_M_AXI_WUSER_WIDTH1_C_M_AXI_RUSER_WIDTH1_C_M_AXI_BUSER_WIDTH1_C_USER_VALUE0_C_PROT_VALUE0_C_CACHE_VALUE3_USER_DW32_USER_AW64_USER_MAXREQS7_USER_RFIFONUM_WIDTH9_100
gmem2_m_axi_U/clk_gate_load_unit_buff_rdata_genblk1_U_fifo_mem_mem_reg_57_       3.9900     0.0      0.0000      3.9900 0.0000 SNPS_CLOCK_GATE_HIGH_tinytpu_isa_gmem2_m_axi_CONSERVATIVE1_NUM_READ_OUTSTANDING16_NUM_WRITE_OUTSTANDING16_MAX_READ_BURST_LENGTH16_MAX_WRITE_BURST_LENGTH16_C_M_AXI_ID_WIDTH1_C_M_AXI_ADDR_WIDTH64_C_M_AXI_DATA_WIDTH32_C_M_AXI_AWUSER_WIDTH1_C_M_AXI_ARUSER_WIDTH1_C_M_AXI_WUSER_WIDTH1_C_M_AXI_RUSER_WIDTH1_C_M_AXI_BUSER_WIDTH1_C_USER_VALUE0_C_PROT_VALUE0_C_CACHE_VALUE3_USER_DW32_USER_AW64_USER_MAXREQS7_USER_RFIFONUM_WIDTH9_101
gmem2_m_axi_U/clk_gate_load_unit_buff_rdata_genblk1_U_fifo_mem_mem_reg_58_       3.9900     0.0      0.0000      3.9900 0.0000 SNPS_CLOCK_GATE_HIGH_tinytpu_isa_gmem2_m_axi_CONSERVATIVE1_NUM_READ_OUTSTANDING16_NUM_WRITE_OUTSTANDING16_MAX_READ_BURST_LENGTH16_MAX_WRITE_BURST_LENGTH16_C_M_AXI_ID_WIDTH1_C_M_AXI_ADDR_WIDTH64_C_M_AXI_DATA_WIDTH32_C_M_AXI_AWUSER_WIDTH1_C_M_AXI_ARUSER_WIDTH1_C_M_AXI_WUSER_WIDTH1_C_M_AXI_RUSER_WIDTH1_C_M_AXI_BUSER_WIDTH1_C_USER_VALUE0_C_PROT_VALUE0_C_CACHE_VALUE3_USER_DW32_USER_AW64_USER_MAXREQS7_USER_RFIFONUM_WIDTH9_102
gmem2_m_axi_U/clk_gate_load_unit_buff_rdata_genblk1_U_fifo_mem_mem_reg_59_       3.9900     0.0      0.0000      3.9900 0.0000 SNPS_CLOCK_GATE_HIGH_tinytpu_isa_gmem2_m_axi_CONSERVATIVE1_NUM_READ_OUTSTANDING16_NUM_WRITE_OUTSTANDING16_MAX_READ_BURST_LENGTH16_MAX_WRITE_BURST_LENGTH16_C_M_AXI_ID_WIDTH1_C_M_AXI_ADDR_WIDTH64_C_M_AXI_DATA_WIDTH32_C_M_AXI_AWUSER_WIDTH1_C_M_AXI_ARUSER_WIDTH1_C_M_AXI_WUSER_WIDTH1_C_M_AXI_RUSER_WIDTH1_C_M_AXI_BUSER_WIDTH1_C_USER_VALUE0_C_PROT_VALUE0_C_CACHE_VALUE3_USER_DW32_USER_AW64_USER_MAXREQS7_USER_RFIFONUM_WIDTH9_103
gmem2_m_axi_U/clk_gate_load_unit_buff_rdata_genblk1_U_fifo_mem_mem_reg_5_       3.9900     0.0      0.0000      3.9900 0.0000 SNPS_CLOCK_GATE_HIGH_tinytpu_isa_gmem2_m_axi_CONSERVATIVE1_NUM_READ_OUTSTANDING16_NUM_WRITE_OUTSTANDING16_MAX_READ_BURST_LENGTH16_MAX_WRITE_BURST_LENGTH16_C_M_AXI_ID_WIDTH1_C_M_AXI_ADDR_WIDTH64_C_M_AXI_DATA_WIDTH32_C_M_AXI_AWUSER_WIDTH1_C_M_AXI_ARUSER_WIDTH1_C_M_AXI_WUSER_WIDTH1_C_M_AXI_RUSER_WIDTH1_C_M_AXI_BUSER_WIDTH1_C_USER_VALUE0_C_PROT_VALUE0_C_CACHE_VALUE3_USER_DW32_USER_AW64_USER_MAXREQS7_USER_RFIFONUM_WIDTH9_49
gmem2_m_axi_U/clk_gate_load_unit_buff_rdata_genblk1_U_fifo_mem_mem_reg_60_       3.9900     0.0      0.0000      3.9900 0.0000 SNPS_CLOCK_GATE_HIGH_tinytpu_isa_gmem2_m_axi_CONSERVATIVE1_NUM_READ_OUTSTANDING16_NUM_WRITE_OUTSTANDING16_MAX_READ_BURST_LENGTH16_MAX_WRITE_BURST_LENGTH16_C_M_AXI_ID_WIDTH1_C_M_AXI_ADDR_WIDTH64_C_M_AXI_DATA_WIDTH32_C_M_AXI_AWUSER_WIDTH1_C_M_AXI_ARUSER_WIDTH1_C_M_AXI_WUSER_WIDTH1_C_M_AXI_RUSER_WIDTH1_C_M_AXI_BUSER_WIDTH1_C_USER_VALUE0_C_PROT_VALUE0_C_CACHE_VALUE3_USER_DW32_USER_AW64_USER_MAXREQS7_USER_RFIFONUM_WIDTH9_104
gmem2_m_axi_U/clk_gate_load_unit_buff_rdata_genblk1_U_fifo_mem_mem_reg_61_       3.9900     0.0      0.0000      3.9900 0.0000 SNPS_CLOCK_GATE_HIGH_tinytpu_isa_gmem2_m_axi_CONSERVATIVE1_NUM_READ_OUTSTANDING16_NUM_WRITE_OUTSTANDING16_MAX_READ_BURST_LENGTH16_MAX_WRITE_BURST_LENGTH16_C_M_AXI_ID_WIDTH1_C_M_AXI_ADDR_WIDTH64_C_M_AXI_DATA_WIDTH32_C_M_AXI_AWUSER_WIDTH1_C_M_AXI_ARUSER_WIDTH1_C_M_AXI_WUSER_WIDTH1_C_M_AXI_RUSER_WIDTH1_C_M_AXI_BUSER_WIDTH1_C_USER_VALUE0_C_PROT_VALUE0_C_CACHE_VALUE3_USER_DW32_USER_AW64_USER_MAXREQS7_USER_RFIFONUM_WIDTH9_105
gmem2_m_axi_U/clk_gate_load_unit_buff_rdata_genblk1_U_fifo_mem_mem_reg_62_       3.9900     0.0      0.0000      3.9900 0.0000 SNPS_CLOCK_GATE_HIGH_tinytpu_isa_gmem2_m_axi_CONSERVATIVE1_NUM_READ_OUTSTANDING16_NUM_WRITE_OUTSTANDING16_MAX_READ_BURST_LENGTH16_MAX_WRITE_BURST_LENGTH16_C_M_AXI_ID_WIDTH1_C_M_AXI_ADDR_WIDTH64_C_M_AXI_DATA_WIDTH32_C_M_AXI_AWUSER_WIDTH1_C_M_AXI_ARUSER_WIDTH1_C_M_AXI_WUSER_WIDTH1_C_M_AXI_RUSER_WIDTH1_C_M_AXI_BUSER_WIDTH1_C_USER_VALUE0_C_PROT_VALUE0_C_CACHE_VALUE3_USER_DW32_USER_AW64_USER_MAXREQS7_USER_RFIFONUM_WIDTH9_106
gmem2_m_axi_U/clk_gate_load_unit_buff_rdata_genblk1_U_fifo_mem_mem_reg_63_       3.9900     0.0      0.0000      3.9900 0.0000 SNPS_CLOCK_GATE_HIGH_tinytpu_isa_gmem2_m_axi_CONSERVATIVE1_NUM_READ_OUTSTANDING16_NUM_WRITE_OUTSTANDING16_MAX_READ_BURST_LENGTH16_MAX_WRITE_BURST_LENGTH16_C_M_AXI_ID_WIDTH1_C_M_AXI_ADDR_WIDTH64_C_M_AXI_DATA_WIDTH32_C_M_AXI_AWUSER_WIDTH1_C_M_AXI_ARUSER_WIDTH1_C_M_AXI_WUSER_WIDTH1_C_M_AXI_RUSER_WIDTH1_C_M_AXI_BUSER_WIDTH1_C_USER_VALUE0_C_PROT_VALUE0_C_CACHE_VALUE3_USER_DW32_USER_AW64_USER_MAXREQS7_USER_RFIFONUM_WIDTH9_107
gmem2_m_axi_U/clk_gate_load_unit_buff_rdata_genblk1_U_fifo_mem_mem_reg_64_       3.9900     0.0      0.0000      3.9900 0.0000 SNPS_CLOCK_GATE_HIGH_tinytpu_isa_gmem2_m_axi_CONSERVATIVE1_NUM_READ_OUTSTANDING16_NUM_WRITE_OUTSTANDING16_MAX_READ_BURST_LENGTH16_MAX_WRITE_BURST_LENGTH16_C_M_AXI_ID_WIDTH1_C_M_AXI_ADDR_WIDTH64_C_M_AXI_DATA_WIDTH32_C_M_AXI_AWUSER_WIDTH1_C_M_AXI_ARUSER_WIDTH1_C_M_AXI_WUSER_WIDTH1_C_M_AXI_RUSER_WIDTH1_C_M_AXI_BUSER_WIDTH1_C_USER_VALUE0_C_PROT_VALUE0_C_CACHE_VALUE3_USER_DW32_USER_AW64_USER_MAXREQS7_USER_RFIFONUM_WIDTH9_108
gmem2_m_axi_U/clk_gate_load_unit_buff_rdata_genblk1_U_fifo_mem_mem_reg_65_       3.9900     0.0      0.0000      3.9900 0.0000 SNPS_CLOCK_GATE_HIGH_tinytpu_isa_gmem2_m_axi_CONSERVATIVE1_NUM_READ_OUTSTANDING16_NUM_WRITE_OUTSTANDING16_MAX_READ_BURST_LENGTH16_MAX_WRITE_BURST_LENGTH16_C_M_AXI_ID_WIDTH1_C_M_AXI_ADDR_WIDTH64_C_M_AXI_DATA_WIDTH32_C_M_AXI_AWUSER_WIDTH1_C_M_AXI_ARUSER_WIDTH1_C_M_AXI_WUSER_WIDTH1_C_M_AXI_RUSER_WIDTH1_C_M_AXI_BUSER_WIDTH1_C_USER_VALUE0_C_PROT_VALUE0_C_CACHE_VALUE3_USER_DW32_USER_AW64_USER_MAXREQS7_USER_RFIFONUM_WIDTH9_109
gmem2_m_axi_U/clk_gate_load_unit_buff_rdata_genblk1_U_fifo_mem_mem_reg_66_       3.9900     0.0      0.0000      3.9900 0.0000 SNPS_CLOCK_GATE_HIGH_tinytpu_isa_gmem2_m_axi_CONSERVATIVE1_NUM_READ_OUTSTANDING16_NUM_WRITE_OUTSTANDING16_MAX_READ_BURST_LENGTH16_MAX_WRITE_BURST_LENGTH16_C_M_AXI_ID_WIDTH1_C_M_AXI_ADDR_WIDTH64_C_M_AXI_DATA_WIDTH32_C_M_AXI_AWUSER_WIDTH1_C_M_AXI_ARUSER_WIDTH1_C_M_AXI_WUSER_WIDTH1_C_M_AXI_RUSER_WIDTH1_C_M_AXI_BUSER_WIDTH1_C_USER_VALUE0_C_PROT_VALUE0_C_CACHE_VALUE3_USER_DW32_USER_AW64_USER_MAXREQS7_USER_RFIFONUM_WIDTH9_110
gmem2_m_axi_U/clk_gate_load_unit_buff_rdata_genblk1_U_fifo_mem_mem_reg_67_       3.9900     0.0      0.0000      3.9900 0.0000 SNPS_CLOCK_GATE_HIGH_tinytpu_isa_gmem2_m_axi_CONSERVATIVE1_NUM_READ_OUTSTANDING16_NUM_WRITE_OUTSTANDING16_MAX_READ_BURST_LENGTH16_MAX_WRITE_BURST_LENGTH16_C_M_AXI_ID_WIDTH1_C_M_AXI_ADDR_WIDTH64_C_M_AXI_DATA_WIDTH32_C_M_AXI_AWUSER_WIDTH1_C_M_AXI_ARUSER_WIDTH1_C_M_AXI_WUSER_WIDTH1_C_M_AXI_RUSER_WIDTH1_C_M_AXI_BUSER_WIDTH1_C_USER_VALUE0_C_PROT_VALUE0_C_CACHE_VALUE3_USER_DW32_USER_AW64_USER_MAXREQS7_USER_RFIFONUM_WIDTH9_111
gmem2_m_axi_U/clk_gate_load_unit_buff_rdata_genblk1_U_fifo_mem_mem_reg_68_       3.9900     0.0      0.0000      3.9900 0.0000 SNPS_CLOCK_GATE_HIGH_tinytpu_isa_gmem2_m_axi_CONSERVATIVE1_NUM_READ_OUTSTANDING16_NUM_WRITE_OUTSTANDING16_MAX_READ_BURST_LENGTH16_MAX_WRITE_BURST_LENGTH16_C_M_AXI_ID_WIDTH1_C_M_AXI_ADDR_WIDTH64_C_M_AXI_DATA_WIDTH32_C_M_AXI_AWUSER_WIDTH1_C_M_AXI_ARUSER_WIDTH1_C_M_AXI_WUSER_WIDTH1_C_M_AXI_RUSER_WIDTH1_C_M_AXI_BUSER_WIDTH1_C_USER_VALUE0_C_PROT_VALUE0_C_CACHE_VALUE3_USER_DW32_USER_AW64_USER_MAXREQS7_USER_RFIFONUM_WIDTH9_112
gmem2_m_axi_U/clk_gate_load_unit_buff_rdata_genblk1_U_fifo_mem_mem_reg_69_       3.9900     0.0      0.0000      3.9900 0.0000 SNPS_CLOCK_GATE_HIGH_tinytpu_isa_gmem2_m_axi_CONSERVATIVE1_NUM_READ_OUTSTANDING16_NUM_WRITE_OUTSTANDING16_MAX_READ_BURST_LENGTH16_MAX_WRITE_BURST_LENGTH16_C_M_AXI_ID_WIDTH1_C_M_AXI_ADDR_WIDTH64_C_M_AXI_DATA_WIDTH32_C_M_AXI_AWUSER_WIDTH1_C_M_AXI_ARUSER_WIDTH1_C_M_AXI_WUSER_WIDTH1_C_M_AXI_RUSER_WIDTH1_C_M_AXI_BUSER_WIDTH1_C_USER_VALUE0_C_PROT_VALUE0_C_CACHE_VALUE3_USER_DW32_USER_AW64_USER_MAXREQS7_USER_RFIFONUM_WIDTH9_113
gmem2_m_axi_U/clk_gate_load_unit_buff_rdata_genblk1_U_fifo_mem_mem_reg_6_       3.9900     0.0      0.0000      3.9900 0.0000 SNPS_CLOCK_GATE_HIGH_tinytpu_isa_gmem2_m_axi_CONSERVATIVE1_NUM_READ_OUTSTANDING16_NUM_WRITE_OUTSTANDING16_MAX_READ_BURST_LENGTH16_MAX_WRITE_BURST_LENGTH16_C_M_AXI_ID_WIDTH1_C_M_AXI_ADDR_WIDTH64_C_M_AXI_DATA_WIDTH32_C_M_AXI_AWUSER_WIDTH1_C_M_AXI_ARUSER_WIDTH1_C_M_AXI_WUSER_WIDTH1_C_M_AXI_RUSER_WIDTH1_C_M_AXI_BUSER_WIDTH1_C_USER_VALUE0_C_PROT_VALUE0_C_CACHE_VALUE3_USER_DW32_USER_AW64_USER_MAXREQS7_USER_RFIFONUM_WIDTH9_50
gmem2_m_axi_U/clk_gate_load_unit_buff_rdata_genblk1_U_fifo_mem_mem_reg_70_       3.9900     0.0      0.0000      3.9900 0.0000 SNPS_CLOCK_GATE_HIGH_tinytpu_isa_gmem2_m_axi_CONSERVATIVE1_NUM_READ_OUTSTANDING16_NUM_WRITE_OUTSTANDING16_MAX_READ_BURST_LENGTH16_MAX_WRITE_BURST_LENGTH16_C_M_AXI_ID_WIDTH1_C_M_AXI_ADDR_WIDTH64_C_M_AXI_DATA_WIDTH32_C_M_AXI_AWUSER_WIDTH1_C_M_AXI_ARUSER_WIDTH1_C_M_AXI_WUSER_WIDTH1_C_M_AXI_RUSER_WIDTH1_C_M_AXI_BUSER_WIDTH1_C_USER_VALUE0_C_PROT_VALUE0_C_CACHE_VALUE3_USER_DW32_USER_AW64_USER_MAXREQS7_USER_RFIFONUM_WIDTH9_114
gmem2_m_axi_U/clk_gate_load_unit_buff_rdata_genblk1_U_fifo_mem_mem_reg_71_       3.9900     0.0      0.0000      3.9900 0.0000 SNPS_CLOCK_GATE_HIGH_tinytpu_isa_gmem2_m_axi_CONSERVATIVE1_NUM_READ_OUTSTANDING16_NUM_WRITE_OUTSTANDING16_MAX_READ_BURST_LENGTH16_MAX_WRITE_BURST_LENGTH16_C_M_AXI_ID_WIDTH1_C_M_AXI_ADDR_WIDTH64_C_M_AXI_DATA_WIDTH32_C_M_AXI_AWUSER_WIDTH1_C_M_AXI_ARUSER_WIDTH1_C_M_AXI_WUSER_WIDTH1_C_M_AXI_RUSER_WIDTH1_C_M_AXI_BUSER_WIDTH1_C_USER_VALUE0_C_PROT_VALUE0_C_CACHE_VALUE3_USER_DW32_USER_AW64_USER_MAXREQS7_USER_RFIFONUM_WIDTH9_115
gmem2_m_axi_U/clk_gate_load_unit_buff_rdata_genblk1_U_fifo_mem_mem_reg_72_       3.9900     0.0      0.0000      3.9900 0.0000 SNPS_CLOCK_GATE_HIGH_tinytpu_isa_gmem2_m_axi_CONSERVATIVE1_NUM_READ_OUTSTANDING16_NUM_WRITE_OUTSTANDING16_MAX_READ_BURST_LENGTH16_MAX_WRITE_BURST_LENGTH16_C_M_AXI_ID_WIDTH1_C_M_AXI_ADDR_WIDTH64_C_M_AXI_DATA_WIDTH32_C_M_AXI_AWUSER_WIDTH1_C_M_AXI_ARUSER_WIDTH1_C_M_AXI_WUSER_WIDTH1_C_M_AXI_RUSER_WIDTH1_C_M_AXI_BUSER_WIDTH1_C_USER_VALUE0_C_PROT_VALUE0_C_CACHE_VALUE3_USER_DW32_USER_AW64_USER_MAXREQS7_USER_RFIFONUM_WIDTH9_116
gmem2_m_axi_U/clk_gate_load_unit_buff_rdata_genblk1_U_fifo_mem_mem_reg_73_       3.9900     0.0      0.0000      3.9900 0.0000 SNPS_CLOCK_GATE_HIGH_tinytpu_isa_gmem2_m_axi_CONSERVATIVE1_NUM_READ_OUTSTANDING16_NUM_WRITE_OUTSTANDING16_MAX_READ_BURST_LENGTH16_MAX_WRITE_BURST_LENGTH16_C_M_AXI_ID_WIDTH1_C_M_AXI_ADDR_WIDTH64_C_M_AXI_DATA_WIDTH32_C_M_AXI_AWUSER_WIDTH1_C_M_AXI_ARUSER_WIDTH1_C_M_AXI_WUSER_WIDTH1_C_M_AXI_RUSER_WIDTH1_C_M_AXI_BUSER_WIDTH1_C_USER_VALUE0_C_PROT_VALUE0_C_CACHE_VALUE3_USER_DW32_USER_AW64_USER_MAXREQS7_USER_RFIFONUM_WIDTH9_117
gmem2_m_axi_U/clk_gate_load_unit_buff_rdata_genblk1_U_fifo_mem_mem_reg_74_       3.9900     0.0      0.0000      3.9900 0.0000 SNPS_CLOCK_GATE_HIGH_tinytpu_isa_gmem2_m_axi_CONSERVATIVE1_NUM_READ_OUTSTANDING16_NUM_WRITE_OUTSTANDING16_MAX_READ_BURST_LENGTH16_MAX_WRITE_BURST_LENGTH16_C_M_AXI_ID_WIDTH1_C_M_AXI_ADDR_WIDTH64_C_M_AXI_DATA_WIDTH32_C_M_AXI_AWUSER_WIDTH1_C_M_AXI_ARUSER_WIDTH1_C_M_AXI_WUSER_WIDTH1_C_M_AXI_RUSER_WIDTH1_C_M_AXI_BUSER_WIDTH1_C_USER_VALUE0_C_PROT_VALUE0_C_CACHE_VALUE3_USER_DW32_USER_AW64_USER_MAXREQS7_USER_RFIFONUM_WIDTH9_118
gmem2_m_axi_U/clk_gate_load_unit_buff_rdata_genblk1_U_fifo_mem_mem_reg_75_       3.9900     0.0      0.0000      3.9900 0.0000 SNPS_CLOCK_GATE_HIGH_tinytpu_isa_gmem2_m_axi_CONSERVATIVE1_NUM_READ_OUTSTANDING16_NUM_WRITE_OUTSTANDING16_MAX_READ_BURST_LENGTH16_MAX_WRITE_BURST_LENGTH16_C_M_AXI_ID_WIDTH1_C_M_AXI_ADDR_WIDTH64_C_M_AXI_DATA_WIDTH32_C_M_AXI_AWUSER_WIDTH1_C_M_AXI_ARUSER_WIDTH1_C_M_AXI_WUSER_WIDTH1_C_M_AXI_RUSER_WIDTH1_C_M_AXI_BUSER_WIDTH1_C_USER_VALUE0_C_PROT_VALUE0_C_CACHE_VALUE3_USER_DW32_USER_AW64_USER_MAXREQS7_USER_RFIFONUM_WIDTH9_119
gmem2_m_axi_U/clk_gate_load_unit_buff_rdata_genblk1_U_fifo_mem_mem_reg_76_       3.9900     0.0      0.0000      3.9900 0.0000 SNPS_CLOCK_GATE_HIGH_tinytpu_isa_gmem2_m_axi_CONSERVATIVE1_NUM_READ_OUTSTANDING16_NUM_WRITE_OUTSTANDING16_MAX_READ_BURST_LENGTH16_MAX_WRITE_BURST_LENGTH16_C_M_AXI_ID_WIDTH1_C_M_AXI_ADDR_WIDTH64_C_M_AXI_DATA_WIDTH32_C_M_AXI_AWUSER_WIDTH1_C_M_AXI_ARUSER_WIDTH1_C_M_AXI_WUSER_WIDTH1_C_M_AXI_RUSER_WIDTH1_C_M_AXI_BUSER_WIDTH1_C_USER_VALUE0_C_PROT_VALUE0_C_CACHE_VALUE3_USER_DW32_USER_AW64_USER_MAXREQS7_USER_RFIFONUM_WIDTH9_120
gmem2_m_axi_U/clk_gate_load_unit_buff_rdata_genblk1_U_fifo_mem_mem_reg_77_       3.9900     0.0      0.0000      3.9900 0.0000 SNPS_CLOCK_GATE_HIGH_tinytpu_isa_gmem2_m_axi_CONSERVATIVE1_NUM_READ_OUTSTANDING16_NUM_WRITE_OUTSTANDING16_MAX_READ_BURST_LENGTH16_MAX_WRITE_BURST_LENGTH16_C_M_AXI_ID_WIDTH1_C_M_AXI_ADDR_WIDTH64_C_M_AXI_DATA_WIDTH32_C_M_AXI_AWUSER_WIDTH1_C_M_AXI_ARUSER_WIDTH1_C_M_AXI_WUSER_WIDTH1_C_M_AXI_RUSER_WIDTH1_C_M_AXI_BUSER_WIDTH1_C_USER_VALUE0_C_PROT_VALUE0_C_CACHE_VALUE3_USER_DW32_USER_AW64_USER_MAXREQS7_USER_RFIFONUM_WIDTH9_121
gmem2_m_axi_U/clk_gate_load_unit_buff_rdata_genblk1_U_fifo_mem_mem_reg_78_       3.9900     0.0      0.0000      3.9900 0.0000 SNPS_CLOCK_GATE_HIGH_tinytpu_isa_gmem2_m_axi_CONSERVATIVE1_NUM_READ_OUTSTANDING16_NUM_WRITE_OUTSTANDING16_MAX_READ_BURST_LENGTH16_MAX_WRITE_BURST_LENGTH16_C_M_AXI_ID_WIDTH1_C_M_AXI_ADDR_WIDTH64_C_M_AXI_DATA_WIDTH32_C_M_AXI_AWUSER_WIDTH1_C_M_AXI_ARUSER_WIDTH1_C_M_AXI_WUSER_WIDTH1_C_M_AXI_RUSER_WIDTH1_C_M_AXI_BUSER_WIDTH1_C_USER_VALUE0_C_PROT_VALUE0_C_CACHE_VALUE3_USER_DW32_USER_AW64_USER_MAXREQS7_USER_RFIFONUM_WIDTH9_122
gmem2_m_axi_U/clk_gate_load_unit_buff_rdata_genblk1_U_fifo_mem_mem_reg_79_       3.9900     0.0      0.0000      3.9900 0.0000 SNPS_CLOCK_GATE_HIGH_tinytpu_isa_gmem2_m_axi_CONSERVATIVE1_NUM_READ_OUTSTANDING16_NUM_WRITE_OUTSTANDING16_MAX_READ_BURST_LENGTH16_MAX_WRITE_BURST_LENGTH16_C_M_AXI_ID_WIDTH1_C_M_AXI_ADDR_WIDTH64_C_M_AXI_DATA_WIDTH32_C_M_AXI_AWUSER_WIDTH1_C_M_AXI_ARUSER_WIDTH1_C_M_AXI_WUSER_WIDTH1_C_M_AXI_RUSER_WIDTH1_C_M_AXI_BUSER_WIDTH1_C_USER_VALUE0_C_PROT_VALUE0_C_CACHE_VALUE3_USER_DW32_USER_AW64_USER_MAXREQS7_USER_RFIFONUM_WIDTH9_123
gmem2_m_axi_U/clk_gate_load_unit_buff_rdata_genblk1_U_fifo_mem_mem_reg_7_       3.9900     0.0      0.0000      3.9900 0.0000 SNPS_CLOCK_GATE_HIGH_tinytpu_isa_gmem2_m_axi_CONSERVATIVE1_NUM_READ_OUTSTANDING16_NUM_WRITE_OUTSTANDING16_MAX_READ_BURST_LENGTH16_MAX_WRITE_BURST_LENGTH16_C_M_AXI_ID_WIDTH1_C_M_AXI_ADDR_WIDTH64_C_M_AXI_DATA_WIDTH32_C_M_AXI_AWUSER_WIDTH1_C_M_AXI_ARUSER_WIDTH1_C_M_AXI_WUSER_WIDTH1_C_M_AXI_RUSER_WIDTH1_C_M_AXI_BUSER_WIDTH1_C_USER_VALUE0_C_PROT_VALUE0_C_CACHE_VALUE3_USER_DW32_USER_AW64_USER_MAXREQS7_USER_RFIFONUM_WIDTH9_51
gmem2_m_axi_U/clk_gate_load_unit_buff_rdata_genblk1_U_fifo_mem_mem_reg_80_       3.9900     0.0      0.0000      3.9900 0.0000 SNPS_CLOCK_GATE_HIGH_tinytpu_isa_gmem2_m_axi_CONSERVATIVE1_NUM_READ_OUTSTANDING16_NUM_WRITE_OUTSTANDING16_MAX_READ_BURST_LENGTH16_MAX_WRITE_BURST_LENGTH16_C_M_AXI_ID_WIDTH1_C_M_AXI_ADDR_WIDTH64_C_M_AXI_DATA_WIDTH32_C_M_AXI_AWUSER_WIDTH1_C_M_AXI_ARUSER_WIDTH1_C_M_AXI_WUSER_WIDTH1_C_M_AXI_RUSER_WIDTH1_C_M_AXI_BUSER_WIDTH1_C_USER_VALUE0_C_PROT_VALUE0_C_CACHE_VALUE3_USER_DW32_USER_AW64_USER_MAXREQS7_USER_RFIFONUM_WIDTH9_124
gmem2_m_axi_U/clk_gate_load_unit_buff_rdata_genblk1_U_fifo_mem_mem_reg_81_       3.9900     0.0      0.0000      3.9900 0.0000 SNPS_CLOCK_GATE_HIGH_tinytpu_isa_gmem2_m_axi_CONSERVATIVE1_NUM_READ_OUTSTANDING16_NUM_WRITE_OUTSTANDING16_MAX_READ_BURST_LENGTH16_MAX_WRITE_BURST_LENGTH16_C_M_AXI_ID_WIDTH1_C_M_AXI_ADDR_WIDTH64_C_M_AXI_DATA_WIDTH32_C_M_AXI_AWUSER_WIDTH1_C_M_AXI_ARUSER_WIDTH1_C_M_AXI_WUSER_WIDTH1_C_M_AXI_RUSER_WIDTH1_C_M_AXI_BUSER_WIDTH1_C_USER_VALUE0_C_PROT_VALUE0_C_CACHE_VALUE3_USER_DW32_USER_AW64_USER_MAXREQS7_USER_RFIFONUM_WIDTH9_125
gmem2_m_axi_U/clk_gate_load_unit_buff_rdata_genblk1_U_fifo_mem_mem_reg_82_       3.9900     0.0      0.0000      3.9900 0.0000 SNPS_CLOCK_GATE_HIGH_tinytpu_isa_gmem2_m_axi_CONSERVATIVE1_NUM_READ_OUTSTANDING16_NUM_WRITE_OUTSTANDING16_MAX_READ_BURST_LENGTH16_MAX_WRITE_BURST_LENGTH16_C_M_AXI_ID_WIDTH1_C_M_AXI_ADDR_WIDTH64_C_M_AXI_DATA_WIDTH32_C_M_AXI_AWUSER_WIDTH1_C_M_AXI_ARUSER_WIDTH1_C_M_AXI_WUSER_WIDTH1_C_M_AXI_RUSER_WIDTH1_C_M_AXI_BUSER_WIDTH1_C_USER_VALUE0_C_PROT_VALUE0_C_CACHE_VALUE3_USER_DW32_USER_AW64_USER_MAXREQS7_USER_RFIFONUM_WIDTH9_126
gmem2_m_axi_U/clk_gate_load_unit_buff_rdata_genblk1_U_fifo_mem_mem_reg_83_       3.9900     0.0      0.0000      3.9900 0.0000 SNPS_CLOCK_GATE_HIGH_tinytpu_isa_gmem2_m_axi_CONSERVATIVE1_NUM_READ_OUTSTANDING16_NUM_WRITE_OUTSTANDING16_MAX_READ_BURST_LENGTH16_MAX_WRITE_BURST_LENGTH16_C_M_AXI_ID_WIDTH1_C_M_AXI_ADDR_WIDTH64_C_M_AXI_DATA_WIDTH32_C_M_AXI_AWUSER_WIDTH1_C_M_AXI_ARUSER_WIDTH1_C_M_AXI_WUSER_WIDTH1_C_M_AXI_RUSER_WIDTH1_C_M_AXI_BUSER_WIDTH1_C_USER_VALUE0_C_PROT_VALUE0_C_CACHE_VALUE3_USER_DW32_USER_AW64_USER_MAXREQS7_USER_RFIFONUM_WIDTH9_127
gmem2_m_axi_U/clk_gate_load_unit_buff_rdata_genblk1_U_fifo_mem_mem_reg_84_       3.9900     0.0      0.0000      3.9900 0.0000 SNPS_CLOCK_GATE_HIGH_tinytpu_isa_gmem2_m_axi_CONSERVATIVE1_NUM_READ_OUTSTANDING16_NUM_WRITE_OUTSTANDING16_MAX_READ_BURST_LENGTH16_MAX_WRITE_BURST_LENGTH16_C_M_AXI_ID_WIDTH1_C_M_AXI_ADDR_WIDTH64_C_M_AXI_DATA_WIDTH32_C_M_AXI_AWUSER_WIDTH1_C_M_AXI_ARUSER_WIDTH1_C_M_AXI_WUSER_WIDTH1_C_M_AXI_RUSER_WIDTH1_C_M_AXI_BUSER_WIDTH1_C_USER_VALUE0_C_PROT_VALUE0_C_CACHE_VALUE3_USER_DW32_USER_AW64_USER_MAXREQS7_USER_RFIFONUM_WIDTH9_128
gmem2_m_axi_U/clk_gate_load_unit_buff_rdata_genblk1_U_fifo_mem_mem_reg_85_       3.9900     0.0      0.0000      3.9900 0.0000 SNPS_CLOCK_GATE_HIGH_tinytpu_isa_gmem2_m_axi_CONSERVATIVE1_NUM_READ_OUTSTANDING16_NUM_WRITE_OUTSTANDING16_MAX_READ_BURST_LENGTH16_MAX_WRITE_BURST_LENGTH16_C_M_AXI_ID_WIDTH1_C_M_AXI_ADDR_WIDTH64_C_M_AXI_DATA_WIDTH32_C_M_AXI_AWUSER_WIDTH1_C_M_AXI_ARUSER_WIDTH1_C_M_AXI_WUSER_WIDTH1_C_M_AXI_RUSER_WIDTH1_C_M_AXI_BUSER_WIDTH1_C_USER_VALUE0_C_PROT_VALUE0_C_CACHE_VALUE3_USER_DW32_USER_AW64_USER_MAXREQS7_USER_RFIFONUM_WIDTH9_129
gmem2_m_axi_U/clk_gate_load_unit_buff_rdata_genblk1_U_fifo_mem_mem_reg_86_       3.9900     0.0      0.0000      3.9900 0.0000 SNPS_CLOCK_GATE_HIGH_tinytpu_isa_gmem2_m_axi_CONSERVATIVE1_NUM_READ_OUTSTANDING16_NUM_WRITE_OUTSTANDING16_MAX_READ_BURST_LENGTH16_MAX_WRITE_BURST_LENGTH16_C_M_AXI_ID_WIDTH1_C_M_AXI_ADDR_WIDTH64_C_M_AXI_DATA_WIDTH32_C_M_AXI_AWUSER_WIDTH1_C_M_AXI_ARUSER_WIDTH1_C_M_AXI_WUSER_WIDTH1_C_M_AXI_RUSER_WIDTH1_C_M_AXI_BUSER_WIDTH1_C_USER_VALUE0_C_PROT_VALUE0_C_CACHE_VALUE3_USER_DW32_USER_AW64_USER_MAXREQS7_USER_RFIFONUM_WIDTH9_130
gmem2_m_axi_U/clk_gate_load_unit_buff_rdata_genblk1_U_fifo_mem_mem_reg_87_       3.9900     0.0      0.0000      3.9900 0.0000 SNPS_CLOCK_GATE_HIGH_tinytpu_isa_gmem2_m_axi_CONSERVATIVE1_NUM_READ_OUTSTANDING16_NUM_WRITE_OUTSTANDING16_MAX_READ_BURST_LENGTH16_MAX_WRITE_BURST_LENGTH16_C_M_AXI_ID_WIDTH1_C_M_AXI_ADDR_WIDTH64_C_M_AXI_DATA_WIDTH32_C_M_AXI_AWUSER_WIDTH1_C_M_AXI_ARUSER_WIDTH1_C_M_AXI_WUSER_WIDTH1_C_M_AXI_RUSER_WIDTH1_C_M_AXI_BUSER_WIDTH1_C_USER_VALUE0_C_PROT_VALUE0_C_CACHE_VALUE3_USER_DW32_USER_AW64_USER_MAXREQS7_USER_RFIFONUM_WIDTH9_131
gmem2_m_axi_U/clk_gate_load_unit_buff_rdata_genblk1_U_fifo_mem_mem_reg_88_       3.9900     0.0      0.0000      3.9900 0.0000 SNPS_CLOCK_GATE_HIGH_tinytpu_isa_gmem2_m_axi_CONSERVATIVE1_NUM_READ_OUTSTANDING16_NUM_WRITE_OUTSTANDING16_MAX_READ_BURST_LENGTH16_MAX_WRITE_BURST_LENGTH16_C_M_AXI_ID_WIDTH1_C_M_AXI_ADDR_WIDTH64_C_M_AXI_DATA_WIDTH32_C_M_AXI_AWUSER_WIDTH1_C_M_AXI_ARUSER_WIDTH1_C_M_AXI_WUSER_WIDTH1_C_M_AXI_RUSER_WIDTH1_C_M_AXI_BUSER_WIDTH1_C_USER_VALUE0_C_PROT_VALUE0_C_CACHE_VALUE3_USER_DW32_USER_AW64_USER_MAXREQS7_USER_RFIFONUM_WIDTH9_132
gmem2_m_axi_U/clk_gate_load_unit_buff_rdata_genblk1_U_fifo_mem_mem_reg_89_       3.9900     0.0      0.0000      3.9900 0.0000 SNPS_CLOCK_GATE_HIGH_tinytpu_isa_gmem2_m_axi_CONSERVATIVE1_NUM_READ_OUTSTANDING16_NUM_WRITE_OUTSTANDING16_MAX_READ_BURST_LENGTH16_MAX_WRITE_BURST_LENGTH16_C_M_AXI_ID_WIDTH1_C_M_AXI_ADDR_WIDTH64_C_M_AXI_DATA_WIDTH32_C_M_AXI_AWUSER_WIDTH1_C_M_AXI_ARUSER_WIDTH1_C_M_AXI_WUSER_WIDTH1_C_M_AXI_RUSER_WIDTH1_C_M_AXI_BUSER_WIDTH1_C_USER_VALUE0_C_PROT_VALUE0_C_CACHE_VALUE3_USER_DW32_USER_AW64_USER_MAXREQS7_USER_RFIFONUM_WIDTH9_133
gmem2_m_axi_U/clk_gate_load_unit_buff_rdata_genblk1_U_fifo_mem_mem_reg_8_       3.9900     0.0      0.0000      3.9900 0.0000 SNPS_CLOCK_GATE_HIGH_tinytpu_isa_gmem2_m_axi_CONSERVATIVE1_NUM_READ_OUTSTANDING16_NUM_WRITE_OUTSTANDING16_MAX_READ_BURST_LENGTH16_MAX_WRITE_BURST_LENGTH16_C_M_AXI_ID_WIDTH1_C_M_AXI_ADDR_WIDTH64_C_M_AXI_DATA_WIDTH32_C_M_AXI_AWUSER_WIDTH1_C_M_AXI_ARUSER_WIDTH1_C_M_AXI_WUSER_WIDTH1_C_M_AXI_RUSER_WIDTH1_C_M_AXI_BUSER_WIDTH1_C_USER_VALUE0_C_PROT_VALUE0_C_CACHE_VALUE3_USER_DW32_USER_AW64_USER_MAXREQS7_USER_RFIFONUM_WIDTH9_52
gmem2_m_axi_U/clk_gate_load_unit_buff_rdata_genblk1_U_fifo_mem_mem_reg_90_       3.9900     0.0      0.0000      3.9900 0.0000 SNPS_CLOCK_GATE_HIGH_tinytpu_isa_gmem2_m_axi_CONSERVATIVE1_NUM_READ_OUTSTANDING16_NUM_WRITE_OUTSTANDING16_MAX_READ_BURST_LENGTH16_MAX_WRITE_BURST_LENGTH16_C_M_AXI_ID_WIDTH1_C_M_AXI_ADDR_WIDTH64_C_M_AXI_DATA_WIDTH32_C_M_AXI_AWUSER_WIDTH1_C_M_AXI_ARUSER_WIDTH1_C_M_AXI_WUSER_WIDTH1_C_M_AXI_RUSER_WIDTH1_C_M_AXI_BUSER_WIDTH1_C_USER_VALUE0_C_PROT_VALUE0_C_CACHE_VALUE3_USER_DW32_USER_AW64_USER_MAXREQS7_USER_RFIFONUM_WIDTH9_134
gmem2_m_axi_U/clk_gate_load_unit_buff_rdata_genblk1_U_fifo_mem_mem_reg_91_       3.9900     0.0      0.0000      3.9900 0.0000 SNPS_CLOCK_GATE_HIGH_tinytpu_isa_gmem2_m_axi_CONSERVATIVE1_NUM_READ_OUTSTANDING16_NUM_WRITE_OUTSTANDING16_MAX_READ_BURST_LENGTH16_MAX_WRITE_BURST_LENGTH16_C_M_AXI_ID_WIDTH1_C_M_AXI_ADDR_WIDTH64_C_M_AXI_DATA_WIDTH32_C_M_AXI_AWUSER_WIDTH1_C_M_AXI_ARUSER_WIDTH1_C_M_AXI_WUSER_WIDTH1_C_M_AXI_RUSER_WIDTH1_C_M_AXI_BUSER_WIDTH1_C_USER_VALUE0_C_PROT_VALUE0_C_CACHE_VALUE3_USER_DW32_USER_AW64_USER_MAXREQS7_USER_RFIFONUM_WIDTH9_135
gmem2_m_axi_U/clk_gate_load_unit_buff_rdata_genblk1_U_fifo_mem_mem_reg_92_       3.9900     0.0      0.0000      3.9900 0.0000 SNPS_CLOCK_GATE_HIGH_tinytpu_isa_gmem2_m_axi_CONSERVATIVE1_NUM_READ_OUTSTANDING16_NUM_WRITE_OUTSTANDING16_MAX_READ_BURST_LENGTH16_MAX_WRITE_BURST_LENGTH16_C_M_AXI_ID_WIDTH1_C_M_AXI_ADDR_WIDTH64_C_M_AXI_DATA_WIDTH32_C_M_AXI_AWUSER_WIDTH1_C_M_AXI_ARUSER_WIDTH1_C_M_AXI_WUSER_WIDTH1_C_M_AXI_RUSER_WIDTH1_C_M_AXI_BUSER_WIDTH1_C_USER_VALUE0_C_PROT_VALUE0_C_CACHE_VALUE3_USER_DW32_USER_AW64_USER_MAXREQS7_USER_RFIFONUM_WIDTH9_136
gmem2_m_axi_U/clk_gate_load_unit_buff_rdata_genblk1_U_fifo_mem_mem_reg_93_       3.9900     0.0      0.0000      3.9900 0.0000 SNPS_CLOCK_GATE_HIGH_tinytpu_isa_gmem2_m_axi_CONSERVATIVE1_NUM_READ_OUTSTANDING16_NUM_WRITE_OUTSTANDING16_MAX_READ_BURST_LENGTH16_MAX_WRITE_BURST_LENGTH16_C_M_AXI_ID_WIDTH1_C_M_AXI_ADDR_WIDTH64_C_M_AXI_DATA_WIDTH32_C_M_AXI_AWUSER_WIDTH1_C_M_AXI_ARUSER_WIDTH1_C_M_AXI_WUSER_WIDTH1_C_M_AXI_RUSER_WIDTH1_C_M_AXI_BUSER_WIDTH1_C_USER_VALUE0_C_PROT_VALUE0_C_CACHE_VALUE3_USER_DW32_USER_AW64_USER_MAXREQS7_USER_RFIFONUM_WIDTH9_137
gmem2_m_axi_U/clk_gate_load_unit_buff_rdata_genblk1_U_fifo_mem_mem_reg_94_       3.9900     0.0      0.0000      3.9900 0.0000 SNPS_CLOCK_GATE_HIGH_tinytpu_isa_gmem2_m_axi_CONSERVATIVE1_NUM_READ_OUTSTANDING16_NUM_WRITE_OUTSTANDING16_MAX_READ_BURST_LENGTH16_MAX_WRITE_BURST_LENGTH16_C_M_AXI_ID_WIDTH1_C_M_AXI_ADDR_WIDTH64_C_M_AXI_DATA_WIDTH32_C_M_AXI_AWUSER_WIDTH1_C_M_AXI_ARUSER_WIDTH1_C_M_AXI_WUSER_WIDTH1_C_M_AXI_RUSER_WIDTH1_C_M_AXI_BUSER_WIDTH1_C_USER_VALUE0_C_PROT_VALUE0_C_CACHE_VALUE3_USER_DW32_USER_AW64_USER_MAXREQS7_USER_RFIFONUM_WIDTH9_138
gmem2_m_axi_U/clk_gate_load_unit_buff_rdata_genblk1_U_fifo_mem_mem_reg_95_       3.9900     0.0      0.0000      3.9900 0.0000 SNPS_CLOCK_GATE_HIGH_tinytpu_isa_gmem2_m_axi_CONSERVATIVE1_NUM_READ_OUTSTANDING16_NUM_WRITE_OUTSTANDING16_MAX_READ_BURST_LENGTH16_MAX_WRITE_BURST_LENGTH16_C_M_AXI_ID_WIDTH1_C_M_AXI_ADDR_WIDTH64_C_M_AXI_DATA_WIDTH32_C_M_AXI_AWUSER_WIDTH1_C_M_AXI_ARUSER_WIDTH1_C_M_AXI_WUSER_WIDTH1_C_M_AXI_RUSER_WIDTH1_C_M_AXI_BUSER_WIDTH1_C_USER_VALUE0_C_PROT_VALUE0_C_CACHE_VALUE3_USER_DW32_USER_AW64_USER_MAXREQS7_USER_RFIFONUM_WIDTH9_139
gmem2_m_axi_U/clk_gate_load_unit_buff_rdata_genblk1_U_fifo_mem_mem_reg_96_       3.9900     0.0      0.0000      3.9900 0.0000 SNPS_CLOCK_GATE_HIGH_tinytpu_isa_gmem2_m_axi_CONSERVATIVE1_NUM_READ_OUTSTANDING16_NUM_WRITE_OUTSTANDING16_MAX_READ_BURST_LENGTH16_MAX_WRITE_BURST_LENGTH16_C_M_AXI_ID_WIDTH1_C_M_AXI_ADDR_WIDTH64_C_M_AXI_DATA_WIDTH32_C_M_AXI_AWUSER_WIDTH1_C_M_AXI_ARUSER_WIDTH1_C_M_AXI_WUSER_WIDTH1_C_M_AXI_RUSER_WIDTH1_C_M_AXI_BUSER_WIDTH1_C_USER_VALUE0_C_PROT_VALUE0_C_CACHE_VALUE3_USER_DW32_USER_AW64_USER_MAXREQS7_USER_RFIFONUM_WIDTH9_140
gmem2_m_axi_U/clk_gate_load_unit_buff_rdata_genblk1_U_fifo_mem_mem_reg_97_       3.9900     0.0      0.0000      3.9900 0.0000 SNPS_CLOCK_GATE_HIGH_tinytpu_isa_gmem2_m_axi_CONSERVATIVE1_NUM_READ_OUTSTANDING16_NUM_WRITE_OUTSTANDING16_MAX_READ_BURST_LENGTH16_MAX_WRITE_BURST_LENGTH16_C_M_AXI_ID_WIDTH1_C_M_AXI_ADDR_WIDTH64_C_M_AXI_DATA_WIDTH32_C_M_AXI_AWUSER_WIDTH1_C_M_AXI_ARUSER_WIDTH1_C_M_AXI_WUSER_WIDTH1_C_M_AXI_RUSER_WIDTH1_C_M_AXI_BUSER_WIDTH1_C_USER_VALUE0_C_PROT_VALUE0_C_CACHE_VALUE3_USER_DW32_USER_AW64_USER_MAXREQS7_USER_RFIFONUM_WIDTH9_141
gmem2_m_axi_U/clk_gate_load_unit_buff_rdata_genblk1_U_fifo_mem_mem_reg_98_       3.9900     0.0      0.0000      3.9900 0.0000 SNPS_CLOCK_GATE_HIGH_tinytpu_isa_gmem2_m_axi_CONSERVATIVE1_NUM_READ_OUTSTANDING16_NUM_WRITE_OUTSTANDING16_MAX_READ_BURST_LENGTH16_MAX_WRITE_BURST_LENGTH16_C_M_AXI_ID_WIDTH1_C_M_AXI_ADDR_WIDTH64_C_M_AXI_DATA_WIDTH32_C_M_AXI_AWUSER_WIDTH1_C_M_AXI_ARUSER_WIDTH1_C_M_AXI_WUSER_WIDTH1_C_M_AXI_RUSER_WIDTH1_C_M_AXI_BUSER_WIDTH1_C_USER_VALUE0_C_PROT_VALUE0_C_CACHE_VALUE3_USER_DW32_USER_AW64_USER_MAXREQS7_USER_RFIFONUM_WIDTH9_142
gmem2_m_axi_U/clk_gate_load_unit_buff_rdata_genblk1_U_fifo_mem_mem_reg_99_       3.9900     0.0      0.0000      3.9900 0.0000 SNPS_CLOCK_GATE_HIGH_tinytpu_isa_gmem2_m_axi_CONSERVATIVE1_NUM_READ_OUTSTANDING16_NUM_WRITE_OUTSTANDING16_MAX_READ_BURST_LENGTH16_MAX_WRITE_BURST_LENGTH16_C_M_AXI_ID_WIDTH1_C_M_AXI_ADDR_WIDTH64_C_M_AXI_DATA_WIDTH32_C_M_AXI_AWUSER_WIDTH1_C_M_AXI_ARUSER_WIDTH1_C_M_AXI_WUSER_WIDTH1_C_M_AXI_RUSER_WIDTH1_C_M_AXI_BUSER_WIDTH1_C_USER_VALUE0_C_PROT_VALUE0_C_CACHE_VALUE3_USER_DW32_USER_AW64_USER_MAXREQS7_USER_RFIFONUM_WIDTH9_143
gmem2_m_axi_U/clk_gate_load_unit_buff_rdata_genblk1_U_fifo_mem_mem_reg_9_       3.9900     0.0      0.0000      3.9900 0.0000 SNPS_CLOCK_GATE_HIGH_tinytpu_isa_gmem2_m_axi_CONSERVATIVE1_NUM_READ_OUTSTANDING16_NUM_WRITE_OUTSTANDING16_MAX_READ_BURST_LENGTH16_MAX_WRITE_BURST_LENGTH16_C_M_AXI_ID_WIDTH1_C_M_AXI_ADDR_WIDTH64_C_M_AXI_DATA_WIDTH32_C_M_AXI_AWUSER_WIDTH1_C_M_AXI_ARUSER_WIDTH1_C_M_AXI_WUSER_WIDTH1_C_M_AXI_RUSER_WIDTH1_C_M_AXI_BUSER_WIDTH1_C_USER_VALUE0_C_PROT_VALUE0_C_CACHE_VALUE3_USER_DW32_USER_AW64_USER_MAXREQS7_USER_RFIFONUM_WIDTH9_53
gmem2_m_axi_U/clk_gate_load_unit_buff_rdata_genblk1_waddr_reg       3.9900     0.0      0.0000      3.9900 0.0000 SNPS_CLOCK_GATE_HIGH_tinytpu_isa_gmem2_m_axi_CONSERVATIVE1_NUM_READ_OUTSTANDING16_NUM_WRITE_OUTSTANDING16_MAX_READ_BURST_LENGTH16_MAX_WRITE_BURST_LENGTH16_C_M_AXI_ID_WIDTH1_C_M_AXI_ADDR_WIDTH64_C_M_AXI_DATA_WIDTH32_C_M_AXI_AWUSER_WIDTH1_C_M_AXI_ARUSER_WIDTH1_C_M_AXI_WUSER_WIDTH1_C_M_AXI_RUSER_WIDTH1_C_M_AXI_BUSER_WIDTH1_C_USER_VALUE0_C_PROT_VALUE0_C_CACHE_VALUE3_USER_DW32_USER_AW64_USER_MAXREQS7_USER_RFIFONUM_WIDTH9_300
gmem2_m_axi_U/clk_gate_load_unit_fifo_rreq_empty_n_reg       3.9900     0.0      0.0000      3.9900 0.0000 SNPS_CLOCK_GATE_HIGH_tinytpu_isa_gmem2_m_axi_CONSERVATIVE1_NUM_READ_OUTSTANDING16_NUM_WRITE_OUTSTANDING16_MAX_READ_BURST_LENGTH16_MAX_WRITE_BURST_LENGTH16_C_M_AXI_ID_WIDTH1_C_M_AXI_ADDR_WIDTH64_C_M_AXI_DATA_WIDTH32_C_M_AXI_AWUSER_WIDTH1_C_M_AXI_ARUSER_WIDTH1_C_M_AXI_WUSER_WIDTH1_C_M_AXI_RUSER_WIDTH1_C_M_AXI_BUSER_WIDTH1_C_USER_VALUE0_C_PROT_VALUE0_C_CACHE_VALUE3_USER_DW32_USER_AW64_USER_MAXREQS7_USER_RFIFONUM_WIDTH9_305
gmem2_m_axi_U/clk_gate_load_unit_fifo_rreq_genblk1_U_fifo_srl_dout_reg       3.9900     0.0      0.0000      3.9900 0.0000 SNPS_CLOCK_GATE_HIGH_tinytpu_isa_gmem2_m_axi_CONSERVATIVE1_NUM_READ_OUTSTANDING16_NUM_WRITE_OUTSTANDING16_MAX_READ_BURST_LENGTH16_MAX_WRITE_BURST_LENGTH16_C_M_AXI_ID_WIDTH1_C_M_AXI_ADDR_WIDTH64_C_M_AXI_DATA_WIDTH32_C_M_AXI_AWUSER_WIDTH1_C_M_AXI_ARUSER_WIDTH1_C_M_AXI_WUSER_WIDTH1_C_M_AXI_RUSER_WIDTH1_C_M_AXI_BUSER_WIDTH1_C_USER_VALUE0_C_PROT_VALUE0_C_CACHE_VALUE3_USER_DW32_USER_AW64_USER_MAXREQS7_USER_RFIFONUM_WIDTH9_303
gmem2_m_axi_U/clk_gate_load_unit_fifo_rreq_genblk1_U_fifo_srl_genblk1_mem_reg_5_       3.9900     0.0      0.0000      3.9900 0.0000 SNPS_CLOCK_GATE_HIGH_tinytpu_isa_gmem2_m_axi_CONSERVATIVE1_NUM_READ_OUTSTANDING16_NUM_WRITE_OUTSTANDING16_MAX_READ_BURST_LENGTH16_MAX_WRITE_BURST_LENGTH16_C_M_AXI_ID_WIDTH1_C_M_AXI_ADDR_WIDTH64_C_M_AXI_DATA_WIDTH32_C_M_AXI_AWUSER_WIDTH1_C_M_AXI_ARUSER_WIDTH1_C_M_AXI_WUSER_WIDTH1_C_M_AXI_RUSER_WIDTH1_C_M_AXI_BUSER_WIDTH1_C_USER_VALUE0_C_PROT_VALUE0_C_CACHE_VALUE3_USER_DW32_USER_AW64_USER_MAXREQS7_USER_RFIFONUM_WIDTH9_302
gmem2_m_axi_U/clk_gate_load_unit_fifo_rreq_genblk1_raddr_reg       3.9900     0.0      0.0000      3.9900 0.0000 SNPS_CLOCK_GATE_HIGH_tinytpu_isa_gmem2_m_axi_CONSERVATIVE1_NUM_READ_OUTSTANDING16_NUM_WRITE_OUTSTANDING16_MAX_READ_BURST_LENGTH16_MAX_WRITE_BURST_LENGTH16_C_M_AXI_ID_WIDTH1_C_M_AXI_ADDR_WIDTH64_C_M_AXI_DATA_WIDTH32_C_M_AXI_AWUSER_WIDTH1_C_M_AXI_ARUSER_WIDTH1_C_M_AXI_WUSER_WIDTH1_C_M_AXI_RUSER_WIDTH1_C_M_AXI_BUSER_WIDTH1_C_USER_VALUE0_C_PROT_VALUE0_C_CACHE_VALUE3_USER_DW32_USER_AW64_USER_MAXREQS7_USER_RFIFONUM_WIDTH9_304
gmem2_m_axi_U/clk_gate_load_unit_tmp_len_reg       3.9900     0.0      0.0000      3.9900 0.0000 SNPS_CLOCK_GATE_HIGH_tinytpu_isa_gmem2_m_axi_CONSERVATIVE1_NUM_READ_OUTSTANDING16_NUM_WRITE_OUTSTANDING16_MAX_READ_BURST_LENGTH16_MAX_WRITE_BURST_LENGTH16_C_M_AXI_ID_WIDTH1_C_M_AXI_ADDR_WIDTH64_C_M_AXI_DATA_WIDTH32_C_M_AXI_AWUSER_WIDTH1_C_M_AXI_ARUSER_WIDTH1_C_M_AXI_WUSER_WIDTH1_C_M_AXI_RUSER_WIDTH1_C_M_AXI_BUSER_WIDTH1_C_USER_VALUE0_C_PROT_VALUE0_C_CACHE_VALUE3_USER_DW32_USER_AW64_USER_MAXREQS7_USER_RFIFONUM_WIDTH9_308
gmem3_m_axi_U                       21307.3975      1.9    5328.2460   15763.6914  0.0000  tinytpu_isa_gmem3_m_axi_CONSERVATIVE1_NUM_READ_OUTSTANDING16_NUM_WRITE_OUTSTANDING16_MAX_READ_BURST_LENGTH16_MAX_WRITE_BURST_LENGTH16_C_M_AXI_ID_WIDTH1_C_M_AXI_ADDR_WIDTH64_C_M_AXI_DATA_WIDTH32_C_M_AXI_AWUSER_WIDTH1_C_M_AXI_ARUSER_WIDTH1_C_M_AXI_WUSER_WIDTH1_C_M_AXI_RUSER_WIDTH1_C_M_AXI_BUSER_WIDTH1_C_USER_VALUE0_C_PROT_VALUE0_C_CACHE_VALUE3_USER_DW32_USER_AW64_USER_MAXREQS4_USER_RFIFONUM_WIDTH9
gmem3_m_axi_U/clk_gate_bus_read_rreq_burst_conv_could_multi_bursts_addr_step_reg       3.9900     0.0      0.0000      3.9900 0.0000 SNPS_CLOCK_GATE_HIGH_tinytpu_isa_gmem3_m_axi_CONSERVATIVE1_NUM_READ_OUTSTANDING16_NUM_WRITE_OUTSTANDING16_MAX_READ_BURST_LENGTH16_MAX_WRITE_BURST_LENGTH16_C_M_AXI_ID_WIDTH1_C_M_AXI_ADDR_WIDTH64_C_M_AXI_DATA_WIDTH32_C_M_AXI_AWUSER_WIDTH1_C_M_AXI_ARUSER_WIDTH1_C_M_AXI_WUSER_WIDTH1_C_M_AXI_RUSER_WIDTH1_C_M_AXI_BUSER_WIDTH1_C_USER_VALUE0_C_PROT_VALUE0_C_CACHE_VALUE3_USER_DW32_USER_AW64_USER_MAXREQS4_USER_RFIFONUM_WIDTH9_20
gmem3_m_axi_U/clk_gate_bus_write_fifo_burst_empty_n_reg       3.9900     0.0      0.0000      3.9900 0.0000 SNPS_CLOCK_GATE_HIGH_tinytpu_isa_gmem3_m_axi_CONSERVATIVE1_NUM_READ_OUTSTANDING16_NUM_WRITE_OUTSTANDING16_MAX_READ_BURST_LENGTH16_MAX_WRITE_BURST_LENGTH16_C_M_AXI_ID_WIDTH1_C_M_AXI_ADDR_WIDTH64_C_M_AXI_DATA_WIDTH32_C_M_AXI_AWUSER_WIDTH1_C_M_AXI_ARUSER_WIDTH1_C_M_AXI_WUSER_WIDTH1_C_M_AXI_RUSER_WIDTH1_C_M_AXI_BUSER_WIDTH1_C_USER_VALUE0_C_PROT_VALUE0_C_CACHE_VALUE3_USER_DW32_USER_AW64_USER_MAXREQS4_USER_RFIFONUM_WIDTH9_40
gmem3_m_axi_U/clk_gate_bus_write_fifo_burst_genblk1_U_fifo_srl_dout_reg       3.9900     0.0      0.0000      3.9900 0.0000 SNPS_CLOCK_GATE_HIGH_tinytpu_isa_gmem3_m_axi_CONSERVATIVE1_NUM_READ_OUTSTANDING16_NUM_WRITE_OUTSTANDING16_MAX_READ_BURST_LENGTH16_MAX_WRITE_BURST_LENGTH16_C_M_AXI_ID_WIDTH1_C_M_AXI_ADDR_WIDTH64_C_M_AXI_DATA_WIDTH32_C_M_AXI_AWUSER_WIDTH1_C_M_AXI_ARUSER_WIDTH1_C_M_AXI_WUSER_WIDTH1_C_M_AXI_RUSER_WIDTH1_C_M_AXI_BUSER_WIDTH1_C_USER_VALUE0_C_PROT_VALUE0_C_CACHE_VALUE3_USER_DW32_USER_AW64_USER_MAXREQS4_USER_RFIFONUM_WIDTH9_38
gmem3_m_axi_U/clk_gate_bus_write_fifo_burst_genblk1_U_fifo_srl_genblk1_mem_reg_14_       3.9900     0.0      0.0000      3.9900 0.0000 SNPS_CLOCK_GATE_HIGH_tinytpu_isa_gmem3_m_axi_CONSERVATIVE1_NUM_READ_OUTSTANDING16_NUM_WRITE_OUTSTANDING16_MAX_READ_BURST_LENGTH16_MAX_WRITE_BURST_LENGTH16_C_M_AXI_ID_WIDTH1_C_M_AXI_ADDR_WIDTH64_C_M_AXI_DATA_WIDTH32_C_M_AXI_AWUSER_WIDTH1_C_M_AXI_ARUSER_WIDTH1_C_M_AXI_WUSER_WIDTH1_C_M_AXI_RUSER_WIDTH1_C_M_AXI_BUSER_WIDTH1_C_USER_VALUE0_C_PROT_VALUE0_C_CACHE_VALUE3_USER_DW32_USER_AW64_USER_MAXREQS4_USER_RFIFONUM_WIDTH9_37
gmem3_m_axi_U/clk_gate_bus_write_fifo_burst_genblk1_raddr_reg       3.9900     0.0      0.0000      3.9900 0.0000 SNPS_CLOCK_GATE_HIGH_tinytpu_isa_gmem3_m_axi_CONSERVATIVE1_NUM_READ_OUTSTANDING16_NUM_WRITE_OUTSTANDING16_MAX_READ_BURST_LENGTH16_MAX_WRITE_BURST_LENGTH16_C_M_AXI_ID_WIDTH1_C_M_AXI_ADDR_WIDTH64_C_M_AXI_DATA_WIDTH32_C_M_AXI_AWUSER_WIDTH1_C_M_AXI_ARUSER_WIDTH1_C_M_AXI_WUSER_WIDTH1_C_M_AXI_RUSER_WIDTH1_C_M_AXI_BUSER_WIDTH1_C_USER_VALUE0_C_PROT_VALUE0_C_CACHE_VALUE3_USER_DW32_USER_AW64_USER_MAXREQS4_USER_RFIFONUM_WIDTH9_39
gmem3_m_axi_U/clk_gate_bus_write_fifo_resp_empty_n_reg       3.9900     0.0      0.0000      3.9900 0.0000 SNPS_CLOCK_GATE_HIGH_tinytpu_isa_gmem3_m_axi_CONSERVATIVE1_NUM_READ_OUTSTANDING16_NUM_WRITE_OUTSTANDING16_MAX_READ_BURST_LENGTH16_MAX_WRITE_BURST_LENGTH16_C_M_AXI_ID_WIDTH1_C_M_AXI_ADDR_WIDTH64_C_M_AXI_DATA_WIDTH32_C_M_AXI_AWUSER_WIDTH1_C_M_AXI_ARUSER_WIDTH1_C_M_AXI_WUSER_WIDTH1_C_M_AXI_RUSER_WIDTH1_C_M_AXI_BUSER_WIDTH1_C_USER_VALUE0_C_PROT_VALUE0_C_CACHE_VALUE3_USER_DW32_USER_AW64_USER_MAXREQS4_USER_RFIFONUM_WIDTH9_8
gmem3_m_axi_U/clk_gate_bus_write_fifo_resp_genblk1_U_fifo_srl_genblk1_mem_reg_14_       3.9900     0.0      0.0000      3.9900 0.0000 SNPS_CLOCK_GATE_HIGH_tinytpu_isa_gmem3_m_axi_CONSERVATIVE1_NUM_READ_OUTSTANDING16_NUM_WRITE_OUTSTANDING16_MAX_READ_BURST_LENGTH16_MAX_WRITE_BURST_LENGTH16_C_M_AXI_ID_WIDTH1_C_M_AXI_ADDR_WIDTH64_C_M_AXI_DATA_WIDTH32_C_M_AXI_AWUSER_WIDTH1_C_M_AXI_ARUSER_WIDTH1_C_M_AXI_WUSER_WIDTH1_C_M_AXI_RUSER_WIDTH1_C_M_AXI_BUSER_WIDTH1_C_USER_VALUE0_C_PROT_VALUE0_C_CACHE_VALUE3_USER_DW32_USER_AW64_USER_MAXREQS4_USER_RFIFONUM_WIDTH9_1
gmem3_m_axi_U/clk_gate_bus_write_fifo_resp_genblk1_raddr_reg       3.9900     0.0      0.0000      3.9900 0.0000 SNPS_CLOCK_GATE_HIGH_tinytpu_isa_gmem3_m_axi_CONSERVATIVE1_NUM_READ_OUTSTANDING16_NUM_WRITE_OUTSTANDING16_MAX_READ_BURST_LENGTH16_MAX_WRITE_BURST_LENGTH16_C_M_AXI_ID_WIDTH1_C_M_AXI_ADDR_WIDTH64_C_M_AXI_DATA_WIDTH32_C_M_AXI_AWUSER_WIDTH1_C_M_AXI_ARUSER_WIDTH1_C_M_AXI_WUSER_WIDTH1_C_M_AXI_RUSER_WIDTH1_C_M_AXI_BUSER_WIDTH1_C_USER_VALUE0_C_PROT_VALUE0_C_CACHE_VALUE3_USER_DW32_USER_AW64_USER_MAXREQS4_USER_RFIFONUM_WIDTH9_7
gmem3_m_axi_U/clk_gate_bus_write_len_cnt_reg       3.9900     0.0      0.0000      3.9900 0.0000 SNPS_CLOCK_GATE_HIGH_tinytpu_isa_gmem3_m_axi_CONSERVATIVE1_NUM_READ_OUTSTANDING16_NUM_WRITE_OUTSTANDING16_MAX_READ_BURST_LENGTH16_MAX_WRITE_BURST_LENGTH16_C_M_AXI_ID_WIDTH1_C_M_AXI_ADDR_WIDTH64_C_M_AXI_DATA_WIDTH32_C_M_AXI_AWUSER_WIDTH1_C_M_AXI_ARUSER_WIDTH1_C_M_AXI_WUSER_WIDTH1_C_M_AXI_RUSER_WIDTH1_C_M_AXI_BUSER_WIDTH1_C_USER_VALUE0_C_PROT_VALUE0_C_CACHE_VALUE3_USER_DW32_USER_AW64_USER_MAXREQS4_USER_RFIFONUM_WIDTH9_41
gmem3_m_axi_U/clk_gate_bus_write_wreq_burst_conv_could_multi_bursts_addr_step_reg       3.9900     0.0      0.0000      3.9900 0.0000 SNPS_CLOCK_GATE_HIGH_tinytpu_isa_gmem3_m_axi_CONSERVATIVE1_NUM_READ_OUTSTANDING16_NUM_WRITE_OUTSTANDING16_MAX_READ_BURST_LENGTH16_MAX_WRITE_BURST_LENGTH16_C_M_AXI_ID_WIDTH1_C_M_AXI_ADDR_WIDTH64_C_M_AXI_DATA_WIDTH32_C_M_AXI_AWUSER_WIDTH1_C_M_AXI_ARUSER_WIDTH1_C_M_AXI_WUSER_WIDTH1_C_M_AXI_RUSER_WIDTH1_C_M_AXI_BUSER_WIDTH1_C_USER_VALUE0_C_PROT_VALUE0_C_CACHE_VALUE3_USER_DW32_USER_AW64_USER_MAXREQS4_USER_RFIFONUM_WIDTH9_25
gmem3_m_axi_U/clk_gate_bus_write_wreq_burst_conv_could_multi_bursts_last_loop_reg       3.9900     0.0      0.0000      3.9900 0.0000 SNPS_CLOCK_GATE_HIGH_tinytpu_isa_gmem3_m_axi_CONSERVATIVE1_NUM_READ_OUTSTANDING16_NUM_WRITE_OUTSTANDING16_MAX_READ_BURST_LENGTH16_MAX_WRITE_BURST_LENGTH16_C_M_AXI_ID_WIDTH1_C_M_AXI_ADDR_WIDTH64_C_M_AXI_DATA_WIDTH32_C_M_AXI_AWUSER_WIDTH1_C_M_AXI_ARUSER_WIDTH1_C_M_AXI_WUSER_WIDTH1_C_M_AXI_RUSER_WIDTH1_C_M_AXI_BUSER_WIDTH1_C_USER_VALUE0_C_PROT_VALUE0_C_CACHE_VALUE3_USER_DW32_USER_AW64_USER_MAXREQS4_USER_RFIFONUM_WIDTH9_24
gmem3_m_axi_U/clk_gate_bus_write_wreq_burst_conv_end_from_4k_reg       3.9900     0.0      0.0000      3.9900 0.0000 SNPS_CLOCK_GATE_HIGH_tinytpu_isa_gmem3_m_axi_CONSERVATIVE1_NUM_READ_OUTSTANDING16_NUM_WRITE_OUTSTANDING16_MAX_READ_BURST_LENGTH16_MAX_WRITE_BURST_LENGTH16_C_M_AXI_ID_WIDTH1_C_M_AXI_ADDR_WIDTH64_C_M_AXI_DATA_WIDTH32_C_M_AXI_AWUSER_WIDTH1_C_M_AXI_ARUSER_WIDTH1_C_M_AXI_WUSER_WIDTH1_C_M_AXI_RUSER_WIDTH1_C_M_AXI_BUSER_WIDTH1_C_USER_VALUE0_C_PROT_VALUE0_C_CACHE_VALUE3_USER_DW32_USER_AW64_USER_MAXREQS4_USER_RFIFONUM_WIDTH9_21
gmem3_m_axi_U/clk_gate_bus_write_wreq_burst_conv_last_sect_buf_reg       3.9900     0.0      0.0000      3.9900 0.0000 SNPS_CLOCK_GATE_HIGH_tinytpu_isa_gmem3_m_axi_CONSERVATIVE1_NUM_READ_OUTSTANDING16_NUM_WRITE_OUTSTANDING16_MAX_READ_BURST_LENGTH16_MAX_WRITE_BURST_LENGTH16_C_M_AXI_ID_WIDTH1_C_M_AXI_ADDR_WIDTH64_C_M_AXI_DATA_WIDTH32_C_M_AXI_AWUSER_WIDTH1_C_M_AXI_ARUSER_WIDTH1_C_M_AXI_WUSER_WIDTH1_C_M_AXI_RUSER_WIDTH1_C_M_AXI_BUSER_WIDTH1_C_USER_VALUE0_C_PROT_VALUE0_C_CACHE_VALUE3_USER_DW32_USER_AW64_USER_MAXREQS4_USER_RFIFONUM_WIDTH9_23
gmem3_m_axi_U/clk_gate_bus_write_wreq_burst_conv_last_sect_reg       3.9900     0.0      0.0000      3.9900 0.0000 SNPS_CLOCK_GATE_HIGH_tinytpu_isa_gmem3_m_axi_CONSERVATIVE1_NUM_READ_OUTSTANDING16_NUM_WRITE_OUTSTANDING16_MAX_READ_BURST_LENGTH16_MAX_WRITE_BURST_LENGTH16_C_M_AXI_ID_WIDTH1_C_M_AXI_ADDR_WIDTH64_C_M_AXI_DATA_WIDTH32_C_M_AXI_AWUSER_WIDTH1_C_M_AXI_ARUSER_WIDTH1_C_M_AXI_WUSER_WIDTH1_C_M_AXI_RUSER_WIDTH1_C_M_AXI_BUSER_WIDTH1_C_USER_VALUE0_C_PROT_VALUE0_C_CACHE_VALUE3_USER_DW32_USER_AW64_USER_MAXREQS4_USER_RFIFONUM_WIDTH9_22
gmem3_m_axi_U/clk_gate_bus_write_wreq_burst_conv_rs_req_data_p1_reg       3.9900     0.0      0.0000      3.9900 0.0000 SNPS_CLOCK_GATE_HIGH_tinytpu_isa_gmem3_m_axi_CONSERVATIVE1_NUM_READ_OUTSTANDING16_NUM_WRITE_OUTSTANDING16_MAX_READ_BURST_LENGTH16_MAX_WRITE_BURST_LENGTH16_C_M_AXI_ID_WIDTH1_C_M_AXI_ADDR_WIDTH64_C_M_AXI_DATA_WIDTH32_C_M_AXI_AWUSER_WIDTH1_C_M_AXI_ARUSER_WIDTH1_C_M_AXI_WUSER_WIDTH1_C_M_AXI_RUSER_WIDTH1_C_M_AXI_BUSER_WIDTH1_C_USER_VALUE0_C_PROT_VALUE0_C_CACHE_VALUE3_USER_DW32_USER_AW64_USER_MAXREQS4_USER_RFIFONUM_WIDTH9_14
gmem3_m_axi_U/clk_gate_bus_write_wreq_burst_conv_rs_req_data_p2_reg       3.9900     0.0      0.0000      3.9900 0.0000 SNPS_CLOCK_GATE_HIGH_tinytpu_isa_gmem3_m_axi_CONSERVATIVE1_NUM_READ_OUTSTANDING16_NUM_WRITE_OUTSTANDING16_MAX_READ_BURST_LENGTH16_MAX_WRITE_BURST_LENGTH16_C_M_AXI_ID_WIDTH1_C_M_AXI_ADDR_WIDTH64_C_M_AXI_DATA_WIDTH32_C_M_AXI_AWUSER_WIDTH1_C_M_AXI_ARUSER_WIDTH1_C_M_AXI_WUSER_WIDTH1_C_M_AXI_RUSER_WIDTH1_C_M_AXI_BUSER_WIDTH1_C_USER_VALUE0_C_PROT_VALUE0_C_CACHE_VALUE3_USER_DW32_USER_AW64_USER_MAXREQS4_USER_RFIFONUM_WIDTH9_15
gmem3_m_axi_U/clk_gate_bus_write_wreq_throttle_genblk1_data_fifo_empty_n_reg       3.9900     0.0      0.0000      3.9900 0.0000 SNPS_CLOCK_GATE_HIGH_tinytpu_isa_gmem3_m_axi_CONSERVATIVE1_NUM_READ_OUTSTANDING16_NUM_WRITE_OUTSTANDING16_MAX_READ_BURST_LENGTH16_MAX_WRITE_BURST_LENGTH16_C_M_AXI_ID_WIDTH1_C_M_AXI_ADDR_WIDTH64_C_M_AXI_DATA_WIDTH32_C_M_AXI_AWUSER_WIDTH1_C_M_AXI_ARUSER_WIDTH1_C_M_AXI_WUSER_WIDTH1_C_M_AXI_RUSER_WIDTH1_C_M_AXI_BUSER_WIDTH1_C_USER_VALUE0_C_PROT_VALUE0_C_CACHE_VALUE3_USER_DW32_USER_AW64_USER_MAXREQS4_USER_RFIFONUM_WIDTH9_29
gmem3_m_axi_U/clk_gate_bus_write_wreq_throttle_genblk1_data_fifo_genblk1_U_fifo_srl_dout_reg       3.9900     0.0      0.0000      3.9900 0.0000 SNPS_CLOCK_GATE_HIGH_tinytpu_isa_gmem3_m_axi_CONSERVATIVE1_NUM_READ_OUTSTANDING16_NUM_WRITE_OUTSTANDING16_MAX_READ_BURST_LENGTH16_MAX_WRITE_BURST_LENGTH16_C_M_AXI_ID_WIDTH1_C_M_AXI_ADDR_WIDTH64_C_M_AXI_DATA_WIDTH32_C_M_AXI_AWUSER_WIDTH1_C_M_AXI_ARUSER_WIDTH1_C_M_AXI_WUSER_WIDTH1_C_M_AXI_RUSER_WIDTH1_C_M_AXI_BUSER_WIDTH1_C_USER_VALUE0_C_PROT_VALUE0_C_CACHE_VALUE3_USER_DW32_USER_AW64_USER_MAXREQS4_USER_RFIFONUM_WIDTH9_27
gmem3_m_axi_U/clk_gate_bus_write_wreq_throttle_genblk1_data_fifo_genblk1_U_fifo_srl_genblk1_mem_reg_14_       3.9900     0.0      0.0000      3.9900 0.0000 SNPS_CLOCK_GATE_HIGH_tinytpu_isa_gmem3_m_axi_CONSERVATIVE1_NUM_READ_OUTSTANDING16_NUM_WRITE_OUTSTANDING16_MAX_READ_BURST_LENGTH16_MAX_WRITE_BURST_LENGTH16_C_M_AXI_ID_WIDTH1_C_M_AXI_ADDR_WIDTH64_C_M_AXI_DATA_WIDTH32_C_M_AXI_AWUSER_WIDTH1_C_M_AXI_ARUSER_WIDTH1_C_M_AXI_WUSER_WIDTH1_C_M_AXI_RUSER_WIDTH1_C_M_AXI_BUSER_WIDTH1_C_USER_VALUE0_C_PROT_VALUE0_C_CACHE_VALUE3_USER_DW32_USER_AW64_USER_MAXREQS4_USER_RFIFONUM_WIDTH9_26
gmem3_m_axi_U/clk_gate_bus_write_wreq_throttle_genblk1_data_fifo_genblk1_raddr_reg       3.9900     0.0      0.0000      3.9900 0.0000 SNPS_CLOCK_GATE_HIGH_tinytpu_isa_gmem3_m_axi_CONSERVATIVE1_NUM_READ_OUTSTANDING16_NUM_WRITE_OUTSTANDING16_MAX_READ_BURST_LENGTH16_MAX_WRITE_BURST_LENGTH16_C_M_AXI_ID_WIDTH1_C_M_AXI_ADDR_WIDTH64_C_M_AXI_DATA_WIDTH32_C_M_AXI_AWUSER_WIDTH1_C_M_AXI_ARUSER_WIDTH1_C_M_AXI_WUSER_WIDTH1_C_M_AXI_RUSER_WIDTH1_C_M_AXI_BUSER_WIDTH1_C_USER_VALUE0_C_PROT_VALUE0_C_CACHE_VALUE3_USER_DW32_USER_AW64_USER_MAXREQS4_USER_RFIFONUM_WIDTH9_28
gmem3_m_axi_U/clk_gate_bus_write_wreq_throttle_genblk1_last_cnt_reg       3.9900     0.0      0.0000      3.9900 0.0000 SNPS_CLOCK_GATE_HIGH_tinytpu_isa_gmem3_m_axi_CONSERVATIVE1_NUM_READ_OUTSTANDING16_NUM_WRITE_OUTSTANDING16_MAX_READ_BURST_LENGTH16_MAX_WRITE_BURST_LENGTH16_C_M_AXI_ID_WIDTH1_C_M_AXI_ADDR_WIDTH64_C_M_AXI_DATA_WIDTH32_C_M_AXI_AWUSER_WIDTH1_C_M_AXI_ARUSER_WIDTH1_C_M_AXI_WUSER_WIDTH1_C_M_AXI_RUSER_WIDTH1_C_M_AXI_BUSER_WIDTH1_C_USER_VALUE0_C_PROT_VALUE0_C_CACHE_VALUE3_USER_DW32_USER_AW64_USER_MAXREQS4_USER_RFIFONUM_WIDTH9_36
gmem3_m_axi_U/clk_gate_bus_write_wreq_throttle_genblk1_req_fifo_empty_n_reg       3.9900     0.0      0.0000      3.9900 0.0000 SNPS_CLOCK_GATE_HIGH_tinytpu_isa_gmem3_m_axi_CONSERVATIVE1_NUM_READ_OUTSTANDING16_NUM_WRITE_OUTSTANDING16_MAX_READ_BURST_LENGTH16_MAX_WRITE_BURST_LENGTH16_C_M_AXI_ID_WIDTH1_C_M_AXI_ADDR_WIDTH64_C_M_AXI_DATA_WIDTH32_C_M_AXI_AWUSER_WIDTH1_C_M_AXI_ARUSER_WIDTH1_C_M_AXI_WUSER_WIDTH1_C_M_AXI_RUSER_WIDTH1_C_M_AXI_BUSER_WIDTH1_C_USER_VALUE0_C_PROT_VALUE0_C_CACHE_VALUE3_USER_DW32_USER_AW64_USER_MAXREQS4_USER_RFIFONUM_WIDTH9_33
gmem3_m_axi_U/clk_gate_bus_write_wreq_throttle_genblk1_req_fifo_genblk1_U_fifo_srl_dout_reg       3.9900     0.0      0.0000      3.9900 0.0000 SNPS_CLOCK_GATE_HIGH_tinytpu_isa_gmem3_m_axi_CONSERVATIVE1_NUM_READ_OUTSTANDING16_NUM_WRITE_OUTSTANDING16_MAX_READ_BURST_LENGTH16_MAX_WRITE_BURST_LENGTH16_C_M_AXI_ID_WIDTH1_C_M_AXI_ADDR_WIDTH64_C_M_AXI_DATA_WIDTH32_C_M_AXI_AWUSER_WIDTH1_C_M_AXI_ARUSER_WIDTH1_C_M_AXI_WUSER_WIDTH1_C_M_AXI_RUSER_WIDTH1_C_M_AXI_BUSER_WIDTH1_C_USER_VALUE0_C_PROT_VALUE0_C_CACHE_VALUE3_USER_DW32_USER_AW64_USER_MAXREQS4_USER_RFIFONUM_WIDTH9_31
gmem3_m_axi_U/clk_gate_bus_write_wreq_throttle_genblk1_req_fifo_genblk1_U_fifo_srl_genblk1_mem_reg_14_       3.9900     0.0      0.0000      3.9900 0.0000 SNPS_CLOCK_GATE_HIGH_tinytpu_isa_gmem3_m_axi_CONSERVATIVE1_NUM_READ_OUTSTANDING16_NUM_WRITE_OUTSTANDING16_MAX_READ_BURST_LENGTH16_MAX_WRITE_BURST_LENGTH16_C_M_AXI_ID_WIDTH1_C_M_AXI_ADDR_WIDTH64_C_M_AXI_DATA_WIDTH32_C_M_AXI_AWUSER_WIDTH1_C_M_AXI_ARUSER_WIDTH1_C_M_AXI_WUSER_WIDTH1_C_M_AXI_RUSER_WIDTH1_C_M_AXI_BUSER_WIDTH1_C_USER_VALUE0_C_PROT_VALUE0_C_CACHE_VALUE3_USER_DW32_USER_AW64_USER_MAXREQS4_USER_RFIFONUM_WIDTH9_30
gmem3_m_axi_U/clk_gate_bus_write_wreq_throttle_genblk1_req_fifo_genblk1_raddr_reg       3.9900     0.0      0.0000      3.9900 0.0000 SNPS_CLOCK_GATE_HIGH_tinytpu_isa_gmem3_m_axi_CONSERVATIVE1_NUM_READ_OUTSTANDING16_NUM_WRITE_OUTSTANDING16_MAX_READ_BURST_LENGTH16_MAX_WRITE_BURST_LENGTH16_C_M_AXI_ID_WIDTH1_C_M_AXI_ADDR_WIDTH64_C_M_AXI_DATA_WIDTH32_C_M_AXI_AWUSER_WIDTH1_C_M_AXI_ARUSER_WIDTH1_C_M_AXI_WUSER_WIDTH1_C_M_AXI_RUSER_WIDTH1_C_M_AXI_BUSER_WIDTH1_C_USER_VALUE0_C_PROT_VALUE0_C_CACHE_VALUE3_USER_DW32_USER_AW64_USER_MAXREQS4_USER_RFIFONUM_WIDTH9_32
gmem3_m_axi_U/clk_gate_bus_write_wreq_throttle_genblk1_rs_req_data_p1_reg       3.9900     0.0      0.0000      3.9900 0.0000 SNPS_CLOCK_GATE_HIGH_tinytpu_isa_gmem3_m_axi_CONSERVATIVE1_NUM_READ_OUTSTANDING16_NUM_WRITE_OUTSTANDING16_MAX_READ_BURST_LENGTH16_MAX_WRITE_BURST_LENGTH16_C_M_AXI_ID_WIDTH1_C_M_AXI_ADDR_WIDTH64_C_M_AXI_DATA_WIDTH32_C_M_AXI_AWUSER_WIDTH1_C_M_AXI_ARUSER_WIDTH1_C_M_AXI_WUSER_WIDTH1_C_M_AXI_RUSER_WIDTH1_C_M_AXI_BUSER_WIDTH1_C_USER_VALUE0_C_PROT_VALUE0_C_CACHE_VALUE3_USER_DW32_USER_AW64_USER_MAXREQS4_USER_RFIFONUM_WIDTH9_34
gmem3_m_axi_U/clk_gate_bus_write_wreq_throttle_genblk1_rs_req_data_p2_reg       3.9900     0.0      0.0000      3.9900 0.0000 SNPS_CLOCK_GATE_HIGH_tinytpu_isa_gmem3_m_axi_CONSERVATIVE1_NUM_READ_OUTSTANDING16_NUM_WRITE_OUTSTANDING16_MAX_READ_BURST_LENGTH16_MAX_WRITE_BURST_LENGTH16_C_M_AXI_ID_WIDTH1_C_M_AXI_ADDR_WIDTH64_C_M_AXI_DATA_WIDTH32_C_M_AXI_AWUSER_WIDTH1_C_M_AXI_ARUSER_WIDTH1_C_M_AXI_WUSER_WIDTH1_C_M_AXI_RUSER_WIDTH1_C_M_AXI_BUSER_WIDTH1_C_USER_VALUE0_C_PROT_VALUE0_C_CACHE_VALUE3_USER_DW32_USER_AW64_USER_MAXREQS4_USER_RFIFONUM_WIDTH9_35
gmem3_m_axi_U/clk_gate_load_unit_buff_rdata_empty_n_reg       3.9900     0.0      0.0000      3.9900 0.0000 SNPS_CLOCK_GATE_HIGH_tinytpu_isa_gmem3_m_axi_CONSERVATIVE1_NUM_READ_OUTSTANDING16_NUM_WRITE_OUTSTANDING16_MAX_READ_BURST_LENGTH16_MAX_WRITE_BURST_LENGTH16_C_M_AXI_ID_WIDTH1_C_M_AXI_ADDR_WIDTH64_C_M_AXI_DATA_WIDTH32_C_M_AXI_AWUSER_WIDTH1_C_M_AXI_ARUSER_WIDTH1_C_M_AXI_WUSER_WIDTH1_C_M_AXI_RUSER_WIDTH1_C_M_AXI_BUSER_WIDTH1_C_USER_VALUE0_C_PROT_VALUE0_C_CACHE_VALUE3_USER_DW32_USER_AW64_USER_MAXREQS4_USER_RFIFONUM_WIDTH9_43
gmem3_m_axi_U/clk_gate_store_unit_buff_wdata_empty_n_reg       3.9900     0.0      0.0000      3.9900 0.0000 SNPS_CLOCK_GATE_HIGH_tinytpu_isa_gmem3_m_axi_CONSERVATIVE1_NUM_READ_OUTSTANDING16_NUM_WRITE_OUTSTANDING16_MAX_READ_BURST_LENGTH16_MAX_WRITE_BURST_LENGTH16_C_M_AXI_ID_WIDTH1_C_M_AXI_ADDR_WIDTH64_C_M_AXI_DATA_WIDTH32_C_M_AXI_AWUSER_WIDTH1_C_M_AXI_ARUSER_WIDTH1_C_M_AXI_WUSER_WIDTH1_C_M_AXI_RUSER_WIDTH1_C_M_AXI_BUSER_WIDTH1_C_USER_VALUE0_C_PROT_VALUE0_C_CACHE_VALUE3_USER_DW32_USER_AW64_USER_MAXREQS4_USER_RFIFONUM_WIDTH9_67
gmem3_m_axi_U/clk_gate_store_unit_buff_wdata_genblk1_U_fifo_mem_dout_reg       3.9900     0.0      0.0000      3.9900 0.0000 SNPS_CLOCK_GATE_HIGH_tinytpu_isa_gmem3_m_axi_CONSERVATIVE1_NUM_READ_OUTSTANDING16_NUM_WRITE_OUTSTANDING16_MAX_READ_BURST_LENGTH16_MAX_WRITE_BURST_LENGTH16_C_M_AXI_ID_WIDTH1_C_M_AXI_ADDR_WIDTH64_C_M_AXI_DATA_WIDTH32_C_M_AXI_AWUSER_WIDTH1_C_M_AXI_ARUSER_WIDTH1_C_M_AXI_WUSER_WIDTH1_C_M_AXI_RUSER_WIDTH1_C_M_AXI_BUSER_WIDTH1_C_USER_VALUE0_C_PROT_VALUE0_C_CACHE_VALUE3_USER_DW32_USER_AW64_USER_MAXREQS4_USER_RFIFONUM_WIDTH9_65
gmem3_m_axi_U/clk_gate_store_unit_buff_wdata_genblk1_U_fifo_mem_mem_reg_0_       3.9900     0.0      0.0000      3.9900 0.0000 SNPS_CLOCK_GATE_HIGH_tinytpu_isa_gmem3_m_axi_CONSERVATIVE1_NUM_READ_OUTSTANDING16_NUM_WRITE_OUTSTANDING16_MAX_READ_BURST_LENGTH16_MAX_WRITE_BURST_LENGTH16_C_M_AXI_ID_WIDTH1_C_M_AXI_ADDR_WIDTH64_C_M_AXI_DATA_WIDTH32_C_M_AXI_AWUSER_WIDTH1_C_M_AXI_ARUSER_WIDTH1_C_M_AXI_WUSER_WIDTH1_C_M_AXI_RUSER_WIDTH1_C_M_AXI_BUSER_WIDTH1_C_USER_VALUE0_C_PROT_VALUE0_C_CACHE_VALUE3_USER_DW32_USER_AW64_USER_MAXREQS4_USER_RFIFONUM_WIDTH9_50
gmem3_m_axi_U/clk_gate_store_unit_buff_wdata_genblk1_U_fifo_mem_mem_reg_10_       3.9900     0.0      0.0000      3.9900 0.0000 SNPS_CLOCK_GATE_HIGH_tinytpu_isa_gmem3_m_axi_CONSERVATIVE1_NUM_READ_OUTSTANDING16_NUM_WRITE_OUTSTANDING16_MAX_READ_BURST_LENGTH16_MAX_WRITE_BURST_LENGTH16_C_M_AXI_ID_WIDTH1_C_M_AXI_ADDR_WIDTH64_C_M_AXI_DATA_WIDTH32_C_M_AXI_AWUSER_WIDTH1_C_M_AXI_ARUSER_WIDTH1_C_M_AXI_WUSER_WIDTH1_C_M_AXI_RUSER_WIDTH1_C_M_AXI_BUSER_WIDTH1_C_USER_VALUE0_C_PROT_VALUE0_C_CACHE_VALUE3_USER_DW32_USER_AW64_USER_MAXREQS4_USER_RFIFONUM_WIDTH9_60
gmem3_m_axi_U/clk_gate_store_unit_buff_wdata_genblk1_U_fifo_mem_mem_reg_11_       3.9900     0.0      0.0000      3.9900 0.0000 SNPS_CLOCK_GATE_HIGH_tinytpu_isa_gmem3_m_axi_CONSERVATIVE1_NUM_READ_OUTSTANDING16_NUM_WRITE_OUTSTANDING16_MAX_READ_BURST_LENGTH16_MAX_WRITE_BURST_LENGTH16_C_M_AXI_ID_WIDTH1_C_M_AXI_ADDR_WIDTH64_C_M_AXI_DATA_WIDTH32_C_M_AXI_AWUSER_WIDTH1_C_M_AXI_ARUSER_WIDTH1_C_M_AXI_WUSER_WIDTH1_C_M_AXI_RUSER_WIDTH1_C_M_AXI_BUSER_WIDTH1_C_USER_VALUE0_C_PROT_VALUE0_C_CACHE_VALUE3_USER_DW32_USER_AW64_USER_MAXREQS4_USER_RFIFONUM_WIDTH9_61
gmem3_m_axi_U/clk_gate_store_unit_buff_wdata_genblk1_U_fifo_mem_mem_reg_12_       3.9900     0.0      0.0000      3.9900 0.0000 SNPS_CLOCK_GATE_HIGH_tinytpu_isa_gmem3_m_axi_CONSERVATIVE1_NUM_READ_OUTSTANDING16_NUM_WRITE_OUTSTANDING16_MAX_READ_BURST_LENGTH16_MAX_WRITE_BURST_LENGTH16_C_M_AXI_ID_WIDTH1_C_M_AXI_ADDR_WIDTH64_C_M_AXI_DATA_WIDTH32_C_M_AXI_AWUSER_WIDTH1_C_M_AXI_ARUSER_WIDTH1_C_M_AXI_WUSER_WIDTH1_C_M_AXI_RUSER_WIDTH1_C_M_AXI_BUSER_WIDTH1_C_USER_VALUE0_C_PROT_VALUE0_C_CACHE_VALUE3_USER_DW32_USER_AW64_USER_MAXREQS4_USER_RFIFONUM_WIDTH9_62
gmem3_m_axi_U/clk_gate_store_unit_buff_wdata_genblk1_U_fifo_mem_mem_reg_13_       3.9900     0.0      0.0000      3.9900 0.0000 SNPS_CLOCK_GATE_HIGH_tinytpu_isa_gmem3_m_axi_CONSERVATIVE1_NUM_READ_OUTSTANDING16_NUM_WRITE_OUTSTANDING16_MAX_READ_BURST_LENGTH16_MAX_WRITE_BURST_LENGTH16_C_M_AXI_ID_WIDTH1_C_M_AXI_ADDR_WIDTH64_C_M_AXI_DATA_WIDTH32_C_M_AXI_AWUSER_WIDTH1_C_M_AXI_ARUSER_WIDTH1_C_M_AXI_WUSER_WIDTH1_C_M_AXI_RUSER_WIDTH1_C_M_AXI_BUSER_WIDTH1_C_USER_VALUE0_C_PROT_VALUE0_C_CACHE_VALUE3_USER_DW32_USER_AW64_USER_MAXREQS4_USER_RFIFONUM_WIDTH9_63
gmem3_m_axi_U/clk_gate_store_unit_buff_wdata_genblk1_U_fifo_mem_mem_reg_14_       3.9900     0.0      0.0000      3.9900 0.0000 SNPS_CLOCK_GATE_HIGH_tinytpu_isa_gmem3_m_axi_CONSERVATIVE1_NUM_READ_OUTSTANDING16_NUM_WRITE_OUTSTANDING16_MAX_READ_BURST_LENGTH16_MAX_WRITE_BURST_LENGTH16_C_M_AXI_ID_WIDTH1_C_M_AXI_ADDR_WIDTH64_C_M_AXI_DATA_WIDTH32_C_M_AXI_AWUSER_WIDTH1_C_M_AXI_ARUSER_WIDTH1_C_M_AXI_WUSER_WIDTH1_C_M_AXI_RUSER_WIDTH1_C_M_AXI_BUSER_WIDTH1_C_USER_VALUE0_C_PROT_VALUE0_C_CACHE_VALUE3_USER_DW32_USER_AW64_USER_MAXREQS4_USER_RFIFONUM_WIDTH9_64
gmem3_m_axi_U/clk_gate_store_unit_buff_wdata_genblk1_U_fifo_mem_mem_reg_1_       3.9900     0.0      0.0000      3.9900 0.0000 SNPS_CLOCK_GATE_HIGH_tinytpu_isa_gmem3_m_axi_CONSERVATIVE1_NUM_READ_OUTSTANDING16_NUM_WRITE_OUTSTANDING16_MAX_READ_BURST_LENGTH16_MAX_WRITE_BURST_LENGTH16_C_M_AXI_ID_WIDTH1_C_M_AXI_ADDR_WIDTH64_C_M_AXI_DATA_WIDTH32_C_M_AXI_AWUSER_WIDTH1_C_M_AXI_ARUSER_WIDTH1_C_M_AXI_WUSER_WIDTH1_C_M_AXI_RUSER_WIDTH1_C_M_AXI_BUSER_WIDTH1_C_USER_VALUE0_C_PROT_VALUE0_C_CACHE_VALUE3_USER_DW32_USER_AW64_USER_MAXREQS4_USER_RFIFONUM_WIDTH9_51
gmem3_m_axi_U/clk_gate_store_unit_buff_wdata_genblk1_U_fifo_mem_mem_reg_2_       3.9900     0.0      0.0000      3.9900 0.0000 SNPS_CLOCK_GATE_HIGH_tinytpu_isa_gmem3_m_axi_CONSERVATIVE1_NUM_READ_OUTSTANDING16_NUM_WRITE_OUTSTANDING16_MAX_READ_BURST_LENGTH16_MAX_WRITE_BURST_LENGTH16_C_M_AXI_ID_WIDTH1_C_M_AXI_ADDR_WIDTH64_C_M_AXI_DATA_WIDTH32_C_M_AXI_AWUSER_WIDTH1_C_M_AXI_ARUSER_WIDTH1_C_M_AXI_WUSER_WIDTH1_C_M_AXI_RUSER_WIDTH1_C_M_AXI_BUSER_WIDTH1_C_USER_VALUE0_C_PROT_VALUE0_C_CACHE_VALUE3_USER_DW32_USER_AW64_USER_MAXREQS4_USER_RFIFONUM_WIDTH9_52
gmem3_m_axi_U/clk_gate_store_unit_buff_wdata_genblk1_U_fifo_mem_mem_reg_3_       3.9900     0.0      0.0000      3.9900 0.0000 SNPS_CLOCK_GATE_HIGH_tinytpu_isa_gmem3_m_axi_CONSERVATIVE1_NUM_READ_OUTSTANDING16_NUM_WRITE_OUTSTANDING16_MAX_READ_BURST_LENGTH16_MAX_WRITE_BURST_LENGTH16_C_M_AXI_ID_WIDTH1_C_M_AXI_ADDR_WIDTH64_C_M_AXI_DATA_WIDTH32_C_M_AXI_AWUSER_WIDTH1_C_M_AXI_ARUSER_WIDTH1_C_M_AXI_WUSER_WIDTH1_C_M_AXI_RUSER_WIDTH1_C_M_AXI_BUSER_WIDTH1_C_USER_VALUE0_C_PROT_VALUE0_C_CACHE_VALUE3_USER_DW32_USER_AW64_USER_MAXREQS4_USER_RFIFONUM_WIDTH9_53
gmem3_m_axi_U/clk_gate_store_unit_buff_wdata_genblk1_U_fifo_mem_mem_reg_4_       3.9900     0.0      0.0000      3.9900 0.0000 SNPS_CLOCK_GATE_HIGH_tinytpu_isa_gmem3_m_axi_CONSERVATIVE1_NUM_READ_OUTSTANDING16_NUM_WRITE_OUTSTANDING16_MAX_READ_BURST_LENGTH16_MAX_WRITE_BURST_LENGTH16_C_M_AXI_ID_WIDTH1_C_M_AXI_ADDR_WIDTH64_C_M_AXI_DATA_WIDTH32_C_M_AXI_AWUSER_WIDTH1_C_M_AXI_ARUSER_WIDTH1_C_M_AXI_WUSER_WIDTH1_C_M_AXI_RUSER_WIDTH1_C_M_AXI_BUSER_WIDTH1_C_USER_VALUE0_C_PROT_VALUE0_C_CACHE_VALUE3_USER_DW32_USER_AW64_USER_MAXREQS4_USER_RFIFONUM_WIDTH9_54
gmem3_m_axi_U/clk_gate_store_unit_buff_wdata_genblk1_U_fifo_mem_mem_reg_5_       3.9900     0.0      0.0000      3.9900 0.0000 SNPS_CLOCK_GATE_HIGH_tinytpu_isa_gmem3_m_axi_CONSERVATIVE1_NUM_READ_OUTSTANDING16_NUM_WRITE_OUTSTANDING16_MAX_READ_BURST_LENGTH16_MAX_WRITE_BURST_LENGTH16_C_M_AXI_ID_WIDTH1_C_M_AXI_ADDR_WIDTH64_C_M_AXI_DATA_WIDTH32_C_M_AXI_AWUSER_WIDTH1_C_M_AXI_ARUSER_WIDTH1_C_M_AXI_WUSER_WIDTH1_C_M_AXI_RUSER_WIDTH1_C_M_AXI_BUSER_WIDTH1_C_USER_VALUE0_C_PROT_VALUE0_C_CACHE_VALUE3_USER_DW32_USER_AW64_USER_MAXREQS4_USER_RFIFONUM_WIDTH9_55
gmem3_m_axi_U/clk_gate_store_unit_buff_wdata_genblk1_U_fifo_mem_mem_reg_6_       3.9900     0.0      0.0000      3.9900 0.0000 SNPS_CLOCK_GATE_HIGH_tinytpu_isa_gmem3_m_axi_CONSERVATIVE1_NUM_READ_OUTSTANDING16_NUM_WRITE_OUTSTANDING16_MAX_READ_BURST_LENGTH16_MAX_WRITE_BURST_LENGTH16_C_M_AXI_ID_WIDTH1_C_M_AXI_ADDR_WIDTH64_C_M_AXI_DATA_WIDTH32_C_M_AXI_AWUSER_WIDTH1_C_M_AXI_ARUSER_WIDTH1_C_M_AXI_WUSER_WIDTH1_C_M_AXI_RUSER_WIDTH1_C_M_AXI_BUSER_WIDTH1_C_USER_VALUE0_C_PROT_VALUE0_C_CACHE_VALUE3_USER_DW32_USER_AW64_USER_MAXREQS4_USER_RFIFONUM_WIDTH9_56
gmem3_m_axi_U/clk_gate_store_unit_buff_wdata_genblk1_U_fifo_mem_mem_reg_7_       3.9900     0.0      0.0000      3.9900 0.0000 SNPS_CLOCK_GATE_HIGH_tinytpu_isa_gmem3_m_axi_CONSERVATIVE1_NUM_READ_OUTSTANDING16_NUM_WRITE_OUTSTANDING16_MAX_READ_BURST_LENGTH16_MAX_WRITE_BURST_LENGTH16_C_M_AXI_ID_WIDTH1_C_M_AXI_ADDR_WIDTH64_C_M_AXI_DATA_WIDTH32_C_M_AXI_AWUSER_WIDTH1_C_M_AXI_ARUSER_WIDTH1_C_M_AXI_WUSER_WIDTH1_C_M_AXI_RUSER_WIDTH1_C_M_AXI_BUSER_WIDTH1_C_USER_VALUE0_C_PROT_VALUE0_C_CACHE_VALUE3_USER_DW32_USER_AW64_USER_MAXREQS4_USER_RFIFONUM_WIDTH9_57
gmem3_m_axi_U/clk_gate_store_unit_buff_wdata_genblk1_U_fifo_mem_mem_reg_8_       3.9900     0.0      0.0000      3.9900 0.0000 SNPS_CLOCK_GATE_HIGH_tinytpu_isa_gmem3_m_axi_CONSERVATIVE1_NUM_READ_OUTSTANDING16_NUM_WRITE_OUTSTANDING16_MAX_READ_BURST_LENGTH16_MAX_WRITE_BURST_LENGTH16_C_M_AXI_ID_WIDTH1_C_M_AXI_ADDR_WIDTH64_C_M_AXI_DATA_WIDTH32_C_M_AXI_AWUSER_WIDTH1_C_M_AXI_ARUSER_WIDTH1_C_M_AXI_WUSER_WIDTH1_C_M_AXI_RUSER_WIDTH1_C_M_AXI_BUSER_WIDTH1_C_USER_VALUE0_C_PROT_VALUE0_C_CACHE_VALUE3_USER_DW32_USER_AW64_USER_MAXREQS4_USER_RFIFONUM_WIDTH9_58
gmem3_m_axi_U/clk_gate_store_unit_buff_wdata_genblk1_U_fifo_mem_mem_reg_9_       3.9900     0.0      0.0000      3.9900 0.0000 SNPS_CLOCK_GATE_HIGH_tinytpu_isa_gmem3_m_axi_CONSERVATIVE1_NUM_READ_OUTSTANDING16_NUM_WRITE_OUTSTANDING16_MAX_READ_BURST_LENGTH16_MAX_WRITE_BURST_LENGTH16_C_M_AXI_ID_WIDTH1_C_M_AXI_ADDR_WIDTH64_C_M_AXI_DATA_WIDTH32_C_M_AXI_AWUSER_WIDTH1_C_M_AXI_ARUSER_WIDTH1_C_M_AXI_WUSER_WIDTH1_C_M_AXI_RUSER_WIDTH1_C_M_AXI_BUSER_WIDTH1_C_USER_VALUE0_C_PROT_VALUE0_C_CACHE_VALUE3_USER_DW32_USER_AW64_USER_MAXREQS4_USER_RFIFONUM_WIDTH9_59
gmem3_m_axi_U/clk_gate_store_unit_buff_wdata_genblk1_waddr_reg       3.9900     0.0      0.0000      3.9900 0.0000 SNPS_CLOCK_GATE_HIGH_tinytpu_isa_gmem3_m_axi_CONSERVATIVE1_NUM_READ_OUTSTANDING16_NUM_WRITE_OUTSTANDING16_MAX_READ_BURST_LENGTH16_MAX_WRITE_BURST_LENGTH16_C_M_AXI_ID_WIDTH1_C_M_AXI_ADDR_WIDTH64_C_M_AXI_DATA_WIDTH32_C_M_AXI_AWUSER_WIDTH1_C_M_AXI_ARUSER_WIDTH1_C_M_AXI_WUSER_WIDTH1_C_M_AXI_RUSER_WIDTH1_C_M_AXI_BUSER_WIDTH1_C_USER_VALUE0_C_PROT_VALUE0_C_CACHE_VALUE3_USER_DW32_USER_AW64_USER_MAXREQS4_USER_RFIFONUM_WIDTH9_66
gmem3_m_axi_U/clk_gate_store_unit_fifo_wreq_empty_n_reg       3.9900     0.0      0.0000      3.9900 0.0000 SNPS_CLOCK_GATE_HIGH_tinytpu_isa_gmem3_m_axi_CONSERVATIVE1_NUM_READ_OUTSTANDING16_NUM_WRITE_OUTSTANDING16_MAX_READ_BURST_LENGTH16_MAX_WRITE_BURST_LENGTH16_C_M_AXI_ID_WIDTH1_C_M_AXI_ADDR_WIDTH64_C_M_AXI_DATA_WIDTH32_C_M_AXI_AWUSER_WIDTH1_C_M_AXI_ARUSER_WIDTH1_C_M_AXI_WUSER_WIDTH1_C_M_AXI_RUSER_WIDTH1_C_M_AXI_BUSER_WIDTH1_C_USER_VALUE0_C_PROT_VALUE0_C_CACHE_VALUE3_USER_DW32_USER_AW64_USER_MAXREQS4_USER_RFIFONUM_WIDTH9_47
gmem3_m_axi_U/clk_gate_store_unit_fifo_wreq_genblk1_U_fifo_srl_dout_reg       3.9900     0.0      0.0000      3.9900 0.0000 SNPS_CLOCK_GATE_HIGH_tinytpu_isa_gmem3_m_axi_CONSERVATIVE1_NUM_READ_OUTSTANDING16_NUM_WRITE_OUTSTANDING16_MAX_READ_BURST_LENGTH16_MAX_WRITE_BURST_LENGTH16_C_M_AXI_ID_WIDTH1_C_M_AXI_ADDR_WIDTH64_C_M_AXI_DATA_WIDTH32_C_M_AXI_AWUSER_WIDTH1_C_M_AXI_ARUSER_WIDTH1_C_M_AXI_WUSER_WIDTH1_C_M_AXI_RUSER_WIDTH1_C_M_AXI_BUSER_WIDTH1_C_USER_VALUE0_C_PROT_VALUE0_C_CACHE_VALUE3_USER_DW32_USER_AW64_USER_MAXREQS4_USER_RFIFONUM_WIDTH9_45
gmem3_m_axi_U/clk_gate_store_unit_fifo_wreq_genblk1_U_fifo_srl_genblk1_mem_reg_2_       3.9900     0.0      0.0000      3.9900 0.0000 SNPS_CLOCK_GATE_HIGH_tinytpu_isa_gmem3_m_axi_CONSERVATIVE1_NUM_READ_OUTSTANDING16_NUM_WRITE_OUTSTANDING16_MAX_READ_BURST_LENGTH16_MAX_WRITE_BURST_LENGTH16_C_M_AXI_ID_WIDTH1_C_M_AXI_ADDR_WIDTH64_C_M_AXI_DATA_WIDTH32_C_M_AXI_AWUSER_WIDTH1_C_M_AXI_ARUSER_WIDTH1_C_M_AXI_WUSER_WIDTH1_C_M_AXI_RUSER_WIDTH1_C_M_AXI_BUSER_WIDTH1_C_USER_VALUE0_C_PROT_VALUE0_C_CACHE_VALUE3_USER_DW32_USER_AW64_USER_MAXREQS4_USER_RFIFONUM_WIDTH9_44
gmem3_m_axi_U/clk_gate_store_unit_fifo_wrsp_empty_n_reg       3.9900     0.0      0.0000      3.9900 0.0000 SNPS_CLOCK_GATE_HIGH_tinytpu_isa_gmem3_m_axi_CONSERVATIVE1_NUM_READ_OUTSTANDING16_NUM_WRITE_OUTSTANDING16_MAX_READ_BURST_LENGTH16_MAX_WRITE_BURST_LENGTH16_C_M_AXI_ID_WIDTH1_C_M_AXI_ADDR_WIDTH64_C_M_AXI_DATA_WIDTH32_C_M_AXI_AWUSER_WIDTH1_C_M_AXI_ARUSER_WIDTH1_C_M_AXI_WUSER_WIDTH1_C_M_AXI_RUSER_WIDTH1_C_M_AXI_BUSER_WIDTH1_C_USER_VALUE0_C_PROT_VALUE0_C_CACHE_VALUE3_USER_DW32_USER_AW64_USER_MAXREQS4_USER_RFIFONUM_WIDTH9_10
gmem3_m_axi_U/clk_gate_store_unit_fifo_wrsp_genblk1_U_fifo_srl_genblk1_mem_reg_14_       3.9900     0.0      0.0000      3.9900 0.0000 SNPS_CLOCK_GATE_HIGH_tinytpu_isa_gmem3_m_axi_CONSERVATIVE1_NUM_READ_OUTSTANDING16_NUM_WRITE_OUTSTANDING16_MAX_READ_BURST_LENGTH16_MAX_WRITE_BURST_LENGTH16_C_M_AXI_ID_WIDTH1_C_M_AXI_ADDR_WIDTH64_C_M_AXI_DATA_WIDTH32_C_M_AXI_AWUSER_WIDTH1_C_M_AXI_ARUSER_WIDTH1_C_M_AXI_WUSER_WIDTH1_C_M_AXI_RUSER_WIDTH1_C_M_AXI_BUSER_WIDTH1_C_USER_VALUE0_C_PROT_VALUE0_C_CACHE_VALUE3_USER_DW32_USER_AW64_USER_MAXREQS4_USER_RFIFONUM_WIDTH9_2
gmem3_m_axi_U/clk_gate_store_unit_fifo_wrsp_genblk1_raddr_reg       3.9900     0.0      0.0000      3.9900 0.0000 SNPS_CLOCK_GATE_HIGH_tinytpu_isa_gmem3_m_axi_CONSERVATIVE1_NUM_READ_OUTSTANDING16_NUM_WRITE_OUTSTANDING16_MAX_READ_BURST_LENGTH16_MAX_WRITE_BURST_LENGTH16_C_M_AXI_ID_WIDTH1_C_M_AXI_ADDR_WIDTH64_C_M_AXI_DATA_WIDTH32_C_M_AXI_AWUSER_WIDTH1_C_M_AXI_ARUSER_WIDTH1_C_M_AXI_WUSER_WIDTH1_C_M_AXI_RUSER_WIDTH1_C_M_AXI_BUSER_WIDTH1_C_USER_VALUE0_C_PROT_VALUE0_C_CACHE_VALUE3_USER_DW32_USER_AW64_USER_MAXREQS4_USER_RFIFONUM_WIDTH9_9
gmem3_m_axi_U/clk_gate_store_unit_tmp_len_reg       3.9900     0.0      0.0000      3.9900 0.0000 SNPS_CLOCK_GATE_HIGH_tinytpu_isa_gmem3_m_axi_CONSERVATIVE1_NUM_READ_OUTSTANDING16_NUM_WRITE_OUTSTANDING16_MAX_READ_BURST_LENGTH16_MAX_WRITE_BURST_LENGTH16_C_M_AXI_ID_WIDTH1_C_M_AXI_ADDR_WIDTH64_C_M_AXI_DATA_WIDTH32_C_M_AXI_AWUSER_WIDTH1_C_M_AXI_ARUSER_WIDTH1_C_M_AXI_WUSER_WIDTH1_C_M_AXI_RUSER_WIDTH1_C_M_AXI_BUSER_WIDTH1_C_USER_VALUE0_C_PROT_VALUE0_C_CACHE_VALUE3_USER_DW32_USER_AW64_USER_MAXREQS4_USER_RFIFONUM_WIDTH9_0
gmem3_m_axi_U/clk_gate_store_unit_user_resp_empty_n_reg       3.9900     0.0      0.0000      3.9900 0.0000 SNPS_CLOCK_GATE_HIGH_tinytpu_isa_gmem3_m_axi_CONSERVATIVE1_NUM_READ_OUTSTANDING16_NUM_WRITE_OUTSTANDING16_MAX_READ_BURST_LENGTH16_MAX_WRITE_BURST_LENGTH16_C_M_AXI_ID_WIDTH1_C_M_AXI_ADDR_WIDTH64_C_M_AXI_DATA_WIDTH32_C_M_AXI_AWUSER_WIDTH1_C_M_AXI_ARUSER_WIDTH1_C_M_AXI_WUSER_WIDTH1_C_M_AXI_RUSER_WIDTH1_C_M_AXI_BUSER_WIDTH1_C_USER_VALUE0_C_PROT_VALUE0_C_CACHE_VALUE3_USER_DW32_USER_AW64_USER_MAXREQS4_USER_RFIFONUM_WIDTH9_49
pe_0_0_U0_clk_gate_grp_pe_0_0_Pipeline_VITIS_LOOP_2358_1_fu_32_ap_enable_reg_pp0_iter4_reg       3.9900     0.0      0.0000      3.9900 0.0000 SNPS_CLOCK_GATE_HIGH_tinytpu_isa_pe_0_0_1
pe_0_0_U0_clk_gate_grp_pe_0_0_Pipeline_VITIS_LOOP_2358_1_fu_32_v1098_fu_58_reg       3.9900     0.0      0.0000      3.9900 0.0000 SNPS_CLOCK_GATE_HIGH_tinytpu_isa_pe_0_0_2
pe_0_0_U0_clk_gate_grp_pe_0_0_Pipeline_VITIS_LOOP_2358_1_fu_32_v1114_reg_279_pp0_iter3_reg_reg       3.9900     0.0      0.0000      3.9900 0.0000 SNPS_CLOCK_GATE_HIGH_tinytpu_isa_pe_0_0_4
pe_0_0_U0_clk_gate_grp_pe_0_0_Pipeline_VITIS_LOOP_2358_1_fu_32_w_fu_66_reg       3.9900     0.0      0.0000      3.9900 0.0000 SNPS_CLOCK_GATE_HIGH_tinytpu_isa_pe_0_0_3
pe_0_0_U0_clk_gate_trunc_ln2346_reg_51_reg       3.9900     0.0      0.0000      3.9900 0.0000 SNPS_CLOCK_GATE_HIGH_tinytpu_isa_pe_0_0_0
pe_0_1_U0_clk_gate_grp_pe_0_1_Pipeline_VITIS_LOOP_2449_1_fu_30_ap_enable_reg_pp0_iter4_reg       3.9900     0.0      0.0000      3.9900 0.0000 SNPS_CLOCK_GATE_HIGH_tinytpu_isa_pe_0_1_1
pe_0_1_U0_clk_gate_grp_pe_0_1_Pipeline_VITIS_LOOP_2449_1_fu_30_v1142_fu_58_reg       3.9900     0.0      0.0000      3.9900 0.0000 SNPS_CLOCK_GATE_HIGH_tinytpu_isa_pe_0_1_2
pe_0_1_U0_clk_gate_grp_pe_0_1_Pipeline_VITIS_LOOP_2449_1_fu_30_v1155_reg_263_pp0_iter3_reg_reg       3.9900     0.0      0.0000      3.9900 0.0000 SNPS_CLOCK_GATE_HIGH_tinytpu_isa_pe_0_1_4
pe_0_1_U0_clk_gate_grp_pe_0_1_Pipeline_VITIS_LOOP_2449_1_fu_30_w2_fu_66_reg       3.9900     0.0      0.0000      3.9900 0.0000 SNPS_CLOCK_GATE_HIGH_tinytpu_isa_pe_0_1_3
pe_0_1_U0_clk_gate_trunc_ln2437_reg_47_reg       3.9900     0.0      0.0000      3.9900 0.0000 SNPS_CLOCK_GATE_HIGH_tinytpu_isa_pe_0_1_0
pe_0_2_U0_clk_gate_grp_pe_0_2_Pipeline_VITIS_LOOP_2532_1_fu_30_ap_enable_reg_pp0_iter4_reg       3.9900     0.0      0.0000      3.9900 0.0000 SNPS_CLOCK_GATE_HIGH_tinytpu_isa_pe_0_2_1
pe_0_2_U0_clk_gate_grp_pe_0_2_Pipeline_VITIS_LOOP_2532_1_fu_30_v1183_fu_58_reg       3.9900     0.0      0.0000      3.9900 0.0000 SNPS_CLOCK_GATE_HIGH_tinytpu_isa_pe_0_2_2
pe_0_2_U0_clk_gate_grp_pe_0_2_Pipeline_VITIS_LOOP_2532_1_fu_30_v1196_reg_263_pp0_iter3_reg_reg       3.9900     0.0      0.0000      3.9900 0.0000 SNPS_CLOCK_GATE_HIGH_tinytpu_isa_pe_0_2_4
pe_0_2_U0_clk_gate_grp_pe_0_2_Pipeline_VITIS_LOOP_2532_1_fu_30_w3_fu_66_reg       3.9900     0.0      0.0000      3.9900 0.0000 SNPS_CLOCK_GATE_HIGH_tinytpu_isa_pe_0_2_3
pe_0_2_U0_clk_gate_trunc_ln2520_reg_47_reg       3.9900     0.0      0.0000      3.9900 0.0000 SNPS_CLOCK_GATE_HIGH_tinytpu_isa_pe_0_2_0
pe_0_3_U0_clk_gate_grp_pe_0_3_Pipeline_VITIS_LOOP_2614_1_fu_28_ap_enable_reg_pp0_iter4_reg       3.9900     0.0      0.0000      3.9900 0.0000 SNPS_CLOCK_GATE_HIGH_tinytpu_isa_pe_0_3_1
pe_0_3_U0_clk_gate_grp_pe_0_3_Pipeline_VITIS_LOOP_2614_1_fu_28_v1223_fu_54_reg       3.9900     0.0      0.0000      3.9900 0.0000 SNPS_CLOCK_GATE_HIGH_tinytpu_isa_pe_0_3_2
pe_0_3_U0_clk_gate_grp_pe_0_3_Pipeline_VITIS_LOOP_2614_1_fu_28_v1236_reg_252_reg       3.9900     0.0      0.0000      3.9900 0.0000 SNPS_CLOCK_GATE_HIGH_tinytpu_isa_pe_0_3_4
pe_0_3_U0_clk_gate_grp_pe_0_3_Pipeline_VITIS_LOOP_2614_1_fu_28_w4_fu_62_reg       3.9900     0.0      0.0000      3.9900 0.0000 SNPS_CLOCK_GATE_HIGH_tinytpu_isa_pe_0_3_3
pe_0_3_U0_clk_gate_trunc_ln2602_reg_43_reg       3.9900     0.0      0.0000      3.9900 0.0000 SNPS_CLOCK_GATE_HIGH_tinytpu_isa_pe_0_3_0
pe_1_0_U0_clk_gate_grp_pe_1_0_Pipeline_VITIS_LOOP_2697_1_fu_34_ap_enable_reg_pp0_iter6_reg       3.9900     0.0      0.0000      3.9900 0.0000 SNPS_CLOCK_GATE_HIGH_tinytpu_isa_pe_1_0_1
pe_1_0_U0_clk_gate_grp_pe_1_0_Pipeline_VITIS_LOOP_2697_1_fu_34_v1265_fu_64_reg       3.9900     0.0      0.0000      3.9900 0.0000 SNPS_CLOCK_GATE_HIGH_tinytpu_isa_pe_1_0_3
pe_1_0_U0_clk_gate_grp_pe_1_0_Pipeline_VITIS_LOOP_2697_1_fu_34_v1282_reg_301_reg       3.9900     0.0      0.0000      3.9900 0.0000 SNPS_CLOCK_GATE_HIGH_tinytpu_isa_pe_1_0_6
pe_1_0_U0_clk_gate_grp_pe_1_0_Pipeline_VITIS_LOOP_2697_1_fu_34_w5_fu_72_reg       3.9900     0.0      0.0000      3.9900 0.0000 SNPS_CLOCK_GATE_HIGH_tinytpu_isa_pe_1_0_4
pe_1_0_U0_clk_gate_trunc_ln2685_reg_55_reg       3.9900     0.0      0.0000      3.9900 0.0000 SNPS_CLOCK_GATE_HIGH_tinytpu_isa_pe_1_0_0
pe_1_1_U0_clk_gate_grp_pe_1_1_Pipeline_VITIS_LOOP_2791_1_fu_32_ap_enable_reg_pp0_iter6_reg       3.9900     0.0      0.0000      3.9900 0.0000 SNPS_CLOCK_GATE_HIGH_tinytpu_isa_pe_1_1_1
pe_1_1_U0_clk_gate_grp_pe_1_1_Pipeline_VITIS_LOOP_2791_1_fu_32_v1311_fu_60_reg       3.9900     0.0      0.0000      3.9900 0.0000 SNPS_CLOCK_GATE_HIGH_tinytpu_isa_pe_1_1_3
pe_1_1_U0_clk_gate_grp_pe_1_1_Pipeline_VITIS_LOOP_2791_1_fu_32_v1325_reg_275_reg       3.9900     0.0      0.0000      3.9900 0.0000 SNPS_CLOCK_GATE_HIGH_tinytpu_isa_pe_1_1_6
pe_1_1_U0_clk_gate_grp_pe_1_1_Pipeline_VITIS_LOOP_2791_1_fu_32_w6_fu_68_reg       3.9900     0.0      0.0000      3.9900 0.0000 SNPS_CLOCK_GATE_HIGH_tinytpu_isa_pe_1_1_4
pe_1_1_U0_clk_gate_trunc_ln2779_reg_51_reg       3.9900     0.0      0.0000      3.9900 0.0000 SNPS_CLOCK_GATE_HIGH_tinytpu_isa_pe_1_1_0
pe_1_2_U0_clk_gate_grp_pe_1_2_Pipeline_VITIS_LOOP_2877_1_fu_32_ap_enable_reg_pp0_iter6_reg       3.9900     0.0      0.0000      3.9900 0.0000 SNPS_CLOCK_GATE_HIGH_tinytpu_isa_pe_1_2_1
pe_1_2_U0_clk_gate_grp_pe_1_2_Pipeline_VITIS_LOOP_2877_1_fu_32_v1354_fu_60_reg       3.9900     0.0      0.0000      3.9900 0.0000 SNPS_CLOCK_GATE_HIGH_tinytpu_isa_pe_1_2_3
pe_1_2_U0_clk_gate_grp_pe_1_2_Pipeline_VITIS_LOOP_2877_1_fu_32_v1368_reg_275_reg       3.9900     0.0      0.0000      3.9900 0.0000 SNPS_CLOCK_GATE_HIGH_tinytpu_isa_pe_1_2_6
pe_1_2_U0_clk_gate_grp_pe_1_2_Pipeline_VITIS_LOOP_2877_1_fu_32_w7_fu_68_reg       3.9900     0.0      0.0000      3.9900 0.0000 SNPS_CLOCK_GATE_HIGH_tinytpu_isa_pe_1_2_4
pe_1_2_U0_clk_gate_trunc_ln2865_reg_51_reg       3.9900     0.0      0.0000      3.9900 0.0000 SNPS_CLOCK_GATE_HIGH_tinytpu_isa_pe_1_2_0
pe_1_3_U0_clk_gate_grp_pe_1_3_Pipeline_VITIS_LOOP_2962_1_fu_30_ap_enable_reg_pp0_iter6_reg       3.9900     0.0      0.0000      3.9900 0.0000 SNPS_CLOCK_GATE_HIGH_tinytpu_isa_pe_1_3_1
pe_1_3_U0_clk_gate_grp_pe_1_3_Pipeline_VITIS_LOOP_2962_1_fu_30_v1396_fu_56_reg       3.9900     0.0      0.0000      3.9900 0.0000 SNPS_CLOCK_GATE_HIGH_tinytpu_isa_pe_1_3_3
pe_1_3_U0_clk_gate_grp_pe_1_3_Pipeline_VITIS_LOOP_2962_1_fu_30_v1410_reg_259_reg       3.9900     0.0      0.0000      3.9900 0.0000 SNPS_CLOCK_GATE_HIGH_tinytpu_isa_pe_1_3_6
pe_1_3_U0_clk_gate_grp_pe_1_3_Pipeline_VITIS_LOOP_2962_1_fu_30_w8_fu_64_reg       3.9900     0.0      0.0000      3.9900 0.0000 SNPS_CLOCK_GATE_HIGH_tinytpu_isa_pe_1_3_4
pe_1_3_U0_clk_gate_trunc_ln2950_reg_47_reg       3.9900     0.0      0.0000      3.9900 0.0000 SNPS_CLOCK_GATE_HIGH_tinytpu_isa_pe_1_3_0
pe_2_0_U0_clk_gate_grp_pe_2_0_Pipeline_VITIS_LOOP_3047_1_fu_34_ap_enable_reg_pp0_iter6_reg       3.9900     0.0      0.0000      3.9900 0.0000 SNPS_CLOCK_GATE_HIGH_tinytpu_isa_pe_2_0_1
pe_2_0_U0_clk_gate_grp_pe_2_0_Pipeline_VITIS_LOOP_3047_1_fu_34_v1439_fu_66_reg       3.9900     0.0      0.0000      3.9900 0.0000 SNPS_CLOCK_GATE_HIGH_tinytpu_isa_pe_2_0_3
pe_2_0_U0_clk_gate_grp_pe_2_0_Pipeline_VITIS_LOOP_3047_1_fu_34_v1456_reg_303_reg       3.9900     0.0      0.0000      3.9900 0.0000 SNPS_CLOCK_GATE_HIGH_tinytpu_isa_pe_2_0_6
pe_2_0_U0_clk_gate_grp_pe_2_0_Pipeline_VITIS_LOOP_3047_1_fu_34_w9_fu_74_reg       3.9900     0.0      0.0000      3.9900 0.0000 SNPS_CLOCK_GATE_HIGH_tinytpu_isa_pe_2_0_4
pe_2_0_U0_clk_gate_trunc_ln3035_reg_55_reg       3.9900     0.0      0.0000      3.9900 0.0000 SNPS_CLOCK_GATE_HIGH_tinytpu_isa_pe_2_0_0
pe_2_1_U0_clk_gate_grp_pe_2_1_Pipeline_VITIS_LOOP_3141_1_fu_32_ap_enable_reg_pp0_iter6_reg       3.9900     0.0      0.0000      3.9900 0.0000 SNPS_CLOCK_GATE_HIGH_tinytpu_isa_pe_2_1_1
pe_2_1_U0_clk_gate_grp_pe_2_1_Pipeline_VITIS_LOOP_3141_1_fu_32_v1485_fu_60_reg       3.9900     0.0      0.0000      3.9900 0.0000 SNPS_CLOCK_GATE_HIGH_tinytpu_isa_pe_2_1_3
pe_2_1_U0_clk_gate_grp_pe_2_1_Pipeline_VITIS_LOOP_3141_1_fu_32_v1499_reg_275_reg       3.9900     0.0      0.0000      3.9900 0.0000 SNPS_CLOCK_GATE_HIGH_tinytpu_isa_pe_2_1_6
pe_2_1_U0_clk_gate_grp_pe_2_1_Pipeline_VITIS_LOOP_3141_1_fu_32_w10_fu_68_reg       3.9900     0.0      0.0000      3.9900 0.0000 SNPS_CLOCK_GATE_HIGH_tinytpu_isa_pe_2_1_4
pe_2_1_U0_clk_gate_trunc_ln3129_reg_51_reg       3.9900     0.0      0.0000      3.9900 0.0000 SNPS_CLOCK_GATE_HIGH_tinytpu_isa_pe_2_1_0
pe_2_2_U0_clk_gate_grp_pe_2_2_Pipeline_VITIS_LOOP_3227_1_fu_32_ap_enable_reg_pp0_iter6_reg       3.9900     0.0      0.0000      3.9900 0.0000 SNPS_CLOCK_GATE_HIGH_tinytpu_isa_pe_2_2_1
pe_2_2_U0_clk_gate_grp_pe_2_2_Pipeline_VITIS_LOOP_3227_1_fu_32_v1528_fu_60_reg       3.9900     0.0      0.0000      3.9900 0.0000 SNPS_CLOCK_GATE_HIGH_tinytpu_isa_pe_2_2_3
pe_2_2_U0_clk_gate_grp_pe_2_2_Pipeline_VITIS_LOOP_3227_1_fu_32_v1542_reg_275_reg       3.9900     0.0      0.0000      3.9900 0.0000 SNPS_CLOCK_GATE_HIGH_tinytpu_isa_pe_2_2_6
pe_2_2_U0_clk_gate_grp_pe_2_2_Pipeline_VITIS_LOOP_3227_1_fu_32_w11_fu_68_reg       3.9900     0.0      0.0000      3.9900 0.0000 SNPS_CLOCK_GATE_HIGH_tinytpu_isa_pe_2_2_4
pe_2_2_U0_clk_gate_trunc_ln3215_reg_51_reg       3.9900     0.0      0.0000      3.9900 0.0000 SNPS_CLOCK_GATE_HIGH_tinytpu_isa_pe_2_2_0
pe_2_3_U0_clk_gate_grp_pe_2_3_Pipeline_VITIS_LOOP_3312_1_fu_30_ap_enable_reg_pp0_iter6_reg       3.9900     0.0      0.0000      3.9900 0.0000 SNPS_CLOCK_GATE_HIGH_tinytpu_isa_pe_2_3_1
pe_2_3_U0_clk_gate_grp_pe_2_3_Pipeline_VITIS_LOOP_3312_1_fu_30_v1570_fu_56_reg       3.9900     0.0      0.0000      3.9900 0.0000 SNPS_CLOCK_GATE_HIGH_tinytpu_isa_pe_2_3_3
pe_2_3_U0_clk_gate_grp_pe_2_3_Pipeline_VITIS_LOOP_3312_1_fu_30_v1584_reg_259_reg       3.9900     0.0      0.0000      3.9900 0.0000 SNPS_CLOCK_GATE_HIGH_tinytpu_isa_pe_2_3_6
pe_2_3_U0_clk_gate_grp_pe_2_3_Pipeline_VITIS_LOOP_3312_1_fu_30_w12_fu_64_reg       3.9900     0.0      0.0000      3.9900 0.0000 SNPS_CLOCK_GATE_HIGH_tinytpu_isa_pe_2_3_4
pe_2_3_U0_clk_gate_trunc_ln3300_reg_47_reg       3.9900     0.0      0.0000      3.9900 0.0000 SNPS_CLOCK_GATE_HIGH_tinytpu_isa_pe_2_3_0
pe_3_0_U0_clk_gate_grp_pe_3_0_Pipeline_VITIS_LOOP_3396_1_fu_32_ap_enable_reg_pp0_iter6_reg       3.9900     0.0      0.0000      3.9900 0.0000 SNPS_CLOCK_GATE_HIGH_tinytpu_isa_pe_3_0_1
pe_3_0_U0_clk_gate_grp_pe_3_0_Pipeline_VITIS_LOOP_3396_1_fu_32_v1612_fu_64_reg       3.9900     0.0      0.0000      3.9900 0.0000 SNPS_CLOCK_GATE_HIGH_tinytpu_isa_pe_3_0_3
pe_3_0_U0_clk_gate_grp_pe_3_0_Pipeline_VITIS_LOOP_3396_1_fu_32_v1628_reg_293_reg       3.9900     0.0      0.0000      3.9900 0.0000 SNPS_CLOCK_GATE_HIGH_tinytpu_isa_pe_3_0_6
pe_3_0_U0_clk_gate_grp_pe_3_0_Pipeline_VITIS_LOOP_3396_1_fu_32_w13_fu_72_reg       3.9900     0.0      0.0000      3.9900 0.0000 SNPS_CLOCK_GATE_HIGH_tinytpu_isa_pe_3_0_4
pe_3_0_U0_clk_gate_trunc_ln3384_reg_51_reg       3.9900     0.0      0.0000      3.9900 0.0000 SNPS_CLOCK_GATE_HIGH_tinytpu_isa_pe_3_0_0
pe_3_1_U0_clk_gate_grp_pe_3_1_Pipeline_VITIS_LOOP_3498_1_fu_34_ap_enable_reg_pp0_iter6_reg       3.9900     0.0      0.0000      3.9900 0.0000 SNPS_CLOCK_GATE_HIGH_tinytpu_isa_pe_3_1_1
pe_3_1_U0_clk_gate_grp_pe_3_1_Pipeline_VITIS_LOOP_3498_1_fu_34_v1661_fu_70_reg       3.9900     0.0      0.0000      3.9900 0.0000 SNPS_CLOCK_GATE_HIGH_tinytpu_isa_pe_3_1_3
pe_3_1_U0_clk_gate_grp_pe_3_1_Pipeline_VITIS_LOOP_3498_1_fu_34_v1692_reg_317_pp0_iter4_reg_reg       3.9900     0.0      0.0000      3.9900 0.0000 SNPS_CLOCK_GATE_HIGH_tinytpu_isa_pe_3_1_6
pe_3_1_U0_clk_gate_grp_pe_3_1_Pipeline_VITIS_LOOP_3498_1_fu_34_w14_fu_78_reg       3.9900     0.0      0.0000      3.9900 0.0000 SNPS_CLOCK_GATE_HIGH_tinytpu_isa_pe_3_1_4
pe_3_1_U0_clk_gate_trunc_ln3486_reg_55_reg       3.9900     0.0      0.0000      3.9900 0.0000 SNPS_CLOCK_GATE_HIGH_tinytpu_isa_pe_3_1_0
pe_3_2_U0_clk_gate_grp_pe_3_2_Pipeline_VITIS_LOOP_3596_1_fu_34_ap_enable_reg_pp0_iter6_reg       3.9900     0.0      0.0000      3.9900 0.0000 SNPS_CLOCK_GATE_HIGH_tinytpu_isa_pe_3_2_1
pe_3_2_U0_clk_gate_grp_pe_3_2_Pipeline_VITIS_LOOP_3596_1_fu_34_v1709_fu_70_reg       3.9900     0.0      0.0000      3.9900 0.0000 SNPS_CLOCK_GATE_HIGH_tinytpu_isa_pe_3_2_3
pe_3_2_U0_clk_gate_grp_pe_3_2_Pipeline_VITIS_LOOP_3596_1_fu_34_v1740_reg_317_pp0_iter4_reg_reg       3.9900     0.0      0.0000      3.9900 0.0000 SNPS_CLOCK_GATE_HIGH_tinytpu_isa_pe_3_2_6
pe_3_2_U0_clk_gate_grp_pe_3_2_Pipeline_VITIS_LOOP_3596_1_fu_34_w15_fu_78_reg       3.9900     0.0      0.0000      3.9900 0.0000 SNPS_CLOCK_GATE_HIGH_tinytpu_isa_pe_3_2_4
pe_3_2_U0_clk_gate_trunc_ln3584_reg_55_reg       3.9900     0.0      0.0000      3.9900 0.0000 SNPS_CLOCK_GATE_HIGH_tinytpu_isa_pe_3_2_0
pe_3_3_U0_clk_gate_grp_pe_3_3_Pipeline_VITIS_LOOP_3693_1_fu_32_ap_enable_reg_pp0_iter6_reg       3.9900     0.0      0.0000      3.9900 0.0000 SNPS_CLOCK_GATE_HIGH_tinytpu_isa_pe_3_3_1
pe_3_3_U0_clk_gate_grp_pe_3_3_Pipeline_VITIS_LOOP_3693_1_fu_32_v1756_fu_66_reg       3.9900     0.0      0.0000      3.9900 0.0000 SNPS_CLOCK_GATE_HIGH_tinytpu_isa_pe_3_3_3
pe_3_3_U0_clk_gate_grp_pe_3_3_Pipeline_VITIS_LOOP_3693_1_fu_32_v1787_reg_301_pp0_iter4_reg_reg       3.9900     0.0      0.0000      3.9900 0.0000 SNPS_CLOCK_GATE_HIGH_tinytpu_isa_pe_3_3_6
pe_3_3_U0_clk_gate_grp_pe_3_3_Pipeline_VITIS_LOOP_3693_1_fu_32_w16_fu_74_reg       3.9900     0.0      0.0000      3.9900 0.0000 SNPS_CLOCK_GATE_HIGH_tinytpu_isa_pe_3_3_4
pe_3_3_U0_clk_gate_trunc_ln3681_reg_51_reg       3.9900     0.0      0.0000      3.9900 0.0000 SNPS_CLOCK_GATE_HIGH_tinytpu_isa_pe_3_3_0
sequencer_0_1_U0                    32744.3332      2.9    7688.9961   24843.8671  0.0000  tinytpu_isa_sequencer_0_1
sequencer_0_1_U0/clk_gate_grp_sequencer_0_1_Pipeline_VITIS_LOOP_74_1_fu_286_v25_fu_28_reg       3.9900     0.0      0.0000      3.9900 0.0000 SNPS_CLOCK_GATE_HIGH_tinytpu_isa_sequencer_0_1_14
sequencer_0_1_U0/clk_gate_grp_sequencer_0_1_Pipeline_VITIS_LOOP_78_2_fu_291_v26_fu_28_reg       3.9900     0.0      0.0000      3.9900 0.0000 SNPS_CLOCK_GATE_HIGH_tinytpu_isa_sequencer_0_1_13
sequencer_0_1_U0/clk_gate_grp_sequencer_0_1_Pipeline_VITIS_LOOP_82_3_fu_296_v27_fu_30_reg       3.9900     0.0      0.0000      3.9900 0.0000 SNPS_CLOCK_GATE_HIGH_tinytpu_isa_sequencer_0_1_12
sequencer_0_1_U0/clk_gate_grp_sequencer_0_1_Pipeline_VITIS_LOOP_86_4_fu_301_v28_fu_28_reg       3.9900     0.0      0.0000      3.9900 0.0000 SNPS_CLOCK_GATE_HIGH_tinytpu_isa_sequencer_0_1_11
sequencer_0_1_U0/clk_gate_grp_sequencer_0_1_Pipeline_VITIS_LOOP_95_5_fu_306_mul_32s_12ns_32_2_1_U17_buff0_reg       3.9900     0.0      0.0000      3.9900 0.0000 SNPS_CLOCK_GATE_HIGH_tinytpu_isa_sequencer_0_1_1
sequencer_0_1_U0/clk_gate_grp_sequencer_0_1_Pipeline_VITIS_LOOP_95_5_fu_306_reg_484_reg       3.9900     0.0      0.0000      3.9900 0.0000 SNPS_CLOCK_GATE_HIGH_tinytpu_isa_sequencer_0_1_8
sequencer_0_1_U0/clk_gate_grp_sequencer_0_1_Pipeline_VITIS_LOOP_95_5_fu_306_trunc_ln272_reg_1394_reg       3.9900     0.0      0.0000      3.9900 0.0000 SNPS_CLOCK_GATE_HIGH_tinytpu_isa_sequencer_0_1_6
sequencer_0_1_U0/clk_gate_grp_sequencer_0_1_Pipeline_VITIS_LOOP_95_5_fu_306_v188_reg_1365_reg       3.9900     0.0      0.0000      3.9900 0.0000 SNPS_CLOCK_GATE_HIGH_tinytpu_isa_sequencer_0_1_9
sequencer_0_1_U0/clk_gate_grp_sequencer_0_1_Pipeline_VITIS_LOOP_95_5_fu_306_v237_reg_1389_reg       3.9900     0.0      0.0000      3.9900 0.0000 SNPS_CLOCK_GATE_HIGH_tinytpu_isa_sequencer_0_1_10
sequencer_0_1_U0/clk_gate_grp_sequencer_0_1_Pipeline_VITIS_LOOP_95_5_fu_306_v296_reg_1524_reg       3.9900     0.0      0.0000      3.9900 0.0000 SNPS_CLOCK_GATE_HIGH_tinytpu_isa_sequencer_0_1_5
sequencer_0_1_U0/clk_gate_grp_sequencer_0_1_Pipeline_VITIS_LOOP_95_5_fu_306_v332_fu_196_reg       3.9900     0.0      0.0000      3.9900 0.0000 SNPS_CLOCK_GATE_HIGH_tinytpu_isa_sequencer_0_1_3
sequencer_0_1_U0/clk_gate_grp_sequencer_0_1_Pipeline_VITIS_LOOP_95_5_fu_306_v55_reg_1196_reg       3.9900     0.0      0.0000      3.9900 0.0000 SNPS_CLOCK_GATE_HIGH_tinytpu_isa_sequencer_0_1_7
sequencer_0_1_U0/clk_gate_grp_sequencer_0_1_Pipeline_VITIS_LOOP_95_5_fu_306_v97_reg_1273_reg       3.9900     0.0      0.0000      3.9900 0.0000 SNPS_CLOCK_GATE_HIGH_tinytpu_isa_sequencer_0_1_4
sequencer_0_1_U0/clk_gate_grp_sequencer_0_1_Pipeline_l_S_i_0_i_fu_271_i_fu_92_reg       3.9900     0.0      0.0000      3.9900 0.0000 SNPS_CLOCK_GATE_HIGH_tinytpu_isa_sequencer_0_1_15
sequencer_0_1_U0/clk_gate_grp_sequencer_0_1_Pipeline_l_S_i_0_i_fu_271_v8_reg_362_reg       3.9900     0.0      0.0000      3.9900 0.0000 SNPS_CLOCK_GATE_HIGH_tinytpu_isa_sequencer_0_1_16
sequencer_0_1_U0/clk_gate_ib_1_U_q0_reg       3.9900     0.0      0.0000      3.9900 0.0000 SNPS_CLOCK_GATE_HIGH_tinytpu_isa_sequencer_0_1_38
sequencer_0_1_U0/clk_gate_ib_1_U_ram_reg_0_       3.9900     0.0      0.0000      3.9900 0.0000 SNPS_CLOCK_GATE_HIGH_tinytpu_isa_sequencer_0_1_39
sequencer_0_1_U0/clk_gate_ib_1_U_ram_reg_1_       3.9900     0.0      0.0000      3.9900 0.0000 SNPS_CLOCK_GATE_HIGH_tinytpu_isa_sequencer_0_1_40
sequencer_0_1_U0/clk_gate_ib_1_U_ram_reg_2_       3.9900     0.0      0.0000      3.9900 0.0000 SNPS_CLOCK_GATE_HIGH_tinytpu_isa_sequencer_0_1_41
sequencer_0_1_U0/clk_gate_ib_1_U_ram_reg_3_       3.9900     0.0      0.0000      3.9900 0.0000 SNPS_CLOCK_GATE_HIGH_tinytpu_isa_sequencer_0_1_42
sequencer_0_1_U0/clk_gate_ib_1_U_ram_reg_4_       3.9900     0.0      0.0000      3.9900 0.0000 SNPS_CLOCK_GATE_HIGH_tinytpu_isa_sequencer_0_1_43
sequencer_0_1_U0/clk_gate_ib_1_U_ram_reg_5_       3.9900     0.0      0.0000      3.9900 0.0000 SNPS_CLOCK_GATE_HIGH_tinytpu_isa_sequencer_0_1_44
sequencer_0_1_U0/clk_gate_ib_1_U_ram_reg_6_       3.9900     0.0      0.0000      3.9900 0.0000 SNPS_CLOCK_GATE_HIGH_tinytpu_isa_sequencer_0_1_45
sequencer_0_1_U0/clk_gate_ib_U_q0_reg       3.9900     0.0      0.0000      3.9900 0.0000  SNPS_CLOCK_GATE_HIGH_tinytpu_isa_sequencer_0_1_46
sequencer_0_1_U0/clk_gate_ib_U_ram_reg_0_       3.9900     0.0      0.0000      3.9900 0.0000 SNPS_CLOCK_GATE_HIGH_tinytpu_isa_sequencer_0_1_47
sequencer_0_1_U0/clk_gate_ib_U_ram_reg_1_       3.9900     0.0      0.0000      3.9900 0.0000 SNPS_CLOCK_GATE_HIGH_tinytpu_isa_sequencer_0_1_48
sequencer_0_1_U0/clk_gate_ib_U_ram_reg_2_       3.9900     0.0      0.0000      3.9900 0.0000 SNPS_CLOCK_GATE_HIGH_tinytpu_isa_sequencer_0_1_49
sequencer_0_1_U0/clk_gate_ib_U_ram_reg_3_       3.9900     0.0      0.0000      3.9900 0.0000 SNPS_CLOCK_GATE_HIGH_tinytpu_isa_sequencer_0_1_50
sequencer_0_1_U0/clk_gate_ib_U_ram_reg_4_       3.9900     0.0      0.0000      3.9900 0.0000 SNPS_CLOCK_GATE_HIGH_tinytpu_isa_sequencer_0_1_51
sequencer_0_1_U0/clk_gate_ib_U_ram_reg_5_       3.9900     0.0      0.0000      3.9900 0.0000 SNPS_CLOCK_GATE_HIGH_tinytpu_isa_sequencer_0_1_52
sequencer_0_1_U0/clk_gate_ib_U_ram_reg_6_       3.9900     0.0      0.0000      3.9900 0.0000 SNPS_CLOCK_GATE_HIGH_tinytpu_isa_sequencer_0_1_53
sequencer_0_1_U0/clk_gate_iv_now_U_q0_reg       3.9900     0.0      0.0000      3.9900 0.0000 SNPS_CLOCK_GATE_HIGH_tinytpu_isa_sequencer_0_1_17
sequencer_0_1_U0/clk_gate_iv_now_U_q1_reg       3.9900     0.0      0.0000      3.9900 0.0000 SNPS_CLOCK_GATE_HIGH_tinytpu_isa_sequencer_0_1_22
sequencer_0_1_U0/clk_gate_iv_now_U_ram0_reg_0_       3.9900     0.0      0.0000      3.9900 0.0000 SNPS_CLOCK_GATE_HIGH_tinytpu_isa_sequencer_0_1_18
sequencer_0_1_U0/clk_gate_iv_now_U_ram0_reg_1_       3.9900     0.0      0.0000      3.9900 0.0000 SNPS_CLOCK_GATE_HIGH_tinytpu_isa_sequencer_0_1_19
sequencer_0_1_U0/clk_gate_iv_now_U_ram0_reg_2_       3.9900     0.0      0.0000      3.9900 0.0000 SNPS_CLOCK_GATE_HIGH_tinytpu_isa_sequencer_0_1_20
sequencer_0_1_U0/clk_gate_iv_now_U_ram0_reg_3_       3.9900     0.0      0.0000      3.9900 0.0000 SNPS_CLOCK_GATE_HIGH_tinytpu_isa_sequencer_0_1_21
sequencer_0_1_U0/clk_gate_lp_iv_U_q0_reg       3.9900     0.0      0.0000      3.9900 0.0000 SNPS_CLOCK_GATE_HIGH_tinytpu_isa_sequencer_0_1_28
sequencer_0_1_U0/clk_gate_lp_iv_U_ram_reg_0_       3.9900     0.0      0.0000      3.9900 0.0000 SNPS_CLOCK_GATE_HIGH_tinytpu_isa_sequencer_0_1_29
sequencer_0_1_U0/clk_gate_lp_iv_U_ram_reg_1_       3.9900     0.0      0.0000      3.9900 0.0000 SNPS_CLOCK_GATE_HIGH_tinytpu_isa_sequencer_0_1_30
sequencer_0_1_U0/clk_gate_lp_iv_U_ram_reg_2_       3.9900     0.0      0.0000      3.9900 0.0000 SNPS_CLOCK_GATE_HIGH_tinytpu_isa_sequencer_0_1_31
sequencer_0_1_U0/clk_gate_lp_iv_U_ram_reg_3_       3.9900     0.0      0.0000      3.9900 0.0000 SNPS_CLOCK_GATE_HIGH_tinytpu_isa_sequencer_0_1_32
sequencer_0_1_U0/clk_gate_lp_start_U_q0_reg       3.9900     0.0      0.0000      3.9900 0.0000 SNPS_CLOCK_GATE_HIGH_tinytpu_isa_sequencer_0_1_33
sequencer_0_1_U0/clk_gate_lp_start_U_ram_reg_0_       3.9900     0.0      0.0000      3.9900 0.0000 SNPS_CLOCK_GATE_HIGH_tinytpu_isa_sequencer_0_1_34
sequencer_0_1_U0/clk_gate_lp_start_U_ram_reg_1_       3.9900     0.0      0.0000      3.9900 0.0000 SNPS_CLOCK_GATE_HIGH_tinytpu_isa_sequencer_0_1_35
sequencer_0_1_U0/clk_gate_lp_start_U_ram_reg_2_       3.9900     0.0      0.0000      3.9900 0.0000 SNPS_CLOCK_GATE_HIGH_tinytpu_isa_sequencer_0_1_36
sequencer_0_1_U0/clk_gate_lp_start_U_ram_reg_3_       3.9900     0.0      0.0000      3.9900 0.0000 SNPS_CLOCK_GATE_HIGH_tinytpu_isa_sequencer_0_1_37
sequencer_0_1_U0/clk_gate_lp_trip_U_q0_reg       3.9900     0.0      0.0000      3.9900 0.0000 SNPS_CLOCK_GATE_HIGH_tinytpu_isa_sequencer_0_1_23
sequencer_0_1_U0/clk_gate_lp_trip_U_ram_reg_0_       3.9900     0.0      0.0000      3.9900 0.0000 SNPS_CLOCK_GATE_HIGH_tinytpu_isa_sequencer_0_1_24
sequencer_0_1_U0/clk_gate_lp_trip_U_ram_reg_1_       3.9900     0.0      0.0000      3.9900 0.0000 SNPS_CLOCK_GATE_HIGH_tinytpu_isa_sequencer_0_1_25
sequencer_0_1_U0/clk_gate_lp_trip_U_ram_reg_2_       3.9900     0.0      0.0000      3.9900 0.0000 SNPS_CLOCK_GATE_HIGH_tinytpu_isa_sequencer_0_1_26
sequencer_0_1_U0/clk_gate_lp_trip_U_ram_reg_3_       3.9900     0.0      0.0000      3.9900 0.0000 SNPS_CLOCK_GATE_HIGH_tinytpu_isa_sequencer_0_1_27
sequencer_0_1_U0/clk_gate_v16_reg_408_reg       3.9900     0.0      0.0000      3.9900 0.0000 SNPS_CLOCK_GATE_HIGH_tinytpu_isa_sequencer_0_1_0
spm_0_U0                            13062.4617      1.1    2644.8381   10138.3236  0.0000  tinytpu_isa_spm_0
spm_0_U0/clk_gate_grp_spm_0_Pipeline_VITIS_LOOP_914_1_fu_39_ap_enable_reg_pp0_iter5_reg       3.9900     0.0      0.0000      3.9900 0.0000 SNPS_CLOCK_GATE_HIGH_tinytpu_isa_spm_0_66
spm_0_U0/clk_gate_grp_spm_0_Pipeline_VITIS_LOOP_914_1_fu_39_spad_U_q0_reg       3.9900     0.0      0.0000      3.9900 0.0000 SNPS_CLOCK_GATE_HIGH_tinytpu_isa_spm_0_1
spm_0_U0/clk_gate_grp_spm_0_Pipeline_VITIS_LOOP_914_1_fu_39_spad_U_ram_reg_0_       3.9900     0.0      0.0000      3.9900 0.0000 SNPS_CLOCK_GATE_HIGH_tinytpu_isa_spm_0_2
spm_0_U0/clk_gate_grp_spm_0_Pipeline_VITIS_LOOP_914_1_fu_39_spad_U_ram_reg_10_       3.9900     0.0      0.0000      3.9900 0.0000 SNPS_CLOCK_GATE_HIGH_tinytpu_isa_spm_0_12
spm_0_U0/clk_gate_grp_spm_0_Pipeline_VITIS_LOOP_914_1_fu_39_spad_U_ram_reg_11_       3.9900     0.0      0.0000      3.9900 0.0000 SNPS_CLOCK_GATE_HIGH_tinytpu_isa_spm_0_13
spm_0_U0/clk_gate_grp_spm_0_Pipeline_VITIS_LOOP_914_1_fu_39_spad_U_ram_reg_12_       3.9900     0.0      0.0000      3.9900 0.0000 SNPS_CLOCK_GATE_HIGH_tinytpu_isa_spm_0_14
spm_0_U0/clk_gate_grp_spm_0_Pipeline_VITIS_LOOP_914_1_fu_39_spad_U_ram_reg_13_       3.9900     0.0      0.0000      3.9900 0.0000 SNPS_CLOCK_GATE_HIGH_tinytpu_isa_spm_0_15
spm_0_U0/clk_gate_grp_spm_0_Pipeline_VITIS_LOOP_914_1_fu_39_spad_U_ram_reg_14_       3.9900     0.0      0.0000      3.9900 0.0000 SNPS_CLOCK_GATE_HIGH_tinytpu_isa_spm_0_16
spm_0_U0/clk_gate_grp_spm_0_Pipeline_VITIS_LOOP_914_1_fu_39_spad_U_ram_reg_15_       3.9900     0.0      0.0000      3.9900 0.0000 SNPS_CLOCK_GATE_HIGH_tinytpu_isa_spm_0_17
spm_0_U0/clk_gate_grp_spm_0_Pipeline_VITIS_LOOP_914_1_fu_39_spad_U_ram_reg_16_       3.9900     0.0      0.0000      3.9900 0.0000 SNPS_CLOCK_GATE_HIGH_tinytpu_isa_spm_0_18
spm_0_U0/clk_gate_grp_spm_0_Pipeline_VITIS_LOOP_914_1_fu_39_spad_U_ram_reg_17_       3.9900     0.0      0.0000      3.9900 0.0000 SNPS_CLOCK_GATE_HIGH_tinytpu_isa_spm_0_19
spm_0_U0/clk_gate_grp_spm_0_Pipeline_VITIS_LOOP_914_1_fu_39_spad_U_ram_reg_18_       3.9900     0.0      0.0000      3.9900 0.0000 SNPS_CLOCK_GATE_HIGH_tinytpu_isa_spm_0_20
spm_0_U0/clk_gate_grp_spm_0_Pipeline_VITIS_LOOP_914_1_fu_39_spad_U_ram_reg_19_       3.9900     0.0      0.0000      3.9900 0.0000 SNPS_CLOCK_GATE_HIGH_tinytpu_isa_spm_0_21
spm_0_U0/clk_gate_grp_spm_0_Pipeline_VITIS_LOOP_914_1_fu_39_spad_U_ram_reg_1_       3.9900     0.0      0.0000      3.9900 0.0000 SNPS_CLOCK_GATE_HIGH_tinytpu_isa_spm_0_3
spm_0_U0/clk_gate_grp_spm_0_Pipeline_VITIS_LOOP_914_1_fu_39_spad_U_ram_reg_20_       3.9900     0.0      0.0000      3.9900 0.0000 SNPS_CLOCK_GATE_HIGH_tinytpu_isa_spm_0_22
spm_0_U0/clk_gate_grp_spm_0_Pipeline_VITIS_LOOP_914_1_fu_39_spad_U_ram_reg_21_       3.9900     0.0      0.0000      3.9900 0.0000 SNPS_CLOCK_GATE_HIGH_tinytpu_isa_spm_0_23
spm_0_U0/clk_gate_grp_spm_0_Pipeline_VITIS_LOOP_914_1_fu_39_spad_U_ram_reg_22_       3.9900     0.0      0.0000      3.9900 0.0000 SNPS_CLOCK_GATE_HIGH_tinytpu_isa_spm_0_24
spm_0_U0/clk_gate_grp_spm_0_Pipeline_VITIS_LOOP_914_1_fu_39_spad_U_ram_reg_23_       3.9900     0.0      0.0000      3.9900 0.0000 SNPS_CLOCK_GATE_HIGH_tinytpu_isa_spm_0_25
spm_0_U0/clk_gate_grp_spm_0_Pipeline_VITIS_LOOP_914_1_fu_39_spad_U_ram_reg_24_       3.9900     0.0      0.0000      3.9900 0.0000 SNPS_CLOCK_GATE_HIGH_tinytpu_isa_spm_0_26
spm_0_U0/clk_gate_grp_spm_0_Pipeline_VITIS_LOOP_914_1_fu_39_spad_U_ram_reg_25_       3.9900     0.0      0.0000      3.9900 0.0000 SNPS_CLOCK_GATE_HIGH_tinytpu_isa_spm_0_27
spm_0_U0/clk_gate_grp_spm_0_Pipeline_VITIS_LOOP_914_1_fu_39_spad_U_ram_reg_26_       3.9900     0.0      0.0000      3.9900 0.0000 SNPS_CLOCK_GATE_HIGH_tinytpu_isa_spm_0_28
spm_0_U0/clk_gate_grp_spm_0_Pipeline_VITIS_LOOP_914_1_fu_39_spad_U_ram_reg_27_       3.9900     0.0      0.0000      3.9900 0.0000 SNPS_CLOCK_GATE_HIGH_tinytpu_isa_spm_0_29
spm_0_U0/clk_gate_grp_spm_0_Pipeline_VITIS_LOOP_914_1_fu_39_spad_U_ram_reg_28_       3.9900     0.0      0.0000      3.9900 0.0000 SNPS_CLOCK_GATE_HIGH_tinytpu_isa_spm_0_30
spm_0_U0/clk_gate_grp_spm_0_Pipeline_VITIS_LOOP_914_1_fu_39_spad_U_ram_reg_29_       3.9900     0.0      0.0000      3.9900 0.0000 SNPS_CLOCK_GATE_HIGH_tinytpu_isa_spm_0_31
spm_0_U0/clk_gate_grp_spm_0_Pipeline_VITIS_LOOP_914_1_fu_39_spad_U_ram_reg_2_       3.9900     0.0      0.0000      3.9900 0.0000 SNPS_CLOCK_GATE_HIGH_tinytpu_isa_spm_0_4
spm_0_U0/clk_gate_grp_spm_0_Pipeline_VITIS_LOOP_914_1_fu_39_spad_U_ram_reg_30_       3.9900     0.0      0.0000      3.9900 0.0000 SNPS_CLOCK_GATE_HIGH_tinytpu_isa_spm_0_32
spm_0_U0/clk_gate_grp_spm_0_Pipeline_VITIS_LOOP_914_1_fu_39_spad_U_ram_reg_31_       3.9900     0.0      0.0000      3.9900 0.0000 SNPS_CLOCK_GATE_HIGH_tinytpu_isa_spm_0_33
spm_0_U0/clk_gate_grp_spm_0_Pipeline_VITIS_LOOP_914_1_fu_39_spad_U_ram_reg_32_       3.9900     0.0      0.0000      3.9900 0.0000 SNPS_CLOCK_GATE_HIGH_tinytpu_isa_spm_0_34
spm_0_U0/clk_gate_grp_spm_0_Pipeline_VITIS_LOOP_914_1_fu_39_spad_U_ram_reg_33_       3.9900     0.0      0.0000      3.9900 0.0000 SNPS_CLOCK_GATE_HIGH_tinytpu_isa_spm_0_35
spm_0_U0/clk_gate_grp_spm_0_Pipeline_VITIS_LOOP_914_1_fu_39_spad_U_ram_reg_34_       3.9900     0.0      0.0000      3.9900 0.0000 SNPS_CLOCK_GATE_HIGH_tinytpu_isa_spm_0_36
spm_0_U0/clk_gate_grp_spm_0_Pipeline_VITIS_LOOP_914_1_fu_39_spad_U_ram_reg_35_       3.9900     0.0      0.0000      3.9900 0.0000 SNPS_CLOCK_GATE_HIGH_tinytpu_isa_spm_0_37
spm_0_U0/clk_gate_grp_spm_0_Pipeline_VITIS_LOOP_914_1_fu_39_spad_U_ram_reg_36_       3.9900     0.0      0.0000      3.9900 0.0000 SNPS_CLOCK_GATE_HIGH_tinytpu_isa_spm_0_38
spm_0_U0/clk_gate_grp_spm_0_Pipeline_VITIS_LOOP_914_1_fu_39_spad_U_ram_reg_37_       3.9900     0.0      0.0000      3.9900 0.0000 SNPS_CLOCK_GATE_HIGH_tinytpu_isa_spm_0_39
spm_0_U0/clk_gate_grp_spm_0_Pipeline_VITIS_LOOP_914_1_fu_39_spad_U_ram_reg_38_       3.9900     0.0      0.0000      3.9900 0.0000 SNPS_CLOCK_GATE_HIGH_tinytpu_isa_spm_0_40
spm_0_U0/clk_gate_grp_spm_0_Pipeline_VITIS_LOOP_914_1_fu_39_spad_U_ram_reg_39_       3.9900     0.0      0.0000      3.9900 0.0000 SNPS_CLOCK_GATE_HIGH_tinytpu_isa_spm_0_41
spm_0_U0/clk_gate_grp_spm_0_Pipeline_VITIS_LOOP_914_1_fu_39_spad_U_ram_reg_3_       3.9900     0.0      0.0000      3.9900 0.0000 SNPS_CLOCK_GATE_HIGH_tinytpu_isa_spm_0_5
spm_0_U0/clk_gate_grp_spm_0_Pipeline_VITIS_LOOP_914_1_fu_39_spad_U_ram_reg_40_       3.9900     0.0      0.0000      3.9900 0.0000 SNPS_CLOCK_GATE_HIGH_tinytpu_isa_spm_0_42
spm_0_U0/clk_gate_grp_spm_0_Pipeline_VITIS_LOOP_914_1_fu_39_spad_U_ram_reg_41_       3.9900     0.0      0.0000      3.9900 0.0000 SNPS_CLOCK_GATE_HIGH_tinytpu_isa_spm_0_43
spm_0_U0/clk_gate_grp_spm_0_Pipeline_VITIS_LOOP_914_1_fu_39_spad_U_ram_reg_42_       3.9900     0.0      0.0000      3.9900 0.0000 SNPS_CLOCK_GATE_HIGH_tinytpu_isa_spm_0_44
spm_0_U0/clk_gate_grp_spm_0_Pipeline_VITIS_LOOP_914_1_fu_39_spad_U_ram_reg_43_       3.9900     0.0      0.0000      3.9900 0.0000 SNPS_CLOCK_GATE_HIGH_tinytpu_isa_spm_0_45
spm_0_U0/clk_gate_grp_spm_0_Pipeline_VITIS_LOOP_914_1_fu_39_spad_U_ram_reg_44_       3.9900     0.0      0.0000      3.9900 0.0000 SNPS_CLOCK_GATE_HIGH_tinytpu_isa_spm_0_46
spm_0_U0/clk_gate_grp_spm_0_Pipeline_VITIS_LOOP_914_1_fu_39_spad_U_ram_reg_45_       3.9900     0.0      0.0000      3.9900 0.0000 SNPS_CLOCK_GATE_HIGH_tinytpu_isa_spm_0_47
spm_0_U0/clk_gate_grp_spm_0_Pipeline_VITIS_LOOP_914_1_fu_39_spad_U_ram_reg_46_       3.9900     0.0      0.0000      3.9900 0.0000 SNPS_CLOCK_GATE_HIGH_tinytpu_isa_spm_0_48
spm_0_U0/clk_gate_grp_spm_0_Pipeline_VITIS_LOOP_914_1_fu_39_spad_U_ram_reg_47_       3.9900     0.0      0.0000      3.9900 0.0000 SNPS_CLOCK_GATE_HIGH_tinytpu_isa_spm_0_49
spm_0_U0/clk_gate_grp_spm_0_Pipeline_VITIS_LOOP_914_1_fu_39_spad_U_ram_reg_48_       3.9900     0.0      0.0000      3.9900 0.0000 SNPS_CLOCK_GATE_HIGH_tinytpu_isa_spm_0_50
spm_0_U0/clk_gate_grp_spm_0_Pipeline_VITIS_LOOP_914_1_fu_39_spad_U_ram_reg_49_       3.9900     0.0      0.0000      3.9900 0.0000 SNPS_CLOCK_GATE_HIGH_tinytpu_isa_spm_0_51
spm_0_U0/clk_gate_grp_spm_0_Pipeline_VITIS_LOOP_914_1_fu_39_spad_U_ram_reg_4_       3.9900     0.0      0.0000      3.9900 0.0000 SNPS_CLOCK_GATE_HIGH_tinytpu_isa_spm_0_6
spm_0_U0/clk_gate_grp_spm_0_Pipeline_VITIS_LOOP_914_1_fu_39_spad_U_ram_reg_50_       3.9900     0.0      0.0000      3.9900 0.0000 SNPS_CLOCK_GATE_HIGH_tinytpu_isa_spm_0_52
spm_0_U0/clk_gate_grp_spm_0_Pipeline_VITIS_LOOP_914_1_fu_39_spad_U_ram_reg_51_       3.9900     0.0      0.0000      3.9900 0.0000 SNPS_CLOCK_GATE_HIGH_tinytpu_isa_spm_0_53
spm_0_U0/clk_gate_grp_spm_0_Pipeline_VITIS_LOOP_914_1_fu_39_spad_U_ram_reg_52_       3.9900     0.0      0.0000      3.9900 0.0000 SNPS_CLOCK_GATE_HIGH_tinytpu_isa_spm_0_54
spm_0_U0/clk_gate_grp_spm_0_Pipeline_VITIS_LOOP_914_1_fu_39_spad_U_ram_reg_53_       3.9900     0.0      0.0000      3.9900 0.0000 SNPS_CLOCK_GATE_HIGH_tinytpu_isa_spm_0_55
spm_0_U0/clk_gate_grp_spm_0_Pipeline_VITIS_LOOP_914_1_fu_39_spad_U_ram_reg_54_       3.9900     0.0      0.0000      3.9900 0.0000 SNPS_CLOCK_GATE_HIGH_tinytpu_isa_spm_0_56
spm_0_U0/clk_gate_grp_spm_0_Pipeline_VITIS_LOOP_914_1_fu_39_spad_U_ram_reg_55_       3.9900     0.0      0.0000      3.9900 0.0000 SNPS_CLOCK_GATE_HIGH_tinytpu_isa_spm_0_57
spm_0_U0/clk_gate_grp_spm_0_Pipeline_VITIS_LOOP_914_1_fu_39_spad_U_ram_reg_56_       3.9900     0.0      0.0000      3.9900 0.0000 SNPS_CLOCK_GATE_HIGH_tinytpu_isa_spm_0_58
spm_0_U0/clk_gate_grp_spm_0_Pipeline_VITIS_LOOP_914_1_fu_39_spad_U_ram_reg_57_       3.9900     0.0      0.0000      3.9900 0.0000 SNPS_CLOCK_GATE_HIGH_tinytpu_isa_spm_0_59
spm_0_U0/clk_gate_grp_spm_0_Pipeline_VITIS_LOOP_914_1_fu_39_spad_U_ram_reg_58_       3.9900     0.0      0.0000      3.9900 0.0000 SNPS_CLOCK_GATE_HIGH_tinytpu_isa_spm_0_60
spm_0_U0/clk_gate_grp_spm_0_Pipeline_VITIS_LOOP_914_1_fu_39_spad_U_ram_reg_59_       3.9900     0.0      0.0000      3.9900 0.0000 SNPS_CLOCK_GATE_HIGH_tinytpu_isa_spm_0_61
spm_0_U0/clk_gate_grp_spm_0_Pipeline_VITIS_LOOP_914_1_fu_39_spad_U_ram_reg_5_       3.9900     0.0      0.0000      3.9900 0.0000 SNPS_CLOCK_GATE_HIGH_tinytpu_isa_spm_0_7
spm_0_U0/clk_gate_grp_spm_0_Pipeline_VITIS_LOOP_914_1_fu_39_spad_U_ram_reg_60_       3.9900     0.0      0.0000      3.9900 0.0000 SNPS_CLOCK_GATE_HIGH_tinytpu_isa_spm_0_62
spm_0_U0/clk_gate_grp_spm_0_Pipeline_VITIS_LOOP_914_1_fu_39_spad_U_ram_reg_61_       3.9900     0.0      0.0000      3.9900 0.0000 SNPS_CLOCK_GATE_HIGH_tinytpu_isa_spm_0_63
spm_0_U0/clk_gate_grp_spm_0_Pipeline_VITIS_LOOP_914_1_fu_39_spad_U_ram_reg_62_       3.9900     0.0      0.0000      3.9900 0.0000 SNPS_CLOCK_GATE_HIGH_tinytpu_isa_spm_0_64
spm_0_U0/clk_gate_grp_spm_0_Pipeline_VITIS_LOOP_914_1_fu_39_spad_U_ram_reg_63_       3.9900     0.0      0.0000      3.9900 0.0000 SNPS_CLOCK_GATE_HIGH_tinytpu_isa_spm_0_65
spm_0_U0/clk_gate_grp_spm_0_Pipeline_VITIS_LOOP_914_1_fu_39_spad_U_ram_reg_6_       3.9900     0.0      0.0000      3.9900 0.0000 SNPS_CLOCK_GATE_HIGH_tinytpu_isa_spm_0_8
spm_0_U0/clk_gate_grp_spm_0_Pipeline_VITIS_LOOP_914_1_fu_39_spad_U_ram_reg_7_       3.9900     0.0      0.0000      3.9900 0.0000 SNPS_CLOCK_GATE_HIGH_tinytpu_isa_spm_0_9
spm_0_U0/clk_gate_grp_spm_0_Pipeline_VITIS_LOOP_914_1_fu_39_spad_U_ram_reg_8_       3.9900     0.0      0.0000      3.9900 0.0000 SNPS_CLOCK_GATE_HIGH_tinytpu_isa_spm_0_10
spm_0_U0/clk_gate_grp_spm_0_Pipeline_VITIS_LOOP_914_1_fu_39_spad_U_ram_reg_9_       3.9900     0.0      0.0000      3.9900 0.0000 SNPS_CLOCK_GATE_HIGH_tinytpu_isa_spm_0_11
spm_0_U0/clk_gate_grp_spm_0_Pipeline_VITIS_LOOP_914_1_fu_39_v498_fu_72_reg       3.9900     0.0      0.0000      3.9900 0.0000 SNPS_CLOCK_GATE_HIGH_tinytpu_isa_spm_0_68
spm_0_U0/clk_gate_grp_spm_0_Pipeline_VITIS_LOOP_914_1_fu_39_v503_fu_92_reg       3.9900     0.0      0.0000      3.9900 0.0000 SNPS_CLOCK_GATE_HIGH_tinytpu_isa_spm_0_69
spm_0_U0/clk_gate_grp_spm_0_Pipeline_VITIS_LOOP_914_1_fu_39_v556_reg_490_reg       3.9900     0.0      0.0000      3.9900 0.0000 SNPS_CLOCK_GATE_HIGH_tinytpu_isa_spm_0_70
spm_0_U0/clk_gate_v487_reg_61_reg       3.9900      0.0       0.0000       3.9900  0.0000  SNPS_CLOCK_GATE_HIGH_tinytpu_isa_spm_0_0
start_for_accu_0_U0_U_clk_gate_mOutPtr_reg       3.9900     0.0      0.0000      3.9900 0.0000 SNPS_CLOCK_GATE_HIGH_tinytpu_isa_start_for_accu_0_U0
start_for_dma_st_0_1_U0_U_clk_gate_mOutPtr_reg       3.9900     0.0      0.0000      3.9900 0.0000 SNPS_CLOCK_GATE_HIGH_tinytpu_isa_start_for_dma_st_0_1_U0
start_for_spm_0_U0_U_clk_gate_mOutPtr_reg       3.9900     0.0      0.0000      3.9900 0.0000 SNPS_CLOCK_GATE_HIGH_tinytpu_isa_start_for_spm_0_U0
start_for_vru_0_U0_U_clk_gate_mOutPtr_reg       3.9900     0.0      0.0000      3.9900 0.0000 SNPS_CLOCK_GATE_HIGH_tinytpu_isa_start_for_vru_0_U0
v2180_c_U_clk_gate_U_tinytpu_isa_fifo_w64_d14_S_ShiftReg_SRL_SIG_reg_13_       3.9900     0.0      0.0000      3.9900 0.0000 SNPS_CLOCK_GATE_HIGH_tinytpu_isa_fifo_w64_d14_S_1
v2180_c_U_clk_gate_mOutPtr_reg          3.9900      0.0       0.0000       3.9900  0.0000  SNPS_CLOCK_GATE_HIGH_tinytpu_isa_fifo_w64_d14_S_0
v2181_U_clk_gate_U_tinytpu_isa_fifo_w64_d8_S_ShiftReg_SRL_SIG_reg_7_       3.9900     0.0      0.0000      3.9900 0.0000 SNPS_CLOCK_GATE_HIGH_tinytpu_isa_fifo_w64_d8_S_4_1
v2181_U_clk_gate_mOutPtr_reg            3.9900      0.0       0.0000       3.9900  0.0000  SNPS_CLOCK_GATE_HIGH_tinytpu_isa_fifo_w64_d8_S_4_0
v2182_U_clk_gate_U_tinytpu_isa_fifo_w64_d8_S_ShiftReg_SRL_SIG_reg_7_       3.9900     0.0      0.0000      3.9900 0.0000 SNPS_CLOCK_GATE_HIGH_tinytpu_isa_fifo_w64_d8_S_3_1
v2182_U_clk_gate_mOutPtr_reg            3.9900      0.0       0.0000       3.9900  0.0000  SNPS_CLOCK_GATE_HIGH_tinytpu_isa_fifo_w64_d8_S_3_0
v2183_U_clk_gate_U_tinytpu_isa_fifo_w64_d8_S_ShiftReg_SRL_SIG_reg_7_       3.9900     0.0      0.0000      3.9900 0.0000 SNPS_CLOCK_GATE_HIGH_tinytpu_isa_fifo_w64_d8_S_2_1
v2183_U_clk_gate_mOutPtr_reg            3.9900      0.0       0.0000       3.9900  0.0000  SNPS_CLOCK_GATE_HIGH_tinytpu_isa_fifo_w64_d8_S_2_0
v2184_U_clk_gate_U_tinytpu_isa_fifo_w64_d8_S_ShiftReg_SRL_SIG_reg_7_       3.9900     0.0      0.0000      3.9900 0.0000 SNPS_CLOCK_GATE_HIGH_tinytpu_isa_fifo_w64_d8_S_1_1
v2184_U_clk_gate_mOutPtr_reg            3.9900      0.0       0.0000       3.9900  0.0000  SNPS_CLOCK_GATE_HIGH_tinytpu_isa_fifo_w64_d8_S_1_0
v2185_U_clk_gate_U_tinytpu_isa_fifo_w64_d8_S_ShiftReg_SRL_SIG_reg_7_       3.9900     0.0      0.0000      3.9900 0.0000 SNPS_CLOCK_GATE_HIGH_tinytpu_isa_fifo_w64_d8_S_0_1
v2185_U_clk_gate_mOutPtr_reg            3.9900      0.0       0.0000       3.9900  0.0000  SNPS_CLOCK_GATE_HIGH_tinytpu_isa_fifo_w64_d8_S_0_0
v2186_U_clk_gate_U_tinytpu_isa_fifo_w32_d8_S_ShiftReg_SRL_SIG_reg_7_       3.9900     0.0      0.0000      3.9900 0.0000 SNPS_CLOCK_GATE_HIGH_tinytpu_isa_fifo_w32_d8_S_0_60
v2186_U_clk_gate_mOutPtr_reg            3.9900      0.0       0.0000       3.9900  0.0000  SNPS_CLOCK_GATE_HIGH_tinytpu_isa_fifo_w32_d8_S_0_61
v2187_U_clk_gate_U_tinytpu_isa_fifo_w32_d8_S_ShiftReg_SRL_SIG_reg_7_       3.9900     0.0      0.0000      3.9900 0.0000 SNPS_CLOCK_GATE_HIGH_tinytpu_isa_fifo_w32_d8_S_0_62
v2187_U_clk_gate_mOutPtr_reg            3.9900      0.0       0.0000       3.9900  0.0000  SNPS_CLOCK_GATE_HIGH_tinytpu_isa_fifo_w32_d8_S_0_63
v2188_U_clk_gate_U_tinytpu_isa_fifo_w32_d8_S_ShiftReg_SRL_SIG_reg_7_       3.9900     0.0      0.0000      3.9900 0.0000 SNPS_CLOCK_GATE_HIGH_tinytpu_isa_fifo_w32_d8_S_0_56
v2188_U_clk_gate_mOutPtr_reg            3.9900      0.0       0.0000       3.9900  0.0000  SNPS_CLOCK_GATE_HIGH_tinytpu_isa_fifo_w32_d8_S_0_57
v2189_U_clk_gate_U_tinytpu_isa_fifo_w32_d8_S_ShiftReg_SRL_SIG_reg_7_       3.9900     0.0      0.0000      3.9900 0.0000 SNPS_CLOCK_GATE_HIGH_tinytpu_isa_fifo_w32_d8_S_0_1
v2189_U_clk_gate_mOutPtr_reg            3.9900      0.0       0.0000       3.9900  0.0000  SNPS_CLOCK_GATE_HIGH_tinytpu_isa_fifo_w32_d8_S_0_0
v2190_U_clk_gate_U_tinytpu_isa_fifo_w32_d8_S_ShiftReg_SRL_SIG_reg_7_       3.9900     0.0      0.0000      3.9900 0.0000 SNPS_CLOCK_GATE_HIGH_tinytpu_isa_fifo_w32_d8_S_0_58
v2190_U_clk_gate_mOutPtr_reg            3.9900      0.0       0.0000       3.9900  0.0000  SNPS_CLOCK_GATE_HIGH_tinytpu_isa_fifo_w32_d8_S_0_59
v2191_U_clk_gate_U_tinytpu_isa_fifo_w32_d8_S_ShiftReg_SRL_SIG_reg_7_       3.9900     0.0      0.0000      3.9900 0.0000 SNPS_CLOCK_GATE_HIGH_tinytpu_isa_fifo_w32_d8_S_22_4
v2191_U_clk_gate_mOutPtr_reg            3.9900      0.0       0.0000       3.9900  0.0000  SNPS_CLOCK_GATE_HIGH_tinytpu_isa_fifo_w32_d8_S_22_5
v2192_U_clk_gate_U_tinytpu_isa_fifo_w32_d8_S_ShiftReg_SRL_SIG_reg_7_       3.9900     0.0      0.0000      3.9900 0.0000 SNPS_CLOCK_GATE_HIGH_tinytpu_isa_fifo_w32_d8_S_22_2
v2192_U_clk_gate_mOutPtr_reg            3.9900      0.0       0.0000       3.9900  0.0000  SNPS_CLOCK_GATE_HIGH_tinytpu_isa_fifo_w32_d8_S_22_3
v2193_U_clk_gate_mOutPtr_reg            3.9900      0.0       0.0000       3.9900  0.0000  SNPS_CLOCK_GATE_HIGH_tinytpu_isa_fifo_w32_d8_S_22_0
v2194_U_clk_gate_U_tinytpu_isa_fifo_w32_d8_S_ShiftReg_SRL_SIG_reg_7_       3.9900     0.0      0.0000      3.9900 0.0000 SNPS_CLOCK_GATE_HIGH_tinytpu_isa_fifo_w32_d8_S_0_52
v2194_U_clk_gate_mOutPtr_reg            3.9900      0.0       0.0000       3.9900  0.0000  SNPS_CLOCK_GATE_HIGH_tinytpu_isa_fifo_w32_d8_S_0_53
v2195_U_clk_gate_U_tinytpu_isa_fifo_w32_d8_S_ShiftReg_SRL_SIG_reg_7_       3.9900     0.0      0.0000      3.9900 0.0000 SNPS_CLOCK_GATE_HIGH_tinytpu_isa_fifo_w32_d8_S_0_50
v2195_U_clk_gate_mOutPtr_reg            3.9900      0.0       0.0000       3.9900  0.0000  SNPS_CLOCK_GATE_HIGH_tinytpu_isa_fifo_w32_d8_S_0_51
v2196_U_clk_gate_U_tinytpu_isa_fifo_w32_d8_S_ShiftReg_SRL_SIG_reg_7_       3.9900     0.0      0.0000      3.9900 0.0000 SNPS_CLOCK_GATE_HIGH_tinytpu_isa_fifo_w32_d8_S_0_48
v2196_U_clk_gate_mOutPtr_reg            3.9900      0.0       0.0000       3.9900  0.0000  SNPS_CLOCK_GATE_HIGH_tinytpu_isa_fifo_w32_d8_S_0_49
v2198_U_clk_gate_U_tinytpu_isa_fifo_w32_d8_S_ShiftReg_SRL_SIG_reg_7_       3.9900     0.0      0.0000      3.9900 0.0000 SNPS_CLOCK_GATE_HIGH_tinytpu_isa_fifo_w32_d8_S_0_46
v2198_U_clk_gate_mOutPtr_reg            3.9900      0.0       0.0000       3.9900  0.0000  SNPS_CLOCK_GATE_HIGH_tinytpu_isa_fifo_w32_d8_S_0_47
v2199_U_clk_gate_U_tinytpu_isa_fifo_w32_d8_S_ShiftReg_SRL_SIG_reg_7_       3.9900     0.0      0.0000      3.9900 0.0000 SNPS_CLOCK_GATE_HIGH_tinytpu_isa_fifo_w32_d8_S_0_44
v2199_U_clk_gate_mOutPtr_reg            3.9900      0.0       0.0000       3.9900  0.0000  SNPS_CLOCK_GATE_HIGH_tinytpu_isa_fifo_w32_d8_S_0_45
v2200_U_clk_gate_U_tinytpu_isa_fifo_w32_d8_S_ShiftReg_SRL_SIG_reg_7_       3.9900     0.0      0.0000      3.9900 0.0000 SNPS_CLOCK_GATE_HIGH_tinytpu_isa_fifo_w32_d8_S_0_42
v2200_U_clk_gate_mOutPtr_reg            3.9900      0.0       0.0000       3.9900  0.0000  SNPS_CLOCK_GATE_HIGH_tinytpu_isa_fifo_w32_d8_S_0_43
v2202_U_clk_gate_U_tinytpu_isa_fifo_w32_d8_S_ShiftReg_SRL_SIG_reg_7_       3.9900     0.0      0.0000      3.9900 0.0000 SNPS_CLOCK_GATE_HIGH_tinytpu_isa_fifo_w32_d8_S_0_40
v2202_U_clk_gate_mOutPtr_reg            3.9900      0.0       0.0000       3.9900  0.0000  SNPS_CLOCK_GATE_HIGH_tinytpu_isa_fifo_w32_d8_S_0_41
v2203_U_clk_gate_U_tinytpu_isa_fifo_w32_d8_S_ShiftReg_SRL_SIG_reg_7_       3.9900     0.0      0.0000      3.9900 0.0000 SNPS_CLOCK_GATE_HIGH_tinytpu_isa_fifo_w32_d8_S_0_38
v2203_U_clk_gate_mOutPtr_reg            3.9900      0.0       0.0000       3.9900  0.0000  SNPS_CLOCK_GATE_HIGH_tinytpu_isa_fifo_w32_d8_S_0_39
v2204_U_clk_gate_U_tinytpu_isa_fifo_w32_d8_S_ShiftReg_SRL_SIG_reg_7_       3.9900     0.0      0.0000      3.9900 0.0000 SNPS_CLOCK_GATE_HIGH_tinytpu_isa_fifo_w32_d8_S_0_36
v2204_U_clk_gate_mOutPtr_reg            3.9900      0.0       0.0000       3.9900  0.0000  SNPS_CLOCK_GATE_HIGH_tinytpu_isa_fifo_w32_d8_S_0_37
v2206_U_clk_gate_U_tinytpu_isa_fifo_w32_d8_S_ShiftReg_SRL_SIG_reg_7_       3.9900     0.0      0.0000      3.9900 0.0000 SNPS_CLOCK_GATE_HIGH_tinytpu_isa_fifo_w32_d8_S_0_34
v2206_U_clk_gate_mOutPtr_reg            3.9900      0.0       0.0000       3.9900  0.0000  SNPS_CLOCK_GATE_HIGH_tinytpu_isa_fifo_w32_d8_S_0_35
v2207_U_clk_gate_U_tinytpu_isa_fifo_w32_d8_S_ShiftReg_SRL_SIG_reg_7_       3.9900     0.0      0.0000      3.9900 0.0000 SNPS_CLOCK_GATE_HIGH_tinytpu_isa_fifo_w32_d8_S_0_32
v2207_U_clk_gate_mOutPtr_reg            3.9900      0.0       0.0000       3.9900  0.0000  SNPS_CLOCK_GATE_HIGH_tinytpu_isa_fifo_w32_d8_S_0_33
v2208_U_clk_gate_U_tinytpu_isa_fifo_w32_d8_S_ShiftReg_SRL_SIG_reg_7_       3.9900     0.0      0.0000      3.9900 0.0000 SNPS_CLOCK_GATE_HIGH_tinytpu_isa_fifo_w32_d8_S_0_30
v2208_U_clk_gate_mOutPtr_reg            3.9900      0.0       0.0000       3.9900  0.0000  SNPS_CLOCK_GATE_HIGH_tinytpu_isa_fifo_w32_d8_S_0_31
v2210_U_clk_gate_U_tinytpu_isa_fifo_w32_d8_S_ShiftReg_SRL_SIG_reg_7_       3.9900     0.0      0.0000      3.9900 0.0000 SNPS_CLOCK_GATE_HIGH_tinytpu_isa_fifo_w32_d8_S_0_54
v2210_U_clk_gate_mOutPtr_reg            3.9900      0.0       0.0000       3.9900  0.0000  SNPS_CLOCK_GATE_HIGH_tinytpu_isa_fifo_w32_d8_S_0_55
v2211_U_clk_gate_mOutPtr_reg            3.9900      0.0       0.0000       3.9900  0.0000  SNPS_CLOCK_GATE_HIGH_tinytpu_isa_fifo_w32_d8_S_0_29
v2212_U_clk_gate_mOutPtr_reg            3.9900      0.0       0.0000       3.9900  0.0000  SNPS_CLOCK_GATE_HIGH_tinytpu_isa_fifo_w32_d8_S_0_19
v2213_U_clk_gate_mOutPtr_reg            3.9900      0.0       0.0000       3.9900  0.0000  SNPS_CLOCK_GATE_HIGH_tinytpu_isa_fifo_w32_d8_S_5_0
v2214_U_clk_gate_mOutPtr_reg            3.9900      0.0       0.0000       3.9900  0.0000  SNPS_CLOCK_GATE_HIGH_tinytpu_isa_fifo_w8_d8_S_0_21
v2215_U_clk_gate_mOutPtr_reg            3.9900      0.0       0.0000       3.9900  0.0000  SNPS_CLOCK_GATE_HIGH_tinytpu_isa_fifo_w8_d8_S_0_19
v2216_U_clk_gate_mOutPtr_reg            3.9900      0.0       0.0000       3.9900  0.0000  SNPS_CLOCK_GATE_HIGH_tinytpu_isa_fifo_w8_d8_S_0_17
v2218_U_clk_gate_mOutPtr_reg            3.9900      0.0       0.0000       3.9900  0.0000  SNPS_CLOCK_GATE_HIGH_tinytpu_isa_fifo_w8_d8_S_0_15
v2219_U_clk_gate_mOutPtr_reg            3.9900      0.0       0.0000       3.9900  0.0000  SNPS_CLOCK_GATE_HIGH_tinytpu_isa_fifo_w8_d8_S_0_13
v2220_U_clk_gate_mOutPtr_reg            3.9900      0.0       0.0000       3.9900  0.0000  SNPS_CLOCK_GATE_HIGH_tinytpu_isa_fifo_w8_d8_S_0_11
v2222_U_clk_gate_mOutPtr_reg            3.9900      0.0       0.0000       3.9900  0.0000  SNPS_CLOCK_GATE_HIGH_tinytpu_isa_fifo_w8_d8_S_0_9
v2223_U_clk_gate_mOutPtr_reg            3.9900      0.0       0.0000       3.9900  0.0000  SNPS_CLOCK_GATE_HIGH_tinytpu_isa_fifo_w8_d8_S_0_7
v2224_U_clk_gate_mOutPtr_reg            3.9900      0.0       0.0000       3.9900  0.0000  SNPS_CLOCK_GATE_HIGH_tinytpu_isa_fifo_w8_d8_S_0_5
v2226_U_clk_gate_mOutPtr_reg            3.9900      0.0       0.0000       3.9900  0.0000  SNPS_CLOCK_GATE_HIGH_tinytpu_isa_fifo_w8_d8_S_0_3
v2227_U_clk_gate_mOutPtr_reg            3.9900      0.0       0.0000       3.9900  0.0000  SNPS_CLOCK_GATE_HIGH_tinytpu_isa_fifo_w8_d8_S_0_1
v2228_U_clk_gate_mOutPtr_reg            3.9900      0.0       0.0000       3.9900  0.0000  SNPS_CLOCK_GATE_HIGH_tinytpu_isa_fifo_w8_d8_S_0_0
v2230_U_clk_gate_U_tinytpu_isa_fifo_w32_d8_S_ShiftReg_SRL_SIG_reg_7_       3.9900     0.0      0.0000      3.9900 0.0000 SNPS_CLOCK_GATE_HIGH_tinytpu_isa_fifo_w32_d8_S_0_26
v2230_U_clk_gate_mOutPtr_reg            3.9900      0.0       0.0000       3.9900  0.0000  SNPS_CLOCK_GATE_HIGH_tinytpu_isa_fifo_w32_d8_S_0_27
v2231_U_clk_gate_U_tinytpu_isa_fifo_w32_d8_S_ShiftReg_SRL_SIG_reg_7_       3.9900     0.0      0.0000      3.9900 0.0000 SNPS_CLOCK_GATE_HIGH_tinytpu_isa_fifo_w32_d8_S_0_24
v2231_U_clk_gate_mOutPtr_reg            3.9900      0.0       0.0000       3.9900  0.0000  SNPS_CLOCK_GATE_HIGH_tinytpu_isa_fifo_w32_d8_S_0_25
v2232_U_clk_gate_U_tinytpu_isa_fifo_w32_d8_S_ShiftReg_SRL_SIG_reg_7_       3.9900     0.0      0.0000      3.9900 0.0000 SNPS_CLOCK_GATE_HIGH_tinytpu_isa_fifo_w32_d8_S_0_22
v2232_U_clk_gate_mOutPtr_reg            3.9900      0.0       0.0000       3.9900  0.0000  SNPS_CLOCK_GATE_HIGH_tinytpu_isa_fifo_w32_d8_S_0_23
v2233_U_clk_gate_U_tinytpu_isa_fifo_w32_d8_S_ShiftReg_SRL_SIG_reg_7_       3.9900     0.0      0.0000      3.9900 0.0000 SNPS_CLOCK_GATE_HIGH_tinytpu_isa_fifo_w32_d8_S_0_20
v2233_U_clk_gate_mOutPtr_reg            3.9900      0.0       0.0000       3.9900  0.0000  SNPS_CLOCK_GATE_HIGH_tinytpu_isa_fifo_w32_d8_S_0_21
v2234_U_clk_gate_U_tinytpu_isa_fifo_w32_d8_S_ShiftReg_SRL_SIG_reg_7_       3.9900     0.0      0.0000      3.9900 0.0000 SNPS_CLOCK_GATE_HIGH_tinytpu_isa_fifo_w32_d8_S_0_16
v2234_U_clk_gate_mOutPtr_reg            3.9900      0.0       0.0000       3.9900  0.0000  SNPS_CLOCK_GATE_HIGH_tinytpu_isa_fifo_w32_d8_S_0_17
v2235_U_clk_gate_U_tinytpu_isa_fifo_w32_d8_S_ShiftReg_SRL_SIG_reg_7_       3.9900     0.0      0.0000      3.9900 0.0000 SNPS_CLOCK_GATE_HIGH_tinytpu_isa_fifo_w32_d8_S_0_14
v2235_U_clk_gate_mOutPtr_reg            3.9900      0.0       0.0000       3.9900  0.0000  SNPS_CLOCK_GATE_HIGH_tinytpu_isa_fifo_w32_d8_S_0_15
v2236_U_clk_gate_U_tinytpu_isa_fifo_w32_d8_S_ShiftReg_SRL_SIG_reg_7_       3.9900     0.0      0.0000      3.9900 0.0000 SNPS_CLOCK_GATE_HIGH_tinytpu_isa_fifo_w32_d8_S_0_12
v2236_U_clk_gate_mOutPtr_reg            3.9900      0.0       0.0000       3.9900  0.0000  SNPS_CLOCK_GATE_HIGH_tinytpu_isa_fifo_w32_d8_S_0_13
v2237_U_clk_gate_U_tinytpu_isa_fifo_w32_d8_S_ShiftReg_SRL_SIG_reg_7_       3.9900     0.0      0.0000      3.9900 0.0000 SNPS_CLOCK_GATE_HIGH_tinytpu_isa_fifo_w32_d8_S_0_10
v2237_U_clk_gate_mOutPtr_reg            3.9900      0.0       0.0000       3.9900  0.0000  SNPS_CLOCK_GATE_HIGH_tinytpu_isa_fifo_w32_d8_S_0_11
v2238_U_clk_gate_U_tinytpu_isa_fifo_w32_d8_S_ShiftReg_SRL_SIG_reg_7_       3.9900     0.0      0.0000      3.9900 0.0000 SNPS_CLOCK_GATE_HIGH_tinytpu_isa_fifo_w32_d8_S_0_8
v2238_U_clk_gate_mOutPtr_reg            3.9900      0.0       0.0000       3.9900  0.0000  SNPS_CLOCK_GATE_HIGH_tinytpu_isa_fifo_w32_d8_S_0_9
v2239_U_clk_gate_U_tinytpu_isa_fifo_w32_d8_S_ShiftReg_SRL_SIG_reg_7_       3.9900     0.0      0.0000      3.9900 0.0000 SNPS_CLOCK_GATE_HIGH_tinytpu_isa_fifo_w32_d8_S_0_6
v2239_U_clk_gate_mOutPtr_reg            3.9900      0.0       0.0000       3.9900  0.0000  SNPS_CLOCK_GATE_HIGH_tinytpu_isa_fifo_w32_d8_S_0_7
v2240_U_clk_gate_U_tinytpu_isa_fifo_w32_d8_S_ShiftReg_SRL_SIG_reg_7_       3.9900     0.0      0.0000      3.9900 0.0000 SNPS_CLOCK_GATE_HIGH_tinytpu_isa_fifo_w32_d8_S_0_4
v2240_U_clk_gate_mOutPtr_reg            3.9900      0.0       0.0000       3.9900  0.0000  SNPS_CLOCK_GATE_HIGH_tinytpu_isa_fifo_w32_d8_S_0_5
v2241_U_clk_gate_U_tinytpu_isa_fifo_w32_d8_S_ShiftReg_SRL_SIG_reg_7_       3.9900     0.0      0.0000      3.9900 0.0000 SNPS_CLOCK_GATE_HIGH_tinytpu_isa_fifo_w32_d8_S_0_2
v2241_U_clk_gate_mOutPtr_reg            3.9900      0.0       0.0000       3.9900  0.0000  SNPS_CLOCK_GATE_HIGH_tinytpu_isa_fifo_w32_d8_S_0_3
v2246_U_clk_gate_U_tinytpu_isa_fifo_w128_d8_S_ShiftReg_SRL_SIG_reg_7_       3.9900     0.0      0.0000      3.9900 0.0000 SNPS_CLOCK_GATE_HIGH_tinytpu_isa_fifo_w128_d8_S_3_1
v2246_U_clk_gate_mOutPtr_reg            3.9900      0.0       0.0000       3.9900  0.0000  SNPS_CLOCK_GATE_HIGH_tinytpu_isa_fifo_w128_d8_S_3_0
v2247_U_clk_gate_U_tinytpu_isa_fifo_w128_d8_S_ShiftReg_SRL_SIG_reg_7_       3.9900     0.0      0.0000      3.9900 0.0000 SNPS_CLOCK_GATE_HIGH_tinytpu_isa_fifo_w128_d8_S_2_1
v2247_U_clk_gate_mOutPtr_reg            3.9900      0.0       0.0000       3.9900  0.0000  SNPS_CLOCK_GATE_HIGH_tinytpu_isa_fifo_w128_d8_S_2_0
v2248_U_clk_gate_U_tinytpu_isa_fifo_w128_d8_S_ShiftReg_SRL_SIG_reg_7_       3.9900     0.0      0.0000      3.9900 0.0000 SNPS_CLOCK_GATE_HIGH_tinytpu_isa_fifo_w128_d8_S_1_1
v2248_U_clk_gate_mOutPtr_reg            3.9900      0.0       0.0000       3.9900  0.0000  SNPS_CLOCK_GATE_HIGH_tinytpu_isa_fifo_w128_d8_S_1_0
v2249_U_clk_gate_U_tinytpu_isa_fifo_w128_d8_S_ShiftReg_SRL_SIG_reg_7_       3.9900     0.0      0.0000      3.9900 0.0000 SNPS_CLOCK_GATE_HIGH_tinytpu_isa_fifo_w128_d8_S_0_1
v2249_U_clk_gate_mOutPtr_reg            3.9900      0.0       0.0000       3.9900  0.0000  SNPS_CLOCK_GATE_HIGH_tinytpu_isa_fifo_w128_d8_S_0_0
v2250_U_clk_gate_U_tinytpu_isa_fifo_w32_d4_S_ShiftReg_SRL_SIG_reg_3_       3.9900     0.0      0.0000      3.9900 0.0000 SNPS_CLOCK_GATE_HIGH_tinytpu_isa_fifo_w32_d4_S_0_30
v2250_U_clk_gate_mOutPtr_reg            3.9900      0.0       0.0000       3.9900  0.0000  SNPS_CLOCK_GATE_HIGH_tinytpu_isa_fifo_w32_d4_S_0_29
v2251_U_clk_gate_U_tinytpu_isa_fifo_w32_d4_S_ShiftReg_SRL_SIG_reg_3_       3.9900     0.0      0.0000      3.9900 0.0000 SNPS_CLOCK_GATE_HIGH_tinytpu_isa_fifo_w32_d4_S_0_28
v2251_U_clk_gate_mOutPtr_reg            3.9900      0.0       0.0000       3.9900  0.0000  SNPS_CLOCK_GATE_HIGH_tinytpu_isa_fifo_w32_d4_S_0_27
v2252_U_clk_gate_U_tinytpu_isa_fifo_w32_d4_S_ShiftReg_SRL_SIG_reg_3_       3.9900     0.0      0.0000      3.9900 0.0000 SNPS_CLOCK_GATE_HIGH_tinytpu_isa_fifo_w32_d4_S_0_26
v2252_U_clk_gate_mOutPtr_reg            3.9900      0.0       0.0000       3.9900  0.0000  SNPS_CLOCK_GATE_HIGH_tinytpu_isa_fifo_w32_d4_S_0_25
v2253_U_clk_gate_U_tinytpu_isa_fifo_w32_d4_S_ShiftReg_SRL_SIG_reg_3_       3.9900     0.0      0.0000      3.9900 0.0000 SNPS_CLOCK_GATE_HIGH_tinytpu_isa_fifo_w32_d4_S_0_24
v2253_U_clk_gate_mOutPtr_reg            3.9900      0.0       0.0000       3.9900  0.0000  SNPS_CLOCK_GATE_HIGH_tinytpu_isa_fifo_w32_d4_S_0_23
v2254_U_clk_gate_U_tinytpu_isa_fifo_w32_d4_S_ShiftReg_SRL_SIG_reg_3_       3.9900     0.0      0.0000      3.9900 0.0000 SNPS_CLOCK_GATE_HIGH_tinytpu_isa_fifo_w32_d4_S_0_22
v2254_U_clk_gate_mOutPtr_reg            3.9900      0.0       0.0000       3.9900  0.0000  SNPS_CLOCK_GATE_HIGH_tinytpu_isa_fifo_w32_d4_S_0_21
v2255_U_clk_gate_U_tinytpu_isa_fifo_w32_d4_S_ShiftReg_SRL_SIG_reg_3_       3.9900     0.0      0.0000      3.9900 0.0000 SNPS_CLOCK_GATE_HIGH_tinytpu_isa_fifo_w32_d4_S_0_20
v2255_U_clk_gate_mOutPtr_reg            3.9900      0.0       0.0000       3.9900  0.0000  SNPS_CLOCK_GATE_HIGH_tinytpu_isa_fifo_w32_d4_S_0_19
v2256_U_clk_gate_U_tinytpu_isa_fifo_w32_d4_S_ShiftReg_SRL_SIG_reg_3_       3.9900     0.0      0.0000      3.9900 0.0000 SNPS_CLOCK_GATE_HIGH_tinytpu_isa_fifo_w32_d4_S_0_18
v2256_U_clk_gate_mOutPtr_reg            3.9900      0.0       0.0000       3.9900  0.0000  SNPS_CLOCK_GATE_HIGH_tinytpu_isa_fifo_w32_d4_S_0_17
v2257_U_clk_gate_U_tinytpu_isa_fifo_w32_d4_S_ShiftReg_SRL_SIG_reg_3_       3.9900     0.0      0.0000      3.9900 0.0000 SNPS_CLOCK_GATE_HIGH_tinytpu_isa_fifo_w32_d4_S_0_16
v2257_U_clk_gate_mOutPtr_reg            3.9900      0.0       0.0000       3.9900  0.0000  SNPS_CLOCK_GATE_HIGH_tinytpu_isa_fifo_w32_d4_S_0_15
v2258_U_clk_gate_U_tinytpu_isa_fifo_w32_d4_S_ShiftReg_SRL_SIG_reg_3_       3.9900     0.0      0.0000      3.9900 0.0000 SNPS_CLOCK_GATE_HIGH_tinytpu_isa_fifo_w32_d4_S_0_14
v2258_U_clk_gate_mOutPtr_reg            3.9900      0.0       0.0000       3.9900  0.0000  SNPS_CLOCK_GATE_HIGH_tinytpu_isa_fifo_w32_d4_S_0_13
v2259_U_clk_gate_U_tinytpu_isa_fifo_w32_d4_S_ShiftReg_SRL_SIG_reg_3_       3.9900     0.0      0.0000      3.9900 0.0000 SNPS_CLOCK_GATE_HIGH_tinytpu_isa_fifo_w32_d4_S_0_12
v2259_U_clk_gate_mOutPtr_reg            3.9900      0.0       0.0000       3.9900  0.0000  SNPS_CLOCK_GATE_HIGH_tinytpu_isa_fifo_w32_d4_S_0_11
v2260_U_clk_gate_U_tinytpu_isa_fifo_w32_d4_S_ShiftReg_SRL_SIG_reg_3_       3.9900     0.0      0.0000      3.9900 0.0000 SNPS_CLOCK_GATE_HIGH_tinytpu_isa_fifo_w32_d4_S_0_10
v2260_U_clk_gate_mOutPtr_reg            3.9900      0.0       0.0000       3.9900  0.0000  SNPS_CLOCK_GATE_HIGH_tinytpu_isa_fifo_w32_d4_S_0_9
v2261_U_clk_gate_U_tinytpu_isa_fifo_w32_d4_S_ShiftReg_SRL_SIG_reg_3_       3.9900     0.0      0.0000      3.9900 0.0000 SNPS_CLOCK_GATE_HIGH_tinytpu_isa_fifo_w32_d4_S_0_8
v2261_U_clk_gate_mOutPtr_reg            3.9900      0.0       0.0000       3.9900  0.0000  SNPS_CLOCK_GATE_HIGH_tinytpu_isa_fifo_w32_d4_S_0_7
v2262_U_clk_gate_U_tinytpu_isa_fifo_w32_d4_S_ShiftReg_SRL_SIG_reg_3_       3.9900     0.0      0.0000      3.9900 0.0000 SNPS_CLOCK_GATE_HIGH_tinytpu_isa_fifo_w32_d4_S_0_6
v2262_U_clk_gate_mOutPtr_reg            3.9900      0.0       0.0000       3.9900  0.0000  SNPS_CLOCK_GATE_HIGH_tinytpu_isa_fifo_w32_d4_S_0_5
v2263_U_clk_gate_U_tinytpu_isa_fifo_w32_d4_S_ShiftReg_SRL_SIG_reg_3_       3.9900     0.0      0.0000      3.9900 0.0000 SNPS_CLOCK_GATE_HIGH_tinytpu_isa_fifo_w32_d4_S_0_4
v2263_U_clk_gate_mOutPtr_reg            3.9900      0.0       0.0000       3.9900  0.0000  SNPS_CLOCK_GATE_HIGH_tinytpu_isa_fifo_w32_d4_S_0_3
v2264_U_clk_gate_U_tinytpu_isa_fifo_w32_d4_S_ShiftReg_SRL_SIG_reg_3_       3.9900     0.0      0.0000      3.9900 0.0000 SNPS_CLOCK_GATE_HIGH_tinytpu_isa_fifo_w32_d4_S_0_2
v2264_U_clk_gate_mOutPtr_reg            3.9900      0.0       0.0000       3.9900  0.0000  SNPS_CLOCK_GATE_HIGH_tinytpu_isa_fifo_w32_d4_S_0_1
v2265_U_clk_gate_U_tinytpu_isa_fifo_w32_d4_S_ShiftReg_SRL_SIG_reg_3_       3.9900     0.0      0.0000      3.9900 0.0000 SNPS_CLOCK_GATE_HIGH_tinytpu_isa_fifo_w32_d4_S_0_31
v2265_U_clk_gate_mOutPtr_reg            3.9900      0.0       0.0000       3.9900  0.0000  SNPS_CLOCK_GATE_HIGH_tinytpu_isa_fifo_w32_d4_S_0_0
vru_0_U0                            12910.3097      1.1    2583.6581   10043.3616  0.0000  tinytpu_isa_vru_0
vru_0_U0/clk_gate_grp_vru_0_Pipeline_VITIS_LOOP_1058_1_fu_30_ap_enable_reg_pp0_iter5_reg       3.9900     0.0      0.0000      3.9900 0.0000 SNPS_CLOCK_GATE_HIGH_tinytpu_isa_vru_0_66
vru_0_U0/clk_gate_grp_vru_0_Pipeline_VITIS_LOOP_1058_1_fu_30_ap_phi_reg_pp0_iter4_v621_reg_149_reg       3.9900     0.0      0.0000      3.9900 0.0000 SNPS_CLOCK_GATE_HIGH_tinytpu_isa_vru_0_67
vru_0_U0/clk_gate_grp_vru_0_Pipeline_VITIS_LOOP_1058_1_fu_30_v572_fu_70_reg       3.9900     0.0      0.0000      3.9900 0.0000 SNPS_CLOCK_GATE_HIGH_tinytpu_isa_vru_0_69
vru_0_U0/clk_gate_grp_vru_0_Pipeline_VITIS_LOOP_1058_1_fu_30_v577_fu_90_reg       3.9900     0.0      0.0000      3.9900 0.0000 SNPS_CLOCK_GATE_HIGH_tinytpu_isa_vru_0_70
vru_0_U0/clk_gate_grp_vru_0_Pipeline_VITIS_LOOP_1058_1_fu_30_v599_reg_433_reg       3.9900     0.0      0.0000      3.9900 0.0000 SNPS_CLOCK_GATE_HIGH_tinytpu_isa_vru_0_72
vru_0_U0/clk_gate_grp_vru_0_Pipeline_VITIS_LOOP_1058_1_fu_30_vr_U_q0_reg       3.9900     0.0      0.0000      3.9900 0.0000 SNPS_CLOCK_GATE_HIGH_tinytpu_isa_vru_0_1
vru_0_U0/clk_gate_grp_vru_0_Pipeline_VITIS_LOOP_1058_1_fu_30_vr_U_ram_reg_0_       3.9900     0.0      0.0000      3.9900 0.0000 SNPS_CLOCK_GATE_HIGH_tinytpu_isa_vru_0_2
vru_0_U0/clk_gate_grp_vru_0_Pipeline_VITIS_LOOP_1058_1_fu_30_vr_U_ram_reg_10_       3.9900     0.0      0.0000      3.9900 0.0000 SNPS_CLOCK_GATE_HIGH_tinytpu_isa_vru_0_12
vru_0_U0/clk_gate_grp_vru_0_Pipeline_VITIS_LOOP_1058_1_fu_30_vr_U_ram_reg_11_       3.9900     0.0      0.0000      3.9900 0.0000 SNPS_CLOCK_GATE_HIGH_tinytpu_isa_vru_0_13
vru_0_U0/clk_gate_grp_vru_0_Pipeline_VITIS_LOOP_1058_1_fu_30_vr_U_ram_reg_12_       3.9900     0.0      0.0000      3.9900 0.0000 SNPS_CLOCK_GATE_HIGH_tinytpu_isa_vru_0_14
vru_0_U0/clk_gate_grp_vru_0_Pipeline_VITIS_LOOP_1058_1_fu_30_vr_U_ram_reg_13_       3.9900     0.0      0.0000      3.9900 0.0000 SNPS_CLOCK_GATE_HIGH_tinytpu_isa_vru_0_15
vru_0_U0/clk_gate_grp_vru_0_Pipeline_VITIS_LOOP_1058_1_fu_30_vr_U_ram_reg_14_       3.9900     0.0      0.0000      3.9900 0.0000 SNPS_CLOCK_GATE_HIGH_tinytpu_isa_vru_0_16
vru_0_U0/clk_gate_grp_vru_0_Pipeline_VITIS_LOOP_1058_1_fu_30_vr_U_ram_reg_15_       3.9900     0.0      0.0000      3.9900 0.0000 SNPS_CLOCK_GATE_HIGH_tinytpu_isa_vru_0_17
vru_0_U0/clk_gate_grp_vru_0_Pipeline_VITIS_LOOP_1058_1_fu_30_vr_U_ram_reg_16_       3.9900     0.0      0.0000      3.9900 0.0000 SNPS_CLOCK_GATE_HIGH_tinytpu_isa_vru_0_18
vru_0_U0/clk_gate_grp_vru_0_Pipeline_VITIS_LOOP_1058_1_fu_30_vr_U_ram_reg_17_       3.9900     0.0      0.0000      3.9900 0.0000 SNPS_CLOCK_GATE_HIGH_tinytpu_isa_vru_0_19
vru_0_U0/clk_gate_grp_vru_0_Pipeline_VITIS_LOOP_1058_1_fu_30_vr_U_ram_reg_18_       3.9900     0.0      0.0000      3.9900 0.0000 SNPS_CLOCK_GATE_HIGH_tinytpu_isa_vru_0_20
vru_0_U0/clk_gate_grp_vru_0_Pipeline_VITIS_LOOP_1058_1_fu_30_vr_U_ram_reg_19_       3.9900     0.0      0.0000      3.9900 0.0000 SNPS_CLOCK_GATE_HIGH_tinytpu_isa_vru_0_21
vru_0_U0/clk_gate_grp_vru_0_Pipeline_VITIS_LOOP_1058_1_fu_30_vr_U_ram_reg_1_       3.9900     0.0      0.0000      3.9900 0.0000 SNPS_CLOCK_GATE_HIGH_tinytpu_isa_vru_0_3
vru_0_U0/clk_gate_grp_vru_0_Pipeline_VITIS_LOOP_1058_1_fu_30_vr_U_ram_reg_20_       3.9900     0.0      0.0000      3.9900 0.0000 SNPS_CLOCK_GATE_HIGH_tinytpu_isa_vru_0_22
vru_0_U0/clk_gate_grp_vru_0_Pipeline_VITIS_LOOP_1058_1_fu_30_vr_U_ram_reg_21_       3.9900     0.0      0.0000      3.9900 0.0000 SNPS_CLOCK_GATE_HIGH_tinytpu_isa_vru_0_23
vru_0_U0/clk_gate_grp_vru_0_Pipeline_VITIS_LOOP_1058_1_fu_30_vr_U_ram_reg_22_       3.9900     0.0      0.0000      3.9900 0.0000 SNPS_CLOCK_GATE_HIGH_tinytpu_isa_vru_0_24
vru_0_U0/clk_gate_grp_vru_0_Pipeline_VITIS_LOOP_1058_1_fu_30_vr_U_ram_reg_23_       3.9900     0.0      0.0000      3.9900 0.0000 SNPS_CLOCK_GATE_HIGH_tinytpu_isa_vru_0_25
vru_0_U0/clk_gate_grp_vru_0_Pipeline_VITIS_LOOP_1058_1_fu_30_vr_U_ram_reg_24_       3.9900     0.0      0.0000      3.9900 0.0000 SNPS_CLOCK_GATE_HIGH_tinytpu_isa_vru_0_26
vru_0_U0/clk_gate_grp_vru_0_Pipeline_VITIS_LOOP_1058_1_fu_30_vr_U_ram_reg_25_       3.9900     0.0      0.0000      3.9900 0.0000 SNPS_CLOCK_GATE_HIGH_tinytpu_isa_vru_0_27
vru_0_U0/clk_gate_grp_vru_0_Pipeline_VITIS_LOOP_1058_1_fu_30_vr_U_ram_reg_26_       3.9900     0.0      0.0000      3.9900 0.0000 SNPS_CLOCK_GATE_HIGH_tinytpu_isa_vru_0_28
vru_0_U0/clk_gate_grp_vru_0_Pipeline_VITIS_LOOP_1058_1_fu_30_vr_U_ram_reg_27_       3.9900     0.0      0.0000      3.9900 0.0000 SNPS_CLOCK_GATE_HIGH_tinytpu_isa_vru_0_29
vru_0_U0/clk_gate_grp_vru_0_Pipeline_VITIS_LOOP_1058_1_fu_30_vr_U_ram_reg_28_       3.9900     0.0      0.0000      3.9900 0.0000 SNPS_CLOCK_GATE_HIGH_tinytpu_isa_vru_0_30
vru_0_U0/clk_gate_grp_vru_0_Pipeline_VITIS_LOOP_1058_1_fu_30_vr_U_ram_reg_29_       3.9900     0.0      0.0000      3.9900 0.0000 SNPS_CLOCK_GATE_HIGH_tinytpu_isa_vru_0_31
vru_0_U0/clk_gate_grp_vru_0_Pipeline_VITIS_LOOP_1058_1_fu_30_vr_U_ram_reg_2_       3.9900     0.0      0.0000      3.9900 0.0000 SNPS_CLOCK_GATE_HIGH_tinytpu_isa_vru_0_4
vru_0_U0/clk_gate_grp_vru_0_Pipeline_VITIS_LOOP_1058_1_fu_30_vr_U_ram_reg_30_       3.9900     0.0      0.0000      3.9900 0.0000 SNPS_CLOCK_GATE_HIGH_tinytpu_isa_vru_0_32
vru_0_U0/clk_gate_grp_vru_0_Pipeline_VITIS_LOOP_1058_1_fu_30_vr_U_ram_reg_31_       3.9900     0.0      0.0000      3.9900 0.0000 SNPS_CLOCK_GATE_HIGH_tinytpu_isa_vru_0_33
vru_0_U0/clk_gate_grp_vru_0_Pipeline_VITIS_LOOP_1058_1_fu_30_vr_U_ram_reg_32_       3.9900     0.0      0.0000      3.9900 0.0000 SNPS_CLOCK_GATE_HIGH_tinytpu_isa_vru_0_34
vru_0_U0/clk_gate_grp_vru_0_Pipeline_VITIS_LOOP_1058_1_fu_30_vr_U_ram_reg_33_       3.9900     0.0      0.0000      3.9900 0.0000 SNPS_CLOCK_GATE_HIGH_tinytpu_isa_vru_0_35
vru_0_U0/clk_gate_grp_vru_0_Pipeline_VITIS_LOOP_1058_1_fu_30_vr_U_ram_reg_34_       3.9900     0.0      0.0000      3.9900 0.0000 SNPS_CLOCK_GATE_HIGH_tinytpu_isa_vru_0_36
vru_0_U0/clk_gate_grp_vru_0_Pipeline_VITIS_LOOP_1058_1_fu_30_vr_U_ram_reg_35_       3.9900     0.0      0.0000      3.9900 0.0000 SNPS_CLOCK_GATE_HIGH_tinytpu_isa_vru_0_37
vru_0_U0/clk_gate_grp_vru_0_Pipeline_VITIS_LOOP_1058_1_fu_30_vr_U_ram_reg_36_       3.9900     0.0      0.0000      3.9900 0.0000 SNPS_CLOCK_GATE_HIGH_tinytpu_isa_vru_0_38
vru_0_U0/clk_gate_grp_vru_0_Pipeline_VITIS_LOOP_1058_1_fu_30_vr_U_ram_reg_37_       3.9900     0.0      0.0000      3.9900 0.0000 SNPS_CLOCK_GATE_HIGH_tinytpu_isa_vru_0_39
vru_0_U0/clk_gate_grp_vru_0_Pipeline_VITIS_LOOP_1058_1_fu_30_vr_U_ram_reg_38_       3.9900     0.0      0.0000      3.9900 0.0000 SNPS_CLOCK_GATE_HIGH_tinytpu_isa_vru_0_40
vru_0_U0/clk_gate_grp_vru_0_Pipeline_VITIS_LOOP_1058_1_fu_30_vr_U_ram_reg_39_       3.9900     0.0      0.0000      3.9900 0.0000 SNPS_CLOCK_GATE_HIGH_tinytpu_isa_vru_0_41
vru_0_U0/clk_gate_grp_vru_0_Pipeline_VITIS_LOOP_1058_1_fu_30_vr_U_ram_reg_3_       3.9900     0.0      0.0000      3.9900 0.0000 SNPS_CLOCK_GATE_HIGH_tinytpu_isa_vru_0_5
vru_0_U0/clk_gate_grp_vru_0_Pipeline_VITIS_LOOP_1058_1_fu_30_vr_U_ram_reg_40_       3.9900     0.0      0.0000      3.9900 0.0000 SNPS_CLOCK_GATE_HIGH_tinytpu_isa_vru_0_42
vru_0_U0/clk_gate_grp_vru_0_Pipeline_VITIS_LOOP_1058_1_fu_30_vr_U_ram_reg_41_       3.9900     0.0      0.0000      3.9900 0.0000 SNPS_CLOCK_GATE_HIGH_tinytpu_isa_vru_0_43
vru_0_U0/clk_gate_grp_vru_0_Pipeline_VITIS_LOOP_1058_1_fu_30_vr_U_ram_reg_42_       3.9900     0.0      0.0000      3.9900 0.0000 SNPS_CLOCK_GATE_HIGH_tinytpu_isa_vru_0_44
vru_0_U0/clk_gate_grp_vru_0_Pipeline_VITIS_LOOP_1058_1_fu_30_vr_U_ram_reg_43_       3.9900     0.0      0.0000      3.9900 0.0000 SNPS_CLOCK_GATE_HIGH_tinytpu_isa_vru_0_45
vru_0_U0/clk_gate_grp_vru_0_Pipeline_VITIS_LOOP_1058_1_fu_30_vr_U_ram_reg_44_       3.9900     0.0      0.0000      3.9900 0.0000 SNPS_CLOCK_GATE_HIGH_tinytpu_isa_vru_0_46
vru_0_U0/clk_gate_grp_vru_0_Pipeline_VITIS_LOOP_1058_1_fu_30_vr_U_ram_reg_45_       3.9900     0.0      0.0000      3.9900 0.0000 SNPS_CLOCK_GATE_HIGH_tinytpu_isa_vru_0_47
vru_0_U0/clk_gate_grp_vru_0_Pipeline_VITIS_LOOP_1058_1_fu_30_vr_U_ram_reg_46_       3.9900     0.0      0.0000      3.9900 0.0000 SNPS_CLOCK_GATE_HIGH_tinytpu_isa_vru_0_48
vru_0_U0/clk_gate_grp_vru_0_Pipeline_VITIS_LOOP_1058_1_fu_30_vr_U_ram_reg_47_       3.9900     0.0      0.0000      3.9900 0.0000 SNPS_CLOCK_GATE_HIGH_tinytpu_isa_vru_0_49
vru_0_U0/clk_gate_grp_vru_0_Pipeline_VITIS_LOOP_1058_1_fu_30_vr_U_ram_reg_48_       3.9900     0.0      0.0000      3.9900 0.0000 SNPS_CLOCK_GATE_HIGH_tinytpu_isa_vru_0_50
vru_0_U0/clk_gate_grp_vru_0_Pipeline_VITIS_LOOP_1058_1_fu_30_vr_U_ram_reg_49_       3.9900     0.0      0.0000      3.9900 0.0000 SNPS_CLOCK_GATE_HIGH_tinytpu_isa_vru_0_51
vru_0_U0/clk_gate_grp_vru_0_Pipeline_VITIS_LOOP_1058_1_fu_30_vr_U_ram_reg_4_       3.9900     0.0      0.0000      3.9900 0.0000 SNPS_CLOCK_GATE_HIGH_tinytpu_isa_vru_0_6
vru_0_U0/clk_gate_grp_vru_0_Pipeline_VITIS_LOOP_1058_1_fu_30_vr_U_ram_reg_50_       3.9900     0.0      0.0000      3.9900 0.0000 SNPS_CLOCK_GATE_HIGH_tinytpu_isa_vru_0_52
vru_0_U0/clk_gate_grp_vru_0_Pipeline_VITIS_LOOP_1058_1_fu_30_vr_U_ram_reg_51_       3.9900     0.0      0.0000      3.9900 0.0000 SNPS_CLOCK_GATE_HIGH_tinytpu_isa_vru_0_53
vru_0_U0/clk_gate_grp_vru_0_Pipeline_VITIS_LOOP_1058_1_fu_30_vr_U_ram_reg_52_       3.9900     0.0      0.0000      3.9900 0.0000 SNPS_CLOCK_GATE_HIGH_tinytpu_isa_vru_0_54
vru_0_U0/clk_gate_grp_vru_0_Pipeline_VITIS_LOOP_1058_1_fu_30_vr_U_ram_reg_53_       3.9900     0.0      0.0000      3.9900 0.0000 SNPS_CLOCK_GATE_HIGH_tinytpu_isa_vru_0_55
vru_0_U0/clk_gate_grp_vru_0_Pipeline_VITIS_LOOP_1058_1_fu_30_vr_U_ram_reg_54_       3.9900     0.0      0.0000      3.9900 0.0000 SNPS_CLOCK_GATE_HIGH_tinytpu_isa_vru_0_56
vru_0_U0/clk_gate_grp_vru_0_Pipeline_VITIS_LOOP_1058_1_fu_30_vr_U_ram_reg_55_       3.9900     0.0      0.0000      3.9900 0.0000 SNPS_CLOCK_GATE_HIGH_tinytpu_isa_vru_0_57
vru_0_U0/clk_gate_grp_vru_0_Pipeline_VITIS_LOOP_1058_1_fu_30_vr_U_ram_reg_56_       3.9900     0.0      0.0000      3.9900 0.0000 SNPS_CLOCK_GATE_HIGH_tinytpu_isa_vru_0_58
vru_0_U0/clk_gate_grp_vru_0_Pipeline_VITIS_LOOP_1058_1_fu_30_vr_U_ram_reg_57_       3.9900     0.0      0.0000      3.9900 0.0000 SNPS_CLOCK_GATE_HIGH_tinytpu_isa_vru_0_59
vru_0_U0/clk_gate_grp_vru_0_Pipeline_VITIS_LOOP_1058_1_fu_30_vr_U_ram_reg_58_       3.9900     0.0      0.0000      3.9900 0.0000 SNPS_CLOCK_GATE_HIGH_tinytpu_isa_vru_0_60
vru_0_U0/clk_gate_grp_vru_0_Pipeline_VITIS_LOOP_1058_1_fu_30_vr_U_ram_reg_59_       3.9900     0.0      0.0000      3.9900 0.0000 SNPS_CLOCK_GATE_HIGH_tinytpu_isa_vru_0_61
vru_0_U0/clk_gate_grp_vru_0_Pipeline_VITIS_LOOP_1058_1_fu_30_vr_U_ram_reg_5_       3.9900     0.0      0.0000      3.9900 0.0000 SNPS_CLOCK_GATE_HIGH_tinytpu_isa_vru_0_7
vru_0_U0/clk_gate_grp_vru_0_Pipeline_VITIS_LOOP_1058_1_fu_30_vr_U_ram_reg_60_       3.9900     0.0      0.0000      3.9900 0.0000 SNPS_CLOCK_GATE_HIGH_tinytpu_isa_vru_0_62
vru_0_U0/clk_gate_grp_vru_0_Pipeline_VITIS_LOOP_1058_1_fu_30_vr_U_ram_reg_61_       3.9900     0.0      0.0000      3.9900 0.0000 SNPS_CLOCK_GATE_HIGH_tinytpu_isa_vru_0_63
vru_0_U0/clk_gate_grp_vru_0_Pipeline_VITIS_LOOP_1058_1_fu_30_vr_U_ram_reg_62_       3.9900     0.0      0.0000      3.9900 0.0000 SNPS_CLOCK_GATE_HIGH_tinytpu_isa_vru_0_64
vru_0_U0/clk_gate_grp_vru_0_Pipeline_VITIS_LOOP_1058_1_fu_30_vr_U_ram_reg_63_       3.9900     0.0      0.0000      3.9900 0.0000 SNPS_CLOCK_GATE_HIGH_tinytpu_isa_vru_0_65
vru_0_U0/clk_gate_grp_vru_0_Pipeline_VITIS_LOOP_1058_1_fu_30_vr_U_ram_reg_6_       3.9900     0.0      0.0000      3.9900 0.0000 SNPS_CLOCK_GATE_HIGH_tinytpu_isa_vru_0_8
vru_0_U0/clk_gate_grp_vru_0_Pipeline_VITIS_LOOP_1058_1_fu_30_vr_U_ram_reg_7_       3.9900     0.0      0.0000      3.9900 0.0000 SNPS_CLOCK_GATE_HIGH_tinytpu_isa_vru_0_9
vru_0_U0/clk_gate_grp_vru_0_Pipeline_VITIS_LOOP_1058_1_fu_30_vr_U_ram_reg_8_       3.9900     0.0      0.0000      3.9900 0.0000 SNPS_CLOCK_GATE_HIGH_tinytpu_isa_vru_0_10
vru_0_U0/clk_gate_grp_vru_0_Pipeline_VITIS_LOOP_1058_1_fu_30_vr_U_ram_reg_9_       3.9900     0.0      0.0000      3.9900 0.0000 SNPS_CLOCK_GATE_HIGH_tinytpu_isa_vru_0_11
vru_0_U0/clk_gate_v567_reg_47_reg       3.9900      0.0       0.0000       3.9900  0.0000  SNPS_CLOCK_GATE_HIGH_tinytpu_isa_vru_0_0
wld_0_0_U0_clk_gate_grp_wld_0_0_Pipeline_VITIS_LOOP_1187_1_fu_61_icmp_ln1187_reg_143_reg       3.9900     0.0      0.0000      3.9900 0.0000 SNPS_CLOCK_GATE_HIGH_tinytpu_isa_wld_0_0_2
wld_0_0_U0_clk_gate_grp_wld_0_0_Pipeline_VITIS_LOOP_1187_1_fu_61_reg_86_reg       3.9900     0.0      0.0000      3.9900 0.0000 SNPS_CLOCK_GATE_HIGH_tinytpu_isa_wld_0_0_3
wld_0_0_U0_clk_gate_grp_wld_0_0_Pipeline_VITIS_LOOP_1187_1_fu_61_v640_fu_48_reg       3.9900     0.0      0.0000      3.9900 0.0000 SNPS_CLOCK_GATE_HIGH_tinytpu_isa_wld_0_0_1
wld_0_0_U0_clk_gate_grp_wld_0_0_Pipeline_VITIS_LOOP_1187_1_fu_61_v654_reg_152_reg       3.9900     0.0      0.0000      3.9900 0.0000 SNPS_CLOCK_GATE_HIGH_tinytpu_isa_wld_0_0_4
wld_0_0_U0_clk_gate_trunc_ln1167_reg_93_reg       3.9900     0.0      0.0000      3.9900 0.0000 SNPS_CLOCK_GATE_HIGH_tinytpu_isa_wld_0_0_0
wld_0_1_U0_clk_gate_grp_wld_0_1_Pipeline_VITIS_LOOP_1269_1_fu_51_icmp_ln1269_reg_140_reg       3.9900     0.0      0.0000      3.9900 0.0000 SNPS_CLOCK_GATE_HIGH_tinytpu_isa_wld_0_1_2
wld_0_1_U0_clk_gate_grp_wld_0_1_Pipeline_VITIS_LOOP_1269_1_fu_51_v673_fu_52_reg       3.9900     0.0      0.0000      3.9900 0.0000 SNPS_CLOCK_GATE_HIGH_tinytpu_isa_wld_0_1_3
wld_0_1_U0_clk_gate_grp_wld_0_1_Pipeline_VITIS_LOOP_1269_1_fu_51_v683_reg_149_reg       3.9900     0.0      0.0000      3.9900 0.0000 SNPS_CLOCK_GATE_HIGH_tinytpu_isa_wld_0_1_1
wld_0_1_U0_clk_gate_trunc_ln1249_reg_81_reg       3.9900     0.0      0.0000      3.9900 0.0000 SNPS_CLOCK_GATE_HIGH_tinytpu_isa_wld_0_1_0
wld_0_2_U0_clk_gate_grp_wld_0_2_Pipeline_VITIS_LOOP_1343_1_fu_51_icmp_ln1343_reg_140_reg       3.9900     0.0      0.0000      3.9900 0.0000 SNPS_CLOCK_GATE_HIGH_tinytpu_isa_wld_0_2_2
wld_0_2_U0_clk_gate_grp_wld_0_2_Pipeline_VITIS_LOOP_1343_1_fu_51_v702_fu_52_reg       3.9900     0.0      0.0000      3.9900 0.0000 SNPS_CLOCK_GATE_HIGH_tinytpu_isa_wld_0_2_3
wld_0_2_U0_clk_gate_grp_wld_0_2_Pipeline_VITIS_LOOP_1343_1_fu_51_v712_reg_149_reg       3.9900     0.0      0.0000      3.9900 0.0000 SNPS_CLOCK_GATE_HIGH_tinytpu_isa_wld_0_2_1
wld_0_2_U0_clk_gate_trunc_ln1323_reg_81_reg       3.9900     0.0      0.0000      3.9900 0.0000 SNPS_CLOCK_GATE_HIGH_tinytpu_isa_wld_0_2_0
wld_0_3_U0_clk_gate_grp_wld_0_3_Pipeline_VITIS_LOOP_1414_1_fu_41_icmp_ln1414_reg_130_reg       3.9900     0.0      0.0000      3.9900 0.0000 SNPS_CLOCK_GATE_HIGH_tinytpu_isa_wld_0_3_2
wld_0_3_U0_clk_gate_grp_wld_0_3_Pipeline_VITIS_LOOP_1414_1_fu_41_v729_fu_50_reg       3.9900     0.0      0.0000      3.9900 0.0000 SNPS_CLOCK_GATE_HIGH_tinytpu_isa_wld_0_3_3
wld_0_3_U0_clk_gate_grp_wld_0_3_Pipeline_VITIS_LOOP_1414_1_fu_41_v737_reg_139_reg       3.9900     0.0      0.0000      3.9900 0.0000 SNPS_CLOCK_GATE_HIGH_tinytpu_isa_wld_0_3_1
wld_0_3_U0_clk_gate_trunc_ln1394_reg_69_reg       3.9900     0.0      0.0000      3.9900 0.0000 SNPS_CLOCK_GATE_HIGH_tinytpu_isa_wld_0_3_0
wld_1_0_U0_clk_gate_grp_wld_1_0_Pipeline_VITIS_LOOP_1487_1_fu_61_icmp_ln1487_reg_143_reg       3.9900     0.0      0.0000      3.9900 0.0000 SNPS_CLOCK_GATE_HIGH_tinytpu_isa_wld_1_0_2
wld_1_0_U0_clk_gate_grp_wld_1_0_Pipeline_VITIS_LOOP_1487_1_fu_61_reg_86_reg       3.9900     0.0      0.0000      3.9900 0.0000 SNPS_CLOCK_GATE_HIGH_tinytpu_isa_wld_1_0_3
wld_1_0_U0_clk_gate_grp_wld_1_0_Pipeline_VITIS_LOOP_1487_1_fu_61_v758_fu_48_reg       3.9900     0.0      0.0000      3.9900 0.0000 SNPS_CLOCK_GATE_HIGH_tinytpu_isa_wld_1_0_1
wld_1_0_U0_clk_gate_grp_wld_1_0_Pipeline_VITIS_LOOP_1487_1_fu_61_v771_reg_152_reg       3.9900     0.0      0.0000      3.9900 0.0000 SNPS_CLOCK_GATE_HIGH_tinytpu_isa_wld_1_0_4
wld_1_0_U0_clk_gate_trunc_ln1467_reg_93_reg       3.9900     0.0      0.0000      3.9900 0.0000 SNPS_CLOCK_GATE_HIGH_tinytpu_isa_wld_1_0_0
wld_1_1_U0_clk_gate_grp_wld_1_1_Pipeline_VITIS_LOOP_1567_1_fu_51_icmp_ln1567_reg_140_reg       3.9900     0.0      0.0000      3.9900 0.0000 SNPS_CLOCK_GATE_HIGH_tinytpu_isa_wld_1_1_2
wld_1_1_U0_clk_gate_grp_wld_1_1_Pipeline_VITIS_LOOP_1567_1_fu_51_v790_fu_52_reg       3.9900     0.0      0.0000      3.9900 0.0000 SNPS_CLOCK_GATE_HIGH_tinytpu_isa_wld_1_1_3
wld_1_1_U0_clk_gate_grp_wld_1_1_Pipeline_VITIS_LOOP_1567_1_fu_51_v800_reg_149_reg       3.9900     0.0      0.0000      3.9900 0.0000 SNPS_CLOCK_GATE_HIGH_tinytpu_isa_wld_1_1_1
wld_1_1_U0_clk_gate_trunc_ln1547_reg_81_reg       3.9900     0.0      0.0000      3.9900 0.0000 SNPS_CLOCK_GATE_HIGH_tinytpu_isa_wld_1_1_0
wld_1_2_U0_clk_gate_grp_wld_1_2_Pipeline_VITIS_LOOP_1641_1_fu_51_icmp_ln1641_reg_140_reg       3.9900     0.0      0.0000      3.9900 0.0000 SNPS_CLOCK_GATE_HIGH_tinytpu_isa_wld_1_2_2
wld_1_2_U0_clk_gate_grp_wld_1_2_Pipeline_VITIS_LOOP_1641_1_fu_51_v819_fu_52_reg       3.9900     0.0      0.0000      3.9900 0.0000 SNPS_CLOCK_GATE_HIGH_tinytpu_isa_wld_1_2_3
wld_1_2_U0_clk_gate_grp_wld_1_2_Pipeline_VITIS_LOOP_1641_1_fu_51_v829_reg_149_reg       3.9900     0.0      0.0000      3.9900 0.0000 SNPS_CLOCK_GATE_HIGH_tinytpu_isa_wld_1_2_1
wld_1_2_U0_clk_gate_trunc_ln1621_reg_81_reg       3.9900     0.0      0.0000      3.9900 0.0000 SNPS_CLOCK_GATE_HIGH_tinytpu_isa_wld_1_2_0
wld_1_3_U0_clk_gate_grp_wld_1_3_Pipeline_VITIS_LOOP_1712_1_fu_41_icmp_ln1712_reg_130_reg       3.9900     0.0      0.0000      3.9900 0.0000 SNPS_CLOCK_GATE_HIGH_tinytpu_isa_wld_1_3_2
wld_1_3_U0_clk_gate_grp_wld_1_3_Pipeline_VITIS_LOOP_1712_1_fu_41_v846_fu_50_reg       3.9900     0.0      0.0000      3.9900 0.0000 SNPS_CLOCK_GATE_HIGH_tinytpu_isa_wld_1_3_3
wld_1_3_U0_clk_gate_grp_wld_1_3_Pipeline_VITIS_LOOP_1712_1_fu_41_v854_reg_139_reg       3.9900     0.0      0.0000      3.9900 0.0000 SNPS_CLOCK_GATE_HIGH_tinytpu_isa_wld_1_3_1
wld_1_3_U0_clk_gate_trunc_ln1692_reg_69_reg       3.9900     0.0      0.0000      3.9900 0.0000 SNPS_CLOCK_GATE_HIGH_tinytpu_isa_wld_1_3_0
wld_2_0_U0_clk_gate_grp_wld_2_0_Pipeline_VITIS_LOOP_1785_1_fu_61_icmp_ln1785_reg_143_reg       3.9900     0.0      0.0000      3.9900 0.0000 SNPS_CLOCK_GATE_HIGH_tinytpu_isa_wld_2_0_2
wld_2_0_U0_clk_gate_grp_wld_2_0_Pipeline_VITIS_LOOP_1785_1_fu_61_reg_86_reg       3.9900     0.0      0.0000      3.9900 0.0000 SNPS_CLOCK_GATE_HIGH_tinytpu_isa_wld_2_0_3
wld_2_0_U0_clk_gate_grp_wld_2_0_Pipeline_VITIS_LOOP_1785_1_fu_61_v875_fu_48_reg       3.9900     0.0      0.0000      3.9900 0.0000 SNPS_CLOCK_GATE_HIGH_tinytpu_isa_wld_2_0_1
wld_2_0_U0_clk_gate_grp_wld_2_0_Pipeline_VITIS_LOOP_1785_1_fu_61_v887_reg_152_reg       3.9900     0.0      0.0000      3.9900 0.0000 SNPS_CLOCK_GATE_HIGH_tinytpu_isa_wld_2_0_4
wld_2_0_U0_clk_gate_trunc_ln1765_reg_93_reg       3.9900     0.0      0.0000      3.9900 0.0000 SNPS_CLOCK_GATE_HIGH_tinytpu_isa_wld_2_0_0
wld_2_1_U0_clk_gate_grp_wld_2_1_Pipeline_VITIS_LOOP_1863_1_fu_51_icmp_ln1863_reg_140_reg       3.9900     0.0      0.0000      3.9900 0.0000 SNPS_CLOCK_GATE_HIGH_tinytpu_isa_wld_2_1_2
wld_2_1_U0_clk_gate_grp_wld_2_1_Pipeline_VITIS_LOOP_1863_1_fu_51_v906_fu_52_reg       3.9900     0.0      0.0000      3.9900 0.0000 SNPS_CLOCK_GATE_HIGH_tinytpu_isa_wld_2_1_3
wld_2_1_U0_clk_gate_grp_wld_2_1_Pipeline_VITIS_LOOP_1863_1_fu_51_v916_reg_149_reg       3.9900     0.0      0.0000      3.9900 0.0000 SNPS_CLOCK_GATE_HIGH_tinytpu_isa_wld_2_1_1
wld_2_1_U0_clk_gate_trunc_ln1843_reg_81_reg       3.9900     0.0      0.0000      3.9900 0.0000 SNPS_CLOCK_GATE_HIGH_tinytpu_isa_wld_2_1_0
wld_2_2_U0_clk_gate_grp_wld_2_2_Pipeline_VITIS_LOOP_1937_1_fu_51_icmp_ln1937_reg_140_reg       3.9900     0.0      0.0000      3.9900 0.0000 SNPS_CLOCK_GATE_HIGH_tinytpu_isa_wld_2_2_2
wld_2_2_U0_clk_gate_grp_wld_2_2_Pipeline_VITIS_LOOP_1937_1_fu_51_v935_fu_52_reg       3.9900     0.0      0.0000      3.9900 0.0000 SNPS_CLOCK_GATE_HIGH_tinytpu_isa_wld_2_2_3
wld_2_2_U0_clk_gate_grp_wld_2_2_Pipeline_VITIS_LOOP_1937_1_fu_51_v945_reg_149_reg       3.9900     0.0      0.0000      3.9900 0.0000 SNPS_CLOCK_GATE_HIGH_tinytpu_isa_wld_2_2_1
wld_2_2_U0_clk_gate_trunc_ln1917_reg_81_reg       3.9900     0.0      0.0000      3.9900 0.0000 SNPS_CLOCK_GATE_HIGH_tinytpu_isa_wld_2_2_0
wld_2_3_U0_clk_gate_grp_wld_2_3_Pipeline_VITIS_LOOP_2008_1_fu_41_icmp_ln2008_reg_130_reg       3.9900     0.0      0.0000      3.9900 0.0000 SNPS_CLOCK_GATE_HIGH_tinytpu_isa_wld_2_3_2
wld_2_3_U0_clk_gate_grp_wld_2_3_Pipeline_VITIS_LOOP_2008_1_fu_41_v962_fu_50_reg       3.9900     0.0      0.0000      3.9900 0.0000 SNPS_CLOCK_GATE_HIGH_tinytpu_isa_wld_2_3_3
wld_2_3_U0_clk_gate_grp_wld_2_3_Pipeline_VITIS_LOOP_2008_1_fu_41_v970_reg_139_reg       3.9900     0.0      0.0000      3.9900 0.0000 SNPS_CLOCK_GATE_HIGH_tinytpu_isa_wld_2_3_1
wld_2_3_U0_clk_gate_trunc_ln1988_reg_69_reg       3.9900     0.0      0.0000      3.9900 0.0000 SNPS_CLOCK_GATE_HIGH_tinytpu_isa_wld_2_3_0
wld_3_0_U0_clk_gate_grp_wld_3_0_Pipeline_VITIS_LOOP_2078_1_fu_51_icmp_ln2078_reg_128_reg       3.9900     0.0      0.0000      3.9900 0.0000 SNPS_CLOCK_GATE_HIGH_tinytpu_isa_wld_3_0_2
wld_3_0_U0_clk_gate_grp_wld_3_0_Pipeline_VITIS_LOOP_2078_1_fu_51_v989_fu_46_reg       3.9900     0.0      0.0000      3.9900 0.0000 SNPS_CLOCK_GATE_HIGH_tinytpu_isa_wld_3_0_3
wld_3_0_U0_clk_gate_grp_wld_3_0_Pipeline_VITIS_LOOP_2078_1_fu_51_v999_reg_137_reg       3.9900     0.0      0.0000      3.9900 0.0000 SNPS_CLOCK_GATE_HIGH_tinytpu_isa_wld_3_0_1
wld_3_0_U0_clk_gate_trunc_ln2058_reg_81_reg       3.9900     0.0      0.0000      3.9900 0.0000 SNPS_CLOCK_GATE_HIGH_tinytpu_isa_wld_3_0_0
wld_3_1_U0_clk_gate_grp_wld_3_1_Pipeline_VITIS_LOOP_2152_1_fu_51_icmp_ln2152_reg_140_reg       3.9900     0.0      0.0000      3.9900 0.0000 SNPS_CLOCK_GATE_HIGH_tinytpu_isa_wld_3_1_2
wld_3_1_U0_clk_gate_grp_wld_3_1_Pipeline_VITIS_LOOP_2152_1_fu_51_v1018_fu_52_reg       3.9900     0.0      0.0000      3.9900 0.0000 SNPS_CLOCK_GATE_HIGH_tinytpu_isa_wld_3_1_3
wld_3_1_U0_clk_gate_grp_wld_3_1_Pipeline_VITIS_LOOP_2152_1_fu_51_v1028_reg_149_reg       3.9900     0.0      0.0000      3.9900 0.0000 SNPS_CLOCK_GATE_HIGH_tinytpu_isa_wld_3_1_1
wld_3_1_U0_clk_gate_trunc_ln2132_reg_81_reg       3.9900     0.0      0.0000      3.9900 0.0000 SNPS_CLOCK_GATE_HIGH_tinytpu_isa_wld_3_1_0
wld_3_2_U0_clk_gate_grp_wld_3_2_Pipeline_VITIS_LOOP_2226_1_fu_51_icmp_ln2226_reg_140_reg       3.9900     0.0      0.0000      3.9900 0.0000 SNPS_CLOCK_GATE_HIGH_tinytpu_isa_wld_3_2_2
wld_3_2_U0_clk_gate_grp_wld_3_2_Pipeline_VITIS_LOOP_2226_1_fu_51_v1047_fu_52_reg       3.9900     0.0      0.0000      3.9900 0.0000 SNPS_CLOCK_GATE_HIGH_tinytpu_isa_wld_3_2_3
wld_3_2_U0_clk_gate_grp_wld_3_2_Pipeline_VITIS_LOOP_2226_1_fu_51_v1057_reg_149_reg       3.9900     0.0      0.0000      3.9900 0.0000 SNPS_CLOCK_GATE_HIGH_tinytpu_isa_wld_3_2_1
wld_3_2_U0_clk_gate_trunc_ln2206_reg_81_reg       3.9900     0.0      0.0000      3.9900 0.0000 SNPS_CLOCK_GATE_HIGH_tinytpu_isa_wld_3_2_0
wld_3_3_U0_clk_gate_grp_wld_3_3_Pipeline_VITIS_LOOP_2297_1_fu_41_icmp_ln2297_reg_130_reg       3.9900     0.0      0.0000      3.9900 0.0000 SNPS_CLOCK_GATE_HIGH_tinytpu_isa_wld_3_3_2
wld_3_3_U0_clk_gate_grp_wld_3_3_Pipeline_VITIS_LOOP_2297_1_fu_41_v1074_fu_50_reg       3.9900     0.0      0.0000      3.9900 0.0000 SNPS_CLOCK_GATE_HIGH_tinytpu_isa_wld_3_3_3
wld_3_3_U0_clk_gate_grp_wld_3_3_Pipeline_VITIS_LOOP_2297_1_fu_41_v1082_reg_139_reg       3.9900     0.0      0.0000      3.9900 0.0000 SNPS_CLOCK_GATE_HIGH_tinytpu_isa_wld_3_3_1
wld_3_3_U0_clk_gate_trunc_ln2277_reg_69_reg       3.9900     0.0      0.0000      3.9900 0.0000 SNPS_CLOCK_GATE_HIGH_tinytpu_isa_wld_3_3_0
--------------------------------  ------------  -------  -----------  -----------  ------  -----------------------------------------------------------------------------------------------------------------------------------------------------------------------------------------------------------------------------------------------------------------------------------------------------------------------------------------------------------------------------------------------------------------------------------------
Total                                                    230500.7087  906097.8454  0.0000

1
