 
****************************************
Report : area
Design : tinytpu_isa
Version: W-2024.09
Date   : Thu Sep 24 07:51:43 2026
****************************************

Information: Updating design information... (UID-85)
Warning: Design 'tinytpu_isa' contains 52 high-fanout nets. A fanout number of 1000 will be used for delay calculations involving these nets. (TIM-134)
Library(s) Used:

    NangateOpenCellLibrary (File: /scratch/users/sk3463/builds/t8-qd16-logic/4-synopsys-dc-synthesis/inputs/adk/stdcells.db)

Number of ports:                        27210
Number of nets:                        810471
Number of cells:                       786062
Number of combinational cells:         380716
Number of sequential cells:            400530
Number of macros/black boxes:               0
Number of buf/inv:                      61912
Number of references:                    1176

Combinational area:             463055.203344
Buf/Inv area:                    43308.523341
Noncombinational area:         1809516.804868
Macro/Black Box area:                0.000000
Net Interconnect area:      undefined  (Wire load has zero net area)

Total cell area:               2272572.008212
Total area:                 undefined

Hierarchical area distribution
------------------------------

                                  Global cell area                Local cell area
                                  ---------------------  --------------------------------- 
Hierarchical cell                 Absolute      Percent  Combi-       Noncombi-     Black-
                                  Total         Total    national     national      boxes   Design
--------------------------------  ------------  -------  -----------  ------------  ------  -----------------------------------------------------------------------------------------------------------------------------------------------------------------------------------------------------------------------------------------------------------------------------------------------------------------------------------------------------------------------------------------------------------------------------------------
tinytpu_isa                       2272572.0082    100.0  185888.2511   631924.7391  0.0000  tinytpu_isa
accu_0_U0                           10613.9318      0.5    4698.8900     5883.1218  0.0000  tinytpu_isa_accu_0
accu_0_U0/clk_gate_grp_accu_0_Pipeline_VITIS_LOOP_11667_1_fu_28_ap_enable_reg_pp0_iter7_reg       3.9900     0.0      0.0000       3.9900 0.0000 SNPS_CLOCK_GATE_HIGH_tinytpu_isa_accu_0_1
accu_0_U0/clk_gate_grp_accu_0_Pipeline_VITIS_LOOP_11667_1_fu_28_ap_phi_reg_pp0_iter6_write_word1_3_ph_reg_244_reg       3.9900     0.0      0.0000       3.9900 0.0000 SNPS_CLOCK_GATE_HIGH_tinytpu_isa_accu_0_14
accu_0_U0/clk_gate_grp_accu_0_Pipeline_VITIS_LOOP_11667_1_fu_28_ap_phi_reg_pp0_iter7_write_word1_3_ph_reg_244_reg       3.9900     0.0      0.0000       3.9900 0.0000 SNPS_CLOCK_GATE_HIGH_tinytpu_isa_accu_0_2
accu_0_U0/clk_gate_grp_accu_0_Pipeline_VITIS_LOOP_11667_1_fu_28_v5342_fu_164_reg       3.9900     0.0      0.0000       3.9900 0.0000 SNPS_CLOCK_GATE_HIGH_tinytpu_isa_accu_0_4
accu_0_U0/clk_gate_grp_accu_0_Pipeline_VITIS_LOOP_11667_1_fu_28_v5347_fu_172_reg       3.9900     0.0      0.0000       3.9900 0.0000 SNPS_CLOCK_GATE_HIGH_tinytpu_isa_accu_0_5
accu_0_U0/clk_gate_grp_accu_0_Pipeline_VITIS_LOOP_11667_1_fu_28_v5625_tmp_fu_168_reg       3.9900     0.0      0.0000       3.9900 0.0000 SNPS_CLOCK_GATE_HIGH_tinytpu_isa_accu_0_6
accu_0_U0/clk_gate_grp_accu_0_Pipeline_VITIS_LOOP_11667_1_fu_28_write_row1_reg_1668_pp0_iter5_reg_reg       3.9900     0.0      0.0000       3.9900 0.0000 SNPS_CLOCK_GATE_HIGH_tinytpu_isa_accu_0_8
accu_0_U0/clk_gate_v5337_reg_43_reg       3.9900     0.0      0.0000        3.9900  0.0000  SNPS_CLOCK_GATE_HIGH_tinytpu_isa_accu_0_0
control_s_axi_U_clk_gate_int_v5975_reg       3.9900     0.0      0.0000       3.9900 0.0000 SNPS_CLOCK_GATE_HIGH_tinytpu_isa_control_s_axi_C_S_AXI_ADDR_WIDTH6_C_S_AXI_DATA_WIDTH32_8
control_s_axi_U_clk_gate_int_v5975_reg_0       3.9900     0.0      0.0000       3.9900 0.0000 SNPS_CLOCK_GATE_HIGH_tinytpu_isa_control_s_axi_C_S_AXI_ADDR_WIDTH6_C_S_AXI_DATA_WIDTH32_7
control_s_axi_U_clk_gate_int_v5976_reg       3.9900     0.0      0.0000       3.9900 0.0000 SNPS_CLOCK_GATE_HIGH_tinytpu_isa_control_s_axi_C_S_AXI_ADDR_WIDTH6_C_S_AXI_DATA_WIDTH32_6
control_s_axi_U_clk_gate_int_v5976_reg_0       3.9900     0.0      0.0000       3.9900 0.0000 SNPS_CLOCK_GATE_HIGH_tinytpu_isa_control_s_axi_C_S_AXI_ADDR_WIDTH6_C_S_AXI_DATA_WIDTH32_5
control_s_axi_U_clk_gate_int_v5977_reg       3.9900     0.0      0.0000       3.9900 0.0000 SNPS_CLOCK_GATE_HIGH_tinytpu_isa_control_s_axi_C_S_AXI_ADDR_WIDTH6_C_S_AXI_DATA_WIDTH32_4
control_s_axi_U_clk_gate_int_v5977_reg_0       3.9900     0.0      0.0000       3.9900 0.0000 SNPS_CLOCK_GATE_HIGH_tinytpu_isa_control_s_axi_C_S_AXI_ADDR_WIDTH6_C_S_AXI_DATA_WIDTH32_3
control_s_axi_U_clk_gate_int_v5978_reg       3.9900     0.0      0.0000       3.9900 0.0000 SNPS_CLOCK_GATE_HIGH_tinytpu_isa_control_s_axi_C_S_AXI_ADDR_WIDTH6_C_S_AXI_DATA_WIDTH32_2
control_s_axi_U_clk_gate_int_v5978_reg_0       3.9900     0.0      0.0000       3.9900 0.0000 SNPS_CLOCK_GATE_HIGH_tinytpu_isa_control_s_axi_C_S_AXI_ADDR_WIDTH6_C_S_AXI_DATA_WIDTH32_1
control_s_axi_U_clk_gate_rdata_reg       3.9900     0.0       0.0000        3.9900  0.0000  SNPS_CLOCK_GATE_HIGH_tinytpu_isa_control_s_axi_C_S_AXI_ADDR_WIDTH6_C_S_AXI_DATA_WIDTH32_9
control_s_axi_U_clk_gate_waddr_reg       3.9900     0.0       0.0000        3.9900  0.0000  SNPS_CLOCK_GATE_HIGH_tinytpu_isa_control_s_axi_C_S_AXI_ADDR_WIDTH6_C_S_AXI_DATA_WIDTH32_0
dma_ld_0_1_U0                      372149.9508     16.4   68299.2257   299705.1151  0.0000  tinytpu_isa_dma_ld_0_1
dma_ld_0_1_U0/clk_gate_a_onchip_U_q0_reg       3.9900     0.0      0.0000       3.9900 0.0000 SNPS_CLOCK_GATE_HIGH_tinytpu_isa_dma_ld_0_1_523
dma_ld_0_1_U0/clk_gate_a_onchip_U_ram_reg_0_       3.9900     0.0      0.0000       3.9900 0.0000 SNPS_CLOCK_GATE_HIGH_tinytpu_isa_dma_ld_0_1_524
dma_ld_0_1_U0/clk_gate_a_onchip_U_ram_reg_100_       3.9900     0.0      0.0000       3.9900 0.0000 SNPS_CLOCK_GATE_HIGH_tinytpu_isa_dma_ld_0_1_624
dma_ld_0_1_U0/clk_gate_a_onchip_U_ram_reg_101_       3.9900     0.0      0.0000       3.9900 0.0000 SNPS_CLOCK_GATE_HIGH_tinytpu_isa_dma_ld_0_1_625
dma_ld_0_1_U0/clk_gate_a_onchip_U_ram_reg_102_       3.9900     0.0      0.0000       3.9900 0.0000 SNPS_CLOCK_GATE_HIGH_tinytpu_isa_dma_ld_0_1_626
dma_ld_0_1_U0/clk_gate_a_onchip_U_ram_reg_103_       3.9900     0.0      0.0000       3.9900 0.0000 SNPS_CLOCK_GATE_HIGH_tinytpu_isa_dma_ld_0_1_627
dma_ld_0_1_U0/clk_gate_a_onchip_U_ram_reg_104_       3.9900     0.0      0.0000       3.9900 0.0000 SNPS_CLOCK_GATE_HIGH_tinytpu_isa_dma_ld_0_1_628
dma_ld_0_1_U0/clk_gate_a_onchip_U_ram_reg_105_       3.9900     0.0      0.0000       3.9900 0.0000 SNPS_CLOCK_GATE_HIGH_tinytpu_isa_dma_ld_0_1_629
dma_ld_0_1_U0/clk_gate_a_onchip_U_ram_reg_106_       3.9900     0.0      0.0000       3.9900 0.0000 SNPS_CLOCK_GATE_HIGH_tinytpu_isa_dma_ld_0_1_630
dma_ld_0_1_U0/clk_gate_a_onchip_U_ram_reg_107_       3.9900     0.0      0.0000       3.9900 0.0000 SNPS_CLOCK_GATE_HIGH_tinytpu_isa_dma_ld_0_1_631
dma_ld_0_1_U0/clk_gate_a_onchip_U_ram_reg_108_       3.9900     0.0      0.0000       3.9900 0.0000 SNPS_CLOCK_GATE_HIGH_tinytpu_isa_dma_ld_0_1_632
dma_ld_0_1_U0/clk_gate_a_onchip_U_ram_reg_109_       3.9900     0.0      0.0000       3.9900 0.0000 SNPS_CLOCK_GATE_HIGH_tinytpu_isa_dma_ld_0_1_633
dma_ld_0_1_U0/clk_gate_a_onchip_U_ram_reg_10_       3.9900     0.0      0.0000       3.9900 0.0000 SNPS_CLOCK_GATE_HIGH_tinytpu_isa_dma_ld_0_1_534
dma_ld_0_1_U0/clk_gate_a_onchip_U_ram_reg_110_       3.9900     0.0      0.0000       3.9900 0.0000 SNPS_CLOCK_GATE_HIGH_tinytpu_isa_dma_ld_0_1_634
dma_ld_0_1_U0/clk_gate_a_onchip_U_ram_reg_111_       3.9900     0.0      0.0000       3.9900 0.0000 SNPS_CLOCK_GATE_HIGH_tinytpu_isa_dma_ld_0_1_635
dma_ld_0_1_U0/clk_gate_a_onchip_U_ram_reg_112_       3.9900     0.0      0.0000       3.9900 0.0000 SNPS_CLOCK_GATE_HIGH_tinytpu_isa_dma_ld_0_1_636
dma_ld_0_1_U0/clk_gate_a_onchip_U_ram_reg_113_       3.9900     0.0      0.0000       3.9900 0.0000 SNPS_CLOCK_GATE_HIGH_tinytpu_isa_dma_ld_0_1_637
dma_ld_0_1_U0/clk_gate_a_onchip_U_ram_reg_114_       3.9900     0.0      0.0000       3.9900 0.0000 SNPS_CLOCK_GATE_HIGH_tinytpu_isa_dma_ld_0_1_638
dma_ld_0_1_U0/clk_gate_a_onchip_U_ram_reg_115_       3.9900     0.0      0.0000       3.9900 0.0000 SNPS_CLOCK_GATE_HIGH_tinytpu_isa_dma_ld_0_1_639
dma_ld_0_1_U0/clk_gate_a_onchip_U_ram_reg_116_       3.9900     0.0      0.0000       3.9900 0.0000 SNPS_CLOCK_GATE_HIGH_tinytpu_isa_dma_ld_0_1_640
dma_ld_0_1_U0/clk_gate_a_onchip_U_ram_reg_117_       3.9900     0.0      0.0000       3.9900 0.0000 SNPS_CLOCK_GATE_HIGH_tinytpu_isa_dma_ld_0_1_641
dma_ld_0_1_U0/clk_gate_a_onchip_U_ram_reg_118_       3.9900     0.0      0.0000       3.9900 0.0000 SNPS_CLOCK_GATE_HIGH_tinytpu_isa_dma_ld_0_1_642
dma_ld_0_1_U0/clk_gate_a_onchip_U_ram_reg_119_       3.9900     0.0      0.0000       3.9900 0.0000 SNPS_CLOCK_GATE_HIGH_tinytpu_isa_dma_ld_0_1_643
dma_ld_0_1_U0/clk_gate_a_onchip_U_ram_reg_11_       3.9900     0.0      0.0000       3.9900 0.0000 SNPS_CLOCK_GATE_HIGH_tinytpu_isa_dma_ld_0_1_535
dma_ld_0_1_U0/clk_gate_a_onchip_U_ram_reg_120_       3.9900     0.0      0.0000       3.9900 0.0000 SNPS_CLOCK_GATE_HIGH_tinytpu_isa_dma_ld_0_1_644
dma_ld_0_1_U0/clk_gate_a_onchip_U_ram_reg_121_       3.9900     0.0      0.0000       3.9900 0.0000 SNPS_CLOCK_GATE_HIGH_tinytpu_isa_dma_ld_0_1_645
dma_ld_0_1_U0/clk_gate_a_onchip_U_ram_reg_122_       3.9900     0.0      0.0000       3.9900 0.0000 SNPS_CLOCK_GATE_HIGH_tinytpu_isa_dma_ld_0_1_646
dma_ld_0_1_U0/clk_gate_a_onchip_U_ram_reg_123_       3.9900     0.0      0.0000       3.9900 0.0000 SNPS_CLOCK_GATE_HIGH_tinytpu_isa_dma_ld_0_1_647
dma_ld_0_1_U0/clk_gate_a_onchip_U_ram_reg_124_       3.9900     0.0      0.0000       3.9900 0.0000 SNPS_CLOCK_GATE_HIGH_tinytpu_isa_dma_ld_0_1_648
dma_ld_0_1_U0/clk_gate_a_onchip_U_ram_reg_125_       3.9900     0.0      0.0000       3.9900 0.0000 SNPS_CLOCK_GATE_HIGH_tinytpu_isa_dma_ld_0_1_649
dma_ld_0_1_U0/clk_gate_a_onchip_U_ram_reg_126_       3.9900     0.0      0.0000       3.9900 0.0000 SNPS_CLOCK_GATE_HIGH_tinytpu_isa_dma_ld_0_1_650
dma_ld_0_1_U0/clk_gate_a_onchip_U_ram_reg_127_       3.9900     0.0      0.0000       3.9900 0.0000 SNPS_CLOCK_GATE_HIGH_tinytpu_isa_dma_ld_0_1_651
dma_ld_0_1_U0/clk_gate_a_onchip_U_ram_reg_128_       3.9900     0.0      0.0000       3.9900 0.0000 SNPS_CLOCK_GATE_HIGH_tinytpu_isa_dma_ld_0_1_652
dma_ld_0_1_U0/clk_gate_a_onchip_U_ram_reg_129_       3.9900     0.0      0.0000       3.9900 0.0000 SNPS_CLOCK_GATE_HIGH_tinytpu_isa_dma_ld_0_1_653
dma_ld_0_1_U0/clk_gate_a_onchip_U_ram_reg_12_       3.9900     0.0      0.0000       3.9900 0.0000 SNPS_CLOCK_GATE_HIGH_tinytpu_isa_dma_ld_0_1_536
dma_ld_0_1_U0/clk_gate_a_onchip_U_ram_reg_130_       3.9900     0.0      0.0000       3.9900 0.0000 SNPS_CLOCK_GATE_HIGH_tinytpu_isa_dma_ld_0_1_654
dma_ld_0_1_U0/clk_gate_a_onchip_U_ram_reg_131_       3.9900     0.0      0.0000       3.9900 0.0000 SNPS_CLOCK_GATE_HIGH_tinytpu_isa_dma_ld_0_1_655
dma_ld_0_1_U0/clk_gate_a_onchip_U_ram_reg_132_       3.9900     0.0      0.0000       3.9900 0.0000 SNPS_CLOCK_GATE_HIGH_tinytpu_isa_dma_ld_0_1_656
dma_ld_0_1_U0/clk_gate_a_onchip_U_ram_reg_133_       3.9900     0.0      0.0000       3.9900 0.0000 SNPS_CLOCK_GATE_HIGH_tinytpu_isa_dma_ld_0_1_657
dma_ld_0_1_U0/clk_gate_a_onchip_U_ram_reg_134_       3.9900     0.0      0.0000       3.9900 0.0000 SNPS_CLOCK_GATE_HIGH_tinytpu_isa_dma_ld_0_1_658
dma_ld_0_1_U0/clk_gate_a_onchip_U_ram_reg_135_       3.9900     0.0      0.0000       3.9900 0.0000 SNPS_CLOCK_GATE_HIGH_tinytpu_isa_dma_ld_0_1_659
dma_ld_0_1_U0/clk_gate_a_onchip_U_ram_reg_136_       3.9900     0.0      0.0000       3.9900 0.0000 SNPS_CLOCK_GATE_HIGH_tinytpu_isa_dma_ld_0_1_660
dma_ld_0_1_U0/clk_gate_a_onchip_U_ram_reg_137_       3.9900     0.0      0.0000       3.9900 0.0000 SNPS_CLOCK_GATE_HIGH_tinytpu_isa_dma_ld_0_1_661
dma_ld_0_1_U0/clk_gate_a_onchip_U_ram_reg_138_       3.9900     0.0      0.0000       3.9900 0.0000 SNPS_CLOCK_GATE_HIGH_tinytpu_isa_dma_ld_0_1_662
dma_ld_0_1_U0/clk_gate_a_onchip_U_ram_reg_139_       3.9900     0.0      0.0000       3.9900 0.0000 SNPS_CLOCK_GATE_HIGH_tinytpu_isa_dma_ld_0_1_663
dma_ld_0_1_U0/clk_gate_a_onchip_U_ram_reg_13_       3.9900     0.0      0.0000       3.9900 0.0000 SNPS_CLOCK_GATE_HIGH_tinytpu_isa_dma_ld_0_1_537
dma_ld_0_1_U0/clk_gate_a_onchip_U_ram_reg_140_       3.9900     0.0      0.0000       3.9900 0.0000 SNPS_CLOCK_GATE_HIGH_tinytpu_isa_dma_ld_0_1_664
dma_ld_0_1_U0/clk_gate_a_onchip_U_ram_reg_141_       3.9900     0.0      0.0000       3.9900 0.0000 SNPS_CLOCK_GATE_HIGH_tinytpu_isa_dma_ld_0_1_665
dma_ld_0_1_U0/clk_gate_a_onchip_U_ram_reg_142_       3.9900     0.0      0.0000       3.9900 0.0000 SNPS_CLOCK_GATE_HIGH_tinytpu_isa_dma_ld_0_1_666
dma_ld_0_1_U0/clk_gate_a_onchip_U_ram_reg_143_       3.9900     0.0      0.0000       3.9900 0.0000 SNPS_CLOCK_GATE_HIGH_tinytpu_isa_dma_ld_0_1_667
dma_ld_0_1_U0/clk_gate_a_onchip_U_ram_reg_144_       3.9900     0.0      0.0000       3.9900 0.0000 SNPS_CLOCK_GATE_HIGH_tinytpu_isa_dma_ld_0_1_668
dma_ld_0_1_U0/clk_gate_a_onchip_U_ram_reg_145_       3.9900     0.0      0.0000       3.9900 0.0000 SNPS_CLOCK_GATE_HIGH_tinytpu_isa_dma_ld_0_1_669
dma_ld_0_1_U0/clk_gate_a_onchip_U_ram_reg_146_       3.9900     0.0      0.0000       3.9900 0.0000 SNPS_CLOCK_GATE_HIGH_tinytpu_isa_dma_ld_0_1_670
dma_ld_0_1_U0/clk_gate_a_onchip_U_ram_reg_147_       3.9900     0.0      0.0000       3.9900 0.0000 SNPS_CLOCK_GATE_HIGH_tinytpu_isa_dma_ld_0_1_671
dma_ld_0_1_U0/clk_gate_a_onchip_U_ram_reg_148_       3.9900     0.0      0.0000       3.9900 0.0000 SNPS_CLOCK_GATE_HIGH_tinytpu_isa_dma_ld_0_1_672
dma_ld_0_1_U0/clk_gate_a_onchip_U_ram_reg_149_       3.9900     0.0      0.0000       3.9900 0.0000 SNPS_CLOCK_GATE_HIGH_tinytpu_isa_dma_ld_0_1_673
dma_ld_0_1_U0/clk_gate_a_onchip_U_ram_reg_14_       3.9900     0.0      0.0000       3.9900 0.0000 SNPS_CLOCK_GATE_HIGH_tinytpu_isa_dma_ld_0_1_538
dma_ld_0_1_U0/clk_gate_a_onchip_U_ram_reg_150_       3.9900     0.0      0.0000       3.9900 0.0000 SNPS_CLOCK_GATE_HIGH_tinytpu_isa_dma_ld_0_1_674
dma_ld_0_1_U0/clk_gate_a_onchip_U_ram_reg_151_       3.9900     0.0      0.0000       3.9900 0.0000 SNPS_CLOCK_GATE_HIGH_tinytpu_isa_dma_ld_0_1_675
dma_ld_0_1_U0/clk_gate_a_onchip_U_ram_reg_152_       3.9900     0.0      0.0000       3.9900 0.0000 SNPS_CLOCK_GATE_HIGH_tinytpu_isa_dma_ld_0_1_676
dma_ld_0_1_U0/clk_gate_a_onchip_U_ram_reg_153_       3.9900     0.0      0.0000       3.9900 0.0000 SNPS_CLOCK_GATE_HIGH_tinytpu_isa_dma_ld_0_1_677
dma_ld_0_1_U0/clk_gate_a_onchip_U_ram_reg_154_       3.9900     0.0      0.0000       3.9900 0.0000 SNPS_CLOCK_GATE_HIGH_tinytpu_isa_dma_ld_0_1_678
dma_ld_0_1_U0/clk_gate_a_onchip_U_ram_reg_155_       3.9900     0.0      0.0000       3.9900 0.0000 SNPS_CLOCK_GATE_HIGH_tinytpu_isa_dma_ld_0_1_679
dma_ld_0_1_U0/clk_gate_a_onchip_U_ram_reg_156_       3.9900     0.0      0.0000       3.9900 0.0000 SNPS_CLOCK_GATE_HIGH_tinytpu_isa_dma_ld_0_1_680
dma_ld_0_1_U0/clk_gate_a_onchip_U_ram_reg_157_       3.9900     0.0      0.0000       3.9900 0.0000 SNPS_CLOCK_GATE_HIGH_tinytpu_isa_dma_ld_0_1_681
dma_ld_0_1_U0/clk_gate_a_onchip_U_ram_reg_158_       3.9900     0.0      0.0000       3.9900 0.0000 SNPS_CLOCK_GATE_HIGH_tinytpu_isa_dma_ld_0_1_682
dma_ld_0_1_U0/clk_gate_a_onchip_U_ram_reg_159_       3.9900     0.0      0.0000       3.9900 0.0000 SNPS_CLOCK_GATE_HIGH_tinytpu_isa_dma_ld_0_1_683
dma_ld_0_1_U0/clk_gate_a_onchip_U_ram_reg_15_       3.9900     0.0      0.0000       3.9900 0.0000 SNPS_CLOCK_GATE_HIGH_tinytpu_isa_dma_ld_0_1_539
dma_ld_0_1_U0/clk_gate_a_onchip_U_ram_reg_160_       3.9900     0.0      0.0000       3.9900 0.0000 SNPS_CLOCK_GATE_HIGH_tinytpu_isa_dma_ld_0_1_684
dma_ld_0_1_U0/clk_gate_a_onchip_U_ram_reg_161_       3.9900     0.0      0.0000       3.9900 0.0000 SNPS_CLOCK_GATE_HIGH_tinytpu_isa_dma_ld_0_1_685
dma_ld_0_1_U0/clk_gate_a_onchip_U_ram_reg_162_       3.9900     0.0      0.0000       3.9900 0.0000 SNPS_CLOCK_GATE_HIGH_tinytpu_isa_dma_ld_0_1_686
dma_ld_0_1_U0/clk_gate_a_onchip_U_ram_reg_163_       3.9900     0.0      0.0000       3.9900 0.0000 SNPS_CLOCK_GATE_HIGH_tinytpu_isa_dma_ld_0_1_687
dma_ld_0_1_U0/clk_gate_a_onchip_U_ram_reg_164_       3.9900     0.0      0.0000       3.9900 0.0000 SNPS_CLOCK_GATE_HIGH_tinytpu_isa_dma_ld_0_1_688
dma_ld_0_1_U0/clk_gate_a_onchip_U_ram_reg_165_       3.9900     0.0      0.0000       3.9900 0.0000 SNPS_CLOCK_GATE_HIGH_tinytpu_isa_dma_ld_0_1_689
dma_ld_0_1_U0/clk_gate_a_onchip_U_ram_reg_166_       3.9900     0.0      0.0000       3.9900 0.0000 SNPS_CLOCK_GATE_HIGH_tinytpu_isa_dma_ld_0_1_690
dma_ld_0_1_U0/clk_gate_a_onchip_U_ram_reg_167_       3.9900     0.0      0.0000       3.9900 0.0000 SNPS_CLOCK_GATE_HIGH_tinytpu_isa_dma_ld_0_1_691
dma_ld_0_1_U0/clk_gate_a_onchip_U_ram_reg_168_       3.9900     0.0      0.0000       3.9900 0.0000 SNPS_CLOCK_GATE_HIGH_tinytpu_isa_dma_ld_0_1_692
dma_ld_0_1_U0/clk_gate_a_onchip_U_ram_reg_169_       3.9900     0.0      0.0000       3.9900 0.0000 SNPS_CLOCK_GATE_HIGH_tinytpu_isa_dma_ld_0_1_693
dma_ld_0_1_U0/clk_gate_a_onchip_U_ram_reg_16_       3.9900     0.0      0.0000       3.9900 0.0000 SNPS_CLOCK_GATE_HIGH_tinytpu_isa_dma_ld_0_1_540
dma_ld_0_1_U0/clk_gate_a_onchip_U_ram_reg_170_       3.9900     0.0      0.0000       3.9900 0.0000 SNPS_CLOCK_GATE_HIGH_tinytpu_isa_dma_ld_0_1_694
dma_ld_0_1_U0/clk_gate_a_onchip_U_ram_reg_171_       3.9900     0.0      0.0000       3.9900 0.0000 SNPS_CLOCK_GATE_HIGH_tinytpu_isa_dma_ld_0_1_695
dma_ld_0_1_U0/clk_gate_a_onchip_U_ram_reg_172_       3.9900     0.0      0.0000       3.9900 0.0000 SNPS_CLOCK_GATE_HIGH_tinytpu_isa_dma_ld_0_1_696
dma_ld_0_1_U0/clk_gate_a_onchip_U_ram_reg_173_       3.9900     0.0      0.0000       3.9900 0.0000 SNPS_CLOCK_GATE_HIGH_tinytpu_isa_dma_ld_0_1_697
dma_ld_0_1_U0/clk_gate_a_onchip_U_ram_reg_174_       3.9900     0.0      0.0000       3.9900 0.0000 SNPS_CLOCK_GATE_HIGH_tinytpu_isa_dma_ld_0_1_698
dma_ld_0_1_U0/clk_gate_a_onchip_U_ram_reg_175_       3.9900     0.0      0.0000       3.9900 0.0000 SNPS_CLOCK_GATE_HIGH_tinytpu_isa_dma_ld_0_1_699
dma_ld_0_1_U0/clk_gate_a_onchip_U_ram_reg_176_       3.9900     0.0      0.0000       3.9900 0.0000 SNPS_CLOCK_GATE_HIGH_tinytpu_isa_dma_ld_0_1_700
dma_ld_0_1_U0/clk_gate_a_onchip_U_ram_reg_177_       3.9900     0.0      0.0000       3.9900 0.0000 SNPS_CLOCK_GATE_HIGH_tinytpu_isa_dma_ld_0_1_701
dma_ld_0_1_U0/clk_gate_a_onchip_U_ram_reg_178_       3.9900     0.0      0.0000       3.9900 0.0000 SNPS_CLOCK_GATE_HIGH_tinytpu_isa_dma_ld_0_1_702
dma_ld_0_1_U0/clk_gate_a_onchip_U_ram_reg_179_       3.9900     0.0      0.0000       3.9900 0.0000 SNPS_CLOCK_GATE_HIGH_tinytpu_isa_dma_ld_0_1_703
dma_ld_0_1_U0/clk_gate_a_onchip_U_ram_reg_17_       3.9900     0.0      0.0000       3.9900 0.0000 SNPS_CLOCK_GATE_HIGH_tinytpu_isa_dma_ld_0_1_541
dma_ld_0_1_U0/clk_gate_a_onchip_U_ram_reg_180_       3.9900     0.0      0.0000       3.9900 0.0000 SNPS_CLOCK_GATE_HIGH_tinytpu_isa_dma_ld_0_1_704
dma_ld_0_1_U0/clk_gate_a_onchip_U_ram_reg_181_       3.9900     0.0      0.0000       3.9900 0.0000 SNPS_CLOCK_GATE_HIGH_tinytpu_isa_dma_ld_0_1_705
dma_ld_0_1_U0/clk_gate_a_onchip_U_ram_reg_182_       3.9900     0.0      0.0000       3.9900 0.0000 SNPS_CLOCK_GATE_HIGH_tinytpu_isa_dma_ld_0_1_706
dma_ld_0_1_U0/clk_gate_a_onchip_U_ram_reg_183_       3.9900     0.0      0.0000       3.9900 0.0000 SNPS_CLOCK_GATE_HIGH_tinytpu_isa_dma_ld_0_1_707
dma_ld_0_1_U0/clk_gate_a_onchip_U_ram_reg_184_       3.9900     0.0      0.0000       3.9900 0.0000 SNPS_CLOCK_GATE_HIGH_tinytpu_isa_dma_ld_0_1_708
dma_ld_0_1_U0/clk_gate_a_onchip_U_ram_reg_185_       3.9900     0.0      0.0000       3.9900 0.0000 SNPS_CLOCK_GATE_HIGH_tinytpu_isa_dma_ld_0_1_709
dma_ld_0_1_U0/clk_gate_a_onchip_U_ram_reg_186_       3.9900     0.0      0.0000       3.9900 0.0000 SNPS_CLOCK_GATE_HIGH_tinytpu_isa_dma_ld_0_1_710
dma_ld_0_1_U0/clk_gate_a_onchip_U_ram_reg_187_       3.9900     0.0      0.0000       3.9900 0.0000 SNPS_CLOCK_GATE_HIGH_tinytpu_isa_dma_ld_0_1_711
dma_ld_0_1_U0/clk_gate_a_onchip_U_ram_reg_188_       3.9900     0.0      0.0000       3.9900 0.0000 SNPS_CLOCK_GATE_HIGH_tinytpu_isa_dma_ld_0_1_712
dma_ld_0_1_U0/clk_gate_a_onchip_U_ram_reg_189_       3.9900     0.0      0.0000       3.9900 0.0000 SNPS_CLOCK_GATE_HIGH_tinytpu_isa_dma_ld_0_1_713
dma_ld_0_1_U0/clk_gate_a_onchip_U_ram_reg_18_       3.9900     0.0      0.0000       3.9900 0.0000 SNPS_CLOCK_GATE_HIGH_tinytpu_isa_dma_ld_0_1_542
dma_ld_0_1_U0/clk_gate_a_onchip_U_ram_reg_190_       3.9900     0.0      0.0000       3.9900 0.0000 SNPS_CLOCK_GATE_HIGH_tinytpu_isa_dma_ld_0_1_714
dma_ld_0_1_U0/clk_gate_a_onchip_U_ram_reg_191_       3.9900     0.0      0.0000       3.9900 0.0000 SNPS_CLOCK_GATE_HIGH_tinytpu_isa_dma_ld_0_1_715
dma_ld_0_1_U0/clk_gate_a_onchip_U_ram_reg_192_       3.9900     0.0      0.0000       3.9900 0.0000 SNPS_CLOCK_GATE_HIGH_tinytpu_isa_dma_ld_0_1_716
dma_ld_0_1_U0/clk_gate_a_onchip_U_ram_reg_193_       3.9900     0.0      0.0000       3.9900 0.0000 SNPS_CLOCK_GATE_HIGH_tinytpu_isa_dma_ld_0_1_717
dma_ld_0_1_U0/clk_gate_a_onchip_U_ram_reg_194_       3.9900     0.0      0.0000       3.9900 0.0000 SNPS_CLOCK_GATE_HIGH_tinytpu_isa_dma_ld_0_1_718
dma_ld_0_1_U0/clk_gate_a_onchip_U_ram_reg_195_       3.9900     0.0      0.0000       3.9900 0.0000 SNPS_CLOCK_GATE_HIGH_tinytpu_isa_dma_ld_0_1_719
dma_ld_0_1_U0/clk_gate_a_onchip_U_ram_reg_196_       3.9900     0.0      0.0000       3.9900 0.0000 SNPS_CLOCK_GATE_HIGH_tinytpu_isa_dma_ld_0_1_720
dma_ld_0_1_U0/clk_gate_a_onchip_U_ram_reg_197_       3.9900     0.0      0.0000       3.9900 0.0000 SNPS_CLOCK_GATE_HIGH_tinytpu_isa_dma_ld_0_1_721
dma_ld_0_1_U0/clk_gate_a_onchip_U_ram_reg_198_       3.9900     0.0      0.0000       3.9900 0.0000 SNPS_CLOCK_GATE_HIGH_tinytpu_isa_dma_ld_0_1_722
dma_ld_0_1_U0/clk_gate_a_onchip_U_ram_reg_199_       3.9900     0.0      0.0000       3.9900 0.0000 SNPS_CLOCK_GATE_HIGH_tinytpu_isa_dma_ld_0_1_723
dma_ld_0_1_U0/clk_gate_a_onchip_U_ram_reg_19_       3.9900     0.0      0.0000       3.9900 0.0000 SNPS_CLOCK_GATE_HIGH_tinytpu_isa_dma_ld_0_1_543
dma_ld_0_1_U0/clk_gate_a_onchip_U_ram_reg_1_       3.9900     0.0      0.0000       3.9900 0.0000 SNPS_CLOCK_GATE_HIGH_tinytpu_isa_dma_ld_0_1_525
dma_ld_0_1_U0/clk_gate_a_onchip_U_ram_reg_200_       3.9900     0.0      0.0000       3.9900 0.0000 SNPS_CLOCK_GATE_HIGH_tinytpu_isa_dma_ld_0_1_724
dma_ld_0_1_U0/clk_gate_a_onchip_U_ram_reg_201_       3.9900     0.0      0.0000       3.9900 0.0000 SNPS_CLOCK_GATE_HIGH_tinytpu_isa_dma_ld_0_1_725
dma_ld_0_1_U0/clk_gate_a_onchip_U_ram_reg_202_       3.9900     0.0      0.0000       3.9900 0.0000 SNPS_CLOCK_GATE_HIGH_tinytpu_isa_dma_ld_0_1_726
dma_ld_0_1_U0/clk_gate_a_onchip_U_ram_reg_203_       3.9900     0.0      0.0000       3.9900 0.0000 SNPS_CLOCK_GATE_HIGH_tinytpu_isa_dma_ld_0_1_727
dma_ld_0_1_U0/clk_gate_a_onchip_U_ram_reg_204_       3.9900     0.0      0.0000       3.9900 0.0000 SNPS_CLOCK_GATE_HIGH_tinytpu_isa_dma_ld_0_1_728
dma_ld_0_1_U0/clk_gate_a_onchip_U_ram_reg_205_       3.9900     0.0      0.0000       3.9900 0.0000 SNPS_CLOCK_GATE_HIGH_tinytpu_isa_dma_ld_0_1_729
dma_ld_0_1_U0/clk_gate_a_onchip_U_ram_reg_206_       3.9900     0.0      0.0000       3.9900 0.0000 SNPS_CLOCK_GATE_HIGH_tinytpu_isa_dma_ld_0_1_730
dma_ld_0_1_U0/clk_gate_a_onchip_U_ram_reg_207_       3.9900     0.0      0.0000       3.9900 0.0000 SNPS_CLOCK_GATE_HIGH_tinytpu_isa_dma_ld_0_1_731
dma_ld_0_1_U0/clk_gate_a_onchip_U_ram_reg_208_       3.9900     0.0      0.0000       3.9900 0.0000 SNPS_CLOCK_GATE_HIGH_tinytpu_isa_dma_ld_0_1_732
dma_ld_0_1_U0/clk_gate_a_onchip_U_ram_reg_209_       3.9900     0.0      0.0000       3.9900 0.0000 SNPS_CLOCK_GATE_HIGH_tinytpu_isa_dma_ld_0_1_733
dma_ld_0_1_U0/clk_gate_a_onchip_U_ram_reg_20_       3.9900     0.0      0.0000       3.9900 0.0000 SNPS_CLOCK_GATE_HIGH_tinytpu_isa_dma_ld_0_1_544
dma_ld_0_1_U0/clk_gate_a_onchip_U_ram_reg_210_       3.9900     0.0      0.0000       3.9900 0.0000 SNPS_CLOCK_GATE_HIGH_tinytpu_isa_dma_ld_0_1_734
dma_ld_0_1_U0/clk_gate_a_onchip_U_ram_reg_211_       3.9900     0.0      0.0000       3.9900 0.0000 SNPS_CLOCK_GATE_HIGH_tinytpu_isa_dma_ld_0_1_735
dma_ld_0_1_U0/clk_gate_a_onchip_U_ram_reg_212_       3.9900     0.0      0.0000       3.9900 0.0000 SNPS_CLOCK_GATE_HIGH_tinytpu_isa_dma_ld_0_1_736
dma_ld_0_1_U0/clk_gate_a_onchip_U_ram_reg_213_       3.9900     0.0      0.0000       3.9900 0.0000 SNPS_CLOCK_GATE_HIGH_tinytpu_isa_dma_ld_0_1_737
dma_ld_0_1_U0/clk_gate_a_onchip_U_ram_reg_214_       3.9900     0.0      0.0000       3.9900 0.0000 SNPS_CLOCK_GATE_HIGH_tinytpu_isa_dma_ld_0_1_738
dma_ld_0_1_U0/clk_gate_a_onchip_U_ram_reg_215_       3.9900     0.0      0.0000       3.9900 0.0000 SNPS_CLOCK_GATE_HIGH_tinytpu_isa_dma_ld_0_1_739
dma_ld_0_1_U0/clk_gate_a_onchip_U_ram_reg_216_       3.9900     0.0      0.0000       3.9900 0.0000 SNPS_CLOCK_GATE_HIGH_tinytpu_isa_dma_ld_0_1_740
dma_ld_0_1_U0/clk_gate_a_onchip_U_ram_reg_217_       3.9900     0.0      0.0000       3.9900 0.0000 SNPS_CLOCK_GATE_HIGH_tinytpu_isa_dma_ld_0_1_741
dma_ld_0_1_U0/clk_gate_a_onchip_U_ram_reg_218_       3.9900     0.0      0.0000       3.9900 0.0000 SNPS_CLOCK_GATE_HIGH_tinytpu_isa_dma_ld_0_1_742
dma_ld_0_1_U0/clk_gate_a_onchip_U_ram_reg_219_       3.9900     0.0      0.0000       3.9900 0.0000 SNPS_CLOCK_GATE_HIGH_tinytpu_isa_dma_ld_0_1_743
dma_ld_0_1_U0/clk_gate_a_onchip_U_ram_reg_21_       3.9900     0.0      0.0000       3.9900 0.0000 SNPS_CLOCK_GATE_HIGH_tinytpu_isa_dma_ld_0_1_545
dma_ld_0_1_U0/clk_gate_a_onchip_U_ram_reg_220_       3.9900     0.0      0.0000       3.9900 0.0000 SNPS_CLOCK_GATE_HIGH_tinytpu_isa_dma_ld_0_1_744
dma_ld_0_1_U0/clk_gate_a_onchip_U_ram_reg_221_       3.9900     0.0      0.0000       3.9900 0.0000 SNPS_CLOCK_GATE_HIGH_tinytpu_isa_dma_ld_0_1_745
dma_ld_0_1_U0/clk_gate_a_onchip_U_ram_reg_222_       3.9900     0.0      0.0000       3.9900 0.0000 SNPS_CLOCK_GATE_HIGH_tinytpu_isa_dma_ld_0_1_746
dma_ld_0_1_U0/clk_gate_a_onchip_U_ram_reg_223_       3.9900     0.0      0.0000       3.9900 0.0000 SNPS_CLOCK_GATE_HIGH_tinytpu_isa_dma_ld_0_1_747
dma_ld_0_1_U0/clk_gate_a_onchip_U_ram_reg_224_       3.9900     0.0      0.0000       3.9900 0.0000 SNPS_CLOCK_GATE_HIGH_tinytpu_isa_dma_ld_0_1_748
dma_ld_0_1_U0/clk_gate_a_onchip_U_ram_reg_225_       3.9900     0.0      0.0000       3.9900 0.0000 SNPS_CLOCK_GATE_HIGH_tinytpu_isa_dma_ld_0_1_749
dma_ld_0_1_U0/clk_gate_a_onchip_U_ram_reg_226_       3.9900     0.0      0.0000       3.9900 0.0000 SNPS_CLOCK_GATE_HIGH_tinytpu_isa_dma_ld_0_1_750
dma_ld_0_1_U0/clk_gate_a_onchip_U_ram_reg_227_       3.9900     0.0      0.0000       3.9900 0.0000 SNPS_CLOCK_GATE_HIGH_tinytpu_isa_dma_ld_0_1_751
dma_ld_0_1_U0/clk_gate_a_onchip_U_ram_reg_228_       3.9900     0.0      0.0000       3.9900 0.0000 SNPS_CLOCK_GATE_HIGH_tinytpu_isa_dma_ld_0_1_752
dma_ld_0_1_U0/clk_gate_a_onchip_U_ram_reg_229_       3.9900     0.0      0.0000       3.9900 0.0000 SNPS_CLOCK_GATE_HIGH_tinytpu_isa_dma_ld_0_1_753
dma_ld_0_1_U0/clk_gate_a_onchip_U_ram_reg_22_       3.9900     0.0      0.0000       3.9900 0.0000 SNPS_CLOCK_GATE_HIGH_tinytpu_isa_dma_ld_0_1_546
dma_ld_0_1_U0/clk_gate_a_onchip_U_ram_reg_230_       3.9900     0.0      0.0000       3.9900 0.0000 SNPS_CLOCK_GATE_HIGH_tinytpu_isa_dma_ld_0_1_754
dma_ld_0_1_U0/clk_gate_a_onchip_U_ram_reg_231_       3.9900     0.0      0.0000       3.9900 0.0000 SNPS_CLOCK_GATE_HIGH_tinytpu_isa_dma_ld_0_1_755
dma_ld_0_1_U0/clk_gate_a_onchip_U_ram_reg_232_       3.9900     0.0      0.0000       3.9900 0.0000 SNPS_CLOCK_GATE_HIGH_tinytpu_isa_dma_ld_0_1_756
dma_ld_0_1_U0/clk_gate_a_onchip_U_ram_reg_233_       3.9900     0.0      0.0000       3.9900 0.0000 SNPS_CLOCK_GATE_HIGH_tinytpu_isa_dma_ld_0_1_757
dma_ld_0_1_U0/clk_gate_a_onchip_U_ram_reg_234_       3.9900     0.0      0.0000       3.9900 0.0000 SNPS_CLOCK_GATE_HIGH_tinytpu_isa_dma_ld_0_1_758
dma_ld_0_1_U0/clk_gate_a_onchip_U_ram_reg_235_       3.9900     0.0      0.0000       3.9900 0.0000 SNPS_CLOCK_GATE_HIGH_tinytpu_isa_dma_ld_0_1_759
dma_ld_0_1_U0/clk_gate_a_onchip_U_ram_reg_236_       3.9900     0.0      0.0000       3.9900 0.0000 SNPS_CLOCK_GATE_HIGH_tinytpu_isa_dma_ld_0_1_760
dma_ld_0_1_U0/clk_gate_a_onchip_U_ram_reg_237_       3.9900     0.0      0.0000       3.9900 0.0000 SNPS_CLOCK_GATE_HIGH_tinytpu_isa_dma_ld_0_1_761
dma_ld_0_1_U0/clk_gate_a_onchip_U_ram_reg_238_       3.9900     0.0      0.0000       3.9900 0.0000 SNPS_CLOCK_GATE_HIGH_tinytpu_isa_dma_ld_0_1_762
dma_ld_0_1_U0/clk_gate_a_onchip_U_ram_reg_239_       3.9900     0.0      0.0000       3.9900 0.0000 SNPS_CLOCK_GATE_HIGH_tinytpu_isa_dma_ld_0_1_763
dma_ld_0_1_U0/clk_gate_a_onchip_U_ram_reg_23_       3.9900     0.0      0.0000       3.9900 0.0000 SNPS_CLOCK_GATE_HIGH_tinytpu_isa_dma_ld_0_1_547
dma_ld_0_1_U0/clk_gate_a_onchip_U_ram_reg_240_       3.9900     0.0      0.0000       3.9900 0.0000 SNPS_CLOCK_GATE_HIGH_tinytpu_isa_dma_ld_0_1_764
dma_ld_0_1_U0/clk_gate_a_onchip_U_ram_reg_241_       3.9900     0.0      0.0000       3.9900 0.0000 SNPS_CLOCK_GATE_HIGH_tinytpu_isa_dma_ld_0_1_765
dma_ld_0_1_U0/clk_gate_a_onchip_U_ram_reg_242_       3.9900     0.0      0.0000       3.9900 0.0000 SNPS_CLOCK_GATE_HIGH_tinytpu_isa_dma_ld_0_1_766
dma_ld_0_1_U0/clk_gate_a_onchip_U_ram_reg_243_       3.9900     0.0      0.0000       3.9900 0.0000 SNPS_CLOCK_GATE_HIGH_tinytpu_isa_dma_ld_0_1_767
dma_ld_0_1_U0/clk_gate_a_onchip_U_ram_reg_244_       3.9900     0.0      0.0000       3.9900 0.0000 SNPS_CLOCK_GATE_HIGH_tinytpu_isa_dma_ld_0_1_768
dma_ld_0_1_U0/clk_gate_a_onchip_U_ram_reg_245_       3.9900     0.0      0.0000       3.9900 0.0000 SNPS_CLOCK_GATE_HIGH_tinytpu_isa_dma_ld_0_1_769
dma_ld_0_1_U0/clk_gate_a_onchip_U_ram_reg_246_       3.9900     0.0      0.0000       3.9900 0.0000 SNPS_CLOCK_GATE_HIGH_tinytpu_isa_dma_ld_0_1_770
dma_ld_0_1_U0/clk_gate_a_onchip_U_ram_reg_247_       3.9900     0.0      0.0000       3.9900 0.0000 SNPS_CLOCK_GATE_HIGH_tinytpu_isa_dma_ld_0_1_771
dma_ld_0_1_U0/clk_gate_a_onchip_U_ram_reg_248_       3.9900     0.0      0.0000       3.9900 0.0000 SNPS_CLOCK_GATE_HIGH_tinytpu_isa_dma_ld_0_1_772
dma_ld_0_1_U0/clk_gate_a_onchip_U_ram_reg_249_       3.9900     0.0      0.0000       3.9900 0.0000 SNPS_CLOCK_GATE_HIGH_tinytpu_isa_dma_ld_0_1_773
dma_ld_0_1_U0/clk_gate_a_onchip_U_ram_reg_24_       3.9900     0.0      0.0000       3.9900 0.0000 SNPS_CLOCK_GATE_HIGH_tinytpu_isa_dma_ld_0_1_548
dma_ld_0_1_U0/clk_gate_a_onchip_U_ram_reg_250_       3.9900     0.0      0.0000       3.9900 0.0000 SNPS_CLOCK_GATE_HIGH_tinytpu_isa_dma_ld_0_1_774
dma_ld_0_1_U0/clk_gate_a_onchip_U_ram_reg_251_       3.9900     0.0      0.0000       3.9900 0.0000 SNPS_CLOCK_GATE_HIGH_tinytpu_isa_dma_ld_0_1_775
dma_ld_0_1_U0/clk_gate_a_onchip_U_ram_reg_252_       3.9900     0.0      0.0000       3.9900 0.0000 SNPS_CLOCK_GATE_HIGH_tinytpu_isa_dma_ld_0_1_776
dma_ld_0_1_U0/clk_gate_a_onchip_U_ram_reg_253_       3.9900     0.0      0.0000       3.9900 0.0000 SNPS_CLOCK_GATE_HIGH_tinytpu_isa_dma_ld_0_1_777
dma_ld_0_1_U0/clk_gate_a_onchip_U_ram_reg_254_       3.9900     0.0      0.0000       3.9900 0.0000 SNPS_CLOCK_GATE_HIGH_tinytpu_isa_dma_ld_0_1_778
dma_ld_0_1_U0/clk_gate_a_onchip_U_ram_reg_255_       3.9900     0.0      0.0000       3.9900 0.0000 SNPS_CLOCK_GATE_HIGH_tinytpu_isa_dma_ld_0_1_779
dma_ld_0_1_U0/clk_gate_a_onchip_U_ram_reg_256_       3.9900     0.0      0.0000       3.9900 0.0000 SNPS_CLOCK_GATE_HIGH_tinytpu_isa_dma_ld_0_1_780
dma_ld_0_1_U0/clk_gate_a_onchip_U_ram_reg_257_       3.9900     0.0      0.0000       3.9900 0.0000 SNPS_CLOCK_GATE_HIGH_tinytpu_isa_dma_ld_0_1_781
dma_ld_0_1_U0/clk_gate_a_onchip_U_ram_reg_258_       3.9900     0.0      0.0000       3.9900 0.0000 SNPS_CLOCK_GATE_HIGH_tinytpu_isa_dma_ld_0_1_782
dma_ld_0_1_U0/clk_gate_a_onchip_U_ram_reg_259_       3.9900     0.0      0.0000       3.9900 0.0000 SNPS_CLOCK_GATE_HIGH_tinytpu_isa_dma_ld_0_1_783
dma_ld_0_1_U0/clk_gate_a_onchip_U_ram_reg_25_       3.9900     0.0      0.0000       3.9900 0.0000 SNPS_CLOCK_GATE_HIGH_tinytpu_isa_dma_ld_0_1_549
dma_ld_0_1_U0/clk_gate_a_onchip_U_ram_reg_260_       3.9900     0.0      0.0000       3.9900 0.0000 SNPS_CLOCK_GATE_HIGH_tinytpu_isa_dma_ld_0_1_784
dma_ld_0_1_U0/clk_gate_a_onchip_U_ram_reg_261_       3.9900     0.0      0.0000       3.9900 0.0000 SNPS_CLOCK_GATE_HIGH_tinytpu_isa_dma_ld_0_1_785
dma_ld_0_1_U0/clk_gate_a_onchip_U_ram_reg_262_       3.9900     0.0      0.0000       3.9900 0.0000 SNPS_CLOCK_GATE_HIGH_tinytpu_isa_dma_ld_0_1_786
dma_ld_0_1_U0/clk_gate_a_onchip_U_ram_reg_263_       3.9900     0.0      0.0000       3.9900 0.0000 SNPS_CLOCK_GATE_HIGH_tinytpu_isa_dma_ld_0_1_787
dma_ld_0_1_U0/clk_gate_a_onchip_U_ram_reg_264_       3.9900     0.0      0.0000       3.9900 0.0000 SNPS_CLOCK_GATE_HIGH_tinytpu_isa_dma_ld_0_1_788
dma_ld_0_1_U0/clk_gate_a_onchip_U_ram_reg_265_       3.9900     0.0      0.0000       3.9900 0.0000 SNPS_CLOCK_GATE_HIGH_tinytpu_isa_dma_ld_0_1_789
dma_ld_0_1_U0/clk_gate_a_onchip_U_ram_reg_266_       3.9900     0.0      0.0000       3.9900 0.0000 SNPS_CLOCK_GATE_HIGH_tinytpu_isa_dma_ld_0_1_790
dma_ld_0_1_U0/clk_gate_a_onchip_U_ram_reg_267_       3.9900     0.0      0.0000       3.9900 0.0000 SNPS_CLOCK_GATE_HIGH_tinytpu_isa_dma_ld_0_1_791
dma_ld_0_1_U0/clk_gate_a_onchip_U_ram_reg_268_       3.9900     0.0      0.0000       3.9900 0.0000 SNPS_CLOCK_GATE_HIGH_tinytpu_isa_dma_ld_0_1_792
dma_ld_0_1_U0/clk_gate_a_onchip_U_ram_reg_269_       3.9900     0.0      0.0000       3.9900 0.0000 SNPS_CLOCK_GATE_HIGH_tinytpu_isa_dma_ld_0_1_793
dma_ld_0_1_U0/clk_gate_a_onchip_U_ram_reg_26_       3.9900     0.0      0.0000       3.9900 0.0000 SNPS_CLOCK_GATE_HIGH_tinytpu_isa_dma_ld_0_1_550
dma_ld_0_1_U0/clk_gate_a_onchip_U_ram_reg_270_       3.9900     0.0      0.0000       3.9900 0.0000 SNPS_CLOCK_GATE_HIGH_tinytpu_isa_dma_ld_0_1_794
dma_ld_0_1_U0/clk_gate_a_onchip_U_ram_reg_271_       3.9900     0.0      0.0000       3.9900 0.0000 SNPS_CLOCK_GATE_HIGH_tinytpu_isa_dma_ld_0_1_795
dma_ld_0_1_U0/clk_gate_a_onchip_U_ram_reg_272_       3.9900     0.0      0.0000       3.9900 0.0000 SNPS_CLOCK_GATE_HIGH_tinytpu_isa_dma_ld_0_1_796
dma_ld_0_1_U0/clk_gate_a_onchip_U_ram_reg_273_       3.9900     0.0      0.0000       3.9900 0.0000 SNPS_CLOCK_GATE_HIGH_tinytpu_isa_dma_ld_0_1_797
dma_ld_0_1_U0/clk_gate_a_onchip_U_ram_reg_274_       3.9900     0.0      0.0000       3.9900 0.0000 SNPS_CLOCK_GATE_HIGH_tinytpu_isa_dma_ld_0_1_798
dma_ld_0_1_U0/clk_gate_a_onchip_U_ram_reg_275_       3.9900     0.0      0.0000       3.9900 0.0000 SNPS_CLOCK_GATE_HIGH_tinytpu_isa_dma_ld_0_1_799
dma_ld_0_1_U0/clk_gate_a_onchip_U_ram_reg_276_       3.9900     0.0      0.0000       3.9900 0.0000 SNPS_CLOCK_GATE_HIGH_tinytpu_isa_dma_ld_0_1_800
dma_ld_0_1_U0/clk_gate_a_onchip_U_ram_reg_277_       3.9900     0.0      0.0000       3.9900 0.0000 SNPS_CLOCK_GATE_HIGH_tinytpu_isa_dma_ld_0_1_801
dma_ld_0_1_U0/clk_gate_a_onchip_U_ram_reg_278_       3.9900     0.0      0.0000       3.9900 0.0000 SNPS_CLOCK_GATE_HIGH_tinytpu_isa_dma_ld_0_1_802
dma_ld_0_1_U0/clk_gate_a_onchip_U_ram_reg_279_       3.9900     0.0      0.0000       3.9900 0.0000 SNPS_CLOCK_GATE_HIGH_tinytpu_isa_dma_ld_0_1_803
dma_ld_0_1_U0/clk_gate_a_onchip_U_ram_reg_27_       3.9900     0.0      0.0000       3.9900 0.0000 SNPS_CLOCK_GATE_HIGH_tinytpu_isa_dma_ld_0_1_551
dma_ld_0_1_U0/clk_gate_a_onchip_U_ram_reg_280_       3.9900     0.0      0.0000       3.9900 0.0000 SNPS_CLOCK_GATE_HIGH_tinytpu_isa_dma_ld_0_1_804
dma_ld_0_1_U0/clk_gate_a_onchip_U_ram_reg_281_       3.9900     0.0      0.0000       3.9900 0.0000 SNPS_CLOCK_GATE_HIGH_tinytpu_isa_dma_ld_0_1_805
dma_ld_0_1_U0/clk_gate_a_onchip_U_ram_reg_282_       3.9900     0.0      0.0000       3.9900 0.0000 SNPS_CLOCK_GATE_HIGH_tinytpu_isa_dma_ld_0_1_806
dma_ld_0_1_U0/clk_gate_a_onchip_U_ram_reg_283_       3.9900     0.0      0.0000       3.9900 0.0000 SNPS_CLOCK_GATE_HIGH_tinytpu_isa_dma_ld_0_1_807
dma_ld_0_1_U0/clk_gate_a_onchip_U_ram_reg_284_       3.9900     0.0      0.0000       3.9900 0.0000 SNPS_CLOCK_GATE_HIGH_tinytpu_isa_dma_ld_0_1_808
dma_ld_0_1_U0/clk_gate_a_onchip_U_ram_reg_285_       3.9900     0.0      0.0000       3.9900 0.0000 SNPS_CLOCK_GATE_HIGH_tinytpu_isa_dma_ld_0_1_809
dma_ld_0_1_U0/clk_gate_a_onchip_U_ram_reg_286_       3.9900     0.0      0.0000       3.9900 0.0000 SNPS_CLOCK_GATE_HIGH_tinytpu_isa_dma_ld_0_1_810
dma_ld_0_1_U0/clk_gate_a_onchip_U_ram_reg_287_       3.9900     0.0      0.0000       3.9900 0.0000 SNPS_CLOCK_GATE_HIGH_tinytpu_isa_dma_ld_0_1_811
dma_ld_0_1_U0/clk_gate_a_onchip_U_ram_reg_288_       3.9900     0.0      0.0000       3.9900 0.0000 SNPS_CLOCK_GATE_HIGH_tinytpu_isa_dma_ld_0_1_812
dma_ld_0_1_U0/clk_gate_a_onchip_U_ram_reg_289_       3.9900     0.0      0.0000       3.9900 0.0000 SNPS_CLOCK_GATE_HIGH_tinytpu_isa_dma_ld_0_1_813
dma_ld_0_1_U0/clk_gate_a_onchip_U_ram_reg_28_       3.9900     0.0      0.0000       3.9900 0.0000 SNPS_CLOCK_GATE_HIGH_tinytpu_isa_dma_ld_0_1_552
dma_ld_0_1_U0/clk_gate_a_onchip_U_ram_reg_290_       3.9900     0.0      0.0000       3.9900 0.0000 SNPS_CLOCK_GATE_HIGH_tinytpu_isa_dma_ld_0_1_814
dma_ld_0_1_U0/clk_gate_a_onchip_U_ram_reg_291_       3.9900     0.0      0.0000       3.9900 0.0000 SNPS_CLOCK_GATE_HIGH_tinytpu_isa_dma_ld_0_1_815
dma_ld_0_1_U0/clk_gate_a_onchip_U_ram_reg_292_       3.9900     0.0      0.0000       3.9900 0.0000 SNPS_CLOCK_GATE_HIGH_tinytpu_isa_dma_ld_0_1_816
dma_ld_0_1_U0/clk_gate_a_onchip_U_ram_reg_293_       3.9900     0.0      0.0000       3.9900 0.0000 SNPS_CLOCK_GATE_HIGH_tinytpu_isa_dma_ld_0_1_817
dma_ld_0_1_U0/clk_gate_a_onchip_U_ram_reg_294_       3.9900     0.0      0.0000       3.9900 0.0000 SNPS_CLOCK_GATE_HIGH_tinytpu_isa_dma_ld_0_1_818
dma_ld_0_1_U0/clk_gate_a_onchip_U_ram_reg_295_       3.9900     0.0      0.0000       3.9900 0.0000 SNPS_CLOCK_GATE_HIGH_tinytpu_isa_dma_ld_0_1_819
dma_ld_0_1_U0/clk_gate_a_onchip_U_ram_reg_296_       3.9900     0.0      0.0000       3.9900 0.0000 SNPS_CLOCK_GATE_HIGH_tinytpu_isa_dma_ld_0_1_820
dma_ld_0_1_U0/clk_gate_a_onchip_U_ram_reg_297_       3.9900     0.0      0.0000       3.9900 0.0000 SNPS_CLOCK_GATE_HIGH_tinytpu_isa_dma_ld_0_1_821
dma_ld_0_1_U0/clk_gate_a_onchip_U_ram_reg_298_       3.9900     0.0      0.0000       3.9900 0.0000 SNPS_CLOCK_GATE_HIGH_tinytpu_isa_dma_ld_0_1_822
dma_ld_0_1_U0/clk_gate_a_onchip_U_ram_reg_299_       3.9900     0.0      0.0000       3.9900 0.0000 SNPS_CLOCK_GATE_HIGH_tinytpu_isa_dma_ld_0_1_823
dma_ld_0_1_U0/clk_gate_a_onchip_U_ram_reg_29_       3.9900     0.0      0.0000       3.9900 0.0000 SNPS_CLOCK_GATE_HIGH_tinytpu_isa_dma_ld_0_1_553
dma_ld_0_1_U0/clk_gate_a_onchip_U_ram_reg_2_       3.9900     0.0      0.0000       3.9900 0.0000 SNPS_CLOCK_GATE_HIGH_tinytpu_isa_dma_ld_0_1_526
dma_ld_0_1_U0/clk_gate_a_onchip_U_ram_reg_300_       3.9900     0.0      0.0000       3.9900 0.0000 SNPS_CLOCK_GATE_HIGH_tinytpu_isa_dma_ld_0_1_824
dma_ld_0_1_U0/clk_gate_a_onchip_U_ram_reg_301_       3.9900     0.0      0.0000       3.9900 0.0000 SNPS_CLOCK_GATE_HIGH_tinytpu_isa_dma_ld_0_1_825
dma_ld_0_1_U0/clk_gate_a_onchip_U_ram_reg_302_       3.9900     0.0      0.0000       3.9900 0.0000 SNPS_CLOCK_GATE_HIGH_tinytpu_isa_dma_ld_0_1_826
dma_ld_0_1_U0/clk_gate_a_onchip_U_ram_reg_303_       3.9900     0.0      0.0000       3.9900 0.0000 SNPS_CLOCK_GATE_HIGH_tinytpu_isa_dma_ld_0_1_827
dma_ld_0_1_U0/clk_gate_a_onchip_U_ram_reg_304_       3.9900     0.0      0.0000       3.9900 0.0000 SNPS_CLOCK_GATE_HIGH_tinytpu_isa_dma_ld_0_1_828
dma_ld_0_1_U0/clk_gate_a_onchip_U_ram_reg_305_       3.9900     0.0      0.0000       3.9900 0.0000 SNPS_CLOCK_GATE_HIGH_tinytpu_isa_dma_ld_0_1_829
dma_ld_0_1_U0/clk_gate_a_onchip_U_ram_reg_306_       3.9900     0.0      0.0000       3.9900 0.0000 SNPS_CLOCK_GATE_HIGH_tinytpu_isa_dma_ld_0_1_830
dma_ld_0_1_U0/clk_gate_a_onchip_U_ram_reg_307_       3.9900     0.0      0.0000       3.9900 0.0000 SNPS_CLOCK_GATE_HIGH_tinytpu_isa_dma_ld_0_1_831
dma_ld_0_1_U0/clk_gate_a_onchip_U_ram_reg_308_       3.9900     0.0      0.0000       3.9900 0.0000 SNPS_CLOCK_GATE_HIGH_tinytpu_isa_dma_ld_0_1_832
dma_ld_0_1_U0/clk_gate_a_onchip_U_ram_reg_309_       3.9900     0.0      0.0000       3.9900 0.0000 SNPS_CLOCK_GATE_HIGH_tinytpu_isa_dma_ld_0_1_833
dma_ld_0_1_U0/clk_gate_a_onchip_U_ram_reg_30_       3.9900     0.0      0.0000       3.9900 0.0000 SNPS_CLOCK_GATE_HIGH_tinytpu_isa_dma_ld_0_1_554
dma_ld_0_1_U0/clk_gate_a_onchip_U_ram_reg_310_       3.9900     0.0      0.0000       3.9900 0.0000 SNPS_CLOCK_GATE_HIGH_tinytpu_isa_dma_ld_0_1_834
dma_ld_0_1_U0/clk_gate_a_onchip_U_ram_reg_311_       3.9900     0.0      0.0000       3.9900 0.0000 SNPS_CLOCK_GATE_HIGH_tinytpu_isa_dma_ld_0_1_835
dma_ld_0_1_U0/clk_gate_a_onchip_U_ram_reg_312_       3.9900     0.0      0.0000       3.9900 0.0000 SNPS_CLOCK_GATE_HIGH_tinytpu_isa_dma_ld_0_1_836
dma_ld_0_1_U0/clk_gate_a_onchip_U_ram_reg_313_       3.9900     0.0      0.0000       3.9900 0.0000 SNPS_CLOCK_GATE_HIGH_tinytpu_isa_dma_ld_0_1_837
dma_ld_0_1_U0/clk_gate_a_onchip_U_ram_reg_314_       3.9900     0.0      0.0000       3.9900 0.0000 SNPS_CLOCK_GATE_HIGH_tinytpu_isa_dma_ld_0_1_838
dma_ld_0_1_U0/clk_gate_a_onchip_U_ram_reg_315_       3.9900     0.0      0.0000       3.9900 0.0000 SNPS_CLOCK_GATE_HIGH_tinytpu_isa_dma_ld_0_1_839
dma_ld_0_1_U0/clk_gate_a_onchip_U_ram_reg_316_       3.9900     0.0      0.0000       3.9900 0.0000 SNPS_CLOCK_GATE_HIGH_tinytpu_isa_dma_ld_0_1_840
dma_ld_0_1_U0/clk_gate_a_onchip_U_ram_reg_317_       3.9900     0.0      0.0000       3.9900 0.0000 SNPS_CLOCK_GATE_HIGH_tinytpu_isa_dma_ld_0_1_841
dma_ld_0_1_U0/clk_gate_a_onchip_U_ram_reg_318_       3.9900     0.0      0.0000       3.9900 0.0000 SNPS_CLOCK_GATE_HIGH_tinytpu_isa_dma_ld_0_1_842
dma_ld_0_1_U0/clk_gate_a_onchip_U_ram_reg_319_       3.9900     0.0      0.0000       3.9900 0.0000 SNPS_CLOCK_GATE_HIGH_tinytpu_isa_dma_ld_0_1_843
dma_ld_0_1_U0/clk_gate_a_onchip_U_ram_reg_31_       3.9900     0.0      0.0000       3.9900 0.0000 SNPS_CLOCK_GATE_HIGH_tinytpu_isa_dma_ld_0_1_555
dma_ld_0_1_U0/clk_gate_a_onchip_U_ram_reg_320_       3.9900     0.0      0.0000       3.9900 0.0000 SNPS_CLOCK_GATE_HIGH_tinytpu_isa_dma_ld_0_1_844
dma_ld_0_1_U0/clk_gate_a_onchip_U_ram_reg_321_       3.9900     0.0      0.0000       3.9900 0.0000 SNPS_CLOCK_GATE_HIGH_tinytpu_isa_dma_ld_0_1_845
dma_ld_0_1_U0/clk_gate_a_onchip_U_ram_reg_322_       3.9900     0.0      0.0000       3.9900 0.0000 SNPS_CLOCK_GATE_HIGH_tinytpu_isa_dma_ld_0_1_846
dma_ld_0_1_U0/clk_gate_a_onchip_U_ram_reg_323_       3.9900     0.0      0.0000       3.9900 0.0000 SNPS_CLOCK_GATE_HIGH_tinytpu_isa_dma_ld_0_1_847
dma_ld_0_1_U0/clk_gate_a_onchip_U_ram_reg_324_       3.9900     0.0      0.0000       3.9900 0.0000 SNPS_CLOCK_GATE_HIGH_tinytpu_isa_dma_ld_0_1_848
dma_ld_0_1_U0/clk_gate_a_onchip_U_ram_reg_325_       3.9900     0.0      0.0000       3.9900 0.0000 SNPS_CLOCK_GATE_HIGH_tinytpu_isa_dma_ld_0_1_849
dma_ld_0_1_U0/clk_gate_a_onchip_U_ram_reg_326_       3.9900     0.0      0.0000       3.9900 0.0000 SNPS_CLOCK_GATE_HIGH_tinytpu_isa_dma_ld_0_1_850
dma_ld_0_1_U0/clk_gate_a_onchip_U_ram_reg_327_       3.9900     0.0      0.0000       3.9900 0.0000 SNPS_CLOCK_GATE_HIGH_tinytpu_isa_dma_ld_0_1_851
dma_ld_0_1_U0/clk_gate_a_onchip_U_ram_reg_328_       3.9900     0.0      0.0000       3.9900 0.0000 SNPS_CLOCK_GATE_HIGH_tinytpu_isa_dma_ld_0_1_852
dma_ld_0_1_U0/clk_gate_a_onchip_U_ram_reg_329_       3.9900     0.0      0.0000       3.9900 0.0000 SNPS_CLOCK_GATE_HIGH_tinytpu_isa_dma_ld_0_1_853
dma_ld_0_1_U0/clk_gate_a_onchip_U_ram_reg_32_       3.9900     0.0      0.0000       3.9900 0.0000 SNPS_CLOCK_GATE_HIGH_tinytpu_isa_dma_ld_0_1_556
dma_ld_0_1_U0/clk_gate_a_onchip_U_ram_reg_330_       3.9900     0.0      0.0000       3.9900 0.0000 SNPS_CLOCK_GATE_HIGH_tinytpu_isa_dma_ld_0_1_854
dma_ld_0_1_U0/clk_gate_a_onchip_U_ram_reg_331_       3.9900     0.0      0.0000       3.9900 0.0000 SNPS_CLOCK_GATE_HIGH_tinytpu_isa_dma_ld_0_1_855
dma_ld_0_1_U0/clk_gate_a_onchip_U_ram_reg_332_       3.9900     0.0      0.0000       3.9900 0.0000 SNPS_CLOCK_GATE_HIGH_tinytpu_isa_dma_ld_0_1_856
dma_ld_0_1_U0/clk_gate_a_onchip_U_ram_reg_333_       3.9900     0.0      0.0000       3.9900 0.0000 SNPS_CLOCK_GATE_HIGH_tinytpu_isa_dma_ld_0_1_857
dma_ld_0_1_U0/clk_gate_a_onchip_U_ram_reg_334_       3.9900     0.0      0.0000       3.9900 0.0000 SNPS_CLOCK_GATE_HIGH_tinytpu_isa_dma_ld_0_1_858
dma_ld_0_1_U0/clk_gate_a_onchip_U_ram_reg_335_       3.9900     0.0      0.0000       3.9900 0.0000 SNPS_CLOCK_GATE_HIGH_tinytpu_isa_dma_ld_0_1_859
dma_ld_0_1_U0/clk_gate_a_onchip_U_ram_reg_336_       3.9900     0.0      0.0000       3.9900 0.0000 SNPS_CLOCK_GATE_HIGH_tinytpu_isa_dma_ld_0_1_860
dma_ld_0_1_U0/clk_gate_a_onchip_U_ram_reg_337_       3.9900     0.0      0.0000       3.9900 0.0000 SNPS_CLOCK_GATE_HIGH_tinytpu_isa_dma_ld_0_1_861
dma_ld_0_1_U0/clk_gate_a_onchip_U_ram_reg_338_       3.9900     0.0      0.0000       3.9900 0.0000 SNPS_CLOCK_GATE_HIGH_tinytpu_isa_dma_ld_0_1_862
dma_ld_0_1_U0/clk_gate_a_onchip_U_ram_reg_339_       3.9900     0.0      0.0000       3.9900 0.0000 SNPS_CLOCK_GATE_HIGH_tinytpu_isa_dma_ld_0_1_863
dma_ld_0_1_U0/clk_gate_a_onchip_U_ram_reg_33_       3.9900     0.0      0.0000       3.9900 0.0000 SNPS_CLOCK_GATE_HIGH_tinytpu_isa_dma_ld_0_1_557
dma_ld_0_1_U0/clk_gate_a_onchip_U_ram_reg_340_       3.9900     0.0      0.0000       3.9900 0.0000 SNPS_CLOCK_GATE_HIGH_tinytpu_isa_dma_ld_0_1_864
dma_ld_0_1_U0/clk_gate_a_onchip_U_ram_reg_341_       3.9900     0.0      0.0000       3.9900 0.0000 SNPS_CLOCK_GATE_HIGH_tinytpu_isa_dma_ld_0_1_865
dma_ld_0_1_U0/clk_gate_a_onchip_U_ram_reg_342_       3.9900     0.0      0.0000       3.9900 0.0000 SNPS_CLOCK_GATE_HIGH_tinytpu_isa_dma_ld_0_1_866
dma_ld_0_1_U0/clk_gate_a_onchip_U_ram_reg_343_       3.9900     0.0      0.0000       3.9900 0.0000 SNPS_CLOCK_GATE_HIGH_tinytpu_isa_dma_ld_0_1_867
dma_ld_0_1_U0/clk_gate_a_onchip_U_ram_reg_344_       3.9900     0.0      0.0000       3.9900 0.0000 SNPS_CLOCK_GATE_HIGH_tinytpu_isa_dma_ld_0_1_868
dma_ld_0_1_U0/clk_gate_a_onchip_U_ram_reg_345_       3.9900     0.0      0.0000       3.9900 0.0000 SNPS_CLOCK_GATE_HIGH_tinytpu_isa_dma_ld_0_1_869
dma_ld_0_1_U0/clk_gate_a_onchip_U_ram_reg_346_       3.9900     0.0      0.0000       3.9900 0.0000 SNPS_CLOCK_GATE_HIGH_tinytpu_isa_dma_ld_0_1_870
dma_ld_0_1_U0/clk_gate_a_onchip_U_ram_reg_347_       3.9900     0.0      0.0000       3.9900 0.0000 SNPS_CLOCK_GATE_HIGH_tinytpu_isa_dma_ld_0_1_871
dma_ld_0_1_U0/clk_gate_a_onchip_U_ram_reg_348_       3.9900     0.0      0.0000       3.9900 0.0000 SNPS_CLOCK_GATE_HIGH_tinytpu_isa_dma_ld_0_1_872
dma_ld_0_1_U0/clk_gate_a_onchip_U_ram_reg_349_       3.9900     0.0      0.0000       3.9900 0.0000 SNPS_CLOCK_GATE_HIGH_tinytpu_isa_dma_ld_0_1_873
dma_ld_0_1_U0/clk_gate_a_onchip_U_ram_reg_34_       3.9900     0.0      0.0000       3.9900 0.0000 SNPS_CLOCK_GATE_HIGH_tinytpu_isa_dma_ld_0_1_558
dma_ld_0_1_U0/clk_gate_a_onchip_U_ram_reg_350_       3.9900     0.0      0.0000       3.9900 0.0000 SNPS_CLOCK_GATE_HIGH_tinytpu_isa_dma_ld_0_1_874
dma_ld_0_1_U0/clk_gate_a_onchip_U_ram_reg_351_       3.9900     0.0      0.0000       3.9900 0.0000 SNPS_CLOCK_GATE_HIGH_tinytpu_isa_dma_ld_0_1_875
dma_ld_0_1_U0/clk_gate_a_onchip_U_ram_reg_352_       3.9900     0.0      0.0000       3.9900 0.0000 SNPS_CLOCK_GATE_HIGH_tinytpu_isa_dma_ld_0_1_876
dma_ld_0_1_U0/clk_gate_a_onchip_U_ram_reg_353_       3.9900     0.0      0.0000       3.9900 0.0000 SNPS_CLOCK_GATE_HIGH_tinytpu_isa_dma_ld_0_1_877
dma_ld_0_1_U0/clk_gate_a_onchip_U_ram_reg_354_       3.9900     0.0      0.0000       3.9900 0.0000 SNPS_CLOCK_GATE_HIGH_tinytpu_isa_dma_ld_0_1_878
dma_ld_0_1_U0/clk_gate_a_onchip_U_ram_reg_355_       3.9900     0.0      0.0000       3.9900 0.0000 SNPS_CLOCK_GATE_HIGH_tinytpu_isa_dma_ld_0_1_879
dma_ld_0_1_U0/clk_gate_a_onchip_U_ram_reg_356_       3.9900     0.0      0.0000       3.9900 0.0000 SNPS_CLOCK_GATE_HIGH_tinytpu_isa_dma_ld_0_1_880
dma_ld_0_1_U0/clk_gate_a_onchip_U_ram_reg_357_       3.9900     0.0      0.0000       3.9900 0.0000 SNPS_CLOCK_GATE_HIGH_tinytpu_isa_dma_ld_0_1_881
dma_ld_0_1_U0/clk_gate_a_onchip_U_ram_reg_358_       3.9900     0.0      0.0000       3.9900 0.0000 SNPS_CLOCK_GATE_HIGH_tinytpu_isa_dma_ld_0_1_882
dma_ld_0_1_U0/clk_gate_a_onchip_U_ram_reg_359_       3.9900     0.0      0.0000       3.9900 0.0000 SNPS_CLOCK_GATE_HIGH_tinytpu_isa_dma_ld_0_1_883
dma_ld_0_1_U0/clk_gate_a_onchip_U_ram_reg_35_       3.9900     0.0      0.0000       3.9900 0.0000 SNPS_CLOCK_GATE_HIGH_tinytpu_isa_dma_ld_0_1_559
dma_ld_0_1_U0/clk_gate_a_onchip_U_ram_reg_360_       3.9900     0.0      0.0000       3.9900 0.0000 SNPS_CLOCK_GATE_HIGH_tinytpu_isa_dma_ld_0_1_884
dma_ld_0_1_U0/clk_gate_a_onchip_U_ram_reg_361_       3.9900     0.0      0.0000       3.9900 0.0000 SNPS_CLOCK_GATE_HIGH_tinytpu_isa_dma_ld_0_1_885
dma_ld_0_1_U0/clk_gate_a_onchip_U_ram_reg_362_       3.9900     0.0      0.0000       3.9900 0.0000 SNPS_CLOCK_GATE_HIGH_tinytpu_isa_dma_ld_0_1_886
dma_ld_0_1_U0/clk_gate_a_onchip_U_ram_reg_363_       3.9900     0.0      0.0000       3.9900 0.0000 SNPS_CLOCK_GATE_HIGH_tinytpu_isa_dma_ld_0_1_887
dma_ld_0_1_U0/clk_gate_a_onchip_U_ram_reg_364_       3.9900     0.0      0.0000       3.9900 0.0000 SNPS_CLOCK_GATE_HIGH_tinytpu_isa_dma_ld_0_1_888
dma_ld_0_1_U0/clk_gate_a_onchip_U_ram_reg_365_       3.9900     0.0      0.0000       3.9900 0.0000 SNPS_CLOCK_GATE_HIGH_tinytpu_isa_dma_ld_0_1_889
dma_ld_0_1_U0/clk_gate_a_onchip_U_ram_reg_366_       3.9900     0.0      0.0000       3.9900 0.0000 SNPS_CLOCK_GATE_HIGH_tinytpu_isa_dma_ld_0_1_890
dma_ld_0_1_U0/clk_gate_a_onchip_U_ram_reg_367_       3.9900     0.0      0.0000       3.9900 0.0000 SNPS_CLOCK_GATE_HIGH_tinytpu_isa_dma_ld_0_1_891
dma_ld_0_1_U0/clk_gate_a_onchip_U_ram_reg_368_       3.9900     0.0      0.0000       3.9900 0.0000 SNPS_CLOCK_GATE_HIGH_tinytpu_isa_dma_ld_0_1_892
dma_ld_0_1_U0/clk_gate_a_onchip_U_ram_reg_369_       3.9900     0.0      0.0000       3.9900 0.0000 SNPS_CLOCK_GATE_HIGH_tinytpu_isa_dma_ld_0_1_893
dma_ld_0_1_U0/clk_gate_a_onchip_U_ram_reg_36_       3.9900     0.0      0.0000       3.9900 0.0000 SNPS_CLOCK_GATE_HIGH_tinytpu_isa_dma_ld_0_1_560
dma_ld_0_1_U0/clk_gate_a_onchip_U_ram_reg_370_       3.9900     0.0      0.0000       3.9900 0.0000 SNPS_CLOCK_GATE_HIGH_tinytpu_isa_dma_ld_0_1_894
dma_ld_0_1_U0/clk_gate_a_onchip_U_ram_reg_371_       3.9900     0.0      0.0000       3.9900 0.0000 SNPS_CLOCK_GATE_HIGH_tinytpu_isa_dma_ld_0_1_895
dma_ld_0_1_U0/clk_gate_a_onchip_U_ram_reg_372_       3.9900     0.0      0.0000       3.9900 0.0000 SNPS_CLOCK_GATE_HIGH_tinytpu_isa_dma_ld_0_1_896
dma_ld_0_1_U0/clk_gate_a_onchip_U_ram_reg_373_       3.9900     0.0      0.0000       3.9900 0.0000 SNPS_CLOCK_GATE_HIGH_tinytpu_isa_dma_ld_0_1_897
dma_ld_0_1_U0/clk_gate_a_onchip_U_ram_reg_374_       3.9900     0.0      0.0000       3.9900 0.0000 SNPS_CLOCK_GATE_HIGH_tinytpu_isa_dma_ld_0_1_898
dma_ld_0_1_U0/clk_gate_a_onchip_U_ram_reg_375_       3.9900     0.0      0.0000       3.9900 0.0000 SNPS_CLOCK_GATE_HIGH_tinytpu_isa_dma_ld_0_1_899
dma_ld_0_1_U0/clk_gate_a_onchip_U_ram_reg_376_       3.9900     0.0      0.0000       3.9900 0.0000 SNPS_CLOCK_GATE_HIGH_tinytpu_isa_dma_ld_0_1_900
dma_ld_0_1_U0/clk_gate_a_onchip_U_ram_reg_377_       3.9900     0.0      0.0000       3.9900 0.0000 SNPS_CLOCK_GATE_HIGH_tinytpu_isa_dma_ld_0_1_901
dma_ld_0_1_U0/clk_gate_a_onchip_U_ram_reg_378_       3.9900     0.0      0.0000       3.9900 0.0000 SNPS_CLOCK_GATE_HIGH_tinytpu_isa_dma_ld_0_1_902
dma_ld_0_1_U0/clk_gate_a_onchip_U_ram_reg_379_       3.9900     0.0      0.0000       3.9900 0.0000 SNPS_CLOCK_GATE_HIGH_tinytpu_isa_dma_ld_0_1_903
dma_ld_0_1_U0/clk_gate_a_onchip_U_ram_reg_37_       3.9900     0.0      0.0000       3.9900 0.0000 SNPS_CLOCK_GATE_HIGH_tinytpu_isa_dma_ld_0_1_561
dma_ld_0_1_U0/clk_gate_a_onchip_U_ram_reg_380_       3.9900     0.0      0.0000       3.9900 0.0000 SNPS_CLOCK_GATE_HIGH_tinytpu_isa_dma_ld_0_1_904
dma_ld_0_1_U0/clk_gate_a_onchip_U_ram_reg_381_       3.9900     0.0      0.0000       3.9900 0.0000 SNPS_CLOCK_GATE_HIGH_tinytpu_isa_dma_ld_0_1_905
dma_ld_0_1_U0/clk_gate_a_onchip_U_ram_reg_382_       3.9900     0.0      0.0000       3.9900 0.0000 SNPS_CLOCK_GATE_HIGH_tinytpu_isa_dma_ld_0_1_906
dma_ld_0_1_U0/clk_gate_a_onchip_U_ram_reg_383_       3.9900     0.0      0.0000       3.9900 0.0000 SNPS_CLOCK_GATE_HIGH_tinytpu_isa_dma_ld_0_1_907
dma_ld_0_1_U0/clk_gate_a_onchip_U_ram_reg_384_       3.9900     0.0      0.0000       3.9900 0.0000 SNPS_CLOCK_GATE_HIGH_tinytpu_isa_dma_ld_0_1_908
dma_ld_0_1_U0/clk_gate_a_onchip_U_ram_reg_385_       3.9900     0.0      0.0000       3.9900 0.0000 SNPS_CLOCK_GATE_HIGH_tinytpu_isa_dma_ld_0_1_909
dma_ld_0_1_U0/clk_gate_a_onchip_U_ram_reg_386_       3.9900     0.0      0.0000       3.9900 0.0000 SNPS_CLOCK_GATE_HIGH_tinytpu_isa_dma_ld_0_1_910
dma_ld_0_1_U0/clk_gate_a_onchip_U_ram_reg_387_       3.9900     0.0      0.0000       3.9900 0.0000 SNPS_CLOCK_GATE_HIGH_tinytpu_isa_dma_ld_0_1_911
dma_ld_0_1_U0/clk_gate_a_onchip_U_ram_reg_388_       3.9900     0.0      0.0000       3.9900 0.0000 SNPS_CLOCK_GATE_HIGH_tinytpu_isa_dma_ld_0_1_912
dma_ld_0_1_U0/clk_gate_a_onchip_U_ram_reg_389_       3.9900     0.0      0.0000       3.9900 0.0000 SNPS_CLOCK_GATE_HIGH_tinytpu_isa_dma_ld_0_1_913
dma_ld_0_1_U0/clk_gate_a_onchip_U_ram_reg_38_       3.9900     0.0      0.0000       3.9900 0.0000 SNPS_CLOCK_GATE_HIGH_tinytpu_isa_dma_ld_0_1_562
dma_ld_0_1_U0/clk_gate_a_onchip_U_ram_reg_390_       3.9900     0.0      0.0000       3.9900 0.0000 SNPS_CLOCK_GATE_HIGH_tinytpu_isa_dma_ld_0_1_914
dma_ld_0_1_U0/clk_gate_a_onchip_U_ram_reg_391_       3.9900     0.0      0.0000       3.9900 0.0000 SNPS_CLOCK_GATE_HIGH_tinytpu_isa_dma_ld_0_1_915
dma_ld_0_1_U0/clk_gate_a_onchip_U_ram_reg_392_       3.9900     0.0      0.0000       3.9900 0.0000 SNPS_CLOCK_GATE_HIGH_tinytpu_isa_dma_ld_0_1_916
dma_ld_0_1_U0/clk_gate_a_onchip_U_ram_reg_393_       3.9900     0.0      0.0000       3.9900 0.0000 SNPS_CLOCK_GATE_HIGH_tinytpu_isa_dma_ld_0_1_917
dma_ld_0_1_U0/clk_gate_a_onchip_U_ram_reg_394_       3.9900     0.0      0.0000       3.9900 0.0000 SNPS_CLOCK_GATE_HIGH_tinytpu_isa_dma_ld_0_1_918
dma_ld_0_1_U0/clk_gate_a_onchip_U_ram_reg_395_       3.9900     0.0      0.0000       3.9900 0.0000 SNPS_CLOCK_GATE_HIGH_tinytpu_isa_dma_ld_0_1_919
dma_ld_0_1_U0/clk_gate_a_onchip_U_ram_reg_396_       3.9900     0.0      0.0000       3.9900 0.0000 SNPS_CLOCK_GATE_HIGH_tinytpu_isa_dma_ld_0_1_920
dma_ld_0_1_U0/clk_gate_a_onchip_U_ram_reg_397_       3.9900     0.0      0.0000       3.9900 0.0000 SNPS_CLOCK_GATE_HIGH_tinytpu_isa_dma_ld_0_1_921
dma_ld_0_1_U0/clk_gate_a_onchip_U_ram_reg_398_       3.9900     0.0      0.0000       3.9900 0.0000 SNPS_CLOCK_GATE_HIGH_tinytpu_isa_dma_ld_0_1_922
dma_ld_0_1_U0/clk_gate_a_onchip_U_ram_reg_399_       3.9900     0.0      0.0000       3.9900 0.0000 SNPS_CLOCK_GATE_HIGH_tinytpu_isa_dma_ld_0_1_923
dma_ld_0_1_U0/clk_gate_a_onchip_U_ram_reg_39_       3.9900     0.0      0.0000       3.9900 0.0000 SNPS_CLOCK_GATE_HIGH_tinytpu_isa_dma_ld_0_1_563
dma_ld_0_1_U0/clk_gate_a_onchip_U_ram_reg_3_       3.9900     0.0      0.0000       3.9900 0.0000 SNPS_CLOCK_GATE_HIGH_tinytpu_isa_dma_ld_0_1_527
dma_ld_0_1_U0/clk_gate_a_onchip_U_ram_reg_400_       3.9900     0.0      0.0000       3.9900 0.0000 SNPS_CLOCK_GATE_HIGH_tinytpu_isa_dma_ld_0_1_924
dma_ld_0_1_U0/clk_gate_a_onchip_U_ram_reg_401_       3.9900     0.0      0.0000       3.9900 0.0000 SNPS_CLOCK_GATE_HIGH_tinytpu_isa_dma_ld_0_1_925
dma_ld_0_1_U0/clk_gate_a_onchip_U_ram_reg_402_       3.9900     0.0      0.0000       3.9900 0.0000 SNPS_CLOCK_GATE_HIGH_tinytpu_isa_dma_ld_0_1_926
dma_ld_0_1_U0/clk_gate_a_onchip_U_ram_reg_403_       3.9900     0.0      0.0000       3.9900 0.0000 SNPS_CLOCK_GATE_HIGH_tinytpu_isa_dma_ld_0_1_927
dma_ld_0_1_U0/clk_gate_a_onchip_U_ram_reg_404_       3.9900     0.0      0.0000       3.9900 0.0000 SNPS_CLOCK_GATE_HIGH_tinytpu_isa_dma_ld_0_1_928
dma_ld_0_1_U0/clk_gate_a_onchip_U_ram_reg_405_       3.9900     0.0      0.0000       3.9900 0.0000 SNPS_CLOCK_GATE_HIGH_tinytpu_isa_dma_ld_0_1_929
dma_ld_0_1_U0/clk_gate_a_onchip_U_ram_reg_406_       3.9900     0.0      0.0000       3.9900 0.0000 SNPS_CLOCK_GATE_HIGH_tinytpu_isa_dma_ld_0_1_930
dma_ld_0_1_U0/clk_gate_a_onchip_U_ram_reg_407_       3.9900     0.0      0.0000       3.9900 0.0000 SNPS_CLOCK_GATE_HIGH_tinytpu_isa_dma_ld_0_1_931
dma_ld_0_1_U0/clk_gate_a_onchip_U_ram_reg_408_       3.9900     0.0      0.0000       3.9900 0.0000 SNPS_CLOCK_GATE_HIGH_tinytpu_isa_dma_ld_0_1_932
dma_ld_0_1_U0/clk_gate_a_onchip_U_ram_reg_409_       3.9900     0.0      0.0000       3.9900 0.0000 SNPS_CLOCK_GATE_HIGH_tinytpu_isa_dma_ld_0_1_933
dma_ld_0_1_U0/clk_gate_a_onchip_U_ram_reg_40_       3.9900     0.0      0.0000       3.9900 0.0000 SNPS_CLOCK_GATE_HIGH_tinytpu_isa_dma_ld_0_1_564
dma_ld_0_1_U0/clk_gate_a_onchip_U_ram_reg_410_       3.9900     0.0      0.0000       3.9900 0.0000 SNPS_CLOCK_GATE_HIGH_tinytpu_isa_dma_ld_0_1_934
dma_ld_0_1_U0/clk_gate_a_onchip_U_ram_reg_411_       3.9900     0.0      0.0000       3.9900 0.0000 SNPS_CLOCK_GATE_HIGH_tinytpu_isa_dma_ld_0_1_935
dma_ld_0_1_U0/clk_gate_a_onchip_U_ram_reg_412_       3.9900     0.0      0.0000       3.9900 0.0000 SNPS_CLOCK_GATE_HIGH_tinytpu_isa_dma_ld_0_1_936
dma_ld_0_1_U0/clk_gate_a_onchip_U_ram_reg_413_       3.9900     0.0      0.0000       3.9900 0.0000 SNPS_CLOCK_GATE_HIGH_tinytpu_isa_dma_ld_0_1_937
dma_ld_0_1_U0/clk_gate_a_onchip_U_ram_reg_414_       3.9900     0.0      0.0000       3.9900 0.0000 SNPS_CLOCK_GATE_HIGH_tinytpu_isa_dma_ld_0_1_938
dma_ld_0_1_U0/clk_gate_a_onchip_U_ram_reg_415_       3.9900     0.0      0.0000       3.9900 0.0000 SNPS_CLOCK_GATE_HIGH_tinytpu_isa_dma_ld_0_1_939
dma_ld_0_1_U0/clk_gate_a_onchip_U_ram_reg_416_       3.9900     0.0      0.0000       3.9900 0.0000 SNPS_CLOCK_GATE_HIGH_tinytpu_isa_dma_ld_0_1_940
dma_ld_0_1_U0/clk_gate_a_onchip_U_ram_reg_417_       3.9900     0.0      0.0000       3.9900 0.0000 SNPS_CLOCK_GATE_HIGH_tinytpu_isa_dma_ld_0_1_941
dma_ld_0_1_U0/clk_gate_a_onchip_U_ram_reg_418_       3.9900     0.0      0.0000       3.9900 0.0000 SNPS_CLOCK_GATE_HIGH_tinytpu_isa_dma_ld_0_1_942
dma_ld_0_1_U0/clk_gate_a_onchip_U_ram_reg_419_       3.9900     0.0      0.0000       3.9900 0.0000 SNPS_CLOCK_GATE_HIGH_tinytpu_isa_dma_ld_0_1_943
dma_ld_0_1_U0/clk_gate_a_onchip_U_ram_reg_41_       3.9900     0.0      0.0000       3.9900 0.0000 SNPS_CLOCK_GATE_HIGH_tinytpu_isa_dma_ld_0_1_565
dma_ld_0_1_U0/clk_gate_a_onchip_U_ram_reg_420_       3.9900     0.0      0.0000       3.9900 0.0000 SNPS_CLOCK_GATE_HIGH_tinytpu_isa_dma_ld_0_1_944
dma_ld_0_1_U0/clk_gate_a_onchip_U_ram_reg_421_       3.9900     0.0      0.0000       3.9900 0.0000 SNPS_CLOCK_GATE_HIGH_tinytpu_isa_dma_ld_0_1_945
dma_ld_0_1_U0/clk_gate_a_onchip_U_ram_reg_422_       3.9900     0.0      0.0000       3.9900 0.0000 SNPS_CLOCK_GATE_HIGH_tinytpu_isa_dma_ld_0_1_946
dma_ld_0_1_U0/clk_gate_a_onchip_U_ram_reg_423_       3.9900     0.0      0.0000       3.9900 0.0000 SNPS_CLOCK_GATE_HIGH_tinytpu_isa_dma_ld_0_1_947
dma_ld_0_1_U0/clk_gate_a_onchip_U_ram_reg_424_       3.9900     0.0      0.0000       3.9900 0.0000 SNPS_CLOCK_GATE_HIGH_tinytpu_isa_dma_ld_0_1_948
dma_ld_0_1_U0/clk_gate_a_onchip_U_ram_reg_425_       3.9900     0.0      0.0000       3.9900 0.0000 SNPS_CLOCK_GATE_HIGH_tinytpu_isa_dma_ld_0_1_949
dma_ld_0_1_U0/clk_gate_a_onchip_U_ram_reg_426_       3.9900     0.0      0.0000       3.9900 0.0000 SNPS_CLOCK_GATE_HIGH_tinytpu_isa_dma_ld_0_1_950
dma_ld_0_1_U0/clk_gate_a_onchip_U_ram_reg_427_       3.9900     0.0      0.0000       3.9900 0.0000 SNPS_CLOCK_GATE_HIGH_tinytpu_isa_dma_ld_0_1_951
dma_ld_0_1_U0/clk_gate_a_onchip_U_ram_reg_428_       3.9900     0.0      0.0000       3.9900 0.0000 SNPS_CLOCK_GATE_HIGH_tinytpu_isa_dma_ld_0_1_952
dma_ld_0_1_U0/clk_gate_a_onchip_U_ram_reg_429_       3.9900     0.0      0.0000       3.9900 0.0000 SNPS_CLOCK_GATE_HIGH_tinytpu_isa_dma_ld_0_1_953
dma_ld_0_1_U0/clk_gate_a_onchip_U_ram_reg_42_       3.9900     0.0      0.0000       3.9900 0.0000 SNPS_CLOCK_GATE_HIGH_tinytpu_isa_dma_ld_0_1_566
dma_ld_0_1_U0/clk_gate_a_onchip_U_ram_reg_430_       3.9900     0.0      0.0000       3.9900 0.0000 SNPS_CLOCK_GATE_HIGH_tinytpu_isa_dma_ld_0_1_954
dma_ld_0_1_U0/clk_gate_a_onchip_U_ram_reg_431_       3.9900     0.0      0.0000       3.9900 0.0000 SNPS_CLOCK_GATE_HIGH_tinytpu_isa_dma_ld_0_1_955
dma_ld_0_1_U0/clk_gate_a_onchip_U_ram_reg_432_       3.9900     0.0      0.0000       3.9900 0.0000 SNPS_CLOCK_GATE_HIGH_tinytpu_isa_dma_ld_0_1_956
dma_ld_0_1_U0/clk_gate_a_onchip_U_ram_reg_433_       3.9900     0.0      0.0000       3.9900 0.0000 SNPS_CLOCK_GATE_HIGH_tinytpu_isa_dma_ld_0_1_957
dma_ld_0_1_U0/clk_gate_a_onchip_U_ram_reg_434_       3.9900     0.0      0.0000       3.9900 0.0000 SNPS_CLOCK_GATE_HIGH_tinytpu_isa_dma_ld_0_1_958
dma_ld_0_1_U0/clk_gate_a_onchip_U_ram_reg_435_       3.9900     0.0      0.0000       3.9900 0.0000 SNPS_CLOCK_GATE_HIGH_tinytpu_isa_dma_ld_0_1_959
dma_ld_0_1_U0/clk_gate_a_onchip_U_ram_reg_436_       3.9900     0.0      0.0000       3.9900 0.0000 SNPS_CLOCK_GATE_HIGH_tinytpu_isa_dma_ld_0_1_960
dma_ld_0_1_U0/clk_gate_a_onchip_U_ram_reg_437_       3.9900     0.0      0.0000       3.9900 0.0000 SNPS_CLOCK_GATE_HIGH_tinytpu_isa_dma_ld_0_1_961
dma_ld_0_1_U0/clk_gate_a_onchip_U_ram_reg_438_       3.9900     0.0      0.0000       3.9900 0.0000 SNPS_CLOCK_GATE_HIGH_tinytpu_isa_dma_ld_0_1_962
dma_ld_0_1_U0/clk_gate_a_onchip_U_ram_reg_439_       3.9900     0.0      0.0000       3.9900 0.0000 SNPS_CLOCK_GATE_HIGH_tinytpu_isa_dma_ld_0_1_963
dma_ld_0_1_U0/clk_gate_a_onchip_U_ram_reg_43_       3.9900     0.0      0.0000       3.9900 0.0000 SNPS_CLOCK_GATE_HIGH_tinytpu_isa_dma_ld_0_1_567
dma_ld_0_1_U0/clk_gate_a_onchip_U_ram_reg_440_       3.9900     0.0      0.0000       3.9900 0.0000 SNPS_CLOCK_GATE_HIGH_tinytpu_isa_dma_ld_0_1_964
dma_ld_0_1_U0/clk_gate_a_onchip_U_ram_reg_441_       3.9900     0.0      0.0000       3.9900 0.0000 SNPS_CLOCK_GATE_HIGH_tinytpu_isa_dma_ld_0_1_965
dma_ld_0_1_U0/clk_gate_a_onchip_U_ram_reg_442_       3.9900     0.0      0.0000       3.9900 0.0000 SNPS_CLOCK_GATE_HIGH_tinytpu_isa_dma_ld_0_1_966
dma_ld_0_1_U0/clk_gate_a_onchip_U_ram_reg_443_       3.9900     0.0      0.0000       3.9900 0.0000 SNPS_CLOCK_GATE_HIGH_tinytpu_isa_dma_ld_0_1_967
dma_ld_0_1_U0/clk_gate_a_onchip_U_ram_reg_444_       3.9900     0.0      0.0000       3.9900 0.0000 SNPS_CLOCK_GATE_HIGH_tinytpu_isa_dma_ld_0_1_968
dma_ld_0_1_U0/clk_gate_a_onchip_U_ram_reg_445_       3.9900     0.0      0.0000       3.9900 0.0000 SNPS_CLOCK_GATE_HIGH_tinytpu_isa_dma_ld_0_1_969
dma_ld_0_1_U0/clk_gate_a_onchip_U_ram_reg_446_       3.9900     0.0      0.0000       3.9900 0.0000 SNPS_CLOCK_GATE_HIGH_tinytpu_isa_dma_ld_0_1_970
dma_ld_0_1_U0/clk_gate_a_onchip_U_ram_reg_447_       3.9900     0.0      0.0000       3.9900 0.0000 SNPS_CLOCK_GATE_HIGH_tinytpu_isa_dma_ld_0_1_971
dma_ld_0_1_U0/clk_gate_a_onchip_U_ram_reg_448_       3.9900     0.0      0.0000       3.9900 0.0000 SNPS_CLOCK_GATE_HIGH_tinytpu_isa_dma_ld_0_1_972
dma_ld_0_1_U0/clk_gate_a_onchip_U_ram_reg_449_       3.9900     0.0      0.0000       3.9900 0.0000 SNPS_CLOCK_GATE_HIGH_tinytpu_isa_dma_ld_0_1_973
dma_ld_0_1_U0/clk_gate_a_onchip_U_ram_reg_44_       3.9900     0.0      0.0000       3.9900 0.0000 SNPS_CLOCK_GATE_HIGH_tinytpu_isa_dma_ld_0_1_568
dma_ld_0_1_U0/clk_gate_a_onchip_U_ram_reg_450_       3.9900     0.0      0.0000       3.9900 0.0000 SNPS_CLOCK_GATE_HIGH_tinytpu_isa_dma_ld_0_1_974
dma_ld_0_1_U0/clk_gate_a_onchip_U_ram_reg_451_       3.9900     0.0      0.0000       3.9900 0.0000 SNPS_CLOCK_GATE_HIGH_tinytpu_isa_dma_ld_0_1_975
dma_ld_0_1_U0/clk_gate_a_onchip_U_ram_reg_452_       3.9900     0.0      0.0000       3.9900 0.0000 SNPS_CLOCK_GATE_HIGH_tinytpu_isa_dma_ld_0_1_976
dma_ld_0_1_U0/clk_gate_a_onchip_U_ram_reg_453_       3.9900     0.0      0.0000       3.9900 0.0000 SNPS_CLOCK_GATE_HIGH_tinytpu_isa_dma_ld_0_1_977
dma_ld_0_1_U0/clk_gate_a_onchip_U_ram_reg_454_       3.9900     0.0      0.0000       3.9900 0.0000 SNPS_CLOCK_GATE_HIGH_tinytpu_isa_dma_ld_0_1_978
dma_ld_0_1_U0/clk_gate_a_onchip_U_ram_reg_455_       3.9900     0.0      0.0000       3.9900 0.0000 SNPS_CLOCK_GATE_HIGH_tinytpu_isa_dma_ld_0_1_979
dma_ld_0_1_U0/clk_gate_a_onchip_U_ram_reg_456_       3.9900     0.0      0.0000       3.9900 0.0000 SNPS_CLOCK_GATE_HIGH_tinytpu_isa_dma_ld_0_1_980
dma_ld_0_1_U0/clk_gate_a_onchip_U_ram_reg_457_       3.9900     0.0      0.0000       3.9900 0.0000 SNPS_CLOCK_GATE_HIGH_tinytpu_isa_dma_ld_0_1_981
dma_ld_0_1_U0/clk_gate_a_onchip_U_ram_reg_458_       3.9900     0.0      0.0000       3.9900 0.0000 SNPS_CLOCK_GATE_HIGH_tinytpu_isa_dma_ld_0_1_982
dma_ld_0_1_U0/clk_gate_a_onchip_U_ram_reg_459_       3.9900     0.0      0.0000       3.9900 0.0000 SNPS_CLOCK_GATE_HIGH_tinytpu_isa_dma_ld_0_1_983
dma_ld_0_1_U0/clk_gate_a_onchip_U_ram_reg_45_       3.9900     0.0      0.0000       3.9900 0.0000 SNPS_CLOCK_GATE_HIGH_tinytpu_isa_dma_ld_0_1_569
dma_ld_0_1_U0/clk_gate_a_onchip_U_ram_reg_460_       3.9900     0.0      0.0000       3.9900 0.0000 SNPS_CLOCK_GATE_HIGH_tinytpu_isa_dma_ld_0_1_984
dma_ld_0_1_U0/clk_gate_a_onchip_U_ram_reg_461_       3.9900     0.0      0.0000       3.9900 0.0000 SNPS_CLOCK_GATE_HIGH_tinytpu_isa_dma_ld_0_1_985
dma_ld_0_1_U0/clk_gate_a_onchip_U_ram_reg_462_       3.9900     0.0      0.0000       3.9900 0.0000 SNPS_CLOCK_GATE_HIGH_tinytpu_isa_dma_ld_0_1_986
dma_ld_0_1_U0/clk_gate_a_onchip_U_ram_reg_463_       3.9900     0.0      0.0000       3.9900 0.0000 SNPS_CLOCK_GATE_HIGH_tinytpu_isa_dma_ld_0_1_987
dma_ld_0_1_U0/clk_gate_a_onchip_U_ram_reg_464_       3.9900     0.0      0.0000       3.9900 0.0000 SNPS_CLOCK_GATE_HIGH_tinytpu_isa_dma_ld_0_1_988
dma_ld_0_1_U0/clk_gate_a_onchip_U_ram_reg_465_       3.9900     0.0      0.0000       3.9900 0.0000 SNPS_CLOCK_GATE_HIGH_tinytpu_isa_dma_ld_0_1_989
dma_ld_0_1_U0/clk_gate_a_onchip_U_ram_reg_466_       3.9900     0.0      0.0000       3.9900 0.0000 SNPS_CLOCK_GATE_HIGH_tinytpu_isa_dma_ld_0_1_990
dma_ld_0_1_U0/clk_gate_a_onchip_U_ram_reg_467_       3.9900     0.0      0.0000       3.9900 0.0000 SNPS_CLOCK_GATE_HIGH_tinytpu_isa_dma_ld_0_1_991
dma_ld_0_1_U0/clk_gate_a_onchip_U_ram_reg_468_       3.9900     0.0      0.0000       3.9900 0.0000 SNPS_CLOCK_GATE_HIGH_tinytpu_isa_dma_ld_0_1_992
dma_ld_0_1_U0/clk_gate_a_onchip_U_ram_reg_469_       3.9900     0.0      0.0000       3.9900 0.0000 SNPS_CLOCK_GATE_HIGH_tinytpu_isa_dma_ld_0_1_993
dma_ld_0_1_U0/clk_gate_a_onchip_U_ram_reg_46_       3.9900     0.0      0.0000       3.9900 0.0000 SNPS_CLOCK_GATE_HIGH_tinytpu_isa_dma_ld_0_1_570
dma_ld_0_1_U0/clk_gate_a_onchip_U_ram_reg_470_       3.9900     0.0      0.0000       3.9900 0.0000 SNPS_CLOCK_GATE_HIGH_tinytpu_isa_dma_ld_0_1_994
dma_ld_0_1_U0/clk_gate_a_onchip_U_ram_reg_471_       3.9900     0.0      0.0000       3.9900 0.0000 SNPS_CLOCK_GATE_HIGH_tinytpu_isa_dma_ld_0_1_995
dma_ld_0_1_U0/clk_gate_a_onchip_U_ram_reg_472_       3.9900     0.0      0.0000       3.9900 0.0000 SNPS_CLOCK_GATE_HIGH_tinytpu_isa_dma_ld_0_1_996
dma_ld_0_1_U0/clk_gate_a_onchip_U_ram_reg_473_       3.9900     0.0      0.0000       3.9900 0.0000 SNPS_CLOCK_GATE_HIGH_tinytpu_isa_dma_ld_0_1_997
dma_ld_0_1_U0/clk_gate_a_onchip_U_ram_reg_474_       3.9900     0.0      0.0000       3.9900 0.0000 SNPS_CLOCK_GATE_HIGH_tinytpu_isa_dma_ld_0_1_998
dma_ld_0_1_U0/clk_gate_a_onchip_U_ram_reg_475_       3.9900     0.0      0.0000       3.9900 0.0000 SNPS_CLOCK_GATE_HIGH_tinytpu_isa_dma_ld_0_1_999
dma_ld_0_1_U0/clk_gate_a_onchip_U_ram_reg_476_       3.9900     0.0      0.0000       3.9900 0.0000 SNPS_CLOCK_GATE_HIGH_tinytpu_isa_dma_ld_0_1_1000
dma_ld_0_1_U0/clk_gate_a_onchip_U_ram_reg_477_       3.9900     0.0      0.0000       3.9900 0.0000 SNPS_CLOCK_GATE_HIGH_tinytpu_isa_dma_ld_0_1_1001
dma_ld_0_1_U0/clk_gate_a_onchip_U_ram_reg_478_       3.9900     0.0      0.0000       3.9900 0.0000 SNPS_CLOCK_GATE_HIGH_tinytpu_isa_dma_ld_0_1_1002
dma_ld_0_1_U0/clk_gate_a_onchip_U_ram_reg_479_       3.9900     0.0      0.0000       3.9900 0.0000 SNPS_CLOCK_GATE_HIGH_tinytpu_isa_dma_ld_0_1_1003
dma_ld_0_1_U0/clk_gate_a_onchip_U_ram_reg_47_       3.9900     0.0      0.0000       3.9900 0.0000 SNPS_CLOCK_GATE_HIGH_tinytpu_isa_dma_ld_0_1_571
dma_ld_0_1_U0/clk_gate_a_onchip_U_ram_reg_480_       3.9900     0.0      0.0000       3.9900 0.0000 SNPS_CLOCK_GATE_HIGH_tinytpu_isa_dma_ld_0_1_1004
dma_ld_0_1_U0/clk_gate_a_onchip_U_ram_reg_481_       3.9900     0.0      0.0000       3.9900 0.0000 SNPS_CLOCK_GATE_HIGH_tinytpu_isa_dma_ld_0_1_1005
dma_ld_0_1_U0/clk_gate_a_onchip_U_ram_reg_482_       3.9900     0.0      0.0000       3.9900 0.0000 SNPS_CLOCK_GATE_HIGH_tinytpu_isa_dma_ld_0_1_1006
dma_ld_0_1_U0/clk_gate_a_onchip_U_ram_reg_483_       3.9900     0.0      0.0000       3.9900 0.0000 SNPS_CLOCK_GATE_HIGH_tinytpu_isa_dma_ld_0_1_1007
dma_ld_0_1_U0/clk_gate_a_onchip_U_ram_reg_484_       3.9900     0.0      0.0000       3.9900 0.0000 SNPS_CLOCK_GATE_HIGH_tinytpu_isa_dma_ld_0_1_1008
dma_ld_0_1_U0/clk_gate_a_onchip_U_ram_reg_485_       3.9900     0.0      0.0000       3.9900 0.0000 SNPS_CLOCK_GATE_HIGH_tinytpu_isa_dma_ld_0_1_1009
dma_ld_0_1_U0/clk_gate_a_onchip_U_ram_reg_486_       3.9900     0.0      0.0000       3.9900 0.0000 SNPS_CLOCK_GATE_HIGH_tinytpu_isa_dma_ld_0_1_1010
dma_ld_0_1_U0/clk_gate_a_onchip_U_ram_reg_487_       3.9900     0.0      0.0000       3.9900 0.0000 SNPS_CLOCK_GATE_HIGH_tinytpu_isa_dma_ld_0_1_1011
dma_ld_0_1_U0/clk_gate_a_onchip_U_ram_reg_488_       3.9900     0.0      0.0000       3.9900 0.0000 SNPS_CLOCK_GATE_HIGH_tinytpu_isa_dma_ld_0_1_1012
dma_ld_0_1_U0/clk_gate_a_onchip_U_ram_reg_489_       3.9900     0.0      0.0000       3.9900 0.0000 SNPS_CLOCK_GATE_HIGH_tinytpu_isa_dma_ld_0_1_1013
dma_ld_0_1_U0/clk_gate_a_onchip_U_ram_reg_48_       3.9900     0.0      0.0000       3.9900 0.0000 SNPS_CLOCK_GATE_HIGH_tinytpu_isa_dma_ld_0_1_572
dma_ld_0_1_U0/clk_gate_a_onchip_U_ram_reg_490_       3.9900     0.0      0.0000       3.9900 0.0000 SNPS_CLOCK_GATE_HIGH_tinytpu_isa_dma_ld_0_1_1014
dma_ld_0_1_U0/clk_gate_a_onchip_U_ram_reg_491_       3.9900     0.0      0.0000       3.9900 0.0000 SNPS_CLOCK_GATE_HIGH_tinytpu_isa_dma_ld_0_1_1015
dma_ld_0_1_U0/clk_gate_a_onchip_U_ram_reg_492_       3.9900     0.0      0.0000       3.9900 0.0000 SNPS_CLOCK_GATE_HIGH_tinytpu_isa_dma_ld_0_1_1016
dma_ld_0_1_U0/clk_gate_a_onchip_U_ram_reg_493_       3.9900     0.0      0.0000       3.9900 0.0000 SNPS_CLOCK_GATE_HIGH_tinytpu_isa_dma_ld_0_1_1017
dma_ld_0_1_U0/clk_gate_a_onchip_U_ram_reg_494_       3.9900     0.0      0.0000       3.9900 0.0000 SNPS_CLOCK_GATE_HIGH_tinytpu_isa_dma_ld_0_1_1018
dma_ld_0_1_U0/clk_gate_a_onchip_U_ram_reg_495_       3.9900     0.0      0.0000       3.9900 0.0000 SNPS_CLOCK_GATE_HIGH_tinytpu_isa_dma_ld_0_1_1019
dma_ld_0_1_U0/clk_gate_a_onchip_U_ram_reg_496_       3.9900     0.0      0.0000       3.9900 0.0000 SNPS_CLOCK_GATE_HIGH_tinytpu_isa_dma_ld_0_1_1020
dma_ld_0_1_U0/clk_gate_a_onchip_U_ram_reg_497_       3.9900     0.0      0.0000       3.9900 0.0000 SNPS_CLOCK_GATE_HIGH_tinytpu_isa_dma_ld_0_1_1021
dma_ld_0_1_U0/clk_gate_a_onchip_U_ram_reg_498_       3.9900     0.0      0.0000       3.9900 0.0000 SNPS_CLOCK_GATE_HIGH_tinytpu_isa_dma_ld_0_1_1022
dma_ld_0_1_U0/clk_gate_a_onchip_U_ram_reg_499_       3.9900     0.0      0.0000       3.9900 0.0000 SNPS_CLOCK_GATE_HIGH_tinytpu_isa_dma_ld_0_1_1023
dma_ld_0_1_U0/clk_gate_a_onchip_U_ram_reg_49_       3.9900     0.0      0.0000       3.9900 0.0000 SNPS_CLOCK_GATE_HIGH_tinytpu_isa_dma_ld_0_1_573
dma_ld_0_1_U0/clk_gate_a_onchip_U_ram_reg_4_       3.9900     0.0      0.0000       3.9900 0.0000 SNPS_CLOCK_GATE_HIGH_tinytpu_isa_dma_ld_0_1_528
dma_ld_0_1_U0/clk_gate_a_onchip_U_ram_reg_500_       3.9900     0.0      0.0000       3.9900 0.0000 SNPS_CLOCK_GATE_HIGH_tinytpu_isa_dma_ld_0_1_1024
dma_ld_0_1_U0/clk_gate_a_onchip_U_ram_reg_501_       3.9900     0.0      0.0000       3.9900 0.0000 SNPS_CLOCK_GATE_HIGH_tinytpu_isa_dma_ld_0_1_1025
dma_ld_0_1_U0/clk_gate_a_onchip_U_ram_reg_502_       3.9900     0.0      0.0000       3.9900 0.0000 SNPS_CLOCK_GATE_HIGH_tinytpu_isa_dma_ld_0_1_1026
dma_ld_0_1_U0/clk_gate_a_onchip_U_ram_reg_503_       3.9900     0.0      0.0000       3.9900 0.0000 SNPS_CLOCK_GATE_HIGH_tinytpu_isa_dma_ld_0_1_1027
dma_ld_0_1_U0/clk_gate_a_onchip_U_ram_reg_504_       3.9900     0.0      0.0000       3.9900 0.0000 SNPS_CLOCK_GATE_HIGH_tinytpu_isa_dma_ld_0_1_1028
dma_ld_0_1_U0/clk_gate_a_onchip_U_ram_reg_505_       3.9900     0.0      0.0000       3.9900 0.0000 SNPS_CLOCK_GATE_HIGH_tinytpu_isa_dma_ld_0_1_1029
dma_ld_0_1_U0/clk_gate_a_onchip_U_ram_reg_506_       3.9900     0.0      0.0000       3.9900 0.0000 SNPS_CLOCK_GATE_HIGH_tinytpu_isa_dma_ld_0_1_1030
dma_ld_0_1_U0/clk_gate_a_onchip_U_ram_reg_507_       3.9900     0.0      0.0000       3.9900 0.0000 SNPS_CLOCK_GATE_HIGH_tinytpu_isa_dma_ld_0_1_1031
dma_ld_0_1_U0/clk_gate_a_onchip_U_ram_reg_508_       3.9900     0.0      0.0000       3.9900 0.0000 SNPS_CLOCK_GATE_HIGH_tinytpu_isa_dma_ld_0_1_1032
dma_ld_0_1_U0/clk_gate_a_onchip_U_ram_reg_509_       3.9900     0.0      0.0000       3.9900 0.0000 SNPS_CLOCK_GATE_HIGH_tinytpu_isa_dma_ld_0_1_1033
dma_ld_0_1_U0/clk_gate_a_onchip_U_ram_reg_50_       3.9900     0.0      0.0000       3.9900 0.0000 SNPS_CLOCK_GATE_HIGH_tinytpu_isa_dma_ld_0_1_574
dma_ld_0_1_U0/clk_gate_a_onchip_U_ram_reg_510_       3.9900     0.0      0.0000       3.9900 0.0000 SNPS_CLOCK_GATE_HIGH_tinytpu_isa_dma_ld_0_1_1034
dma_ld_0_1_U0/clk_gate_a_onchip_U_ram_reg_511_       3.9900     0.0      0.0000       3.9900 0.0000 SNPS_CLOCK_GATE_HIGH_tinytpu_isa_dma_ld_0_1_1035
dma_ld_0_1_U0/clk_gate_a_onchip_U_ram_reg_512_       3.9900     0.0      0.0000       3.9900 0.0000 SNPS_CLOCK_GATE_HIGH_tinytpu_isa_dma_ld_0_1_1036
dma_ld_0_1_U0/clk_gate_a_onchip_U_ram_reg_51_       3.9900     0.0      0.0000       3.9900 0.0000 SNPS_CLOCK_GATE_HIGH_tinytpu_isa_dma_ld_0_1_575
dma_ld_0_1_U0/clk_gate_a_onchip_U_ram_reg_52_       3.9900     0.0      0.0000       3.9900 0.0000 SNPS_CLOCK_GATE_HIGH_tinytpu_isa_dma_ld_0_1_576
dma_ld_0_1_U0/clk_gate_a_onchip_U_ram_reg_53_       3.9900     0.0      0.0000       3.9900 0.0000 SNPS_CLOCK_GATE_HIGH_tinytpu_isa_dma_ld_0_1_577
dma_ld_0_1_U0/clk_gate_a_onchip_U_ram_reg_54_       3.9900     0.0      0.0000       3.9900 0.0000 SNPS_CLOCK_GATE_HIGH_tinytpu_isa_dma_ld_0_1_578
dma_ld_0_1_U0/clk_gate_a_onchip_U_ram_reg_55_       3.9900     0.0      0.0000       3.9900 0.0000 SNPS_CLOCK_GATE_HIGH_tinytpu_isa_dma_ld_0_1_579
dma_ld_0_1_U0/clk_gate_a_onchip_U_ram_reg_56_       3.9900     0.0      0.0000       3.9900 0.0000 SNPS_CLOCK_GATE_HIGH_tinytpu_isa_dma_ld_0_1_580
dma_ld_0_1_U0/clk_gate_a_onchip_U_ram_reg_57_       3.9900     0.0      0.0000       3.9900 0.0000 SNPS_CLOCK_GATE_HIGH_tinytpu_isa_dma_ld_0_1_581
dma_ld_0_1_U0/clk_gate_a_onchip_U_ram_reg_58_       3.9900     0.0      0.0000       3.9900 0.0000 SNPS_CLOCK_GATE_HIGH_tinytpu_isa_dma_ld_0_1_582
dma_ld_0_1_U0/clk_gate_a_onchip_U_ram_reg_59_       3.9900     0.0      0.0000       3.9900 0.0000 SNPS_CLOCK_GATE_HIGH_tinytpu_isa_dma_ld_0_1_583
dma_ld_0_1_U0/clk_gate_a_onchip_U_ram_reg_5_       3.9900     0.0      0.0000       3.9900 0.0000 SNPS_CLOCK_GATE_HIGH_tinytpu_isa_dma_ld_0_1_529
dma_ld_0_1_U0/clk_gate_a_onchip_U_ram_reg_60_       3.9900     0.0      0.0000       3.9900 0.0000 SNPS_CLOCK_GATE_HIGH_tinytpu_isa_dma_ld_0_1_584
dma_ld_0_1_U0/clk_gate_a_onchip_U_ram_reg_61_       3.9900     0.0      0.0000       3.9900 0.0000 SNPS_CLOCK_GATE_HIGH_tinytpu_isa_dma_ld_0_1_585
dma_ld_0_1_U0/clk_gate_a_onchip_U_ram_reg_62_       3.9900     0.0      0.0000       3.9900 0.0000 SNPS_CLOCK_GATE_HIGH_tinytpu_isa_dma_ld_0_1_586
dma_ld_0_1_U0/clk_gate_a_onchip_U_ram_reg_63_       3.9900     0.0      0.0000       3.9900 0.0000 SNPS_CLOCK_GATE_HIGH_tinytpu_isa_dma_ld_0_1_587
dma_ld_0_1_U0/clk_gate_a_onchip_U_ram_reg_64_       3.9900     0.0      0.0000       3.9900 0.0000 SNPS_CLOCK_GATE_HIGH_tinytpu_isa_dma_ld_0_1_588
dma_ld_0_1_U0/clk_gate_a_onchip_U_ram_reg_65_       3.9900     0.0      0.0000       3.9900 0.0000 SNPS_CLOCK_GATE_HIGH_tinytpu_isa_dma_ld_0_1_589
dma_ld_0_1_U0/clk_gate_a_onchip_U_ram_reg_66_       3.9900     0.0      0.0000       3.9900 0.0000 SNPS_CLOCK_GATE_HIGH_tinytpu_isa_dma_ld_0_1_590
dma_ld_0_1_U0/clk_gate_a_onchip_U_ram_reg_67_       3.9900     0.0      0.0000       3.9900 0.0000 SNPS_CLOCK_GATE_HIGH_tinytpu_isa_dma_ld_0_1_591
dma_ld_0_1_U0/clk_gate_a_onchip_U_ram_reg_68_       3.9900     0.0      0.0000       3.9900 0.0000 SNPS_CLOCK_GATE_HIGH_tinytpu_isa_dma_ld_0_1_592
dma_ld_0_1_U0/clk_gate_a_onchip_U_ram_reg_69_       3.9900     0.0      0.0000       3.9900 0.0000 SNPS_CLOCK_GATE_HIGH_tinytpu_isa_dma_ld_0_1_593
dma_ld_0_1_U0/clk_gate_a_onchip_U_ram_reg_6_       3.9900     0.0      0.0000       3.9900 0.0000 SNPS_CLOCK_GATE_HIGH_tinytpu_isa_dma_ld_0_1_530
dma_ld_0_1_U0/clk_gate_a_onchip_U_ram_reg_70_       3.9900     0.0      0.0000       3.9900 0.0000 SNPS_CLOCK_GATE_HIGH_tinytpu_isa_dma_ld_0_1_594
dma_ld_0_1_U0/clk_gate_a_onchip_U_ram_reg_71_       3.9900     0.0      0.0000       3.9900 0.0000 SNPS_CLOCK_GATE_HIGH_tinytpu_isa_dma_ld_0_1_595
dma_ld_0_1_U0/clk_gate_a_onchip_U_ram_reg_72_       3.9900     0.0      0.0000       3.9900 0.0000 SNPS_CLOCK_GATE_HIGH_tinytpu_isa_dma_ld_0_1_596
dma_ld_0_1_U0/clk_gate_a_onchip_U_ram_reg_73_       3.9900     0.0      0.0000       3.9900 0.0000 SNPS_CLOCK_GATE_HIGH_tinytpu_isa_dma_ld_0_1_597
dma_ld_0_1_U0/clk_gate_a_onchip_U_ram_reg_74_       3.9900     0.0      0.0000       3.9900 0.0000 SNPS_CLOCK_GATE_HIGH_tinytpu_isa_dma_ld_0_1_598
dma_ld_0_1_U0/clk_gate_a_onchip_U_ram_reg_75_       3.9900     0.0      0.0000       3.9900 0.0000 SNPS_CLOCK_GATE_HIGH_tinytpu_isa_dma_ld_0_1_599
dma_ld_0_1_U0/clk_gate_a_onchip_U_ram_reg_76_       3.9900     0.0      0.0000       3.9900 0.0000 SNPS_CLOCK_GATE_HIGH_tinytpu_isa_dma_ld_0_1_600
dma_ld_0_1_U0/clk_gate_a_onchip_U_ram_reg_77_       3.9900     0.0      0.0000       3.9900 0.0000 SNPS_CLOCK_GATE_HIGH_tinytpu_isa_dma_ld_0_1_601
dma_ld_0_1_U0/clk_gate_a_onchip_U_ram_reg_78_       3.9900     0.0      0.0000       3.9900 0.0000 SNPS_CLOCK_GATE_HIGH_tinytpu_isa_dma_ld_0_1_602
dma_ld_0_1_U0/clk_gate_a_onchip_U_ram_reg_79_       3.9900     0.0      0.0000       3.9900 0.0000 SNPS_CLOCK_GATE_HIGH_tinytpu_isa_dma_ld_0_1_603
dma_ld_0_1_U0/clk_gate_a_onchip_U_ram_reg_7_       3.9900     0.0      0.0000       3.9900 0.0000 SNPS_CLOCK_GATE_HIGH_tinytpu_isa_dma_ld_0_1_531
dma_ld_0_1_U0/clk_gate_a_onchip_U_ram_reg_80_       3.9900     0.0      0.0000       3.9900 0.0000 SNPS_CLOCK_GATE_HIGH_tinytpu_isa_dma_ld_0_1_604
dma_ld_0_1_U0/clk_gate_a_onchip_U_ram_reg_81_       3.9900     0.0      0.0000       3.9900 0.0000 SNPS_CLOCK_GATE_HIGH_tinytpu_isa_dma_ld_0_1_605
dma_ld_0_1_U0/clk_gate_a_onchip_U_ram_reg_82_       3.9900     0.0      0.0000       3.9900 0.0000 SNPS_CLOCK_GATE_HIGH_tinytpu_isa_dma_ld_0_1_606
dma_ld_0_1_U0/clk_gate_a_onchip_U_ram_reg_83_       3.9900     0.0      0.0000       3.9900 0.0000 SNPS_CLOCK_GATE_HIGH_tinytpu_isa_dma_ld_0_1_607
dma_ld_0_1_U0/clk_gate_a_onchip_U_ram_reg_84_       3.9900     0.0      0.0000       3.9900 0.0000 SNPS_CLOCK_GATE_HIGH_tinytpu_isa_dma_ld_0_1_608
dma_ld_0_1_U0/clk_gate_a_onchip_U_ram_reg_85_       3.9900     0.0      0.0000       3.9900 0.0000 SNPS_CLOCK_GATE_HIGH_tinytpu_isa_dma_ld_0_1_609
dma_ld_0_1_U0/clk_gate_a_onchip_U_ram_reg_86_       3.9900     0.0      0.0000       3.9900 0.0000 SNPS_CLOCK_GATE_HIGH_tinytpu_isa_dma_ld_0_1_610
dma_ld_0_1_U0/clk_gate_a_onchip_U_ram_reg_87_       3.9900     0.0      0.0000       3.9900 0.0000 SNPS_CLOCK_GATE_HIGH_tinytpu_isa_dma_ld_0_1_611
dma_ld_0_1_U0/clk_gate_a_onchip_U_ram_reg_88_       3.9900     0.0      0.0000       3.9900 0.0000 SNPS_CLOCK_GATE_HIGH_tinytpu_isa_dma_ld_0_1_612
dma_ld_0_1_U0/clk_gate_a_onchip_U_ram_reg_89_       3.9900     0.0      0.0000       3.9900 0.0000 SNPS_CLOCK_GATE_HIGH_tinytpu_isa_dma_ld_0_1_613
dma_ld_0_1_U0/clk_gate_a_onchip_U_ram_reg_8_       3.9900     0.0      0.0000       3.9900 0.0000 SNPS_CLOCK_GATE_HIGH_tinytpu_isa_dma_ld_0_1_532
dma_ld_0_1_U0/clk_gate_a_onchip_U_ram_reg_90_       3.9900     0.0      0.0000       3.9900 0.0000 SNPS_CLOCK_GATE_HIGH_tinytpu_isa_dma_ld_0_1_614
dma_ld_0_1_U0/clk_gate_a_onchip_U_ram_reg_91_       3.9900     0.0      0.0000       3.9900 0.0000 SNPS_CLOCK_GATE_HIGH_tinytpu_isa_dma_ld_0_1_615
dma_ld_0_1_U0/clk_gate_a_onchip_U_ram_reg_92_       3.9900     0.0      0.0000       3.9900 0.0000 SNPS_CLOCK_GATE_HIGH_tinytpu_isa_dma_ld_0_1_616
dma_ld_0_1_U0/clk_gate_a_onchip_U_ram_reg_93_       3.9900     0.0      0.0000       3.9900 0.0000 SNPS_CLOCK_GATE_HIGH_tinytpu_isa_dma_ld_0_1_617
dma_ld_0_1_U0/clk_gate_a_onchip_U_ram_reg_94_       3.9900     0.0      0.0000       3.9900 0.0000 SNPS_CLOCK_GATE_HIGH_tinytpu_isa_dma_ld_0_1_618
dma_ld_0_1_U0/clk_gate_a_onchip_U_ram_reg_95_       3.9900     0.0      0.0000       3.9900 0.0000 SNPS_CLOCK_GATE_HIGH_tinytpu_isa_dma_ld_0_1_619
dma_ld_0_1_U0/clk_gate_a_onchip_U_ram_reg_96_       3.9900     0.0      0.0000       3.9900 0.0000 SNPS_CLOCK_GATE_HIGH_tinytpu_isa_dma_ld_0_1_620
dma_ld_0_1_U0/clk_gate_a_onchip_U_ram_reg_97_       3.9900     0.0      0.0000       3.9900 0.0000 SNPS_CLOCK_GATE_HIGH_tinytpu_isa_dma_ld_0_1_621
dma_ld_0_1_U0/clk_gate_a_onchip_U_ram_reg_98_       3.9900     0.0      0.0000       3.9900 0.0000 SNPS_CLOCK_GATE_HIGH_tinytpu_isa_dma_ld_0_1_622
dma_ld_0_1_U0/clk_gate_a_onchip_U_ram_reg_99_       3.9900     0.0      0.0000       3.9900 0.0000 SNPS_CLOCK_GATE_HIGH_tinytpu_isa_dma_ld_0_1_623
dma_ld_0_1_U0/clk_gate_a_onchip_U_ram_reg_9_       3.9900     0.0      0.0000       3.9900 0.0000 SNPS_CLOCK_GATE_HIGH_tinytpu_isa_dma_ld_0_1_533
dma_ld_0_1_U0/clk_gate_b_onchip_U_q0_reg       3.9900     0.0      0.0000       3.9900 0.0000 SNPS_CLOCK_GATE_HIGH_tinytpu_isa_dma_ld_0_1_9
dma_ld_0_1_U0/clk_gate_b_onchip_U_ram_reg_0_       3.9900     0.0      0.0000       3.9900 0.0000 SNPS_CLOCK_GATE_HIGH_tinytpu_isa_dma_ld_0_1_10
dma_ld_0_1_U0/clk_gate_b_onchip_U_ram_reg_100_       3.9900     0.0      0.0000       3.9900 0.0000 SNPS_CLOCK_GATE_HIGH_tinytpu_isa_dma_ld_0_1_110
dma_ld_0_1_U0/clk_gate_b_onchip_U_ram_reg_101_       3.9900     0.0      0.0000       3.9900 0.0000 SNPS_CLOCK_GATE_HIGH_tinytpu_isa_dma_ld_0_1_111
dma_ld_0_1_U0/clk_gate_b_onchip_U_ram_reg_102_       3.9900     0.0      0.0000       3.9900 0.0000 SNPS_CLOCK_GATE_HIGH_tinytpu_isa_dma_ld_0_1_112
dma_ld_0_1_U0/clk_gate_b_onchip_U_ram_reg_103_       3.9900     0.0      0.0000       3.9900 0.0000 SNPS_CLOCK_GATE_HIGH_tinytpu_isa_dma_ld_0_1_113
dma_ld_0_1_U0/clk_gate_b_onchip_U_ram_reg_104_       3.9900     0.0      0.0000       3.9900 0.0000 SNPS_CLOCK_GATE_HIGH_tinytpu_isa_dma_ld_0_1_114
dma_ld_0_1_U0/clk_gate_b_onchip_U_ram_reg_105_       3.9900     0.0      0.0000       3.9900 0.0000 SNPS_CLOCK_GATE_HIGH_tinytpu_isa_dma_ld_0_1_115
dma_ld_0_1_U0/clk_gate_b_onchip_U_ram_reg_106_       3.9900     0.0      0.0000       3.9900 0.0000 SNPS_CLOCK_GATE_HIGH_tinytpu_isa_dma_ld_0_1_116
dma_ld_0_1_U0/clk_gate_b_onchip_U_ram_reg_107_       3.9900     0.0      0.0000       3.9900 0.0000 SNPS_CLOCK_GATE_HIGH_tinytpu_isa_dma_ld_0_1_117
dma_ld_0_1_U0/clk_gate_b_onchip_U_ram_reg_108_       3.9900     0.0      0.0000       3.9900 0.0000 SNPS_CLOCK_GATE_HIGH_tinytpu_isa_dma_ld_0_1_118
dma_ld_0_1_U0/clk_gate_b_onchip_U_ram_reg_109_       3.9900     0.0      0.0000       3.9900 0.0000 SNPS_CLOCK_GATE_HIGH_tinytpu_isa_dma_ld_0_1_119
dma_ld_0_1_U0/clk_gate_b_onchip_U_ram_reg_10_       3.9900     0.0      0.0000       3.9900 0.0000 SNPS_CLOCK_GATE_HIGH_tinytpu_isa_dma_ld_0_1_20
dma_ld_0_1_U0/clk_gate_b_onchip_U_ram_reg_110_       3.9900     0.0      0.0000       3.9900 0.0000 SNPS_CLOCK_GATE_HIGH_tinytpu_isa_dma_ld_0_1_120
dma_ld_0_1_U0/clk_gate_b_onchip_U_ram_reg_111_       3.9900     0.0      0.0000       3.9900 0.0000 SNPS_CLOCK_GATE_HIGH_tinytpu_isa_dma_ld_0_1_121
dma_ld_0_1_U0/clk_gate_b_onchip_U_ram_reg_112_       3.9900     0.0      0.0000       3.9900 0.0000 SNPS_CLOCK_GATE_HIGH_tinytpu_isa_dma_ld_0_1_122
dma_ld_0_1_U0/clk_gate_b_onchip_U_ram_reg_113_       3.9900     0.0      0.0000       3.9900 0.0000 SNPS_CLOCK_GATE_HIGH_tinytpu_isa_dma_ld_0_1_123
dma_ld_0_1_U0/clk_gate_b_onchip_U_ram_reg_114_       3.9900     0.0      0.0000       3.9900 0.0000 SNPS_CLOCK_GATE_HIGH_tinytpu_isa_dma_ld_0_1_124
dma_ld_0_1_U0/clk_gate_b_onchip_U_ram_reg_115_       3.9900     0.0      0.0000       3.9900 0.0000 SNPS_CLOCK_GATE_HIGH_tinytpu_isa_dma_ld_0_1_125
dma_ld_0_1_U0/clk_gate_b_onchip_U_ram_reg_116_       3.9900     0.0      0.0000       3.9900 0.0000 SNPS_CLOCK_GATE_HIGH_tinytpu_isa_dma_ld_0_1_126
dma_ld_0_1_U0/clk_gate_b_onchip_U_ram_reg_117_       3.9900     0.0      0.0000       3.9900 0.0000 SNPS_CLOCK_GATE_HIGH_tinytpu_isa_dma_ld_0_1_127
dma_ld_0_1_U0/clk_gate_b_onchip_U_ram_reg_118_       3.9900     0.0      0.0000       3.9900 0.0000 SNPS_CLOCK_GATE_HIGH_tinytpu_isa_dma_ld_0_1_128
dma_ld_0_1_U0/clk_gate_b_onchip_U_ram_reg_119_       3.9900     0.0      0.0000       3.9900 0.0000 SNPS_CLOCK_GATE_HIGH_tinytpu_isa_dma_ld_0_1_129
dma_ld_0_1_U0/clk_gate_b_onchip_U_ram_reg_11_       3.9900     0.0      0.0000       3.9900 0.0000 SNPS_CLOCK_GATE_HIGH_tinytpu_isa_dma_ld_0_1_21
dma_ld_0_1_U0/clk_gate_b_onchip_U_ram_reg_120_       3.9900     0.0      0.0000       3.9900 0.0000 SNPS_CLOCK_GATE_HIGH_tinytpu_isa_dma_ld_0_1_130
dma_ld_0_1_U0/clk_gate_b_onchip_U_ram_reg_121_       3.9900     0.0      0.0000       3.9900 0.0000 SNPS_CLOCK_GATE_HIGH_tinytpu_isa_dma_ld_0_1_131
dma_ld_0_1_U0/clk_gate_b_onchip_U_ram_reg_122_       3.9900     0.0      0.0000       3.9900 0.0000 SNPS_CLOCK_GATE_HIGH_tinytpu_isa_dma_ld_0_1_132
dma_ld_0_1_U0/clk_gate_b_onchip_U_ram_reg_123_       3.9900     0.0      0.0000       3.9900 0.0000 SNPS_CLOCK_GATE_HIGH_tinytpu_isa_dma_ld_0_1_133
dma_ld_0_1_U0/clk_gate_b_onchip_U_ram_reg_124_       3.9900     0.0      0.0000       3.9900 0.0000 SNPS_CLOCK_GATE_HIGH_tinytpu_isa_dma_ld_0_1_134
dma_ld_0_1_U0/clk_gate_b_onchip_U_ram_reg_125_       3.9900     0.0      0.0000       3.9900 0.0000 SNPS_CLOCK_GATE_HIGH_tinytpu_isa_dma_ld_0_1_135
dma_ld_0_1_U0/clk_gate_b_onchip_U_ram_reg_126_       3.9900     0.0      0.0000       3.9900 0.0000 SNPS_CLOCK_GATE_HIGH_tinytpu_isa_dma_ld_0_1_136
dma_ld_0_1_U0/clk_gate_b_onchip_U_ram_reg_127_       3.9900     0.0      0.0000       3.9900 0.0000 SNPS_CLOCK_GATE_HIGH_tinytpu_isa_dma_ld_0_1_137
dma_ld_0_1_U0/clk_gate_b_onchip_U_ram_reg_128_       3.9900     0.0      0.0000       3.9900 0.0000 SNPS_CLOCK_GATE_HIGH_tinytpu_isa_dma_ld_0_1_138
dma_ld_0_1_U0/clk_gate_b_onchip_U_ram_reg_129_       3.9900     0.0      0.0000       3.9900 0.0000 SNPS_CLOCK_GATE_HIGH_tinytpu_isa_dma_ld_0_1_139
dma_ld_0_1_U0/clk_gate_b_onchip_U_ram_reg_12_       3.9900     0.0      0.0000       3.9900 0.0000 SNPS_CLOCK_GATE_HIGH_tinytpu_isa_dma_ld_0_1_22
dma_ld_0_1_U0/clk_gate_b_onchip_U_ram_reg_130_       3.9900     0.0      0.0000       3.9900 0.0000 SNPS_CLOCK_GATE_HIGH_tinytpu_isa_dma_ld_0_1_140
dma_ld_0_1_U0/clk_gate_b_onchip_U_ram_reg_131_       3.9900     0.0      0.0000       3.9900 0.0000 SNPS_CLOCK_GATE_HIGH_tinytpu_isa_dma_ld_0_1_141
dma_ld_0_1_U0/clk_gate_b_onchip_U_ram_reg_132_       3.9900     0.0      0.0000       3.9900 0.0000 SNPS_CLOCK_GATE_HIGH_tinytpu_isa_dma_ld_0_1_142
dma_ld_0_1_U0/clk_gate_b_onchip_U_ram_reg_133_       3.9900     0.0      0.0000       3.9900 0.0000 SNPS_CLOCK_GATE_HIGH_tinytpu_isa_dma_ld_0_1_143
dma_ld_0_1_U0/clk_gate_b_onchip_U_ram_reg_134_       3.9900     0.0      0.0000       3.9900 0.0000 SNPS_CLOCK_GATE_HIGH_tinytpu_isa_dma_ld_0_1_144
dma_ld_0_1_U0/clk_gate_b_onchip_U_ram_reg_135_       3.9900     0.0      0.0000       3.9900 0.0000 SNPS_CLOCK_GATE_HIGH_tinytpu_isa_dma_ld_0_1_145
dma_ld_0_1_U0/clk_gate_b_onchip_U_ram_reg_136_       3.9900     0.0      0.0000       3.9900 0.0000 SNPS_CLOCK_GATE_HIGH_tinytpu_isa_dma_ld_0_1_146
dma_ld_0_1_U0/clk_gate_b_onchip_U_ram_reg_137_       3.9900     0.0      0.0000       3.9900 0.0000 SNPS_CLOCK_GATE_HIGH_tinytpu_isa_dma_ld_0_1_147
dma_ld_0_1_U0/clk_gate_b_onchip_U_ram_reg_138_       3.9900     0.0      0.0000       3.9900 0.0000 SNPS_CLOCK_GATE_HIGH_tinytpu_isa_dma_ld_0_1_148
dma_ld_0_1_U0/clk_gate_b_onchip_U_ram_reg_139_       3.9900     0.0      0.0000       3.9900 0.0000 SNPS_CLOCK_GATE_HIGH_tinytpu_isa_dma_ld_0_1_149
dma_ld_0_1_U0/clk_gate_b_onchip_U_ram_reg_13_       3.9900     0.0      0.0000       3.9900 0.0000 SNPS_CLOCK_GATE_HIGH_tinytpu_isa_dma_ld_0_1_23
dma_ld_0_1_U0/clk_gate_b_onchip_U_ram_reg_140_       3.9900     0.0      0.0000       3.9900 0.0000 SNPS_CLOCK_GATE_HIGH_tinytpu_isa_dma_ld_0_1_150
dma_ld_0_1_U0/clk_gate_b_onchip_U_ram_reg_141_       3.9900     0.0      0.0000       3.9900 0.0000 SNPS_CLOCK_GATE_HIGH_tinytpu_isa_dma_ld_0_1_151
dma_ld_0_1_U0/clk_gate_b_onchip_U_ram_reg_142_       3.9900     0.0      0.0000       3.9900 0.0000 SNPS_CLOCK_GATE_HIGH_tinytpu_isa_dma_ld_0_1_152
dma_ld_0_1_U0/clk_gate_b_onchip_U_ram_reg_143_       3.9900     0.0      0.0000       3.9900 0.0000 SNPS_CLOCK_GATE_HIGH_tinytpu_isa_dma_ld_0_1_153
dma_ld_0_1_U0/clk_gate_b_onchip_U_ram_reg_144_       3.9900     0.0      0.0000       3.9900 0.0000 SNPS_CLOCK_GATE_HIGH_tinytpu_isa_dma_ld_0_1_154
dma_ld_0_1_U0/clk_gate_b_onchip_U_ram_reg_145_       3.9900     0.0      0.0000       3.9900 0.0000 SNPS_CLOCK_GATE_HIGH_tinytpu_isa_dma_ld_0_1_155
dma_ld_0_1_U0/clk_gate_b_onchip_U_ram_reg_146_       3.9900     0.0      0.0000       3.9900 0.0000 SNPS_CLOCK_GATE_HIGH_tinytpu_isa_dma_ld_0_1_156
dma_ld_0_1_U0/clk_gate_b_onchip_U_ram_reg_147_       3.9900     0.0      0.0000       3.9900 0.0000 SNPS_CLOCK_GATE_HIGH_tinytpu_isa_dma_ld_0_1_157
dma_ld_0_1_U0/clk_gate_b_onchip_U_ram_reg_148_       3.9900     0.0      0.0000       3.9900 0.0000 SNPS_CLOCK_GATE_HIGH_tinytpu_isa_dma_ld_0_1_158
dma_ld_0_1_U0/clk_gate_b_onchip_U_ram_reg_149_       3.9900     0.0      0.0000       3.9900 0.0000 SNPS_CLOCK_GATE_HIGH_tinytpu_isa_dma_ld_0_1_159
dma_ld_0_1_U0/clk_gate_b_onchip_U_ram_reg_14_       3.9900     0.0      0.0000       3.9900 0.0000 SNPS_CLOCK_GATE_HIGH_tinytpu_isa_dma_ld_0_1_24
dma_ld_0_1_U0/clk_gate_b_onchip_U_ram_reg_150_       3.9900     0.0      0.0000       3.9900 0.0000 SNPS_CLOCK_GATE_HIGH_tinytpu_isa_dma_ld_0_1_160
dma_ld_0_1_U0/clk_gate_b_onchip_U_ram_reg_151_       3.9900     0.0      0.0000       3.9900 0.0000 SNPS_CLOCK_GATE_HIGH_tinytpu_isa_dma_ld_0_1_161
dma_ld_0_1_U0/clk_gate_b_onchip_U_ram_reg_152_       3.9900     0.0      0.0000       3.9900 0.0000 SNPS_CLOCK_GATE_HIGH_tinytpu_isa_dma_ld_0_1_162
dma_ld_0_1_U0/clk_gate_b_onchip_U_ram_reg_153_       3.9900     0.0      0.0000       3.9900 0.0000 SNPS_CLOCK_GATE_HIGH_tinytpu_isa_dma_ld_0_1_163
dma_ld_0_1_U0/clk_gate_b_onchip_U_ram_reg_154_       3.9900     0.0      0.0000       3.9900 0.0000 SNPS_CLOCK_GATE_HIGH_tinytpu_isa_dma_ld_0_1_164
dma_ld_0_1_U0/clk_gate_b_onchip_U_ram_reg_155_       3.9900     0.0      0.0000       3.9900 0.0000 SNPS_CLOCK_GATE_HIGH_tinytpu_isa_dma_ld_0_1_165
dma_ld_0_1_U0/clk_gate_b_onchip_U_ram_reg_156_       3.9900     0.0      0.0000       3.9900 0.0000 SNPS_CLOCK_GATE_HIGH_tinytpu_isa_dma_ld_0_1_166
dma_ld_0_1_U0/clk_gate_b_onchip_U_ram_reg_157_       3.9900     0.0      0.0000       3.9900 0.0000 SNPS_CLOCK_GATE_HIGH_tinytpu_isa_dma_ld_0_1_167
dma_ld_0_1_U0/clk_gate_b_onchip_U_ram_reg_158_       3.9900     0.0      0.0000       3.9900 0.0000 SNPS_CLOCK_GATE_HIGH_tinytpu_isa_dma_ld_0_1_168
dma_ld_0_1_U0/clk_gate_b_onchip_U_ram_reg_159_       3.9900     0.0      0.0000       3.9900 0.0000 SNPS_CLOCK_GATE_HIGH_tinytpu_isa_dma_ld_0_1_169
dma_ld_0_1_U0/clk_gate_b_onchip_U_ram_reg_15_       3.9900     0.0      0.0000       3.9900 0.0000 SNPS_CLOCK_GATE_HIGH_tinytpu_isa_dma_ld_0_1_25
dma_ld_0_1_U0/clk_gate_b_onchip_U_ram_reg_160_       3.9900     0.0      0.0000       3.9900 0.0000 SNPS_CLOCK_GATE_HIGH_tinytpu_isa_dma_ld_0_1_170
dma_ld_0_1_U0/clk_gate_b_onchip_U_ram_reg_161_       3.9900     0.0      0.0000       3.9900 0.0000 SNPS_CLOCK_GATE_HIGH_tinytpu_isa_dma_ld_0_1_171
dma_ld_0_1_U0/clk_gate_b_onchip_U_ram_reg_162_       3.9900     0.0      0.0000       3.9900 0.0000 SNPS_CLOCK_GATE_HIGH_tinytpu_isa_dma_ld_0_1_172
dma_ld_0_1_U0/clk_gate_b_onchip_U_ram_reg_163_       3.9900     0.0      0.0000       3.9900 0.0000 SNPS_CLOCK_GATE_HIGH_tinytpu_isa_dma_ld_0_1_173
dma_ld_0_1_U0/clk_gate_b_onchip_U_ram_reg_164_       3.9900     0.0      0.0000       3.9900 0.0000 SNPS_CLOCK_GATE_HIGH_tinytpu_isa_dma_ld_0_1_174
dma_ld_0_1_U0/clk_gate_b_onchip_U_ram_reg_165_       3.9900     0.0      0.0000       3.9900 0.0000 SNPS_CLOCK_GATE_HIGH_tinytpu_isa_dma_ld_0_1_175
dma_ld_0_1_U0/clk_gate_b_onchip_U_ram_reg_166_       3.9900     0.0      0.0000       3.9900 0.0000 SNPS_CLOCK_GATE_HIGH_tinytpu_isa_dma_ld_0_1_176
dma_ld_0_1_U0/clk_gate_b_onchip_U_ram_reg_167_       3.9900     0.0      0.0000       3.9900 0.0000 SNPS_CLOCK_GATE_HIGH_tinytpu_isa_dma_ld_0_1_177
dma_ld_0_1_U0/clk_gate_b_onchip_U_ram_reg_168_       3.9900     0.0      0.0000       3.9900 0.0000 SNPS_CLOCK_GATE_HIGH_tinytpu_isa_dma_ld_0_1_178
dma_ld_0_1_U0/clk_gate_b_onchip_U_ram_reg_169_       3.9900     0.0      0.0000       3.9900 0.0000 SNPS_CLOCK_GATE_HIGH_tinytpu_isa_dma_ld_0_1_179
dma_ld_0_1_U0/clk_gate_b_onchip_U_ram_reg_16_       3.9900     0.0      0.0000       3.9900 0.0000 SNPS_CLOCK_GATE_HIGH_tinytpu_isa_dma_ld_0_1_26
dma_ld_0_1_U0/clk_gate_b_onchip_U_ram_reg_170_       3.9900     0.0      0.0000       3.9900 0.0000 SNPS_CLOCK_GATE_HIGH_tinytpu_isa_dma_ld_0_1_180
dma_ld_0_1_U0/clk_gate_b_onchip_U_ram_reg_171_       3.9900     0.0      0.0000       3.9900 0.0000 SNPS_CLOCK_GATE_HIGH_tinytpu_isa_dma_ld_0_1_181
dma_ld_0_1_U0/clk_gate_b_onchip_U_ram_reg_172_       3.9900     0.0      0.0000       3.9900 0.0000 SNPS_CLOCK_GATE_HIGH_tinytpu_isa_dma_ld_0_1_182
dma_ld_0_1_U0/clk_gate_b_onchip_U_ram_reg_173_       3.9900     0.0      0.0000       3.9900 0.0000 SNPS_CLOCK_GATE_HIGH_tinytpu_isa_dma_ld_0_1_183
dma_ld_0_1_U0/clk_gate_b_onchip_U_ram_reg_174_       3.9900     0.0      0.0000       3.9900 0.0000 SNPS_CLOCK_GATE_HIGH_tinytpu_isa_dma_ld_0_1_184
dma_ld_0_1_U0/clk_gate_b_onchip_U_ram_reg_175_       3.9900     0.0      0.0000       3.9900 0.0000 SNPS_CLOCK_GATE_HIGH_tinytpu_isa_dma_ld_0_1_185
dma_ld_0_1_U0/clk_gate_b_onchip_U_ram_reg_176_       3.9900     0.0      0.0000       3.9900 0.0000 SNPS_CLOCK_GATE_HIGH_tinytpu_isa_dma_ld_0_1_186
dma_ld_0_1_U0/clk_gate_b_onchip_U_ram_reg_177_       3.9900     0.0      0.0000       3.9900 0.0000 SNPS_CLOCK_GATE_HIGH_tinytpu_isa_dma_ld_0_1_187
dma_ld_0_1_U0/clk_gate_b_onchip_U_ram_reg_178_       3.9900     0.0      0.0000       3.9900 0.0000 SNPS_CLOCK_GATE_HIGH_tinytpu_isa_dma_ld_0_1_188
dma_ld_0_1_U0/clk_gate_b_onchip_U_ram_reg_179_       3.9900     0.0      0.0000       3.9900 0.0000 SNPS_CLOCK_GATE_HIGH_tinytpu_isa_dma_ld_0_1_189
dma_ld_0_1_U0/clk_gate_b_onchip_U_ram_reg_17_       3.9900     0.0      0.0000       3.9900 0.0000 SNPS_CLOCK_GATE_HIGH_tinytpu_isa_dma_ld_0_1_27
dma_ld_0_1_U0/clk_gate_b_onchip_U_ram_reg_180_       3.9900     0.0      0.0000       3.9900 0.0000 SNPS_CLOCK_GATE_HIGH_tinytpu_isa_dma_ld_0_1_190
dma_ld_0_1_U0/clk_gate_b_onchip_U_ram_reg_181_       3.9900     0.0      0.0000       3.9900 0.0000 SNPS_CLOCK_GATE_HIGH_tinytpu_isa_dma_ld_0_1_191
dma_ld_0_1_U0/clk_gate_b_onchip_U_ram_reg_182_       3.9900     0.0      0.0000       3.9900 0.0000 SNPS_CLOCK_GATE_HIGH_tinytpu_isa_dma_ld_0_1_192
dma_ld_0_1_U0/clk_gate_b_onchip_U_ram_reg_183_       3.9900     0.0      0.0000       3.9900 0.0000 SNPS_CLOCK_GATE_HIGH_tinytpu_isa_dma_ld_0_1_193
dma_ld_0_1_U0/clk_gate_b_onchip_U_ram_reg_184_       3.9900     0.0      0.0000       3.9900 0.0000 SNPS_CLOCK_GATE_HIGH_tinytpu_isa_dma_ld_0_1_194
dma_ld_0_1_U0/clk_gate_b_onchip_U_ram_reg_185_       3.9900     0.0      0.0000       3.9900 0.0000 SNPS_CLOCK_GATE_HIGH_tinytpu_isa_dma_ld_0_1_195
dma_ld_0_1_U0/clk_gate_b_onchip_U_ram_reg_186_       3.9900     0.0      0.0000       3.9900 0.0000 SNPS_CLOCK_GATE_HIGH_tinytpu_isa_dma_ld_0_1_196
dma_ld_0_1_U0/clk_gate_b_onchip_U_ram_reg_187_       3.9900     0.0      0.0000       3.9900 0.0000 SNPS_CLOCK_GATE_HIGH_tinytpu_isa_dma_ld_0_1_197
dma_ld_0_1_U0/clk_gate_b_onchip_U_ram_reg_188_       3.9900     0.0      0.0000       3.9900 0.0000 SNPS_CLOCK_GATE_HIGH_tinytpu_isa_dma_ld_0_1_198
dma_ld_0_1_U0/clk_gate_b_onchip_U_ram_reg_189_       3.9900     0.0      0.0000       3.9900 0.0000 SNPS_CLOCK_GATE_HIGH_tinytpu_isa_dma_ld_0_1_199
dma_ld_0_1_U0/clk_gate_b_onchip_U_ram_reg_18_       3.9900     0.0      0.0000       3.9900 0.0000 SNPS_CLOCK_GATE_HIGH_tinytpu_isa_dma_ld_0_1_28
dma_ld_0_1_U0/clk_gate_b_onchip_U_ram_reg_190_       3.9900     0.0      0.0000       3.9900 0.0000 SNPS_CLOCK_GATE_HIGH_tinytpu_isa_dma_ld_0_1_200
dma_ld_0_1_U0/clk_gate_b_onchip_U_ram_reg_191_       3.9900     0.0      0.0000       3.9900 0.0000 SNPS_CLOCK_GATE_HIGH_tinytpu_isa_dma_ld_0_1_201
dma_ld_0_1_U0/clk_gate_b_onchip_U_ram_reg_192_       3.9900     0.0      0.0000       3.9900 0.0000 SNPS_CLOCK_GATE_HIGH_tinytpu_isa_dma_ld_0_1_202
dma_ld_0_1_U0/clk_gate_b_onchip_U_ram_reg_193_       3.9900     0.0      0.0000       3.9900 0.0000 SNPS_CLOCK_GATE_HIGH_tinytpu_isa_dma_ld_0_1_203
dma_ld_0_1_U0/clk_gate_b_onchip_U_ram_reg_194_       3.9900     0.0      0.0000       3.9900 0.0000 SNPS_CLOCK_GATE_HIGH_tinytpu_isa_dma_ld_0_1_204
dma_ld_0_1_U0/clk_gate_b_onchip_U_ram_reg_195_       3.9900     0.0      0.0000       3.9900 0.0000 SNPS_CLOCK_GATE_HIGH_tinytpu_isa_dma_ld_0_1_205
dma_ld_0_1_U0/clk_gate_b_onchip_U_ram_reg_196_       3.9900     0.0      0.0000       3.9900 0.0000 SNPS_CLOCK_GATE_HIGH_tinytpu_isa_dma_ld_0_1_206
dma_ld_0_1_U0/clk_gate_b_onchip_U_ram_reg_197_       3.9900     0.0      0.0000       3.9900 0.0000 SNPS_CLOCK_GATE_HIGH_tinytpu_isa_dma_ld_0_1_207
dma_ld_0_1_U0/clk_gate_b_onchip_U_ram_reg_198_       3.9900     0.0      0.0000       3.9900 0.0000 SNPS_CLOCK_GATE_HIGH_tinytpu_isa_dma_ld_0_1_208
dma_ld_0_1_U0/clk_gate_b_onchip_U_ram_reg_199_       3.9900     0.0      0.0000       3.9900 0.0000 SNPS_CLOCK_GATE_HIGH_tinytpu_isa_dma_ld_0_1_209
dma_ld_0_1_U0/clk_gate_b_onchip_U_ram_reg_19_       3.9900     0.0      0.0000       3.9900 0.0000 SNPS_CLOCK_GATE_HIGH_tinytpu_isa_dma_ld_0_1_29
dma_ld_0_1_U0/clk_gate_b_onchip_U_ram_reg_1_       3.9900     0.0      0.0000       3.9900 0.0000 SNPS_CLOCK_GATE_HIGH_tinytpu_isa_dma_ld_0_1_11
dma_ld_0_1_U0/clk_gate_b_onchip_U_ram_reg_200_       3.9900     0.0      0.0000       3.9900 0.0000 SNPS_CLOCK_GATE_HIGH_tinytpu_isa_dma_ld_0_1_210
dma_ld_0_1_U0/clk_gate_b_onchip_U_ram_reg_201_       3.9900     0.0      0.0000       3.9900 0.0000 SNPS_CLOCK_GATE_HIGH_tinytpu_isa_dma_ld_0_1_211
dma_ld_0_1_U0/clk_gate_b_onchip_U_ram_reg_202_       3.9900     0.0      0.0000       3.9900 0.0000 SNPS_CLOCK_GATE_HIGH_tinytpu_isa_dma_ld_0_1_212
dma_ld_0_1_U0/clk_gate_b_onchip_U_ram_reg_203_       3.9900     0.0      0.0000       3.9900 0.0000 SNPS_CLOCK_GATE_HIGH_tinytpu_isa_dma_ld_0_1_213
dma_ld_0_1_U0/clk_gate_b_onchip_U_ram_reg_204_       3.9900     0.0      0.0000       3.9900 0.0000 SNPS_CLOCK_GATE_HIGH_tinytpu_isa_dma_ld_0_1_214
dma_ld_0_1_U0/clk_gate_b_onchip_U_ram_reg_205_       3.9900     0.0      0.0000       3.9900 0.0000 SNPS_CLOCK_GATE_HIGH_tinytpu_isa_dma_ld_0_1_215
dma_ld_0_1_U0/clk_gate_b_onchip_U_ram_reg_206_       3.9900     0.0      0.0000       3.9900 0.0000 SNPS_CLOCK_GATE_HIGH_tinytpu_isa_dma_ld_0_1_216
dma_ld_0_1_U0/clk_gate_b_onchip_U_ram_reg_207_       3.9900     0.0      0.0000       3.9900 0.0000 SNPS_CLOCK_GATE_HIGH_tinytpu_isa_dma_ld_0_1_217
dma_ld_0_1_U0/clk_gate_b_onchip_U_ram_reg_208_       3.9900     0.0      0.0000       3.9900 0.0000 SNPS_CLOCK_GATE_HIGH_tinytpu_isa_dma_ld_0_1_218
dma_ld_0_1_U0/clk_gate_b_onchip_U_ram_reg_209_       3.9900     0.0      0.0000       3.9900 0.0000 SNPS_CLOCK_GATE_HIGH_tinytpu_isa_dma_ld_0_1_219
dma_ld_0_1_U0/clk_gate_b_onchip_U_ram_reg_20_       3.9900     0.0      0.0000       3.9900 0.0000 SNPS_CLOCK_GATE_HIGH_tinytpu_isa_dma_ld_0_1_30
dma_ld_0_1_U0/clk_gate_b_onchip_U_ram_reg_210_       3.9900     0.0      0.0000       3.9900 0.0000 SNPS_CLOCK_GATE_HIGH_tinytpu_isa_dma_ld_0_1_220
dma_ld_0_1_U0/clk_gate_b_onchip_U_ram_reg_211_       3.9900     0.0      0.0000       3.9900 0.0000 SNPS_CLOCK_GATE_HIGH_tinytpu_isa_dma_ld_0_1_221
dma_ld_0_1_U0/clk_gate_b_onchip_U_ram_reg_212_       3.9900     0.0      0.0000       3.9900 0.0000 SNPS_CLOCK_GATE_HIGH_tinytpu_isa_dma_ld_0_1_222
dma_ld_0_1_U0/clk_gate_b_onchip_U_ram_reg_213_       3.9900     0.0      0.0000       3.9900 0.0000 SNPS_CLOCK_GATE_HIGH_tinytpu_isa_dma_ld_0_1_223
dma_ld_0_1_U0/clk_gate_b_onchip_U_ram_reg_214_       3.9900     0.0      0.0000       3.9900 0.0000 SNPS_CLOCK_GATE_HIGH_tinytpu_isa_dma_ld_0_1_224
dma_ld_0_1_U0/clk_gate_b_onchip_U_ram_reg_215_       3.9900     0.0      0.0000       3.9900 0.0000 SNPS_CLOCK_GATE_HIGH_tinytpu_isa_dma_ld_0_1_225
dma_ld_0_1_U0/clk_gate_b_onchip_U_ram_reg_216_       3.9900     0.0      0.0000       3.9900 0.0000 SNPS_CLOCK_GATE_HIGH_tinytpu_isa_dma_ld_0_1_226
dma_ld_0_1_U0/clk_gate_b_onchip_U_ram_reg_217_       3.9900     0.0      0.0000       3.9900 0.0000 SNPS_CLOCK_GATE_HIGH_tinytpu_isa_dma_ld_0_1_227
dma_ld_0_1_U0/clk_gate_b_onchip_U_ram_reg_218_       3.9900     0.0      0.0000       3.9900 0.0000 SNPS_CLOCK_GATE_HIGH_tinytpu_isa_dma_ld_0_1_228
dma_ld_0_1_U0/clk_gate_b_onchip_U_ram_reg_219_       3.9900     0.0      0.0000       3.9900 0.0000 SNPS_CLOCK_GATE_HIGH_tinytpu_isa_dma_ld_0_1_229
dma_ld_0_1_U0/clk_gate_b_onchip_U_ram_reg_21_       3.9900     0.0      0.0000       3.9900 0.0000 SNPS_CLOCK_GATE_HIGH_tinytpu_isa_dma_ld_0_1_31
dma_ld_0_1_U0/clk_gate_b_onchip_U_ram_reg_220_       3.9900     0.0      0.0000       3.9900 0.0000 SNPS_CLOCK_GATE_HIGH_tinytpu_isa_dma_ld_0_1_230
dma_ld_0_1_U0/clk_gate_b_onchip_U_ram_reg_221_       3.9900     0.0      0.0000       3.9900 0.0000 SNPS_CLOCK_GATE_HIGH_tinytpu_isa_dma_ld_0_1_231
dma_ld_0_1_U0/clk_gate_b_onchip_U_ram_reg_222_       3.9900     0.0      0.0000       3.9900 0.0000 SNPS_CLOCK_GATE_HIGH_tinytpu_isa_dma_ld_0_1_232
dma_ld_0_1_U0/clk_gate_b_onchip_U_ram_reg_223_       3.9900     0.0      0.0000       3.9900 0.0000 SNPS_CLOCK_GATE_HIGH_tinytpu_isa_dma_ld_0_1_233
dma_ld_0_1_U0/clk_gate_b_onchip_U_ram_reg_224_       3.9900     0.0      0.0000       3.9900 0.0000 SNPS_CLOCK_GATE_HIGH_tinytpu_isa_dma_ld_0_1_234
dma_ld_0_1_U0/clk_gate_b_onchip_U_ram_reg_225_       3.9900     0.0      0.0000       3.9900 0.0000 SNPS_CLOCK_GATE_HIGH_tinytpu_isa_dma_ld_0_1_235
dma_ld_0_1_U0/clk_gate_b_onchip_U_ram_reg_226_       3.9900     0.0      0.0000       3.9900 0.0000 SNPS_CLOCK_GATE_HIGH_tinytpu_isa_dma_ld_0_1_236
dma_ld_0_1_U0/clk_gate_b_onchip_U_ram_reg_227_       3.9900     0.0      0.0000       3.9900 0.0000 SNPS_CLOCK_GATE_HIGH_tinytpu_isa_dma_ld_0_1_237
dma_ld_0_1_U0/clk_gate_b_onchip_U_ram_reg_228_       3.9900     0.0      0.0000       3.9900 0.0000 SNPS_CLOCK_GATE_HIGH_tinytpu_isa_dma_ld_0_1_238
dma_ld_0_1_U0/clk_gate_b_onchip_U_ram_reg_229_       3.9900     0.0      0.0000       3.9900 0.0000 SNPS_CLOCK_GATE_HIGH_tinytpu_isa_dma_ld_0_1_239
dma_ld_0_1_U0/clk_gate_b_onchip_U_ram_reg_22_       3.9900     0.0      0.0000       3.9900 0.0000 SNPS_CLOCK_GATE_HIGH_tinytpu_isa_dma_ld_0_1_32
dma_ld_0_1_U0/clk_gate_b_onchip_U_ram_reg_230_       3.9900     0.0      0.0000       3.9900 0.0000 SNPS_CLOCK_GATE_HIGH_tinytpu_isa_dma_ld_0_1_240
dma_ld_0_1_U0/clk_gate_b_onchip_U_ram_reg_231_       3.9900     0.0      0.0000       3.9900 0.0000 SNPS_CLOCK_GATE_HIGH_tinytpu_isa_dma_ld_0_1_241
dma_ld_0_1_U0/clk_gate_b_onchip_U_ram_reg_232_       3.9900     0.0      0.0000       3.9900 0.0000 SNPS_CLOCK_GATE_HIGH_tinytpu_isa_dma_ld_0_1_242
dma_ld_0_1_U0/clk_gate_b_onchip_U_ram_reg_233_       3.9900     0.0      0.0000       3.9900 0.0000 SNPS_CLOCK_GATE_HIGH_tinytpu_isa_dma_ld_0_1_243
dma_ld_0_1_U0/clk_gate_b_onchip_U_ram_reg_234_       3.9900     0.0      0.0000       3.9900 0.0000 SNPS_CLOCK_GATE_HIGH_tinytpu_isa_dma_ld_0_1_244
dma_ld_0_1_U0/clk_gate_b_onchip_U_ram_reg_235_       3.9900     0.0      0.0000       3.9900 0.0000 SNPS_CLOCK_GATE_HIGH_tinytpu_isa_dma_ld_0_1_245
dma_ld_0_1_U0/clk_gate_b_onchip_U_ram_reg_236_       3.9900     0.0      0.0000       3.9900 0.0000 SNPS_CLOCK_GATE_HIGH_tinytpu_isa_dma_ld_0_1_246
dma_ld_0_1_U0/clk_gate_b_onchip_U_ram_reg_237_       3.9900     0.0      0.0000       3.9900 0.0000 SNPS_CLOCK_GATE_HIGH_tinytpu_isa_dma_ld_0_1_247
dma_ld_0_1_U0/clk_gate_b_onchip_U_ram_reg_238_       3.9900     0.0      0.0000       3.9900 0.0000 SNPS_CLOCK_GATE_HIGH_tinytpu_isa_dma_ld_0_1_248
dma_ld_0_1_U0/clk_gate_b_onchip_U_ram_reg_239_       3.9900     0.0      0.0000       3.9900 0.0000 SNPS_CLOCK_GATE_HIGH_tinytpu_isa_dma_ld_0_1_249
dma_ld_0_1_U0/clk_gate_b_onchip_U_ram_reg_23_       3.9900     0.0      0.0000       3.9900 0.0000 SNPS_CLOCK_GATE_HIGH_tinytpu_isa_dma_ld_0_1_33
dma_ld_0_1_U0/clk_gate_b_onchip_U_ram_reg_240_       3.9900     0.0      0.0000       3.9900 0.0000 SNPS_CLOCK_GATE_HIGH_tinytpu_isa_dma_ld_0_1_250
dma_ld_0_1_U0/clk_gate_b_onchip_U_ram_reg_241_       3.9900     0.0      0.0000       3.9900 0.0000 SNPS_CLOCK_GATE_HIGH_tinytpu_isa_dma_ld_0_1_251
dma_ld_0_1_U0/clk_gate_b_onchip_U_ram_reg_242_       3.9900     0.0      0.0000       3.9900 0.0000 SNPS_CLOCK_GATE_HIGH_tinytpu_isa_dma_ld_0_1_252
dma_ld_0_1_U0/clk_gate_b_onchip_U_ram_reg_243_       3.9900     0.0      0.0000       3.9900 0.0000 SNPS_CLOCK_GATE_HIGH_tinytpu_isa_dma_ld_0_1_253
dma_ld_0_1_U0/clk_gate_b_onchip_U_ram_reg_244_       3.9900     0.0      0.0000       3.9900 0.0000 SNPS_CLOCK_GATE_HIGH_tinytpu_isa_dma_ld_0_1_254
dma_ld_0_1_U0/clk_gate_b_onchip_U_ram_reg_245_       3.9900     0.0      0.0000       3.9900 0.0000 SNPS_CLOCK_GATE_HIGH_tinytpu_isa_dma_ld_0_1_255
dma_ld_0_1_U0/clk_gate_b_onchip_U_ram_reg_246_       3.9900     0.0      0.0000       3.9900 0.0000 SNPS_CLOCK_GATE_HIGH_tinytpu_isa_dma_ld_0_1_256
dma_ld_0_1_U0/clk_gate_b_onchip_U_ram_reg_247_       3.9900     0.0      0.0000       3.9900 0.0000 SNPS_CLOCK_GATE_HIGH_tinytpu_isa_dma_ld_0_1_257
dma_ld_0_1_U0/clk_gate_b_onchip_U_ram_reg_248_       3.9900     0.0      0.0000       3.9900 0.0000 SNPS_CLOCK_GATE_HIGH_tinytpu_isa_dma_ld_0_1_258
dma_ld_0_1_U0/clk_gate_b_onchip_U_ram_reg_249_       3.9900     0.0      0.0000       3.9900 0.0000 SNPS_CLOCK_GATE_HIGH_tinytpu_isa_dma_ld_0_1_259
dma_ld_0_1_U0/clk_gate_b_onchip_U_ram_reg_24_       3.9900     0.0      0.0000       3.9900 0.0000 SNPS_CLOCK_GATE_HIGH_tinytpu_isa_dma_ld_0_1_34
dma_ld_0_1_U0/clk_gate_b_onchip_U_ram_reg_250_       3.9900     0.0      0.0000       3.9900 0.0000 SNPS_CLOCK_GATE_HIGH_tinytpu_isa_dma_ld_0_1_260
dma_ld_0_1_U0/clk_gate_b_onchip_U_ram_reg_251_       3.9900     0.0      0.0000       3.9900 0.0000 SNPS_CLOCK_GATE_HIGH_tinytpu_isa_dma_ld_0_1_261
dma_ld_0_1_U0/clk_gate_b_onchip_U_ram_reg_252_       3.9900     0.0      0.0000       3.9900 0.0000 SNPS_CLOCK_GATE_HIGH_tinytpu_isa_dma_ld_0_1_262
dma_ld_0_1_U0/clk_gate_b_onchip_U_ram_reg_253_       3.9900     0.0      0.0000       3.9900 0.0000 SNPS_CLOCK_GATE_HIGH_tinytpu_isa_dma_ld_0_1_263
dma_ld_0_1_U0/clk_gate_b_onchip_U_ram_reg_254_       3.9900     0.0      0.0000       3.9900 0.0000 SNPS_CLOCK_GATE_HIGH_tinytpu_isa_dma_ld_0_1_264
dma_ld_0_1_U0/clk_gate_b_onchip_U_ram_reg_255_       3.9900     0.0      0.0000       3.9900 0.0000 SNPS_CLOCK_GATE_HIGH_tinytpu_isa_dma_ld_0_1_265
dma_ld_0_1_U0/clk_gate_b_onchip_U_ram_reg_256_       3.9900     0.0      0.0000       3.9900 0.0000 SNPS_CLOCK_GATE_HIGH_tinytpu_isa_dma_ld_0_1_266
dma_ld_0_1_U0/clk_gate_b_onchip_U_ram_reg_257_       3.9900     0.0      0.0000       3.9900 0.0000 SNPS_CLOCK_GATE_HIGH_tinytpu_isa_dma_ld_0_1_267
dma_ld_0_1_U0/clk_gate_b_onchip_U_ram_reg_258_       3.9900     0.0      0.0000       3.9900 0.0000 SNPS_CLOCK_GATE_HIGH_tinytpu_isa_dma_ld_0_1_268
dma_ld_0_1_U0/clk_gate_b_onchip_U_ram_reg_259_       3.9900     0.0      0.0000       3.9900 0.0000 SNPS_CLOCK_GATE_HIGH_tinytpu_isa_dma_ld_0_1_269
dma_ld_0_1_U0/clk_gate_b_onchip_U_ram_reg_25_       3.9900     0.0      0.0000       3.9900 0.0000 SNPS_CLOCK_GATE_HIGH_tinytpu_isa_dma_ld_0_1_35
dma_ld_0_1_U0/clk_gate_b_onchip_U_ram_reg_260_       3.9900     0.0      0.0000       3.9900 0.0000 SNPS_CLOCK_GATE_HIGH_tinytpu_isa_dma_ld_0_1_270
dma_ld_0_1_U0/clk_gate_b_onchip_U_ram_reg_261_       3.9900     0.0      0.0000       3.9900 0.0000 SNPS_CLOCK_GATE_HIGH_tinytpu_isa_dma_ld_0_1_271
dma_ld_0_1_U0/clk_gate_b_onchip_U_ram_reg_262_       3.9900     0.0      0.0000       3.9900 0.0000 SNPS_CLOCK_GATE_HIGH_tinytpu_isa_dma_ld_0_1_272
dma_ld_0_1_U0/clk_gate_b_onchip_U_ram_reg_263_       3.9900     0.0      0.0000       3.9900 0.0000 SNPS_CLOCK_GATE_HIGH_tinytpu_isa_dma_ld_0_1_273
dma_ld_0_1_U0/clk_gate_b_onchip_U_ram_reg_264_       3.9900     0.0      0.0000       3.9900 0.0000 SNPS_CLOCK_GATE_HIGH_tinytpu_isa_dma_ld_0_1_274
dma_ld_0_1_U0/clk_gate_b_onchip_U_ram_reg_265_       3.9900     0.0      0.0000       3.9900 0.0000 SNPS_CLOCK_GATE_HIGH_tinytpu_isa_dma_ld_0_1_275
dma_ld_0_1_U0/clk_gate_b_onchip_U_ram_reg_266_       3.9900     0.0      0.0000       3.9900 0.0000 SNPS_CLOCK_GATE_HIGH_tinytpu_isa_dma_ld_0_1_276
dma_ld_0_1_U0/clk_gate_b_onchip_U_ram_reg_267_       3.9900     0.0      0.0000       3.9900 0.0000 SNPS_CLOCK_GATE_HIGH_tinytpu_isa_dma_ld_0_1_277
dma_ld_0_1_U0/clk_gate_b_onchip_U_ram_reg_268_       3.9900     0.0      0.0000       3.9900 0.0000 SNPS_CLOCK_GATE_HIGH_tinytpu_isa_dma_ld_0_1_278
dma_ld_0_1_U0/clk_gate_b_onchip_U_ram_reg_269_       3.9900     0.0      0.0000       3.9900 0.0000 SNPS_CLOCK_GATE_HIGH_tinytpu_isa_dma_ld_0_1_279
dma_ld_0_1_U0/clk_gate_b_onchip_U_ram_reg_26_       3.9900     0.0      0.0000       3.9900 0.0000 SNPS_CLOCK_GATE_HIGH_tinytpu_isa_dma_ld_0_1_36
dma_ld_0_1_U0/clk_gate_b_onchip_U_ram_reg_270_       3.9900     0.0      0.0000       3.9900 0.0000 SNPS_CLOCK_GATE_HIGH_tinytpu_isa_dma_ld_0_1_280
dma_ld_0_1_U0/clk_gate_b_onchip_U_ram_reg_271_       3.9900     0.0      0.0000       3.9900 0.0000 SNPS_CLOCK_GATE_HIGH_tinytpu_isa_dma_ld_0_1_281
dma_ld_0_1_U0/clk_gate_b_onchip_U_ram_reg_272_       3.9900     0.0      0.0000       3.9900 0.0000 SNPS_CLOCK_GATE_HIGH_tinytpu_isa_dma_ld_0_1_282
dma_ld_0_1_U0/clk_gate_b_onchip_U_ram_reg_273_       3.9900     0.0      0.0000       3.9900 0.0000 SNPS_CLOCK_GATE_HIGH_tinytpu_isa_dma_ld_0_1_283
dma_ld_0_1_U0/clk_gate_b_onchip_U_ram_reg_274_       3.9900     0.0      0.0000       3.9900 0.0000 SNPS_CLOCK_GATE_HIGH_tinytpu_isa_dma_ld_0_1_284
dma_ld_0_1_U0/clk_gate_b_onchip_U_ram_reg_275_       3.9900     0.0      0.0000       3.9900 0.0000 SNPS_CLOCK_GATE_HIGH_tinytpu_isa_dma_ld_0_1_285
dma_ld_0_1_U0/clk_gate_b_onchip_U_ram_reg_276_       3.9900     0.0      0.0000       3.9900 0.0000 SNPS_CLOCK_GATE_HIGH_tinytpu_isa_dma_ld_0_1_286
dma_ld_0_1_U0/clk_gate_b_onchip_U_ram_reg_277_       3.9900     0.0      0.0000       3.9900 0.0000 SNPS_CLOCK_GATE_HIGH_tinytpu_isa_dma_ld_0_1_287
dma_ld_0_1_U0/clk_gate_b_onchip_U_ram_reg_278_       3.9900     0.0      0.0000       3.9900 0.0000 SNPS_CLOCK_GATE_HIGH_tinytpu_isa_dma_ld_0_1_288
dma_ld_0_1_U0/clk_gate_b_onchip_U_ram_reg_279_       3.9900     0.0      0.0000       3.9900 0.0000 SNPS_CLOCK_GATE_HIGH_tinytpu_isa_dma_ld_0_1_289
dma_ld_0_1_U0/clk_gate_b_onchip_U_ram_reg_27_       3.9900     0.0      0.0000       3.9900 0.0000 SNPS_CLOCK_GATE_HIGH_tinytpu_isa_dma_ld_0_1_37
dma_ld_0_1_U0/clk_gate_b_onchip_U_ram_reg_280_       3.9900     0.0      0.0000       3.9900 0.0000 SNPS_CLOCK_GATE_HIGH_tinytpu_isa_dma_ld_0_1_290
dma_ld_0_1_U0/clk_gate_b_onchip_U_ram_reg_281_       3.9900     0.0      0.0000       3.9900 0.0000 SNPS_CLOCK_GATE_HIGH_tinytpu_isa_dma_ld_0_1_291
dma_ld_0_1_U0/clk_gate_b_onchip_U_ram_reg_282_       3.9900     0.0      0.0000       3.9900 0.0000 SNPS_CLOCK_GATE_HIGH_tinytpu_isa_dma_ld_0_1_292
dma_ld_0_1_U0/clk_gate_b_onchip_U_ram_reg_283_       3.9900     0.0      0.0000       3.9900 0.0000 SNPS_CLOCK_GATE_HIGH_tinytpu_isa_dma_ld_0_1_293
dma_ld_0_1_U0/clk_gate_b_onchip_U_ram_reg_284_       3.9900     0.0      0.0000       3.9900 0.0000 SNPS_CLOCK_GATE_HIGH_tinytpu_isa_dma_ld_0_1_294
dma_ld_0_1_U0/clk_gate_b_onchip_U_ram_reg_285_       3.9900     0.0      0.0000       3.9900 0.0000 SNPS_CLOCK_GATE_HIGH_tinytpu_isa_dma_ld_0_1_295
dma_ld_0_1_U0/clk_gate_b_onchip_U_ram_reg_286_       3.9900     0.0      0.0000       3.9900 0.0000 SNPS_CLOCK_GATE_HIGH_tinytpu_isa_dma_ld_0_1_296
dma_ld_0_1_U0/clk_gate_b_onchip_U_ram_reg_287_       3.9900     0.0      0.0000       3.9900 0.0000 SNPS_CLOCK_GATE_HIGH_tinytpu_isa_dma_ld_0_1_297
dma_ld_0_1_U0/clk_gate_b_onchip_U_ram_reg_288_       3.9900     0.0      0.0000       3.9900 0.0000 SNPS_CLOCK_GATE_HIGH_tinytpu_isa_dma_ld_0_1_298
dma_ld_0_1_U0/clk_gate_b_onchip_U_ram_reg_289_       3.9900     0.0      0.0000       3.9900 0.0000 SNPS_CLOCK_GATE_HIGH_tinytpu_isa_dma_ld_0_1_299
dma_ld_0_1_U0/clk_gate_b_onchip_U_ram_reg_28_       3.9900     0.0      0.0000       3.9900 0.0000 SNPS_CLOCK_GATE_HIGH_tinytpu_isa_dma_ld_0_1_38
dma_ld_0_1_U0/clk_gate_b_onchip_U_ram_reg_290_       3.9900     0.0      0.0000       3.9900 0.0000 SNPS_CLOCK_GATE_HIGH_tinytpu_isa_dma_ld_0_1_300
dma_ld_0_1_U0/clk_gate_b_onchip_U_ram_reg_291_       3.9900     0.0      0.0000       3.9900 0.0000 SNPS_CLOCK_GATE_HIGH_tinytpu_isa_dma_ld_0_1_301
dma_ld_0_1_U0/clk_gate_b_onchip_U_ram_reg_292_       3.9900     0.0      0.0000       3.9900 0.0000 SNPS_CLOCK_GATE_HIGH_tinytpu_isa_dma_ld_0_1_302
dma_ld_0_1_U0/clk_gate_b_onchip_U_ram_reg_293_       3.9900     0.0      0.0000       3.9900 0.0000 SNPS_CLOCK_GATE_HIGH_tinytpu_isa_dma_ld_0_1_303
dma_ld_0_1_U0/clk_gate_b_onchip_U_ram_reg_294_       3.9900     0.0      0.0000       3.9900 0.0000 SNPS_CLOCK_GATE_HIGH_tinytpu_isa_dma_ld_0_1_304
dma_ld_0_1_U0/clk_gate_b_onchip_U_ram_reg_295_       3.9900     0.0      0.0000       3.9900 0.0000 SNPS_CLOCK_GATE_HIGH_tinytpu_isa_dma_ld_0_1_305
dma_ld_0_1_U0/clk_gate_b_onchip_U_ram_reg_296_       3.9900     0.0      0.0000       3.9900 0.0000 SNPS_CLOCK_GATE_HIGH_tinytpu_isa_dma_ld_0_1_306
dma_ld_0_1_U0/clk_gate_b_onchip_U_ram_reg_297_       3.9900     0.0      0.0000       3.9900 0.0000 SNPS_CLOCK_GATE_HIGH_tinytpu_isa_dma_ld_0_1_307
dma_ld_0_1_U0/clk_gate_b_onchip_U_ram_reg_298_       3.9900     0.0      0.0000       3.9900 0.0000 SNPS_CLOCK_GATE_HIGH_tinytpu_isa_dma_ld_0_1_308
dma_ld_0_1_U0/clk_gate_b_onchip_U_ram_reg_299_       3.9900     0.0      0.0000       3.9900 0.0000 SNPS_CLOCK_GATE_HIGH_tinytpu_isa_dma_ld_0_1_309
dma_ld_0_1_U0/clk_gate_b_onchip_U_ram_reg_29_       3.9900     0.0      0.0000       3.9900 0.0000 SNPS_CLOCK_GATE_HIGH_tinytpu_isa_dma_ld_0_1_39
dma_ld_0_1_U0/clk_gate_b_onchip_U_ram_reg_2_       3.9900     0.0      0.0000       3.9900 0.0000 SNPS_CLOCK_GATE_HIGH_tinytpu_isa_dma_ld_0_1_12
dma_ld_0_1_U0/clk_gate_b_onchip_U_ram_reg_300_       3.9900     0.0      0.0000       3.9900 0.0000 SNPS_CLOCK_GATE_HIGH_tinytpu_isa_dma_ld_0_1_310
dma_ld_0_1_U0/clk_gate_b_onchip_U_ram_reg_301_       3.9900     0.0      0.0000       3.9900 0.0000 SNPS_CLOCK_GATE_HIGH_tinytpu_isa_dma_ld_0_1_311
dma_ld_0_1_U0/clk_gate_b_onchip_U_ram_reg_302_       3.9900     0.0      0.0000       3.9900 0.0000 SNPS_CLOCK_GATE_HIGH_tinytpu_isa_dma_ld_0_1_312
dma_ld_0_1_U0/clk_gate_b_onchip_U_ram_reg_303_       3.9900     0.0      0.0000       3.9900 0.0000 SNPS_CLOCK_GATE_HIGH_tinytpu_isa_dma_ld_0_1_313
dma_ld_0_1_U0/clk_gate_b_onchip_U_ram_reg_304_       3.9900     0.0      0.0000       3.9900 0.0000 SNPS_CLOCK_GATE_HIGH_tinytpu_isa_dma_ld_0_1_314
dma_ld_0_1_U0/clk_gate_b_onchip_U_ram_reg_305_       3.9900     0.0      0.0000       3.9900 0.0000 SNPS_CLOCK_GATE_HIGH_tinytpu_isa_dma_ld_0_1_315
dma_ld_0_1_U0/clk_gate_b_onchip_U_ram_reg_306_       3.9900     0.0      0.0000       3.9900 0.0000 SNPS_CLOCK_GATE_HIGH_tinytpu_isa_dma_ld_0_1_316
dma_ld_0_1_U0/clk_gate_b_onchip_U_ram_reg_307_       3.9900     0.0      0.0000       3.9900 0.0000 SNPS_CLOCK_GATE_HIGH_tinytpu_isa_dma_ld_0_1_317
dma_ld_0_1_U0/clk_gate_b_onchip_U_ram_reg_308_       3.9900     0.0      0.0000       3.9900 0.0000 SNPS_CLOCK_GATE_HIGH_tinytpu_isa_dma_ld_0_1_318
dma_ld_0_1_U0/clk_gate_b_onchip_U_ram_reg_309_       3.9900     0.0      0.0000       3.9900 0.0000 SNPS_CLOCK_GATE_HIGH_tinytpu_isa_dma_ld_0_1_319
dma_ld_0_1_U0/clk_gate_b_onchip_U_ram_reg_30_       3.9900     0.0      0.0000       3.9900 0.0000 SNPS_CLOCK_GATE_HIGH_tinytpu_isa_dma_ld_0_1_40
dma_ld_0_1_U0/clk_gate_b_onchip_U_ram_reg_310_       3.9900     0.0      0.0000       3.9900 0.0000 SNPS_CLOCK_GATE_HIGH_tinytpu_isa_dma_ld_0_1_320
dma_ld_0_1_U0/clk_gate_b_onchip_U_ram_reg_311_       3.9900     0.0      0.0000       3.9900 0.0000 SNPS_CLOCK_GATE_HIGH_tinytpu_isa_dma_ld_0_1_321
dma_ld_0_1_U0/clk_gate_b_onchip_U_ram_reg_312_       3.9900     0.0      0.0000       3.9900 0.0000 SNPS_CLOCK_GATE_HIGH_tinytpu_isa_dma_ld_0_1_322
dma_ld_0_1_U0/clk_gate_b_onchip_U_ram_reg_313_       3.9900     0.0      0.0000       3.9900 0.0000 SNPS_CLOCK_GATE_HIGH_tinytpu_isa_dma_ld_0_1_323
dma_ld_0_1_U0/clk_gate_b_onchip_U_ram_reg_314_       3.9900     0.0      0.0000       3.9900 0.0000 SNPS_CLOCK_GATE_HIGH_tinytpu_isa_dma_ld_0_1_324
dma_ld_0_1_U0/clk_gate_b_onchip_U_ram_reg_315_       3.9900     0.0      0.0000       3.9900 0.0000 SNPS_CLOCK_GATE_HIGH_tinytpu_isa_dma_ld_0_1_325
dma_ld_0_1_U0/clk_gate_b_onchip_U_ram_reg_316_       3.9900     0.0      0.0000       3.9900 0.0000 SNPS_CLOCK_GATE_HIGH_tinytpu_isa_dma_ld_0_1_326
dma_ld_0_1_U0/clk_gate_b_onchip_U_ram_reg_317_       3.9900     0.0      0.0000       3.9900 0.0000 SNPS_CLOCK_GATE_HIGH_tinytpu_isa_dma_ld_0_1_327
dma_ld_0_1_U0/clk_gate_b_onchip_U_ram_reg_318_       3.9900     0.0      0.0000       3.9900 0.0000 SNPS_CLOCK_GATE_HIGH_tinytpu_isa_dma_ld_0_1_328
dma_ld_0_1_U0/clk_gate_b_onchip_U_ram_reg_319_       3.9900     0.0      0.0000       3.9900 0.0000 SNPS_CLOCK_GATE_HIGH_tinytpu_isa_dma_ld_0_1_329
dma_ld_0_1_U0/clk_gate_b_onchip_U_ram_reg_31_       3.9900     0.0      0.0000       3.9900 0.0000 SNPS_CLOCK_GATE_HIGH_tinytpu_isa_dma_ld_0_1_41
dma_ld_0_1_U0/clk_gate_b_onchip_U_ram_reg_320_       3.9900     0.0      0.0000       3.9900 0.0000 SNPS_CLOCK_GATE_HIGH_tinytpu_isa_dma_ld_0_1_330
dma_ld_0_1_U0/clk_gate_b_onchip_U_ram_reg_321_       3.9900     0.0      0.0000       3.9900 0.0000 SNPS_CLOCK_GATE_HIGH_tinytpu_isa_dma_ld_0_1_331
dma_ld_0_1_U0/clk_gate_b_onchip_U_ram_reg_322_       3.9900     0.0      0.0000       3.9900 0.0000 SNPS_CLOCK_GATE_HIGH_tinytpu_isa_dma_ld_0_1_332
dma_ld_0_1_U0/clk_gate_b_onchip_U_ram_reg_323_       3.9900     0.0      0.0000       3.9900 0.0000 SNPS_CLOCK_GATE_HIGH_tinytpu_isa_dma_ld_0_1_333
dma_ld_0_1_U0/clk_gate_b_onchip_U_ram_reg_324_       3.9900     0.0      0.0000       3.9900 0.0000 SNPS_CLOCK_GATE_HIGH_tinytpu_isa_dma_ld_0_1_334
dma_ld_0_1_U0/clk_gate_b_onchip_U_ram_reg_325_       3.9900     0.0      0.0000       3.9900 0.0000 SNPS_CLOCK_GATE_HIGH_tinytpu_isa_dma_ld_0_1_335
dma_ld_0_1_U0/clk_gate_b_onchip_U_ram_reg_326_       3.9900     0.0      0.0000       3.9900 0.0000 SNPS_CLOCK_GATE_HIGH_tinytpu_isa_dma_ld_0_1_336
dma_ld_0_1_U0/clk_gate_b_onchip_U_ram_reg_327_       3.9900     0.0      0.0000       3.9900 0.0000 SNPS_CLOCK_GATE_HIGH_tinytpu_isa_dma_ld_0_1_337
dma_ld_0_1_U0/clk_gate_b_onchip_U_ram_reg_328_       3.9900     0.0      0.0000       3.9900 0.0000 SNPS_CLOCK_GATE_HIGH_tinytpu_isa_dma_ld_0_1_338
dma_ld_0_1_U0/clk_gate_b_onchip_U_ram_reg_329_       3.9900     0.0      0.0000       3.9900 0.0000 SNPS_CLOCK_GATE_HIGH_tinytpu_isa_dma_ld_0_1_339
dma_ld_0_1_U0/clk_gate_b_onchip_U_ram_reg_32_       3.9900     0.0      0.0000       3.9900 0.0000 SNPS_CLOCK_GATE_HIGH_tinytpu_isa_dma_ld_0_1_42
dma_ld_0_1_U0/clk_gate_b_onchip_U_ram_reg_330_       3.9900     0.0      0.0000       3.9900 0.0000 SNPS_CLOCK_GATE_HIGH_tinytpu_isa_dma_ld_0_1_340
dma_ld_0_1_U0/clk_gate_b_onchip_U_ram_reg_331_       3.9900     0.0      0.0000       3.9900 0.0000 SNPS_CLOCK_GATE_HIGH_tinytpu_isa_dma_ld_0_1_341
dma_ld_0_1_U0/clk_gate_b_onchip_U_ram_reg_332_       3.9900     0.0      0.0000       3.9900 0.0000 SNPS_CLOCK_GATE_HIGH_tinytpu_isa_dma_ld_0_1_342
dma_ld_0_1_U0/clk_gate_b_onchip_U_ram_reg_333_       3.9900     0.0      0.0000       3.9900 0.0000 SNPS_CLOCK_GATE_HIGH_tinytpu_isa_dma_ld_0_1_343
dma_ld_0_1_U0/clk_gate_b_onchip_U_ram_reg_334_       3.9900     0.0      0.0000       3.9900 0.0000 SNPS_CLOCK_GATE_HIGH_tinytpu_isa_dma_ld_0_1_344
dma_ld_0_1_U0/clk_gate_b_onchip_U_ram_reg_335_       3.9900     0.0      0.0000       3.9900 0.0000 SNPS_CLOCK_GATE_HIGH_tinytpu_isa_dma_ld_0_1_345
dma_ld_0_1_U0/clk_gate_b_onchip_U_ram_reg_336_       3.9900     0.0      0.0000       3.9900 0.0000 SNPS_CLOCK_GATE_HIGH_tinytpu_isa_dma_ld_0_1_346
dma_ld_0_1_U0/clk_gate_b_onchip_U_ram_reg_337_       3.9900     0.0      0.0000       3.9900 0.0000 SNPS_CLOCK_GATE_HIGH_tinytpu_isa_dma_ld_0_1_347
dma_ld_0_1_U0/clk_gate_b_onchip_U_ram_reg_338_       3.9900     0.0      0.0000       3.9900 0.0000 SNPS_CLOCK_GATE_HIGH_tinytpu_isa_dma_ld_0_1_348
dma_ld_0_1_U0/clk_gate_b_onchip_U_ram_reg_339_       3.9900     0.0      0.0000       3.9900 0.0000 SNPS_CLOCK_GATE_HIGH_tinytpu_isa_dma_ld_0_1_349
dma_ld_0_1_U0/clk_gate_b_onchip_U_ram_reg_33_       3.9900     0.0      0.0000       3.9900 0.0000 SNPS_CLOCK_GATE_HIGH_tinytpu_isa_dma_ld_0_1_43
dma_ld_0_1_U0/clk_gate_b_onchip_U_ram_reg_340_       3.9900     0.0      0.0000       3.9900 0.0000 SNPS_CLOCK_GATE_HIGH_tinytpu_isa_dma_ld_0_1_350
dma_ld_0_1_U0/clk_gate_b_onchip_U_ram_reg_341_       3.9900     0.0      0.0000       3.9900 0.0000 SNPS_CLOCK_GATE_HIGH_tinytpu_isa_dma_ld_0_1_351
dma_ld_0_1_U0/clk_gate_b_onchip_U_ram_reg_342_       3.9900     0.0      0.0000       3.9900 0.0000 SNPS_CLOCK_GATE_HIGH_tinytpu_isa_dma_ld_0_1_352
dma_ld_0_1_U0/clk_gate_b_onchip_U_ram_reg_343_       3.9900     0.0      0.0000       3.9900 0.0000 SNPS_CLOCK_GATE_HIGH_tinytpu_isa_dma_ld_0_1_353
dma_ld_0_1_U0/clk_gate_b_onchip_U_ram_reg_344_       3.9900     0.0      0.0000       3.9900 0.0000 SNPS_CLOCK_GATE_HIGH_tinytpu_isa_dma_ld_0_1_354
dma_ld_0_1_U0/clk_gate_b_onchip_U_ram_reg_345_       3.9900     0.0      0.0000       3.9900 0.0000 SNPS_CLOCK_GATE_HIGH_tinytpu_isa_dma_ld_0_1_355
dma_ld_0_1_U0/clk_gate_b_onchip_U_ram_reg_346_       3.9900     0.0      0.0000       3.9900 0.0000 SNPS_CLOCK_GATE_HIGH_tinytpu_isa_dma_ld_0_1_356
dma_ld_0_1_U0/clk_gate_b_onchip_U_ram_reg_347_       3.9900     0.0      0.0000       3.9900 0.0000 SNPS_CLOCK_GATE_HIGH_tinytpu_isa_dma_ld_0_1_357
dma_ld_0_1_U0/clk_gate_b_onchip_U_ram_reg_348_       3.9900     0.0      0.0000       3.9900 0.0000 SNPS_CLOCK_GATE_HIGH_tinytpu_isa_dma_ld_0_1_358
dma_ld_0_1_U0/clk_gate_b_onchip_U_ram_reg_349_       3.9900     0.0      0.0000       3.9900 0.0000 SNPS_CLOCK_GATE_HIGH_tinytpu_isa_dma_ld_0_1_359
dma_ld_0_1_U0/clk_gate_b_onchip_U_ram_reg_34_       3.9900     0.0      0.0000       3.9900 0.0000 SNPS_CLOCK_GATE_HIGH_tinytpu_isa_dma_ld_0_1_44
dma_ld_0_1_U0/clk_gate_b_onchip_U_ram_reg_350_       3.9900     0.0      0.0000       3.9900 0.0000 SNPS_CLOCK_GATE_HIGH_tinytpu_isa_dma_ld_0_1_360
dma_ld_0_1_U0/clk_gate_b_onchip_U_ram_reg_351_       3.9900     0.0      0.0000       3.9900 0.0000 SNPS_CLOCK_GATE_HIGH_tinytpu_isa_dma_ld_0_1_361
dma_ld_0_1_U0/clk_gate_b_onchip_U_ram_reg_352_       3.9900     0.0      0.0000       3.9900 0.0000 SNPS_CLOCK_GATE_HIGH_tinytpu_isa_dma_ld_0_1_362
dma_ld_0_1_U0/clk_gate_b_onchip_U_ram_reg_353_       3.9900     0.0      0.0000       3.9900 0.0000 SNPS_CLOCK_GATE_HIGH_tinytpu_isa_dma_ld_0_1_363
dma_ld_0_1_U0/clk_gate_b_onchip_U_ram_reg_354_       3.9900     0.0      0.0000       3.9900 0.0000 SNPS_CLOCK_GATE_HIGH_tinytpu_isa_dma_ld_0_1_364
dma_ld_0_1_U0/clk_gate_b_onchip_U_ram_reg_355_       3.9900     0.0      0.0000       3.9900 0.0000 SNPS_CLOCK_GATE_HIGH_tinytpu_isa_dma_ld_0_1_365
dma_ld_0_1_U0/clk_gate_b_onchip_U_ram_reg_356_       3.9900     0.0      0.0000       3.9900 0.0000 SNPS_CLOCK_GATE_HIGH_tinytpu_isa_dma_ld_0_1_366
dma_ld_0_1_U0/clk_gate_b_onchip_U_ram_reg_357_       3.9900     0.0      0.0000       3.9900 0.0000 SNPS_CLOCK_GATE_HIGH_tinytpu_isa_dma_ld_0_1_367
dma_ld_0_1_U0/clk_gate_b_onchip_U_ram_reg_358_       3.9900     0.0      0.0000       3.9900 0.0000 SNPS_CLOCK_GATE_HIGH_tinytpu_isa_dma_ld_0_1_368
dma_ld_0_1_U0/clk_gate_b_onchip_U_ram_reg_359_       3.9900     0.0      0.0000       3.9900 0.0000 SNPS_CLOCK_GATE_HIGH_tinytpu_isa_dma_ld_0_1_369
dma_ld_0_1_U0/clk_gate_b_onchip_U_ram_reg_35_       3.9900     0.0      0.0000       3.9900 0.0000 SNPS_CLOCK_GATE_HIGH_tinytpu_isa_dma_ld_0_1_45
dma_ld_0_1_U0/clk_gate_b_onchip_U_ram_reg_360_       3.9900     0.0      0.0000       3.9900 0.0000 SNPS_CLOCK_GATE_HIGH_tinytpu_isa_dma_ld_0_1_370
dma_ld_0_1_U0/clk_gate_b_onchip_U_ram_reg_361_       3.9900     0.0      0.0000       3.9900 0.0000 SNPS_CLOCK_GATE_HIGH_tinytpu_isa_dma_ld_0_1_371
dma_ld_0_1_U0/clk_gate_b_onchip_U_ram_reg_362_       3.9900     0.0      0.0000       3.9900 0.0000 SNPS_CLOCK_GATE_HIGH_tinytpu_isa_dma_ld_0_1_372
dma_ld_0_1_U0/clk_gate_b_onchip_U_ram_reg_363_       3.9900     0.0      0.0000       3.9900 0.0000 SNPS_CLOCK_GATE_HIGH_tinytpu_isa_dma_ld_0_1_373
dma_ld_0_1_U0/clk_gate_b_onchip_U_ram_reg_364_       3.9900     0.0      0.0000       3.9900 0.0000 SNPS_CLOCK_GATE_HIGH_tinytpu_isa_dma_ld_0_1_374
dma_ld_0_1_U0/clk_gate_b_onchip_U_ram_reg_365_       3.9900     0.0      0.0000       3.9900 0.0000 SNPS_CLOCK_GATE_HIGH_tinytpu_isa_dma_ld_0_1_375
dma_ld_0_1_U0/clk_gate_b_onchip_U_ram_reg_366_       3.9900     0.0      0.0000       3.9900 0.0000 SNPS_CLOCK_GATE_HIGH_tinytpu_isa_dma_ld_0_1_376
dma_ld_0_1_U0/clk_gate_b_onchip_U_ram_reg_367_       3.9900     0.0      0.0000       3.9900 0.0000 SNPS_CLOCK_GATE_HIGH_tinytpu_isa_dma_ld_0_1_377
dma_ld_0_1_U0/clk_gate_b_onchip_U_ram_reg_368_       3.9900     0.0      0.0000       3.9900 0.0000 SNPS_CLOCK_GATE_HIGH_tinytpu_isa_dma_ld_0_1_378
dma_ld_0_1_U0/clk_gate_b_onchip_U_ram_reg_369_       3.9900     0.0      0.0000       3.9900 0.0000 SNPS_CLOCK_GATE_HIGH_tinytpu_isa_dma_ld_0_1_379
dma_ld_0_1_U0/clk_gate_b_onchip_U_ram_reg_36_       3.9900     0.0      0.0000       3.9900 0.0000 SNPS_CLOCK_GATE_HIGH_tinytpu_isa_dma_ld_0_1_46
dma_ld_0_1_U0/clk_gate_b_onchip_U_ram_reg_370_       3.9900     0.0      0.0000       3.9900 0.0000 SNPS_CLOCK_GATE_HIGH_tinytpu_isa_dma_ld_0_1_380
dma_ld_0_1_U0/clk_gate_b_onchip_U_ram_reg_371_       3.9900     0.0      0.0000       3.9900 0.0000 SNPS_CLOCK_GATE_HIGH_tinytpu_isa_dma_ld_0_1_381
dma_ld_0_1_U0/clk_gate_b_onchip_U_ram_reg_372_       3.9900     0.0      0.0000       3.9900 0.0000 SNPS_CLOCK_GATE_HIGH_tinytpu_isa_dma_ld_0_1_382
dma_ld_0_1_U0/clk_gate_b_onchip_U_ram_reg_373_       3.9900     0.0      0.0000       3.9900 0.0000 SNPS_CLOCK_GATE_HIGH_tinytpu_isa_dma_ld_0_1_383
dma_ld_0_1_U0/clk_gate_b_onchip_U_ram_reg_374_       3.9900     0.0      0.0000       3.9900 0.0000 SNPS_CLOCK_GATE_HIGH_tinytpu_isa_dma_ld_0_1_384
dma_ld_0_1_U0/clk_gate_b_onchip_U_ram_reg_375_       3.9900     0.0      0.0000       3.9900 0.0000 SNPS_CLOCK_GATE_HIGH_tinytpu_isa_dma_ld_0_1_385
dma_ld_0_1_U0/clk_gate_b_onchip_U_ram_reg_376_       3.9900     0.0      0.0000       3.9900 0.0000 SNPS_CLOCK_GATE_HIGH_tinytpu_isa_dma_ld_0_1_386
dma_ld_0_1_U0/clk_gate_b_onchip_U_ram_reg_377_       3.9900     0.0      0.0000       3.9900 0.0000 SNPS_CLOCK_GATE_HIGH_tinytpu_isa_dma_ld_0_1_387
dma_ld_0_1_U0/clk_gate_b_onchip_U_ram_reg_378_       3.9900     0.0      0.0000       3.9900 0.0000 SNPS_CLOCK_GATE_HIGH_tinytpu_isa_dma_ld_0_1_388
dma_ld_0_1_U0/clk_gate_b_onchip_U_ram_reg_379_       3.9900     0.0      0.0000       3.9900 0.0000 SNPS_CLOCK_GATE_HIGH_tinytpu_isa_dma_ld_0_1_389
dma_ld_0_1_U0/clk_gate_b_onchip_U_ram_reg_37_       3.9900     0.0      0.0000       3.9900 0.0000 SNPS_CLOCK_GATE_HIGH_tinytpu_isa_dma_ld_0_1_47
dma_ld_0_1_U0/clk_gate_b_onchip_U_ram_reg_380_       3.9900     0.0      0.0000       3.9900 0.0000 SNPS_CLOCK_GATE_HIGH_tinytpu_isa_dma_ld_0_1_390
dma_ld_0_1_U0/clk_gate_b_onchip_U_ram_reg_381_       3.9900     0.0      0.0000       3.9900 0.0000 SNPS_CLOCK_GATE_HIGH_tinytpu_isa_dma_ld_0_1_391
dma_ld_0_1_U0/clk_gate_b_onchip_U_ram_reg_382_       3.9900     0.0      0.0000       3.9900 0.0000 SNPS_CLOCK_GATE_HIGH_tinytpu_isa_dma_ld_0_1_392
dma_ld_0_1_U0/clk_gate_b_onchip_U_ram_reg_383_       3.9900     0.0      0.0000       3.9900 0.0000 SNPS_CLOCK_GATE_HIGH_tinytpu_isa_dma_ld_0_1_393
dma_ld_0_1_U0/clk_gate_b_onchip_U_ram_reg_384_       3.9900     0.0      0.0000       3.9900 0.0000 SNPS_CLOCK_GATE_HIGH_tinytpu_isa_dma_ld_0_1_394
dma_ld_0_1_U0/clk_gate_b_onchip_U_ram_reg_385_       3.9900     0.0      0.0000       3.9900 0.0000 SNPS_CLOCK_GATE_HIGH_tinytpu_isa_dma_ld_0_1_395
dma_ld_0_1_U0/clk_gate_b_onchip_U_ram_reg_386_       3.9900     0.0      0.0000       3.9900 0.0000 SNPS_CLOCK_GATE_HIGH_tinytpu_isa_dma_ld_0_1_396
dma_ld_0_1_U0/clk_gate_b_onchip_U_ram_reg_387_       3.9900     0.0      0.0000       3.9900 0.0000 SNPS_CLOCK_GATE_HIGH_tinytpu_isa_dma_ld_0_1_397
dma_ld_0_1_U0/clk_gate_b_onchip_U_ram_reg_388_       3.9900     0.0      0.0000       3.9900 0.0000 SNPS_CLOCK_GATE_HIGH_tinytpu_isa_dma_ld_0_1_398
dma_ld_0_1_U0/clk_gate_b_onchip_U_ram_reg_389_       3.9900     0.0      0.0000       3.9900 0.0000 SNPS_CLOCK_GATE_HIGH_tinytpu_isa_dma_ld_0_1_399
dma_ld_0_1_U0/clk_gate_b_onchip_U_ram_reg_38_       3.9900     0.0      0.0000       3.9900 0.0000 SNPS_CLOCK_GATE_HIGH_tinytpu_isa_dma_ld_0_1_48
dma_ld_0_1_U0/clk_gate_b_onchip_U_ram_reg_390_       3.9900     0.0      0.0000       3.9900 0.0000 SNPS_CLOCK_GATE_HIGH_tinytpu_isa_dma_ld_0_1_400
dma_ld_0_1_U0/clk_gate_b_onchip_U_ram_reg_391_       3.9900     0.0      0.0000       3.9900 0.0000 SNPS_CLOCK_GATE_HIGH_tinytpu_isa_dma_ld_0_1_401
dma_ld_0_1_U0/clk_gate_b_onchip_U_ram_reg_392_       3.9900     0.0      0.0000       3.9900 0.0000 SNPS_CLOCK_GATE_HIGH_tinytpu_isa_dma_ld_0_1_402
dma_ld_0_1_U0/clk_gate_b_onchip_U_ram_reg_393_       3.9900     0.0      0.0000       3.9900 0.0000 SNPS_CLOCK_GATE_HIGH_tinytpu_isa_dma_ld_0_1_403
dma_ld_0_1_U0/clk_gate_b_onchip_U_ram_reg_394_       3.9900     0.0      0.0000       3.9900 0.0000 SNPS_CLOCK_GATE_HIGH_tinytpu_isa_dma_ld_0_1_404
dma_ld_0_1_U0/clk_gate_b_onchip_U_ram_reg_395_       3.9900     0.0      0.0000       3.9900 0.0000 SNPS_CLOCK_GATE_HIGH_tinytpu_isa_dma_ld_0_1_405
dma_ld_0_1_U0/clk_gate_b_onchip_U_ram_reg_396_       3.9900     0.0      0.0000       3.9900 0.0000 SNPS_CLOCK_GATE_HIGH_tinytpu_isa_dma_ld_0_1_406
dma_ld_0_1_U0/clk_gate_b_onchip_U_ram_reg_397_       3.9900     0.0      0.0000       3.9900 0.0000 SNPS_CLOCK_GATE_HIGH_tinytpu_isa_dma_ld_0_1_407
dma_ld_0_1_U0/clk_gate_b_onchip_U_ram_reg_398_       3.9900     0.0      0.0000       3.9900 0.0000 SNPS_CLOCK_GATE_HIGH_tinytpu_isa_dma_ld_0_1_408
dma_ld_0_1_U0/clk_gate_b_onchip_U_ram_reg_399_       3.9900     0.0      0.0000       3.9900 0.0000 SNPS_CLOCK_GATE_HIGH_tinytpu_isa_dma_ld_0_1_409
dma_ld_0_1_U0/clk_gate_b_onchip_U_ram_reg_39_       3.9900     0.0      0.0000       3.9900 0.0000 SNPS_CLOCK_GATE_HIGH_tinytpu_isa_dma_ld_0_1_49
dma_ld_0_1_U0/clk_gate_b_onchip_U_ram_reg_3_       3.9900     0.0      0.0000       3.9900 0.0000 SNPS_CLOCK_GATE_HIGH_tinytpu_isa_dma_ld_0_1_13
dma_ld_0_1_U0/clk_gate_b_onchip_U_ram_reg_400_       3.9900     0.0      0.0000       3.9900 0.0000 SNPS_CLOCK_GATE_HIGH_tinytpu_isa_dma_ld_0_1_410
dma_ld_0_1_U0/clk_gate_b_onchip_U_ram_reg_401_       3.9900     0.0      0.0000       3.9900 0.0000 SNPS_CLOCK_GATE_HIGH_tinytpu_isa_dma_ld_0_1_411
dma_ld_0_1_U0/clk_gate_b_onchip_U_ram_reg_402_       3.9900     0.0      0.0000       3.9900 0.0000 SNPS_CLOCK_GATE_HIGH_tinytpu_isa_dma_ld_0_1_412
dma_ld_0_1_U0/clk_gate_b_onchip_U_ram_reg_403_       3.9900     0.0      0.0000       3.9900 0.0000 SNPS_CLOCK_GATE_HIGH_tinytpu_isa_dma_ld_0_1_413
dma_ld_0_1_U0/clk_gate_b_onchip_U_ram_reg_404_       3.9900     0.0      0.0000       3.9900 0.0000 SNPS_CLOCK_GATE_HIGH_tinytpu_isa_dma_ld_0_1_414
dma_ld_0_1_U0/clk_gate_b_onchip_U_ram_reg_405_       3.9900     0.0      0.0000       3.9900 0.0000 SNPS_CLOCK_GATE_HIGH_tinytpu_isa_dma_ld_0_1_415
dma_ld_0_1_U0/clk_gate_b_onchip_U_ram_reg_406_       3.9900     0.0      0.0000       3.9900 0.0000 SNPS_CLOCK_GATE_HIGH_tinytpu_isa_dma_ld_0_1_416
dma_ld_0_1_U0/clk_gate_b_onchip_U_ram_reg_407_       3.9900     0.0      0.0000       3.9900 0.0000 SNPS_CLOCK_GATE_HIGH_tinytpu_isa_dma_ld_0_1_417
dma_ld_0_1_U0/clk_gate_b_onchip_U_ram_reg_408_       3.9900     0.0      0.0000       3.9900 0.0000 SNPS_CLOCK_GATE_HIGH_tinytpu_isa_dma_ld_0_1_418
dma_ld_0_1_U0/clk_gate_b_onchip_U_ram_reg_409_       3.9900     0.0      0.0000       3.9900 0.0000 SNPS_CLOCK_GATE_HIGH_tinytpu_isa_dma_ld_0_1_419
dma_ld_0_1_U0/clk_gate_b_onchip_U_ram_reg_40_       3.9900     0.0      0.0000       3.9900 0.0000 SNPS_CLOCK_GATE_HIGH_tinytpu_isa_dma_ld_0_1_50
dma_ld_0_1_U0/clk_gate_b_onchip_U_ram_reg_410_       3.9900     0.0      0.0000       3.9900 0.0000 SNPS_CLOCK_GATE_HIGH_tinytpu_isa_dma_ld_0_1_420
dma_ld_0_1_U0/clk_gate_b_onchip_U_ram_reg_411_       3.9900     0.0      0.0000       3.9900 0.0000 SNPS_CLOCK_GATE_HIGH_tinytpu_isa_dma_ld_0_1_421
dma_ld_0_1_U0/clk_gate_b_onchip_U_ram_reg_412_       3.9900     0.0      0.0000       3.9900 0.0000 SNPS_CLOCK_GATE_HIGH_tinytpu_isa_dma_ld_0_1_422
dma_ld_0_1_U0/clk_gate_b_onchip_U_ram_reg_413_       3.9900     0.0      0.0000       3.9900 0.0000 SNPS_CLOCK_GATE_HIGH_tinytpu_isa_dma_ld_0_1_423
dma_ld_0_1_U0/clk_gate_b_onchip_U_ram_reg_414_       3.9900     0.0      0.0000       3.9900 0.0000 SNPS_CLOCK_GATE_HIGH_tinytpu_isa_dma_ld_0_1_424
dma_ld_0_1_U0/clk_gate_b_onchip_U_ram_reg_415_       3.9900     0.0      0.0000       3.9900 0.0000 SNPS_CLOCK_GATE_HIGH_tinytpu_isa_dma_ld_0_1_425
dma_ld_0_1_U0/clk_gate_b_onchip_U_ram_reg_416_       3.9900     0.0      0.0000       3.9900 0.0000 SNPS_CLOCK_GATE_HIGH_tinytpu_isa_dma_ld_0_1_426
dma_ld_0_1_U0/clk_gate_b_onchip_U_ram_reg_417_       3.9900     0.0      0.0000       3.9900 0.0000 SNPS_CLOCK_GATE_HIGH_tinytpu_isa_dma_ld_0_1_427
dma_ld_0_1_U0/clk_gate_b_onchip_U_ram_reg_418_       3.9900     0.0      0.0000       3.9900 0.0000 SNPS_CLOCK_GATE_HIGH_tinytpu_isa_dma_ld_0_1_428
dma_ld_0_1_U0/clk_gate_b_onchip_U_ram_reg_419_       3.9900     0.0      0.0000       3.9900 0.0000 SNPS_CLOCK_GATE_HIGH_tinytpu_isa_dma_ld_0_1_429
dma_ld_0_1_U0/clk_gate_b_onchip_U_ram_reg_41_       3.9900     0.0      0.0000       3.9900 0.0000 SNPS_CLOCK_GATE_HIGH_tinytpu_isa_dma_ld_0_1_51
dma_ld_0_1_U0/clk_gate_b_onchip_U_ram_reg_420_       3.9900     0.0      0.0000       3.9900 0.0000 SNPS_CLOCK_GATE_HIGH_tinytpu_isa_dma_ld_0_1_430
dma_ld_0_1_U0/clk_gate_b_onchip_U_ram_reg_421_       3.9900     0.0      0.0000       3.9900 0.0000 SNPS_CLOCK_GATE_HIGH_tinytpu_isa_dma_ld_0_1_431
dma_ld_0_1_U0/clk_gate_b_onchip_U_ram_reg_422_       3.9900     0.0      0.0000       3.9900 0.0000 SNPS_CLOCK_GATE_HIGH_tinytpu_isa_dma_ld_0_1_432
dma_ld_0_1_U0/clk_gate_b_onchip_U_ram_reg_423_       3.9900     0.0      0.0000       3.9900 0.0000 SNPS_CLOCK_GATE_HIGH_tinytpu_isa_dma_ld_0_1_433
dma_ld_0_1_U0/clk_gate_b_onchip_U_ram_reg_424_       3.9900     0.0      0.0000       3.9900 0.0000 SNPS_CLOCK_GATE_HIGH_tinytpu_isa_dma_ld_0_1_434
dma_ld_0_1_U0/clk_gate_b_onchip_U_ram_reg_425_       3.9900     0.0      0.0000       3.9900 0.0000 SNPS_CLOCK_GATE_HIGH_tinytpu_isa_dma_ld_0_1_435
dma_ld_0_1_U0/clk_gate_b_onchip_U_ram_reg_426_       3.9900     0.0      0.0000       3.9900 0.0000 SNPS_CLOCK_GATE_HIGH_tinytpu_isa_dma_ld_0_1_436
dma_ld_0_1_U0/clk_gate_b_onchip_U_ram_reg_427_       3.9900     0.0      0.0000       3.9900 0.0000 SNPS_CLOCK_GATE_HIGH_tinytpu_isa_dma_ld_0_1_437
dma_ld_0_1_U0/clk_gate_b_onchip_U_ram_reg_428_       3.9900     0.0      0.0000       3.9900 0.0000 SNPS_CLOCK_GATE_HIGH_tinytpu_isa_dma_ld_0_1_438
dma_ld_0_1_U0/clk_gate_b_onchip_U_ram_reg_429_       3.9900     0.0      0.0000       3.9900 0.0000 SNPS_CLOCK_GATE_HIGH_tinytpu_isa_dma_ld_0_1_439
dma_ld_0_1_U0/clk_gate_b_onchip_U_ram_reg_42_       3.9900     0.0      0.0000       3.9900 0.0000 SNPS_CLOCK_GATE_HIGH_tinytpu_isa_dma_ld_0_1_52
dma_ld_0_1_U0/clk_gate_b_onchip_U_ram_reg_430_       3.9900     0.0      0.0000       3.9900 0.0000 SNPS_CLOCK_GATE_HIGH_tinytpu_isa_dma_ld_0_1_440
dma_ld_0_1_U0/clk_gate_b_onchip_U_ram_reg_431_       3.9900     0.0      0.0000       3.9900 0.0000 SNPS_CLOCK_GATE_HIGH_tinytpu_isa_dma_ld_0_1_441
dma_ld_0_1_U0/clk_gate_b_onchip_U_ram_reg_432_       3.9900     0.0      0.0000       3.9900 0.0000 SNPS_CLOCK_GATE_HIGH_tinytpu_isa_dma_ld_0_1_442
dma_ld_0_1_U0/clk_gate_b_onchip_U_ram_reg_433_       3.9900     0.0      0.0000       3.9900 0.0000 SNPS_CLOCK_GATE_HIGH_tinytpu_isa_dma_ld_0_1_443
dma_ld_0_1_U0/clk_gate_b_onchip_U_ram_reg_434_       3.9900     0.0      0.0000       3.9900 0.0000 SNPS_CLOCK_GATE_HIGH_tinytpu_isa_dma_ld_0_1_444
dma_ld_0_1_U0/clk_gate_b_onchip_U_ram_reg_435_       3.9900     0.0      0.0000       3.9900 0.0000 SNPS_CLOCK_GATE_HIGH_tinytpu_isa_dma_ld_0_1_445
dma_ld_0_1_U0/clk_gate_b_onchip_U_ram_reg_436_       3.9900     0.0      0.0000       3.9900 0.0000 SNPS_CLOCK_GATE_HIGH_tinytpu_isa_dma_ld_0_1_446
dma_ld_0_1_U0/clk_gate_b_onchip_U_ram_reg_437_       3.9900     0.0      0.0000       3.9900 0.0000 SNPS_CLOCK_GATE_HIGH_tinytpu_isa_dma_ld_0_1_447
dma_ld_0_1_U0/clk_gate_b_onchip_U_ram_reg_438_       3.9900     0.0      0.0000       3.9900 0.0000 SNPS_CLOCK_GATE_HIGH_tinytpu_isa_dma_ld_0_1_448
dma_ld_0_1_U0/clk_gate_b_onchip_U_ram_reg_439_       3.9900     0.0      0.0000       3.9900 0.0000 SNPS_CLOCK_GATE_HIGH_tinytpu_isa_dma_ld_0_1_449
dma_ld_0_1_U0/clk_gate_b_onchip_U_ram_reg_43_       3.9900     0.0      0.0000       3.9900 0.0000 SNPS_CLOCK_GATE_HIGH_tinytpu_isa_dma_ld_0_1_53
dma_ld_0_1_U0/clk_gate_b_onchip_U_ram_reg_440_       3.9900     0.0      0.0000       3.9900 0.0000 SNPS_CLOCK_GATE_HIGH_tinytpu_isa_dma_ld_0_1_450
dma_ld_0_1_U0/clk_gate_b_onchip_U_ram_reg_441_       3.9900     0.0      0.0000       3.9900 0.0000 SNPS_CLOCK_GATE_HIGH_tinytpu_isa_dma_ld_0_1_451
dma_ld_0_1_U0/clk_gate_b_onchip_U_ram_reg_442_       3.9900     0.0      0.0000       3.9900 0.0000 SNPS_CLOCK_GATE_HIGH_tinytpu_isa_dma_ld_0_1_452
dma_ld_0_1_U0/clk_gate_b_onchip_U_ram_reg_443_       3.9900     0.0      0.0000       3.9900 0.0000 SNPS_CLOCK_GATE_HIGH_tinytpu_isa_dma_ld_0_1_453
dma_ld_0_1_U0/clk_gate_b_onchip_U_ram_reg_444_       3.9900     0.0      0.0000       3.9900 0.0000 SNPS_CLOCK_GATE_HIGH_tinytpu_isa_dma_ld_0_1_454
dma_ld_0_1_U0/clk_gate_b_onchip_U_ram_reg_445_       3.9900     0.0      0.0000       3.9900 0.0000 SNPS_CLOCK_GATE_HIGH_tinytpu_isa_dma_ld_0_1_455
dma_ld_0_1_U0/clk_gate_b_onchip_U_ram_reg_446_       3.9900     0.0      0.0000       3.9900 0.0000 SNPS_CLOCK_GATE_HIGH_tinytpu_isa_dma_ld_0_1_456
dma_ld_0_1_U0/clk_gate_b_onchip_U_ram_reg_447_       3.9900     0.0      0.0000       3.9900 0.0000 SNPS_CLOCK_GATE_HIGH_tinytpu_isa_dma_ld_0_1_457
dma_ld_0_1_U0/clk_gate_b_onchip_U_ram_reg_448_       3.9900     0.0      0.0000       3.9900 0.0000 SNPS_CLOCK_GATE_HIGH_tinytpu_isa_dma_ld_0_1_458
dma_ld_0_1_U0/clk_gate_b_onchip_U_ram_reg_449_       3.9900     0.0      0.0000       3.9900 0.0000 SNPS_CLOCK_GATE_HIGH_tinytpu_isa_dma_ld_0_1_459
dma_ld_0_1_U0/clk_gate_b_onchip_U_ram_reg_44_       3.9900     0.0      0.0000       3.9900 0.0000 SNPS_CLOCK_GATE_HIGH_tinytpu_isa_dma_ld_0_1_54
dma_ld_0_1_U0/clk_gate_b_onchip_U_ram_reg_450_       3.9900     0.0      0.0000       3.9900 0.0000 SNPS_CLOCK_GATE_HIGH_tinytpu_isa_dma_ld_0_1_460
dma_ld_0_1_U0/clk_gate_b_onchip_U_ram_reg_451_       3.9900     0.0      0.0000       3.9900 0.0000 SNPS_CLOCK_GATE_HIGH_tinytpu_isa_dma_ld_0_1_461
dma_ld_0_1_U0/clk_gate_b_onchip_U_ram_reg_452_       3.9900     0.0      0.0000       3.9900 0.0000 SNPS_CLOCK_GATE_HIGH_tinytpu_isa_dma_ld_0_1_462
dma_ld_0_1_U0/clk_gate_b_onchip_U_ram_reg_453_       3.9900     0.0      0.0000       3.9900 0.0000 SNPS_CLOCK_GATE_HIGH_tinytpu_isa_dma_ld_0_1_463
dma_ld_0_1_U0/clk_gate_b_onchip_U_ram_reg_454_       3.9900     0.0      0.0000       3.9900 0.0000 SNPS_CLOCK_GATE_HIGH_tinytpu_isa_dma_ld_0_1_464
dma_ld_0_1_U0/clk_gate_b_onchip_U_ram_reg_455_       3.9900     0.0      0.0000       3.9900 0.0000 SNPS_CLOCK_GATE_HIGH_tinytpu_isa_dma_ld_0_1_465
dma_ld_0_1_U0/clk_gate_b_onchip_U_ram_reg_456_       3.9900     0.0      0.0000       3.9900 0.0000 SNPS_CLOCK_GATE_HIGH_tinytpu_isa_dma_ld_0_1_466
dma_ld_0_1_U0/clk_gate_b_onchip_U_ram_reg_457_       3.9900     0.0      0.0000       3.9900 0.0000 SNPS_CLOCK_GATE_HIGH_tinytpu_isa_dma_ld_0_1_467
dma_ld_0_1_U0/clk_gate_b_onchip_U_ram_reg_458_       3.9900     0.0      0.0000       3.9900 0.0000 SNPS_CLOCK_GATE_HIGH_tinytpu_isa_dma_ld_0_1_468
dma_ld_0_1_U0/clk_gate_b_onchip_U_ram_reg_459_       3.9900     0.0      0.0000       3.9900 0.0000 SNPS_CLOCK_GATE_HIGH_tinytpu_isa_dma_ld_0_1_469
dma_ld_0_1_U0/clk_gate_b_onchip_U_ram_reg_45_       3.9900     0.0      0.0000       3.9900 0.0000 SNPS_CLOCK_GATE_HIGH_tinytpu_isa_dma_ld_0_1_55
dma_ld_0_1_U0/clk_gate_b_onchip_U_ram_reg_460_       3.9900     0.0      0.0000       3.9900 0.0000 SNPS_CLOCK_GATE_HIGH_tinytpu_isa_dma_ld_0_1_470
dma_ld_0_1_U0/clk_gate_b_onchip_U_ram_reg_461_       3.9900     0.0      0.0000       3.9900 0.0000 SNPS_CLOCK_GATE_HIGH_tinytpu_isa_dma_ld_0_1_471
dma_ld_0_1_U0/clk_gate_b_onchip_U_ram_reg_462_       3.9900     0.0      0.0000       3.9900 0.0000 SNPS_CLOCK_GATE_HIGH_tinytpu_isa_dma_ld_0_1_472
dma_ld_0_1_U0/clk_gate_b_onchip_U_ram_reg_463_       3.9900     0.0      0.0000       3.9900 0.0000 SNPS_CLOCK_GATE_HIGH_tinytpu_isa_dma_ld_0_1_473
dma_ld_0_1_U0/clk_gate_b_onchip_U_ram_reg_464_       3.9900     0.0      0.0000       3.9900 0.0000 SNPS_CLOCK_GATE_HIGH_tinytpu_isa_dma_ld_0_1_474
dma_ld_0_1_U0/clk_gate_b_onchip_U_ram_reg_465_       3.9900     0.0      0.0000       3.9900 0.0000 SNPS_CLOCK_GATE_HIGH_tinytpu_isa_dma_ld_0_1_475
dma_ld_0_1_U0/clk_gate_b_onchip_U_ram_reg_466_       3.9900     0.0      0.0000       3.9900 0.0000 SNPS_CLOCK_GATE_HIGH_tinytpu_isa_dma_ld_0_1_476
dma_ld_0_1_U0/clk_gate_b_onchip_U_ram_reg_467_       3.9900     0.0      0.0000       3.9900 0.0000 SNPS_CLOCK_GATE_HIGH_tinytpu_isa_dma_ld_0_1_477
dma_ld_0_1_U0/clk_gate_b_onchip_U_ram_reg_468_       3.9900     0.0      0.0000       3.9900 0.0000 SNPS_CLOCK_GATE_HIGH_tinytpu_isa_dma_ld_0_1_478
dma_ld_0_1_U0/clk_gate_b_onchip_U_ram_reg_469_       3.9900     0.0      0.0000       3.9900 0.0000 SNPS_CLOCK_GATE_HIGH_tinytpu_isa_dma_ld_0_1_479
dma_ld_0_1_U0/clk_gate_b_onchip_U_ram_reg_46_       3.9900     0.0      0.0000       3.9900 0.0000 SNPS_CLOCK_GATE_HIGH_tinytpu_isa_dma_ld_0_1_56
dma_ld_0_1_U0/clk_gate_b_onchip_U_ram_reg_470_       3.9900     0.0      0.0000       3.9900 0.0000 SNPS_CLOCK_GATE_HIGH_tinytpu_isa_dma_ld_0_1_480
dma_ld_0_1_U0/clk_gate_b_onchip_U_ram_reg_471_       3.9900     0.0      0.0000       3.9900 0.0000 SNPS_CLOCK_GATE_HIGH_tinytpu_isa_dma_ld_0_1_481
dma_ld_0_1_U0/clk_gate_b_onchip_U_ram_reg_472_       3.9900     0.0      0.0000       3.9900 0.0000 SNPS_CLOCK_GATE_HIGH_tinytpu_isa_dma_ld_0_1_482
dma_ld_0_1_U0/clk_gate_b_onchip_U_ram_reg_473_       3.9900     0.0      0.0000       3.9900 0.0000 SNPS_CLOCK_GATE_HIGH_tinytpu_isa_dma_ld_0_1_483
dma_ld_0_1_U0/clk_gate_b_onchip_U_ram_reg_474_       3.9900     0.0      0.0000       3.9900 0.0000 SNPS_CLOCK_GATE_HIGH_tinytpu_isa_dma_ld_0_1_484
dma_ld_0_1_U0/clk_gate_b_onchip_U_ram_reg_475_       3.9900     0.0      0.0000       3.9900 0.0000 SNPS_CLOCK_GATE_HIGH_tinytpu_isa_dma_ld_0_1_485
dma_ld_0_1_U0/clk_gate_b_onchip_U_ram_reg_476_       3.9900     0.0      0.0000       3.9900 0.0000 SNPS_CLOCK_GATE_HIGH_tinytpu_isa_dma_ld_0_1_486
dma_ld_0_1_U0/clk_gate_b_onchip_U_ram_reg_477_       3.9900     0.0      0.0000       3.9900 0.0000 SNPS_CLOCK_GATE_HIGH_tinytpu_isa_dma_ld_0_1_487
dma_ld_0_1_U0/clk_gate_b_onchip_U_ram_reg_478_       3.9900     0.0      0.0000       3.9900 0.0000 SNPS_CLOCK_GATE_HIGH_tinytpu_isa_dma_ld_0_1_488
dma_ld_0_1_U0/clk_gate_b_onchip_U_ram_reg_479_       3.9900     0.0      0.0000       3.9900 0.0000 SNPS_CLOCK_GATE_HIGH_tinytpu_isa_dma_ld_0_1_489
dma_ld_0_1_U0/clk_gate_b_onchip_U_ram_reg_47_       3.9900     0.0      0.0000       3.9900 0.0000 SNPS_CLOCK_GATE_HIGH_tinytpu_isa_dma_ld_0_1_57
dma_ld_0_1_U0/clk_gate_b_onchip_U_ram_reg_480_       3.9900     0.0      0.0000       3.9900 0.0000 SNPS_CLOCK_GATE_HIGH_tinytpu_isa_dma_ld_0_1_490
dma_ld_0_1_U0/clk_gate_b_onchip_U_ram_reg_481_       3.9900     0.0      0.0000       3.9900 0.0000 SNPS_CLOCK_GATE_HIGH_tinytpu_isa_dma_ld_0_1_491
dma_ld_0_1_U0/clk_gate_b_onchip_U_ram_reg_482_       3.9900     0.0      0.0000       3.9900 0.0000 SNPS_CLOCK_GATE_HIGH_tinytpu_isa_dma_ld_0_1_492
dma_ld_0_1_U0/clk_gate_b_onchip_U_ram_reg_483_       3.9900     0.0      0.0000       3.9900 0.0000 SNPS_CLOCK_GATE_HIGH_tinytpu_isa_dma_ld_0_1_493
dma_ld_0_1_U0/clk_gate_b_onchip_U_ram_reg_484_       3.9900     0.0      0.0000       3.9900 0.0000 SNPS_CLOCK_GATE_HIGH_tinytpu_isa_dma_ld_0_1_494
dma_ld_0_1_U0/clk_gate_b_onchip_U_ram_reg_485_       3.9900     0.0      0.0000       3.9900 0.0000 SNPS_CLOCK_GATE_HIGH_tinytpu_isa_dma_ld_0_1_495
dma_ld_0_1_U0/clk_gate_b_onchip_U_ram_reg_486_       3.9900     0.0      0.0000       3.9900 0.0000 SNPS_CLOCK_GATE_HIGH_tinytpu_isa_dma_ld_0_1_496
dma_ld_0_1_U0/clk_gate_b_onchip_U_ram_reg_487_       3.9900     0.0      0.0000       3.9900 0.0000 SNPS_CLOCK_GATE_HIGH_tinytpu_isa_dma_ld_0_1_497
dma_ld_0_1_U0/clk_gate_b_onchip_U_ram_reg_488_       3.9900     0.0      0.0000       3.9900 0.0000 SNPS_CLOCK_GATE_HIGH_tinytpu_isa_dma_ld_0_1_498
dma_ld_0_1_U0/clk_gate_b_onchip_U_ram_reg_489_       3.9900     0.0      0.0000       3.9900 0.0000 SNPS_CLOCK_GATE_HIGH_tinytpu_isa_dma_ld_0_1_499
dma_ld_0_1_U0/clk_gate_b_onchip_U_ram_reg_48_       3.9900     0.0      0.0000       3.9900 0.0000 SNPS_CLOCK_GATE_HIGH_tinytpu_isa_dma_ld_0_1_58
dma_ld_0_1_U0/clk_gate_b_onchip_U_ram_reg_490_       3.9900     0.0      0.0000       3.9900 0.0000 SNPS_CLOCK_GATE_HIGH_tinytpu_isa_dma_ld_0_1_500
dma_ld_0_1_U0/clk_gate_b_onchip_U_ram_reg_491_       3.9900     0.0      0.0000       3.9900 0.0000 SNPS_CLOCK_GATE_HIGH_tinytpu_isa_dma_ld_0_1_501
dma_ld_0_1_U0/clk_gate_b_onchip_U_ram_reg_492_       3.9900     0.0      0.0000       3.9900 0.0000 SNPS_CLOCK_GATE_HIGH_tinytpu_isa_dma_ld_0_1_502
dma_ld_0_1_U0/clk_gate_b_onchip_U_ram_reg_493_       3.9900     0.0      0.0000       3.9900 0.0000 SNPS_CLOCK_GATE_HIGH_tinytpu_isa_dma_ld_0_1_503
dma_ld_0_1_U0/clk_gate_b_onchip_U_ram_reg_494_       3.9900     0.0      0.0000       3.9900 0.0000 SNPS_CLOCK_GATE_HIGH_tinytpu_isa_dma_ld_0_1_504
dma_ld_0_1_U0/clk_gate_b_onchip_U_ram_reg_495_       3.9900     0.0      0.0000       3.9900 0.0000 SNPS_CLOCK_GATE_HIGH_tinytpu_isa_dma_ld_0_1_505
dma_ld_0_1_U0/clk_gate_b_onchip_U_ram_reg_496_       3.9900     0.0      0.0000       3.9900 0.0000 SNPS_CLOCK_GATE_HIGH_tinytpu_isa_dma_ld_0_1_506
dma_ld_0_1_U0/clk_gate_b_onchip_U_ram_reg_497_       3.9900     0.0      0.0000       3.9900 0.0000 SNPS_CLOCK_GATE_HIGH_tinytpu_isa_dma_ld_0_1_507
dma_ld_0_1_U0/clk_gate_b_onchip_U_ram_reg_498_       3.9900     0.0      0.0000       3.9900 0.0000 SNPS_CLOCK_GATE_HIGH_tinytpu_isa_dma_ld_0_1_508
dma_ld_0_1_U0/clk_gate_b_onchip_U_ram_reg_499_       3.9900     0.0      0.0000       3.9900 0.0000 SNPS_CLOCK_GATE_HIGH_tinytpu_isa_dma_ld_0_1_509
dma_ld_0_1_U0/clk_gate_b_onchip_U_ram_reg_49_       3.9900     0.0      0.0000       3.9900 0.0000 SNPS_CLOCK_GATE_HIGH_tinytpu_isa_dma_ld_0_1_59
dma_ld_0_1_U0/clk_gate_b_onchip_U_ram_reg_4_       3.9900     0.0      0.0000       3.9900 0.0000 SNPS_CLOCK_GATE_HIGH_tinytpu_isa_dma_ld_0_1_14
dma_ld_0_1_U0/clk_gate_b_onchip_U_ram_reg_500_       3.9900     0.0      0.0000       3.9900 0.0000 SNPS_CLOCK_GATE_HIGH_tinytpu_isa_dma_ld_0_1_510
dma_ld_0_1_U0/clk_gate_b_onchip_U_ram_reg_501_       3.9900     0.0      0.0000       3.9900 0.0000 SNPS_CLOCK_GATE_HIGH_tinytpu_isa_dma_ld_0_1_511
dma_ld_0_1_U0/clk_gate_b_onchip_U_ram_reg_502_       3.9900     0.0      0.0000       3.9900 0.0000 SNPS_CLOCK_GATE_HIGH_tinytpu_isa_dma_ld_0_1_512
dma_ld_0_1_U0/clk_gate_b_onchip_U_ram_reg_503_       3.9900     0.0      0.0000       3.9900 0.0000 SNPS_CLOCK_GATE_HIGH_tinytpu_isa_dma_ld_0_1_513
dma_ld_0_1_U0/clk_gate_b_onchip_U_ram_reg_504_       3.9900     0.0      0.0000       3.9900 0.0000 SNPS_CLOCK_GATE_HIGH_tinytpu_isa_dma_ld_0_1_514
dma_ld_0_1_U0/clk_gate_b_onchip_U_ram_reg_505_       3.9900     0.0      0.0000       3.9900 0.0000 SNPS_CLOCK_GATE_HIGH_tinytpu_isa_dma_ld_0_1_515
dma_ld_0_1_U0/clk_gate_b_onchip_U_ram_reg_506_       3.9900     0.0      0.0000       3.9900 0.0000 SNPS_CLOCK_GATE_HIGH_tinytpu_isa_dma_ld_0_1_516
dma_ld_0_1_U0/clk_gate_b_onchip_U_ram_reg_507_       3.9900     0.0      0.0000       3.9900 0.0000 SNPS_CLOCK_GATE_HIGH_tinytpu_isa_dma_ld_0_1_517
dma_ld_0_1_U0/clk_gate_b_onchip_U_ram_reg_508_       3.9900     0.0      0.0000       3.9900 0.0000 SNPS_CLOCK_GATE_HIGH_tinytpu_isa_dma_ld_0_1_518
dma_ld_0_1_U0/clk_gate_b_onchip_U_ram_reg_509_       3.9900     0.0      0.0000       3.9900 0.0000 SNPS_CLOCK_GATE_HIGH_tinytpu_isa_dma_ld_0_1_519
dma_ld_0_1_U0/clk_gate_b_onchip_U_ram_reg_50_       3.9900     0.0      0.0000       3.9900 0.0000 SNPS_CLOCK_GATE_HIGH_tinytpu_isa_dma_ld_0_1_60
dma_ld_0_1_U0/clk_gate_b_onchip_U_ram_reg_510_       3.9900     0.0      0.0000       3.9900 0.0000 SNPS_CLOCK_GATE_HIGH_tinytpu_isa_dma_ld_0_1_520
dma_ld_0_1_U0/clk_gate_b_onchip_U_ram_reg_511_       3.9900     0.0      0.0000       3.9900 0.0000 SNPS_CLOCK_GATE_HIGH_tinytpu_isa_dma_ld_0_1_521
dma_ld_0_1_U0/clk_gate_b_onchip_U_ram_reg_512_       3.9900     0.0      0.0000       3.9900 0.0000 SNPS_CLOCK_GATE_HIGH_tinytpu_isa_dma_ld_0_1_522
dma_ld_0_1_U0/clk_gate_b_onchip_U_ram_reg_51_       3.9900     0.0      0.0000       3.9900 0.0000 SNPS_CLOCK_GATE_HIGH_tinytpu_isa_dma_ld_0_1_61
dma_ld_0_1_U0/clk_gate_b_onchip_U_ram_reg_52_       3.9900     0.0      0.0000       3.9900 0.0000 SNPS_CLOCK_GATE_HIGH_tinytpu_isa_dma_ld_0_1_62
dma_ld_0_1_U0/clk_gate_b_onchip_U_ram_reg_53_       3.9900     0.0      0.0000       3.9900 0.0000 SNPS_CLOCK_GATE_HIGH_tinytpu_isa_dma_ld_0_1_63
dma_ld_0_1_U0/clk_gate_b_onchip_U_ram_reg_54_       3.9900     0.0      0.0000       3.9900 0.0000 SNPS_CLOCK_GATE_HIGH_tinytpu_isa_dma_ld_0_1_64
dma_ld_0_1_U0/clk_gate_b_onchip_U_ram_reg_55_       3.9900     0.0      0.0000       3.9900 0.0000 SNPS_CLOCK_GATE_HIGH_tinytpu_isa_dma_ld_0_1_65
dma_ld_0_1_U0/clk_gate_b_onchip_U_ram_reg_56_       3.9900     0.0      0.0000       3.9900 0.0000 SNPS_CLOCK_GATE_HIGH_tinytpu_isa_dma_ld_0_1_66
dma_ld_0_1_U0/clk_gate_b_onchip_U_ram_reg_57_       3.9900     0.0      0.0000       3.9900 0.0000 SNPS_CLOCK_GATE_HIGH_tinytpu_isa_dma_ld_0_1_67
dma_ld_0_1_U0/clk_gate_b_onchip_U_ram_reg_58_       3.9900     0.0      0.0000       3.9900 0.0000 SNPS_CLOCK_GATE_HIGH_tinytpu_isa_dma_ld_0_1_68
dma_ld_0_1_U0/clk_gate_b_onchip_U_ram_reg_59_       3.9900     0.0      0.0000       3.9900 0.0000 SNPS_CLOCK_GATE_HIGH_tinytpu_isa_dma_ld_0_1_69
dma_ld_0_1_U0/clk_gate_b_onchip_U_ram_reg_5_       3.9900     0.0      0.0000       3.9900 0.0000 SNPS_CLOCK_GATE_HIGH_tinytpu_isa_dma_ld_0_1_15
dma_ld_0_1_U0/clk_gate_b_onchip_U_ram_reg_60_       3.9900     0.0      0.0000       3.9900 0.0000 SNPS_CLOCK_GATE_HIGH_tinytpu_isa_dma_ld_0_1_70
dma_ld_0_1_U0/clk_gate_b_onchip_U_ram_reg_61_       3.9900     0.0      0.0000       3.9900 0.0000 SNPS_CLOCK_GATE_HIGH_tinytpu_isa_dma_ld_0_1_71
dma_ld_0_1_U0/clk_gate_b_onchip_U_ram_reg_62_       3.9900     0.0      0.0000       3.9900 0.0000 SNPS_CLOCK_GATE_HIGH_tinytpu_isa_dma_ld_0_1_72
dma_ld_0_1_U0/clk_gate_b_onchip_U_ram_reg_63_       3.9900     0.0      0.0000       3.9900 0.0000 SNPS_CLOCK_GATE_HIGH_tinytpu_isa_dma_ld_0_1_73
dma_ld_0_1_U0/clk_gate_b_onchip_U_ram_reg_64_       3.9900     0.0      0.0000       3.9900 0.0000 SNPS_CLOCK_GATE_HIGH_tinytpu_isa_dma_ld_0_1_74
dma_ld_0_1_U0/clk_gate_b_onchip_U_ram_reg_65_       3.9900     0.0      0.0000       3.9900 0.0000 SNPS_CLOCK_GATE_HIGH_tinytpu_isa_dma_ld_0_1_75
dma_ld_0_1_U0/clk_gate_b_onchip_U_ram_reg_66_       3.9900     0.0      0.0000       3.9900 0.0000 SNPS_CLOCK_GATE_HIGH_tinytpu_isa_dma_ld_0_1_76
dma_ld_0_1_U0/clk_gate_b_onchip_U_ram_reg_67_       3.9900     0.0      0.0000       3.9900 0.0000 SNPS_CLOCK_GATE_HIGH_tinytpu_isa_dma_ld_0_1_77
dma_ld_0_1_U0/clk_gate_b_onchip_U_ram_reg_68_       3.9900     0.0      0.0000       3.9900 0.0000 SNPS_CLOCK_GATE_HIGH_tinytpu_isa_dma_ld_0_1_78
dma_ld_0_1_U0/clk_gate_b_onchip_U_ram_reg_69_       3.9900     0.0      0.0000       3.9900 0.0000 SNPS_CLOCK_GATE_HIGH_tinytpu_isa_dma_ld_0_1_79
dma_ld_0_1_U0/clk_gate_b_onchip_U_ram_reg_6_       3.9900     0.0      0.0000       3.9900 0.0000 SNPS_CLOCK_GATE_HIGH_tinytpu_isa_dma_ld_0_1_16
dma_ld_0_1_U0/clk_gate_b_onchip_U_ram_reg_70_       3.9900     0.0      0.0000       3.9900 0.0000 SNPS_CLOCK_GATE_HIGH_tinytpu_isa_dma_ld_0_1_80
dma_ld_0_1_U0/clk_gate_b_onchip_U_ram_reg_71_       3.9900     0.0      0.0000       3.9900 0.0000 SNPS_CLOCK_GATE_HIGH_tinytpu_isa_dma_ld_0_1_81
dma_ld_0_1_U0/clk_gate_b_onchip_U_ram_reg_72_       3.9900     0.0      0.0000       3.9900 0.0000 SNPS_CLOCK_GATE_HIGH_tinytpu_isa_dma_ld_0_1_82
dma_ld_0_1_U0/clk_gate_b_onchip_U_ram_reg_73_       3.9900     0.0      0.0000       3.9900 0.0000 SNPS_CLOCK_GATE_HIGH_tinytpu_isa_dma_ld_0_1_83
dma_ld_0_1_U0/clk_gate_b_onchip_U_ram_reg_74_       3.9900     0.0      0.0000       3.9900 0.0000 SNPS_CLOCK_GATE_HIGH_tinytpu_isa_dma_ld_0_1_84
dma_ld_0_1_U0/clk_gate_b_onchip_U_ram_reg_75_       3.9900     0.0      0.0000       3.9900 0.0000 SNPS_CLOCK_GATE_HIGH_tinytpu_isa_dma_ld_0_1_85
dma_ld_0_1_U0/clk_gate_b_onchip_U_ram_reg_76_       3.9900     0.0      0.0000       3.9900 0.0000 SNPS_CLOCK_GATE_HIGH_tinytpu_isa_dma_ld_0_1_86
dma_ld_0_1_U0/clk_gate_b_onchip_U_ram_reg_77_       3.9900     0.0      0.0000       3.9900 0.0000 SNPS_CLOCK_GATE_HIGH_tinytpu_isa_dma_ld_0_1_87
dma_ld_0_1_U0/clk_gate_b_onchip_U_ram_reg_78_       3.9900     0.0      0.0000       3.9900 0.0000 SNPS_CLOCK_GATE_HIGH_tinytpu_isa_dma_ld_0_1_88
dma_ld_0_1_U0/clk_gate_b_onchip_U_ram_reg_79_       3.9900     0.0      0.0000       3.9900 0.0000 SNPS_CLOCK_GATE_HIGH_tinytpu_isa_dma_ld_0_1_89
dma_ld_0_1_U0/clk_gate_b_onchip_U_ram_reg_7_       3.9900     0.0      0.0000       3.9900 0.0000 SNPS_CLOCK_GATE_HIGH_tinytpu_isa_dma_ld_0_1_17
dma_ld_0_1_U0/clk_gate_b_onchip_U_ram_reg_80_       3.9900     0.0      0.0000       3.9900 0.0000 SNPS_CLOCK_GATE_HIGH_tinytpu_isa_dma_ld_0_1_90
dma_ld_0_1_U0/clk_gate_b_onchip_U_ram_reg_81_       3.9900     0.0      0.0000       3.9900 0.0000 SNPS_CLOCK_GATE_HIGH_tinytpu_isa_dma_ld_0_1_91
dma_ld_0_1_U0/clk_gate_b_onchip_U_ram_reg_82_       3.9900     0.0      0.0000       3.9900 0.0000 SNPS_CLOCK_GATE_HIGH_tinytpu_isa_dma_ld_0_1_92
dma_ld_0_1_U0/clk_gate_b_onchip_U_ram_reg_83_       3.9900     0.0      0.0000       3.9900 0.0000 SNPS_CLOCK_GATE_HIGH_tinytpu_isa_dma_ld_0_1_93
dma_ld_0_1_U0/clk_gate_b_onchip_U_ram_reg_84_       3.9900     0.0      0.0000       3.9900 0.0000 SNPS_CLOCK_GATE_HIGH_tinytpu_isa_dma_ld_0_1_94
dma_ld_0_1_U0/clk_gate_b_onchip_U_ram_reg_85_       3.9900     0.0      0.0000       3.9900 0.0000 SNPS_CLOCK_GATE_HIGH_tinytpu_isa_dma_ld_0_1_95
dma_ld_0_1_U0/clk_gate_b_onchip_U_ram_reg_86_       3.9900     0.0      0.0000       3.9900 0.0000 SNPS_CLOCK_GATE_HIGH_tinytpu_isa_dma_ld_0_1_96
dma_ld_0_1_U0/clk_gate_b_onchip_U_ram_reg_87_       3.9900     0.0      0.0000       3.9900 0.0000 SNPS_CLOCK_GATE_HIGH_tinytpu_isa_dma_ld_0_1_97
dma_ld_0_1_U0/clk_gate_b_onchip_U_ram_reg_88_       3.9900     0.0      0.0000       3.9900 0.0000 SNPS_CLOCK_GATE_HIGH_tinytpu_isa_dma_ld_0_1_98
dma_ld_0_1_U0/clk_gate_b_onchip_U_ram_reg_89_       3.9900     0.0      0.0000       3.9900 0.0000 SNPS_CLOCK_GATE_HIGH_tinytpu_isa_dma_ld_0_1_99
dma_ld_0_1_U0/clk_gate_b_onchip_U_ram_reg_8_       3.9900     0.0      0.0000       3.9900 0.0000 SNPS_CLOCK_GATE_HIGH_tinytpu_isa_dma_ld_0_1_18
dma_ld_0_1_U0/clk_gate_b_onchip_U_ram_reg_90_       3.9900     0.0      0.0000       3.9900 0.0000 SNPS_CLOCK_GATE_HIGH_tinytpu_isa_dma_ld_0_1_100
dma_ld_0_1_U0/clk_gate_b_onchip_U_ram_reg_91_       3.9900     0.0      0.0000       3.9900 0.0000 SNPS_CLOCK_GATE_HIGH_tinytpu_isa_dma_ld_0_1_101
dma_ld_0_1_U0/clk_gate_b_onchip_U_ram_reg_92_       3.9900     0.0      0.0000       3.9900 0.0000 SNPS_CLOCK_GATE_HIGH_tinytpu_isa_dma_ld_0_1_102
dma_ld_0_1_U0/clk_gate_b_onchip_U_ram_reg_93_       3.9900     0.0      0.0000       3.9900 0.0000 SNPS_CLOCK_GATE_HIGH_tinytpu_isa_dma_ld_0_1_103
dma_ld_0_1_U0/clk_gate_b_onchip_U_ram_reg_94_       3.9900     0.0      0.0000       3.9900 0.0000 SNPS_CLOCK_GATE_HIGH_tinytpu_isa_dma_ld_0_1_104
dma_ld_0_1_U0/clk_gate_b_onchip_U_ram_reg_95_       3.9900     0.0      0.0000       3.9900 0.0000 SNPS_CLOCK_GATE_HIGH_tinytpu_isa_dma_ld_0_1_105
dma_ld_0_1_U0/clk_gate_b_onchip_U_ram_reg_96_       3.9900     0.0      0.0000       3.9900 0.0000 SNPS_CLOCK_GATE_HIGH_tinytpu_isa_dma_ld_0_1_106
dma_ld_0_1_U0/clk_gate_b_onchip_U_ram_reg_97_       3.9900     0.0      0.0000       3.9900 0.0000 SNPS_CLOCK_GATE_HIGH_tinytpu_isa_dma_ld_0_1_107
dma_ld_0_1_U0/clk_gate_b_onchip_U_ram_reg_98_       3.9900     0.0      0.0000       3.9900 0.0000 SNPS_CLOCK_GATE_HIGH_tinytpu_isa_dma_ld_0_1_108
dma_ld_0_1_U0/clk_gate_b_onchip_U_ram_reg_99_       3.9900     0.0      0.0000       3.9900 0.0000 SNPS_CLOCK_GATE_HIGH_tinytpu_isa_dma_ld_0_1_109
dma_ld_0_1_U0/clk_gate_b_onchip_U_ram_reg_9_       3.9900     0.0      0.0000       3.9900 0.0000 SNPS_CLOCK_GATE_HIGH_tinytpu_isa_dma_ld_0_1_19
dma_ld_0_1_U0/clk_gate_grp_dma_ld_0_1_Pipeline_VITIS_LOOP_647_1_fu_104_v361_reg_137_pp0_iter1_reg_reg       3.9900     0.0      0.0000       3.9900 0.0000 SNPS_CLOCK_GATE_HIGH_tinytpu_isa_dma_ld_0_1_8
dma_ld_0_1_U0/clk_gate_grp_dma_ld_0_1_Pipeline_VITIS_LOOP_647_1_fu_104_v362_fu_52_reg       3.9900     0.0      0.0000       3.9900 0.0000 SNPS_CLOCK_GATE_HIGH_tinytpu_isa_dma_ld_0_1_7
dma_ld_0_1_U0/clk_gate_grp_dma_ld_0_1_Pipeline_VITIS_LOOP_760_2_fu_113_v420_reg_137_pp0_iter1_reg_reg       3.9900     0.0      0.0000       3.9900 0.0000 SNPS_CLOCK_GATE_HIGH_tinytpu_isa_dma_ld_0_1_6
dma_ld_0_1_U0/clk_gate_grp_dma_ld_0_1_Pipeline_VITIS_LOOP_760_2_fu_113_v421_fu_52_reg       3.9900     0.0      0.0000       3.9900 0.0000 SNPS_CLOCK_GATE_HIGH_tinytpu_isa_dma_ld_0_1_5
dma_ld_0_1_U0/clk_gate_grp_dma_ld_0_1_Pipeline_VITIS_LOOP_877_3_fu_122_ap_enable_reg_pp0_iter5_reg       3.9900     0.0      0.0000       3.9900 0.0000 SNPS_CLOCK_GATE_HIGH_tinytpu_isa_dma_ld_0_1_1
dma_ld_0_1_U0/clk_gate_grp_dma_ld_0_1_Pipeline_VITIS_LOOP_877_3_fu_122_v476_fu_78_reg       3.9900     0.0      0.0000       3.9900 0.0000 SNPS_CLOCK_GATE_HIGH_tinytpu_isa_dma_ld_0_1_2
dma_ld_0_1_U0/clk_gate_grp_dma_ld_0_1_Pipeline_VITIS_LOOP_877_3_fu_122_v481_fu_98_reg       3.9900     0.0      0.0000       3.9900 0.0000 SNPS_CLOCK_GATE_HIGH_tinytpu_isa_dma_ld_0_1_3
dma_ld_0_1_U0/clk_gate_grp_dma_ld_0_1_Pipeline_VITIS_LOOP_877_3_fu_122_v526_reg_460_pp0_iter4_reg_reg       3.9900     0.0      0.0000       3.9900 0.0000 SNPS_CLOCK_GATE_HIGH_tinytpu_isa_dma_ld_0_1_4
dma_ld_0_1_U0/clk_gate_trunc_ln642_reg_224_reg       3.9900     0.0      0.0000       3.9900 0.0000 SNPS_CLOCK_GATE_HIGH_tinytpu_isa_dma_ld_0_1_0
dma_ld_0_1_U0/clk_gate_v346_reg_219_reg       3.9900     0.0      0.0000       3.9900 0.0000 SNPS_CLOCK_GATE_HIGH_tinytpu_isa_dma_ld_0_1_1037
dma_ld_0_1_U0/clk_gate_v417_reg_254_reg       3.9900     0.0      0.0000       3.9900 0.0000 SNPS_CLOCK_GATE_HIGH_tinytpu_isa_dma_ld_0_1_1038
dma_st_0_1_U0_clk_gate_grp_dma_st_0_1_Pipeline_VITIS_LOOP_12687_1_fu_56_ap_enable_reg_pp0_iter9_reg       3.9900     0.0      0.0000       3.9900 0.0000 SNPS_CLOCK_GATE_HIGH_tinytpu_isa_dma_st_0_1_1
dma_st_0_1_U0_clk_gate_grp_dma_st_0_1_Pipeline_VITIS_LOOP_12687_1_fu_56_trunc_ln5_reg_414_reg       3.9900     0.0      0.0000       3.9900 0.0000 SNPS_CLOCK_GATE_HIGH_tinytpu_isa_dma_st_0_1_5
dma_st_0_1_U0_clk_gate_grp_dma_st_0_1_Pipeline_VITIS_LOOP_12687_1_fu_56_v5807_fu_90_reg       3.9900     0.0      0.0000       3.9900 0.0000 SNPS_CLOCK_GATE_HIGH_tinytpu_isa_dma_st_0_1_3
dma_st_0_1_U0_clk_gate_grp_dma_st_0_1_Pipeline_VITIS_LOOP_12687_1_fu_56_v5812_fu_106_reg       3.9900     0.0      0.0000       3.9900 0.0000 SNPS_CLOCK_GATE_HIGH_tinytpu_isa_dma_st_0_1_4
dma_st_0_1_U0_clk_gate_v5802_reg_77_reg       3.9900     0.0      0.0000       3.9900 0.0000 SNPS_CLOCK_GATE_HIGH_tinytpu_isa_dma_st_0_1_0
gmem0_m_axi_U                      697974.4066     30.7  130872.5351   566000.6315  0.0000  tinytpu_isa_gmem0_m_axi_CONSERVATIVE1_NUM_READ_OUTSTANDING16_NUM_WRITE_OUTSTANDING16_MAX_READ_BURST_LENGTH16_MAX_WRITE_BURST_LENGTH16_C_M_AXI_ID_WIDTH1_C_M_AXI_ADDR_WIDTH64_C_M_AXI_DATA_WIDTH512_C_M_AXI_AWUSER_WIDTH1_C_M_AXI_ARUSER_WIDTH1_C_M_AXI_WUSER_WIDTH1_C_M_AXI_RUSER_WIDTH1_C_M_AXI_BUSER_WIDTH1_C_USER_VALUE0_C_PROT_VALUE0_C_CACHE_VALUE3_USER_DW512_USER_AW64_USER_MAXREQS7_USER_RFIFONUM_WIDTH9
gmem0_m_axi_U/clk_gate_bus_read_fifo_burst_empty_n_reg       3.9900     0.0      0.0000       3.9900 0.0000 SNPS_CLOCK_GATE_HIGH_tinytpu_isa_gmem0_m_axi_CONSERVATIVE1_NUM_READ_OUTSTANDING16_NUM_WRITE_OUTSTANDING16_MAX_READ_BURST_LENGTH16_MAX_WRITE_BURST_LENGTH16_C_M_AXI_ID_WIDTH1_C_M_AXI_ADDR_WIDTH64_C_M_AXI_DATA_WIDTH512_C_M_AXI_AWUSER_WIDTH1_C_M_AXI_ARUSER_WIDTH1_C_M_AXI_WUSER_WIDTH1_C_M_AXI_RUSER_WIDTH1_C_M_AXI_BUSER_WIDTH1_C_USER_VALUE0_C_PROT_VALUE0_C_CACHE_VALUE3_USER_DW512_USER_AW64_USER_MAXREQS7_USER_RFIFONUM_WIDTH9_5
gmem0_m_axi_U/clk_gate_bus_read_fifo_burst_genblk1_raddr_reg       3.9900     0.0      0.0000       3.9900 0.0000 SNPS_CLOCK_GATE_HIGH_tinytpu_isa_gmem0_m_axi_CONSERVATIVE1_NUM_READ_OUTSTANDING16_NUM_WRITE_OUTSTANDING16_MAX_READ_BURST_LENGTH16_MAX_WRITE_BURST_LENGTH16_C_M_AXI_ID_WIDTH1_C_M_AXI_ADDR_WIDTH64_C_M_AXI_DATA_WIDTH512_C_M_AXI_AWUSER_WIDTH1_C_M_AXI_ARUSER_WIDTH1_C_M_AXI_WUSER_WIDTH1_C_M_AXI_RUSER_WIDTH1_C_M_AXI_BUSER_WIDTH1_C_USER_VALUE0_C_PROT_VALUE0_C_CACHE_VALUE3_USER_DW512_USER_AW64_USER_MAXREQS7_USER_RFIFONUM_WIDTH9_4
gmem0_m_axi_U/clk_gate_bus_read_fifo_rctl_empty_n_reg       3.9900     0.0      0.0000       3.9900 0.0000 SNPS_CLOCK_GATE_HIGH_tinytpu_isa_gmem0_m_axi_CONSERVATIVE1_NUM_READ_OUTSTANDING16_NUM_WRITE_OUTSTANDING16_MAX_READ_BURST_LENGTH16_MAX_WRITE_BURST_LENGTH16_C_M_AXI_ID_WIDTH1_C_M_AXI_ADDR_WIDTH64_C_M_AXI_DATA_WIDTH512_C_M_AXI_AWUSER_WIDTH1_C_M_AXI_ARUSER_WIDTH1_C_M_AXI_WUSER_WIDTH1_C_M_AXI_RUSER_WIDTH1_C_M_AXI_BUSER_WIDTH1_C_USER_VALUE0_C_PROT_VALUE0_C_CACHE_VALUE3_USER_DW512_USER_AW64_USER_MAXREQS7_USER_RFIFONUM_WIDTH9_7
gmem0_m_axi_U/clk_gate_bus_read_fifo_rctl_genblk1_raddr_reg       3.9900     0.0      0.0000       3.9900 0.0000 SNPS_CLOCK_GATE_HIGH_tinytpu_isa_gmem0_m_axi_CONSERVATIVE1_NUM_READ_OUTSTANDING16_NUM_WRITE_OUTSTANDING16_MAX_READ_BURST_LENGTH16_MAX_WRITE_BURST_LENGTH16_C_M_AXI_ID_WIDTH1_C_M_AXI_ADDR_WIDTH64_C_M_AXI_DATA_WIDTH512_C_M_AXI_AWUSER_WIDTH1_C_M_AXI_ARUSER_WIDTH1_C_M_AXI_WUSER_WIDTH1_C_M_AXI_RUSER_WIDTH1_C_M_AXI_BUSER_WIDTH1_C_USER_VALUE0_C_PROT_VALUE0_C_CACHE_VALUE3_USER_DW512_USER_AW64_USER_MAXREQS7_USER_RFIFONUM_WIDTH9_6
gmem0_m_axi_U/clk_gate_bus_read_rreq_burst_conv_could_multi_bursts_addr_step_reg       3.9900     0.0      0.0000       3.9900 0.0000 SNPS_CLOCK_GATE_HIGH_tinytpu_isa_gmem0_m_axi_CONSERVATIVE1_NUM_READ_OUTSTANDING16_NUM_WRITE_OUTSTANDING16_MAX_READ_BURST_LENGTH16_MAX_WRITE_BURST_LENGTH16_C_M_AXI_ID_WIDTH1_C_M_AXI_ADDR_WIDTH64_C_M_AXI_DATA_WIDTH512_C_M_AXI_AWUSER_WIDTH1_C_M_AXI_ARUSER_WIDTH1_C_M_AXI_WUSER_WIDTH1_C_M_AXI_RUSER_WIDTH1_C_M_AXI_BUSER_WIDTH1_C_USER_VALUE0_C_PROT_VALUE0_C_CACHE_VALUE3_USER_DW512_USER_AW64_USER_MAXREQS7_USER_RFIFONUM_WIDTH9_22
gmem0_m_axi_U/clk_gate_bus_read_rreq_burst_conv_could_multi_bursts_last_loop_reg       3.9900     0.0      0.0000       3.9900 0.0000 SNPS_CLOCK_GATE_HIGH_tinytpu_isa_gmem0_m_axi_CONSERVATIVE1_NUM_READ_OUTSTANDING16_NUM_WRITE_OUTSTANDING16_MAX_READ_BURST_LENGTH16_MAX_WRITE_BURST_LENGTH16_C_M_AXI_ID_WIDTH1_C_M_AXI_ADDR_WIDTH64_C_M_AXI_DATA_WIDTH512_C_M_AXI_AWUSER_WIDTH1_C_M_AXI_ARUSER_WIDTH1_C_M_AXI_WUSER_WIDTH1_C_M_AXI_RUSER_WIDTH1_C_M_AXI_BUSER_WIDTH1_C_USER_VALUE0_C_PROT_VALUE0_C_CACHE_VALUE3_USER_DW512_USER_AW64_USER_MAXREQS7_USER_RFIFONUM_WIDTH9_21
gmem0_m_axi_U/clk_gate_bus_read_rreq_burst_conv_end_from_4k_reg       3.9900     0.0      0.0000       3.9900 0.0000 SNPS_CLOCK_GATE_HIGH_tinytpu_isa_gmem0_m_axi_CONSERVATIVE1_NUM_READ_OUTSTANDING16_NUM_WRITE_OUTSTANDING16_MAX_READ_BURST_LENGTH16_MAX_WRITE_BURST_LENGTH16_C_M_AXI_ID_WIDTH1_C_M_AXI_ADDR_WIDTH64_C_M_AXI_DATA_WIDTH512_C_M_AXI_AWUSER_WIDTH1_C_M_AXI_ARUSER_WIDTH1_C_M_AXI_WUSER_WIDTH1_C_M_AXI_RUSER_WIDTH1_C_M_AXI_BUSER_WIDTH1_C_USER_VALUE0_C_PROT_VALUE0_C_CACHE_VALUE3_USER_DW512_USER_AW64_USER_MAXREQS7_USER_RFIFONUM_WIDTH9_18
gmem0_m_axi_U/clk_gate_bus_read_rreq_burst_conv_last_sect_buf_reg       3.9900     0.0      0.0000       3.9900 0.0000 SNPS_CLOCK_GATE_HIGH_tinytpu_isa_gmem0_m_axi_CONSERVATIVE1_NUM_READ_OUTSTANDING16_NUM_WRITE_OUTSTANDING16_MAX_READ_BURST_LENGTH16_MAX_WRITE_BURST_LENGTH16_C_M_AXI_ID_WIDTH1_C_M_AXI_ADDR_WIDTH64_C_M_AXI_DATA_WIDTH512_C_M_AXI_AWUSER_WIDTH1_C_M_AXI_ARUSER_WIDTH1_C_M_AXI_WUSER_WIDTH1_C_M_AXI_RUSER_WIDTH1_C_M_AXI_BUSER_WIDTH1_C_USER_VALUE0_C_PROT_VALUE0_C_CACHE_VALUE3_USER_DW512_USER_AW64_USER_MAXREQS7_USER_RFIFONUM_WIDTH9_20
gmem0_m_axi_U/clk_gate_bus_read_rreq_burst_conv_last_sect_reg       3.9900     0.0      0.0000       3.9900 0.0000 SNPS_CLOCK_GATE_HIGH_tinytpu_isa_gmem0_m_axi_CONSERVATIVE1_NUM_READ_OUTSTANDING16_NUM_WRITE_OUTSTANDING16_MAX_READ_BURST_LENGTH16_MAX_WRITE_BURST_LENGTH16_C_M_AXI_ID_WIDTH1_C_M_AXI_ADDR_WIDTH64_C_M_AXI_DATA_WIDTH512_C_M_AXI_AWUSER_WIDTH1_C_M_AXI_ARUSER_WIDTH1_C_M_AXI_WUSER_WIDTH1_C_M_AXI_RUSER_WIDTH1_C_M_AXI_BUSER_WIDTH1_C_USER_VALUE0_C_PROT_VALUE0_C_CACHE_VALUE3_USER_DW512_USER_AW64_USER_MAXREQS7_USER_RFIFONUM_WIDTH9_19
gmem0_m_axi_U/clk_gate_bus_read_rreq_burst_conv_rs_req_data_p1_reg       3.9900     0.0      0.0000       3.9900 0.0000 SNPS_CLOCK_GATE_HIGH_tinytpu_isa_gmem0_m_axi_CONSERVATIVE1_NUM_READ_OUTSTANDING16_NUM_WRITE_OUTSTANDING16_MAX_READ_BURST_LENGTH16_MAX_WRITE_BURST_LENGTH16_C_M_AXI_ID_WIDTH1_C_M_AXI_ADDR_WIDTH64_C_M_AXI_DATA_WIDTH512_C_M_AXI_AWUSER_WIDTH1_C_M_AXI_ARUSER_WIDTH1_C_M_AXI_WUSER_WIDTH1_C_M_AXI_RUSER_WIDTH1_C_M_AXI_BUSER_WIDTH1_C_USER_VALUE0_C_PROT_VALUE0_C_CACHE_VALUE3_USER_DW512_USER_AW64_USER_MAXREQS7_USER_RFIFONUM_WIDTH9_14
gmem0_m_axi_U/clk_gate_bus_read_rreq_burst_conv_rs_req_data_p2_reg       3.9900     0.0      0.0000       3.9900 0.0000 SNPS_CLOCK_GATE_HIGH_tinytpu_isa_gmem0_m_axi_CONSERVATIVE1_NUM_READ_OUTSTANDING16_NUM_WRITE_OUTSTANDING16_MAX_READ_BURST_LENGTH16_MAX_WRITE_BURST_LENGTH16_C_M_AXI_ID_WIDTH1_C_M_AXI_ADDR_WIDTH64_C_M_AXI_DATA_WIDTH512_C_M_AXI_AWUSER_WIDTH1_C_M_AXI_ARUSER_WIDTH1_C_M_AXI_WUSER_WIDTH1_C_M_AXI_RUSER_WIDTH1_C_M_AXI_BUSER_WIDTH1_C_USER_VALUE0_C_PROT_VALUE0_C_CACHE_VALUE3_USER_DW512_USER_AW64_USER_MAXREQS7_USER_RFIFONUM_WIDTH9_15
gmem0_m_axi_U/clk_gate_bus_read_rs_rdata_data_p1_reg       3.9900     0.0      0.0000       3.9900 0.0000 SNPS_CLOCK_GATE_HIGH_tinytpu_isa_gmem0_m_axi_CONSERVATIVE1_NUM_READ_OUTSTANDING16_NUM_WRITE_OUTSTANDING16_MAX_READ_BURST_LENGTH16_MAX_WRITE_BURST_LENGTH16_C_M_AXI_ID_WIDTH1_C_M_AXI_ADDR_WIDTH64_C_M_AXI_DATA_WIDTH512_C_M_AXI_AWUSER_WIDTH1_C_M_AXI_ARUSER_WIDTH1_C_M_AXI_WUSER_WIDTH1_C_M_AXI_RUSER_WIDTH1_C_M_AXI_BUSER_WIDTH1_C_USER_VALUE0_C_PROT_VALUE0_C_CACHE_VALUE3_USER_DW512_USER_AW64_USER_MAXREQS7_USER_RFIFONUM_WIDTH9_12
gmem0_m_axi_U/clk_gate_bus_read_rs_rdata_data_p2_reg       3.9900     0.0      0.0000       3.9900 0.0000 SNPS_CLOCK_GATE_HIGH_tinytpu_isa_gmem0_m_axi_CONSERVATIVE1_NUM_READ_OUTSTANDING16_NUM_WRITE_OUTSTANDING16_MAX_READ_BURST_LENGTH16_MAX_WRITE_BURST_LENGTH16_C_M_AXI_ID_WIDTH1_C_M_AXI_ADDR_WIDTH64_C_M_AXI_DATA_WIDTH512_C_M_AXI_AWUSER_WIDTH1_C_M_AXI_ARUSER_WIDTH1_C_M_AXI_WUSER_WIDTH1_C_M_AXI_RUSER_WIDTH1_C_M_AXI_BUSER_WIDTH1_C_USER_VALUE0_C_PROT_VALUE0_C_CACHE_VALUE3_USER_DW512_USER_AW64_USER_MAXREQS7_USER_RFIFONUM_WIDTH9_13
gmem0_m_axi_U/clk_gate_load_unit_buff_rdata_empty_n_reg       3.9900     0.0      0.0000       3.9900 0.0000 SNPS_CLOCK_GATE_HIGH_tinytpu_isa_gmem0_m_axi_CONSERVATIVE1_NUM_READ_OUTSTANDING16_NUM_WRITE_OUTSTANDING16_MAX_READ_BURST_LENGTH16_MAX_WRITE_BURST_LENGTH16_C_M_AXI_ID_WIDTH1_C_M_AXI_ADDR_WIDTH64_C_M_AXI_DATA_WIDTH512_C_M_AXI_AWUSER_WIDTH1_C_M_AXI_ARUSER_WIDTH1_C_M_AXI_WUSER_WIDTH1_C_M_AXI_RUSER_WIDTH1_C_M_AXI_BUSER_WIDTH1_C_USER_VALUE0_C_PROT_VALUE0_C_CACHE_VALUE3_USER_DW512_USER_AW64_USER_MAXREQS7_USER_RFIFONUM_WIDTH9_301
gmem0_m_axi_U/clk_gate_load_unit_buff_rdata_genblk1_U_fifo_mem_dout_reg       3.9900     0.0      0.0000       3.9900 0.0000 SNPS_CLOCK_GATE_HIGH_tinytpu_isa_gmem0_m_axi_CONSERVATIVE1_NUM_READ_OUTSTANDING16_NUM_WRITE_OUTSTANDING16_MAX_READ_BURST_LENGTH16_MAX_WRITE_BURST_LENGTH16_C_M_AXI_ID_WIDTH1_C_M_AXI_ADDR_WIDTH64_C_M_AXI_DATA_WIDTH512_C_M_AXI_AWUSER_WIDTH1_C_M_AXI_ARUSER_WIDTH1_C_M_AXI_WUSER_WIDTH1_C_M_AXI_RUSER_WIDTH1_C_M_AXI_BUSER_WIDTH1_C_USER_VALUE0_C_PROT_VALUE0_C_CACHE_VALUE3_USER_DW512_USER_AW64_USER_MAXREQS7_USER_RFIFONUM_WIDTH9_299
gmem0_m_axi_U/clk_gate_load_unit_buff_rdata_genblk1_U_fifo_mem_mem_reg_0_       3.9900     0.0      0.0000       3.9900 0.0000 SNPS_CLOCK_GATE_HIGH_tinytpu_isa_gmem0_m_axi_CONSERVATIVE1_NUM_READ_OUTSTANDING16_NUM_WRITE_OUTSTANDING16_MAX_READ_BURST_LENGTH16_MAX_WRITE_BURST_LENGTH16_C_M_AXI_ID_WIDTH1_C_M_AXI_ADDR_WIDTH64_C_M_AXI_DATA_WIDTH512_C_M_AXI_AWUSER_WIDTH1_C_M_AXI_ARUSER_WIDTH1_C_M_AXI_WUSER_WIDTH1_C_M_AXI_RUSER_WIDTH1_C_M_AXI_BUSER_WIDTH1_C_USER_VALUE0_C_PROT_VALUE0_C_CACHE_VALUE3_USER_DW512_USER_AW64_USER_MAXREQS7_USER_RFIFONUM_WIDTH9_44
gmem0_m_axi_U/clk_gate_load_unit_buff_rdata_genblk1_U_fifo_mem_mem_reg_100_       3.9900     0.0      0.0000       3.9900 0.0000 SNPS_CLOCK_GATE_HIGH_tinytpu_isa_gmem0_m_axi_CONSERVATIVE1_NUM_READ_OUTSTANDING16_NUM_WRITE_OUTSTANDING16_MAX_READ_BURST_LENGTH16_MAX_WRITE_BURST_LENGTH16_C_M_AXI_ID_WIDTH1_C_M_AXI_ADDR_WIDTH64_C_M_AXI_DATA_WIDTH512_C_M_AXI_AWUSER_WIDTH1_C_M_AXI_ARUSER_WIDTH1_C_M_AXI_WUSER_WIDTH1_C_M_AXI_RUSER_WIDTH1_C_M_AXI_BUSER_WIDTH1_C_USER_VALUE0_C_PROT_VALUE0_C_CACHE_VALUE3_USER_DW512_USER_AW64_USER_MAXREQS7_USER_RFIFONUM_WIDTH9_144
gmem0_m_axi_U/clk_gate_load_unit_buff_rdata_genblk1_U_fifo_mem_mem_reg_101_       3.9900     0.0      0.0000       3.9900 0.0000 SNPS_CLOCK_GATE_HIGH_tinytpu_isa_gmem0_m_axi_CONSERVATIVE1_NUM_READ_OUTSTANDING16_NUM_WRITE_OUTSTANDING16_MAX_READ_BURST_LENGTH16_MAX_WRITE_BURST_LENGTH16_C_M_AXI_ID_WIDTH1_C_M_AXI_ADDR_WIDTH64_C_M_AXI_DATA_WIDTH512_C_M_AXI_AWUSER_WIDTH1_C_M_AXI_ARUSER_WIDTH1_C_M_AXI_WUSER_WIDTH1_C_M_AXI_RUSER_WIDTH1_C_M_AXI_BUSER_WIDTH1_C_USER_VALUE0_C_PROT_VALUE0_C_CACHE_VALUE3_USER_DW512_USER_AW64_USER_MAXREQS7_USER_RFIFONUM_WIDTH9_145
gmem0_m_axi_U/clk_gate_load_unit_buff_rdata_genblk1_U_fifo_mem_mem_reg_102_       3.9900     0.0      0.0000       3.9900 0.0000 SNPS_CLOCK_GATE_HIGH_tinytpu_isa_gmem0_m_axi_CONSERVATIVE1_NUM_READ_OUTSTANDING16_NUM_WRITE_OUTSTANDING16_MAX_READ_BURST_LENGTH16_MAX_WRITE_BURST_LENGTH16_C_M_AXI_ID_WIDTH1_C_M_AXI_ADDR_WIDTH64_C_M_AXI_DATA_WIDTH512_C_M_AXI_AWUSER_WIDTH1_C_M_AXI_ARUSER_WIDTH1_C_M_AXI_WUSER_WIDTH1_C_M_AXI_RUSER_WIDTH1_C_M_AXI_BUSER_WIDTH1_C_USER_VALUE0_C_PROT_VALUE0_C_CACHE_VALUE3_USER_DW512_USER_AW64_USER_MAXREQS7_USER_RFIFONUM_WIDTH9_146
gmem0_m_axi_U/clk_gate_load_unit_buff_rdata_genblk1_U_fifo_mem_mem_reg_103_       3.9900     0.0      0.0000       3.9900 0.0000 SNPS_CLOCK_GATE_HIGH_tinytpu_isa_gmem0_m_axi_CONSERVATIVE1_NUM_READ_OUTSTANDING16_NUM_WRITE_OUTSTANDING16_MAX_READ_BURST_LENGTH16_MAX_WRITE_BURST_LENGTH16_C_M_AXI_ID_WIDTH1_C_M_AXI_ADDR_WIDTH64_C_M_AXI_DATA_WIDTH512_C_M_AXI_AWUSER_WIDTH1_C_M_AXI_ARUSER_WIDTH1_C_M_AXI_WUSER_WIDTH1_C_M_AXI_RUSER_WIDTH1_C_M_AXI_BUSER_WIDTH1_C_USER_VALUE0_C_PROT_VALUE0_C_CACHE_VALUE3_USER_DW512_USER_AW64_USER_MAXREQS7_USER_RFIFONUM_WIDTH9_147
gmem0_m_axi_U/clk_gate_load_unit_buff_rdata_genblk1_U_fifo_mem_mem_reg_104_       3.9900     0.0      0.0000       3.9900 0.0000 SNPS_CLOCK_GATE_HIGH_tinytpu_isa_gmem0_m_axi_CONSERVATIVE1_NUM_READ_OUTSTANDING16_NUM_WRITE_OUTSTANDING16_MAX_READ_BURST_LENGTH16_MAX_WRITE_BURST_LENGTH16_C_M_AXI_ID_WIDTH1_C_M_AXI_ADDR_WIDTH64_C_M_AXI_DATA_WIDTH512_C_M_AXI_AWUSER_WIDTH1_C_M_AXI_ARUSER_WIDTH1_C_M_AXI_WUSER_WIDTH1_C_M_AXI_RUSER_WIDTH1_C_M_AXI_BUSER_WIDTH1_C_USER_VALUE0_C_PROT_VALUE0_C_CACHE_VALUE3_USER_DW512_USER_AW64_USER_MAXREQS7_USER_RFIFONUM_WIDTH9_148
gmem0_m_axi_U/clk_gate_load_unit_buff_rdata_genblk1_U_fifo_mem_mem_reg_105_       3.9900     0.0      0.0000       3.9900 0.0000 SNPS_CLOCK_GATE_HIGH_tinytpu_isa_gmem0_m_axi_CONSERVATIVE1_NUM_READ_OUTSTANDING16_NUM_WRITE_OUTSTANDING16_MAX_READ_BURST_LENGTH16_MAX_WRITE_BURST_LENGTH16_C_M_AXI_ID_WIDTH1_C_M_AXI_ADDR_WIDTH64_C_M_AXI_DATA_WIDTH512_C_M_AXI_AWUSER_WIDTH1_C_M_AXI_ARUSER_WIDTH1_C_M_AXI_WUSER_WIDTH1_C_M_AXI_RUSER_WIDTH1_C_M_AXI_BUSER_WIDTH1_C_USER_VALUE0_C_PROT_VALUE0_C_CACHE_VALUE3_USER_DW512_USER_AW64_USER_MAXREQS7_USER_RFIFONUM_WIDTH9_149
gmem0_m_axi_U/clk_gate_load_unit_buff_rdata_genblk1_U_fifo_mem_mem_reg_106_       3.9900     0.0      0.0000       3.9900 0.0000 SNPS_CLOCK_GATE_HIGH_tinytpu_isa_gmem0_m_axi_CONSERVATIVE1_NUM_READ_OUTSTANDING16_NUM_WRITE_OUTSTANDING16_MAX_READ_BURST_LENGTH16_MAX_WRITE_BURST_LENGTH16_C_M_AXI_ID_WIDTH1_C_M_AXI_ADDR_WIDTH64_C_M_AXI_DATA_WIDTH512_C_M_AXI_AWUSER_WIDTH1_C_M_AXI_ARUSER_WIDTH1_C_M_AXI_WUSER_WIDTH1_C_M_AXI_RUSER_WIDTH1_C_M_AXI_BUSER_WIDTH1_C_USER_VALUE0_C_PROT_VALUE0_C_CACHE_VALUE3_USER_DW512_USER_AW64_USER_MAXREQS7_USER_RFIFONUM_WIDTH9_150
gmem0_m_axi_U/clk_gate_load_unit_buff_rdata_genblk1_U_fifo_mem_mem_reg_107_       3.9900     0.0      0.0000       3.9900 0.0000 SNPS_CLOCK_GATE_HIGH_tinytpu_isa_gmem0_m_axi_CONSERVATIVE1_NUM_READ_OUTSTANDING16_NUM_WRITE_OUTSTANDING16_MAX_READ_BURST_LENGTH16_MAX_WRITE_BURST_LENGTH16_C_M_AXI_ID_WIDTH1_C_M_AXI_ADDR_WIDTH64_C_M_AXI_DATA_WIDTH512_C_M_AXI_AWUSER_WIDTH1_C_M_AXI_ARUSER_WIDTH1_C_M_AXI_WUSER_WIDTH1_C_M_AXI_RUSER_WIDTH1_C_M_AXI_BUSER_WIDTH1_C_USER_VALUE0_C_PROT_VALUE0_C_CACHE_VALUE3_USER_DW512_USER_AW64_USER_MAXREQS7_USER_RFIFONUM_WIDTH9_151
gmem0_m_axi_U/clk_gate_load_unit_buff_rdata_genblk1_U_fifo_mem_mem_reg_108_       3.9900     0.0      0.0000       3.9900 0.0000 SNPS_CLOCK_GATE_HIGH_tinytpu_isa_gmem0_m_axi_CONSERVATIVE1_NUM_READ_OUTSTANDING16_NUM_WRITE_OUTSTANDING16_MAX_READ_BURST_LENGTH16_MAX_WRITE_BURST_LENGTH16_C_M_AXI_ID_WIDTH1_C_M_AXI_ADDR_WIDTH64_C_M_AXI_DATA_WIDTH512_C_M_AXI_AWUSER_WIDTH1_C_M_AXI_ARUSER_WIDTH1_C_M_AXI_WUSER_WIDTH1_C_M_AXI_RUSER_WIDTH1_C_M_AXI_BUSER_WIDTH1_C_USER_VALUE0_C_PROT_VALUE0_C_CACHE_VALUE3_USER_DW512_USER_AW64_USER_MAXREQS7_USER_RFIFONUM_WIDTH9_152
gmem0_m_axi_U/clk_gate_load_unit_buff_rdata_genblk1_U_fifo_mem_mem_reg_109_       3.9900     0.0      0.0000       3.9900 0.0000 SNPS_CLOCK_GATE_HIGH_tinytpu_isa_gmem0_m_axi_CONSERVATIVE1_NUM_READ_OUTSTANDING16_NUM_WRITE_OUTSTANDING16_MAX_READ_BURST_LENGTH16_MAX_WRITE_BURST_LENGTH16_C_M_AXI_ID_WIDTH1_C_M_AXI_ADDR_WIDTH64_C_M_AXI_DATA_WIDTH512_C_M_AXI_AWUSER_WIDTH1_C_M_AXI_ARUSER_WIDTH1_C_M_AXI_WUSER_WIDTH1_C_M_AXI_RUSER_WIDTH1_C_M_AXI_BUSER_WIDTH1_C_USER_VALUE0_C_PROT_VALUE0_C_CACHE_VALUE3_USER_DW512_USER_AW64_USER_MAXREQS7_USER_RFIFONUM_WIDTH9_153
gmem0_m_axi_U/clk_gate_load_unit_buff_rdata_genblk1_U_fifo_mem_mem_reg_10_       3.9900     0.0      0.0000       3.9900 0.0000 SNPS_CLOCK_GATE_HIGH_tinytpu_isa_gmem0_m_axi_CONSERVATIVE1_NUM_READ_OUTSTANDING16_NUM_WRITE_OUTSTANDING16_MAX_READ_BURST_LENGTH16_MAX_WRITE_BURST_LENGTH16_C_M_AXI_ID_WIDTH1_C_M_AXI_ADDR_WIDTH64_C_M_AXI_DATA_WIDTH512_C_M_AXI_AWUSER_WIDTH1_C_M_AXI_ARUSER_WIDTH1_C_M_AXI_WUSER_WIDTH1_C_M_AXI_RUSER_WIDTH1_C_M_AXI_BUSER_WIDTH1_C_USER_VALUE0_C_PROT_VALUE0_C_CACHE_VALUE3_USER_DW512_USER_AW64_USER_MAXREQS7_USER_RFIFONUM_WIDTH9_54
gmem0_m_axi_U/clk_gate_load_unit_buff_rdata_genblk1_U_fifo_mem_mem_reg_110_       3.9900     0.0      0.0000       3.9900 0.0000 SNPS_CLOCK_GATE_HIGH_tinytpu_isa_gmem0_m_axi_CONSERVATIVE1_NUM_READ_OUTSTANDING16_NUM_WRITE_OUTSTANDING16_MAX_READ_BURST_LENGTH16_MAX_WRITE_BURST_LENGTH16_C_M_AXI_ID_WIDTH1_C_M_AXI_ADDR_WIDTH64_C_M_AXI_DATA_WIDTH512_C_M_AXI_AWUSER_WIDTH1_C_M_AXI_ARUSER_WIDTH1_C_M_AXI_WUSER_WIDTH1_C_M_AXI_RUSER_WIDTH1_C_M_AXI_BUSER_WIDTH1_C_USER_VALUE0_C_PROT_VALUE0_C_CACHE_VALUE3_USER_DW512_USER_AW64_USER_MAXREQS7_USER_RFIFONUM_WIDTH9_154
gmem0_m_axi_U/clk_gate_load_unit_buff_rdata_genblk1_U_fifo_mem_mem_reg_111_       3.9900     0.0      0.0000       3.9900 0.0000 SNPS_CLOCK_GATE_HIGH_tinytpu_isa_gmem0_m_axi_CONSERVATIVE1_NUM_READ_OUTSTANDING16_NUM_WRITE_OUTSTANDING16_MAX_READ_BURST_LENGTH16_MAX_WRITE_BURST_LENGTH16_C_M_AXI_ID_WIDTH1_C_M_AXI_ADDR_WIDTH64_C_M_AXI_DATA_WIDTH512_C_M_AXI_AWUSER_WIDTH1_C_M_AXI_ARUSER_WIDTH1_C_M_AXI_WUSER_WIDTH1_C_M_AXI_RUSER_WIDTH1_C_M_AXI_BUSER_WIDTH1_C_USER_VALUE0_C_PROT_VALUE0_C_CACHE_VALUE3_USER_DW512_USER_AW64_USER_MAXREQS7_USER_RFIFONUM_WIDTH9_155
gmem0_m_axi_U/clk_gate_load_unit_buff_rdata_genblk1_U_fifo_mem_mem_reg_112_       3.9900     0.0      0.0000       3.9900 0.0000 SNPS_CLOCK_GATE_HIGH_tinytpu_isa_gmem0_m_axi_CONSERVATIVE1_NUM_READ_OUTSTANDING16_NUM_WRITE_OUTSTANDING16_MAX_READ_BURST_LENGTH16_MAX_WRITE_BURST_LENGTH16_C_M_AXI_ID_WIDTH1_C_M_AXI_ADDR_WIDTH64_C_M_AXI_DATA_WIDTH512_C_M_AXI_AWUSER_WIDTH1_C_M_AXI_ARUSER_WIDTH1_C_M_AXI_WUSER_WIDTH1_C_M_AXI_RUSER_WIDTH1_C_M_AXI_BUSER_WIDTH1_C_USER_VALUE0_C_PROT_VALUE0_C_CACHE_VALUE3_USER_DW512_USER_AW64_USER_MAXREQS7_USER_RFIFONUM_WIDTH9_156
gmem0_m_axi_U/clk_gate_load_unit_buff_rdata_genblk1_U_fifo_mem_mem_reg_113_       3.9900     0.0      0.0000       3.9900 0.0000 SNPS_CLOCK_GATE_HIGH_tinytpu_isa_gmem0_m_axi_CONSERVATIVE1_NUM_READ_OUTSTANDING16_NUM_WRITE_OUTSTANDING16_MAX_READ_BURST_LENGTH16_MAX_WRITE_BURST_LENGTH16_C_M_AXI_ID_WIDTH1_C_M_AXI_ADDR_WIDTH64_C_M_AXI_DATA_WIDTH512_C_M_AXI_AWUSER_WIDTH1_C_M_AXI_ARUSER_WIDTH1_C_M_AXI_WUSER_WIDTH1_C_M_AXI_RUSER_WIDTH1_C_M_AXI_BUSER_WIDTH1_C_USER_VALUE0_C_PROT_VALUE0_C_CACHE_VALUE3_USER_DW512_USER_AW64_USER_MAXREQS7_USER_RFIFONUM_WIDTH9_157
gmem0_m_axi_U/clk_gate_load_unit_buff_rdata_genblk1_U_fifo_mem_mem_reg_114_       3.9900     0.0      0.0000       3.9900 0.0000 SNPS_CLOCK_GATE_HIGH_tinytpu_isa_gmem0_m_axi_CONSERVATIVE1_NUM_READ_OUTSTANDING16_NUM_WRITE_OUTSTANDING16_MAX_READ_BURST_LENGTH16_MAX_WRITE_BURST_LENGTH16_C_M_AXI_ID_WIDTH1_C_M_AXI_ADDR_WIDTH64_C_M_AXI_DATA_WIDTH512_C_M_AXI_AWUSER_WIDTH1_C_M_AXI_ARUSER_WIDTH1_C_M_AXI_WUSER_WIDTH1_C_M_AXI_RUSER_WIDTH1_C_M_AXI_BUSER_WIDTH1_C_USER_VALUE0_C_PROT_VALUE0_C_CACHE_VALUE3_USER_DW512_USER_AW64_USER_MAXREQS7_USER_RFIFONUM_WIDTH9_158
gmem0_m_axi_U/clk_gate_load_unit_buff_rdata_genblk1_U_fifo_mem_mem_reg_115_       3.9900     0.0      0.0000       3.9900 0.0000 SNPS_CLOCK_GATE_HIGH_tinytpu_isa_gmem0_m_axi_CONSERVATIVE1_NUM_READ_OUTSTANDING16_NUM_WRITE_OUTSTANDING16_MAX_READ_BURST_LENGTH16_MAX_WRITE_BURST_LENGTH16_C_M_AXI_ID_WIDTH1_C_M_AXI_ADDR_WIDTH64_C_M_AXI_DATA_WIDTH512_C_M_AXI_AWUSER_WIDTH1_C_M_AXI_ARUSER_WIDTH1_C_M_AXI_WUSER_WIDTH1_C_M_AXI_RUSER_WIDTH1_C_M_AXI_BUSER_WIDTH1_C_USER_VALUE0_C_PROT_VALUE0_C_CACHE_VALUE3_USER_DW512_USER_AW64_USER_MAXREQS7_USER_RFIFONUM_WIDTH9_159
gmem0_m_axi_U/clk_gate_load_unit_buff_rdata_genblk1_U_fifo_mem_mem_reg_116_       3.9900     0.0      0.0000       3.9900 0.0000 SNPS_CLOCK_GATE_HIGH_tinytpu_isa_gmem0_m_axi_CONSERVATIVE1_NUM_READ_OUTSTANDING16_NUM_WRITE_OUTSTANDING16_MAX_READ_BURST_LENGTH16_MAX_WRITE_BURST_LENGTH16_C_M_AXI_ID_WIDTH1_C_M_AXI_ADDR_WIDTH64_C_M_AXI_DATA_WIDTH512_C_M_AXI_AWUSER_WIDTH1_C_M_AXI_ARUSER_WIDTH1_C_M_AXI_WUSER_WIDTH1_C_M_AXI_RUSER_WIDTH1_C_M_AXI_BUSER_WIDTH1_C_USER_VALUE0_C_PROT_VALUE0_C_CACHE_VALUE3_USER_DW512_USER_AW64_USER_MAXREQS7_USER_RFIFONUM_WIDTH9_160
gmem0_m_axi_U/clk_gate_load_unit_buff_rdata_genblk1_U_fifo_mem_mem_reg_117_       3.9900     0.0      0.0000       3.9900 0.0000 SNPS_CLOCK_GATE_HIGH_tinytpu_isa_gmem0_m_axi_CONSERVATIVE1_NUM_READ_OUTSTANDING16_NUM_WRITE_OUTSTANDING16_MAX_READ_BURST_LENGTH16_MAX_WRITE_BURST_LENGTH16_C_M_AXI_ID_WIDTH1_C_M_AXI_ADDR_WIDTH64_C_M_AXI_DATA_WIDTH512_C_M_AXI_AWUSER_WIDTH1_C_M_AXI_ARUSER_WIDTH1_C_M_AXI_WUSER_WIDTH1_C_M_AXI_RUSER_WIDTH1_C_M_AXI_BUSER_WIDTH1_C_USER_VALUE0_C_PROT_VALUE0_C_CACHE_VALUE3_USER_DW512_USER_AW64_USER_MAXREQS7_USER_RFIFONUM_WIDTH9_161
gmem0_m_axi_U/clk_gate_load_unit_buff_rdata_genblk1_U_fifo_mem_mem_reg_118_       3.9900     0.0      0.0000       3.9900 0.0000 SNPS_CLOCK_GATE_HIGH_tinytpu_isa_gmem0_m_axi_CONSERVATIVE1_NUM_READ_OUTSTANDING16_NUM_WRITE_OUTSTANDING16_MAX_READ_BURST_LENGTH16_MAX_WRITE_BURST_LENGTH16_C_M_AXI_ID_WIDTH1_C_M_AXI_ADDR_WIDTH64_C_M_AXI_DATA_WIDTH512_C_M_AXI_AWUSER_WIDTH1_C_M_AXI_ARUSER_WIDTH1_C_M_AXI_WUSER_WIDTH1_C_M_AXI_RUSER_WIDTH1_C_M_AXI_BUSER_WIDTH1_C_USER_VALUE0_C_PROT_VALUE0_C_CACHE_VALUE3_USER_DW512_USER_AW64_USER_MAXREQS7_USER_RFIFONUM_WIDTH9_162
gmem0_m_axi_U/clk_gate_load_unit_buff_rdata_genblk1_U_fifo_mem_mem_reg_119_       3.9900     0.0      0.0000       3.9900 0.0000 SNPS_CLOCK_GATE_HIGH_tinytpu_isa_gmem0_m_axi_CONSERVATIVE1_NUM_READ_OUTSTANDING16_NUM_WRITE_OUTSTANDING16_MAX_READ_BURST_LENGTH16_MAX_WRITE_BURST_LENGTH16_C_M_AXI_ID_WIDTH1_C_M_AXI_ADDR_WIDTH64_C_M_AXI_DATA_WIDTH512_C_M_AXI_AWUSER_WIDTH1_C_M_AXI_ARUSER_WIDTH1_C_M_AXI_WUSER_WIDTH1_C_M_AXI_RUSER_WIDTH1_C_M_AXI_BUSER_WIDTH1_C_USER_VALUE0_C_PROT_VALUE0_C_CACHE_VALUE3_USER_DW512_USER_AW64_USER_MAXREQS7_USER_RFIFONUM_WIDTH9_163
gmem0_m_axi_U/clk_gate_load_unit_buff_rdata_genblk1_U_fifo_mem_mem_reg_11_       3.9900     0.0      0.0000       3.9900 0.0000 SNPS_CLOCK_GATE_HIGH_tinytpu_isa_gmem0_m_axi_CONSERVATIVE1_NUM_READ_OUTSTANDING16_NUM_WRITE_OUTSTANDING16_MAX_READ_BURST_LENGTH16_MAX_WRITE_BURST_LENGTH16_C_M_AXI_ID_WIDTH1_C_M_AXI_ADDR_WIDTH64_C_M_AXI_DATA_WIDTH512_C_M_AXI_AWUSER_WIDTH1_C_M_AXI_ARUSER_WIDTH1_C_M_AXI_WUSER_WIDTH1_C_M_AXI_RUSER_WIDTH1_C_M_AXI_BUSER_WIDTH1_C_USER_VALUE0_C_PROT_VALUE0_C_CACHE_VALUE3_USER_DW512_USER_AW64_USER_MAXREQS7_USER_RFIFONUM_WIDTH9_55
gmem0_m_axi_U/clk_gate_load_unit_buff_rdata_genblk1_U_fifo_mem_mem_reg_120_       3.9900     0.0      0.0000       3.9900 0.0000 SNPS_CLOCK_GATE_HIGH_tinytpu_isa_gmem0_m_axi_CONSERVATIVE1_NUM_READ_OUTSTANDING16_NUM_WRITE_OUTSTANDING16_MAX_READ_BURST_LENGTH16_MAX_WRITE_BURST_LENGTH16_C_M_AXI_ID_WIDTH1_C_M_AXI_ADDR_WIDTH64_C_M_AXI_DATA_WIDTH512_C_M_AXI_AWUSER_WIDTH1_C_M_AXI_ARUSER_WIDTH1_C_M_AXI_WUSER_WIDTH1_C_M_AXI_RUSER_WIDTH1_C_M_AXI_BUSER_WIDTH1_C_USER_VALUE0_C_PROT_VALUE0_C_CACHE_VALUE3_USER_DW512_USER_AW64_USER_MAXREQS7_USER_RFIFONUM_WIDTH9_164
gmem0_m_axi_U/clk_gate_load_unit_buff_rdata_genblk1_U_fifo_mem_mem_reg_121_       3.9900     0.0      0.0000       3.9900 0.0000 SNPS_CLOCK_GATE_HIGH_tinytpu_isa_gmem0_m_axi_CONSERVATIVE1_NUM_READ_OUTSTANDING16_NUM_WRITE_OUTSTANDING16_MAX_READ_BURST_LENGTH16_MAX_WRITE_BURST_LENGTH16_C_M_AXI_ID_WIDTH1_C_M_AXI_ADDR_WIDTH64_C_M_AXI_DATA_WIDTH512_C_M_AXI_AWUSER_WIDTH1_C_M_AXI_ARUSER_WIDTH1_C_M_AXI_WUSER_WIDTH1_C_M_AXI_RUSER_WIDTH1_C_M_AXI_BUSER_WIDTH1_C_USER_VALUE0_C_PROT_VALUE0_C_CACHE_VALUE3_USER_DW512_USER_AW64_USER_MAXREQS7_USER_RFIFONUM_WIDTH9_165
gmem0_m_axi_U/clk_gate_load_unit_buff_rdata_genblk1_U_fifo_mem_mem_reg_122_       3.9900     0.0      0.0000       3.9900 0.0000 SNPS_CLOCK_GATE_HIGH_tinytpu_isa_gmem0_m_axi_CONSERVATIVE1_NUM_READ_OUTSTANDING16_NUM_WRITE_OUTSTANDING16_MAX_READ_BURST_LENGTH16_MAX_WRITE_BURST_LENGTH16_C_M_AXI_ID_WIDTH1_C_M_AXI_ADDR_WIDTH64_C_M_AXI_DATA_WIDTH512_C_M_AXI_AWUSER_WIDTH1_C_M_AXI_ARUSER_WIDTH1_C_M_AXI_WUSER_WIDTH1_C_M_AXI_RUSER_WIDTH1_C_M_AXI_BUSER_WIDTH1_C_USER_VALUE0_C_PROT_VALUE0_C_CACHE_VALUE3_USER_DW512_USER_AW64_USER_MAXREQS7_USER_RFIFONUM_WIDTH9_166
gmem0_m_axi_U/clk_gate_load_unit_buff_rdata_genblk1_U_fifo_mem_mem_reg_123_       3.9900     0.0      0.0000       3.9900 0.0000 SNPS_CLOCK_GATE_HIGH_tinytpu_isa_gmem0_m_axi_CONSERVATIVE1_NUM_READ_OUTSTANDING16_NUM_WRITE_OUTSTANDING16_MAX_READ_BURST_LENGTH16_MAX_WRITE_BURST_LENGTH16_C_M_AXI_ID_WIDTH1_C_M_AXI_ADDR_WIDTH64_C_M_AXI_DATA_WIDTH512_C_M_AXI_AWUSER_WIDTH1_C_M_AXI_ARUSER_WIDTH1_C_M_AXI_WUSER_WIDTH1_C_M_AXI_RUSER_WIDTH1_C_M_AXI_BUSER_WIDTH1_C_USER_VALUE0_C_PROT_VALUE0_C_CACHE_VALUE3_USER_DW512_USER_AW64_USER_MAXREQS7_USER_RFIFONUM_WIDTH9_167
gmem0_m_axi_U/clk_gate_load_unit_buff_rdata_genblk1_U_fifo_mem_mem_reg_124_       3.9900     0.0      0.0000       3.9900 0.0000 SNPS_CLOCK_GATE_HIGH_tinytpu_isa_gmem0_m_axi_CONSERVATIVE1_NUM_READ_OUTSTANDING16_NUM_WRITE_OUTSTANDING16_MAX_READ_BURST_LENGTH16_MAX_WRITE_BURST_LENGTH16_C_M_AXI_ID_WIDTH1_C_M_AXI_ADDR_WIDTH64_C_M_AXI_DATA_WIDTH512_C_M_AXI_AWUSER_WIDTH1_C_M_AXI_ARUSER_WIDTH1_C_M_AXI_WUSER_WIDTH1_C_M_AXI_RUSER_WIDTH1_C_M_AXI_BUSER_WIDTH1_C_USER_VALUE0_C_PROT_VALUE0_C_CACHE_VALUE3_USER_DW512_USER_AW64_USER_MAXREQS7_USER_RFIFONUM_WIDTH9_168
gmem0_m_axi_U/clk_gate_load_unit_buff_rdata_genblk1_U_fifo_mem_mem_reg_125_       3.9900     0.0      0.0000       3.9900 0.0000 SNPS_CLOCK_GATE_HIGH_tinytpu_isa_gmem0_m_axi_CONSERVATIVE1_NUM_READ_OUTSTANDING16_NUM_WRITE_OUTSTANDING16_MAX_READ_BURST_LENGTH16_MAX_WRITE_BURST_LENGTH16_C_M_AXI_ID_WIDTH1_C_M_AXI_ADDR_WIDTH64_C_M_AXI_DATA_WIDTH512_C_M_AXI_AWUSER_WIDTH1_C_M_AXI_ARUSER_WIDTH1_C_M_AXI_WUSER_WIDTH1_C_M_AXI_RUSER_WIDTH1_C_M_AXI_BUSER_WIDTH1_C_USER_VALUE0_C_PROT_VALUE0_C_CACHE_VALUE3_USER_DW512_USER_AW64_USER_MAXREQS7_USER_RFIFONUM_WIDTH9_169
gmem0_m_axi_U/clk_gate_load_unit_buff_rdata_genblk1_U_fifo_mem_mem_reg_126_       3.9900     0.0      0.0000       3.9900 0.0000 SNPS_CLOCK_GATE_HIGH_tinytpu_isa_gmem0_m_axi_CONSERVATIVE1_NUM_READ_OUTSTANDING16_NUM_WRITE_OUTSTANDING16_MAX_READ_BURST_LENGTH16_MAX_WRITE_BURST_LENGTH16_C_M_AXI_ID_WIDTH1_C_M_AXI_ADDR_WIDTH64_C_M_AXI_DATA_WIDTH512_C_M_AXI_AWUSER_WIDTH1_C_M_AXI_ARUSER_WIDTH1_C_M_AXI_WUSER_WIDTH1_C_M_AXI_RUSER_WIDTH1_C_M_AXI_BUSER_WIDTH1_C_USER_VALUE0_C_PROT_VALUE0_C_CACHE_VALUE3_USER_DW512_USER_AW64_USER_MAXREQS7_USER_RFIFONUM_WIDTH9_170
gmem0_m_axi_U/clk_gate_load_unit_buff_rdata_genblk1_U_fifo_mem_mem_reg_127_       3.9900     0.0      0.0000       3.9900 0.0000 SNPS_CLOCK_GATE_HIGH_tinytpu_isa_gmem0_m_axi_CONSERVATIVE1_NUM_READ_OUTSTANDING16_NUM_WRITE_OUTSTANDING16_MAX_READ_BURST_LENGTH16_MAX_WRITE_BURST_LENGTH16_C_M_AXI_ID_WIDTH1_C_M_AXI_ADDR_WIDTH64_C_M_AXI_DATA_WIDTH512_C_M_AXI_AWUSER_WIDTH1_C_M_AXI_ARUSER_WIDTH1_C_M_AXI_WUSER_WIDTH1_C_M_AXI_RUSER_WIDTH1_C_M_AXI_BUSER_WIDTH1_C_USER_VALUE0_C_PROT_VALUE0_C_CACHE_VALUE3_USER_DW512_USER_AW64_USER_MAXREQS7_USER_RFIFONUM_WIDTH9_171
gmem0_m_axi_U/clk_gate_load_unit_buff_rdata_genblk1_U_fifo_mem_mem_reg_128_       3.9900     0.0      0.0000       3.9900 0.0000 SNPS_CLOCK_GATE_HIGH_tinytpu_isa_gmem0_m_axi_CONSERVATIVE1_NUM_READ_OUTSTANDING16_NUM_WRITE_OUTSTANDING16_MAX_READ_BURST_LENGTH16_MAX_WRITE_BURST_LENGTH16_C_M_AXI_ID_WIDTH1_C_M_AXI_ADDR_WIDTH64_C_M_AXI_DATA_WIDTH512_C_M_AXI_AWUSER_WIDTH1_C_M_AXI_ARUSER_WIDTH1_C_M_AXI_WUSER_WIDTH1_C_M_AXI_RUSER_WIDTH1_C_M_AXI_BUSER_WIDTH1_C_USER_VALUE0_C_PROT_VALUE0_C_CACHE_VALUE3_USER_DW512_USER_AW64_USER_MAXREQS7_USER_RFIFONUM_WIDTH9_172
gmem0_m_axi_U/clk_gate_load_unit_buff_rdata_genblk1_U_fifo_mem_mem_reg_129_       3.9900     0.0      0.0000       3.9900 0.0000 SNPS_CLOCK_GATE_HIGH_tinytpu_isa_gmem0_m_axi_CONSERVATIVE1_NUM_READ_OUTSTANDING16_NUM_WRITE_OUTSTANDING16_MAX_READ_BURST_LENGTH16_MAX_WRITE_BURST_LENGTH16_C_M_AXI_ID_WIDTH1_C_M_AXI_ADDR_WIDTH64_C_M_AXI_DATA_WIDTH512_C_M_AXI_AWUSER_WIDTH1_C_M_AXI_ARUSER_WIDTH1_C_M_AXI_WUSER_WIDTH1_C_M_AXI_RUSER_WIDTH1_C_M_AXI_BUSER_WIDTH1_C_USER_VALUE0_C_PROT_VALUE0_C_CACHE_VALUE3_USER_DW512_USER_AW64_USER_MAXREQS7_USER_RFIFONUM_WIDTH9_173
gmem0_m_axi_U/clk_gate_load_unit_buff_rdata_genblk1_U_fifo_mem_mem_reg_12_       3.9900     0.0      0.0000       3.9900 0.0000 SNPS_CLOCK_GATE_HIGH_tinytpu_isa_gmem0_m_axi_CONSERVATIVE1_NUM_READ_OUTSTANDING16_NUM_WRITE_OUTSTANDING16_MAX_READ_BURST_LENGTH16_MAX_WRITE_BURST_LENGTH16_C_M_AXI_ID_WIDTH1_C_M_AXI_ADDR_WIDTH64_C_M_AXI_DATA_WIDTH512_C_M_AXI_AWUSER_WIDTH1_C_M_AXI_ARUSER_WIDTH1_C_M_AXI_WUSER_WIDTH1_C_M_AXI_RUSER_WIDTH1_C_M_AXI_BUSER_WIDTH1_C_USER_VALUE0_C_PROT_VALUE0_C_CACHE_VALUE3_USER_DW512_USER_AW64_USER_MAXREQS7_USER_RFIFONUM_WIDTH9_56
gmem0_m_axi_U/clk_gate_load_unit_buff_rdata_genblk1_U_fifo_mem_mem_reg_130_       3.9900     0.0      0.0000       3.9900 0.0000 SNPS_CLOCK_GATE_HIGH_tinytpu_isa_gmem0_m_axi_CONSERVATIVE1_NUM_READ_OUTSTANDING16_NUM_WRITE_OUTSTANDING16_MAX_READ_BURST_LENGTH16_MAX_WRITE_BURST_LENGTH16_C_M_AXI_ID_WIDTH1_C_M_AXI_ADDR_WIDTH64_C_M_AXI_DATA_WIDTH512_C_M_AXI_AWUSER_WIDTH1_C_M_AXI_ARUSER_WIDTH1_C_M_AXI_WUSER_WIDTH1_C_M_AXI_RUSER_WIDTH1_C_M_AXI_BUSER_WIDTH1_C_USER_VALUE0_C_PROT_VALUE0_C_CACHE_VALUE3_USER_DW512_USER_AW64_USER_MAXREQS7_USER_RFIFONUM_WIDTH9_174
gmem0_m_axi_U/clk_gate_load_unit_buff_rdata_genblk1_U_fifo_mem_mem_reg_131_       3.9900     0.0      0.0000       3.9900 0.0000 SNPS_CLOCK_GATE_HIGH_tinytpu_isa_gmem0_m_axi_CONSERVATIVE1_NUM_READ_OUTSTANDING16_NUM_WRITE_OUTSTANDING16_MAX_READ_BURST_LENGTH16_MAX_WRITE_BURST_LENGTH16_C_M_AXI_ID_WIDTH1_C_M_AXI_ADDR_WIDTH64_C_M_AXI_DATA_WIDTH512_C_M_AXI_AWUSER_WIDTH1_C_M_AXI_ARUSER_WIDTH1_C_M_AXI_WUSER_WIDTH1_C_M_AXI_RUSER_WIDTH1_C_M_AXI_BUSER_WIDTH1_C_USER_VALUE0_C_PROT_VALUE0_C_CACHE_VALUE3_USER_DW512_USER_AW64_USER_MAXREQS7_USER_RFIFONUM_WIDTH9_175
gmem0_m_axi_U/clk_gate_load_unit_buff_rdata_genblk1_U_fifo_mem_mem_reg_132_       3.9900     0.0      0.0000       3.9900 0.0000 SNPS_CLOCK_GATE_HIGH_tinytpu_isa_gmem0_m_axi_CONSERVATIVE1_NUM_READ_OUTSTANDING16_NUM_WRITE_OUTSTANDING16_MAX_READ_BURST_LENGTH16_MAX_WRITE_BURST_LENGTH16_C_M_AXI_ID_WIDTH1_C_M_AXI_ADDR_WIDTH64_C_M_AXI_DATA_WIDTH512_C_M_AXI_AWUSER_WIDTH1_C_M_AXI_ARUSER_WIDTH1_C_M_AXI_WUSER_WIDTH1_C_M_AXI_RUSER_WIDTH1_C_M_AXI_BUSER_WIDTH1_C_USER_VALUE0_C_PROT_VALUE0_C_CACHE_VALUE3_USER_DW512_USER_AW64_USER_MAXREQS7_USER_RFIFONUM_WIDTH9_176
gmem0_m_axi_U/clk_gate_load_unit_buff_rdata_genblk1_U_fifo_mem_mem_reg_133_       3.9900     0.0      0.0000       3.9900 0.0000 SNPS_CLOCK_GATE_HIGH_tinytpu_isa_gmem0_m_axi_CONSERVATIVE1_NUM_READ_OUTSTANDING16_NUM_WRITE_OUTSTANDING16_MAX_READ_BURST_LENGTH16_MAX_WRITE_BURST_LENGTH16_C_M_AXI_ID_WIDTH1_C_M_AXI_ADDR_WIDTH64_C_M_AXI_DATA_WIDTH512_C_M_AXI_AWUSER_WIDTH1_C_M_AXI_ARUSER_WIDTH1_C_M_AXI_WUSER_WIDTH1_C_M_AXI_RUSER_WIDTH1_C_M_AXI_BUSER_WIDTH1_C_USER_VALUE0_C_PROT_VALUE0_C_CACHE_VALUE3_USER_DW512_USER_AW64_USER_MAXREQS7_USER_RFIFONUM_WIDTH9_177
gmem0_m_axi_U/clk_gate_load_unit_buff_rdata_genblk1_U_fifo_mem_mem_reg_134_       3.9900     0.0      0.0000       3.9900 0.0000 SNPS_CLOCK_GATE_HIGH_tinytpu_isa_gmem0_m_axi_CONSERVATIVE1_NUM_READ_OUTSTANDING16_NUM_WRITE_OUTSTANDING16_MAX_READ_BURST_LENGTH16_MAX_WRITE_BURST_LENGTH16_C_M_AXI_ID_WIDTH1_C_M_AXI_ADDR_WIDTH64_C_M_AXI_DATA_WIDTH512_C_M_AXI_AWUSER_WIDTH1_C_M_AXI_ARUSER_WIDTH1_C_M_AXI_WUSER_WIDTH1_C_M_AXI_RUSER_WIDTH1_C_M_AXI_BUSER_WIDTH1_C_USER_VALUE0_C_PROT_VALUE0_C_CACHE_VALUE3_USER_DW512_USER_AW64_USER_MAXREQS7_USER_RFIFONUM_WIDTH9_178
gmem0_m_axi_U/clk_gate_load_unit_buff_rdata_genblk1_U_fifo_mem_mem_reg_135_       3.9900     0.0      0.0000       3.9900 0.0000 SNPS_CLOCK_GATE_HIGH_tinytpu_isa_gmem0_m_axi_CONSERVATIVE1_NUM_READ_OUTSTANDING16_NUM_WRITE_OUTSTANDING16_MAX_READ_BURST_LENGTH16_MAX_WRITE_BURST_LENGTH16_C_M_AXI_ID_WIDTH1_C_M_AXI_ADDR_WIDTH64_C_M_AXI_DATA_WIDTH512_C_M_AXI_AWUSER_WIDTH1_C_M_AXI_ARUSER_WIDTH1_C_M_AXI_WUSER_WIDTH1_C_M_AXI_RUSER_WIDTH1_C_M_AXI_BUSER_WIDTH1_C_USER_VALUE0_C_PROT_VALUE0_C_CACHE_VALUE3_USER_DW512_USER_AW64_USER_MAXREQS7_USER_RFIFONUM_WIDTH9_179
gmem0_m_axi_U/clk_gate_load_unit_buff_rdata_genblk1_U_fifo_mem_mem_reg_136_       3.9900     0.0      0.0000       3.9900 0.0000 SNPS_CLOCK_GATE_HIGH_tinytpu_isa_gmem0_m_axi_CONSERVATIVE1_NUM_READ_OUTSTANDING16_NUM_WRITE_OUTSTANDING16_MAX_READ_BURST_LENGTH16_MAX_WRITE_BURST_LENGTH16_C_M_AXI_ID_WIDTH1_C_M_AXI_ADDR_WIDTH64_C_M_AXI_DATA_WIDTH512_C_M_AXI_AWUSER_WIDTH1_C_M_AXI_ARUSER_WIDTH1_C_M_AXI_WUSER_WIDTH1_C_M_AXI_RUSER_WIDTH1_C_M_AXI_BUSER_WIDTH1_C_USER_VALUE0_C_PROT_VALUE0_C_CACHE_VALUE3_USER_DW512_USER_AW64_USER_MAXREQS7_USER_RFIFONUM_WIDTH9_180
gmem0_m_axi_U/clk_gate_load_unit_buff_rdata_genblk1_U_fifo_mem_mem_reg_137_       3.9900     0.0      0.0000       3.9900 0.0000 SNPS_CLOCK_GATE_HIGH_tinytpu_isa_gmem0_m_axi_CONSERVATIVE1_NUM_READ_OUTSTANDING16_NUM_WRITE_OUTSTANDING16_MAX_READ_BURST_LENGTH16_MAX_WRITE_BURST_LENGTH16_C_M_AXI_ID_WIDTH1_C_M_AXI_ADDR_WIDTH64_C_M_AXI_DATA_WIDTH512_C_M_AXI_AWUSER_WIDTH1_C_M_AXI_ARUSER_WIDTH1_C_M_AXI_WUSER_WIDTH1_C_M_AXI_RUSER_WIDTH1_C_M_AXI_BUSER_WIDTH1_C_USER_VALUE0_C_PROT_VALUE0_C_CACHE_VALUE3_USER_DW512_USER_AW64_USER_MAXREQS7_USER_RFIFONUM_WIDTH9_181
gmem0_m_axi_U/clk_gate_load_unit_buff_rdata_genblk1_U_fifo_mem_mem_reg_138_       3.9900     0.0      0.0000       3.9900 0.0000 SNPS_CLOCK_GATE_HIGH_tinytpu_isa_gmem0_m_axi_CONSERVATIVE1_NUM_READ_OUTSTANDING16_NUM_WRITE_OUTSTANDING16_MAX_READ_BURST_LENGTH16_MAX_WRITE_BURST_LENGTH16_C_M_AXI_ID_WIDTH1_C_M_AXI_ADDR_WIDTH64_C_M_AXI_DATA_WIDTH512_C_M_AXI_AWUSER_WIDTH1_C_M_AXI_ARUSER_WIDTH1_C_M_AXI_WUSER_WIDTH1_C_M_AXI_RUSER_WIDTH1_C_M_AXI_BUSER_WIDTH1_C_USER_VALUE0_C_PROT_VALUE0_C_CACHE_VALUE3_USER_DW512_USER_AW64_USER_MAXREQS7_USER_RFIFONUM_WIDTH9_182
gmem0_m_axi_U/clk_gate_load_unit_buff_rdata_genblk1_U_fifo_mem_mem_reg_139_       3.9900     0.0      0.0000       3.9900 0.0000 SNPS_CLOCK_GATE_HIGH_tinytpu_isa_gmem0_m_axi_CONSERVATIVE1_NUM_READ_OUTSTANDING16_NUM_WRITE_OUTSTANDING16_MAX_READ_BURST_LENGTH16_MAX_WRITE_BURST_LENGTH16_C_M_AXI_ID_WIDTH1_C_M_AXI_ADDR_WIDTH64_C_M_AXI_DATA_WIDTH512_C_M_AXI_AWUSER_WIDTH1_C_M_AXI_ARUSER_WIDTH1_C_M_AXI_WUSER_WIDTH1_C_M_AXI_RUSER_WIDTH1_C_M_AXI_BUSER_WIDTH1_C_USER_VALUE0_C_PROT_VALUE0_C_CACHE_VALUE3_USER_DW512_USER_AW64_USER_MAXREQS7_USER_RFIFONUM_WIDTH9_183
gmem0_m_axi_U/clk_gate_load_unit_buff_rdata_genblk1_U_fifo_mem_mem_reg_13_       3.9900     0.0      0.0000       3.9900 0.0000 SNPS_CLOCK_GATE_HIGH_tinytpu_isa_gmem0_m_axi_CONSERVATIVE1_NUM_READ_OUTSTANDING16_NUM_WRITE_OUTSTANDING16_MAX_READ_BURST_LENGTH16_MAX_WRITE_BURST_LENGTH16_C_M_AXI_ID_WIDTH1_C_M_AXI_ADDR_WIDTH64_C_M_AXI_DATA_WIDTH512_C_M_AXI_AWUSER_WIDTH1_C_M_AXI_ARUSER_WIDTH1_C_M_AXI_WUSER_WIDTH1_C_M_AXI_RUSER_WIDTH1_C_M_AXI_BUSER_WIDTH1_C_USER_VALUE0_C_PROT_VALUE0_C_CACHE_VALUE3_USER_DW512_USER_AW64_USER_MAXREQS7_USER_RFIFONUM_WIDTH9_57
gmem0_m_axi_U/clk_gate_load_unit_buff_rdata_genblk1_U_fifo_mem_mem_reg_140_       3.9900     0.0      0.0000       3.9900 0.0000 SNPS_CLOCK_GATE_HIGH_tinytpu_isa_gmem0_m_axi_CONSERVATIVE1_NUM_READ_OUTSTANDING16_NUM_WRITE_OUTSTANDING16_MAX_READ_BURST_LENGTH16_MAX_WRITE_BURST_LENGTH16_C_M_AXI_ID_WIDTH1_C_M_AXI_ADDR_WIDTH64_C_M_AXI_DATA_WIDTH512_C_M_AXI_AWUSER_WIDTH1_C_M_AXI_ARUSER_WIDTH1_C_M_AXI_WUSER_WIDTH1_C_M_AXI_RUSER_WIDTH1_C_M_AXI_BUSER_WIDTH1_C_USER_VALUE0_C_PROT_VALUE0_C_CACHE_VALUE3_USER_DW512_USER_AW64_USER_MAXREQS7_USER_RFIFONUM_WIDTH9_184
gmem0_m_axi_U/clk_gate_load_unit_buff_rdata_genblk1_U_fifo_mem_mem_reg_141_       3.9900     0.0      0.0000       3.9900 0.0000 SNPS_CLOCK_GATE_HIGH_tinytpu_isa_gmem0_m_axi_CONSERVATIVE1_NUM_READ_OUTSTANDING16_NUM_WRITE_OUTSTANDING16_MAX_READ_BURST_LENGTH16_MAX_WRITE_BURST_LENGTH16_C_M_AXI_ID_WIDTH1_C_M_AXI_ADDR_WIDTH64_C_M_AXI_DATA_WIDTH512_C_M_AXI_AWUSER_WIDTH1_C_M_AXI_ARUSER_WIDTH1_C_M_AXI_WUSER_WIDTH1_C_M_AXI_RUSER_WIDTH1_C_M_AXI_BUSER_WIDTH1_C_USER_VALUE0_C_PROT_VALUE0_C_CACHE_VALUE3_USER_DW512_USER_AW64_USER_MAXREQS7_USER_RFIFONUM_WIDTH9_185
gmem0_m_axi_U/clk_gate_load_unit_buff_rdata_genblk1_U_fifo_mem_mem_reg_142_       3.9900     0.0      0.0000       3.9900 0.0000 SNPS_CLOCK_GATE_HIGH_tinytpu_isa_gmem0_m_axi_CONSERVATIVE1_NUM_READ_OUTSTANDING16_NUM_WRITE_OUTSTANDING16_MAX_READ_BURST_LENGTH16_MAX_WRITE_BURST_LENGTH16_C_M_AXI_ID_WIDTH1_C_M_AXI_ADDR_WIDTH64_C_M_AXI_DATA_WIDTH512_C_M_AXI_AWUSER_WIDTH1_C_M_AXI_ARUSER_WIDTH1_C_M_AXI_WUSER_WIDTH1_C_M_AXI_RUSER_WIDTH1_C_M_AXI_BUSER_WIDTH1_C_USER_VALUE0_C_PROT_VALUE0_C_CACHE_VALUE3_USER_DW512_USER_AW64_USER_MAXREQS7_USER_RFIFONUM_WIDTH9_186
gmem0_m_axi_U/clk_gate_load_unit_buff_rdata_genblk1_U_fifo_mem_mem_reg_143_       3.9900     0.0      0.0000       3.9900 0.0000 SNPS_CLOCK_GATE_HIGH_tinytpu_isa_gmem0_m_axi_CONSERVATIVE1_NUM_READ_OUTSTANDING16_NUM_WRITE_OUTSTANDING16_MAX_READ_BURST_LENGTH16_MAX_WRITE_BURST_LENGTH16_C_M_AXI_ID_WIDTH1_C_M_AXI_ADDR_WIDTH64_C_M_AXI_DATA_WIDTH512_C_M_AXI_AWUSER_WIDTH1_C_M_AXI_ARUSER_WIDTH1_C_M_AXI_WUSER_WIDTH1_C_M_AXI_RUSER_WIDTH1_C_M_AXI_BUSER_WIDTH1_C_USER_VALUE0_C_PROT_VALUE0_C_CACHE_VALUE3_USER_DW512_USER_AW64_USER_MAXREQS7_USER_RFIFONUM_WIDTH9_187
gmem0_m_axi_U/clk_gate_load_unit_buff_rdata_genblk1_U_fifo_mem_mem_reg_144_       3.9900     0.0      0.0000       3.9900 0.0000 SNPS_CLOCK_GATE_HIGH_tinytpu_isa_gmem0_m_axi_CONSERVATIVE1_NUM_READ_OUTSTANDING16_NUM_WRITE_OUTSTANDING16_MAX_READ_BURST_LENGTH16_MAX_WRITE_BURST_LENGTH16_C_M_AXI_ID_WIDTH1_C_M_AXI_ADDR_WIDTH64_C_M_AXI_DATA_WIDTH512_C_M_AXI_AWUSER_WIDTH1_C_M_AXI_ARUSER_WIDTH1_C_M_AXI_WUSER_WIDTH1_C_M_AXI_RUSER_WIDTH1_C_M_AXI_BUSER_WIDTH1_C_USER_VALUE0_C_PROT_VALUE0_C_CACHE_VALUE3_USER_DW512_USER_AW64_USER_MAXREQS7_USER_RFIFONUM_WIDTH9_188
gmem0_m_axi_U/clk_gate_load_unit_buff_rdata_genblk1_U_fifo_mem_mem_reg_145_       3.9900     0.0      0.0000       3.9900 0.0000 SNPS_CLOCK_GATE_HIGH_tinytpu_isa_gmem0_m_axi_CONSERVATIVE1_NUM_READ_OUTSTANDING16_NUM_WRITE_OUTSTANDING16_MAX_READ_BURST_LENGTH16_MAX_WRITE_BURST_LENGTH16_C_M_AXI_ID_WIDTH1_C_M_AXI_ADDR_WIDTH64_C_M_AXI_DATA_WIDTH512_C_M_AXI_AWUSER_WIDTH1_C_M_AXI_ARUSER_WIDTH1_C_M_AXI_WUSER_WIDTH1_C_M_AXI_RUSER_WIDTH1_C_M_AXI_BUSER_WIDTH1_C_USER_VALUE0_C_PROT_VALUE0_C_CACHE_VALUE3_USER_DW512_USER_AW64_USER_MAXREQS7_USER_RFIFONUM_WIDTH9_189
gmem0_m_axi_U/clk_gate_load_unit_buff_rdata_genblk1_U_fifo_mem_mem_reg_146_       3.9900     0.0      0.0000       3.9900 0.0000 SNPS_CLOCK_GATE_HIGH_tinytpu_isa_gmem0_m_axi_CONSERVATIVE1_NUM_READ_OUTSTANDING16_NUM_WRITE_OUTSTANDING16_MAX_READ_BURST_LENGTH16_MAX_WRITE_BURST_LENGTH16_C_M_AXI_ID_WIDTH1_C_M_AXI_ADDR_WIDTH64_C_M_AXI_DATA_WIDTH512_C_M_AXI_AWUSER_WIDTH1_C_M_AXI_ARUSER_WIDTH1_C_M_AXI_WUSER_WIDTH1_C_M_AXI_RUSER_WIDTH1_C_M_AXI_BUSER_WIDTH1_C_USER_VALUE0_C_PROT_VALUE0_C_CACHE_VALUE3_USER_DW512_USER_AW64_USER_MAXREQS7_USER_RFIFONUM_WIDTH9_190
gmem0_m_axi_U/clk_gate_load_unit_buff_rdata_genblk1_U_fifo_mem_mem_reg_147_       3.9900     0.0      0.0000       3.9900 0.0000 SNPS_CLOCK_GATE_HIGH_tinytpu_isa_gmem0_m_axi_CONSERVATIVE1_NUM_READ_OUTSTANDING16_NUM_WRITE_OUTSTANDING16_MAX_READ_BURST_LENGTH16_MAX_WRITE_BURST_LENGTH16_C_M_AXI_ID_WIDTH1_C_M_AXI_ADDR_WIDTH64_C_M_AXI_DATA_WIDTH512_C_M_AXI_AWUSER_WIDTH1_C_M_AXI_ARUSER_WIDTH1_C_M_AXI_WUSER_WIDTH1_C_M_AXI_RUSER_WIDTH1_C_M_AXI_BUSER_WIDTH1_C_USER_VALUE0_C_PROT_VALUE0_C_CACHE_VALUE3_USER_DW512_USER_AW64_USER_MAXREQS7_USER_RFIFONUM_WIDTH9_191
gmem0_m_axi_U/clk_gate_load_unit_buff_rdata_genblk1_U_fifo_mem_mem_reg_148_       3.9900     0.0      0.0000       3.9900 0.0000 SNPS_CLOCK_GATE_HIGH_tinytpu_isa_gmem0_m_axi_CONSERVATIVE1_NUM_READ_OUTSTANDING16_NUM_WRITE_OUTSTANDING16_MAX_READ_BURST_LENGTH16_MAX_WRITE_BURST_LENGTH16_C_M_AXI_ID_WIDTH1_C_M_AXI_ADDR_WIDTH64_C_M_AXI_DATA_WIDTH512_C_M_AXI_AWUSER_WIDTH1_C_M_AXI_ARUSER_WIDTH1_C_M_AXI_WUSER_WIDTH1_C_M_AXI_RUSER_WIDTH1_C_M_AXI_BUSER_WIDTH1_C_USER_VALUE0_C_PROT_VALUE0_C_CACHE_VALUE3_USER_DW512_USER_AW64_USER_MAXREQS7_USER_RFIFONUM_WIDTH9_192
gmem0_m_axi_U/clk_gate_load_unit_buff_rdata_genblk1_U_fifo_mem_mem_reg_149_       3.9900     0.0      0.0000       3.9900 0.0000 SNPS_CLOCK_GATE_HIGH_tinytpu_isa_gmem0_m_axi_CONSERVATIVE1_NUM_READ_OUTSTANDING16_NUM_WRITE_OUTSTANDING16_MAX_READ_BURST_LENGTH16_MAX_WRITE_BURST_LENGTH16_C_M_AXI_ID_WIDTH1_C_M_AXI_ADDR_WIDTH64_C_M_AXI_DATA_WIDTH512_C_M_AXI_AWUSER_WIDTH1_C_M_AXI_ARUSER_WIDTH1_C_M_AXI_WUSER_WIDTH1_C_M_AXI_RUSER_WIDTH1_C_M_AXI_BUSER_WIDTH1_C_USER_VALUE0_C_PROT_VALUE0_C_CACHE_VALUE3_USER_DW512_USER_AW64_USER_MAXREQS7_USER_RFIFONUM_WIDTH9_193
gmem0_m_axi_U/clk_gate_load_unit_buff_rdata_genblk1_U_fifo_mem_mem_reg_14_       3.9900     0.0      0.0000       3.9900 0.0000 SNPS_CLOCK_GATE_HIGH_tinytpu_isa_gmem0_m_axi_CONSERVATIVE1_NUM_READ_OUTSTANDING16_NUM_WRITE_OUTSTANDING16_MAX_READ_BURST_LENGTH16_MAX_WRITE_BURST_LENGTH16_C_M_AXI_ID_WIDTH1_C_M_AXI_ADDR_WIDTH64_C_M_AXI_DATA_WIDTH512_C_M_AXI_AWUSER_WIDTH1_C_M_AXI_ARUSER_WIDTH1_C_M_AXI_WUSER_WIDTH1_C_M_AXI_RUSER_WIDTH1_C_M_AXI_BUSER_WIDTH1_C_USER_VALUE0_C_PROT_VALUE0_C_CACHE_VALUE3_USER_DW512_USER_AW64_USER_MAXREQS7_USER_RFIFONUM_WIDTH9_58
gmem0_m_axi_U/clk_gate_load_unit_buff_rdata_genblk1_U_fifo_mem_mem_reg_150_       3.9900     0.0      0.0000       3.9900 0.0000 SNPS_CLOCK_GATE_HIGH_tinytpu_isa_gmem0_m_axi_CONSERVATIVE1_NUM_READ_OUTSTANDING16_NUM_WRITE_OUTSTANDING16_MAX_READ_BURST_LENGTH16_MAX_WRITE_BURST_LENGTH16_C_M_AXI_ID_WIDTH1_C_M_AXI_ADDR_WIDTH64_C_M_AXI_DATA_WIDTH512_C_M_AXI_AWUSER_WIDTH1_C_M_AXI_ARUSER_WIDTH1_C_M_AXI_WUSER_WIDTH1_C_M_AXI_RUSER_WIDTH1_C_M_AXI_BUSER_WIDTH1_C_USER_VALUE0_C_PROT_VALUE0_C_CACHE_VALUE3_USER_DW512_USER_AW64_USER_MAXREQS7_USER_RFIFONUM_WIDTH9_194
gmem0_m_axi_U/clk_gate_load_unit_buff_rdata_genblk1_U_fifo_mem_mem_reg_151_       3.9900     0.0      0.0000       3.9900 0.0000 SNPS_CLOCK_GATE_HIGH_tinytpu_isa_gmem0_m_axi_CONSERVATIVE1_NUM_READ_OUTSTANDING16_NUM_WRITE_OUTSTANDING16_MAX_READ_BURST_LENGTH16_MAX_WRITE_BURST_LENGTH16_C_M_AXI_ID_WIDTH1_C_M_AXI_ADDR_WIDTH64_C_M_AXI_DATA_WIDTH512_C_M_AXI_AWUSER_WIDTH1_C_M_AXI_ARUSER_WIDTH1_C_M_AXI_WUSER_WIDTH1_C_M_AXI_RUSER_WIDTH1_C_M_AXI_BUSER_WIDTH1_C_USER_VALUE0_C_PROT_VALUE0_C_CACHE_VALUE3_USER_DW512_USER_AW64_USER_MAXREQS7_USER_RFIFONUM_WIDTH9_195
gmem0_m_axi_U/clk_gate_load_unit_buff_rdata_genblk1_U_fifo_mem_mem_reg_152_       3.9900     0.0      0.0000       3.9900 0.0000 SNPS_CLOCK_GATE_HIGH_tinytpu_isa_gmem0_m_axi_CONSERVATIVE1_NUM_READ_OUTSTANDING16_NUM_WRITE_OUTSTANDING16_MAX_READ_BURST_LENGTH16_MAX_WRITE_BURST_LENGTH16_C_M_AXI_ID_WIDTH1_C_M_AXI_ADDR_WIDTH64_C_M_AXI_DATA_WIDTH512_C_M_AXI_AWUSER_WIDTH1_C_M_AXI_ARUSER_WIDTH1_C_M_AXI_WUSER_WIDTH1_C_M_AXI_RUSER_WIDTH1_C_M_AXI_BUSER_WIDTH1_C_USER_VALUE0_C_PROT_VALUE0_C_CACHE_VALUE3_USER_DW512_USER_AW64_USER_MAXREQS7_USER_RFIFONUM_WIDTH9_196
gmem0_m_axi_U/clk_gate_load_unit_buff_rdata_genblk1_U_fifo_mem_mem_reg_153_       3.9900     0.0      0.0000       3.9900 0.0000 SNPS_CLOCK_GATE_HIGH_tinytpu_isa_gmem0_m_axi_CONSERVATIVE1_NUM_READ_OUTSTANDING16_NUM_WRITE_OUTSTANDING16_MAX_READ_BURST_LENGTH16_MAX_WRITE_BURST_LENGTH16_C_M_AXI_ID_WIDTH1_C_M_AXI_ADDR_WIDTH64_C_M_AXI_DATA_WIDTH512_C_M_AXI_AWUSER_WIDTH1_C_M_AXI_ARUSER_WIDTH1_C_M_AXI_WUSER_WIDTH1_C_M_AXI_RUSER_WIDTH1_C_M_AXI_BUSER_WIDTH1_C_USER_VALUE0_C_PROT_VALUE0_C_CACHE_VALUE3_USER_DW512_USER_AW64_USER_MAXREQS7_USER_RFIFONUM_WIDTH9_197
gmem0_m_axi_U/clk_gate_load_unit_buff_rdata_genblk1_U_fifo_mem_mem_reg_154_       3.9900     0.0      0.0000       3.9900 0.0000 SNPS_CLOCK_GATE_HIGH_tinytpu_isa_gmem0_m_axi_CONSERVATIVE1_NUM_READ_OUTSTANDING16_NUM_WRITE_OUTSTANDING16_MAX_READ_BURST_LENGTH16_MAX_WRITE_BURST_LENGTH16_C_M_AXI_ID_WIDTH1_C_M_AXI_ADDR_WIDTH64_C_M_AXI_DATA_WIDTH512_C_M_AXI_AWUSER_WIDTH1_C_M_AXI_ARUSER_WIDTH1_C_M_AXI_WUSER_WIDTH1_C_M_AXI_RUSER_WIDTH1_C_M_AXI_BUSER_WIDTH1_C_USER_VALUE0_C_PROT_VALUE0_C_CACHE_VALUE3_USER_DW512_USER_AW64_USER_MAXREQS7_USER_RFIFONUM_WIDTH9_198
gmem0_m_axi_U/clk_gate_load_unit_buff_rdata_genblk1_U_fifo_mem_mem_reg_155_       3.9900     0.0      0.0000       3.9900 0.0000 SNPS_CLOCK_GATE_HIGH_tinytpu_isa_gmem0_m_axi_CONSERVATIVE1_NUM_READ_OUTSTANDING16_NUM_WRITE_OUTSTANDING16_MAX_READ_BURST_LENGTH16_MAX_WRITE_BURST_LENGTH16_C_M_AXI_ID_WIDTH1_C_M_AXI_ADDR_WIDTH64_C_M_AXI_DATA_WIDTH512_C_M_AXI_AWUSER_WIDTH1_C_M_AXI_ARUSER_WIDTH1_C_M_AXI_WUSER_WIDTH1_C_M_AXI_RUSER_WIDTH1_C_M_AXI_BUSER_WIDTH1_C_USER_VALUE0_C_PROT_VALUE0_C_CACHE_VALUE3_USER_DW512_USER_AW64_USER_MAXREQS7_USER_RFIFONUM_WIDTH9_199
gmem0_m_axi_U/clk_gate_load_unit_buff_rdata_genblk1_U_fifo_mem_mem_reg_156_       3.9900     0.0      0.0000       3.9900 0.0000 SNPS_CLOCK_GATE_HIGH_tinytpu_isa_gmem0_m_axi_CONSERVATIVE1_NUM_READ_OUTSTANDING16_NUM_WRITE_OUTSTANDING16_MAX_READ_BURST_LENGTH16_MAX_WRITE_BURST_LENGTH16_C_M_AXI_ID_WIDTH1_C_M_AXI_ADDR_WIDTH64_C_M_AXI_DATA_WIDTH512_C_M_AXI_AWUSER_WIDTH1_C_M_AXI_ARUSER_WIDTH1_C_M_AXI_WUSER_WIDTH1_C_M_AXI_RUSER_WIDTH1_C_M_AXI_BUSER_WIDTH1_C_USER_VALUE0_C_PROT_VALUE0_C_CACHE_VALUE3_USER_DW512_USER_AW64_USER_MAXREQS7_USER_RFIFONUM_WIDTH9_200
gmem0_m_axi_U/clk_gate_load_unit_buff_rdata_genblk1_U_fifo_mem_mem_reg_157_       3.9900     0.0      0.0000       3.9900 0.0000 SNPS_CLOCK_GATE_HIGH_tinytpu_isa_gmem0_m_axi_CONSERVATIVE1_NUM_READ_OUTSTANDING16_NUM_WRITE_OUTSTANDING16_MAX_READ_BURST_LENGTH16_MAX_WRITE_BURST_LENGTH16_C_M_AXI_ID_WIDTH1_C_M_AXI_ADDR_WIDTH64_C_M_AXI_DATA_WIDTH512_C_M_AXI_AWUSER_WIDTH1_C_M_AXI_ARUSER_WIDTH1_C_M_AXI_WUSER_WIDTH1_C_M_AXI_RUSER_WIDTH1_C_M_AXI_BUSER_WIDTH1_C_USER_VALUE0_C_PROT_VALUE0_C_CACHE_VALUE3_USER_DW512_USER_AW64_USER_MAXREQS7_USER_RFIFONUM_WIDTH9_201
gmem0_m_axi_U/clk_gate_load_unit_buff_rdata_genblk1_U_fifo_mem_mem_reg_158_       3.9900     0.0      0.0000       3.9900 0.0000 SNPS_CLOCK_GATE_HIGH_tinytpu_isa_gmem0_m_axi_CONSERVATIVE1_NUM_READ_OUTSTANDING16_NUM_WRITE_OUTSTANDING16_MAX_READ_BURST_LENGTH16_MAX_WRITE_BURST_LENGTH16_C_M_AXI_ID_WIDTH1_C_M_AXI_ADDR_WIDTH64_C_M_AXI_DATA_WIDTH512_C_M_AXI_AWUSER_WIDTH1_C_M_AXI_ARUSER_WIDTH1_C_M_AXI_WUSER_WIDTH1_C_M_AXI_RUSER_WIDTH1_C_M_AXI_BUSER_WIDTH1_C_USER_VALUE0_C_PROT_VALUE0_C_CACHE_VALUE3_USER_DW512_USER_AW64_USER_MAXREQS7_USER_RFIFONUM_WIDTH9_202
gmem0_m_axi_U/clk_gate_load_unit_buff_rdata_genblk1_U_fifo_mem_mem_reg_159_       3.9900     0.0      0.0000       3.9900 0.0000 SNPS_CLOCK_GATE_HIGH_tinytpu_isa_gmem0_m_axi_CONSERVATIVE1_NUM_READ_OUTSTANDING16_NUM_WRITE_OUTSTANDING16_MAX_READ_BURST_LENGTH16_MAX_WRITE_BURST_LENGTH16_C_M_AXI_ID_WIDTH1_C_M_AXI_ADDR_WIDTH64_C_M_AXI_DATA_WIDTH512_C_M_AXI_AWUSER_WIDTH1_C_M_AXI_ARUSER_WIDTH1_C_M_AXI_WUSER_WIDTH1_C_M_AXI_RUSER_WIDTH1_C_M_AXI_BUSER_WIDTH1_C_USER_VALUE0_C_PROT_VALUE0_C_CACHE_VALUE3_USER_DW512_USER_AW64_USER_MAXREQS7_USER_RFIFONUM_WIDTH9_203
gmem0_m_axi_U/clk_gate_load_unit_buff_rdata_genblk1_U_fifo_mem_mem_reg_15_       3.9900     0.0      0.0000       3.9900 0.0000 SNPS_CLOCK_GATE_HIGH_tinytpu_isa_gmem0_m_axi_CONSERVATIVE1_NUM_READ_OUTSTANDING16_NUM_WRITE_OUTSTANDING16_MAX_READ_BURST_LENGTH16_MAX_WRITE_BURST_LENGTH16_C_M_AXI_ID_WIDTH1_C_M_AXI_ADDR_WIDTH64_C_M_AXI_DATA_WIDTH512_C_M_AXI_AWUSER_WIDTH1_C_M_AXI_ARUSER_WIDTH1_C_M_AXI_WUSER_WIDTH1_C_M_AXI_RUSER_WIDTH1_C_M_AXI_BUSER_WIDTH1_C_USER_VALUE0_C_PROT_VALUE0_C_CACHE_VALUE3_USER_DW512_USER_AW64_USER_MAXREQS7_USER_RFIFONUM_WIDTH9_59
gmem0_m_axi_U/clk_gate_load_unit_buff_rdata_genblk1_U_fifo_mem_mem_reg_160_       3.9900     0.0      0.0000       3.9900 0.0000 SNPS_CLOCK_GATE_HIGH_tinytpu_isa_gmem0_m_axi_CONSERVATIVE1_NUM_READ_OUTSTANDING16_NUM_WRITE_OUTSTANDING16_MAX_READ_BURST_LENGTH16_MAX_WRITE_BURST_LENGTH16_C_M_AXI_ID_WIDTH1_C_M_AXI_ADDR_WIDTH64_C_M_AXI_DATA_WIDTH512_C_M_AXI_AWUSER_WIDTH1_C_M_AXI_ARUSER_WIDTH1_C_M_AXI_WUSER_WIDTH1_C_M_AXI_RUSER_WIDTH1_C_M_AXI_BUSER_WIDTH1_C_USER_VALUE0_C_PROT_VALUE0_C_CACHE_VALUE3_USER_DW512_USER_AW64_USER_MAXREQS7_USER_RFIFONUM_WIDTH9_204
gmem0_m_axi_U/clk_gate_load_unit_buff_rdata_genblk1_U_fifo_mem_mem_reg_161_       3.9900     0.0      0.0000       3.9900 0.0000 SNPS_CLOCK_GATE_HIGH_tinytpu_isa_gmem0_m_axi_CONSERVATIVE1_NUM_READ_OUTSTANDING16_NUM_WRITE_OUTSTANDING16_MAX_READ_BURST_LENGTH16_MAX_WRITE_BURST_LENGTH16_C_M_AXI_ID_WIDTH1_C_M_AXI_ADDR_WIDTH64_C_M_AXI_DATA_WIDTH512_C_M_AXI_AWUSER_WIDTH1_C_M_AXI_ARUSER_WIDTH1_C_M_AXI_WUSER_WIDTH1_C_M_AXI_RUSER_WIDTH1_C_M_AXI_BUSER_WIDTH1_C_USER_VALUE0_C_PROT_VALUE0_C_CACHE_VALUE3_USER_DW512_USER_AW64_USER_MAXREQS7_USER_RFIFONUM_WIDTH9_205
gmem0_m_axi_U/clk_gate_load_unit_buff_rdata_genblk1_U_fifo_mem_mem_reg_162_       3.9900     0.0      0.0000       3.9900 0.0000 SNPS_CLOCK_GATE_HIGH_tinytpu_isa_gmem0_m_axi_CONSERVATIVE1_NUM_READ_OUTSTANDING16_NUM_WRITE_OUTSTANDING16_MAX_READ_BURST_LENGTH16_MAX_WRITE_BURST_LENGTH16_C_M_AXI_ID_WIDTH1_C_M_AXI_ADDR_WIDTH64_C_M_AXI_DATA_WIDTH512_C_M_AXI_AWUSER_WIDTH1_C_M_AXI_ARUSER_WIDTH1_C_M_AXI_WUSER_WIDTH1_C_M_AXI_RUSER_WIDTH1_C_M_AXI_BUSER_WIDTH1_C_USER_VALUE0_C_PROT_VALUE0_C_CACHE_VALUE3_USER_DW512_USER_AW64_USER_MAXREQS7_USER_RFIFONUM_WIDTH9_206
gmem0_m_axi_U/clk_gate_load_unit_buff_rdata_genblk1_U_fifo_mem_mem_reg_163_       3.9900     0.0      0.0000       3.9900 0.0000 SNPS_CLOCK_GATE_HIGH_tinytpu_isa_gmem0_m_axi_CONSERVATIVE1_NUM_READ_OUTSTANDING16_NUM_WRITE_OUTSTANDING16_MAX_READ_BURST_LENGTH16_MAX_WRITE_BURST_LENGTH16_C_M_AXI_ID_WIDTH1_C_M_AXI_ADDR_WIDTH64_C_M_AXI_DATA_WIDTH512_C_M_AXI_AWUSER_WIDTH1_C_M_AXI_ARUSER_WIDTH1_C_M_AXI_WUSER_WIDTH1_C_M_AXI_RUSER_WIDTH1_C_M_AXI_BUSER_WIDTH1_C_USER_VALUE0_C_PROT_VALUE0_C_CACHE_VALUE3_USER_DW512_USER_AW64_USER_MAXREQS7_USER_RFIFONUM_WIDTH9_207
gmem0_m_axi_U/clk_gate_load_unit_buff_rdata_genblk1_U_fifo_mem_mem_reg_164_       3.9900     0.0      0.0000       3.9900 0.0000 SNPS_CLOCK_GATE_HIGH_tinytpu_isa_gmem0_m_axi_CONSERVATIVE1_NUM_READ_OUTSTANDING16_NUM_WRITE_OUTSTANDING16_MAX_READ_BURST_LENGTH16_MAX_WRITE_BURST_LENGTH16_C_M_AXI_ID_WIDTH1_C_M_AXI_ADDR_WIDTH64_C_M_AXI_DATA_WIDTH512_C_M_AXI_AWUSER_WIDTH1_C_M_AXI_ARUSER_WIDTH1_C_M_AXI_WUSER_WIDTH1_C_M_AXI_RUSER_WIDTH1_C_M_AXI_BUSER_WIDTH1_C_USER_VALUE0_C_PROT_VALUE0_C_CACHE_VALUE3_USER_DW512_USER_AW64_USER_MAXREQS7_USER_RFIFONUM_WIDTH9_208
gmem0_m_axi_U/clk_gate_load_unit_buff_rdata_genblk1_U_fifo_mem_mem_reg_165_       3.9900     0.0      0.0000       3.9900 0.0000 SNPS_CLOCK_GATE_HIGH_tinytpu_isa_gmem0_m_axi_CONSERVATIVE1_NUM_READ_OUTSTANDING16_NUM_WRITE_OUTSTANDING16_MAX_READ_BURST_LENGTH16_MAX_WRITE_BURST_LENGTH16_C_M_AXI_ID_WIDTH1_C_M_AXI_ADDR_WIDTH64_C_M_AXI_DATA_WIDTH512_C_M_AXI_AWUSER_WIDTH1_C_M_AXI_ARUSER_WIDTH1_C_M_AXI_WUSER_WIDTH1_C_M_AXI_RUSER_WIDTH1_C_M_AXI_BUSER_WIDTH1_C_USER_VALUE0_C_PROT_VALUE0_C_CACHE_VALUE3_USER_DW512_USER_AW64_USER_MAXREQS7_USER_RFIFONUM_WIDTH9_209
gmem0_m_axi_U/clk_gate_load_unit_buff_rdata_genblk1_U_fifo_mem_mem_reg_166_       3.9900     0.0      0.0000       3.9900 0.0000 SNPS_CLOCK_GATE_HIGH_tinytpu_isa_gmem0_m_axi_CONSERVATIVE1_NUM_READ_OUTSTANDING16_NUM_WRITE_OUTSTANDING16_MAX_READ_BURST_LENGTH16_MAX_WRITE_BURST_LENGTH16_C_M_AXI_ID_WIDTH1_C_M_AXI_ADDR_WIDTH64_C_M_AXI_DATA_WIDTH512_C_M_AXI_AWUSER_WIDTH1_C_M_AXI_ARUSER_WIDTH1_C_M_AXI_WUSER_WIDTH1_C_M_AXI_RUSER_WIDTH1_C_M_AXI_BUSER_WIDTH1_C_USER_VALUE0_C_PROT_VALUE0_C_CACHE_VALUE3_USER_DW512_USER_AW64_USER_MAXREQS7_USER_RFIFONUM_WIDTH9_210
gmem0_m_axi_U/clk_gate_load_unit_buff_rdata_genblk1_U_fifo_mem_mem_reg_167_       3.9900     0.0      0.0000       3.9900 0.0000 SNPS_CLOCK_GATE_HIGH_tinytpu_isa_gmem0_m_axi_CONSERVATIVE1_NUM_READ_OUTSTANDING16_NUM_WRITE_OUTSTANDING16_MAX_READ_BURST_LENGTH16_MAX_WRITE_BURST_LENGTH16_C_M_AXI_ID_WIDTH1_C_M_AXI_ADDR_WIDTH64_C_M_AXI_DATA_WIDTH512_C_M_AXI_AWUSER_WIDTH1_C_M_AXI_ARUSER_WIDTH1_C_M_AXI_WUSER_WIDTH1_C_M_AXI_RUSER_WIDTH1_C_M_AXI_BUSER_WIDTH1_C_USER_VALUE0_C_PROT_VALUE0_C_CACHE_VALUE3_USER_DW512_USER_AW64_USER_MAXREQS7_USER_RFIFONUM_WIDTH9_211
gmem0_m_axi_U/clk_gate_load_unit_buff_rdata_genblk1_U_fifo_mem_mem_reg_168_       3.9900     0.0      0.0000       3.9900 0.0000 SNPS_CLOCK_GATE_HIGH_tinytpu_isa_gmem0_m_axi_CONSERVATIVE1_NUM_READ_OUTSTANDING16_NUM_WRITE_OUTSTANDING16_MAX_READ_BURST_LENGTH16_MAX_WRITE_BURST_LENGTH16_C_M_AXI_ID_WIDTH1_C_M_AXI_ADDR_WIDTH64_C_M_AXI_DATA_WIDTH512_C_M_AXI_AWUSER_WIDTH1_C_M_AXI_ARUSER_WIDTH1_C_M_AXI_WUSER_WIDTH1_C_M_AXI_RUSER_WIDTH1_C_M_AXI_BUSER_WIDTH1_C_USER_VALUE0_C_PROT_VALUE0_C_CACHE_VALUE3_USER_DW512_USER_AW64_USER_MAXREQS7_USER_RFIFONUM_WIDTH9_212
gmem0_m_axi_U/clk_gate_load_unit_buff_rdata_genblk1_U_fifo_mem_mem_reg_169_       3.9900     0.0      0.0000       3.9900 0.0000 SNPS_CLOCK_GATE_HIGH_tinytpu_isa_gmem0_m_axi_CONSERVATIVE1_NUM_READ_OUTSTANDING16_NUM_WRITE_OUTSTANDING16_MAX_READ_BURST_LENGTH16_MAX_WRITE_BURST_LENGTH16_C_M_AXI_ID_WIDTH1_C_M_AXI_ADDR_WIDTH64_C_M_AXI_DATA_WIDTH512_C_M_AXI_AWUSER_WIDTH1_C_M_AXI_ARUSER_WIDTH1_C_M_AXI_WUSER_WIDTH1_C_M_AXI_RUSER_WIDTH1_C_M_AXI_BUSER_WIDTH1_C_USER_VALUE0_C_PROT_VALUE0_C_CACHE_VALUE3_USER_DW512_USER_AW64_USER_MAXREQS7_USER_RFIFONUM_WIDTH9_213
gmem0_m_axi_U/clk_gate_load_unit_buff_rdata_genblk1_U_fifo_mem_mem_reg_16_       3.9900     0.0      0.0000       3.9900 0.0000 SNPS_CLOCK_GATE_HIGH_tinytpu_isa_gmem0_m_axi_CONSERVATIVE1_NUM_READ_OUTSTANDING16_NUM_WRITE_OUTSTANDING16_MAX_READ_BURST_LENGTH16_MAX_WRITE_BURST_LENGTH16_C_M_AXI_ID_WIDTH1_C_M_AXI_ADDR_WIDTH64_C_M_AXI_DATA_WIDTH512_C_M_AXI_AWUSER_WIDTH1_C_M_AXI_ARUSER_WIDTH1_C_M_AXI_WUSER_WIDTH1_C_M_AXI_RUSER_WIDTH1_C_M_AXI_BUSER_WIDTH1_C_USER_VALUE0_C_PROT_VALUE0_C_CACHE_VALUE3_USER_DW512_USER_AW64_USER_MAXREQS7_USER_RFIFONUM_WIDTH9_60
gmem0_m_axi_U/clk_gate_load_unit_buff_rdata_genblk1_U_fifo_mem_mem_reg_170_       3.9900     0.0      0.0000       3.9900 0.0000 SNPS_CLOCK_GATE_HIGH_tinytpu_isa_gmem0_m_axi_CONSERVATIVE1_NUM_READ_OUTSTANDING16_NUM_WRITE_OUTSTANDING16_MAX_READ_BURST_LENGTH16_MAX_WRITE_BURST_LENGTH16_C_M_AXI_ID_WIDTH1_C_M_AXI_ADDR_WIDTH64_C_M_AXI_DATA_WIDTH512_C_M_AXI_AWUSER_WIDTH1_C_M_AXI_ARUSER_WIDTH1_C_M_AXI_WUSER_WIDTH1_C_M_AXI_RUSER_WIDTH1_C_M_AXI_BUSER_WIDTH1_C_USER_VALUE0_C_PROT_VALUE0_C_CACHE_VALUE3_USER_DW512_USER_AW64_USER_MAXREQS7_USER_RFIFONUM_WIDTH9_214
gmem0_m_axi_U/clk_gate_load_unit_buff_rdata_genblk1_U_fifo_mem_mem_reg_171_       3.9900     0.0      0.0000       3.9900 0.0000 SNPS_CLOCK_GATE_HIGH_tinytpu_isa_gmem0_m_axi_CONSERVATIVE1_NUM_READ_OUTSTANDING16_NUM_WRITE_OUTSTANDING16_MAX_READ_BURST_LENGTH16_MAX_WRITE_BURST_LENGTH16_C_M_AXI_ID_WIDTH1_C_M_AXI_ADDR_WIDTH64_C_M_AXI_DATA_WIDTH512_C_M_AXI_AWUSER_WIDTH1_C_M_AXI_ARUSER_WIDTH1_C_M_AXI_WUSER_WIDTH1_C_M_AXI_RUSER_WIDTH1_C_M_AXI_BUSER_WIDTH1_C_USER_VALUE0_C_PROT_VALUE0_C_CACHE_VALUE3_USER_DW512_USER_AW64_USER_MAXREQS7_USER_RFIFONUM_WIDTH9_215
gmem0_m_axi_U/clk_gate_load_unit_buff_rdata_genblk1_U_fifo_mem_mem_reg_172_       3.9900     0.0      0.0000       3.9900 0.0000 SNPS_CLOCK_GATE_HIGH_tinytpu_isa_gmem0_m_axi_CONSERVATIVE1_NUM_READ_OUTSTANDING16_NUM_WRITE_OUTSTANDING16_MAX_READ_BURST_LENGTH16_MAX_WRITE_BURST_LENGTH16_C_M_AXI_ID_WIDTH1_C_M_AXI_ADDR_WIDTH64_C_M_AXI_DATA_WIDTH512_C_M_AXI_AWUSER_WIDTH1_C_M_AXI_ARUSER_WIDTH1_C_M_AXI_WUSER_WIDTH1_C_M_AXI_RUSER_WIDTH1_C_M_AXI_BUSER_WIDTH1_C_USER_VALUE0_C_PROT_VALUE0_C_CACHE_VALUE3_USER_DW512_USER_AW64_USER_MAXREQS7_USER_RFIFONUM_WIDTH9_216
gmem0_m_axi_U/clk_gate_load_unit_buff_rdata_genblk1_U_fifo_mem_mem_reg_173_       3.9900     0.0      0.0000       3.9900 0.0000 SNPS_CLOCK_GATE_HIGH_tinytpu_isa_gmem0_m_axi_CONSERVATIVE1_NUM_READ_OUTSTANDING16_NUM_WRITE_OUTSTANDING16_MAX_READ_BURST_LENGTH16_MAX_WRITE_BURST_LENGTH16_C_M_AXI_ID_WIDTH1_C_M_AXI_ADDR_WIDTH64_C_M_AXI_DATA_WIDTH512_C_M_AXI_AWUSER_WIDTH1_C_M_AXI_ARUSER_WIDTH1_C_M_AXI_WUSER_WIDTH1_C_M_AXI_RUSER_WIDTH1_C_M_AXI_BUSER_WIDTH1_C_USER_VALUE0_C_PROT_VALUE0_C_CACHE_VALUE3_USER_DW512_USER_AW64_USER_MAXREQS7_USER_RFIFONUM_WIDTH9_217
gmem0_m_axi_U/clk_gate_load_unit_buff_rdata_genblk1_U_fifo_mem_mem_reg_174_       3.9900     0.0      0.0000       3.9900 0.0000 SNPS_CLOCK_GATE_HIGH_tinytpu_isa_gmem0_m_axi_CONSERVATIVE1_NUM_READ_OUTSTANDING16_NUM_WRITE_OUTSTANDING16_MAX_READ_BURST_LENGTH16_MAX_WRITE_BURST_LENGTH16_C_M_AXI_ID_WIDTH1_C_M_AXI_ADDR_WIDTH64_C_M_AXI_DATA_WIDTH512_C_M_AXI_AWUSER_WIDTH1_C_M_AXI_ARUSER_WIDTH1_C_M_AXI_WUSER_WIDTH1_C_M_AXI_RUSER_WIDTH1_C_M_AXI_BUSER_WIDTH1_C_USER_VALUE0_C_PROT_VALUE0_C_CACHE_VALUE3_USER_DW512_USER_AW64_USER_MAXREQS7_USER_RFIFONUM_WIDTH9_218
gmem0_m_axi_U/clk_gate_load_unit_buff_rdata_genblk1_U_fifo_mem_mem_reg_175_       3.9900     0.0      0.0000       3.9900 0.0000 SNPS_CLOCK_GATE_HIGH_tinytpu_isa_gmem0_m_axi_CONSERVATIVE1_NUM_READ_OUTSTANDING16_NUM_WRITE_OUTSTANDING16_MAX_READ_BURST_LENGTH16_MAX_WRITE_BURST_LENGTH16_C_M_AXI_ID_WIDTH1_C_M_AXI_ADDR_WIDTH64_C_M_AXI_DATA_WIDTH512_C_M_AXI_AWUSER_WIDTH1_C_M_AXI_ARUSER_WIDTH1_C_M_AXI_WUSER_WIDTH1_C_M_AXI_RUSER_WIDTH1_C_M_AXI_BUSER_WIDTH1_C_USER_VALUE0_C_PROT_VALUE0_C_CACHE_VALUE3_USER_DW512_USER_AW64_USER_MAXREQS7_USER_RFIFONUM_WIDTH9_219
gmem0_m_axi_U/clk_gate_load_unit_buff_rdata_genblk1_U_fifo_mem_mem_reg_176_       3.9900     0.0      0.0000       3.9900 0.0000 SNPS_CLOCK_GATE_HIGH_tinytpu_isa_gmem0_m_axi_CONSERVATIVE1_NUM_READ_OUTSTANDING16_NUM_WRITE_OUTSTANDING16_MAX_READ_BURST_LENGTH16_MAX_WRITE_BURST_LENGTH16_C_M_AXI_ID_WIDTH1_C_M_AXI_ADDR_WIDTH64_C_M_AXI_DATA_WIDTH512_C_M_AXI_AWUSER_WIDTH1_C_M_AXI_ARUSER_WIDTH1_C_M_AXI_WUSER_WIDTH1_C_M_AXI_RUSER_WIDTH1_C_M_AXI_BUSER_WIDTH1_C_USER_VALUE0_C_PROT_VALUE0_C_CACHE_VALUE3_USER_DW512_USER_AW64_USER_MAXREQS7_USER_RFIFONUM_WIDTH9_220
gmem0_m_axi_U/clk_gate_load_unit_buff_rdata_genblk1_U_fifo_mem_mem_reg_177_       3.9900     0.0      0.0000       3.9900 0.0000 SNPS_CLOCK_GATE_HIGH_tinytpu_isa_gmem0_m_axi_CONSERVATIVE1_NUM_READ_OUTSTANDING16_NUM_WRITE_OUTSTANDING16_MAX_READ_BURST_LENGTH16_MAX_WRITE_BURST_LENGTH16_C_M_AXI_ID_WIDTH1_C_M_AXI_ADDR_WIDTH64_C_M_AXI_DATA_WIDTH512_C_M_AXI_AWUSER_WIDTH1_C_M_AXI_ARUSER_WIDTH1_C_M_AXI_WUSER_WIDTH1_C_M_AXI_RUSER_WIDTH1_C_M_AXI_BUSER_WIDTH1_C_USER_VALUE0_C_PROT_VALUE0_C_CACHE_VALUE3_USER_DW512_USER_AW64_USER_MAXREQS7_USER_RFIFONUM_WIDTH9_221
gmem0_m_axi_U/clk_gate_load_unit_buff_rdata_genblk1_U_fifo_mem_mem_reg_178_       3.9900     0.0      0.0000       3.9900 0.0000 SNPS_CLOCK_GATE_HIGH_tinytpu_isa_gmem0_m_axi_CONSERVATIVE1_NUM_READ_OUTSTANDING16_NUM_WRITE_OUTSTANDING16_MAX_READ_BURST_LENGTH16_MAX_WRITE_BURST_LENGTH16_C_M_AXI_ID_WIDTH1_C_M_AXI_ADDR_WIDTH64_C_M_AXI_DATA_WIDTH512_C_M_AXI_AWUSER_WIDTH1_C_M_AXI_ARUSER_WIDTH1_C_M_AXI_WUSER_WIDTH1_C_M_AXI_RUSER_WIDTH1_C_M_AXI_BUSER_WIDTH1_C_USER_VALUE0_C_PROT_VALUE0_C_CACHE_VALUE3_USER_DW512_USER_AW64_USER_MAXREQS7_USER_RFIFONUM_WIDTH9_222
gmem0_m_axi_U/clk_gate_load_unit_buff_rdata_genblk1_U_fifo_mem_mem_reg_179_       3.9900     0.0      0.0000       3.9900 0.0000 SNPS_CLOCK_GATE_HIGH_tinytpu_isa_gmem0_m_axi_CONSERVATIVE1_NUM_READ_OUTSTANDING16_NUM_WRITE_OUTSTANDING16_MAX_READ_BURST_LENGTH16_MAX_WRITE_BURST_LENGTH16_C_M_AXI_ID_WIDTH1_C_M_AXI_ADDR_WIDTH64_C_M_AXI_DATA_WIDTH512_C_M_AXI_AWUSER_WIDTH1_C_M_AXI_ARUSER_WIDTH1_C_M_AXI_WUSER_WIDTH1_C_M_AXI_RUSER_WIDTH1_C_M_AXI_BUSER_WIDTH1_C_USER_VALUE0_C_PROT_VALUE0_C_CACHE_VALUE3_USER_DW512_USER_AW64_USER_MAXREQS7_USER_RFIFONUM_WIDTH9_223
gmem0_m_axi_U/clk_gate_load_unit_buff_rdata_genblk1_U_fifo_mem_mem_reg_17_       3.9900     0.0      0.0000       3.9900 0.0000 SNPS_CLOCK_GATE_HIGH_tinytpu_isa_gmem0_m_axi_CONSERVATIVE1_NUM_READ_OUTSTANDING16_NUM_WRITE_OUTSTANDING16_MAX_READ_BURST_LENGTH16_MAX_WRITE_BURST_LENGTH16_C_M_AXI_ID_WIDTH1_C_M_AXI_ADDR_WIDTH64_C_M_AXI_DATA_WIDTH512_C_M_AXI_AWUSER_WIDTH1_C_M_AXI_ARUSER_WIDTH1_C_M_AXI_WUSER_WIDTH1_C_M_AXI_RUSER_WIDTH1_C_M_AXI_BUSER_WIDTH1_C_USER_VALUE0_C_PROT_VALUE0_C_CACHE_VALUE3_USER_DW512_USER_AW64_USER_MAXREQS7_USER_RFIFONUM_WIDTH9_61
gmem0_m_axi_U/clk_gate_load_unit_buff_rdata_genblk1_U_fifo_mem_mem_reg_180_       3.9900     0.0      0.0000       3.9900 0.0000 SNPS_CLOCK_GATE_HIGH_tinytpu_isa_gmem0_m_axi_CONSERVATIVE1_NUM_READ_OUTSTANDING16_NUM_WRITE_OUTSTANDING16_MAX_READ_BURST_LENGTH16_MAX_WRITE_BURST_LENGTH16_C_M_AXI_ID_WIDTH1_C_M_AXI_ADDR_WIDTH64_C_M_AXI_DATA_WIDTH512_C_M_AXI_AWUSER_WIDTH1_C_M_AXI_ARUSER_WIDTH1_C_M_AXI_WUSER_WIDTH1_C_M_AXI_RUSER_WIDTH1_C_M_AXI_BUSER_WIDTH1_C_USER_VALUE0_C_PROT_VALUE0_C_CACHE_VALUE3_USER_DW512_USER_AW64_USER_MAXREQS7_USER_RFIFONUM_WIDTH9_224
gmem0_m_axi_U/clk_gate_load_unit_buff_rdata_genblk1_U_fifo_mem_mem_reg_181_       3.9900     0.0      0.0000       3.9900 0.0000 SNPS_CLOCK_GATE_HIGH_tinytpu_isa_gmem0_m_axi_CONSERVATIVE1_NUM_READ_OUTSTANDING16_NUM_WRITE_OUTSTANDING16_MAX_READ_BURST_LENGTH16_MAX_WRITE_BURST_LENGTH16_C_M_AXI_ID_WIDTH1_C_M_AXI_ADDR_WIDTH64_C_M_AXI_DATA_WIDTH512_C_M_AXI_AWUSER_WIDTH1_C_M_AXI_ARUSER_WIDTH1_C_M_AXI_WUSER_WIDTH1_C_M_AXI_RUSER_WIDTH1_C_M_AXI_BUSER_WIDTH1_C_USER_VALUE0_C_PROT_VALUE0_C_CACHE_VALUE3_USER_DW512_USER_AW64_USER_MAXREQS7_USER_RFIFONUM_WIDTH9_225
gmem0_m_axi_U/clk_gate_load_unit_buff_rdata_genblk1_U_fifo_mem_mem_reg_182_       3.9900     0.0      0.0000       3.9900 0.0000 SNPS_CLOCK_GATE_HIGH_tinytpu_isa_gmem0_m_axi_CONSERVATIVE1_NUM_READ_OUTSTANDING16_NUM_WRITE_OUTSTANDING16_MAX_READ_BURST_LENGTH16_MAX_WRITE_BURST_LENGTH16_C_M_AXI_ID_WIDTH1_C_M_AXI_ADDR_WIDTH64_C_M_AXI_DATA_WIDTH512_C_M_AXI_AWUSER_WIDTH1_C_M_AXI_ARUSER_WIDTH1_C_M_AXI_WUSER_WIDTH1_C_M_AXI_RUSER_WIDTH1_C_M_AXI_BUSER_WIDTH1_C_USER_VALUE0_C_PROT_VALUE0_C_CACHE_VALUE3_USER_DW512_USER_AW64_USER_MAXREQS7_USER_RFIFONUM_WIDTH9_226
gmem0_m_axi_U/clk_gate_load_unit_buff_rdata_genblk1_U_fifo_mem_mem_reg_183_       3.9900     0.0      0.0000       3.9900 0.0000 SNPS_CLOCK_GATE_HIGH_tinytpu_isa_gmem0_m_axi_CONSERVATIVE1_NUM_READ_OUTSTANDING16_NUM_WRITE_OUTSTANDING16_MAX_READ_BURST_LENGTH16_MAX_WRITE_BURST_LENGTH16_C_M_AXI_ID_WIDTH1_C_M_AXI_ADDR_WIDTH64_C_M_AXI_DATA_WIDTH512_C_M_AXI_AWUSER_WIDTH1_C_M_AXI_ARUSER_WIDTH1_C_M_AXI_WUSER_WIDTH1_C_M_AXI_RUSER_WIDTH1_C_M_AXI_BUSER_WIDTH1_C_USER_VALUE0_C_PROT_VALUE0_C_CACHE_VALUE3_USER_DW512_USER_AW64_USER_MAXREQS7_USER_RFIFONUM_WIDTH9_227
gmem0_m_axi_U/clk_gate_load_unit_buff_rdata_genblk1_U_fifo_mem_mem_reg_184_       3.9900     0.0      0.0000       3.9900 0.0000 SNPS_CLOCK_GATE_HIGH_tinytpu_isa_gmem0_m_axi_CONSERVATIVE1_NUM_READ_OUTSTANDING16_NUM_WRITE_OUTSTANDING16_MAX_READ_BURST_LENGTH16_MAX_WRITE_BURST_LENGTH16_C_M_AXI_ID_WIDTH1_C_M_AXI_ADDR_WIDTH64_C_M_AXI_DATA_WIDTH512_C_M_AXI_AWUSER_WIDTH1_C_M_AXI_ARUSER_WIDTH1_C_M_AXI_WUSER_WIDTH1_C_M_AXI_RUSER_WIDTH1_C_M_AXI_BUSER_WIDTH1_C_USER_VALUE0_C_PROT_VALUE0_C_CACHE_VALUE3_USER_DW512_USER_AW64_USER_MAXREQS7_USER_RFIFONUM_WIDTH9_228
gmem0_m_axi_U/clk_gate_load_unit_buff_rdata_genblk1_U_fifo_mem_mem_reg_185_       3.9900     0.0      0.0000       3.9900 0.0000 SNPS_CLOCK_GATE_HIGH_tinytpu_isa_gmem0_m_axi_CONSERVATIVE1_NUM_READ_OUTSTANDING16_NUM_WRITE_OUTSTANDING16_MAX_READ_BURST_LENGTH16_MAX_WRITE_BURST_LENGTH16_C_M_AXI_ID_WIDTH1_C_M_AXI_ADDR_WIDTH64_C_M_AXI_DATA_WIDTH512_C_M_AXI_AWUSER_WIDTH1_C_M_AXI_ARUSER_WIDTH1_C_M_AXI_WUSER_WIDTH1_C_M_AXI_RUSER_WIDTH1_C_M_AXI_BUSER_WIDTH1_C_USER_VALUE0_C_PROT_VALUE0_C_CACHE_VALUE3_USER_DW512_USER_AW64_USER_MAXREQS7_USER_RFIFONUM_WIDTH9_229
gmem0_m_axi_U/clk_gate_load_unit_buff_rdata_genblk1_U_fifo_mem_mem_reg_186_       3.9900     0.0      0.0000       3.9900 0.0000 SNPS_CLOCK_GATE_HIGH_tinytpu_isa_gmem0_m_axi_CONSERVATIVE1_NUM_READ_OUTSTANDING16_NUM_WRITE_OUTSTANDING16_MAX_READ_BURST_LENGTH16_MAX_WRITE_BURST_LENGTH16_C_M_AXI_ID_WIDTH1_C_M_AXI_ADDR_WIDTH64_C_M_AXI_DATA_WIDTH512_C_M_AXI_AWUSER_WIDTH1_C_M_AXI_ARUSER_WIDTH1_C_M_AXI_WUSER_WIDTH1_C_M_AXI_RUSER_WIDTH1_C_M_AXI_BUSER_WIDTH1_C_USER_VALUE0_C_PROT_VALUE0_C_CACHE_VALUE3_USER_DW512_USER_AW64_USER_MAXREQS7_USER_RFIFONUM_WIDTH9_230
gmem0_m_axi_U/clk_gate_load_unit_buff_rdata_genblk1_U_fifo_mem_mem_reg_187_       3.9900     0.0      0.0000       3.9900 0.0000 SNPS_CLOCK_GATE_HIGH_tinytpu_isa_gmem0_m_axi_CONSERVATIVE1_NUM_READ_OUTSTANDING16_NUM_WRITE_OUTSTANDING16_MAX_READ_BURST_LENGTH16_MAX_WRITE_BURST_LENGTH16_C_M_AXI_ID_WIDTH1_C_M_AXI_ADDR_WIDTH64_C_M_AXI_DATA_WIDTH512_C_M_AXI_AWUSER_WIDTH1_C_M_AXI_ARUSER_WIDTH1_C_M_AXI_WUSER_WIDTH1_C_M_AXI_RUSER_WIDTH1_C_M_AXI_BUSER_WIDTH1_C_USER_VALUE0_C_PROT_VALUE0_C_CACHE_VALUE3_USER_DW512_USER_AW64_USER_MAXREQS7_USER_RFIFONUM_WIDTH9_231
gmem0_m_axi_U/clk_gate_load_unit_buff_rdata_genblk1_U_fifo_mem_mem_reg_188_       3.9900     0.0      0.0000       3.9900 0.0000 SNPS_CLOCK_GATE_HIGH_tinytpu_isa_gmem0_m_axi_CONSERVATIVE1_NUM_READ_OUTSTANDING16_NUM_WRITE_OUTSTANDING16_MAX_READ_BURST_LENGTH16_MAX_WRITE_BURST_LENGTH16_C_M_AXI_ID_WIDTH1_C_M_AXI_ADDR_WIDTH64_C_M_AXI_DATA_WIDTH512_C_M_AXI_AWUSER_WIDTH1_C_M_AXI_ARUSER_WIDTH1_C_M_AXI_WUSER_WIDTH1_C_M_AXI_RUSER_WIDTH1_C_M_AXI_BUSER_WIDTH1_C_USER_VALUE0_C_PROT_VALUE0_C_CACHE_VALUE3_USER_DW512_USER_AW64_USER_MAXREQS7_USER_RFIFONUM_WIDTH9_232
gmem0_m_axi_U/clk_gate_load_unit_buff_rdata_genblk1_U_fifo_mem_mem_reg_189_       3.9900     0.0      0.0000       3.9900 0.0000 SNPS_CLOCK_GATE_HIGH_tinytpu_isa_gmem0_m_axi_CONSERVATIVE1_NUM_READ_OUTSTANDING16_NUM_WRITE_OUTSTANDING16_MAX_READ_BURST_LENGTH16_MAX_WRITE_BURST_LENGTH16_C_M_AXI_ID_WIDTH1_C_M_AXI_ADDR_WIDTH64_C_M_AXI_DATA_WIDTH512_C_M_AXI_AWUSER_WIDTH1_C_M_AXI_ARUSER_WIDTH1_C_M_AXI_WUSER_WIDTH1_C_M_AXI_RUSER_WIDTH1_C_M_AXI_BUSER_WIDTH1_C_USER_VALUE0_C_PROT_VALUE0_C_CACHE_VALUE3_USER_DW512_USER_AW64_USER_MAXREQS7_USER_RFIFONUM_WIDTH9_233
gmem0_m_axi_U/clk_gate_load_unit_buff_rdata_genblk1_U_fifo_mem_mem_reg_18_       3.9900     0.0      0.0000       3.9900 0.0000 SNPS_CLOCK_GATE_HIGH_tinytpu_isa_gmem0_m_axi_CONSERVATIVE1_NUM_READ_OUTSTANDING16_NUM_WRITE_OUTSTANDING16_MAX_READ_BURST_LENGTH16_MAX_WRITE_BURST_LENGTH16_C_M_AXI_ID_WIDTH1_C_M_AXI_ADDR_WIDTH64_C_M_AXI_DATA_WIDTH512_C_M_AXI_AWUSER_WIDTH1_C_M_AXI_ARUSER_WIDTH1_C_M_AXI_WUSER_WIDTH1_C_M_AXI_RUSER_WIDTH1_C_M_AXI_BUSER_WIDTH1_C_USER_VALUE0_C_PROT_VALUE0_C_CACHE_VALUE3_USER_DW512_USER_AW64_USER_MAXREQS7_USER_RFIFONUM_WIDTH9_62
gmem0_m_axi_U/clk_gate_load_unit_buff_rdata_genblk1_U_fifo_mem_mem_reg_190_       3.9900     0.0      0.0000       3.9900 0.0000 SNPS_CLOCK_GATE_HIGH_tinytpu_isa_gmem0_m_axi_CONSERVATIVE1_NUM_READ_OUTSTANDING16_NUM_WRITE_OUTSTANDING16_MAX_READ_BURST_LENGTH16_MAX_WRITE_BURST_LENGTH16_C_M_AXI_ID_WIDTH1_C_M_AXI_ADDR_WIDTH64_C_M_AXI_DATA_WIDTH512_C_M_AXI_AWUSER_WIDTH1_C_M_AXI_ARUSER_WIDTH1_C_M_AXI_WUSER_WIDTH1_C_M_AXI_RUSER_WIDTH1_C_M_AXI_BUSER_WIDTH1_C_USER_VALUE0_C_PROT_VALUE0_C_CACHE_VALUE3_USER_DW512_USER_AW64_USER_MAXREQS7_USER_RFIFONUM_WIDTH9_234
gmem0_m_axi_U/clk_gate_load_unit_buff_rdata_genblk1_U_fifo_mem_mem_reg_191_       3.9900     0.0      0.0000       3.9900 0.0000 SNPS_CLOCK_GATE_HIGH_tinytpu_isa_gmem0_m_axi_CONSERVATIVE1_NUM_READ_OUTSTANDING16_NUM_WRITE_OUTSTANDING16_MAX_READ_BURST_LENGTH16_MAX_WRITE_BURST_LENGTH16_C_M_AXI_ID_WIDTH1_C_M_AXI_ADDR_WIDTH64_C_M_AXI_DATA_WIDTH512_C_M_AXI_AWUSER_WIDTH1_C_M_AXI_ARUSER_WIDTH1_C_M_AXI_WUSER_WIDTH1_C_M_AXI_RUSER_WIDTH1_C_M_AXI_BUSER_WIDTH1_C_USER_VALUE0_C_PROT_VALUE0_C_CACHE_VALUE3_USER_DW512_USER_AW64_USER_MAXREQS7_USER_RFIFONUM_WIDTH9_235
gmem0_m_axi_U/clk_gate_load_unit_buff_rdata_genblk1_U_fifo_mem_mem_reg_192_       3.9900     0.0      0.0000       3.9900 0.0000 SNPS_CLOCK_GATE_HIGH_tinytpu_isa_gmem0_m_axi_CONSERVATIVE1_NUM_READ_OUTSTANDING16_NUM_WRITE_OUTSTANDING16_MAX_READ_BURST_LENGTH16_MAX_WRITE_BURST_LENGTH16_C_M_AXI_ID_WIDTH1_C_M_AXI_ADDR_WIDTH64_C_M_AXI_DATA_WIDTH512_C_M_AXI_AWUSER_WIDTH1_C_M_AXI_ARUSER_WIDTH1_C_M_AXI_WUSER_WIDTH1_C_M_AXI_RUSER_WIDTH1_C_M_AXI_BUSER_WIDTH1_C_USER_VALUE0_C_PROT_VALUE0_C_CACHE_VALUE3_USER_DW512_USER_AW64_USER_MAXREQS7_USER_RFIFONUM_WIDTH9_236
gmem0_m_axi_U/clk_gate_load_unit_buff_rdata_genblk1_U_fifo_mem_mem_reg_193_       3.9900     0.0      0.0000       3.9900 0.0000 SNPS_CLOCK_GATE_HIGH_tinytpu_isa_gmem0_m_axi_CONSERVATIVE1_NUM_READ_OUTSTANDING16_NUM_WRITE_OUTSTANDING16_MAX_READ_BURST_LENGTH16_MAX_WRITE_BURST_LENGTH16_C_M_AXI_ID_WIDTH1_C_M_AXI_ADDR_WIDTH64_C_M_AXI_DATA_WIDTH512_C_M_AXI_AWUSER_WIDTH1_C_M_AXI_ARUSER_WIDTH1_C_M_AXI_WUSER_WIDTH1_C_M_AXI_RUSER_WIDTH1_C_M_AXI_BUSER_WIDTH1_C_USER_VALUE0_C_PROT_VALUE0_C_CACHE_VALUE3_USER_DW512_USER_AW64_USER_MAXREQS7_USER_RFIFONUM_WIDTH9_237
gmem0_m_axi_U/clk_gate_load_unit_buff_rdata_genblk1_U_fifo_mem_mem_reg_194_       3.9900     0.0      0.0000       3.9900 0.0000 SNPS_CLOCK_GATE_HIGH_tinytpu_isa_gmem0_m_axi_CONSERVATIVE1_NUM_READ_OUTSTANDING16_NUM_WRITE_OUTSTANDING16_MAX_READ_BURST_LENGTH16_MAX_WRITE_BURST_LENGTH16_C_M_AXI_ID_WIDTH1_C_M_AXI_ADDR_WIDTH64_C_M_AXI_DATA_WIDTH512_C_M_AXI_AWUSER_WIDTH1_C_M_AXI_ARUSER_WIDTH1_C_M_AXI_WUSER_WIDTH1_C_M_AXI_RUSER_WIDTH1_C_M_AXI_BUSER_WIDTH1_C_USER_VALUE0_C_PROT_VALUE0_C_CACHE_VALUE3_USER_DW512_USER_AW64_USER_MAXREQS7_USER_RFIFONUM_WIDTH9_238
gmem0_m_axi_U/clk_gate_load_unit_buff_rdata_genblk1_U_fifo_mem_mem_reg_195_       3.9900     0.0      0.0000       3.9900 0.0000 SNPS_CLOCK_GATE_HIGH_tinytpu_isa_gmem0_m_axi_CONSERVATIVE1_NUM_READ_OUTSTANDING16_NUM_WRITE_OUTSTANDING16_MAX_READ_BURST_LENGTH16_MAX_WRITE_BURST_LENGTH16_C_M_AXI_ID_WIDTH1_C_M_AXI_ADDR_WIDTH64_C_M_AXI_DATA_WIDTH512_C_M_AXI_AWUSER_WIDTH1_C_M_AXI_ARUSER_WIDTH1_C_M_AXI_WUSER_WIDTH1_C_M_AXI_RUSER_WIDTH1_C_M_AXI_BUSER_WIDTH1_C_USER_VALUE0_C_PROT_VALUE0_C_CACHE_VALUE3_USER_DW512_USER_AW64_USER_MAXREQS7_USER_RFIFONUM_WIDTH9_239
gmem0_m_axi_U/clk_gate_load_unit_buff_rdata_genblk1_U_fifo_mem_mem_reg_196_       3.9900     0.0      0.0000       3.9900 0.0000 SNPS_CLOCK_GATE_HIGH_tinytpu_isa_gmem0_m_axi_CONSERVATIVE1_NUM_READ_OUTSTANDING16_NUM_WRITE_OUTSTANDING16_MAX_READ_BURST_LENGTH16_MAX_WRITE_BURST_LENGTH16_C_M_AXI_ID_WIDTH1_C_M_AXI_ADDR_WIDTH64_C_M_AXI_DATA_WIDTH512_C_M_AXI_AWUSER_WIDTH1_C_M_AXI_ARUSER_WIDTH1_C_M_AXI_WUSER_WIDTH1_C_M_AXI_RUSER_WIDTH1_C_M_AXI_BUSER_WIDTH1_C_USER_VALUE0_C_PROT_VALUE0_C_CACHE_VALUE3_USER_DW512_USER_AW64_USER_MAXREQS7_USER_RFIFONUM_WIDTH9_240
gmem0_m_axi_U/clk_gate_load_unit_buff_rdata_genblk1_U_fifo_mem_mem_reg_197_       3.9900     0.0      0.0000       3.9900 0.0000 SNPS_CLOCK_GATE_HIGH_tinytpu_isa_gmem0_m_axi_CONSERVATIVE1_NUM_READ_OUTSTANDING16_NUM_WRITE_OUTSTANDING16_MAX_READ_BURST_LENGTH16_MAX_WRITE_BURST_LENGTH16_C_M_AXI_ID_WIDTH1_C_M_AXI_ADDR_WIDTH64_C_M_AXI_DATA_WIDTH512_C_M_AXI_AWUSER_WIDTH1_C_M_AXI_ARUSER_WIDTH1_C_M_AXI_WUSER_WIDTH1_C_M_AXI_RUSER_WIDTH1_C_M_AXI_BUSER_WIDTH1_C_USER_VALUE0_C_PROT_VALUE0_C_CACHE_VALUE3_USER_DW512_USER_AW64_USER_MAXREQS7_USER_RFIFONUM_WIDTH9_241
gmem0_m_axi_U/clk_gate_load_unit_buff_rdata_genblk1_U_fifo_mem_mem_reg_198_       3.9900     0.0      0.0000       3.9900 0.0000 SNPS_CLOCK_GATE_HIGH_tinytpu_isa_gmem0_m_axi_CONSERVATIVE1_NUM_READ_OUTSTANDING16_NUM_WRITE_OUTSTANDING16_MAX_READ_BURST_LENGTH16_MAX_WRITE_BURST_LENGTH16_C_M_AXI_ID_WIDTH1_C_M_AXI_ADDR_WIDTH64_C_M_AXI_DATA_WIDTH512_C_M_AXI_AWUSER_WIDTH1_C_M_AXI_ARUSER_WIDTH1_C_M_AXI_WUSER_WIDTH1_C_M_AXI_RUSER_WIDTH1_C_M_AXI_BUSER_WIDTH1_C_USER_VALUE0_C_PROT_VALUE0_C_CACHE_VALUE3_USER_DW512_USER_AW64_USER_MAXREQS7_USER_RFIFONUM_WIDTH9_242
gmem0_m_axi_U/clk_gate_load_unit_buff_rdata_genblk1_U_fifo_mem_mem_reg_199_       3.9900     0.0      0.0000       3.9900 0.0000 SNPS_CLOCK_GATE_HIGH_tinytpu_isa_gmem0_m_axi_CONSERVATIVE1_NUM_READ_OUTSTANDING16_NUM_WRITE_OUTSTANDING16_MAX_READ_BURST_LENGTH16_MAX_WRITE_BURST_LENGTH16_C_M_AXI_ID_WIDTH1_C_M_AXI_ADDR_WIDTH64_C_M_AXI_DATA_WIDTH512_C_M_AXI_AWUSER_WIDTH1_C_M_AXI_ARUSER_WIDTH1_C_M_AXI_WUSER_WIDTH1_C_M_AXI_RUSER_WIDTH1_C_M_AXI_BUSER_WIDTH1_C_USER_VALUE0_C_PROT_VALUE0_C_CACHE_VALUE3_USER_DW512_USER_AW64_USER_MAXREQS7_USER_RFIFONUM_WIDTH9_243
gmem0_m_axi_U/clk_gate_load_unit_buff_rdata_genblk1_U_fifo_mem_mem_reg_19_       3.9900     0.0      0.0000       3.9900 0.0000 SNPS_CLOCK_GATE_HIGH_tinytpu_isa_gmem0_m_axi_CONSERVATIVE1_NUM_READ_OUTSTANDING16_NUM_WRITE_OUTSTANDING16_MAX_READ_BURST_LENGTH16_MAX_WRITE_BURST_LENGTH16_C_M_AXI_ID_WIDTH1_C_M_AXI_ADDR_WIDTH64_C_M_AXI_DATA_WIDTH512_C_M_AXI_AWUSER_WIDTH1_C_M_AXI_ARUSER_WIDTH1_C_M_AXI_WUSER_WIDTH1_C_M_AXI_RUSER_WIDTH1_C_M_AXI_BUSER_WIDTH1_C_USER_VALUE0_C_PROT_VALUE0_C_CACHE_VALUE3_USER_DW512_USER_AW64_USER_MAXREQS7_USER_RFIFONUM_WIDTH9_63
gmem0_m_axi_U/clk_gate_load_unit_buff_rdata_genblk1_U_fifo_mem_mem_reg_1_       3.9900     0.0      0.0000       3.9900 0.0000 SNPS_CLOCK_GATE_HIGH_tinytpu_isa_gmem0_m_axi_CONSERVATIVE1_NUM_READ_OUTSTANDING16_NUM_WRITE_OUTSTANDING16_MAX_READ_BURST_LENGTH16_MAX_WRITE_BURST_LENGTH16_C_M_AXI_ID_WIDTH1_C_M_AXI_ADDR_WIDTH64_C_M_AXI_DATA_WIDTH512_C_M_AXI_AWUSER_WIDTH1_C_M_AXI_ARUSER_WIDTH1_C_M_AXI_WUSER_WIDTH1_C_M_AXI_RUSER_WIDTH1_C_M_AXI_BUSER_WIDTH1_C_USER_VALUE0_C_PROT_VALUE0_C_CACHE_VALUE3_USER_DW512_USER_AW64_USER_MAXREQS7_USER_RFIFONUM_WIDTH9_45
gmem0_m_axi_U/clk_gate_load_unit_buff_rdata_genblk1_U_fifo_mem_mem_reg_200_       3.9900     0.0      0.0000       3.9900 0.0000 SNPS_CLOCK_GATE_HIGH_tinytpu_isa_gmem0_m_axi_CONSERVATIVE1_NUM_READ_OUTSTANDING16_NUM_WRITE_OUTSTANDING16_MAX_READ_BURST_LENGTH16_MAX_WRITE_BURST_LENGTH16_C_M_AXI_ID_WIDTH1_C_M_AXI_ADDR_WIDTH64_C_M_AXI_DATA_WIDTH512_C_M_AXI_AWUSER_WIDTH1_C_M_AXI_ARUSER_WIDTH1_C_M_AXI_WUSER_WIDTH1_C_M_AXI_RUSER_WIDTH1_C_M_AXI_BUSER_WIDTH1_C_USER_VALUE0_C_PROT_VALUE0_C_CACHE_VALUE3_USER_DW512_USER_AW64_USER_MAXREQS7_USER_RFIFONUM_WIDTH9_244
gmem0_m_axi_U/clk_gate_load_unit_buff_rdata_genblk1_U_fifo_mem_mem_reg_201_       3.9900     0.0      0.0000       3.9900 0.0000 SNPS_CLOCK_GATE_HIGH_tinytpu_isa_gmem0_m_axi_CONSERVATIVE1_NUM_READ_OUTSTANDING16_NUM_WRITE_OUTSTANDING16_MAX_READ_BURST_LENGTH16_MAX_WRITE_BURST_LENGTH16_C_M_AXI_ID_WIDTH1_C_M_AXI_ADDR_WIDTH64_C_M_AXI_DATA_WIDTH512_C_M_AXI_AWUSER_WIDTH1_C_M_AXI_ARUSER_WIDTH1_C_M_AXI_WUSER_WIDTH1_C_M_AXI_RUSER_WIDTH1_C_M_AXI_BUSER_WIDTH1_C_USER_VALUE0_C_PROT_VALUE0_C_CACHE_VALUE3_USER_DW512_USER_AW64_USER_MAXREQS7_USER_RFIFONUM_WIDTH9_245
gmem0_m_axi_U/clk_gate_load_unit_buff_rdata_genblk1_U_fifo_mem_mem_reg_202_       3.9900     0.0      0.0000       3.9900 0.0000 SNPS_CLOCK_GATE_HIGH_tinytpu_isa_gmem0_m_axi_CONSERVATIVE1_NUM_READ_OUTSTANDING16_NUM_WRITE_OUTSTANDING16_MAX_READ_BURST_LENGTH16_MAX_WRITE_BURST_LENGTH16_C_M_AXI_ID_WIDTH1_C_M_AXI_ADDR_WIDTH64_C_M_AXI_DATA_WIDTH512_C_M_AXI_AWUSER_WIDTH1_C_M_AXI_ARUSER_WIDTH1_C_M_AXI_WUSER_WIDTH1_C_M_AXI_RUSER_WIDTH1_C_M_AXI_BUSER_WIDTH1_C_USER_VALUE0_C_PROT_VALUE0_C_CACHE_VALUE3_USER_DW512_USER_AW64_USER_MAXREQS7_USER_RFIFONUM_WIDTH9_246
gmem0_m_axi_U/clk_gate_load_unit_buff_rdata_genblk1_U_fifo_mem_mem_reg_203_       3.9900     0.0      0.0000       3.9900 0.0000 SNPS_CLOCK_GATE_HIGH_tinytpu_isa_gmem0_m_axi_CONSERVATIVE1_NUM_READ_OUTSTANDING16_NUM_WRITE_OUTSTANDING16_MAX_READ_BURST_LENGTH16_MAX_WRITE_BURST_LENGTH16_C_M_AXI_ID_WIDTH1_C_M_AXI_ADDR_WIDTH64_C_M_AXI_DATA_WIDTH512_C_M_AXI_AWUSER_WIDTH1_C_M_AXI_ARUSER_WIDTH1_C_M_AXI_WUSER_WIDTH1_C_M_AXI_RUSER_WIDTH1_C_M_AXI_BUSER_WIDTH1_C_USER_VALUE0_C_PROT_VALUE0_C_CACHE_VALUE3_USER_DW512_USER_AW64_USER_MAXREQS7_USER_RFIFONUM_WIDTH9_247
gmem0_m_axi_U/clk_gate_load_unit_buff_rdata_genblk1_U_fifo_mem_mem_reg_204_       3.9900     0.0      0.0000       3.9900 0.0000 SNPS_CLOCK_GATE_HIGH_tinytpu_isa_gmem0_m_axi_CONSERVATIVE1_NUM_READ_OUTSTANDING16_NUM_WRITE_OUTSTANDING16_MAX_READ_BURST_LENGTH16_MAX_WRITE_BURST_LENGTH16_C_M_AXI_ID_WIDTH1_C_M_AXI_ADDR_WIDTH64_C_M_AXI_DATA_WIDTH512_C_M_AXI_AWUSER_WIDTH1_C_M_AXI_ARUSER_WIDTH1_C_M_AXI_WUSER_WIDTH1_C_M_AXI_RUSER_WIDTH1_C_M_AXI_BUSER_WIDTH1_C_USER_VALUE0_C_PROT_VALUE0_C_CACHE_VALUE3_USER_DW512_USER_AW64_USER_MAXREQS7_USER_RFIFONUM_WIDTH9_248
gmem0_m_axi_U/clk_gate_load_unit_buff_rdata_genblk1_U_fifo_mem_mem_reg_205_       3.9900     0.0      0.0000       3.9900 0.0000 SNPS_CLOCK_GATE_HIGH_tinytpu_isa_gmem0_m_axi_CONSERVATIVE1_NUM_READ_OUTSTANDING16_NUM_WRITE_OUTSTANDING16_MAX_READ_BURST_LENGTH16_MAX_WRITE_BURST_LENGTH16_C_M_AXI_ID_WIDTH1_C_M_AXI_ADDR_WIDTH64_C_M_AXI_DATA_WIDTH512_C_M_AXI_AWUSER_WIDTH1_C_M_AXI_ARUSER_WIDTH1_C_M_AXI_WUSER_WIDTH1_C_M_AXI_RUSER_WIDTH1_C_M_AXI_BUSER_WIDTH1_C_USER_VALUE0_C_PROT_VALUE0_C_CACHE_VALUE3_USER_DW512_USER_AW64_USER_MAXREQS7_USER_RFIFONUM_WIDTH9_249
gmem0_m_axi_U/clk_gate_load_unit_buff_rdata_genblk1_U_fifo_mem_mem_reg_206_       3.9900     0.0      0.0000       3.9900 0.0000 SNPS_CLOCK_GATE_HIGH_tinytpu_isa_gmem0_m_axi_CONSERVATIVE1_NUM_READ_OUTSTANDING16_NUM_WRITE_OUTSTANDING16_MAX_READ_BURST_LENGTH16_MAX_WRITE_BURST_LENGTH16_C_M_AXI_ID_WIDTH1_C_M_AXI_ADDR_WIDTH64_C_M_AXI_DATA_WIDTH512_C_M_AXI_AWUSER_WIDTH1_C_M_AXI_ARUSER_WIDTH1_C_M_AXI_WUSER_WIDTH1_C_M_AXI_RUSER_WIDTH1_C_M_AXI_BUSER_WIDTH1_C_USER_VALUE0_C_PROT_VALUE0_C_CACHE_VALUE3_USER_DW512_USER_AW64_USER_MAXREQS7_USER_RFIFONUM_WIDTH9_250
gmem0_m_axi_U/clk_gate_load_unit_buff_rdata_genblk1_U_fifo_mem_mem_reg_207_       3.9900     0.0      0.0000       3.9900 0.0000 SNPS_CLOCK_GATE_HIGH_tinytpu_isa_gmem0_m_axi_CONSERVATIVE1_NUM_READ_OUTSTANDING16_NUM_WRITE_OUTSTANDING16_MAX_READ_BURST_LENGTH16_MAX_WRITE_BURST_LENGTH16_C_M_AXI_ID_WIDTH1_C_M_AXI_ADDR_WIDTH64_C_M_AXI_DATA_WIDTH512_C_M_AXI_AWUSER_WIDTH1_C_M_AXI_ARUSER_WIDTH1_C_M_AXI_WUSER_WIDTH1_C_M_AXI_RUSER_WIDTH1_C_M_AXI_BUSER_WIDTH1_C_USER_VALUE0_C_PROT_VALUE0_C_CACHE_VALUE3_USER_DW512_USER_AW64_USER_MAXREQS7_USER_RFIFONUM_WIDTH9_251
gmem0_m_axi_U/clk_gate_load_unit_buff_rdata_genblk1_U_fifo_mem_mem_reg_208_       3.9900     0.0      0.0000       3.9900 0.0000 SNPS_CLOCK_GATE_HIGH_tinytpu_isa_gmem0_m_axi_CONSERVATIVE1_NUM_READ_OUTSTANDING16_NUM_WRITE_OUTSTANDING16_MAX_READ_BURST_LENGTH16_MAX_WRITE_BURST_LENGTH16_C_M_AXI_ID_WIDTH1_C_M_AXI_ADDR_WIDTH64_C_M_AXI_DATA_WIDTH512_C_M_AXI_AWUSER_WIDTH1_C_M_AXI_ARUSER_WIDTH1_C_M_AXI_WUSER_WIDTH1_C_M_AXI_RUSER_WIDTH1_C_M_AXI_BUSER_WIDTH1_C_USER_VALUE0_C_PROT_VALUE0_C_CACHE_VALUE3_USER_DW512_USER_AW64_USER_MAXREQS7_USER_RFIFONUM_WIDTH9_252
gmem0_m_axi_U/clk_gate_load_unit_buff_rdata_genblk1_U_fifo_mem_mem_reg_209_       3.9900     0.0      0.0000       3.9900 0.0000 SNPS_CLOCK_GATE_HIGH_tinytpu_isa_gmem0_m_axi_CONSERVATIVE1_NUM_READ_OUTSTANDING16_NUM_WRITE_OUTSTANDING16_MAX_READ_BURST_LENGTH16_MAX_WRITE_BURST_LENGTH16_C_M_AXI_ID_WIDTH1_C_M_AXI_ADDR_WIDTH64_C_M_AXI_DATA_WIDTH512_C_M_AXI_AWUSER_WIDTH1_C_M_AXI_ARUSER_WIDTH1_C_M_AXI_WUSER_WIDTH1_C_M_AXI_RUSER_WIDTH1_C_M_AXI_BUSER_WIDTH1_C_USER_VALUE0_C_PROT_VALUE0_C_CACHE_VALUE3_USER_DW512_USER_AW64_USER_MAXREQS7_USER_RFIFONUM_WIDTH9_253
gmem0_m_axi_U/clk_gate_load_unit_buff_rdata_genblk1_U_fifo_mem_mem_reg_20_       3.9900     0.0      0.0000       3.9900 0.0000 SNPS_CLOCK_GATE_HIGH_tinytpu_isa_gmem0_m_axi_CONSERVATIVE1_NUM_READ_OUTSTANDING16_NUM_WRITE_OUTSTANDING16_MAX_READ_BURST_LENGTH16_MAX_WRITE_BURST_LENGTH16_C_M_AXI_ID_WIDTH1_C_M_AXI_ADDR_WIDTH64_C_M_AXI_DATA_WIDTH512_C_M_AXI_AWUSER_WIDTH1_C_M_AXI_ARUSER_WIDTH1_C_M_AXI_WUSER_WIDTH1_C_M_AXI_RUSER_WIDTH1_C_M_AXI_BUSER_WIDTH1_C_USER_VALUE0_C_PROT_VALUE0_C_CACHE_VALUE3_USER_DW512_USER_AW64_USER_MAXREQS7_USER_RFIFONUM_WIDTH9_64
gmem0_m_axi_U/clk_gate_load_unit_buff_rdata_genblk1_U_fifo_mem_mem_reg_210_       3.9900     0.0      0.0000       3.9900 0.0000 SNPS_CLOCK_GATE_HIGH_tinytpu_isa_gmem0_m_axi_CONSERVATIVE1_NUM_READ_OUTSTANDING16_NUM_WRITE_OUTSTANDING16_MAX_READ_BURST_LENGTH16_MAX_WRITE_BURST_LENGTH16_C_M_AXI_ID_WIDTH1_C_M_AXI_ADDR_WIDTH64_C_M_AXI_DATA_WIDTH512_C_M_AXI_AWUSER_WIDTH1_C_M_AXI_ARUSER_WIDTH1_C_M_AXI_WUSER_WIDTH1_C_M_AXI_RUSER_WIDTH1_C_M_AXI_BUSER_WIDTH1_C_USER_VALUE0_C_PROT_VALUE0_C_CACHE_VALUE3_USER_DW512_USER_AW64_USER_MAXREQS7_USER_RFIFONUM_WIDTH9_254
gmem0_m_axi_U/clk_gate_load_unit_buff_rdata_genblk1_U_fifo_mem_mem_reg_211_       3.9900     0.0      0.0000       3.9900 0.0000 SNPS_CLOCK_GATE_HIGH_tinytpu_isa_gmem0_m_axi_CONSERVATIVE1_NUM_READ_OUTSTANDING16_NUM_WRITE_OUTSTANDING16_MAX_READ_BURST_LENGTH16_MAX_WRITE_BURST_LENGTH16_C_M_AXI_ID_WIDTH1_C_M_AXI_ADDR_WIDTH64_C_M_AXI_DATA_WIDTH512_C_M_AXI_AWUSER_WIDTH1_C_M_AXI_ARUSER_WIDTH1_C_M_AXI_WUSER_WIDTH1_C_M_AXI_RUSER_WIDTH1_C_M_AXI_BUSER_WIDTH1_C_USER_VALUE0_C_PROT_VALUE0_C_CACHE_VALUE3_USER_DW512_USER_AW64_USER_MAXREQS7_USER_RFIFONUM_WIDTH9_255
gmem0_m_axi_U/clk_gate_load_unit_buff_rdata_genblk1_U_fifo_mem_mem_reg_212_       3.9900     0.0      0.0000       3.9900 0.0000 SNPS_CLOCK_GATE_HIGH_tinytpu_isa_gmem0_m_axi_CONSERVATIVE1_NUM_READ_OUTSTANDING16_NUM_WRITE_OUTSTANDING16_MAX_READ_BURST_LENGTH16_MAX_WRITE_BURST_LENGTH16_C_M_AXI_ID_WIDTH1_C_M_AXI_ADDR_WIDTH64_C_M_AXI_DATA_WIDTH512_C_M_AXI_AWUSER_WIDTH1_C_M_AXI_ARUSER_WIDTH1_C_M_AXI_WUSER_WIDTH1_C_M_AXI_RUSER_WIDTH1_C_M_AXI_BUSER_WIDTH1_C_USER_VALUE0_C_PROT_VALUE0_C_CACHE_VALUE3_USER_DW512_USER_AW64_USER_MAXREQS7_USER_RFIFONUM_WIDTH9_256
gmem0_m_axi_U/clk_gate_load_unit_buff_rdata_genblk1_U_fifo_mem_mem_reg_213_       3.9900     0.0      0.0000       3.9900 0.0000 SNPS_CLOCK_GATE_HIGH_tinytpu_isa_gmem0_m_axi_CONSERVATIVE1_NUM_READ_OUTSTANDING16_NUM_WRITE_OUTSTANDING16_MAX_READ_BURST_LENGTH16_MAX_WRITE_BURST_LENGTH16_C_M_AXI_ID_WIDTH1_C_M_AXI_ADDR_WIDTH64_C_M_AXI_DATA_WIDTH512_C_M_AXI_AWUSER_WIDTH1_C_M_AXI_ARUSER_WIDTH1_C_M_AXI_WUSER_WIDTH1_C_M_AXI_RUSER_WIDTH1_C_M_AXI_BUSER_WIDTH1_C_USER_VALUE0_C_PROT_VALUE0_C_CACHE_VALUE3_USER_DW512_USER_AW64_USER_MAXREQS7_USER_RFIFONUM_WIDTH9_257
gmem0_m_axi_U/clk_gate_load_unit_buff_rdata_genblk1_U_fifo_mem_mem_reg_214_       3.9900     0.0      0.0000       3.9900 0.0000 SNPS_CLOCK_GATE_HIGH_tinytpu_isa_gmem0_m_axi_CONSERVATIVE1_NUM_READ_OUTSTANDING16_NUM_WRITE_OUTSTANDING16_MAX_READ_BURST_LENGTH16_MAX_WRITE_BURST_LENGTH16_C_M_AXI_ID_WIDTH1_C_M_AXI_ADDR_WIDTH64_C_M_AXI_DATA_WIDTH512_C_M_AXI_AWUSER_WIDTH1_C_M_AXI_ARUSER_WIDTH1_C_M_AXI_WUSER_WIDTH1_C_M_AXI_RUSER_WIDTH1_C_M_AXI_BUSER_WIDTH1_C_USER_VALUE0_C_PROT_VALUE0_C_CACHE_VALUE3_USER_DW512_USER_AW64_USER_MAXREQS7_USER_RFIFONUM_WIDTH9_258
gmem0_m_axi_U/clk_gate_load_unit_buff_rdata_genblk1_U_fifo_mem_mem_reg_215_       3.9900     0.0      0.0000       3.9900 0.0000 SNPS_CLOCK_GATE_HIGH_tinytpu_isa_gmem0_m_axi_CONSERVATIVE1_NUM_READ_OUTSTANDING16_NUM_WRITE_OUTSTANDING16_MAX_READ_BURST_LENGTH16_MAX_WRITE_BURST_LENGTH16_C_M_AXI_ID_WIDTH1_C_M_AXI_ADDR_WIDTH64_C_M_AXI_DATA_WIDTH512_C_M_AXI_AWUSER_WIDTH1_C_M_AXI_ARUSER_WIDTH1_C_M_AXI_WUSER_WIDTH1_C_M_AXI_RUSER_WIDTH1_C_M_AXI_BUSER_WIDTH1_C_USER_VALUE0_C_PROT_VALUE0_C_CACHE_VALUE3_USER_DW512_USER_AW64_USER_MAXREQS7_USER_RFIFONUM_WIDTH9_259
gmem0_m_axi_U/clk_gate_load_unit_buff_rdata_genblk1_U_fifo_mem_mem_reg_216_       3.9900     0.0      0.0000       3.9900 0.0000 SNPS_CLOCK_GATE_HIGH_tinytpu_isa_gmem0_m_axi_CONSERVATIVE1_NUM_READ_OUTSTANDING16_NUM_WRITE_OUTSTANDING16_MAX_READ_BURST_LENGTH16_MAX_WRITE_BURST_LENGTH16_C_M_AXI_ID_WIDTH1_C_M_AXI_ADDR_WIDTH64_C_M_AXI_DATA_WIDTH512_C_M_AXI_AWUSER_WIDTH1_C_M_AXI_ARUSER_WIDTH1_C_M_AXI_WUSER_WIDTH1_C_M_AXI_RUSER_WIDTH1_C_M_AXI_BUSER_WIDTH1_C_USER_VALUE0_C_PROT_VALUE0_C_CACHE_VALUE3_USER_DW512_USER_AW64_USER_MAXREQS7_USER_RFIFONUM_WIDTH9_260
gmem0_m_axi_U/clk_gate_load_unit_buff_rdata_genblk1_U_fifo_mem_mem_reg_217_       3.9900     0.0      0.0000       3.9900 0.0000 SNPS_CLOCK_GATE_HIGH_tinytpu_isa_gmem0_m_axi_CONSERVATIVE1_NUM_READ_OUTSTANDING16_NUM_WRITE_OUTSTANDING16_MAX_READ_BURST_LENGTH16_MAX_WRITE_BURST_LENGTH16_C_M_AXI_ID_WIDTH1_C_M_AXI_ADDR_WIDTH64_C_M_AXI_DATA_WIDTH512_C_M_AXI_AWUSER_WIDTH1_C_M_AXI_ARUSER_WIDTH1_C_M_AXI_WUSER_WIDTH1_C_M_AXI_RUSER_WIDTH1_C_M_AXI_BUSER_WIDTH1_C_USER_VALUE0_C_PROT_VALUE0_C_CACHE_VALUE3_USER_DW512_USER_AW64_USER_MAXREQS7_USER_RFIFONUM_WIDTH9_261
gmem0_m_axi_U/clk_gate_load_unit_buff_rdata_genblk1_U_fifo_mem_mem_reg_218_       3.9900     0.0      0.0000       3.9900 0.0000 SNPS_CLOCK_GATE_HIGH_tinytpu_isa_gmem0_m_axi_CONSERVATIVE1_NUM_READ_OUTSTANDING16_NUM_WRITE_OUTSTANDING16_MAX_READ_BURST_LENGTH16_MAX_WRITE_BURST_LENGTH16_C_M_AXI_ID_WIDTH1_C_M_AXI_ADDR_WIDTH64_C_M_AXI_DATA_WIDTH512_C_M_AXI_AWUSER_WIDTH1_C_M_AXI_ARUSER_WIDTH1_C_M_AXI_WUSER_WIDTH1_C_M_AXI_RUSER_WIDTH1_C_M_AXI_BUSER_WIDTH1_C_USER_VALUE0_C_PROT_VALUE0_C_CACHE_VALUE3_USER_DW512_USER_AW64_USER_MAXREQS7_USER_RFIFONUM_WIDTH9_262
gmem0_m_axi_U/clk_gate_load_unit_buff_rdata_genblk1_U_fifo_mem_mem_reg_219_       3.9900     0.0      0.0000       3.9900 0.0000 SNPS_CLOCK_GATE_HIGH_tinytpu_isa_gmem0_m_axi_CONSERVATIVE1_NUM_READ_OUTSTANDING16_NUM_WRITE_OUTSTANDING16_MAX_READ_BURST_LENGTH16_MAX_WRITE_BURST_LENGTH16_C_M_AXI_ID_WIDTH1_C_M_AXI_ADDR_WIDTH64_C_M_AXI_DATA_WIDTH512_C_M_AXI_AWUSER_WIDTH1_C_M_AXI_ARUSER_WIDTH1_C_M_AXI_WUSER_WIDTH1_C_M_AXI_RUSER_WIDTH1_C_M_AXI_BUSER_WIDTH1_C_USER_VALUE0_C_PROT_VALUE0_C_CACHE_VALUE3_USER_DW512_USER_AW64_USER_MAXREQS7_USER_RFIFONUM_WIDTH9_263
gmem0_m_axi_U/clk_gate_load_unit_buff_rdata_genblk1_U_fifo_mem_mem_reg_21_       3.9900     0.0      0.0000       3.9900 0.0000 SNPS_CLOCK_GATE_HIGH_tinytpu_isa_gmem0_m_axi_CONSERVATIVE1_NUM_READ_OUTSTANDING16_NUM_WRITE_OUTSTANDING16_MAX_READ_BURST_LENGTH16_MAX_WRITE_BURST_LENGTH16_C_M_AXI_ID_WIDTH1_C_M_AXI_ADDR_WIDTH64_C_M_AXI_DATA_WIDTH512_C_M_AXI_AWUSER_WIDTH1_C_M_AXI_ARUSER_WIDTH1_C_M_AXI_WUSER_WIDTH1_C_M_AXI_RUSER_WIDTH1_C_M_AXI_BUSER_WIDTH1_C_USER_VALUE0_C_PROT_VALUE0_C_CACHE_VALUE3_USER_DW512_USER_AW64_USER_MAXREQS7_USER_RFIFONUM_WIDTH9_65
gmem0_m_axi_U/clk_gate_load_unit_buff_rdata_genblk1_U_fifo_mem_mem_reg_220_       3.9900     0.0      0.0000       3.9900 0.0000 SNPS_CLOCK_GATE_HIGH_tinytpu_isa_gmem0_m_axi_CONSERVATIVE1_NUM_READ_OUTSTANDING16_NUM_WRITE_OUTSTANDING16_MAX_READ_BURST_LENGTH16_MAX_WRITE_BURST_LENGTH16_C_M_AXI_ID_WIDTH1_C_M_AXI_ADDR_WIDTH64_C_M_AXI_DATA_WIDTH512_C_M_AXI_AWUSER_WIDTH1_C_M_AXI_ARUSER_WIDTH1_C_M_AXI_WUSER_WIDTH1_C_M_AXI_RUSER_WIDTH1_C_M_AXI_BUSER_WIDTH1_C_USER_VALUE0_C_PROT_VALUE0_C_CACHE_VALUE3_USER_DW512_USER_AW64_USER_MAXREQS7_USER_RFIFONUM_WIDTH9_264
gmem0_m_axi_U/clk_gate_load_unit_buff_rdata_genblk1_U_fifo_mem_mem_reg_221_       3.9900     0.0      0.0000       3.9900 0.0000 SNPS_CLOCK_GATE_HIGH_tinytpu_isa_gmem0_m_axi_CONSERVATIVE1_NUM_READ_OUTSTANDING16_NUM_WRITE_OUTSTANDING16_MAX_READ_BURST_LENGTH16_MAX_WRITE_BURST_LENGTH16_C_M_AXI_ID_WIDTH1_C_M_AXI_ADDR_WIDTH64_C_M_AXI_DATA_WIDTH512_C_M_AXI_AWUSER_WIDTH1_C_M_AXI_ARUSER_WIDTH1_C_M_AXI_WUSER_WIDTH1_C_M_AXI_RUSER_WIDTH1_C_M_AXI_BUSER_WIDTH1_C_USER_VALUE0_C_PROT_VALUE0_C_CACHE_VALUE3_USER_DW512_USER_AW64_USER_MAXREQS7_USER_RFIFONUM_WIDTH9_265
gmem0_m_axi_U/clk_gate_load_unit_buff_rdata_genblk1_U_fifo_mem_mem_reg_222_       3.9900     0.0      0.0000       3.9900 0.0000 SNPS_CLOCK_GATE_HIGH_tinytpu_isa_gmem0_m_axi_CONSERVATIVE1_NUM_READ_OUTSTANDING16_NUM_WRITE_OUTSTANDING16_MAX_READ_BURST_LENGTH16_MAX_WRITE_BURST_LENGTH16_C_M_AXI_ID_WIDTH1_C_M_AXI_ADDR_WIDTH64_C_M_AXI_DATA_WIDTH512_C_M_AXI_AWUSER_WIDTH1_C_M_AXI_ARUSER_WIDTH1_C_M_AXI_WUSER_WIDTH1_C_M_AXI_RUSER_WIDTH1_C_M_AXI_BUSER_WIDTH1_C_USER_VALUE0_C_PROT_VALUE0_C_CACHE_VALUE3_USER_DW512_USER_AW64_USER_MAXREQS7_USER_RFIFONUM_WIDTH9_266
gmem0_m_axi_U/clk_gate_load_unit_buff_rdata_genblk1_U_fifo_mem_mem_reg_223_       3.9900     0.0      0.0000       3.9900 0.0000 SNPS_CLOCK_GATE_HIGH_tinytpu_isa_gmem0_m_axi_CONSERVATIVE1_NUM_READ_OUTSTANDING16_NUM_WRITE_OUTSTANDING16_MAX_READ_BURST_LENGTH16_MAX_WRITE_BURST_LENGTH16_C_M_AXI_ID_WIDTH1_C_M_AXI_ADDR_WIDTH64_C_M_AXI_DATA_WIDTH512_C_M_AXI_AWUSER_WIDTH1_C_M_AXI_ARUSER_WIDTH1_C_M_AXI_WUSER_WIDTH1_C_M_AXI_RUSER_WIDTH1_C_M_AXI_BUSER_WIDTH1_C_USER_VALUE0_C_PROT_VALUE0_C_CACHE_VALUE3_USER_DW512_USER_AW64_USER_MAXREQS7_USER_RFIFONUM_WIDTH9_267
gmem0_m_axi_U/clk_gate_load_unit_buff_rdata_genblk1_U_fifo_mem_mem_reg_224_       3.9900     0.0      0.0000       3.9900 0.0000 SNPS_CLOCK_GATE_HIGH_tinytpu_isa_gmem0_m_axi_CONSERVATIVE1_NUM_READ_OUTSTANDING16_NUM_WRITE_OUTSTANDING16_MAX_READ_BURST_LENGTH16_MAX_WRITE_BURST_LENGTH16_C_M_AXI_ID_WIDTH1_C_M_AXI_ADDR_WIDTH64_C_M_AXI_DATA_WIDTH512_C_M_AXI_AWUSER_WIDTH1_C_M_AXI_ARUSER_WIDTH1_C_M_AXI_WUSER_WIDTH1_C_M_AXI_RUSER_WIDTH1_C_M_AXI_BUSER_WIDTH1_C_USER_VALUE0_C_PROT_VALUE0_C_CACHE_VALUE3_USER_DW512_USER_AW64_USER_MAXREQS7_USER_RFIFONUM_WIDTH9_268
gmem0_m_axi_U/clk_gate_load_unit_buff_rdata_genblk1_U_fifo_mem_mem_reg_225_       3.9900     0.0      0.0000       3.9900 0.0000 SNPS_CLOCK_GATE_HIGH_tinytpu_isa_gmem0_m_axi_CONSERVATIVE1_NUM_READ_OUTSTANDING16_NUM_WRITE_OUTSTANDING16_MAX_READ_BURST_LENGTH16_MAX_WRITE_BURST_LENGTH16_C_M_AXI_ID_WIDTH1_C_M_AXI_ADDR_WIDTH64_C_M_AXI_DATA_WIDTH512_C_M_AXI_AWUSER_WIDTH1_C_M_AXI_ARUSER_WIDTH1_C_M_AXI_WUSER_WIDTH1_C_M_AXI_RUSER_WIDTH1_C_M_AXI_BUSER_WIDTH1_C_USER_VALUE0_C_PROT_VALUE0_C_CACHE_VALUE3_USER_DW512_USER_AW64_USER_MAXREQS7_USER_RFIFONUM_WIDTH9_269
gmem0_m_axi_U/clk_gate_load_unit_buff_rdata_genblk1_U_fifo_mem_mem_reg_226_       3.9900     0.0      0.0000       3.9900 0.0000 SNPS_CLOCK_GATE_HIGH_tinytpu_isa_gmem0_m_axi_CONSERVATIVE1_NUM_READ_OUTSTANDING16_NUM_WRITE_OUTSTANDING16_MAX_READ_BURST_LENGTH16_MAX_WRITE_BURST_LENGTH16_C_M_AXI_ID_WIDTH1_C_M_AXI_ADDR_WIDTH64_C_M_AXI_DATA_WIDTH512_C_M_AXI_AWUSER_WIDTH1_C_M_AXI_ARUSER_WIDTH1_C_M_AXI_WUSER_WIDTH1_C_M_AXI_RUSER_WIDTH1_C_M_AXI_BUSER_WIDTH1_C_USER_VALUE0_C_PROT_VALUE0_C_CACHE_VALUE3_USER_DW512_USER_AW64_USER_MAXREQS7_USER_RFIFONUM_WIDTH9_270
gmem0_m_axi_U/clk_gate_load_unit_buff_rdata_genblk1_U_fifo_mem_mem_reg_227_       3.9900     0.0      0.0000       3.9900 0.0000 SNPS_CLOCK_GATE_HIGH_tinytpu_isa_gmem0_m_axi_CONSERVATIVE1_NUM_READ_OUTSTANDING16_NUM_WRITE_OUTSTANDING16_MAX_READ_BURST_LENGTH16_MAX_WRITE_BURST_LENGTH16_C_M_AXI_ID_WIDTH1_C_M_AXI_ADDR_WIDTH64_C_M_AXI_DATA_WIDTH512_C_M_AXI_AWUSER_WIDTH1_C_M_AXI_ARUSER_WIDTH1_C_M_AXI_WUSER_WIDTH1_C_M_AXI_RUSER_WIDTH1_C_M_AXI_BUSER_WIDTH1_C_USER_VALUE0_C_PROT_VALUE0_C_CACHE_VALUE3_USER_DW512_USER_AW64_USER_MAXREQS7_USER_RFIFONUM_WIDTH9_271
gmem0_m_axi_U/clk_gate_load_unit_buff_rdata_genblk1_U_fifo_mem_mem_reg_228_       3.9900     0.0      0.0000       3.9900 0.0000 SNPS_CLOCK_GATE_HIGH_tinytpu_isa_gmem0_m_axi_CONSERVATIVE1_NUM_READ_OUTSTANDING16_NUM_WRITE_OUTSTANDING16_MAX_READ_BURST_LENGTH16_MAX_WRITE_BURST_LENGTH16_C_M_AXI_ID_WIDTH1_C_M_AXI_ADDR_WIDTH64_C_M_AXI_DATA_WIDTH512_C_M_AXI_AWUSER_WIDTH1_C_M_AXI_ARUSER_WIDTH1_C_M_AXI_WUSER_WIDTH1_C_M_AXI_RUSER_WIDTH1_C_M_AXI_BUSER_WIDTH1_C_USER_VALUE0_C_PROT_VALUE0_C_CACHE_VALUE3_USER_DW512_USER_AW64_USER_MAXREQS7_USER_RFIFONUM_WIDTH9_272
gmem0_m_axi_U/clk_gate_load_unit_buff_rdata_genblk1_U_fifo_mem_mem_reg_229_       3.9900     0.0      0.0000       3.9900 0.0000 SNPS_CLOCK_GATE_HIGH_tinytpu_isa_gmem0_m_axi_CONSERVATIVE1_NUM_READ_OUTSTANDING16_NUM_WRITE_OUTSTANDING16_MAX_READ_BURST_LENGTH16_MAX_WRITE_BURST_LENGTH16_C_M_AXI_ID_WIDTH1_C_M_AXI_ADDR_WIDTH64_C_M_AXI_DATA_WIDTH512_C_M_AXI_AWUSER_WIDTH1_C_M_AXI_ARUSER_WIDTH1_C_M_AXI_WUSER_WIDTH1_C_M_AXI_RUSER_WIDTH1_C_M_AXI_BUSER_WIDTH1_C_USER_VALUE0_C_PROT_VALUE0_C_CACHE_VALUE3_USER_DW512_USER_AW64_USER_MAXREQS7_USER_RFIFONUM_WIDTH9_273
gmem0_m_axi_U/clk_gate_load_unit_buff_rdata_genblk1_U_fifo_mem_mem_reg_22_       3.9900     0.0      0.0000       3.9900 0.0000 SNPS_CLOCK_GATE_HIGH_tinytpu_isa_gmem0_m_axi_CONSERVATIVE1_NUM_READ_OUTSTANDING16_NUM_WRITE_OUTSTANDING16_MAX_READ_BURST_LENGTH16_MAX_WRITE_BURST_LENGTH16_C_M_AXI_ID_WIDTH1_C_M_AXI_ADDR_WIDTH64_C_M_AXI_DATA_WIDTH512_C_M_AXI_AWUSER_WIDTH1_C_M_AXI_ARUSER_WIDTH1_C_M_AXI_WUSER_WIDTH1_C_M_AXI_RUSER_WIDTH1_C_M_AXI_BUSER_WIDTH1_C_USER_VALUE0_C_PROT_VALUE0_C_CACHE_VALUE3_USER_DW512_USER_AW64_USER_MAXREQS7_USER_RFIFONUM_WIDTH9_66
gmem0_m_axi_U/clk_gate_load_unit_buff_rdata_genblk1_U_fifo_mem_mem_reg_230_       3.9900     0.0      0.0000       3.9900 0.0000 SNPS_CLOCK_GATE_HIGH_tinytpu_isa_gmem0_m_axi_CONSERVATIVE1_NUM_READ_OUTSTANDING16_NUM_WRITE_OUTSTANDING16_MAX_READ_BURST_LENGTH16_MAX_WRITE_BURST_LENGTH16_C_M_AXI_ID_WIDTH1_C_M_AXI_ADDR_WIDTH64_C_M_AXI_DATA_WIDTH512_C_M_AXI_AWUSER_WIDTH1_C_M_AXI_ARUSER_WIDTH1_C_M_AXI_WUSER_WIDTH1_C_M_AXI_RUSER_WIDTH1_C_M_AXI_BUSER_WIDTH1_C_USER_VALUE0_C_PROT_VALUE0_C_CACHE_VALUE3_USER_DW512_USER_AW64_USER_MAXREQS7_USER_RFIFONUM_WIDTH9_274
gmem0_m_axi_U/clk_gate_load_unit_buff_rdata_genblk1_U_fifo_mem_mem_reg_231_       3.9900     0.0      0.0000       3.9900 0.0000 SNPS_CLOCK_GATE_HIGH_tinytpu_isa_gmem0_m_axi_CONSERVATIVE1_NUM_READ_OUTSTANDING16_NUM_WRITE_OUTSTANDING16_MAX_READ_BURST_LENGTH16_MAX_WRITE_BURST_LENGTH16_C_M_AXI_ID_WIDTH1_C_M_AXI_ADDR_WIDTH64_C_M_AXI_DATA_WIDTH512_C_M_AXI_AWUSER_WIDTH1_C_M_AXI_ARUSER_WIDTH1_C_M_AXI_WUSER_WIDTH1_C_M_AXI_RUSER_WIDTH1_C_M_AXI_BUSER_WIDTH1_C_USER_VALUE0_C_PROT_VALUE0_C_CACHE_VALUE3_USER_DW512_USER_AW64_USER_MAXREQS7_USER_RFIFONUM_WIDTH9_275
gmem0_m_axi_U/clk_gate_load_unit_buff_rdata_genblk1_U_fifo_mem_mem_reg_232_       3.9900     0.0      0.0000       3.9900 0.0000 SNPS_CLOCK_GATE_HIGH_tinytpu_isa_gmem0_m_axi_CONSERVATIVE1_NUM_READ_OUTSTANDING16_NUM_WRITE_OUTSTANDING16_MAX_READ_BURST_LENGTH16_MAX_WRITE_BURST_LENGTH16_C_M_AXI_ID_WIDTH1_C_M_AXI_ADDR_WIDTH64_C_M_AXI_DATA_WIDTH512_C_M_AXI_AWUSER_WIDTH1_C_M_AXI_ARUSER_WIDTH1_C_M_AXI_WUSER_WIDTH1_C_M_AXI_RUSER_WIDTH1_C_M_AXI_BUSER_WIDTH1_C_USER_VALUE0_C_PROT_VALUE0_C_CACHE_VALUE3_USER_DW512_USER_AW64_USER_MAXREQS7_USER_RFIFONUM_WIDTH9_276
gmem0_m_axi_U/clk_gate_load_unit_buff_rdata_genblk1_U_fifo_mem_mem_reg_233_       3.9900     0.0      0.0000       3.9900 0.0000 SNPS_CLOCK_GATE_HIGH_tinytpu_isa_gmem0_m_axi_CONSERVATIVE1_NUM_READ_OUTSTANDING16_NUM_WRITE_OUTSTANDING16_MAX_READ_BURST_LENGTH16_MAX_WRITE_BURST_LENGTH16_C_M_AXI_ID_WIDTH1_C_M_AXI_ADDR_WIDTH64_C_M_AXI_DATA_WIDTH512_C_M_AXI_AWUSER_WIDTH1_C_M_AXI_ARUSER_WIDTH1_C_M_AXI_WUSER_WIDTH1_C_M_AXI_RUSER_WIDTH1_C_M_AXI_BUSER_WIDTH1_C_USER_VALUE0_C_PROT_VALUE0_C_CACHE_VALUE3_USER_DW512_USER_AW64_USER_MAXREQS7_USER_RFIFONUM_WIDTH9_277
gmem0_m_axi_U/clk_gate_load_unit_buff_rdata_genblk1_U_fifo_mem_mem_reg_234_       3.9900     0.0      0.0000       3.9900 0.0000 SNPS_CLOCK_GATE_HIGH_tinytpu_isa_gmem0_m_axi_CONSERVATIVE1_NUM_READ_OUTSTANDING16_NUM_WRITE_OUTSTANDING16_MAX_READ_BURST_LENGTH16_MAX_WRITE_BURST_LENGTH16_C_M_AXI_ID_WIDTH1_C_M_AXI_ADDR_WIDTH64_C_M_AXI_DATA_WIDTH512_C_M_AXI_AWUSER_WIDTH1_C_M_AXI_ARUSER_WIDTH1_C_M_AXI_WUSER_WIDTH1_C_M_AXI_RUSER_WIDTH1_C_M_AXI_BUSER_WIDTH1_C_USER_VALUE0_C_PROT_VALUE0_C_CACHE_VALUE3_USER_DW512_USER_AW64_USER_MAXREQS7_USER_RFIFONUM_WIDTH9_278
gmem0_m_axi_U/clk_gate_load_unit_buff_rdata_genblk1_U_fifo_mem_mem_reg_235_       3.9900     0.0      0.0000       3.9900 0.0000 SNPS_CLOCK_GATE_HIGH_tinytpu_isa_gmem0_m_axi_CONSERVATIVE1_NUM_READ_OUTSTANDING16_NUM_WRITE_OUTSTANDING16_MAX_READ_BURST_LENGTH16_MAX_WRITE_BURST_LENGTH16_C_M_AXI_ID_WIDTH1_C_M_AXI_ADDR_WIDTH64_C_M_AXI_DATA_WIDTH512_C_M_AXI_AWUSER_WIDTH1_C_M_AXI_ARUSER_WIDTH1_C_M_AXI_WUSER_WIDTH1_C_M_AXI_RUSER_WIDTH1_C_M_AXI_BUSER_WIDTH1_C_USER_VALUE0_C_PROT_VALUE0_C_CACHE_VALUE3_USER_DW512_USER_AW64_USER_MAXREQS7_USER_RFIFONUM_WIDTH9_279
gmem0_m_axi_U/clk_gate_load_unit_buff_rdata_genblk1_U_fifo_mem_mem_reg_236_       3.9900     0.0      0.0000       3.9900 0.0000 SNPS_CLOCK_GATE_HIGH_tinytpu_isa_gmem0_m_axi_CONSERVATIVE1_NUM_READ_OUTSTANDING16_NUM_WRITE_OUTSTANDING16_MAX_READ_BURST_LENGTH16_MAX_WRITE_BURST_LENGTH16_C_M_AXI_ID_WIDTH1_C_M_AXI_ADDR_WIDTH64_C_M_AXI_DATA_WIDTH512_C_M_AXI_AWUSER_WIDTH1_C_M_AXI_ARUSER_WIDTH1_C_M_AXI_WUSER_WIDTH1_C_M_AXI_RUSER_WIDTH1_C_M_AXI_BUSER_WIDTH1_C_USER_VALUE0_C_PROT_VALUE0_C_CACHE_VALUE3_USER_DW512_USER_AW64_USER_MAXREQS7_USER_RFIFONUM_WIDTH9_280
gmem0_m_axi_U/clk_gate_load_unit_buff_rdata_genblk1_U_fifo_mem_mem_reg_237_       3.9900     0.0      0.0000       3.9900 0.0000 SNPS_CLOCK_GATE_HIGH_tinytpu_isa_gmem0_m_axi_CONSERVATIVE1_NUM_READ_OUTSTANDING16_NUM_WRITE_OUTSTANDING16_MAX_READ_BURST_LENGTH16_MAX_WRITE_BURST_LENGTH16_C_M_AXI_ID_WIDTH1_C_M_AXI_ADDR_WIDTH64_C_M_AXI_DATA_WIDTH512_C_M_AXI_AWUSER_WIDTH1_C_M_AXI_ARUSER_WIDTH1_C_M_AXI_WUSER_WIDTH1_C_M_AXI_RUSER_WIDTH1_C_M_AXI_BUSER_WIDTH1_C_USER_VALUE0_C_PROT_VALUE0_C_CACHE_VALUE3_USER_DW512_USER_AW64_USER_MAXREQS7_USER_RFIFONUM_WIDTH9_281
gmem0_m_axi_U/clk_gate_load_unit_buff_rdata_genblk1_U_fifo_mem_mem_reg_238_       3.9900     0.0      0.0000       3.9900 0.0000 SNPS_CLOCK_GATE_HIGH_tinytpu_isa_gmem0_m_axi_CONSERVATIVE1_NUM_READ_OUTSTANDING16_NUM_WRITE_OUTSTANDING16_MAX_READ_BURST_LENGTH16_MAX_WRITE_BURST_LENGTH16_C_M_AXI_ID_WIDTH1_C_M_AXI_ADDR_WIDTH64_C_M_AXI_DATA_WIDTH512_C_M_AXI_AWUSER_WIDTH1_C_M_AXI_ARUSER_WIDTH1_C_M_AXI_WUSER_WIDTH1_C_M_AXI_RUSER_WIDTH1_C_M_AXI_BUSER_WIDTH1_C_USER_VALUE0_C_PROT_VALUE0_C_CACHE_VALUE3_USER_DW512_USER_AW64_USER_MAXREQS7_USER_RFIFONUM_WIDTH9_282
gmem0_m_axi_U/clk_gate_load_unit_buff_rdata_genblk1_U_fifo_mem_mem_reg_239_       3.9900     0.0      0.0000       3.9900 0.0000 SNPS_CLOCK_GATE_HIGH_tinytpu_isa_gmem0_m_axi_CONSERVATIVE1_NUM_READ_OUTSTANDING16_NUM_WRITE_OUTSTANDING16_MAX_READ_BURST_LENGTH16_MAX_WRITE_BURST_LENGTH16_C_M_AXI_ID_WIDTH1_C_M_AXI_ADDR_WIDTH64_C_M_AXI_DATA_WIDTH512_C_M_AXI_AWUSER_WIDTH1_C_M_AXI_ARUSER_WIDTH1_C_M_AXI_WUSER_WIDTH1_C_M_AXI_RUSER_WIDTH1_C_M_AXI_BUSER_WIDTH1_C_USER_VALUE0_C_PROT_VALUE0_C_CACHE_VALUE3_USER_DW512_USER_AW64_USER_MAXREQS7_USER_RFIFONUM_WIDTH9_283
gmem0_m_axi_U/clk_gate_load_unit_buff_rdata_genblk1_U_fifo_mem_mem_reg_23_       3.9900     0.0      0.0000       3.9900 0.0000 SNPS_CLOCK_GATE_HIGH_tinytpu_isa_gmem0_m_axi_CONSERVATIVE1_NUM_READ_OUTSTANDING16_NUM_WRITE_OUTSTANDING16_MAX_READ_BURST_LENGTH16_MAX_WRITE_BURST_LENGTH16_C_M_AXI_ID_WIDTH1_C_M_AXI_ADDR_WIDTH64_C_M_AXI_DATA_WIDTH512_C_M_AXI_AWUSER_WIDTH1_C_M_AXI_ARUSER_WIDTH1_C_M_AXI_WUSER_WIDTH1_C_M_AXI_RUSER_WIDTH1_C_M_AXI_BUSER_WIDTH1_C_USER_VALUE0_C_PROT_VALUE0_C_CACHE_VALUE3_USER_DW512_USER_AW64_USER_MAXREQS7_USER_RFIFONUM_WIDTH9_67
gmem0_m_axi_U/clk_gate_load_unit_buff_rdata_genblk1_U_fifo_mem_mem_reg_240_       3.9900     0.0      0.0000       3.9900 0.0000 SNPS_CLOCK_GATE_HIGH_tinytpu_isa_gmem0_m_axi_CONSERVATIVE1_NUM_READ_OUTSTANDING16_NUM_WRITE_OUTSTANDING16_MAX_READ_BURST_LENGTH16_MAX_WRITE_BURST_LENGTH16_C_M_AXI_ID_WIDTH1_C_M_AXI_ADDR_WIDTH64_C_M_AXI_DATA_WIDTH512_C_M_AXI_AWUSER_WIDTH1_C_M_AXI_ARUSER_WIDTH1_C_M_AXI_WUSER_WIDTH1_C_M_AXI_RUSER_WIDTH1_C_M_AXI_BUSER_WIDTH1_C_USER_VALUE0_C_PROT_VALUE0_C_CACHE_VALUE3_USER_DW512_USER_AW64_USER_MAXREQS7_USER_RFIFONUM_WIDTH9_284
gmem0_m_axi_U/clk_gate_load_unit_buff_rdata_genblk1_U_fifo_mem_mem_reg_241_       3.9900     0.0      0.0000       3.9900 0.0000 SNPS_CLOCK_GATE_HIGH_tinytpu_isa_gmem0_m_axi_CONSERVATIVE1_NUM_READ_OUTSTANDING16_NUM_WRITE_OUTSTANDING16_MAX_READ_BURST_LENGTH16_MAX_WRITE_BURST_LENGTH16_C_M_AXI_ID_WIDTH1_C_M_AXI_ADDR_WIDTH64_C_M_AXI_DATA_WIDTH512_C_M_AXI_AWUSER_WIDTH1_C_M_AXI_ARUSER_WIDTH1_C_M_AXI_WUSER_WIDTH1_C_M_AXI_RUSER_WIDTH1_C_M_AXI_BUSER_WIDTH1_C_USER_VALUE0_C_PROT_VALUE0_C_CACHE_VALUE3_USER_DW512_USER_AW64_USER_MAXREQS7_USER_RFIFONUM_WIDTH9_285
gmem0_m_axi_U/clk_gate_load_unit_buff_rdata_genblk1_U_fifo_mem_mem_reg_242_       3.9900     0.0      0.0000       3.9900 0.0000 SNPS_CLOCK_GATE_HIGH_tinytpu_isa_gmem0_m_axi_CONSERVATIVE1_NUM_READ_OUTSTANDING16_NUM_WRITE_OUTSTANDING16_MAX_READ_BURST_LENGTH16_MAX_WRITE_BURST_LENGTH16_C_M_AXI_ID_WIDTH1_C_M_AXI_ADDR_WIDTH64_C_M_AXI_DATA_WIDTH512_C_M_AXI_AWUSER_WIDTH1_C_M_AXI_ARUSER_WIDTH1_C_M_AXI_WUSER_WIDTH1_C_M_AXI_RUSER_WIDTH1_C_M_AXI_BUSER_WIDTH1_C_USER_VALUE0_C_PROT_VALUE0_C_CACHE_VALUE3_USER_DW512_USER_AW64_USER_MAXREQS7_USER_RFIFONUM_WIDTH9_286
gmem0_m_axi_U/clk_gate_load_unit_buff_rdata_genblk1_U_fifo_mem_mem_reg_243_       3.9900     0.0      0.0000       3.9900 0.0000 SNPS_CLOCK_GATE_HIGH_tinytpu_isa_gmem0_m_axi_CONSERVATIVE1_NUM_READ_OUTSTANDING16_NUM_WRITE_OUTSTANDING16_MAX_READ_BURST_LENGTH16_MAX_WRITE_BURST_LENGTH16_C_M_AXI_ID_WIDTH1_C_M_AXI_ADDR_WIDTH64_C_M_AXI_DATA_WIDTH512_C_M_AXI_AWUSER_WIDTH1_C_M_AXI_ARUSER_WIDTH1_C_M_AXI_WUSER_WIDTH1_C_M_AXI_RUSER_WIDTH1_C_M_AXI_BUSER_WIDTH1_C_USER_VALUE0_C_PROT_VALUE0_C_CACHE_VALUE3_USER_DW512_USER_AW64_USER_MAXREQS7_USER_RFIFONUM_WIDTH9_287
gmem0_m_axi_U/clk_gate_load_unit_buff_rdata_genblk1_U_fifo_mem_mem_reg_244_       3.9900     0.0      0.0000       3.9900 0.0000 SNPS_CLOCK_GATE_HIGH_tinytpu_isa_gmem0_m_axi_CONSERVATIVE1_NUM_READ_OUTSTANDING16_NUM_WRITE_OUTSTANDING16_MAX_READ_BURST_LENGTH16_MAX_WRITE_BURST_LENGTH16_C_M_AXI_ID_WIDTH1_C_M_AXI_ADDR_WIDTH64_C_M_AXI_DATA_WIDTH512_C_M_AXI_AWUSER_WIDTH1_C_M_AXI_ARUSER_WIDTH1_C_M_AXI_WUSER_WIDTH1_C_M_AXI_RUSER_WIDTH1_C_M_AXI_BUSER_WIDTH1_C_USER_VALUE0_C_PROT_VALUE0_C_CACHE_VALUE3_USER_DW512_USER_AW64_USER_MAXREQS7_USER_RFIFONUM_WIDTH9_288
gmem0_m_axi_U/clk_gate_load_unit_buff_rdata_genblk1_U_fifo_mem_mem_reg_245_       3.9900     0.0      0.0000       3.9900 0.0000 SNPS_CLOCK_GATE_HIGH_tinytpu_isa_gmem0_m_axi_CONSERVATIVE1_NUM_READ_OUTSTANDING16_NUM_WRITE_OUTSTANDING16_MAX_READ_BURST_LENGTH16_MAX_WRITE_BURST_LENGTH16_C_M_AXI_ID_WIDTH1_C_M_AXI_ADDR_WIDTH64_C_M_AXI_DATA_WIDTH512_C_M_AXI_AWUSER_WIDTH1_C_M_AXI_ARUSER_WIDTH1_C_M_AXI_WUSER_WIDTH1_C_M_AXI_RUSER_WIDTH1_C_M_AXI_BUSER_WIDTH1_C_USER_VALUE0_C_PROT_VALUE0_C_CACHE_VALUE3_USER_DW512_USER_AW64_USER_MAXREQS7_USER_RFIFONUM_WIDTH9_289
gmem0_m_axi_U/clk_gate_load_unit_buff_rdata_genblk1_U_fifo_mem_mem_reg_246_       3.9900     0.0      0.0000       3.9900 0.0000 SNPS_CLOCK_GATE_HIGH_tinytpu_isa_gmem0_m_axi_CONSERVATIVE1_NUM_READ_OUTSTANDING16_NUM_WRITE_OUTSTANDING16_MAX_READ_BURST_LENGTH16_MAX_WRITE_BURST_LENGTH16_C_M_AXI_ID_WIDTH1_C_M_AXI_ADDR_WIDTH64_C_M_AXI_DATA_WIDTH512_C_M_AXI_AWUSER_WIDTH1_C_M_AXI_ARUSER_WIDTH1_C_M_AXI_WUSER_WIDTH1_C_M_AXI_RUSER_WIDTH1_C_M_AXI_BUSER_WIDTH1_C_USER_VALUE0_C_PROT_VALUE0_C_CACHE_VALUE3_USER_DW512_USER_AW64_USER_MAXREQS7_USER_RFIFONUM_WIDTH9_290
gmem0_m_axi_U/clk_gate_load_unit_buff_rdata_genblk1_U_fifo_mem_mem_reg_247_       3.9900     0.0      0.0000       3.9900 0.0000 SNPS_CLOCK_GATE_HIGH_tinytpu_isa_gmem0_m_axi_CONSERVATIVE1_NUM_READ_OUTSTANDING16_NUM_WRITE_OUTSTANDING16_MAX_READ_BURST_LENGTH16_MAX_WRITE_BURST_LENGTH16_C_M_AXI_ID_WIDTH1_C_M_AXI_ADDR_WIDTH64_C_M_AXI_DATA_WIDTH512_C_M_AXI_AWUSER_WIDTH1_C_M_AXI_ARUSER_WIDTH1_C_M_AXI_WUSER_WIDTH1_C_M_AXI_RUSER_WIDTH1_C_M_AXI_BUSER_WIDTH1_C_USER_VALUE0_C_PROT_VALUE0_C_CACHE_VALUE3_USER_DW512_USER_AW64_USER_MAXREQS7_USER_RFIFONUM_WIDTH9_291
gmem0_m_axi_U/clk_gate_load_unit_buff_rdata_genblk1_U_fifo_mem_mem_reg_248_       3.9900     0.0      0.0000       3.9900 0.0000 SNPS_CLOCK_GATE_HIGH_tinytpu_isa_gmem0_m_axi_CONSERVATIVE1_NUM_READ_OUTSTANDING16_NUM_WRITE_OUTSTANDING16_MAX_READ_BURST_LENGTH16_MAX_WRITE_BURST_LENGTH16_C_M_AXI_ID_WIDTH1_C_M_AXI_ADDR_WIDTH64_C_M_AXI_DATA_WIDTH512_C_M_AXI_AWUSER_WIDTH1_C_M_AXI_ARUSER_WIDTH1_C_M_AXI_WUSER_WIDTH1_C_M_AXI_RUSER_WIDTH1_C_M_AXI_BUSER_WIDTH1_C_USER_VALUE0_C_PROT_VALUE0_C_CACHE_VALUE3_USER_DW512_USER_AW64_USER_MAXREQS7_USER_RFIFONUM_WIDTH9_292
gmem0_m_axi_U/clk_gate_load_unit_buff_rdata_genblk1_U_fifo_mem_mem_reg_249_       3.9900     0.0      0.0000       3.9900 0.0000 SNPS_CLOCK_GATE_HIGH_tinytpu_isa_gmem0_m_axi_CONSERVATIVE1_NUM_READ_OUTSTANDING16_NUM_WRITE_OUTSTANDING16_MAX_READ_BURST_LENGTH16_MAX_WRITE_BURST_LENGTH16_C_M_AXI_ID_WIDTH1_C_M_AXI_ADDR_WIDTH64_C_M_AXI_DATA_WIDTH512_C_M_AXI_AWUSER_WIDTH1_C_M_AXI_ARUSER_WIDTH1_C_M_AXI_WUSER_WIDTH1_C_M_AXI_RUSER_WIDTH1_C_M_AXI_BUSER_WIDTH1_C_USER_VALUE0_C_PROT_VALUE0_C_CACHE_VALUE3_USER_DW512_USER_AW64_USER_MAXREQS7_USER_RFIFONUM_WIDTH9_293
gmem0_m_axi_U/clk_gate_load_unit_buff_rdata_genblk1_U_fifo_mem_mem_reg_24_       3.9900     0.0      0.0000       3.9900 0.0000 SNPS_CLOCK_GATE_HIGH_tinytpu_isa_gmem0_m_axi_CONSERVATIVE1_NUM_READ_OUTSTANDING16_NUM_WRITE_OUTSTANDING16_MAX_READ_BURST_LENGTH16_MAX_WRITE_BURST_LENGTH16_C_M_AXI_ID_WIDTH1_C_M_AXI_ADDR_WIDTH64_C_M_AXI_DATA_WIDTH512_C_M_AXI_AWUSER_WIDTH1_C_M_AXI_ARUSER_WIDTH1_C_M_AXI_WUSER_WIDTH1_C_M_AXI_RUSER_WIDTH1_C_M_AXI_BUSER_WIDTH1_C_USER_VALUE0_C_PROT_VALUE0_C_CACHE_VALUE3_USER_DW512_USER_AW64_USER_MAXREQS7_USER_RFIFONUM_WIDTH9_68
gmem0_m_axi_U/clk_gate_load_unit_buff_rdata_genblk1_U_fifo_mem_mem_reg_250_       3.9900     0.0      0.0000       3.9900 0.0000 SNPS_CLOCK_GATE_HIGH_tinytpu_isa_gmem0_m_axi_CONSERVATIVE1_NUM_READ_OUTSTANDING16_NUM_WRITE_OUTSTANDING16_MAX_READ_BURST_LENGTH16_MAX_WRITE_BURST_LENGTH16_C_M_AXI_ID_WIDTH1_C_M_AXI_ADDR_WIDTH64_C_M_AXI_DATA_WIDTH512_C_M_AXI_AWUSER_WIDTH1_C_M_AXI_ARUSER_WIDTH1_C_M_AXI_WUSER_WIDTH1_C_M_AXI_RUSER_WIDTH1_C_M_AXI_BUSER_WIDTH1_C_USER_VALUE0_C_PROT_VALUE0_C_CACHE_VALUE3_USER_DW512_USER_AW64_USER_MAXREQS7_USER_RFIFONUM_WIDTH9_294
gmem0_m_axi_U/clk_gate_load_unit_buff_rdata_genblk1_U_fifo_mem_mem_reg_251_       3.9900     0.0      0.0000       3.9900 0.0000 SNPS_CLOCK_GATE_HIGH_tinytpu_isa_gmem0_m_axi_CONSERVATIVE1_NUM_READ_OUTSTANDING16_NUM_WRITE_OUTSTANDING16_MAX_READ_BURST_LENGTH16_MAX_WRITE_BURST_LENGTH16_C_M_AXI_ID_WIDTH1_C_M_AXI_ADDR_WIDTH64_C_M_AXI_DATA_WIDTH512_C_M_AXI_AWUSER_WIDTH1_C_M_AXI_ARUSER_WIDTH1_C_M_AXI_WUSER_WIDTH1_C_M_AXI_RUSER_WIDTH1_C_M_AXI_BUSER_WIDTH1_C_USER_VALUE0_C_PROT_VALUE0_C_CACHE_VALUE3_USER_DW512_USER_AW64_USER_MAXREQS7_USER_RFIFONUM_WIDTH9_295
gmem0_m_axi_U/clk_gate_load_unit_buff_rdata_genblk1_U_fifo_mem_mem_reg_252_       3.9900     0.0      0.0000       3.9900 0.0000 SNPS_CLOCK_GATE_HIGH_tinytpu_isa_gmem0_m_axi_CONSERVATIVE1_NUM_READ_OUTSTANDING16_NUM_WRITE_OUTSTANDING16_MAX_READ_BURST_LENGTH16_MAX_WRITE_BURST_LENGTH16_C_M_AXI_ID_WIDTH1_C_M_AXI_ADDR_WIDTH64_C_M_AXI_DATA_WIDTH512_C_M_AXI_AWUSER_WIDTH1_C_M_AXI_ARUSER_WIDTH1_C_M_AXI_WUSER_WIDTH1_C_M_AXI_RUSER_WIDTH1_C_M_AXI_BUSER_WIDTH1_C_USER_VALUE0_C_PROT_VALUE0_C_CACHE_VALUE3_USER_DW512_USER_AW64_USER_MAXREQS7_USER_RFIFONUM_WIDTH9_296
gmem0_m_axi_U/clk_gate_load_unit_buff_rdata_genblk1_U_fifo_mem_mem_reg_253_       3.9900     0.0      0.0000       3.9900 0.0000 SNPS_CLOCK_GATE_HIGH_tinytpu_isa_gmem0_m_axi_CONSERVATIVE1_NUM_READ_OUTSTANDING16_NUM_WRITE_OUTSTANDING16_MAX_READ_BURST_LENGTH16_MAX_WRITE_BURST_LENGTH16_C_M_AXI_ID_WIDTH1_C_M_AXI_ADDR_WIDTH64_C_M_AXI_DATA_WIDTH512_C_M_AXI_AWUSER_WIDTH1_C_M_AXI_ARUSER_WIDTH1_C_M_AXI_WUSER_WIDTH1_C_M_AXI_RUSER_WIDTH1_C_M_AXI_BUSER_WIDTH1_C_USER_VALUE0_C_PROT_VALUE0_C_CACHE_VALUE3_USER_DW512_USER_AW64_USER_MAXREQS7_USER_RFIFONUM_WIDTH9_297
gmem0_m_axi_U/clk_gate_load_unit_buff_rdata_genblk1_U_fifo_mem_mem_reg_254_       3.9900     0.0      0.0000       3.9900 0.0000 SNPS_CLOCK_GATE_HIGH_tinytpu_isa_gmem0_m_axi_CONSERVATIVE1_NUM_READ_OUTSTANDING16_NUM_WRITE_OUTSTANDING16_MAX_READ_BURST_LENGTH16_MAX_WRITE_BURST_LENGTH16_C_M_AXI_ID_WIDTH1_C_M_AXI_ADDR_WIDTH64_C_M_AXI_DATA_WIDTH512_C_M_AXI_AWUSER_WIDTH1_C_M_AXI_ARUSER_WIDTH1_C_M_AXI_WUSER_WIDTH1_C_M_AXI_RUSER_WIDTH1_C_M_AXI_BUSER_WIDTH1_C_USER_VALUE0_C_PROT_VALUE0_C_CACHE_VALUE3_USER_DW512_USER_AW64_USER_MAXREQS7_USER_RFIFONUM_WIDTH9_298
gmem0_m_axi_U/clk_gate_load_unit_buff_rdata_genblk1_U_fifo_mem_mem_reg_25_       3.9900     0.0      0.0000       3.9900 0.0000 SNPS_CLOCK_GATE_HIGH_tinytpu_isa_gmem0_m_axi_CONSERVATIVE1_NUM_READ_OUTSTANDING16_NUM_WRITE_OUTSTANDING16_MAX_READ_BURST_LENGTH16_MAX_WRITE_BURST_LENGTH16_C_M_AXI_ID_WIDTH1_C_M_AXI_ADDR_WIDTH64_C_M_AXI_DATA_WIDTH512_C_M_AXI_AWUSER_WIDTH1_C_M_AXI_ARUSER_WIDTH1_C_M_AXI_WUSER_WIDTH1_C_M_AXI_RUSER_WIDTH1_C_M_AXI_BUSER_WIDTH1_C_USER_VALUE0_C_PROT_VALUE0_C_CACHE_VALUE3_USER_DW512_USER_AW64_USER_MAXREQS7_USER_RFIFONUM_WIDTH9_69
gmem0_m_axi_U/clk_gate_load_unit_buff_rdata_genblk1_U_fifo_mem_mem_reg_26_       3.9900     0.0      0.0000       3.9900 0.0000 SNPS_CLOCK_GATE_HIGH_tinytpu_isa_gmem0_m_axi_CONSERVATIVE1_NUM_READ_OUTSTANDING16_NUM_WRITE_OUTSTANDING16_MAX_READ_BURST_LENGTH16_MAX_WRITE_BURST_LENGTH16_C_M_AXI_ID_WIDTH1_C_M_AXI_ADDR_WIDTH64_C_M_AXI_DATA_WIDTH512_C_M_AXI_AWUSER_WIDTH1_C_M_AXI_ARUSER_WIDTH1_C_M_AXI_WUSER_WIDTH1_C_M_AXI_RUSER_WIDTH1_C_M_AXI_BUSER_WIDTH1_C_USER_VALUE0_C_PROT_VALUE0_C_CACHE_VALUE3_USER_DW512_USER_AW64_USER_MAXREQS7_USER_RFIFONUM_WIDTH9_70
gmem0_m_axi_U/clk_gate_load_unit_buff_rdata_genblk1_U_fifo_mem_mem_reg_27_       3.9900     0.0      0.0000       3.9900 0.0000 SNPS_CLOCK_GATE_HIGH_tinytpu_isa_gmem0_m_axi_CONSERVATIVE1_NUM_READ_OUTSTANDING16_NUM_WRITE_OUTSTANDING16_MAX_READ_BURST_LENGTH16_MAX_WRITE_BURST_LENGTH16_C_M_AXI_ID_WIDTH1_C_M_AXI_ADDR_WIDTH64_C_M_AXI_DATA_WIDTH512_C_M_AXI_AWUSER_WIDTH1_C_M_AXI_ARUSER_WIDTH1_C_M_AXI_WUSER_WIDTH1_C_M_AXI_RUSER_WIDTH1_C_M_AXI_BUSER_WIDTH1_C_USER_VALUE0_C_PROT_VALUE0_C_CACHE_VALUE3_USER_DW512_USER_AW64_USER_MAXREQS7_USER_RFIFONUM_WIDTH9_71
gmem0_m_axi_U/clk_gate_load_unit_buff_rdata_genblk1_U_fifo_mem_mem_reg_28_       3.9900     0.0      0.0000       3.9900 0.0000 SNPS_CLOCK_GATE_HIGH_tinytpu_isa_gmem0_m_axi_CONSERVATIVE1_NUM_READ_OUTSTANDING16_NUM_WRITE_OUTSTANDING16_MAX_READ_BURST_LENGTH16_MAX_WRITE_BURST_LENGTH16_C_M_AXI_ID_WIDTH1_C_M_AXI_ADDR_WIDTH64_C_M_AXI_DATA_WIDTH512_C_M_AXI_AWUSER_WIDTH1_C_M_AXI_ARUSER_WIDTH1_C_M_AXI_WUSER_WIDTH1_C_M_AXI_RUSER_WIDTH1_C_M_AXI_BUSER_WIDTH1_C_USER_VALUE0_C_PROT_VALUE0_C_CACHE_VALUE3_USER_DW512_USER_AW64_USER_MAXREQS7_USER_RFIFONUM_WIDTH9_72
gmem0_m_axi_U/clk_gate_load_unit_buff_rdata_genblk1_U_fifo_mem_mem_reg_29_       3.9900     0.0      0.0000       3.9900 0.0000 SNPS_CLOCK_GATE_HIGH_tinytpu_isa_gmem0_m_axi_CONSERVATIVE1_NUM_READ_OUTSTANDING16_NUM_WRITE_OUTSTANDING16_MAX_READ_BURST_LENGTH16_MAX_WRITE_BURST_LENGTH16_C_M_AXI_ID_WIDTH1_C_M_AXI_ADDR_WIDTH64_C_M_AXI_DATA_WIDTH512_C_M_AXI_AWUSER_WIDTH1_C_M_AXI_ARUSER_WIDTH1_C_M_AXI_WUSER_WIDTH1_C_M_AXI_RUSER_WIDTH1_C_M_AXI_BUSER_WIDTH1_C_USER_VALUE0_C_PROT_VALUE0_C_CACHE_VALUE3_USER_DW512_USER_AW64_USER_MAXREQS7_USER_RFIFONUM_WIDTH9_73
gmem0_m_axi_U/clk_gate_load_unit_buff_rdata_genblk1_U_fifo_mem_mem_reg_2_       3.9900     0.0      0.0000       3.9900 0.0000 SNPS_CLOCK_GATE_HIGH_tinytpu_isa_gmem0_m_axi_CONSERVATIVE1_NUM_READ_OUTSTANDING16_NUM_WRITE_OUTSTANDING16_MAX_READ_BURST_LENGTH16_MAX_WRITE_BURST_LENGTH16_C_M_AXI_ID_WIDTH1_C_M_AXI_ADDR_WIDTH64_C_M_AXI_DATA_WIDTH512_C_M_AXI_AWUSER_WIDTH1_C_M_AXI_ARUSER_WIDTH1_C_M_AXI_WUSER_WIDTH1_C_M_AXI_RUSER_WIDTH1_C_M_AXI_BUSER_WIDTH1_C_USER_VALUE0_C_PROT_VALUE0_C_CACHE_VALUE3_USER_DW512_USER_AW64_USER_MAXREQS7_USER_RFIFONUM_WIDTH9_46
gmem0_m_axi_U/clk_gate_load_unit_buff_rdata_genblk1_U_fifo_mem_mem_reg_30_       3.9900     0.0      0.0000       3.9900 0.0000 SNPS_CLOCK_GATE_HIGH_tinytpu_isa_gmem0_m_axi_CONSERVATIVE1_NUM_READ_OUTSTANDING16_NUM_WRITE_OUTSTANDING16_MAX_READ_BURST_LENGTH16_MAX_WRITE_BURST_LENGTH16_C_M_AXI_ID_WIDTH1_C_M_AXI_ADDR_WIDTH64_C_M_AXI_DATA_WIDTH512_C_M_AXI_AWUSER_WIDTH1_C_M_AXI_ARUSER_WIDTH1_C_M_AXI_WUSER_WIDTH1_C_M_AXI_RUSER_WIDTH1_C_M_AXI_BUSER_WIDTH1_C_USER_VALUE0_C_PROT_VALUE0_C_CACHE_VALUE3_USER_DW512_USER_AW64_USER_MAXREQS7_USER_RFIFONUM_WIDTH9_74
gmem0_m_axi_U/clk_gate_load_unit_buff_rdata_genblk1_U_fifo_mem_mem_reg_31_       3.9900     0.0      0.0000       3.9900 0.0000 SNPS_CLOCK_GATE_HIGH_tinytpu_isa_gmem0_m_axi_CONSERVATIVE1_NUM_READ_OUTSTANDING16_NUM_WRITE_OUTSTANDING16_MAX_READ_BURST_LENGTH16_MAX_WRITE_BURST_LENGTH16_C_M_AXI_ID_WIDTH1_C_M_AXI_ADDR_WIDTH64_C_M_AXI_DATA_WIDTH512_C_M_AXI_AWUSER_WIDTH1_C_M_AXI_ARUSER_WIDTH1_C_M_AXI_WUSER_WIDTH1_C_M_AXI_RUSER_WIDTH1_C_M_AXI_BUSER_WIDTH1_C_USER_VALUE0_C_PROT_VALUE0_C_CACHE_VALUE3_USER_DW512_USER_AW64_USER_MAXREQS7_USER_RFIFONUM_WIDTH9_75
gmem0_m_axi_U/clk_gate_load_unit_buff_rdata_genblk1_U_fifo_mem_mem_reg_32_       3.9900     0.0      0.0000       3.9900 0.0000 SNPS_CLOCK_GATE_HIGH_tinytpu_isa_gmem0_m_axi_CONSERVATIVE1_NUM_READ_OUTSTANDING16_NUM_WRITE_OUTSTANDING16_MAX_READ_BURST_LENGTH16_MAX_WRITE_BURST_LENGTH16_C_M_AXI_ID_WIDTH1_C_M_AXI_ADDR_WIDTH64_C_M_AXI_DATA_WIDTH512_C_M_AXI_AWUSER_WIDTH1_C_M_AXI_ARUSER_WIDTH1_C_M_AXI_WUSER_WIDTH1_C_M_AXI_RUSER_WIDTH1_C_M_AXI_BUSER_WIDTH1_C_USER_VALUE0_C_PROT_VALUE0_C_CACHE_VALUE3_USER_DW512_USER_AW64_USER_MAXREQS7_USER_RFIFONUM_WIDTH9_76
gmem0_m_axi_U/clk_gate_load_unit_buff_rdata_genblk1_U_fifo_mem_mem_reg_33_       3.9900     0.0      0.0000       3.9900 0.0000 SNPS_CLOCK_GATE_HIGH_tinytpu_isa_gmem0_m_axi_CONSERVATIVE1_NUM_READ_OUTSTANDING16_NUM_WRITE_OUTSTANDING16_MAX_READ_BURST_LENGTH16_MAX_WRITE_BURST_LENGTH16_C_M_AXI_ID_WIDTH1_C_M_AXI_ADDR_WIDTH64_C_M_AXI_DATA_WIDTH512_C_M_AXI_AWUSER_WIDTH1_C_M_AXI_ARUSER_WIDTH1_C_M_AXI_WUSER_WIDTH1_C_M_AXI_RUSER_WIDTH1_C_M_AXI_BUSER_WIDTH1_C_USER_VALUE0_C_PROT_VALUE0_C_CACHE_VALUE3_USER_DW512_USER_AW64_USER_MAXREQS7_USER_RFIFONUM_WIDTH9_77
gmem0_m_axi_U/clk_gate_load_unit_buff_rdata_genblk1_U_fifo_mem_mem_reg_34_       3.9900     0.0      0.0000       3.9900 0.0000 SNPS_CLOCK_GATE_HIGH_tinytpu_isa_gmem0_m_axi_CONSERVATIVE1_NUM_READ_OUTSTANDING16_NUM_WRITE_OUTSTANDING16_MAX_READ_BURST_LENGTH16_MAX_WRITE_BURST_LENGTH16_C_M_AXI_ID_WIDTH1_C_M_AXI_ADDR_WIDTH64_C_M_AXI_DATA_WIDTH512_C_M_AXI_AWUSER_WIDTH1_C_M_AXI_ARUSER_WIDTH1_C_M_AXI_WUSER_WIDTH1_C_M_AXI_RUSER_WIDTH1_C_M_AXI_BUSER_WIDTH1_C_USER_VALUE0_C_PROT_VALUE0_C_CACHE_VALUE3_USER_DW512_USER_AW64_USER_MAXREQS7_USER_RFIFONUM_WIDTH9_78
gmem0_m_axi_U/clk_gate_load_unit_buff_rdata_genblk1_U_fifo_mem_mem_reg_35_       3.9900     0.0      0.0000       3.9900 0.0000 SNPS_CLOCK_GATE_HIGH_tinytpu_isa_gmem0_m_axi_CONSERVATIVE1_NUM_READ_OUTSTANDING16_NUM_WRITE_OUTSTANDING16_MAX_READ_BURST_LENGTH16_MAX_WRITE_BURST_LENGTH16_C_M_AXI_ID_WIDTH1_C_M_AXI_ADDR_WIDTH64_C_M_AXI_DATA_WIDTH512_C_M_AXI_AWUSER_WIDTH1_C_M_AXI_ARUSER_WIDTH1_C_M_AXI_WUSER_WIDTH1_C_M_AXI_RUSER_WIDTH1_C_M_AXI_BUSER_WIDTH1_C_USER_VALUE0_C_PROT_VALUE0_C_CACHE_VALUE3_USER_DW512_USER_AW64_USER_MAXREQS7_USER_RFIFONUM_WIDTH9_79
gmem0_m_axi_U/clk_gate_load_unit_buff_rdata_genblk1_U_fifo_mem_mem_reg_36_       3.9900     0.0      0.0000       3.9900 0.0000 SNPS_CLOCK_GATE_HIGH_tinytpu_isa_gmem0_m_axi_CONSERVATIVE1_NUM_READ_OUTSTANDING16_NUM_WRITE_OUTSTANDING16_MAX_READ_BURST_LENGTH16_MAX_WRITE_BURST_LENGTH16_C_M_AXI_ID_WIDTH1_C_M_AXI_ADDR_WIDTH64_C_M_AXI_DATA_WIDTH512_C_M_AXI_AWUSER_WIDTH1_C_M_AXI_ARUSER_WIDTH1_C_M_AXI_WUSER_WIDTH1_C_M_AXI_RUSER_WIDTH1_C_M_AXI_BUSER_WIDTH1_C_USER_VALUE0_C_PROT_VALUE0_C_CACHE_VALUE3_USER_DW512_USER_AW64_USER_MAXREQS7_USER_RFIFONUM_WIDTH9_80
gmem0_m_axi_U/clk_gate_load_unit_buff_rdata_genblk1_U_fifo_mem_mem_reg_37_       3.9900     0.0      0.0000       3.9900 0.0000 SNPS_CLOCK_GATE_HIGH_tinytpu_isa_gmem0_m_axi_CONSERVATIVE1_NUM_READ_OUTSTANDING16_NUM_WRITE_OUTSTANDING16_MAX_READ_BURST_LENGTH16_MAX_WRITE_BURST_LENGTH16_C_M_AXI_ID_WIDTH1_C_M_AXI_ADDR_WIDTH64_C_M_AXI_DATA_WIDTH512_C_M_AXI_AWUSER_WIDTH1_C_M_AXI_ARUSER_WIDTH1_C_M_AXI_WUSER_WIDTH1_C_M_AXI_RUSER_WIDTH1_C_M_AXI_BUSER_WIDTH1_C_USER_VALUE0_C_PROT_VALUE0_C_CACHE_VALUE3_USER_DW512_USER_AW64_USER_MAXREQS7_USER_RFIFONUM_WIDTH9_81
gmem0_m_axi_U/clk_gate_load_unit_buff_rdata_genblk1_U_fifo_mem_mem_reg_38_       3.9900     0.0      0.0000       3.9900 0.0000 SNPS_CLOCK_GATE_HIGH_tinytpu_isa_gmem0_m_axi_CONSERVATIVE1_NUM_READ_OUTSTANDING16_NUM_WRITE_OUTSTANDING16_MAX_READ_BURST_LENGTH16_MAX_WRITE_BURST_LENGTH16_C_M_AXI_ID_WIDTH1_C_M_AXI_ADDR_WIDTH64_C_M_AXI_DATA_WIDTH512_C_M_AXI_AWUSER_WIDTH1_C_M_AXI_ARUSER_WIDTH1_C_M_AXI_WUSER_WIDTH1_C_M_AXI_RUSER_WIDTH1_C_M_AXI_BUSER_WIDTH1_C_USER_VALUE0_C_PROT_VALUE0_C_CACHE_VALUE3_USER_DW512_USER_AW64_USER_MAXREQS7_USER_RFIFONUM_WIDTH9_82
gmem0_m_axi_U/clk_gate_load_unit_buff_rdata_genblk1_U_fifo_mem_mem_reg_39_       3.9900     0.0      0.0000       3.9900 0.0000 SNPS_CLOCK_GATE_HIGH_tinytpu_isa_gmem0_m_axi_CONSERVATIVE1_NUM_READ_OUTSTANDING16_NUM_WRITE_OUTSTANDING16_MAX_READ_BURST_LENGTH16_MAX_WRITE_BURST_LENGTH16_C_M_AXI_ID_WIDTH1_C_M_AXI_ADDR_WIDTH64_C_M_AXI_DATA_WIDTH512_C_M_AXI_AWUSER_WIDTH1_C_M_AXI_ARUSER_WIDTH1_C_M_AXI_WUSER_WIDTH1_C_M_AXI_RUSER_WIDTH1_C_M_AXI_BUSER_WIDTH1_C_USER_VALUE0_C_PROT_VALUE0_C_CACHE_VALUE3_USER_DW512_USER_AW64_USER_MAXREQS7_USER_RFIFONUM_WIDTH9_83
gmem0_m_axi_U/clk_gate_load_unit_buff_rdata_genblk1_U_fifo_mem_mem_reg_3_       3.9900     0.0      0.0000       3.9900 0.0000 SNPS_CLOCK_GATE_HIGH_tinytpu_isa_gmem0_m_axi_CONSERVATIVE1_NUM_READ_OUTSTANDING16_NUM_WRITE_OUTSTANDING16_MAX_READ_BURST_LENGTH16_MAX_WRITE_BURST_LENGTH16_C_M_AXI_ID_WIDTH1_C_M_AXI_ADDR_WIDTH64_C_M_AXI_DATA_WIDTH512_C_M_AXI_AWUSER_WIDTH1_C_M_AXI_ARUSER_WIDTH1_C_M_AXI_WUSER_WIDTH1_C_M_AXI_RUSER_WIDTH1_C_M_AXI_BUSER_WIDTH1_C_USER_VALUE0_C_PROT_VALUE0_C_CACHE_VALUE3_USER_DW512_USER_AW64_USER_MAXREQS7_USER_RFIFONUM_WIDTH9_47
gmem0_m_axi_U/clk_gate_load_unit_buff_rdata_genblk1_U_fifo_mem_mem_reg_40_       3.9900     0.0      0.0000       3.9900 0.0000 SNPS_CLOCK_GATE_HIGH_tinytpu_isa_gmem0_m_axi_CONSERVATIVE1_NUM_READ_OUTSTANDING16_NUM_WRITE_OUTSTANDING16_MAX_READ_BURST_LENGTH16_MAX_WRITE_BURST_LENGTH16_C_M_AXI_ID_WIDTH1_C_M_AXI_ADDR_WIDTH64_C_M_AXI_DATA_WIDTH512_C_M_AXI_AWUSER_WIDTH1_C_M_AXI_ARUSER_WIDTH1_C_M_AXI_WUSER_WIDTH1_C_M_AXI_RUSER_WIDTH1_C_M_AXI_BUSER_WIDTH1_C_USER_VALUE0_C_PROT_VALUE0_C_CACHE_VALUE3_USER_DW512_USER_AW64_USER_MAXREQS7_USER_RFIFONUM_WIDTH9_84
gmem0_m_axi_U/clk_gate_load_unit_buff_rdata_genblk1_U_fifo_mem_mem_reg_41_       3.9900     0.0      0.0000       3.9900 0.0000 SNPS_CLOCK_GATE_HIGH_tinytpu_isa_gmem0_m_axi_CONSERVATIVE1_NUM_READ_OUTSTANDING16_NUM_WRITE_OUTSTANDING16_MAX_READ_BURST_LENGTH16_MAX_WRITE_BURST_LENGTH16_C_M_AXI_ID_WIDTH1_C_M_AXI_ADDR_WIDTH64_C_M_AXI_DATA_WIDTH512_C_M_AXI_AWUSER_WIDTH1_C_M_AXI_ARUSER_WIDTH1_C_M_AXI_WUSER_WIDTH1_C_M_AXI_RUSER_WIDTH1_C_M_AXI_BUSER_WIDTH1_C_USER_VALUE0_C_PROT_VALUE0_C_CACHE_VALUE3_USER_DW512_USER_AW64_USER_MAXREQS7_USER_RFIFONUM_WIDTH9_85
gmem0_m_axi_U/clk_gate_load_unit_buff_rdata_genblk1_U_fifo_mem_mem_reg_42_       3.9900     0.0      0.0000       3.9900 0.0000 SNPS_CLOCK_GATE_HIGH_tinytpu_isa_gmem0_m_axi_CONSERVATIVE1_NUM_READ_OUTSTANDING16_NUM_WRITE_OUTSTANDING16_MAX_READ_BURST_LENGTH16_MAX_WRITE_BURST_LENGTH16_C_M_AXI_ID_WIDTH1_C_M_AXI_ADDR_WIDTH64_C_M_AXI_DATA_WIDTH512_C_M_AXI_AWUSER_WIDTH1_C_M_AXI_ARUSER_WIDTH1_C_M_AXI_WUSER_WIDTH1_C_M_AXI_RUSER_WIDTH1_C_M_AXI_BUSER_WIDTH1_C_USER_VALUE0_C_PROT_VALUE0_C_CACHE_VALUE3_USER_DW512_USER_AW64_USER_MAXREQS7_USER_RFIFONUM_WIDTH9_86
gmem0_m_axi_U/clk_gate_load_unit_buff_rdata_genblk1_U_fifo_mem_mem_reg_43_       3.9900     0.0      0.0000       3.9900 0.0000 SNPS_CLOCK_GATE_HIGH_tinytpu_isa_gmem0_m_axi_CONSERVATIVE1_NUM_READ_OUTSTANDING16_NUM_WRITE_OUTSTANDING16_MAX_READ_BURST_LENGTH16_MAX_WRITE_BURST_LENGTH16_C_M_AXI_ID_WIDTH1_C_M_AXI_ADDR_WIDTH64_C_M_AXI_DATA_WIDTH512_C_M_AXI_AWUSER_WIDTH1_C_M_AXI_ARUSER_WIDTH1_C_M_AXI_WUSER_WIDTH1_C_M_AXI_RUSER_WIDTH1_C_M_AXI_BUSER_WIDTH1_C_USER_VALUE0_C_PROT_VALUE0_C_CACHE_VALUE3_USER_DW512_USER_AW64_USER_MAXREQS7_USER_RFIFONUM_WIDTH9_87
gmem0_m_axi_U/clk_gate_load_unit_buff_rdata_genblk1_U_fifo_mem_mem_reg_44_       3.9900     0.0      0.0000       3.9900 0.0000 SNPS_CLOCK_GATE_HIGH_tinytpu_isa_gmem0_m_axi_CONSERVATIVE1_NUM_READ_OUTSTANDING16_NUM_WRITE_OUTSTANDING16_MAX_READ_BURST_LENGTH16_MAX_WRITE_BURST_LENGTH16_C_M_AXI_ID_WIDTH1_C_M_AXI_ADDR_WIDTH64_C_M_AXI_DATA_WIDTH512_C_M_AXI_AWUSER_WIDTH1_C_M_AXI_ARUSER_WIDTH1_C_M_AXI_WUSER_WIDTH1_C_M_AXI_RUSER_WIDTH1_C_M_AXI_BUSER_WIDTH1_C_USER_VALUE0_C_PROT_VALUE0_C_CACHE_VALUE3_USER_DW512_USER_AW64_USER_MAXREQS7_USER_RFIFONUM_WIDTH9_88
gmem0_m_axi_U/clk_gate_load_unit_buff_rdata_genblk1_U_fifo_mem_mem_reg_45_       3.9900     0.0      0.0000       3.9900 0.0000 SNPS_CLOCK_GATE_HIGH_tinytpu_isa_gmem0_m_axi_CONSERVATIVE1_NUM_READ_OUTSTANDING16_NUM_WRITE_OUTSTANDING16_MAX_READ_BURST_LENGTH16_MAX_WRITE_BURST_LENGTH16_C_M_AXI_ID_WIDTH1_C_M_AXI_ADDR_WIDTH64_C_M_AXI_DATA_WIDTH512_C_M_AXI_AWUSER_WIDTH1_C_M_AXI_ARUSER_WIDTH1_C_M_AXI_WUSER_WIDTH1_C_M_AXI_RUSER_WIDTH1_C_M_AXI_BUSER_WIDTH1_C_USER_VALUE0_C_PROT_VALUE0_C_CACHE_VALUE3_USER_DW512_USER_AW64_USER_MAXREQS7_USER_RFIFONUM_WIDTH9_89
gmem0_m_axi_U/clk_gate_load_unit_buff_rdata_genblk1_U_fifo_mem_mem_reg_46_       3.9900     0.0      0.0000       3.9900 0.0000 SNPS_CLOCK_GATE_HIGH_tinytpu_isa_gmem0_m_axi_CONSERVATIVE1_NUM_READ_OUTSTANDING16_NUM_WRITE_OUTSTANDING16_MAX_READ_BURST_LENGTH16_MAX_WRITE_BURST_LENGTH16_C_M_AXI_ID_WIDTH1_C_M_AXI_ADDR_WIDTH64_C_M_AXI_DATA_WIDTH512_C_M_AXI_AWUSER_WIDTH1_C_M_AXI_ARUSER_WIDTH1_C_M_AXI_WUSER_WIDTH1_C_M_AXI_RUSER_WIDTH1_C_M_AXI_BUSER_WIDTH1_C_USER_VALUE0_C_PROT_VALUE0_C_CACHE_VALUE3_USER_DW512_USER_AW64_USER_MAXREQS7_USER_RFIFONUM_WIDTH9_90
gmem0_m_axi_U/clk_gate_load_unit_buff_rdata_genblk1_U_fifo_mem_mem_reg_47_       3.9900     0.0      0.0000       3.9900 0.0000 SNPS_CLOCK_GATE_HIGH_tinytpu_isa_gmem0_m_axi_CONSERVATIVE1_NUM_READ_OUTSTANDING16_NUM_WRITE_OUTSTANDING16_MAX_READ_BURST_LENGTH16_MAX_WRITE_BURST_LENGTH16_C_M_AXI_ID_WIDTH1_C_M_AXI_ADDR_WIDTH64_C_M_AXI_DATA_WIDTH512_C_M_AXI_AWUSER_WIDTH1_C_M_AXI_ARUSER_WIDTH1_C_M_AXI_WUSER_WIDTH1_C_M_AXI_RUSER_WIDTH1_C_M_AXI_BUSER_WIDTH1_C_USER_VALUE0_C_PROT_VALUE0_C_CACHE_VALUE3_USER_DW512_USER_AW64_USER_MAXREQS7_USER_RFIFONUM_WIDTH9_91
gmem0_m_axi_U/clk_gate_load_unit_buff_rdata_genblk1_U_fifo_mem_mem_reg_48_       3.9900     0.0      0.0000       3.9900 0.0000 SNPS_CLOCK_GATE_HIGH_tinytpu_isa_gmem0_m_axi_CONSERVATIVE1_NUM_READ_OUTSTANDING16_NUM_WRITE_OUTSTANDING16_MAX_READ_BURST_LENGTH16_MAX_WRITE_BURST_LENGTH16_C_M_AXI_ID_WIDTH1_C_M_AXI_ADDR_WIDTH64_C_M_AXI_DATA_WIDTH512_C_M_AXI_AWUSER_WIDTH1_C_M_AXI_ARUSER_WIDTH1_C_M_AXI_WUSER_WIDTH1_C_M_AXI_RUSER_WIDTH1_C_M_AXI_BUSER_WIDTH1_C_USER_VALUE0_C_PROT_VALUE0_C_CACHE_VALUE3_USER_DW512_USER_AW64_USER_MAXREQS7_USER_RFIFONUM_WIDTH9_92
gmem0_m_axi_U/clk_gate_load_unit_buff_rdata_genblk1_U_fifo_mem_mem_reg_49_       3.9900     0.0      0.0000       3.9900 0.0000 SNPS_CLOCK_GATE_HIGH_tinytpu_isa_gmem0_m_axi_CONSERVATIVE1_NUM_READ_OUTSTANDING16_NUM_WRITE_OUTSTANDING16_MAX_READ_BURST_LENGTH16_MAX_WRITE_BURST_LENGTH16_C_M_AXI_ID_WIDTH1_C_M_AXI_ADDR_WIDTH64_C_M_AXI_DATA_WIDTH512_C_M_AXI_AWUSER_WIDTH1_C_M_AXI_ARUSER_WIDTH1_C_M_AXI_WUSER_WIDTH1_C_M_AXI_RUSER_WIDTH1_C_M_AXI_BUSER_WIDTH1_C_USER_VALUE0_C_PROT_VALUE0_C_CACHE_VALUE3_USER_DW512_USER_AW64_USER_MAXREQS7_USER_RFIFONUM_WIDTH9_93
gmem0_m_axi_U/clk_gate_load_unit_buff_rdata_genblk1_U_fifo_mem_mem_reg_4_       3.9900     0.0      0.0000       3.9900 0.0000 SNPS_CLOCK_GATE_HIGH_tinytpu_isa_gmem0_m_axi_CONSERVATIVE1_NUM_READ_OUTSTANDING16_NUM_WRITE_OUTSTANDING16_MAX_READ_BURST_LENGTH16_MAX_WRITE_BURST_LENGTH16_C_M_AXI_ID_WIDTH1_C_M_AXI_ADDR_WIDTH64_C_M_AXI_DATA_WIDTH512_C_M_AXI_AWUSER_WIDTH1_C_M_AXI_ARUSER_WIDTH1_C_M_AXI_WUSER_WIDTH1_C_M_AXI_RUSER_WIDTH1_C_M_AXI_BUSER_WIDTH1_C_USER_VALUE0_C_PROT_VALUE0_C_CACHE_VALUE3_USER_DW512_USER_AW64_USER_MAXREQS7_USER_RFIFONUM_WIDTH9_48
gmem0_m_axi_U/clk_gate_load_unit_buff_rdata_genblk1_U_fifo_mem_mem_reg_50_       3.9900     0.0      0.0000       3.9900 0.0000 SNPS_CLOCK_GATE_HIGH_tinytpu_isa_gmem0_m_axi_CONSERVATIVE1_NUM_READ_OUTSTANDING16_NUM_WRITE_OUTSTANDING16_MAX_READ_BURST_LENGTH16_MAX_WRITE_BURST_LENGTH16_C_M_AXI_ID_WIDTH1_C_M_AXI_ADDR_WIDTH64_C_M_AXI_DATA_WIDTH512_C_M_AXI_AWUSER_WIDTH1_C_M_AXI_ARUSER_WIDTH1_C_M_AXI_WUSER_WIDTH1_C_M_AXI_RUSER_WIDTH1_C_M_AXI_BUSER_WIDTH1_C_USER_VALUE0_C_PROT_VALUE0_C_CACHE_VALUE3_USER_DW512_USER_AW64_USER_MAXREQS7_USER_RFIFONUM_WIDTH9_94
gmem0_m_axi_U/clk_gate_load_unit_buff_rdata_genblk1_U_fifo_mem_mem_reg_51_       3.9900     0.0      0.0000       3.9900 0.0000 SNPS_CLOCK_GATE_HIGH_tinytpu_isa_gmem0_m_axi_CONSERVATIVE1_NUM_READ_OUTSTANDING16_NUM_WRITE_OUTSTANDING16_MAX_READ_BURST_LENGTH16_MAX_WRITE_BURST_LENGTH16_C_M_AXI_ID_WIDTH1_C_M_AXI_ADDR_WIDTH64_C_M_AXI_DATA_WIDTH512_C_M_AXI_AWUSER_WIDTH1_C_M_AXI_ARUSER_WIDTH1_C_M_AXI_WUSER_WIDTH1_C_M_AXI_RUSER_WIDTH1_C_M_AXI_BUSER_WIDTH1_C_USER_VALUE0_C_PROT_VALUE0_C_CACHE_VALUE3_USER_DW512_USER_AW64_USER_MAXREQS7_USER_RFIFONUM_WIDTH9_95
gmem0_m_axi_U/clk_gate_load_unit_buff_rdata_genblk1_U_fifo_mem_mem_reg_52_       3.9900     0.0      0.0000       3.9900 0.0000 SNPS_CLOCK_GATE_HIGH_tinytpu_isa_gmem0_m_axi_CONSERVATIVE1_NUM_READ_OUTSTANDING16_NUM_WRITE_OUTSTANDING16_MAX_READ_BURST_LENGTH16_MAX_WRITE_BURST_LENGTH16_C_M_AXI_ID_WIDTH1_C_M_AXI_ADDR_WIDTH64_C_M_AXI_DATA_WIDTH512_C_M_AXI_AWUSER_WIDTH1_C_M_AXI_ARUSER_WIDTH1_C_M_AXI_WUSER_WIDTH1_C_M_AXI_RUSER_WIDTH1_C_M_AXI_BUSER_WIDTH1_C_USER_VALUE0_C_PROT_VALUE0_C_CACHE_VALUE3_USER_DW512_USER_AW64_USER_MAXREQS7_USER_RFIFONUM_WIDTH9_96
gmem0_m_axi_U/clk_gate_load_unit_buff_rdata_genblk1_U_fifo_mem_mem_reg_53_       3.9900     0.0      0.0000       3.9900 0.0000 SNPS_CLOCK_GATE_HIGH_tinytpu_isa_gmem0_m_axi_CONSERVATIVE1_NUM_READ_OUTSTANDING16_NUM_WRITE_OUTSTANDING16_MAX_READ_BURST_LENGTH16_MAX_WRITE_BURST_LENGTH16_C_M_AXI_ID_WIDTH1_C_M_AXI_ADDR_WIDTH64_C_M_AXI_DATA_WIDTH512_C_M_AXI_AWUSER_WIDTH1_C_M_AXI_ARUSER_WIDTH1_C_M_AXI_WUSER_WIDTH1_C_M_AXI_RUSER_WIDTH1_C_M_AXI_BUSER_WIDTH1_C_USER_VALUE0_C_PROT_VALUE0_C_CACHE_VALUE3_USER_DW512_USER_AW64_USER_MAXREQS7_USER_RFIFONUM_WIDTH9_97
gmem0_m_axi_U/clk_gate_load_unit_buff_rdata_genblk1_U_fifo_mem_mem_reg_54_       3.9900     0.0      0.0000       3.9900 0.0000 SNPS_CLOCK_GATE_HIGH_tinytpu_isa_gmem0_m_axi_CONSERVATIVE1_NUM_READ_OUTSTANDING16_NUM_WRITE_OUTSTANDING16_MAX_READ_BURST_LENGTH16_MAX_WRITE_BURST_LENGTH16_C_M_AXI_ID_WIDTH1_C_M_AXI_ADDR_WIDTH64_C_M_AXI_DATA_WIDTH512_C_M_AXI_AWUSER_WIDTH1_C_M_AXI_ARUSER_WIDTH1_C_M_AXI_WUSER_WIDTH1_C_M_AXI_RUSER_WIDTH1_C_M_AXI_BUSER_WIDTH1_C_USER_VALUE0_C_PROT_VALUE0_C_CACHE_VALUE3_USER_DW512_USER_AW64_USER_MAXREQS7_USER_RFIFONUM_WIDTH9_98
gmem0_m_axi_U/clk_gate_load_unit_buff_rdata_genblk1_U_fifo_mem_mem_reg_55_       3.9900     0.0      0.0000       3.9900 0.0000 SNPS_CLOCK_GATE_HIGH_tinytpu_isa_gmem0_m_axi_CONSERVATIVE1_NUM_READ_OUTSTANDING16_NUM_WRITE_OUTSTANDING16_MAX_READ_BURST_LENGTH16_MAX_WRITE_BURST_LENGTH16_C_M_AXI_ID_WIDTH1_C_M_AXI_ADDR_WIDTH64_C_M_AXI_DATA_WIDTH512_C_M_AXI_AWUSER_WIDTH1_C_M_AXI_ARUSER_WIDTH1_C_M_AXI_WUSER_WIDTH1_C_M_AXI_RUSER_WIDTH1_C_M_AXI_BUSER_WIDTH1_C_USER_VALUE0_C_PROT_VALUE0_C_CACHE_VALUE3_USER_DW512_USER_AW64_USER_MAXREQS7_USER_RFIFONUM_WIDTH9_99
gmem0_m_axi_U/clk_gate_load_unit_buff_rdata_genblk1_U_fifo_mem_mem_reg_56_       3.9900     0.0      0.0000       3.9900 0.0000 SNPS_CLOCK_GATE_HIGH_tinytpu_isa_gmem0_m_axi_CONSERVATIVE1_NUM_READ_OUTSTANDING16_NUM_WRITE_OUTSTANDING16_MAX_READ_BURST_LENGTH16_MAX_WRITE_BURST_LENGTH16_C_M_AXI_ID_WIDTH1_C_M_AXI_ADDR_WIDTH64_C_M_AXI_DATA_WIDTH512_C_M_AXI_AWUSER_WIDTH1_C_M_AXI_ARUSER_WIDTH1_C_M_AXI_WUSER_WIDTH1_C_M_AXI_RUSER_WIDTH1_C_M_AXI_BUSER_WIDTH1_C_USER_VALUE0_C_PROT_VALUE0_C_CACHE_VALUE3_USER_DW512_USER_AW64_USER_MAXREQS7_USER_RFIFONUM_WIDTH9_100
gmem0_m_axi_U/clk_gate_load_unit_buff_rdata_genblk1_U_fifo_mem_mem_reg_57_       3.9900     0.0      0.0000       3.9900 0.0000 SNPS_CLOCK_GATE_HIGH_tinytpu_isa_gmem0_m_axi_CONSERVATIVE1_NUM_READ_OUTSTANDING16_NUM_WRITE_OUTSTANDING16_MAX_READ_BURST_LENGTH16_MAX_WRITE_BURST_LENGTH16_C_M_AXI_ID_WIDTH1_C_M_AXI_ADDR_WIDTH64_C_M_AXI_DATA_WIDTH512_C_M_AXI_AWUSER_WIDTH1_C_M_AXI_ARUSER_WIDTH1_C_M_AXI_WUSER_WIDTH1_C_M_AXI_RUSER_WIDTH1_C_M_AXI_BUSER_WIDTH1_C_USER_VALUE0_C_PROT_VALUE0_C_CACHE_VALUE3_USER_DW512_USER_AW64_USER_MAXREQS7_USER_RFIFONUM_WIDTH9_101
gmem0_m_axi_U/clk_gate_load_unit_buff_rdata_genblk1_U_fifo_mem_mem_reg_58_       3.9900     0.0      0.0000       3.9900 0.0000 SNPS_CLOCK_GATE_HIGH_tinytpu_isa_gmem0_m_axi_CONSERVATIVE1_NUM_READ_OUTSTANDING16_NUM_WRITE_OUTSTANDING16_MAX_READ_BURST_LENGTH16_MAX_WRITE_BURST_LENGTH16_C_M_AXI_ID_WIDTH1_C_M_AXI_ADDR_WIDTH64_C_M_AXI_DATA_WIDTH512_C_M_AXI_AWUSER_WIDTH1_C_M_AXI_ARUSER_WIDTH1_C_M_AXI_WUSER_WIDTH1_C_M_AXI_RUSER_WIDTH1_C_M_AXI_BUSER_WIDTH1_C_USER_VALUE0_C_PROT_VALUE0_C_CACHE_VALUE3_USER_DW512_USER_AW64_USER_MAXREQS7_USER_RFIFONUM_WIDTH9_102
gmem0_m_axi_U/clk_gate_load_unit_buff_rdata_genblk1_U_fifo_mem_mem_reg_59_       3.9900     0.0      0.0000       3.9900 0.0000 SNPS_CLOCK_GATE_HIGH_tinytpu_isa_gmem0_m_axi_CONSERVATIVE1_NUM_READ_OUTSTANDING16_NUM_WRITE_OUTSTANDING16_MAX_READ_BURST_LENGTH16_MAX_WRITE_BURST_LENGTH16_C_M_AXI_ID_WIDTH1_C_M_AXI_ADDR_WIDTH64_C_M_AXI_DATA_WIDTH512_C_M_AXI_AWUSER_WIDTH1_C_M_AXI_ARUSER_WIDTH1_C_M_AXI_WUSER_WIDTH1_C_M_AXI_RUSER_WIDTH1_C_M_AXI_BUSER_WIDTH1_C_USER_VALUE0_C_PROT_VALUE0_C_CACHE_VALUE3_USER_DW512_USER_AW64_USER_MAXREQS7_USER_RFIFONUM_WIDTH9_103
gmem0_m_axi_U/clk_gate_load_unit_buff_rdata_genblk1_U_fifo_mem_mem_reg_5_       3.9900     0.0      0.0000       3.9900 0.0000 SNPS_CLOCK_GATE_HIGH_tinytpu_isa_gmem0_m_axi_CONSERVATIVE1_NUM_READ_OUTSTANDING16_NUM_WRITE_OUTSTANDING16_MAX_READ_BURST_LENGTH16_MAX_WRITE_BURST_LENGTH16_C_M_AXI_ID_WIDTH1_C_M_AXI_ADDR_WIDTH64_C_M_AXI_DATA_WIDTH512_C_M_AXI_AWUSER_WIDTH1_C_M_AXI_ARUSER_WIDTH1_C_M_AXI_WUSER_WIDTH1_C_M_AXI_RUSER_WIDTH1_C_M_AXI_BUSER_WIDTH1_C_USER_VALUE0_C_PROT_VALUE0_C_CACHE_VALUE3_USER_DW512_USER_AW64_USER_MAXREQS7_USER_RFIFONUM_WIDTH9_49
gmem0_m_axi_U/clk_gate_load_unit_buff_rdata_genblk1_U_fifo_mem_mem_reg_60_       3.9900     0.0      0.0000       3.9900 0.0000 SNPS_CLOCK_GATE_HIGH_tinytpu_isa_gmem0_m_axi_CONSERVATIVE1_NUM_READ_OUTSTANDING16_NUM_WRITE_OUTSTANDING16_MAX_READ_BURST_LENGTH16_MAX_WRITE_BURST_LENGTH16_C_M_AXI_ID_WIDTH1_C_M_AXI_ADDR_WIDTH64_C_M_AXI_DATA_WIDTH512_C_M_AXI_AWUSER_WIDTH1_C_M_AXI_ARUSER_WIDTH1_C_M_AXI_WUSER_WIDTH1_C_M_AXI_RUSER_WIDTH1_C_M_AXI_BUSER_WIDTH1_C_USER_VALUE0_C_PROT_VALUE0_C_CACHE_VALUE3_USER_DW512_USER_AW64_USER_MAXREQS7_USER_RFIFONUM_WIDTH9_104
gmem0_m_axi_U/clk_gate_load_unit_buff_rdata_genblk1_U_fifo_mem_mem_reg_61_       3.9900     0.0      0.0000       3.9900 0.0000 SNPS_CLOCK_GATE_HIGH_tinytpu_isa_gmem0_m_axi_CONSERVATIVE1_NUM_READ_OUTSTANDING16_NUM_WRITE_OUTSTANDING16_MAX_READ_BURST_LENGTH16_MAX_WRITE_BURST_LENGTH16_C_M_AXI_ID_WIDTH1_C_M_AXI_ADDR_WIDTH64_C_M_AXI_DATA_WIDTH512_C_M_AXI_AWUSER_WIDTH1_C_M_AXI_ARUSER_WIDTH1_C_M_AXI_WUSER_WIDTH1_C_M_AXI_RUSER_WIDTH1_C_M_AXI_BUSER_WIDTH1_C_USER_VALUE0_C_PROT_VALUE0_C_CACHE_VALUE3_USER_DW512_USER_AW64_USER_MAXREQS7_USER_RFIFONUM_WIDTH9_105
gmem0_m_axi_U/clk_gate_load_unit_buff_rdata_genblk1_U_fifo_mem_mem_reg_62_       3.9900     0.0      0.0000       3.9900 0.0000 SNPS_CLOCK_GATE_HIGH_tinytpu_isa_gmem0_m_axi_CONSERVATIVE1_NUM_READ_OUTSTANDING16_NUM_WRITE_OUTSTANDING16_MAX_READ_BURST_LENGTH16_MAX_WRITE_BURST_LENGTH16_C_M_AXI_ID_WIDTH1_C_M_AXI_ADDR_WIDTH64_C_M_AXI_DATA_WIDTH512_C_M_AXI_AWUSER_WIDTH1_C_M_AXI_ARUSER_WIDTH1_C_M_AXI_WUSER_WIDTH1_C_M_AXI_RUSER_WIDTH1_C_M_AXI_BUSER_WIDTH1_C_USER_VALUE0_C_PROT_VALUE0_C_CACHE_VALUE3_USER_DW512_USER_AW64_USER_MAXREQS7_USER_RFIFONUM_WIDTH9_106
gmem0_m_axi_U/clk_gate_load_unit_buff_rdata_genblk1_U_fifo_mem_mem_reg_63_       3.9900     0.0      0.0000       3.9900 0.0000 SNPS_CLOCK_GATE_HIGH_tinytpu_isa_gmem0_m_axi_CONSERVATIVE1_NUM_READ_OUTSTANDING16_NUM_WRITE_OUTSTANDING16_MAX_READ_BURST_LENGTH16_MAX_WRITE_BURST_LENGTH16_C_M_AXI_ID_WIDTH1_C_M_AXI_ADDR_WIDTH64_C_M_AXI_DATA_WIDTH512_C_M_AXI_AWUSER_WIDTH1_C_M_AXI_ARUSER_WIDTH1_C_M_AXI_WUSER_WIDTH1_C_M_AXI_RUSER_WIDTH1_C_M_AXI_BUSER_WIDTH1_C_USER_VALUE0_C_PROT_VALUE0_C_CACHE_VALUE3_USER_DW512_USER_AW64_USER_MAXREQS7_USER_RFIFONUM_WIDTH9_107
gmem0_m_axi_U/clk_gate_load_unit_buff_rdata_genblk1_U_fifo_mem_mem_reg_64_       3.9900     0.0      0.0000       3.9900 0.0000 SNPS_CLOCK_GATE_HIGH_tinytpu_isa_gmem0_m_axi_CONSERVATIVE1_NUM_READ_OUTSTANDING16_NUM_WRITE_OUTSTANDING16_MAX_READ_BURST_LENGTH16_MAX_WRITE_BURST_LENGTH16_C_M_AXI_ID_WIDTH1_C_M_AXI_ADDR_WIDTH64_C_M_AXI_DATA_WIDTH512_C_M_AXI_AWUSER_WIDTH1_C_M_AXI_ARUSER_WIDTH1_C_M_AXI_WUSER_WIDTH1_C_M_AXI_RUSER_WIDTH1_C_M_AXI_BUSER_WIDTH1_C_USER_VALUE0_C_PROT_VALUE0_C_CACHE_VALUE3_USER_DW512_USER_AW64_USER_MAXREQS7_USER_RFIFONUM_WIDTH9_108
gmem0_m_axi_U/clk_gate_load_unit_buff_rdata_genblk1_U_fifo_mem_mem_reg_65_       3.9900     0.0      0.0000       3.9900 0.0000 SNPS_CLOCK_GATE_HIGH_tinytpu_isa_gmem0_m_axi_CONSERVATIVE1_NUM_READ_OUTSTANDING16_NUM_WRITE_OUTSTANDING16_MAX_READ_BURST_LENGTH16_MAX_WRITE_BURST_LENGTH16_C_M_AXI_ID_WIDTH1_C_M_AXI_ADDR_WIDTH64_C_M_AXI_DATA_WIDTH512_C_M_AXI_AWUSER_WIDTH1_C_M_AXI_ARUSER_WIDTH1_C_M_AXI_WUSER_WIDTH1_C_M_AXI_RUSER_WIDTH1_C_M_AXI_BUSER_WIDTH1_C_USER_VALUE0_C_PROT_VALUE0_C_CACHE_VALUE3_USER_DW512_USER_AW64_USER_MAXREQS7_USER_RFIFONUM_WIDTH9_109
gmem0_m_axi_U/clk_gate_load_unit_buff_rdata_genblk1_U_fifo_mem_mem_reg_66_       3.9900     0.0      0.0000       3.9900 0.0000 SNPS_CLOCK_GATE_HIGH_tinytpu_isa_gmem0_m_axi_CONSERVATIVE1_NUM_READ_OUTSTANDING16_NUM_WRITE_OUTSTANDING16_MAX_READ_BURST_LENGTH16_MAX_WRITE_BURST_LENGTH16_C_M_AXI_ID_WIDTH1_C_M_AXI_ADDR_WIDTH64_C_M_AXI_DATA_WIDTH512_C_M_AXI_AWUSER_WIDTH1_C_M_AXI_ARUSER_WIDTH1_C_M_AXI_WUSER_WIDTH1_C_M_AXI_RUSER_WIDTH1_C_M_AXI_BUSER_WIDTH1_C_USER_VALUE0_C_PROT_VALUE0_C_CACHE_VALUE3_USER_DW512_USER_AW64_USER_MAXREQS7_USER_RFIFONUM_WIDTH9_110
gmem0_m_axi_U/clk_gate_load_unit_buff_rdata_genblk1_U_fifo_mem_mem_reg_67_       3.9900     0.0      0.0000       3.9900 0.0000 SNPS_CLOCK_GATE_HIGH_tinytpu_isa_gmem0_m_axi_CONSERVATIVE1_NUM_READ_OUTSTANDING16_NUM_WRITE_OUTSTANDING16_MAX_READ_BURST_LENGTH16_MAX_WRITE_BURST_LENGTH16_C_M_AXI_ID_WIDTH1_C_M_AXI_ADDR_WIDTH64_C_M_AXI_DATA_WIDTH512_C_M_AXI_AWUSER_WIDTH1_C_M_AXI_ARUSER_WIDTH1_C_M_AXI_WUSER_WIDTH1_C_M_AXI_RUSER_WIDTH1_C_M_AXI_BUSER_WIDTH1_C_USER_VALUE0_C_PROT_VALUE0_C_CACHE_VALUE3_USER_DW512_USER_AW64_USER_MAXREQS7_USER_RFIFONUM_WIDTH9_111
gmem0_m_axi_U/clk_gate_load_unit_buff_rdata_genblk1_U_fifo_mem_mem_reg_68_       3.9900     0.0      0.0000       3.9900 0.0000 SNPS_CLOCK_GATE_HIGH_tinytpu_isa_gmem0_m_axi_CONSERVATIVE1_NUM_READ_OUTSTANDING16_NUM_WRITE_OUTSTANDING16_MAX_READ_BURST_LENGTH16_MAX_WRITE_BURST_LENGTH16_C_M_AXI_ID_WIDTH1_C_M_AXI_ADDR_WIDTH64_C_M_AXI_DATA_WIDTH512_C_M_AXI_AWUSER_WIDTH1_C_M_AXI_ARUSER_WIDTH1_C_M_AXI_WUSER_WIDTH1_C_M_AXI_RUSER_WIDTH1_C_M_AXI_BUSER_WIDTH1_C_USER_VALUE0_C_PROT_VALUE0_C_CACHE_VALUE3_USER_DW512_USER_AW64_USER_MAXREQS7_USER_RFIFONUM_WIDTH9_112
gmem0_m_axi_U/clk_gate_load_unit_buff_rdata_genblk1_U_fifo_mem_mem_reg_69_       3.9900     0.0      0.0000       3.9900 0.0000 SNPS_CLOCK_GATE_HIGH_tinytpu_isa_gmem0_m_axi_CONSERVATIVE1_NUM_READ_OUTSTANDING16_NUM_WRITE_OUTSTANDING16_MAX_READ_BURST_LENGTH16_MAX_WRITE_BURST_LENGTH16_C_M_AXI_ID_WIDTH1_C_M_AXI_ADDR_WIDTH64_C_M_AXI_DATA_WIDTH512_C_M_AXI_AWUSER_WIDTH1_C_M_AXI_ARUSER_WIDTH1_C_M_AXI_WUSER_WIDTH1_C_M_AXI_RUSER_WIDTH1_C_M_AXI_BUSER_WIDTH1_C_USER_VALUE0_C_PROT_VALUE0_C_CACHE_VALUE3_USER_DW512_USER_AW64_USER_MAXREQS7_USER_RFIFONUM_WIDTH9_113
gmem0_m_axi_U/clk_gate_load_unit_buff_rdata_genblk1_U_fifo_mem_mem_reg_6_       3.9900     0.0      0.0000       3.9900 0.0000 SNPS_CLOCK_GATE_HIGH_tinytpu_isa_gmem0_m_axi_CONSERVATIVE1_NUM_READ_OUTSTANDING16_NUM_WRITE_OUTSTANDING16_MAX_READ_BURST_LENGTH16_MAX_WRITE_BURST_LENGTH16_C_M_AXI_ID_WIDTH1_C_M_AXI_ADDR_WIDTH64_C_M_AXI_DATA_WIDTH512_C_M_AXI_AWUSER_WIDTH1_C_M_AXI_ARUSER_WIDTH1_C_M_AXI_WUSER_WIDTH1_C_M_AXI_RUSER_WIDTH1_C_M_AXI_BUSER_WIDTH1_C_USER_VALUE0_C_PROT_VALUE0_C_CACHE_VALUE3_USER_DW512_USER_AW64_USER_MAXREQS7_USER_RFIFONUM_WIDTH9_50
gmem0_m_axi_U/clk_gate_load_unit_buff_rdata_genblk1_U_fifo_mem_mem_reg_70_       3.9900     0.0      0.0000       3.9900 0.0000 SNPS_CLOCK_GATE_HIGH_tinytpu_isa_gmem0_m_axi_CONSERVATIVE1_NUM_READ_OUTSTANDING16_NUM_WRITE_OUTSTANDING16_MAX_READ_BURST_LENGTH16_MAX_WRITE_BURST_LENGTH16_C_M_AXI_ID_WIDTH1_C_M_AXI_ADDR_WIDTH64_C_M_AXI_DATA_WIDTH512_C_M_AXI_AWUSER_WIDTH1_C_M_AXI_ARUSER_WIDTH1_C_M_AXI_WUSER_WIDTH1_C_M_AXI_RUSER_WIDTH1_C_M_AXI_BUSER_WIDTH1_C_USER_VALUE0_C_PROT_VALUE0_C_CACHE_VALUE3_USER_DW512_USER_AW64_USER_MAXREQS7_USER_RFIFONUM_WIDTH9_114
gmem0_m_axi_U/clk_gate_load_unit_buff_rdata_genblk1_U_fifo_mem_mem_reg_71_       3.9900     0.0      0.0000       3.9900 0.0000 SNPS_CLOCK_GATE_HIGH_tinytpu_isa_gmem0_m_axi_CONSERVATIVE1_NUM_READ_OUTSTANDING16_NUM_WRITE_OUTSTANDING16_MAX_READ_BURST_LENGTH16_MAX_WRITE_BURST_LENGTH16_C_M_AXI_ID_WIDTH1_C_M_AXI_ADDR_WIDTH64_C_M_AXI_DATA_WIDTH512_C_M_AXI_AWUSER_WIDTH1_C_M_AXI_ARUSER_WIDTH1_C_M_AXI_WUSER_WIDTH1_C_M_AXI_RUSER_WIDTH1_C_M_AXI_BUSER_WIDTH1_C_USER_VALUE0_C_PROT_VALUE0_C_CACHE_VALUE3_USER_DW512_USER_AW64_USER_MAXREQS7_USER_RFIFONUM_WIDTH9_115
gmem0_m_axi_U/clk_gate_load_unit_buff_rdata_genblk1_U_fifo_mem_mem_reg_72_       3.9900     0.0      0.0000       3.9900 0.0000 SNPS_CLOCK_GATE_HIGH_tinytpu_isa_gmem0_m_axi_CONSERVATIVE1_NUM_READ_OUTSTANDING16_NUM_WRITE_OUTSTANDING16_MAX_READ_BURST_LENGTH16_MAX_WRITE_BURST_LENGTH16_C_M_AXI_ID_WIDTH1_C_M_AXI_ADDR_WIDTH64_C_M_AXI_DATA_WIDTH512_C_M_AXI_AWUSER_WIDTH1_C_M_AXI_ARUSER_WIDTH1_C_M_AXI_WUSER_WIDTH1_C_M_AXI_RUSER_WIDTH1_C_M_AXI_BUSER_WIDTH1_C_USER_VALUE0_C_PROT_VALUE0_C_CACHE_VALUE3_USER_DW512_USER_AW64_USER_MAXREQS7_USER_RFIFONUM_WIDTH9_116
gmem0_m_axi_U/clk_gate_load_unit_buff_rdata_genblk1_U_fifo_mem_mem_reg_73_       3.9900     0.0      0.0000       3.9900 0.0000 SNPS_CLOCK_GATE_HIGH_tinytpu_isa_gmem0_m_axi_CONSERVATIVE1_NUM_READ_OUTSTANDING16_NUM_WRITE_OUTSTANDING16_MAX_READ_BURST_LENGTH16_MAX_WRITE_BURST_LENGTH16_C_M_AXI_ID_WIDTH1_C_M_AXI_ADDR_WIDTH64_C_M_AXI_DATA_WIDTH512_C_M_AXI_AWUSER_WIDTH1_C_M_AXI_ARUSER_WIDTH1_C_M_AXI_WUSER_WIDTH1_C_M_AXI_RUSER_WIDTH1_C_M_AXI_BUSER_WIDTH1_C_USER_VALUE0_C_PROT_VALUE0_C_CACHE_VALUE3_USER_DW512_USER_AW64_USER_MAXREQS7_USER_RFIFONUM_WIDTH9_117
gmem0_m_axi_U/clk_gate_load_unit_buff_rdata_genblk1_U_fifo_mem_mem_reg_74_       3.9900     0.0      0.0000       3.9900 0.0000 SNPS_CLOCK_GATE_HIGH_tinytpu_isa_gmem0_m_axi_CONSERVATIVE1_NUM_READ_OUTSTANDING16_NUM_WRITE_OUTSTANDING16_MAX_READ_BURST_LENGTH16_MAX_WRITE_BURST_LENGTH16_C_M_AXI_ID_WIDTH1_C_M_AXI_ADDR_WIDTH64_C_M_AXI_DATA_WIDTH512_C_M_AXI_AWUSER_WIDTH1_C_M_AXI_ARUSER_WIDTH1_C_M_AXI_WUSER_WIDTH1_C_M_AXI_RUSER_WIDTH1_C_M_AXI_BUSER_WIDTH1_C_USER_VALUE0_C_PROT_VALUE0_C_CACHE_VALUE3_USER_DW512_USER_AW64_USER_MAXREQS7_USER_RFIFONUM_WIDTH9_118
gmem0_m_axi_U/clk_gate_load_unit_buff_rdata_genblk1_U_fifo_mem_mem_reg_75_       3.9900     0.0      0.0000       3.9900 0.0000 SNPS_CLOCK_GATE_HIGH_tinytpu_isa_gmem0_m_axi_CONSERVATIVE1_NUM_READ_OUTSTANDING16_NUM_WRITE_OUTSTANDING16_MAX_READ_BURST_LENGTH16_MAX_WRITE_BURST_LENGTH16_C_M_AXI_ID_WIDTH1_C_M_AXI_ADDR_WIDTH64_C_M_AXI_DATA_WIDTH512_C_M_AXI_AWUSER_WIDTH1_C_M_AXI_ARUSER_WIDTH1_C_M_AXI_WUSER_WIDTH1_C_M_AXI_RUSER_WIDTH1_C_M_AXI_BUSER_WIDTH1_C_USER_VALUE0_C_PROT_VALUE0_C_CACHE_VALUE3_USER_DW512_USER_AW64_USER_MAXREQS7_USER_RFIFONUM_WIDTH9_119
gmem0_m_axi_U/clk_gate_load_unit_buff_rdata_genblk1_U_fifo_mem_mem_reg_76_       3.9900     0.0      0.0000       3.9900 0.0000 SNPS_CLOCK_GATE_HIGH_tinytpu_isa_gmem0_m_axi_CONSERVATIVE1_NUM_READ_OUTSTANDING16_NUM_WRITE_OUTSTANDING16_MAX_READ_BURST_LENGTH16_MAX_WRITE_BURST_LENGTH16_C_M_AXI_ID_WIDTH1_C_M_AXI_ADDR_WIDTH64_C_M_AXI_DATA_WIDTH512_C_M_AXI_AWUSER_WIDTH1_C_M_AXI_ARUSER_WIDTH1_C_M_AXI_WUSER_WIDTH1_C_M_AXI_RUSER_WIDTH1_C_M_AXI_BUSER_WIDTH1_C_USER_VALUE0_C_PROT_VALUE0_C_CACHE_VALUE3_USER_DW512_USER_AW64_USER_MAXREQS7_USER_RFIFONUM_WIDTH9_120
gmem0_m_axi_U/clk_gate_load_unit_buff_rdata_genblk1_U_fifo_mem_mem_reg_77_       3.9900     0.0      0.0000       3.9900 0.0000 SNPS_CLOCK_GATE_HIGH_tinytpu_isa_gmem0_m_axi_CONSERVATIVE1_NUM_READ_OUTSTANDING16_NUM_WRITE_OUTSTANDING16_MAX_READ_BURST_LENGTH16_MAX_WRITE_BURST_LENGTH16_C_M_AXI_ID_WIDTH1_C_M_AXI_ADDR_WIDTH64_C_M_AXI_DATA_WIDTH512_C_M_AXI_AWUSER_WIDTH1_C_M_AXI_ARUSER_WIDTH1_C_M_AXI_WUSER_WIDTH1_C_M_AXI_RUSER_WIDTH1_C_M_AXI_BUSER_WIDTH1_C_USER_VALUE0_C_PROT_VALUE0_C_CACHE_VALUE3_USER_DW512_USER_AW64_USER_MAXREQS7_USER_RFIFONUM_WIDTH9_121
gmem0_m_axi_U/clk_gate_load_unit_buff_rdata_genblk1_U_fifo_mem_mem_reg_78_       3.9900     0.0      0.0000       3.9900 0.0000 SNPS_CLOCK_GATE_HIGH_tinytpu_isa_gmem0_m_axi_CONSERVATIVE1_NUM_READ_OUTSTANDING16_NUM_WRITE_OUTSTANDING16_MAX_READ_BURST_LENGTH16_MAX_WRITE_BURST_LENGTH16_C_M_AXI_ID_WIDTH1_C_M_AXI_ADDR_WIDTH64_C_M_AXI_DATA_WIDTH512_C_M_AXI_AWUSER_WIDTH1_C_M_AXI_ARUSER_WIDTH1_C_M_AXI_WUSER_WIDTH1_C_M_AXI_RUSER_WIDTH1_C_M_AXI_BUSER_WIDTH1_C_USER_VALUE0_C_PROT_VALUE0_C_CACHE_VALUE3_USER_DW512_USER_AW64_USER_MAXREQS7_USER_RFIFONUM_WIDTH9_122
gmem0_m_axi_U/clk_gate_load_unit_buff_rdata_genblk1_U_fifo_mem_mem_reg_79_       3.9900     0.0      0.0000       3.9900 0.0000 SNPS_CLOCK_GATE_HIGH_tinytpu_isa_gmem0_m_axi_CONSERVATIVE1_NUM_READ_OUTSTANDING16_NUM_WRITE_OUTSTANDING16_MAX_READ_BURST_LENGTH16_MAX_WRITE_BURST_LENGTH16_C_M_AXI_ID_WIDTH1_C_M_AXI_ADDR_WIDTH64_C_M_AXI_DATA_WIDTH512_C_M_AXI_AWUSER_WIDTH1_C_M_AXI_ARUSER_WIDTH1_C_M_AXI_WUSER_WIDTH1_C_M_AXI_RUSER_WIDTH1_C_M_AXI_BUSER_WIDTH1_C_USER_VALUE0_C_PROT_VALUE0_C_CACHE_VALUE3_USER_DW512_USER_AW64_USER_MAXREQS7_USER_RFIFONUM_WIDTH9_123
gmem0_m_axi_U/clk_gate_load_unit_buff_rdata_genblk1_U_fifo_mem_mem_reg_7_       3.9900     0.0      0.0000       3.9900 0.0000 SNPS_CLOCK_GATE_HIGH_tinytpu_isa_gmem0_m_axi_CONSERVATIVE1_NUM_READ_OUTSTANDING16_NUM_WRITE_OUTSTANDING16_MAX_READ_BURST_LENGTH16_MAX_WRITE_BURST_LENGTH16_C_M_AXI_ID_WIDTH1_C_M_AXI_ADDR_WIDTH64_C_M_AXI_DATA_WIDTH512_C_M_AXI_AWUSER_WIDTH1_C_M_AXI_ARUSER_WIDTH1_C_M_AXI_WUSER_WIDTH1_C_M_AXI_RUSER_WIDTH1_C_M_AXI_BUSER_WIDTH1_C_USER_VALUE0_C_PROT_VALUE0_C_CACHE_VALUE3_USER_DW512_USER_AW64_USER_MAXREQS7_USER_RFIFONUM_WIDTH9_51
gmem0_m_axi_U/clk_gate_load_unit_buff_rdata_genblk1_U_fifo_mem_mem_reg_80_       3.9900     0.0      0.0000       3.9900 0.0000 SNPS_CLOCK_GATE_HIGH_tinytpu_isa_gmem0_m_axi_CONSERVATIVE1_NUM_READ_OUTSTANDING16_NUM_WRITE_OUTSTANDING16_MAX_READ_BURST_LENGTH16_MAX_WRITE_BURST_LENGTH16_C_M_AXI_ID_WIDTH1_C_M_AXI_ADDR_WIDTH64_C_M_AXI_DATA_WIDTH512_C_M_AXI_AWUSER_WIDTH1_C_M_AXI_ARUSER_WIDTH1_C_M_AXI_WUSER_WIDTH1_C_M_AXI_RUSER_WIDTH1_C_M_AXI_BUSER_WIDTH1_C_USER_VALUE0_C_PROT_VALUE0_C_CACHE_VALUE3_USER_DW512_USER_AW64_USER_MAXREQS7_USER_RFIFONUM_WIDTH9_124
gmem0_m_axi_U/clk_gate_load_unit_buff_rdata_genblk1_U_fifo_mem_mem_reg_81_       3.9900     0.0      0.0000       3.9900 0.0000 SNPS_CLOCK_GATE_HIGH_tinytpu_isa_gmem0_m_axi_CONSERVATIVE1_NUM_READ_OUTSTANDING16_NUM_WRITE_OUTSTANDING16_MAX_READ_BURST_LENGTH16_MAX_WRITE_BURST_LENGTH16_C_M_AXI_ID_WIDTH1_C_M_AXI_ADDR_WIDTH64_C_M_AXI_DATA_WIDTH512_C_M_AXI_AWUSER_WIDTH1_C_M_AXI_ARUSER_WIDTH1_C_M_AXI_WUSER_WIDTH1_C_M_AXI_RUSER_WIDTH1_C_M_AXI_BUSER_WIDTH1_C_USER_VALUE0_C_PROT_VALUE0_C_CACHE_VALUE3_USER_DW512_USER_AW64_USER_MAXREQS7_USER_RFIFONUM_WIDTH9_125
gmem0_m_axi_U/clk_gate_load_unit_buff_rdata_genblk1_U_fifo_mem_mem_reg_82_       3.9900     0.0      0.0000       3.9900 0.0000 SNPS_CLOCK_GATE_HIGH_tinytpu_isa_gmem0_m_axi_CONSERVATIVE1_NUM_READ_OUTSTANDING16_NUM_WRITE_OUTSTANDING16_MAX_READ_BURST_LENGTH16_MAX_WRITE_BURST_LENGTH16_C_M_AXI_ID_WIDTH1_C_M_AXI_ADDR_WIDTH64_C_M_AXI_DATA_WIDTH512_C_M_AXI_AWUSER_WIDTH1_C_M_AXI_ARUSER_WIDTH1_C_M_AXI_WUSER_WIDTH1_C_M_AXI_RUSER_WIDTH1_C_M_AXI_BUSER_WIDTH1_C_USER_VALUE0_C_PROT_VALUE0_C_CACHE_VALUE3_USER_DW512_USER_AW64_USER_MAXREQS7_USER_RFIFONUM_WIDTH9_126
gmem0_m_axi_U/clk_gate_load_unit_buff_rdata_genblk1_U_fifo_mem_mem_reg_83_       3.9900     0.0      0.0000       3.9900 0.0000 SNPS_CLOCK_GATE_HIGH_tinytpu_isa_gmem0_m_axi_CONSERVATIVE1_NUM_READ_OUTSTANDING16_NUM_WRITE_OUTSTANDING16_MAX_READ_BURST_LENGTH16_MAX_WRITE_BURST_LENGTH16_C_M_AXI_ID_WIDTH1_C_M_AXI_ADDR_WIDTH64_C_M_AXI_DATA_WIDTH512_C_M_AXI_AWUSER_WIDTH1_C_M_AXI_ARUSER_WIDTH1_C_M_AXI_WUSER_WIDTH1_C_M_AXI_RUSER_WIDTH1_C_M_AXI_BUSER_WIDTH1_C_USER_VALUE0_C_PROT_VALUE0_C_CACHE_VALUE3_USER_DW512_USER_AW64_USER_MAXREQS7_USER_RFIFONUM_WIDTH9_127
gmem0_m_axi_U/clk_gate_load_unit_buff_rdata_genblk1_U_fifo_mem_mem_reg_84_       3.9900     0.0      0.0000       3.9900 0.0000 SNPS_CLOCK_GATE_HIGH_tinytpu_isa_gmem0_m_axi_CONSERVATIVE1_NUM_READ_OUTSTANDING16_NUM_WRITE_OUTSTANDING16_MAX_READ_BURST_LENGTH16_MAX_WRITE_BURST_LENGTH16_C_M_AXI_ID_WIDTH1_C_M_AXI_ADDR_WIDTH64_C_M_AXI_DATA_WIDTH512_C_M_AXI_AWUSER_WIDTH1_C_M_AXI_ARUSER_WIDTH1_C_M_AXI_WUSER_WIDTH1_C_M_AXI_RUSER_WIDTH1_C_M_AXI_BUSER_WIDTH1_C_USER_VALUE0_C_PROT_VALUE0_C_CACHE_VALUE3_USER_DW512_USER_AW64_USER_MAXREQS7_USER_RFIFONUM_WIDTH9_128
gmem0_m_axi_U/clk_gate_load_unit_buff_rdata_genblk1_U_fifo_mem_mem_reg_85_       3.9900     0.0      0.0000       3.9900 0.0000 SNPS_CLOCK_GATE_HIGH_tinytpu_isa_gmem0_m_axi_CONSERVATIVE1_NUM_READ_OUTSTANDING16_NUM_WRITE_OUTSTANDING16_MAX_READ_BURST_LENGTH16_MAX_WRITE_BURST_LENGTH16_C_M_AXI_ID_WIDTH1_C_M_AXI_ADDR_WIDTH64_C_M_AXI_DATA_WIDTH512_C_M_AXI_AWUSER_WIDTH1_C_M_AXI_ARUSER_WIDTH1_C_M_AXI_WUSER_WIDTH1_C_M_AXI_RUSER_WIDTH1_C_M_AXI_BUSER_WIDTH1_C_USER_VALUE0_C_PROT_VALUE0_C_CACHE_VALUE3_USER_DW512_USER_AW64_USER_MAXREQS7_USER_RFIFONUM_WIDTH9_129
gmem0_m_axi_U/clk_gate_load_unit_buff_rdata_genblk1_U_fifo_mem_mem_reg_86_       3.9900     0.0      0.0000       3.9900 0.0000 SNPS_CLOCK_GATE_HIGH_tinytpu_isa_gmem0_m_axi_CONSERVATIVE1_NUM_READ_OUTSTANDING16_NUM_WRITE_OUTSTANDING16_MAX_READ_BURST_LENGTH16_MAX_WRITE_BURST_LENGTH16_C_M_AXI_ID_WIDTH1_C_M_AXI_ADDR_WIDTH64_C_M_AXI_DATA_WIDTH512_C_M_AXI_AWUSER_WIDTH1_C_M_AXI_ARUSER_WIDTH1_C_M_AXI_WUSER_WIDTH1_C_M_AXI_RUSER_WIDTH1_C_M_AXI_BUSER_WIDTH1_C_USER_VALUE0_C_PROT_VALUE0_C_CACHE_VALUE3_USER_DW512_USER_AW64_USER_MAXREQS7_USER_RFIFONUM_WIDTH9_130
gmem0_m_axi_U/clk_gate_load_unit_buff_rdata_genblk1_U_fifo_mem_mem_reg_87_       3.9900     0.0      0.0000       3.9900 0.0000 SNPS_CLOCK_GATE_HIGH_tinytpu_isa_gmem0_m_axi_CONSERVATIVE1_NUM_READ_OUTSTANDING16_NUM_WRITE_OUTSTANDING16_MAX_READ_BURST_LENGTH16_MAX_WRITE_BURST_LENGTH16_C_M_AXI_ID_WIDTH1_C_M_AXI_ADDR_WIDTH64_C_M_AXI_DATA_WIDTH512_C_M_AXI_AWUSER_WIDTH1_C_M_AXI_ARUSER_WIDTH1_C_M_AXI_WUSER_WIDTH1_C_M_AXI_RUSER_WIDTH1_C_M_AXI_BUSER_WIDTH1_C_USER_VALUE0_C_PROT_VALUE0_C_CACHE_VALUE3_USER_DW512_USER_AW64_USER_MAXREQS7_USER_RFIFONUM_WIDTH9_131
gmem0_m_axi_U/clk_gate_load_unit_buff_rdata_genblk1_U_fifo_mem_mem_reg_88_       3.9900     0.0      0.0000       3.9900 0.0000 SNPS_CLOCK_GATE_HIGH_tinytpu_isa_gmem0_m_axi_CONSERVATIVE1_NUM_READ_OUTSTANDING16_NUM_WRITE_OUTSTANDING16_MAX_READ_BURST_LENGTH16_MAX_WRITE_BURST_LENGTH16_C_M_AXI_ID_WIDTH1_C_M_AXI_ADDR_WIDTH64_C_M_AXI_DATA_WIDTH512_C_M_AXI_AWUSER_WIDTH1_C_M_AXI_ARUSER_WIDTH1_C_M_AXI_WUSER_WIDTH1_C_M_AXI_RUSER_WIDTH1_C_M_AXI_BUSER_WIDTH1_C_USER_VALUE0_C_PROT_VALUE0_C_CACHE_VALUE3_USER_DW512_USER_AW64_USER_MAXREQS7_USER_RFIFONUM_WIDTH9_132
gmem0_m_axi_U/clk_gate_load_unit_buff_rdata_genblk1_U_fifo_mem_mem_reg_89_       3.9900     0.0      0.0000       3.9900 0.0000 SNPS_CLOCK_GATE_HIGH_tinytpu_isa_gmem0_m_axi_CONSERVATIVE1_NUM_READ_OUTSTANDING16_NUM_WRITE_OUTSTANDING16_MAX_READ_BURST_LENGTH16_MAX_WRITE_BURST_LENGTH16_C_M_AXI_ID_WIDTH1_C_M_AXI_ADDR_WIDTH64_C_M_AXI_DATA_WIDTH512_C_M_AXI_AWUSER_WIDTH1_C_M_AXI_ARUSER_WIDTH1_C_M_AXI_WUSER_WIDTH1_C_M_AXI_RUSER_WIDTH1_C_M_AXI_BUSER_WIDTH1_C_USER_VALUE0_C_PROT_VALUE0_C_CACHE_VALUE3_USER_DW512_USER_AW64_USER_MAXREQS7_USER_RFIFONUM_WIDTH9_133
gmem0_m_axi_U/clk_gate_load_unit_buff_rdata_genblk1_U_fifo_mem_mem_reg_8_       3.9900     0.0      0.0000       3.9900 0.0000 SNPS_CLOCK_GATE_HIGH_tinytpu_isa_gmem0_m_axi_CONSERVATIVE1_NUM_READ_OUTSTANDING16_NUM_WRITE_OUTSTANDING16_MAX_READ_BURST_LENGTH16_MAX_WRITE_BURST_LENGTH16_C_M_AXI_ID_WIDTH1_C_M_AXI_ADDR_WIDTH64_C_M_AXI_DATA_WIDTH512_C_M_AXI_AWUSER_WIDTH1_C_M_AXI_ARUSER_WIDTH1_C_M_AXI_WUSER_WIDTH1_C_M_AXI_RUSER_WIDTH1_C_M_AXI_BUSER_WIDTH1_C_USER_VALUE0_C_PROT_VALUE0_C_CACHE_VALUE3_USER_DW512_USER_AW64_USER_MAXREQS7_USER_RFIFONUM_WIDTH9_52
gmem0_m_axi_U/clk_gate_load_unit_buff_rdata_genblk1_U_fifo_mem_mem_reg_90_       3.9900     0.0      0.0000       3.9900 0.0000 SNPS_CLOCK_GATE_HIGH_tinytpu_isa_gmem0_m_axi_CONSERVATIVE1_NUM_READ_OUTSTANDING16_NUM_WRITE_OUTSTANDING16_MAX_READ_BURST_LENGTH16_MAX_WRITE_BURST_LENGTH16_C_M_AXI_ID_WIDTH1_C_M_AXI_ADDR_WIDTH64_C_M_AXI_DATA_WIDTH512_C_M_AXI_AWUSER_WIDTH1_C_M_AXI_ARUSER_WIDTH1_C_M_AXI_WUSER_WIDTH1_C_M_AXI_RUSER_WIDTH1_C_M_AXI_BUSER_WIDTH1_C_USER_VALUE0_C_PROT_VALUE0_C_CACHE_VALUE3_USER_DW512_USER_AW64_USER_MAXREQS7_USER_RFIFONUM_WIDTH9_134
gmem0_m_axi_U/clk_gate_load_unit_buff_rdata_genblk1_U_fifo_mem_mem_reg_91_       3.9900     0.0      0.0000       3.9900 0.0000 SNPS_CLOCK_GATE_HIGH_tinytpu_isa_gmem0_m_axi_CONSERVATIVE1_NUM_READ_OUTSTANDING16_NUM_WRITE_OUTSTANDING16_MAX_READ_BURST_LENGTH16_MAX_WRITE_BURST_LENGTH16_C_M_AXI_ID_WIDTH1_C_M_AXI_ADDR_WIDTH64_C_M_AXI_DATA_WIDTH512_C_M_AXI_AWUSER_WIDTH1_C_M_AXI_ARUSER_WIDTH1_C_M_AXI_WUSER_WIDTH1_C_M_AXI_RUSER_WIDTH1_C_M_AXI_BUSER_WIDTH1_C_USER_VALUE0_C_PROT_VALUE0_C_CACHE_VALUE3_USER_DW512_USER_AW64_USER_MAXREQS7_USER_RFIFONUM_WIDTH9_135
gmem0_m_axi_U/clk_gate_load_unit_buff_rdata_genblk1_U_fifo_mem_mem_reg_92_       3.9900     0.0      0.0000       3.9900 0.0000 SNPS_CLOCK_GATE_HIGH_tinytpu_isa_gmem0_m_axi_CONSERVATIVE1_NUM_READ_OUTSTANDING16_NUM_WRITE_OUTSTANDING16_MAX_READ_BURST_LENGTH16_MAX_WRITE_BURST_LENGTH16_C_M_AXI_ID_WIDTH1_C_M_AXI_ADDR_WIDTH64_C_M_AXI_DATA_WIDTH512_C_M_AXI_AWUSER_WIDTH1_C_M_AXI_ARUSER_WIDTH1_C_M_AXI_WUSER_WIDTH1_C_M_AXI_RUSER_WIDTH1_C_M_AXI_BUSER_WIDTH1_C_USER_VALUE0_C_PROT_VALUE0_C_CACHE_VALUE3_USER_DW512_USER_AW64_USER_MAXREQS7_USER_RFIFONUM_WIDTH9_136
gmem0_m_axi_U/clk_gate_load_unit_buff_rdata_genblk1_U_fifo_mem_mem_reg_93_       3.9900     0.0      0.0000       3.9900 0.0000 SNPS_CLOCK_GATE_HIGH_tinytpu_isa_gmem0_m_axi_CONSERVATIVE1_NUM_READ_OUTSTANDING16_NUM_WRITE_OUTSTANDING16_MAX_READ_BURST_LENGTH16_MAX_WRITE_BURST_LENGTH16_C_M_AXI_ID_WIDTH1_C_M_AXI_ADDR_WIDTH64_C_M_AXI_DATA_WIDTH512_C_M_AXI_AWUSER_WIDTH1_C_M_AXI_ARUSER_WIDTH1_C_M_AXI_WUSER_WIDTH1_C_M_AXI_RUSER_WIDTH1_C_M_AXI_BUSER_WIDTH1_C_USER_VALUE0_C_PROT_VALUE0_C_CACHE_VALUE3_USER_DW512_USER_AW64_USER_MAXREQS7_USER_RFIFONUM_WIDTH9_137
gmem0_m_axi_U/clk_gate_load_unit_buff_rdata_genblk1_U_fifo_mem_mem_reg_94_       3.9900     0.0      0.0000       3.9900 0.0000 SNPS_CLOCK_GATE_HIGH_tinytpu_isa_gmem0_m_axi_CONSERVATIVE1_NUM_READ_OUTSTANDING16_NUM_WRITE_OUTSTANDING16_MAX_READ_BURST_LENGTH16_MAX_WRITE_BURST_LENGTH16_C_M_AXI_ID_WIDTH1_C_M_AXI_ADDR_WIDTH64_C_M_AXI_DATA_WIDTH512_C_M_AXI_AWUSER_WIDTH1_C_M_AXI_ARUSER_WIDTH1_C_M_AXI_WUSER_WIDTH1_C_M_AXI_RUSER_WIDTH1_C_M_AXI_BUSER_WIDTH1_C_USER_VALUE0_C_PROT_VALUE0_C_CACHE_VALUE3_USER_DW512_USER_AW64_USER_MAXREQS7_USER_RFIFONUM_WIDTH9_138
gmem0_m_axi_U/clk_gate_load_unit_buff_rdata_genblk1_U_fifo_mem_mem_reg_95_       3.9900     0.0      0.0000       3.9900 0.0000 SNPS_CLOCK_GATE_HIGH_tinytpu_isa_gmem0_m_axi_CONSERVATIVE1_NUM_READ_OUTSTANDING16_NUM_WRITE_OUTSTANDING16_MAX_READ_BURST_LENGTH16_MAX_WRITE_BURST_LENGTH16_C_M_AXI_ID_WIDTH1_C_M_AXI_ADDR_WIDTH64_C_M_AXI_DATA_WIDTH512_C_M_AXI_AWUSER_WIDTH1_C_M_AXI_ARUSER_WIDTH1_C_M_AXI_WUSER_WIDTH1_C_M_AXI_RUSER_WIDTH1_C_M_AXI_BUSER_WIDTH1_C_USER_VALUE0_C_PROT_VALUE0_C_CACHE_VALUE3_USER_DW512_USER_AW64_USER_MAXREQS7_USER_RFIFONUM_WIDTH9_139
gmem0_m_axi_U/clk_gate_load_unit_buff_rdata_genblk1_U_fifo_mem_mem_reg_96_       3.9900     0.0      0.0000       3.9900 0.0000 SNPS_CLOCK_GATE_HIGH_tinytpu_isa_gmem0_m_axi_CONSERVATIVE1_NUM_READ_OUTSTANDING16_NUM_WRITE_OUTSTANDING16_MAX_READ_BURST_LENGTH16_MAX_WRITE_BURST_LENGTH16_C_M_AXI_ID_WIDTH1_C_M_AXI_ADDR_WIDTH64_C_M_AXI_DATA_WIDTH512_C_M_AXI_AWUSER_WIDTH1_C_M_AXI_ARUSER_WIDTH1_C_M_AXI_WUSER_WIDTH1_C_M_AXI_RUSER_WIDTH1_C_M_AXI_BUSER_WIDTH1_C_USER_VALUE0_C_PROT_VALUE0_C_CACHE_VALUE3_USER_DW512_USER_AW64_USER_MAXREQS7_USER_RFIFONUM_WIDTH9_140
gmem0_m_axi_U/clk_gate_load_unit_buff_rdata_genblk1_U_fifo_mem_mem_reg_97_       3.9900     0.0      0.0000       3.9900 0.0000 SNPS_CLOCK_GATE_HIGH_tinytpu_isa_gmem0_m_axi_CONSERVATIVE1_NUM_READ_OUTSTANDING16_NUM_WRITE_OUTSTANDING16_MAX_READ_BURST_LENGTH16_MAX_WRITE_BURST_LENGTH16_C_M_AXI_ID_WIDTH1_C_M_AXI_ADDR_WIDTH64_C_M_AXI_DATA_WIDTH512_C_M_AXI_AWUSER_WIDTH1_C_M_AXI_ARUSER_WIDTH1_C_M_AXI_WUSER_WIDTH1_C_M_AXI_RUSER_WIDTH1_C_M_AXI_BUSER_WIDTH1_C_USER_VALUE0_C_PROT_VALUE0_C_CACHE_VALUE3_USER_DW512_USER_AW64_USER_MAXREQS7_USER_RFIFONUM_WIDTH9_141
gmem0_m_axi_U/clk_gate_load_unit_buff_rdata_genblk1_U_fifo_mem_mem_reg_98_       3.9900     0.0      0.0000       3.9900 0.0000 SNPS_CLOCK_GATE_HIGH_tinytpu_isa_gmem0_m_axi_CONSERVATIVE1_NUM_READ_OUTSTANDING16_NUM_WRITE_OUTSTANDING16_MAX_READ_BURST_LENGTH16_MAX_WRITE_BURST_LENGTH16_C_M_AXI_ID_WIDTH1_C_M_AXI_ADDR_WIDTH64_C_M_AXI_DATA_WIDTH512_C_M_AXI_AWUSER_WIDTH1_C_M_AXI_ARUSER_WIDTH1_C_M_AXI_WUSER_WIDTH1_C_M_AXI_RUSER_WIDTH1_C_M_AXI_BUSER_WIDTH1_C_USER_VALUE0_C_PROT_VALUE0_C_CACHE_VALUE3_USER_DW512_USER_AW64_USER_MAXREQS7_USER_RFIFONUM_WIDTH9_142
gmem0_m_axi_U/clk_gate_load_unit_buff_rdata_genblk1_U_fifo_mem_mem_reg_99_       3.9900     0.0      0.0000       3.9900 0.0000 SNPS_CLOCK_GATE_HIGH_tinytpu_isa_gmem0_m_axi_CONSERVATIVE1_NUM_READ_OUTSTANDING16_NUM_WRITE_OUTSTANDING16_MAX_READ_BURST_LENGTH16_MAX_WRITE_BURST_LENGTH16_C_M_AXI_ID_WIDTH1_C_M_AXI_ADDR_WIDTH64_C_M_AXI_DATA_WIDTH512_C_M_AXI_AWUSER_WIDTH1_C_M_AXI_ARUSER_WIDTH1_C_M_AXI_WUSER_WIDTH1_C_M_AXI_RUSER_WIDTH1_C_M_AXI_BUSER_WIDTH1_C_USER_VALUE0_C_PROT_VALUE0_C_CACHE_VALUE3_USER_DW512_USER_AW64_USER_MAXREQS7_USER_RFIFONUM_WIDTH9_143
gmem0_m_axi_U/clk_gate_load_unit_buff_rdata_genblk1_U_fifo_mem_mem_reg_9_       3.9900     0.0      0.0000       3.9900 0.0000 SNPS_CLOCK_GATE_HIGH_tinytpu_isa_gmem0_m_axi_CONSERVATIVE1_NUM_READ_OUTSTANDING16_NUM_WRITE_OUTSTANDING16_MAX_READ_BURST_LENGTH16_MAX_WRITE_BURST_LENGTH16_C_M_AXI_ID_WIDTH1_C_M_AXI_ADDR_WIDTH64_C_M_AXI_DATA_WIDTH512_C_M_AXI_AWUSER_WIDTH1_C_M_AXI_ARUSER_WIDTH1_C_M_AXI_WUSER_WIDTH1_C_M_AXI_RUSER_WIDTH1_C_M_AXI_BUSER_WIDTH1_C_USER_VALUE0_C_PROT_VALUE0_C_CACHE_VALUE3_USER_DW512_USER_AW64_USER_MAXREQS7_USER_RFIFONUM_WIDTH9_53
gmem0_m_axi_U/clk_gate_load_unit_buff_rdata_genblk1_waddr_reg       3.9900     0.0      0.0000       3.9900 0.0000 SNPS_CLOCK_GATE_HIGH_tinytpu_isa_gmem0_m_axi_CONSERVATIVE1_NUM_READ_OUTSTANDING16_NUM_WRITE_OUTSTANDING16_MAX_READ_BURST_LENGTH16_MAX_WRITE_BURST_LENGTH16_C_M_AXI_ID_WIDTH1_C_M_AXI_ADDR_WIDTH64_C_M_AXI_DATA_WIDTH512_C_M_AXI_AWUSER_WIDTH1_C_M_AXI_ARUSER_WIDTH1_C_M_AXI_WUSER_WIDTH1_C_M_AXI_RUSER_WIDTH1_C_M_AXI_BUSER_WIDTH1_C_USER_VALUE0_C_PROT_VALUE0_C_CACHE_VALUE3_USER_DW512_USER_AW64_USER_MAXREQS7_USER_RFIFONUM_WIDTH9_300
gmem0_m_axi_U/clk_gate_load_unit_fifo_rreq_empty_n_reg       3.9900     0.0      0.0000       3.9900 0.0000 SNPS_CLOCK_GATE_HIGH_tinytpu_isa_gmem0_m_axi_CONSERVATIVE1_NUM_READ_OUTSTANDING16_NUM_WRITE_OUTSTANDING16_MAX_READ_BURST_LENGTH16_MAX_WRITE_BURST_LENGTH16_C_M_AXI_ID_WIDTH1_C_M_AXI_ADDR_WIDTH64_C_M_AXI_DATA_WIDTH512_C_M_AXI_AWUSER_WIDTH1_C_M_AXI_ARUSER_WIDTH1_C_M_AXI_WUSER_WIDTH1_C_M_AXI_RUSER_WIDTH1_C_M_AXI_BUSER_WIDTH1_C_USER_VALUE0_C_PROT_VALUE0_C_CACHE_VALUE3_USER_DW512_USER_AW64_USER_MAXREQS7_USER_RFIFONUM_WIDTH9_305
gmem0_m_axi_U/clk_gate_load_unit_fifo_rreq_genblk1_U_fifo_srl_dout_reg       3.9900     0.0      0.0000       3.9900 0.0000 SNPS_CLOCK_GATE_HIGH_tinytpu_isa_gmem0_m_axi_CONSERVATIVE1_NUM_READ_OUTSTANDING16_NUM_WRITE_OUTSTANDING16_MAX_READ_BURST_LENGTH16_MAX_WRITE_BURST_LENGTH16_C_M_AXI_ID_WIDTH1_C_M_AXI_ADDR_WIDTH64_C_M_AXI_DATA_WIDTH512_C_M_AXI_AWUSER_WIDTH1_C_M_AXI_ARUSER_WIDTH1_C_M_AXI_WUSER_WIDTH1_C_M_AXI_RUSER_WIDTH1_C_M_AXI_BUSER_WIDTH1_C_USER_VALUE0_C_PROT_VALUE0_C_CACHE_VALUE3_USER_DW512_USER_AW64_USER_MAXREQS7_USER_RFIFONUM_WIDTH9_303
gmem0_m_axi_U/clk_gate_load_unit_fifo_rreq_genblk1_U_fifo_srl_genblk1_mem_reg_5_       3.9900     0.0      0.0000       3.9900 0.0000 SNPS_CLOCK_GATE_HIGH_tinytpu_isa_gmem0_m_axi_CONSERVATIVE1_NUM_READ_OUTSTANDING16_NUM_WRITE_OUTSTANDING16_MAX_READ_BURST_LENGTH16_MAX_WRITE_BURST_LENGTH16_C_M_AXI_ID_WIDTH1_C_M_AXI_ADDR_WIDTH64_C_M_AXI_DATA_WIDTH512_C_M_AXI_AWUSER_WIDTH1_C_M_AXI_ARUSER_WIDTH1_C_M_AXI_WUSER_WIDTH1_C_M_AXI_RUSER_WIDTH1_C_M_AXI_BUSER_WIDTH1_C_USER_VALUE0_C_PROT_VALUE0_C_CACHE_VALUE3_USER_DW512_USER_AW64_USER_MAXREQS7_USER_RFIFONUM_WIDTH9_302
gmem0_m_axi_U/clk_gate_load_unit_fifo_rreq_genblk1_raddr_reg       3.9900     0.0      0.0000       3.9900 0.0000 SNPS_CLOCK_GATE_HIGH_tinytpu_isa_gmem0_m_axi_CONSERVATIVE1_NUM_READ_OUTSTANDING16_NUM_WRITE_OUTSTANDING16_MAX_READ_BURST_LENGTH16_MAX_WRITE_BURST_LENGTH16_C_M_AXI_ID_WIDTH1_C_M_AXI_ADDR_WIDTH64_C_M_AXI_DATA_WIDTH512_C_M_AXI_AWUSER_WIDTH1_C_M_AXI_ARUSER_WIDTH1_C_M_AXI_WUSER_WIDTH1_C_M_AXI_RUSER_WIDTH1_C_M_AXI_BUSER_WIDTH1_C_USER_VALUE0_C_PROT_VALUE0_C_CACHE_VALUE3_USER_DW512_USER_AW64_USER_MAXREQS7_USER_RFIFONUM_WIDTH9_304
gmem0_m_axi_U/clk_gate_load_unit_tmp_len_reg       3.9900     0.0      0.0000       3.9900 0.0000 SNPS_CLOCK_GATE_HIGH_tinytpu_isa_gmem0_m_axi_CONSERVATIVE1_NUM_READ_OUTSTANDING16_NUM_WRITE_OUTSTANDING16_MAX_READ_BURST_LENGTH16_MAX_WRITE_BURST_LENGTH16_C_M_AXI_ID_WIDTH1_C_M_AXI_ADDR_WIDTH64_C_M_AXI_DATA_WIDTH512_C_M_AXI_AWUSER_WIDTH1_C_M_AXI_ARUSER_WIDTH1_C_M_AXI_WUSER_WIDTH1_C_M_AXI_RUSER_WIDTH1_C_M_AXI_BUSER_WIDTH1_C_USER_VALUE0_C_PROT_VALUE0_C_CACHE_VALUE3_USER_DW512_USER_AW64_USER_MAXREQS7_USER_RFIFONUM_WIDTH9_308
gmem1_m_axi_U                      102105.1615      4.5   19666.7104    81337.2110  0.0000  tinytpu_isa_gmem1_m_axi_CONSERVATIVE1_NUM_READ_OUTSTANDING16_NUM_WRITE_OUTSTANDING16_MAX_READ_BURST_LENGTH16_MAX_WRITE_BURST_LENGTH16_C_M_AXI_ID_WIDTH1_C_M_AXI_ADDR_WIDTH64_C_M_AXI_DATA_WIDTH64_C_M_AXI_AWUSER_WIDTH1_C_M_AXI_ARUSER_WIDTH1_C_M_AXI_WUSER_WIDTH1_C_M_AXI_RUSER_WIDTH1_C_M_AXI_BUSER_WIDTH1_C_USER_VALUE0_C_PROT_VALUE0_C_CACHE_VALUE3_USER_DW64_USER_AW64_USER_MAXREQS7_USER_RFIFONUM_WIDTH9
gmem1_m_axi_U/clk_gate_bus_read_fifo_burst_empty_n_reg       3.9900     0.0      0.0000       3.9900 0.0000 SNPS_CLOCK_GATE_HIGH_tinytpu_isa_gmem1_m_axi_CONSERVATIVE1_NUM_READ_OUTSTANDING16_NUM_WRITE_OUTSTANDING16_MAX_READ_BURST_LENGTH16_MAX_WRITE_BURST_LENGTH16_C_M_AXI_ID_WIDTH1_C_M_AXI_ADDR_WIDTH64_C_M_AXI_DATA_WIDTH64_C_M_AXI_AWUSER_WIDTH1_C_M_AXI_ARUSER_WIDTH1_C_M_AXI_WUSER_WIDTH1_C_M_AXI_RUSER_WIDTH1_C_M_AXI_BUSER_WIDTH1_C_USER_VALUE0_C_PROT_VALUE0_C_CACHE_VALUE3_USER_DW64_USER_AW64_USER_MAXREQS7_USER_RFIFONUM_WIDTH9_5
gmem1_m_axi_U/clk_gate_bus_read_fifo_burst_genblk1_raddr_reg       3.9900     0.0      0.0000       3.9900 0.0000 SNPS_CLOCK_GATE_HIGH_tinytpu_isa_gmem1_m_axi_CONSERVATIVE1_NUM_READ_OUTSTANDING16_NUM_WRITE_OUTSTANDING16_MAX_READ_BURST_LENGTH16_MAX_WRITE_BURST_LENGTH16_C_M_AXI_ID_WIDTH1_C_M_AXI_ADDR_WIDTH64_C_M_AXI_DATA_WIDTH64_C_M_AXI_AWUSER_WIDTH1_C_M_AXI_ARUSER_WIDTH1_C_M_AXI_WUSER_WIDTH1_C_M_AXI_RUSER_WIDTH1_C_M_AXI_BUSER_WIDTH1_C_USER_VALUE0_C_PROT_VALUE0_C_CACHE_VALUE3_USER_DW64_USER_AW64_USER_MAXREQS7_USER_RFIFONUM_WIDTH9_4
gmem1_m_axi_U/clk_gate_bus_read_fifo_rctl_empty_n_reg       3.9900     0.0      0.0000       3.9900 0.0000 SNPS_CLOCK_GATE_HIGH_tinytpu_isa_gmem1_m_axi_CONSERVATIVE1_NUM_READ_OUTSTANDING16_NUM_WRITE_OUTSTANDING16_MAX_READ_BURST_LENGTH16_MAX_WRITE_BURST_LENGTH16_C_M_AXI_ID_WIDTH1_C_M_AXI_ADDR_WIDTH64_C_M_AXI_DATA_WIDTH64_C_M_AXI_AWUSER_WIDTH1_C_M_AXI_ARUSER_WIDTH1_C_M_AXI_WUSER_WIDTH1_C_M_AXI_RUSER_WIDTH1_C_M_AXI_BUSER_WIDTH1_C_USER_VALUE0_C_PROT_VALUE0_C_CACHE_VALUE3_USER_DW64_USER_AW64_USER_MAXREQS7_USER_RFIFONUM_WIDTH9_7
gmem1_m_axi_U/clk_gate_bus_read_fifo_rctl_genblk1_raddr_reg       3.9900     0.0      0.0000       3.9900 0.0000 SNPS_CLOCK_GATE_HIGH_tinytpu_isa_gmem1_m_axi_CONSERVATIVE1_NUM_READ_OUTSTANDING16_NUM_WRITE_OUTSTANDING16_MAX_READ_BURST_LENGTH16_MAX_WRITE_BURST_LENGTH16_C_M_AXI_ID_WIDTH1_C_M_AXI_ADDR_WIDTH64_C_M_AXI_DATA_WIDTH64_C_M_AXI_AWUSER_WIDTH1_C_M_AXI_ARUSER_WIDTH1_C_M_AXI_WUSER_WIDTH1_C_M_AXI_RUSER_WIDTH1_C_M_AXI_BUSER_WIDTH1_C_USER_VALUE0_C_PROT_VALUE0_C_CACHE_VALUE3_USER_DW64_USER_AW64_USER_MAXREQS7_USER_RFIFONUM_WIDTH9_6
gmem1_m_axi_U/clk_gate_bus_read_rreq_burst_conv_could_multi_bursts_addr_step_reg       3.9900     0.0      0.0000       3.9900 0.0000 SNPS_CLOCK_GATE_HIGH_tinytpu_isa_gmem1_m_axi_CONSERVATIVE1_NUM_READ_OUTSTANDING16_NUM_WRITE_OUTSTANDING16_MAX_READ_BURST_LENGTH16_MAX_WRITE_BURST_LENGTH16_C_M_AXI_ID_WIDTH1_C_M_AXI_ADDR_WIDTH64_C_M_AXI_DATA_WIDTH64_C_M_AXI_AWUSER_WIDTH1_C_M_AXI_ARUSER_WIDTH1_C_M_AXI_WUSER_WIDTH1_C_M_AXI_RUSER_WIDTH1_C_M_AXI_BUSER_WIDTH1_C_USER_VALUE0_C_PROT_VALUE0_C_CACHE_VALUE3_USER_DW64_USER_AW64_USER_MAXREQS7_USER_RFIFONUM_WIDTH9_22
gmem1_m_axi_U/clk_gate_bus_read_rreq_burst_conv_could_multi_bursts_last_loop_reg       3.9900     0.0      0.0000       3.9900 0.0000 SNPS_CLOCK_GATE_HIGH_tinytpu_isa_gmem1_m_axi_CONSERVATIVE1_NUM_READ_OUTSTANDING16_NUM_WRITE_OUTSTANDING16_MAX_READ_BURST_LENGTH16_MAX_WRITE_BURST_LENGTH16_C_M_AXI_ID_WIDTH1_C_M_AXI_ADDR_WIDTH64_C_M_AXI_DATA_WIDTH64_C_M_AXI_AWUSER_WIDTH1_C_M_AXI_ARUSER_WIDTH1_C_M_AXI_WUSER_WIDTH1_C_M_AXI_RUSER_WIDTH1_C_M_AXI_BUSER_WIDTH1_C_USER_VALUE0_C_PROT_VALUE0_C_CACHE_VALUE3_USER_DW64_USER_AW64_USER_MAXREQS7_USER_RFIFONUM_WIDTH9_21
gmem1_m_axi_U/clk_gate_bus_read_rreq_burst_conv_end_from_4k_reg       3.9900     0.0      0.0000       3.9900 0.0000 SNPS_CLOCK_GATE_HIGH_tinytpu_isa_gmem1_m_axi_CONSERVATIVE1_NUM_READ_OUTSTANDING16_NUM_WRITE_OUTSTANDING16_MAX_READ_BURST_LENGTH16_MAX_WRITE_BURST_LENGTH16_C_M_AXI_ID_WIDTH1_C_M_AXI_ADDR_WIDTH64_C_M_AXI_DATA_WIDTH64_C_M_AXI_AWUSER_WIDTH1_C_M_AXI_ARUSER_WIDTH1_C_M_AXI_WUSER_WIDTH1_C_M_AXI_RUSER_WIDTH1_C_M_AXI_BUSER_WIDTH1_C_USER_VALUE0_C_PROT_VALUE0_C_CACHE_VALUE3_USER_DW64_USER_AW64_USER_MAXREQS7_USER_RFIFONUM_WIDTH9_18
gmem1_m_axi_U/clk_gate_bus_read_rreq_burst_conv_last_sect_buf_reg       3.9900     0.0      0.0000       3.9900 0.0000 SNPS_CLOCK_GATE_HIGH_tinytpu_isa_gmem1_m_axi_CONSERVATIVE1_NUM_READ_OUTSTANDING16_NUM_WRITE_OUTSTANDING16_MAX_READ_BURST_LENGTH16_MAX_WRITE_BURST_LENGTH16_C_M_AXI_ID_WIDTH1_C_M_AXI_ADDR_WIDTH64_C_M_AXI_DATA_WIDTH64_C_M_AXI_AWUSER_WIDTH1_C_M_AXI_ARUSER_WIDTH1_C_M_AXI_WUSER_WIDTH1_C_M_AXI_RUSER_WIDTH1_C_M_AXI_BUSER_WIDTH1_C_USER_VALUE0_C_PROT_VALUE0_C_CACHE_VALUE3_USER_DW64_USER_AW64_USER_MAXREQS7_USER_RFIFONUM_WIDTH9_20
gmem1_m_axi_U/clk_gate_bus_read_rreq_burst_conv_last_sect_reg       3.9900     0.0      0.0000       3.9900 0.0000 SNPS_CLOCK_GATE_HIGH_tinytpu_isa_gmem1_m_axi_CONSERVATIVE1_NUM_READ_OUTSTANDING16_NUM_WRITE_OUTSTANDING16_MAX_READ_BURST_LENGTH16_MAX_WRITE_BURST_LENGTH16_C_M_AXI_ID_WIDTH1_C_M_AXI_ADDR_WIDTH64_C_M_AXI_DATA_WIDTH64_C_M_AXI_AWUSER_WIDTH1_C_M_AXI_ARUSER_WIDTH1_C_M_AXI_WUSER_WIDTH1_C_M_AXI_RUSER_WIDTH1_C_M_AXI_BUSER_WIDTH1_C_USER_VALUE0_C_PROT_VALUE0_C_CACHE_VALUE3_USER_DW64_USER_AW64_USER_MAXREQS7_USER_RFIFONUM_WIDTH9_19
gmem1_m_axi_U/clk_gate_bus_read_rreq_burst_conv_rs_req_data_p1_reg       3.9900     0.0      0.0000       3.9900 0.0000 SNPS_CLOCK_GATE_HIGH_tinytpu_isa_gmem1_m_axi_CONSERVATIVE1_NUM_READ_OUTSTANDING16_NUM_WRITE_OUTSTANDING16_MAX_READ_BURST_LENGTH16_MAX_WRITE_BURST_LENGTH16_C_M_AXI_ID_WIDTH1_C_M_AXI_ADDR_WIDTH64_C_M_AXI_DATA_WIDTH64_C_M_AXI_AWUSER_WIDTH1_C_M_AXI_ARUSER_WIDTH1_C_M_AXI_WUSER_WIDTH1_C_M_AXI_RUSER_WIDTH1_C_M_AXI_BUSER_WIDTH1_C_USER_VALUE0_C_PROT_VALUE0_C_CACHE_VALUE3_USER_DW64_USER_AW64_USER_MAXREQS7_USER_RFIFONUM_WIDTH9_14
gmem1_m_axi_U/clk_gate_bus_read_rreq_burst_conv_rs_req_data_p2_reg       3.9900     0.0      0.0000       3.9900 0.0000 SNPS_CLOCK_GATE_HIGH_tinytpu_isa_gmem1_m_axi_CONSERVATIVE1_NUM_READ_OUTSTANDING16_NUM_WRITE_OUTSTANDING16_MAX_READ_BURST_LENGTH16_MAX_WRITE_BURST_LENGTH16_C_M_AXI_ID_WIDTH1_C_M_AXI_ADDR_WIDTH64_C_M_AXI_DATA_WIDTH64_C_M_AXI_AWUSER_WIDTH1_C_M_AXI_ARUSER_WIDTH1_C_M_AXI_WUSER_WIDTH1_C_M_AXI_RUSER_WIDTH1_C_M_AXI_BUSER_WIDTH1_C_USER_VALUE0_C_PROT_VALUE0_C_CACHE_VALUE3_USER_DW64_USER_AW64_USER_MAXREQS7_USER_RFIFONUM_WIDTH9_15
gmem1_m_axi_U/clk_gate_bus_read_rs_rdata_data_p1_reg       3.9900     0.0      0.0000       3.9900 0.0000 SNPS_CLOCK_GATE_HIGH_tinytpu_isa_gmem1_m_axi_CONSERVATIVE1_NUM_READ_OUTSTANDING16_NUM_WRITE_OUTSTANDING16_MAX_READ_BURST_LENGTH16_MAX_WRITE_BURST_LENGTH16_C_M_AXI_ID_WIDTH1_C_M_AXI_ADDR_WIDTH64_C_M_AXI_DATA_WIDTH64_C_M_AXI_AWUSER_WIDTH1_C_M_AXI_ARUSER_WIDTH1_C_M_AXI_WUSER_WIDTH1_C_M_AXI_RUSER_WIDTH1_C_M_AXI_BUSER_WIDTH1_C_USER_VALUE0_C_PROT_VALUE0_C_CACHE_VALUE3_USER_DW64_USER_AW64_USER_MAXREQS7_USER_RFIFONUM_WIDTH9_12
gmem1_m_axi_U/clk_gate_bus_read_rs_rdata_data_p2_reg       3.9900     0.0      0.0000       3.9900 0.0000 SNPS_CLOCK_GATE_HIGH_tinytpu_isa_gmem1_m_axi_CONSERVATIVE1_NUM_READ_OUTSTANDING16_NUM_WRITE_OUTSTANDING16_MAX_READ_BURST_LENGTH16_MAX_WRITE_BURST_LENGTH16_C_M_AXI_ID_WIDTH1_C_M_AXI_ADDR_WIDTH64_C_M_AXI_DATA_WIDTH64_C_M_AXI_AWUSER_WIDTH1_C_M_AXI_ARUSER_WIDTH1_C_M_AXI_WUSER_WIDTH1_C_M_AXI_RUSER_WIDTH1_C_M_AXI_BUSER_WIDTH1_C_USER_VALUE0_C_PROT_VALUE0_C_CACHE_VALUE3_USER_DW64_USER_AW64_USER_MAXREQS7_USER_RFIFONUM_WIDTH9_13
gmem1_m_axi_U/clk_gate_load_unit_buff_rdata_empty_n_reg       3.9900     0.0      0.0000       3.9900 0.0000 SNPS_CLOCK_GATE_HIGH_tinytpu_isa_gmem1_m_axi_CONSERVATIVE1_NUM_READ_OUTSTANDING16_NUM_WRITE_OUTSTANDING16_MAX_READ_BURST_LENGTH16_MAX_WRITE_BURST_LENGTH16_C_M_AXI_ID_WIDTH1_C_M_AXI_ADDR_WIDTH64_C_M_AXI_DATA_WIDTH64_C_M_AXI_AWUSER_WIDTH1_C_M_AXI_ARUSER_WIDTH1_C_M_AXI_WUSER_WIDTH1_C_M_AXI_RUSER_WIDTH1_C_M_AXI_BUSER_WIDTH1_C_USER_VALUE0_C_PROT_VALUE0_C_CACHE_VALUE3_USER_DW64_USER_AW64_USER_MAXREQS7_USER_RFIFONUM_WIDTH9_301
gmem1_m_axi_U/clk_gate_load_unit_buff_rdata_genblk1_U_fifo_mem_dout_reg       3.9900     0.0      0.0000       3.9900 0.0000 SNPS_CLOCK_GATE_HIGH_tinytpu_isa_gmem1_m_axi_CONSERVATIVE1_NUM_READ_OUTSTANDING16_NUM_WRITE_OUTSTANDING16_MAX_READ_BURST_LENGTH16_MAX_WRITE_BURST_LENGTH16_C_M_AXI_ID_WIDTH1_C_M_AXI_ADDR_WIDTH64_C_M_AXI_DATA_WIDTH64_C_M_AXI_AWUSER_WIDTH1_C_M_AXI_ARUSER_WIDTH1_C_M_AXI_WUSER_WIDTH1_C_M_AXI_RUSER_WIDTH1_C_M_AXI_BUSER_WIDTH1_C_USER_VALUE0_C_PROT_VALUE0_C_CACHE_VALUE3_USER_DW64_USER_AW64_USER_MAXREQS7_USER_RFIFONUM_WIDTH9_299
gmem1_m_axi_U/clk_gate_load_unit_buff_rdata_genblk1_U_fifo_mem_mem_reg_0_       3.9900     0.0      0.0000       3.9900 0.0000 SNPS_CLOCK_GATE_HIGH_tinytpu_isa_gmem1_m_axi_CONSERVATIVE1_NUM_READ_OUTSTANDING16_NUM_WRITE_OUTSTANDING16_MAX_READ_BURST_LENGTH16_MAX_WRITE_BURST_LENGTH16_C_M_AXI_ID_WIDTH1_C_M_AXI_ADDR_WIDTH64_C_M_AXI_DATA_WIDTH64_C_M_AXI_AWUSER_WIDTH1_C_M_AXI_ARUSER_WIDTH1_C_M_AXI_WUSER_WIDTH1_C_M_AXI_RUSER_WIDTH1_C_M_AXI_BUSER_WIDTH1_C_USER_VALUE0_C_PROT_VALUE0_C_CACHE_VALUE3_USER_DW64_USER_AW64_USER_MAXREQS7_USER_RFIFONUM_WIDTH9_44
gmem1_m_axi_U/clk_gate_load_unit_buff_rdata_genblk1_U_fifo_mem_mem_reg_100_       3.9900     0.0      0.0000       3.9900 0.0000 SNPS_CLOCK_GATE_HIGH_tinytpu_isa_gmem1_m_axi_CONSERVATIVE1_NUM_READ_OUTSTANDING16_NUM_WRITE_OUTSTANDING16_MAX_READ_BURST_LENGTH16_MAX_WRITE_BURST_LENGTH16_C_M_AXI_ID_WIDTH1_C_M_AXI_ADDR_WIDTH64_C_M_AXI_DATA_WIDTH64_C_M_AXI_AWUSER_WIDTH1_C_M_AXI_ARUSER_WIDTH1_C_M_AXI_WUSER_WIDTH1_C_M_AXI_RUSER_WIDTH1_C_M_AXI_BUSER_WIDTH1_C_USER_VALUE0_C_PROT_VALUE0_C_CACHE_VALUE3_USER_DW64_USER_AW64_USER_MAXREQS7_USER_RFIFONUM_WIDTH9_144
gmem1_m_axi_U/clk_gate_load_unit_buff_rdata_genblk1_U_fifo_mem_mem_reg_101_       3.9900     0.0      0.0000       3.9900 0.0000 SNPS_CLOCK_GATE_HIGH_tinytpu_isa_gmem1_m_axi_CONSERVATIVE1_NUM_READ_OUTSTANDING16_NUM_WRITE_OUTSTANDING16_MAX_READ_BURST_LENGTH16_MAX_WRITE_BURST_LENGTH16_C_M_AXI_ID_WIDTH1_C_M_AXI_ADDR_WIDTH64_C_M_AXI_DATA_WIDTH64_C_M_AXI_AWUSER_WIDTH1_C_M_AXI_ARUSER_WIDTH1_C_M_AXI_WUSER_WIDTH1_C_M_AXI_RUSER_WIDTH1_C_M_AXI_BUSER_WIDTH1_C_USER_VALUE0_C_PROT_VALUE0_C_CACHE_VALUE3_USER_DW64_USER_AW64_USER_MAXREQS7_USER_RFIFONUM_WIDTH9_145
gmem1_m_axi_U/clk_gate_load_unit_buff_rdata_genblk1_U_fifo_mem_mem_reg_102_       3.9900     0.0      0.0000       3.9900 0.0000 SNPS_CLOCK_GATE_HIGH_tinytpu_isa_gmem1_m_axi_CONSERVATIVE1_NUM_READ_OUTSTANDING16_NUM_WRITE_OUTSTANDING16_MAX_READ_BURST_LENGTH16_MAX_WRITE_BURST_LENGTH16_C_M_AXI_ID_WIDTH1_C_M_AXI_ADDR_WIDTH64_C_M_AXI_DATA_WIDTH64_C_M_AXI_AWUSER_WIDTH1_C_M_AXI_ARUSER_WIDTH1_C_M_AXI_WUSER_WIDTH1_C_M_AXI_RUSER_WIDTH1_C_M_AXI_BUSER_WIDTH1_C_USER_VALUE0_C_PROT_VALUE0_C_CACHE_VALUE3_USER_DW64_USER_AW64_USER_MAXREQS7_USER_RFIFONUM_WIDTH9_146
gmem1_m_axi_U/clk_gate_load_unit_buff_rdata_genblk1_U_fifo_mem_mem_reg_103_       3.9900     0.0      0.0000       3.9900 0.0000 SNPS_CLOCK_GATE_HIGH_tinytpu_isa_gmem1_m_axi_CONSERVATIVE1_NUM_READ_OUTSTANDING16_NUM_WRITE_OUTSTANDING16_MAX_READ_BURST_LENGTH16_MAX_WRITE_BURST_LENGTH16_C_M_AXI_ID_WIDTH1_C_M_AXI_ADDR_WIDTH64_C_M_AXI_DATA_WIDTH64_C_M_AXI_AWUSER_WIDTH1_C_M_AXI_ARUSER_WIDTH1_C_M_AXI_WUSER_WIDTH1_C_M_AXI_RUSER_WIDTH1_C_M_AXI_BUSER_WIDTH1_C_USER_VALUE0_C_PROT_VALUE0_C_CACHE_VALUE3_USER_DW64_USER_AW64_USER_MAXREQS7_USER_RFIFONUM_WIDTH9_147
gmem1_m_axi_U/clk_gate_load_unit_buff_rdata_genblk1_U_fifo_mem_mem_reg_104_       3.9900     0.0      0.0000       3.9900 0.0000 SNPS_CLOCK_GATE_HIGH_tinytpu_isa_gmem1_m_axi_CONSERVATIVE1_NUM_READ_OUTSTANDING16_NUM_WRITE_OUTSTANDING16_MAX_READ_BURST_LENGTH16_MAX_WRITE_BURST_LENGTH16_C_M_AXI_ID_WIDTH1_C_M_AXI_ADDR_WIDTH64_C_M_AXI_DATA_WIDTH64_C_M_AXI_AWUSER_WIDTH1_C_M_AXI_ARUSER_WIDTH1_C_M_AXI_WUSER_WIDTH1_C_M_AXI_RUSER_WIDTH1_C_M_AXI_BUSER_WIDTH1_C_USER_VALUE0_C_PROT_VALUE0_C_CACHE_VALUE3_USER_DW64_USER_AW64_USER_MAXREQS7_USER_RFIFONUM_WIDTH9_148
gmem1_m_axi_U/clk_gate_load_unit_buff_rdata_genblk1_U_fifo_mem_mem_reg_105_       3.9900     0.0      0.0000       3.9900 0.0000 SNPS_CLOCK_GATE_HIGH_tinytpu_isa_gmem1_m_axi_CONSERVATIVE1_NUM_READ_OUTSTANDING16_NUM_WRITE_OUTSTANDING16_MAX_READ_BURST_LENGTH16_MAX_WRITE_BURST_LENGTH16_C_M_AXI_ID_WIDTH1_C_M_AXI_ADDR_WIDTH64_C_M_AXI_DATA_WIDTH64_C_M_AXI_AWUSER_WIDTH1_C_M_AXI_ARUSER_WIDTH1_C_M_AXI_WUSER_WIDTH1_C_M_AXI_RUSER_WIDTH1_C_M_AXI_BUSER_WIDTH1_C_USER_VALUE0_C_PROT_VALUE0_C_CACHE_VALUE3_USER_DW64_USER_AW64_USER_MAXREQS7_USER_RFIFONUM_WIDTH9_149
gmem1_m_axi_U/clk_gate_load_unit_buff_rdata_genblk1_U_fifo_mem_mem_reg_106_       3.9900     0.0      0.0000       3.9900 0.0000 SNPS_CLOCK_GATE_HIGH_tinytpu_isa_gmem1_m_axi_CONSERVATIVE1_NUM_READ_OUTSTANDING16_NUM_WRITE_OUTSTANDING16_MAX_READ_BURST_LENGTH16_MAX_WRITE_BURST_LENGTH16_C_M_AXI_ID_WIDTH1_C_M_AXI_ADDR_WIDTH64_C_M_AXI_DATA_WIDTH64_C_M_AXI_AWUSER_WIDTH1_C_M_AXI_ARUSER_WIDTH1_C_M_AXI_WUSER_WIDTH1_C_M_AXI_RUSER_WIDTH1_C_M_AXI_BUSER_WIDTH1_C_USER_VALUE0_C_PROT_VALUE0_C_CACHE_VALUE3_USER_DW64_USER_AW64_USER_MAXREQS7_USER_RFIFONUM_WIDTH9_150
gmem1_m_axi_U/clk_gate_load_unit_buff_rdata_genblk1_U_fifo_mem_mem_reg_107_       3.9900     0.0      0.0000       3.9900 0.0000 SNPS_CLOCK_GATE_HIGH_tinytpu_isa_gmem1_m_axi_CONSERVATIVE1_NUM_READ_OUTSTANDING16_NUM_WRITE_OUTSTANDING16_MAX_READ_BURST_LENGTH16_MAX_WRITE_BURST_LENGTH16_C_M_AXI_ID_WIDTH1_C_M_AXI_ADDR_WIDTH64_C_M_AXI_DATA_WIDTH64_C_M_AXI_AWUSER_WIDTH1_C_M_AXI_ARUSER_WIDTH1_C_M_AXI_WUSER_WIDTH1_C_M_AXI_RUSER_WIDTH1_C_M_AXI_BUSER_WIDTH1_C_USER_VALUE0_C_PROT_VALUE0_C_CACHE_VALUE3_USER_DW64_USER_AW64_USER_MAXREQS7_USER_RFIFONUM_WIDTH9_151
gmem1_m_axi_U/clk_gate_load_unit_buff_rdata_genblk1_U_fifo_mem_mem_reg_108_       3.9900     0.0      0.0000       3.9900 0.0000 SNPS_CLOCK_GATE_HIGH_tinytpu_isa_gmem1_m_axi_CONSERVATIVE1_NUM_READ_OUTSTANDING16_NUM_WRITE_OUTSTANDING16_MAX_READ_BURST_LENGTH16_MAX_WRITE_BURST_LENGTH16_C_M_AXI_ID_WIDTH1_C_M_AXI_ADDR_WIDTH64_C_M_AXI_DATA_WIDTH64_C_M_AXI_AWUSER_WIDTH1_C_M_AXI_ARUSER_WIDTH1_C_M_AXI_WUSER_WIDTH1_C_M_AXI_RUSER_WIDTH1_C_M_AXI_BUSER_WIDTH1_C_USER_VALUE0_C_PROT_VALUE0_C_CACHE_VALUE3_USER_DW64_USER_AW64_USER_MAXREQS7_USER_RFIFONUM_WIDTH9_152
gmem1_m_axi_U/clk_gate_load_unit_buff_rdata_genblk1_U_fifo_mem_mem_reg_109_       3.9900     0.0      0.0000       3.9900 0.0000 SNPS_CLOCK_GATE_HIGH_tinytpu_isa_gmem1_m_axi_CONSERVATIVE1_NUM_READ_OUTSTANDING16_NUM_WRITE_OUTSTANDING16_MAX_READ_BURST_LENGTH16_MAX_WRITE_BURST_LENGTH16_C_M_AXI_ID_WIDTH1_C_M_AXI_ADDR_WIDTH64_C_M_AXI_DATA_WIDTH64_C_M_AXI_AWUSER_WIDTH1_C_M_AXI_ARUSER_WIDTH1_C_M_AXI_WUSER_WIDTH1_C_M_AXI_RUSER_WIDTH1_C_M_AXI_BUSER_WIDTH1_C_USER_VALUE0_C_PROT_VALUE0_C_CACHE_VALUE3_USER_DW64_USER_AW64_USER_MAXREQS7_USER_RFIFONUM_WIDTH9_153
gmem1_m_axi_U/clk_gate_load_unit_buff_rdata_genblk1_U_fifo_mem_mem_reg_10_       3.9900     0.0      0.0000       3.9900 0.0000 SNPS_CLOCK_GATE_HIGH_tinytpu_isa_gmem1_m_axi_CONSERVATIVE1_NUM_READ_OUTSTANDING16_NUM_WRITE_OUTSTANDING16_MAX_READ_BURST_LENGTH16_MAX_WRITE_BURST_LENGTH16_C_M_AXI_ID_WIDTH1_C_M_AXI_ADDR_WIDTH64_C_M_AXI_DATA_WIDTH64_C_M_AXI_AWUSER_WIDTH1_C_M_AXI_ARUSER_WIDTH1_C_M_AXI_WUSER_WIDTH1_C_M_AXI_RUSER_WIDTH1_C_M_AXI_BUSER_WIDTH1_C_USER_VALUE0_C_PROT_VALUE0_C_CACHE_VALUE3_USER_DW64_USER_AW64_USER_MAXREQS7_USER_RFIFONUM_WIDTH9_54
gmem1_m_axi_U/clk_gate_load_unit_buff_rdata_genblk1_U_fifo_mem_mem_reg_110_       3.9900     0.0      0.0000       3.9900 0.0000 SNPS_CLOCK_GATE_HIGH_tinytpu_isa_gmem1_m_axi_CONSERVATIVE1_NUM_READ_OUTSTANDING16_NUM_WRITE_OUTSTANDING16_MAX_READ_BURST_LENGTH16_MAX_WRITE_BURST_LENGTH16_C_M_AXI_ID_WIDTH1_C_M_AXI_ADDR_WIDTH64_C_M_AXI_DATA_WIDTH64_C_M_AXI_AWUSER_WIDTH1_C_M_AXI_ARUSER_WIDTH1_C_M_AXI_WUSER_WIDTH1_C_M_AXI_RUSER_WIDTH1_C_M_AXI_BUSER_WIDTH1_C_USER_VALUE0_C_PROT_VALUE0_C_CACHE_VALUE3_USER_DW64_USER_AW64_USER_MAXREQS7_USER_RFIFONUM_WIDTH9_154
gmem1_m_axi_U/clk_gate_load_unit_buff_rdata_genblk1_U_fifo_mem_mem_reg_111_       3.9900     0.0      0.0000       3.9900 0.0000 SNPS_CLOCK_GATE_HIGH_tinytpu_isa_gmem1_m_axi_CONSERVATIVE1_NUM_READ_OUTSTANDING16_NUM_WRITE_OUTSTANDING16_MAX_READ_BURST_LENGTH16_MAX_WRITE_BURST_LENGTH16_C_M_AXI_ID_WIDTH1_C_M_AXI_ADDR_WIDTH64_C_M_AXI_DATA_WIDTH64_C_M_AXI_AWUSER_WIDTH1_C_M_AXI_ARUSER_WIDTH1_C_M_AXI_WUSER_WIDTH1_C_M_AXI_RUSER_WIDTH1_C_M_AXI_BUSER_WIDTH1_C_USER_VALUE0_C_PROT_VALUE0_C_CACHE_VALUE3_USER_DW64_USER_AW64_USER_MAXREQS7_USER_RFIFONUM_WIDTH9_155
gmem1_m_axi_U/clk_gate_load_unit_buff_rdata_genblk1_U_fifo_mem_mem_reg_112_       3.9900     0.0      0.0000       3.9900 0.0000 SNPS_CLOCK_GATE_HIGH_tinytpu_isa_gmem1_m_axi_CONSERVATIVE1_NUM_READ_OUTSTANDING16_NUM_WRITE_OUTSTANDING16_MAX_READ_BURST_LENGTH16_MAX_WRITE_BURST_LENGTH16_C_M_AXI_ID_WIDTH1_C_M_AXI_ADDR_WIDTH64_C_M_AXI_DATA_WIDTH64_C_M_AXI_AWUSER_WIDTH1_C_M_AXI_ARUSER_WIDTH1_C_M_AXI_WUSER_WIDTH1_C_M_AXI_RUSER_WIDTH1_C_M_AXI_BUSER_WIDTH1_C_USER_VALUE0_C_PROT_VALUE0_C_CACHE_VALUE3_USER_DW64_USER_AW64_USER_MAXREQS7_USER_RFIFONUM_WIDTH9_156
gmem1_m_axi_U/clk_gate_load_unit_buff_rdata_genblk1_U_fifo_mem_mem_reg_113_       3.9900     0.0      0.0000       3.9900 0.0000 SNPS_CLOCK_GATE_HIGH_tinytpu_isa_gmem1_m_axi_CONSERVATIVE1_NUM_READ_OUTSTANDING16_NUM_WRITE_OUTSTANDING16_MAX_READ_BURST_LENGTH16_MAX_WRITE_BURST_LENGTH16_C_M_AXI_ID_WIDTH1_C_M_AXI_ADDR_WIDTH64_C_M_AXI_DATA_WIDTH64_C_M_AXI_AWUSER_WIDTH1_C_M_AXI_ARUSER_WIDTH1_C_M_AXI_WUSER_WIDTH1_C_M_AXI_RUSER_WIDTH1_C_M_AXI_BUSER_WIDTH1_C_USER_VALUE0_C_PROT_VALUE0_C_CACHE_VALUE3_USER_DW64_USER_AW64_USER_MAXREQS7_USER_RFIFONUM_WIDTH9_157
gmem1_m_axi_U/clk_gate_load_unit_buff_rdata_genblk1_U_fifo_mem_mem_reg_114_       3.9900     0.0      0.0000       3.9900 0.0000 SNPS_CLOCK_GATE_HIGH_tinytpu_isa_gmem1_m_axi_CONSERVATIVE1_NUM_READ_OUTSTANDING16_NUM_WRITE_OUTSTANDING16_MAX_READ_BURST_LENGTH16_MAX_WRITE_BURST_LENGTH16_C_M_AXI_ID_WIDTH1_C_M_AXI_ADDR_WIDTH64_C_M_AXI_DATA_WIDTH64_C_M_AXI_AWUSER_WIDTH1_C_M_AXI_ARUSER_WIDTH1_C_M_AXI_WUSER_WIDTH1_C_M_AXI_RUSER_WIDTH1_C_M_AXI_BUSER_WIDTH1_C_USER_VALUE0_C_PROT_VALUE0_C_CACHE_VALUE3_USER_DW64_USER_AW64_USER_MAXREQS7_USER_RFIFONUM_WIDTH9_158
gmem1_m_axi_U/clk_gate_load_unit_buff_rdata_genblk1_U_fifo_mem_mem_reg_115_       3.9900     0.0      0.0000       3.9900 0.0000 SNPS_CLOCK_GATE_HIGH_tinytpu_isa_gmem1_m_axi_CONSERVATIVE1_NUM_READ_OUTSTANDING16_NUM_WRITE_OUTSTANDING16_MAX_READ_BURST_LENGTH16_MAX_WRITE_BURST_LENGTH16_C_M_AXI_ID_WIDTH1_C_M_AXI_ADDR_WIDTH64_C_M_AXI_DATA_WIDTH64_C_M_AXI_AWUSER_WIDTH1_C_M_AXI_ARUSER_WIDTH1_C_M_AXI_WUSER_WIDTH1_C_M_AXI_RUSER_WIDTH1_C_M_AXI_BUSER_WIDTH1_C_USER_VALUE0_C_PROT_VALUE0_C_CACHE_VALUE3_USER_DW64_USER_AW64_USER_MAXREQS7_USER_RFIFONUM_WIDTH9_159
gmem1_m_axi_U/clk_gate_load_unit_buff_rdata_genblk1_U_fifo_mem_mem_reg_116_       3.9900     0.0      0.0000       3.9900 0.0000 SNPS_CLOCK_GATE_HIGH_tinytpu_isa_gmem1_m_axi_CONSERVATIVE1_NUM_READ_OUTSTANDING16_NUM_WRITE_OUTSTANDING16_MAX_READ_BURST_LENGTH16_MAX_WRITE_BURST_LENGTH16_C_M_AXI_ID_WIDTH1_C_M_AXI_ADDR_WIDTH64_C_M_AXI_DATA_WIDTH64_C_M_AXI_AWUSER_WIDTH1_C_M_AXI_ARUSER_WIDTH1_C_M_AXI_WUSER_WIDTH1_C_M_AXI_RUSER_WIDTH1_C_M_AXI_BUSER_WIDTH1_C_USER_VALUE0_C_PROT_VALUE0_C_CACHE_VALUE3_USER_DW64_USER_AW64_USER_MAXREQS7_USER_RFIFONUM_WIDTH9_160
gmem1_m_axi_U/clk_gate_load_unit_buff_rdata_genblk1_U_fifo_mem_mem_reg_117_       3.9900     0.0      0.0000       3.9900 0.0000 SNPS_CLOCK_GATE_HIGH_tinytpu_isa_gmem1_m_axi_CONSERVATIVE1_NUM_READ_OUTSTANDING16_NUM_WRITE_OUTSTANDING16_MAX_READ_BURST_LENGTH16_MAX_WRITE_BURST_LENGTH16_C_M_AXI_ID_WIDTH1_C_M_AXI_ADDR_WIDTH64_C_M_AXI_DATA_WIDTH64_C_M_AXI_AWUSER_WIDTH1_C_M_AXI_ARUSER_WIDTH1_C_M_AXI_WUSER_WIDTH1_C_M_AXI_RUSER_WIDTH1_C_M_AXI_BUSER_WIDTH1_C_USER_VALUE0_C_PROT_VALUE0_C_CACHE_VALUE3_USER_DW64_USER_AW64_USER_MAXREQS7_USER_RFIFONUM_WIDTH9_161
gmem1_m_axi_U/clk_gate_load_unit_buff_rdata_genblk1_U_fifo_mem_mem_reg_118_       3.9900     0.0      0.0000       3.9900 0.0000 SNPS_CLOCK_GATE_HIGH_tinytpu_isa_gmem1_m_axi_CONSERVATIVE1_NUM_READ_OUTSTANDING16_NUM_WRITE_OUTSTANDING16_MAX_READ_BURST_LENGTH16_MAX_WRITE_BURST_LENGTH16_C_M_AXI_ID_WIDTH1_C_M_AXI_ADDR_WIDTH64_C_M_AXI_DATA_WIDTH64_C_M_AXI_AWUSER_WIDTH1_C_M_AXI_ARUSER_WIDTH1_C_M_AXI_WUSER_WIDTH1_C_M_AXI_RUSER_WIDTH1_C_M_AXI_BUSER_WIDTH1_C_USER_VALUE0_C_PROT_VALUE0_C_CACHE_VALUE3_USER_DW64_USER_AW64_USER_MAXREQS7_USER_RFIFONUM_WIDTH9_162
gmem1_m_axi_U/clk_gate_load_unit_buff_rdata_genblk1_U_fifo_mem_mem_reg_119_       3.9900     0.0      0.0000       3.9900 0.0000 SNPS_CLOCK_GATE_HIGH_tinytpu_isa_gmem1_m_axi_CONSERVATIVE1_NUM_READ_OUTSTANDING16_NUM_WRITE_OUTSTANDING16_MAX_READ_BURST_LENGTH16_MAX_WRITE_BURST_LENGTH16_C_M_AXI_ID_WIDTH1_C_M_AXI_ADDR_WIDTH64_C_M_AXI_DATA_WIDTH64_C_M_AXI_AWUSER_WIDTH1_C_M_AXI_ARUSER_WIDTH1_C_M_AXI_WUSER_WIDTH1_C_M_AXI_RUSER_WIDTH1_C_M_AXI_BUSER_WIDTH1_C_USER_VALUE0_C_PROT_VALUE0_C_CACHE_VALUE3_USER_DW64_USER_AW64_USER_MAXREQS7_USER_RFIFONUM_WIDTH9_163
gmem1_m_axi_U/clk_gate_load_unit_buff_rdata_genblk1_U_fifo_mem_mem_reg_11_       3.9900     0.0      0.0000       3.9900 0.0000 SNPS_CLOCK_GATE_HIGH_tinytpu_isa_gmem1_m_axi_CONSERVATIVE1_NUM_READ_OUTSTANDING16_NUM_WRITE_OUTSTANDING16_MAX_READ_BURST_LENGTH16_MAX_WRITE_BURST_LENGTH16_C_M_AXI_ID_WIDTH1_C_M_AXI_ADDR_WIDTH64_C_M_AXI_DATA_WIDTH64_C_M_AXI_AWUSER_WIDTH1_C_M_AXI_ARUSER_WIDTH1_C_M_AXI_WUSER_WIDTH1_C_M_AXI_RUSER_WIDTH1_C_M_AXI_BUSER_WIDTH1_C_USER_VALUE0_C_PROT_VALUE0_C_CACHE_VALUE3_USER_DW64_USER_AW64_USER_MAXREQS7_USER_RFIFONUM_WIDTH9_55
gmem1_m_axi_U/clk_gate_load_unit_buff_rdata_genblk1_U_fifo_mem_mem_reg_120_       3.9900     0.0      0.0000       3.9900 0.0000 SNPS_CLOCK_GATE_HIGH_tinytpu_isa_gmem1_m_axi_CONSERVATIVE1_NUM_READ_OUTSTANDING16_NUM_WRITE_OUTSTANDING16_MAX_READ_BURST_LENGTH16_MAX_WRITE_BURST_LENGTH16_C_M_AXI_ID_WIDTH1_C_M_AXI_ADDR_WIDTH64_C_M_AXI_DATA_WIDTH64_C_M_AXI_AWUSER_WIDTH1_C_M_AXI_ARUSER_WIDTH1_C_M_AXI_WUSER_WIDTH1_C_M_AXI_RUSER_WIDTH1_C_M_AXI_BUSER_WIDTH1_C_USER_VALUE0_C_PROT_VALUE0_C_CACHE_VALUE3_USER_DW64_USER_AW64_USER_MAXREQS7_USER_RFIFONUM_WIDTH9_164
gmem1_m_axi_U/clk_gate_load_unit_buff_rdata_genblk1_U_fifo_mem_mem_reg_121_       3.9900     0.0      0.0000       3.9900 0.0000 SNPS_CLOCK_GATE_HIGH_tinytpu_isa_gmem1_m_axi_CONSERVATIVE1_NUM_READ_OUTSTANDING16_NUM_WRITE_OUTSTANDING16_MAX_READ_BURST_LENGTH16_MAX_WRITE_BURST_LENGTH16_C_M_AXI_ID_WIDTH1_C_M_AXI_ADDR_WIDTH64_C_M_AXI_DATA_WIDTH64_C_M_AXI_AWUSER_WIDTH1_C_M_AXI_ARUSER_WIDTH1_C_M_AXI_WUSER_WIDTH1_C_M_AXI_RUSER_WIDTH1_C_M_AXI_BUSER_WIDTH1_C_USER_VALUE0_C_PROT_VALUE0_C_CACHE_VALUE3_USER_DW64_USER_AW64_USER_MAXREQS7_USER_RFIFONUM_WIDTH9_165
gmem1_m_axi_U/clk_gate_load_unit_buff_rdata_genblk1_U_fifo_mem_mem_reg_122_       3.9900     0.0      0.0000       3.9900 0.0000 SNPS_CLOCK_GATE_HIGH_tinytpu_isa_gmem1_m_axi_CONSERVATIVE1_NUM_READ_OUTSTANDING16_NUM_WRITE_OUTSTANDING16_MAX_READ_BURST_LENGTH16_MAX_WRITE_BURST_LENGTH16_C_M_AXI_ID_WIDTH1_C_M_AXI_ADDR_WIDTH64_C_M_AXI_DATA_WIDTH64_C_M_AXI_AWUSER_WIDTH1_C_M_AXI_ARUSER_WIDTH1_C_M_AXI_WUSER_WIDTH1_C_M_AXI_RUSER_WIDTH1_C_M_AXI_BUSER_WIDTH1_C_USER_VALUE0_C_PROT_VALUE0_C_CACHE_VALUE3_USER_DW64_USER_AW64_USER_MAXREQS7_USER_RFIFONUM_WIDTH9_166
gmem1_m_axi_U/clk_gate_load_unit_buff_rdata_genblk1_U_fifo_mem_mem_reg_123_       3.9900     0.0      0.0000       3.9900 0.0000 SNPS_CLOCK_GATE_HIGH_tinytpu_isa_gmem1_m_axi_CONSERVATIVE1_NUM_READ_OUTSTANDING16_NUM_WRITE_OUTSTANDING16_MAX_READ_BURST_LENGTH16_MAX_WRITE_BURST_LENGTH16_C_M_AXI_ID_WIDTH1_C_M_AXI_ADDR_WIDTH64_C_M_AXI_DATA_WIDTH64_C_M_AXI_AWUSER_WIDTH1_C_M_AXI_ARUSER_WIDTH1_C_M_AXI_WUSER_WIDTH1_C_M_AXI_RUSER_WIDTH1_C_M_AXI_BUSER_WIDTH1_C_USER_VALUE0_C_PROT_VALUE0_C_CACHE_VALUE3_USER_DW64_USER_AW64_USER_MAXREQS7_USER_RFIFONUM_WIDTH9_167
gmem1_m_axi_U/clk_gate_load_unit_buff_rdata_genblk1_U_fifo_mem_mem_reg_124_       3.9900     0.0      0.0000       3.9900 0.0000 SNPS_CLOCK_GATE_HIGH_tinytpu_isa_gmem1_m_axi_CONSERVATIVE1_NUM_READ_OUTSTANDING16_NUM_WRITE_OUTSTANDING16_MAX_READ_BURST_LENGTH16_MAX_WRITE_BURST_LENGTH16_C_M_AXI_ID_WIDTH1_C_M_AXI_ADDR_WIDTH64_C_M_AXI_DATA_WIDTH64_C_M_AXI_AWUSER_WIDTH1_C_M_AXI_ARUSER_WIDTH1_C_M_AXI_WUSER_WIDTH1_C_M_AXI_RUSER_WIDTH1_C_M_AXI_BUSER_WIDTH1_C_USER_VALUE0_C_PROT_VALUE0_C_CACHE_VALUE3_USER_DW64_USER_AW64_USER_MAXREQS7_USER_RFIFONUM_WIDTH9_168
gmem1_m_axi_U/clk_gate_load_unit_buff_rdata_genblk1_U_fifo_mem_mem_reg_125_       3.9900     0.0      0.0000       3.9900 0.0000 SNPS_CLOCK_GATE_HIGH_tinytpu_isa_gmem1_m_axi_CONSERVATIVE1_NUM_READ_OUTSTANDING16_NUM_WRITE_OUTSTANDING16_MAX_READ_BURST_LENGTH16_MAX_WRITE_BURST_LENGTH16_C_M_AXI_ID_WIDTH1_C_M_AXI_ADDR_WIDTH64_C_M_AXI_DATA_WIDTH64_C_M_AXI_AWUSER_WIDTH1_C_M_AXI_ARUSER_WIDTH1_C_M_AXI_WUSER_WIDTH1_C_M_AXI_RUSER_WIDTH1_C_M_AXI_BUSER_WIDTH1_C_USER_VALUE0_C_PROT_VALUE0_C_CACHE_VALUE3_USER_DW64_USER_AW64_USER_MAXREQS7_USER_RFIFONUM_WIDTH9_169
gmem1_m_axi_U/clk_gate_load_unit_buff_rdata_genblk1_U_fifo_mem_mem_reg_126_       3.9900     0.0      0.0000       3.9900 0.0000 SNPS_CLOCK_GATE_HIGH_tinytpu_isa_gmem1_m_axi_CONSERVATIVE1_NUM_READ_OUTSTANDING16_NUM_WRITE_OUTSTANDING16_MAX_READ_BURST_LENGTH16_MAX_WRITE_BURST_LENGTH16_C_M_AXI_ID_WIDTH1_C_M_AXI_ADDR_WIDTH64_C_M_AXI_DATA_WIDTH64_C_M_AXI_AWUSER_WIDTH1_C_M_AXI_ARUSER_WIDTH1_C_M_AXI_WUSER_WIDTH1_C_M_AXI_RUSER_WIDTH1_C_M_AXI_BUSER_WIDTH1_C_USER_VALUE0_C_PROT_VALUE0_C_CACHE_VALUE3_USER_DW64_USER_AW64_USER_MAXREQS7_USER_RFIFONUM_WIDTH9_170
gmem1_m_axi_U/clk_gate_load_unit_buff_rdata_genblk1_U_fifo_mem_mem_reg_127_       3.9900     0.0      0.0000       3.9900 0.0000 SNPS_CLOCK_GATE_HIGH_tinytpu_isa_gmem1_m_axi_CONSERVATIVE1_NUM_READ_OUTSTANDING16_NUM_WRITE_OUTSTANDING16_MAX_READ_BURST_LENGTH16_MAX_WRITE_BURST_LENGTH16_C_M_AXI_ID_WIDTH1_C_M_AXI_ADDR_WIDTH64_C_M_AXI_DATA_WIDTH64_C_M_AXI_AWUSER_WIDTH1_C_M_AXI_ARUSER_WIDTH1_C_M_AXI_WUSER_WIDTH1_C_M_AXI_RUSER_WIDTH1_C_M_AXI_BUSER_WIDTH1_C_USER_VALUE0_C_PROT_VALUE0_C_CACHE_VALUE3_USER_DW64_USER_AW64_USER_MAXREQS7_USER_RFIFONUM_WIDTH9_171
gmem1_m_axi_U/clk_gate_load_unit_buff_rdata_genblk1_U_fifo_mem_mem_reg_128_       3.9900     0.0      0.0000       3.9900 0.0000 SNPS_CLOCK_GATE_HIGH_tinytpu_isa_gmem1_m_axi_CONSERVATIVE1_NUM_READ_OUTSTANDING16_NUM_WRITE_OUTSTANDING16_MAX_READ_BURST_LENGTH16_MAX_WRITE_BURST_LENGTH16_C_M_AXI_ID_WIDTH1_C_M_AXI_ADDR_WIDTH64_C_M_AXI_DATA_WIDTH64_C_M_AXI_AWUSER_WIDTH1_C_M_AXI_ARUSER_WIDTH1_C_M_AXI_WUSER_WIDTH1_C_M_AXI_RUSER_WIDTH1_C_M_AXI_BUSER_WIDTH1_C_USER_VALUE0_C_PROT_VALUE0_C_CACHE_VALUE3_USER_DW64_USER_AW64_USER_MAXREQS7_USER_RFIFONUM_WIDTH9_172
gmem1_m_axi_U/clk_gate_load_unit_buff_rdata_genblk1_U_fifo_mem_mem_reg_129_       3.9900     0.0      0.0000       3.9900 0.0000 SNPS_CLOCK_GATE_HIGH_tinytpu_isa_gmem1_m_axi_CONSERVATIVE1_NUM_READ_OUTSTANDING16_NUM_WRITE_OUTSTANDING16_MAX_READ_BURST_LENGTH16_MAX_WRITE_BURST_LENGTH16_C_M_AXI_ID_WIDTH1_C_M_AXI_ADDR_WIDTH64_C_M_AXI_DATA_WIDTH64_C_M_AXI_AWUSER_WIDTH1_C_M_AXI_ARUSER_WIDTH1_C_M_AXI_WUSER_WIDTH1_C_M_AXI_RUSER_WIDTH1_C_M_AXI_BUSER_WIDTH1_C_USER_VALUE0_C_PROT_VALUE0_C_CACHE_VALUE3_USER_DW64_USER_AW64_USER_MAXREQS7_USER_RFIFONUM_WIDTH9_173
gmem1_m_axi_U/clk_gate_load_unit_buff_rdata_genblk1_U_fifo_mem_mem_reg_12_       3.9900     0.0      0.0000       3.9900 0.0000 SNPS_CLOCK_GATE_HIGH_tinytpu_isa_gmem1_m_axi_CONSERVATIVE1_NUM_READ_OUTSTANDING16_NUM_WRITE_OUTSTANDING16_MAX_READ_BURST_LENGTH16_MAX_WRITE_BURST_LENGTH16_C_M_AXI_ID_WIDTH1_C_M_AXI_ADDR_WIDTH64_C_M_AXI_DATA_WIDTH64_C_M_AXI_AWUSER_WIDTH1_C_M_AXI_ARUSER_WIDTH1_C_M_AXI_WUSER_WIDTH1_C_M_AXI_RUSER_WIDTH1_C_M_AXI_BUSER_WIDTH1_C_USER_VALUE0_C_PROT_VALUE0_C_CACHE_VALUE3_USER_DW64_USER_AW64_USER_MAXREQS7_USER_RFIFONUM_WIDTH9_56
gmem1_m_axi_U/clk_gate_load_unit_buff_rdata_genblk1_U_fifo_mem_mem_reg_130_       3.9900     0.0      0.0000       3.9900 0.0000 SNPS_CLOCK_GATE_HIGH_tinytpu_isa_gmem1_m_axi_CONSERVATIVE1_NUM_READ_OUTSTANDING16_NUM_WRITE_OUTSTANDING16_MAX_READ_BURST_LENGTH16_MAX_WRITE_BURST_LENGTH16_C_M_AXI_ID_WIDTH1_C_M_AXI_ADDR_WIDTH64_C_M_AXI_DATA_WIDTH64_C_M_AXI_AWUSER_WIDTH1_C_M_AXI_ARUSER_WIDTH1_C_M_AXI_WUSER_WIDTH1_C_M_AXI_RUSER_WIDTH1_C_M_AXI_BUSER_WIDTH1_C_USER_VALUE0_C_PROT_VALUE0_C_CACHE_VALUE3_USER_DW64_USER_AW64_USER_MAXREQS7_USER_RFIFONUM_WIDTH9_174
gmem1_m_axi_U/clk_gate_load_unit_buff_rdata_genblk1_U_fifo_mem_mem_reg_131_       3.9900     0.0      0.0000       3.9900 0.0000 SNPS_CLOCK_GATE_HIGH_tinytpu_isa_gmem1_m_axi_CONSERVATIVE1_NUM_READ_OUTSTANDING16_NUM_WRITE_OUTSTANDING16_MAX_READ_BURST_LENGTH16_MAX_WRITE_BURST_LENGTH16_C_M_AXI_ID_WIDTH1_C_M_AXI_ADDR_WIDTH64_C_M_AXI_DATA_WIDTH64_C_M_AXI_AWUSER_WIDTH1_C_M_AXI_ARUSER_WIDTH1_C_M_AXI_WUSER_WIDTH1_C_M_AXI_RUSER_WIDTH1_C_M_AXI_BUSER_WIDTH1_C_USER_VALUE0_C_PROT_VALUE0_C_CACHE_VALUE3_USER_DW64_USER_AW64_USER_MAXREQS7_USER_RFIFONUM_WIDTH9_175
gmem1_m_axi_U/clk_gate_load_unit_buff_rdata_genblk1_U_fifo_mem_mem_reg_132_       3.9900     0.0      0.0000       3.9900 0.0000 SNPS_CLOCK_GATE_HIGH_tinytpu_isa_gmem1_m_axi_CONSERVATIVE1_NUM_READ_OUTSTANDING16_NUM_WRITE_OUTSTANDING16_MAX_READ_BURST_LENGTH16_MAX_WRITE_BURST_LENGTH16_C_M_AXI_ID_WIDTH1_C_M_AXI_ADDR_WIDTH64_C_M_AXI_DATA_WIDTH64_C_M_AXI_AWUSER_WIDTH1_C_M_AXI_ARUSER_WIDTH1_C_M_AXI_WUSER_WIDTH1_C_M_AXI_RUSER_WIDTH1_C_M_AXI_BUSER_WIDTH1_C_USER_VALUE0_C_PROT_VALUE0_C_CACHE_VALUE3_USER_DW64_USER_AW64_USER_MAXREQS7_USER_RFIFONUM_WIDTH9_176
gmem1_m_axi_U/clk_gate_load_unit_buff_rdata_genblk1_U_fifo_mem_mem_reg_133_       3.9900     0.0      0.0000       3.9900 0.0000 SNPS_CLOCK_GATE_HIGH_tinytpu_isa_gmem1_m_axi_CONSERVATIVE1_NUM_READ_OUTSTANDING16_NUM_WRITE_OUTSTANDING16_MAX_READ_BURST_LENGTH16_MAX_WRITE_BURST_LENGTH16_C_M_AXI_ID_WIDTH1_C_M_AXI_ADDR_WIDTH64_C_M_AXI_DATA_WIDTH64_C_M_AXI_AWUSER_WIDTH1_C_M_AXI_ARUSER_WIDTH1_C_M_AXI_WUSER_WIDTH1_C_M_AXI_RUSER_WIDTH1_C_M_AXI_BUSER_WIDTH1_C_USER_VALUE0_C_PROT_VALUE0_C_CACHE_VALUE3_USER_DW64_USER_AW64_USER_MAXREQS7_USER_RFIFONUM_WIDTH9_177
gmem1_m_axi_U/clk_gate_load_unit_buff_rdata_genblk1_U_fifo_mem_mem_reg_134_       3.9900     0.0      0.0000       3.9900 0.0000 SNPS_CLOCK_GATE_HIGH_tinytpu_isa_gmem1_m_axi_CONSERVATIVE1_NUM_READ_OUTSTANDING16_NUM_WRITE_OUTSTANDING16_MAX_READ_BURST_LENGTH16_MAX_WRITE_BURST_LENGTH16_C_M_AXI_ID_WIDTH1_C_M_AXI_ADDR_WIDTH64_C_M_AXI_DATA_WIDTH64_C_M_AXI_AWUSER_WIDTH1_C_M_AXI_ARUSER_WIDTH1_C_M_AXI_WUSER_WIDTH1_C_M_AXI_RUSER_WIDTH1_C_M_AXI_BUSER_WIDTH1_C_USER_VALUE0_C_PROT_VALUE0_C_CACHE_VALUE3_USER_DW64_USER_AW64_USER_MAXREQS7_USER_RFIFONUM_WIDTH9_178
gmem1_m_axi_U/clk_gate_load_unit_buff_rdata_genblk1_U_fifo_mem_mem_reg_135_       3.9900     0.0      0.0000       3.9900 0.0000 SNPS_CLOCK_GATE_HIGH_tinytpu_isa_gmem1_m_axi_CONSERVATIVE1_NUM_READ_OUTSTANDING16_NUM_WRITE_OUTSTANDING16_MAX_READ_BURST_LENGTH16_MAX_WRITE_BURST_LENGTH16_C_M_AXI_ID_WIDTH1_C_M_AXI_ADDR_WIDTH64_C_M_AXI_DATA_WIDTH64_C_M_AXI_AWUSER_WIDTH1_C_M_AXI_ARUSER_WIDTH1_C_M_AXI_WUSER_WIDTH1_C_M_AXI_RUSER_WIDTH1_C_M_AXI_BUSER_WIDTH1_C_USER_VALUE0_C_PROT_VALUE0_C_CACHE_VALUE3_USER_DW64_USER_AW64_USER_MAXREQS7_USER_RFIFONUM_WIDTH9_179
gmem1_m_axi_U/clk_gate_load_unit_buff_rdata_genblk1_U_fifo_mem_mem_reg_136_       3.9900     0.0      0.0000       3.9900 0.0000 SNPS_CLOCK_GATE_HIGH_tinytpu_isa_gmem1_m_axi_CONSERVATIVE1_NUM_READ_OUTSTANDING16_NUM_WRITE_OUTSTANDING16_MAX_READ_BURST_LENGTH16_MAX_WRITE_BURST_LENGTH16_C_M_AXI_ID_WIDTH1_C_M_AXI_ADDR_WIDTH64_C_M_AXI_DATA_WIDTH64_C_M_AXI_AWUSER_WIDTH1_C_M_AXI_ARUSER_WIDTH1_C_M_AXI_WUSER_WIDTH1_C_M_AXI_RUSER_WIDTH1_C_M_AXI_BUSER_WIDTH1_C_USER_VALUE0_C_PROT_VALUE0_C_CACHE_VALUE3_USER_DW64_USER_AW64_USER_MAXREQS7_USER_RFIFONUM_WIDTH9_180
gmem1_m_axi_U/clk_gate_load_unit_buff_rdata_genblk1_U_fifo_mem_mem_reg_137_       3.9900     0.0      0.0000       3.9900 0.0000 SNPS_CLOCK_GATE_HIGH_tinytpu_isa_gmem1_m_axi_CONSERVATIVE1_NUM_READ_OUTSTANDING16_NUM_WRITE_OUTSTANDING16_MAX_READ_BURST_LENGTH16_MAX_WRITE_BURST_LENGTH16_C_M_AXI_ID_WIDTH1_C_M_AXI_ADDR_WIDTH64_C_M_AXI_DATA_WIDTH64_C_M_AXI_AWUSER_WIDTH1_C_M_AXI_ARUSER_WIDTH1_C_M_AXI_WUSER_WIDTH1_C_M_AXI_RUSER_WIDTH1_C_M_AXI_BUSER_WIDTH1_C_USER_VALUE0_C_PROT_VALUE0_C_CACHE_VALUE3_USER_DW64_USER_AW64_USER_MAXREQS7_USER_RFIFONUM_WIDTH9_181
gmem1_m_axi_U/clk_gate_load_unit_buff_rdata_genblk1_U_fifo_mem_mem_reg_138_       3.9900     0.0      0.0000       3.9900 0.0000 SNPS_CLOCK_GATE_HIGH_tinytpu_isa_gmem1_m_axi_CONSERVATIVE1_NUM_READ_OUTSTANDING16_NUM_WRITE_OUTSTANDING16_MAX_READ_BURST_LENGTH16_MAX_WRITE_BURST_LENGTH16_C_M_AXI_ID_WIDTH1_C_M_AXI_ADDR_WIDTH64_C_M_AXI_DATA_WIDTH64_C_M_AXI_AWUSER_WIDTH1_C_M_AXI_ARUSER_WIDTH1_C_M_AXI_WUSER_WIDTH1_C_M_AXI_RUSER_WIDTH1_C_M_AXI_BUSER_WIDTH1_C_USER_VALUE0_C_PROT_VALUE0_C_CACHE_VALUE3_USER_DW64_USER_AW64_USER_MAXREQS7_USER_RFIFONUM_WIDTH9_182
gmem1_m_axi_U/clk_gate_load_unit_buff_rdata_genblk1_U_fifo_mem_mem_reg_139_       3.9900     0.0      0.0000       3.9900 0.0000 SNPS_CLOCK_GATE_HIGH_tinytpu_isa_gmem1_m_axi_CONSERVATIVE1_NUM_READ_OUTSTANDING16_NUM_WRITE_OUTSTANDING16_MAX_READ_BURST_LENGTH16_MAX_WRITE_BURST_LENGTH16_C_M_AXI_ID_WIDTH1_C_M_AXI_ADDR_WIDTH64_C_M_AXI_DATA_WIDTH64_C_M_AXI_AWUSER_WIDTH1_C_M_AXI_ARUSER_WIDTH1_C_M_AXI_WUSER_WIDTH1_C_M_AXI_RUSER_WIDTH1_C_M_AXI_BUSER_WIDTH1_C_USER_VALUE0_C_PROT_VALUE0_C_CACHE_VALUE3_USER_DW64_USER_AW64_USER_MAXREQS7_USER_RFIFONUM_WIDTH9_183
gmem1_m_axi_U/clk_gate_load_unit_buff_rdata_genblk1_U_fifo_mem_mem_reg_13_       3.9900     0.0      0.0000       3.9900 0.0000 SNPS_CLOCK_GATE_HIGH_tinytpu_isa_gmem1_m_axi_CONSERVATIVE1_NUM_READ_OUTSTANDING16_NUM_WRITE_OUTSTANDING16_MAX_READ_BURST_LENGTH16_MAX_WRITE_BURST_LENGTH16_C_M_AXI_ID_WIDTH1_C_M_AXI_ADDR_WIDTH64_C_M_AXI_DATA_WIDTH64_C_M_AXI_AWUSER_WIDTH1_C_M_AXI_ARUSER_WIDTH1_C_M_AXI_WUSER_WIDTH1_C_M_AXI_RUSER_WIDTH1_C_M_AXI_BUSER_WIDTH1_C_USER_VALUE0_C_PROT_VALUE0_C_CACHE_VALUE3_USER_DW64_USER_AW64_USER_MAXREQS7_USER_RFIFONUM_WIDTH9_57
gmem1_m_axi_U/clk_gate_load_unit_buff_rdata_genblk1_U_fifo_mem_mem_reg_140_       3.9900     0.0      0.0000       3.9900 0.0000 SNPS_CLOCK_GATE_HIGH_tinytpu_isa_gmem1_m_axi_CONSERVATIVE1_NUM_READ_OUTSTANDING16_NUM_WRITE_OUTSTANDING16_MAX_READ_BURST_LENGTH16_MAX_WRITE_BURST_LENGTH16_C_M_AXI_ID_WIDTH1_C_M_AXI_ADDR_WIDTH64_C_M_AXI_DATA_WIDTH64_C_M_AXI_AWUSER_WIDTH1_C_M_AXI_ARUSER_WIDTH1_C_M_AXI_WUSER_WIDTH1_C_M_AXI_RUSER_WIDTH1_C_M_AXI_BUSER_WIDTH1_C_USER_VALUE0_C_PROT_VALUE0_C_CACHE_VALUE3_USER_DW64_USER_AW64_USER_MAXREQS7_USER_RFIFONUM_WIDTH9_184
gmem1_m_axi_U/clk_gate_load_unit_buff_rdata_genblk1_U_fifo_mem_mem_reg_141_       3.9900     0.0      0.0000       3.9900 0.0000 SNPS_CLOCK_GATE_HIGH_tinytpu_isa_gmem1_m_axi_CONSERVATIVE1_NUM_READ_OUTSTANDING16_NUM_WRITE_OUTSTANDING16_MAX_READ_BURST_LENGTH16_MAX_WRITE_BURST_LENGTH16_C_M_AXI_ID_WIDTH1_C_M_AXI_ADDR_WIDTH64_C_M_AXI_DATA_WIDTH64_C_M_AXI_AWUSER_WIDTH1_C_M_AXI_ARUSER_WIDTH1_C_M_AXI_WUSER_WIDTH1_C_M_AXI_RUSER_WIDTH1_C_M_AXI_BUSER_WIDTH1_C_USER_VALUE0_C_PROT_VALUE0_C_CACHE_VALUE3_USER_DW64_USER_AW64_USER_MAXREQS7_USER_RFIFONUM_WIDTH9_185
gmem1_m_axi_U/clk_gate_load_unit_buff_rdata_genblk1_U_fifo_mem_mem_reg_142_       3.9900     0.0      0.0000       3.9900 0.0000 SNPS_CLOCK_GATE_HIGH_tinytpu_isa_gmem1_m_axi_CONSERVATIVE1_NUM_READ_OUTSTANDING16_NUM_WRITE_OUTSTANDING16_MAX_READ_BURST_LENGTH16_MAX_WRITE_BURST_LENGTH16_C_M_AXI_ID_WIDTH1_C_M_AXI_ADDR_WIDTH64_C_M_AXI_DATA_WIDTH64_C_M_AXI_AWUSER_WIDTH1_C_M_AXI_ARUSER_WIDTH1_C_M_AXI_WUSER_WIDTH1_C_M_AXI_RUSER_WIDTH1_C_M_AXI_BUSER_WIDTH1_C_USER_VALUE0_C_PROT_VALUE0_C_CACHE_VALUE3_USER_DW64_USER_AW64_USER_MAXREQS7_USER_RFIFONUM_WIDTH9_186
gmem1_m_axi_U/clk_gate_load_unit_buff_rdata_genblk1_U_fifo_mem_mem_reg_143_       3.9900     0.0      0.0000       3.9900 0.0000 SNPS_CLOCK_GATE_HIGH_tinytpu_isa_gmem1_m_axi_CONSERVATIVE1_NUM_READ_OUTSTANDING16_NUM_WRITE_OUTSTANDING16_MAX_READ_BURST_LENGTH16_MAX_WRITE_BURST_LENGTH16_C_M_AXI_ID_WIDTH1_C_M_AXI_ADDR_WIDTH64_C_M_AXI_DATA_WIDTH64_C_M_AXI_AWUSER_WIDTH1_C_M_AXI_ARUSER_WIDTH1_C_M_AXI_WUSER_WIDTH1_C_M_AXI_RUSER_WIDTH1_C_M_AXI_BUSER_WIDTH1_C_USER_VALUE0_C_PROT_VALUE0_C_CACHE_VALUE3_USER_DW64_USER_AW64_USER_MAXREQS7_USER_RFIFONUM_WIDTH9_187
gmem1_m_axi_U/clk_gate_load_unit_buff_rdata_genblk1_U_fifo_mem_mem_reg_144_       3.9900     0.0      0.0000       3.9900 0.0000 SNPS_CLOCK_GATE_HIGH_tinytpu_isa_gmem1_m_axi_CONSERVATIVE1_NUM_READ_OUTSTANDING16_NUM_WRITE_OUTSTANDING16_MAX_READ_BURST_LENGTH16_MAX_WRITE_BURST_LENGTH16_C_M_AXI_ID_WIDTH1_C_M_AXI_ADDR_WIDTH64_C_M_AXI_DATA_WIDTH64_C_M_AXI_AWUSER_WIDTH1_C_M_AXI_ARUSER_WIDTH1_C_M_AXI_WUSER_WIDTH1_C_M_AXI_RUSER_WIDTH1_C_M_AXI_BUSER_WIDTH1_C_USER_VALUE0_C_PROT_VALUE0_C_CACHE_VALUE3_USER_DW64_USER_AW64_USER_MAXREQS7_USER_RFIFONUM_WIDTH9_188
gmem1_m_axi_U/clk_gate_load_unit_buff_rdata_genblk1_U_fifo_mem_mem_reg_145_       3.9900     0.0      0.0000       3.9900 0.0000 SNPS_CLOCK_GATE_HIGH_tinytpu_isa_gmem1_m_axi_CONSERVATIVE1_NUM_READ_OUTSTANDING16_NUM_WRITE_OUTSTANDING16_MAX_READ_BURST_LENGTH16_MAX_WRITE_BURST_LENGTH16_C_M_AXI_ID_WIDTH1_C_M_AXI_ADDR_WIDTH64_C_M_AXI_DATA_WIDTH64_C_M_AXI_AWUSER_WIDTH1_C_M_AXI_ARUSER_WIDTH1_C_M_AXI_WUSER_WIDTH1_C_M_AXI_RUSER_WIDTH1_C_M_AXI_BUSER_WIDTH1_C_USER_VALUE0_C_PROT_VALUE0_C_CACHE_VALUE3_USER_DW64_USER_AW64_USER_MAXREQS7_USER_RFIFONUM_WIDTH9_189
gmem1_m_axi_U/clk_gate_load_unit_buff_rdata_genblk1_U_fifo_mem_mem_reg_146_       3.9900     0.0      0.0000       3.9900 0.0000 SNPS_CLOCK_GATE_HIGH_tinytpu_isa_gmem1_m_axi_CONSERVATIVE1_NUM_READ_OUTSTANDING16_NUM_WRITE_OUTSTANDING16_MAX_READ_BURST_LENGTH16_MAX_WRITE_BURST_LENGTH16_C_M_AXI_ID_WIDTH1_C_M_AXI_ADDR_WIDTH64_C_M_AXI_DATA_WIDTH64_C_M_AXI_AWUSER_WIDTH1_C_M_AXI_ARUSER_WIDTH1_C_M_AXI_WUSER_WIDTH1_C_M_AXI_RUSER_WIDTH1_C_M_AXI_BUSER_WIDTH1_C_USER_VALUE0_C_PROT_VALUE0_C_CACHE_VALUE3_USER_DW64_USER_AW64_USER_MAXREQS7_USER_RFIFONUM_WIDTH9_190
gmem1_m_axi_U/clk_gate_load_unit_buff_rdata_genblk1_U_fifo_mem_mem_reg_147_       3.9900     0.0      0.0000       3.9900 0.0000 SNPS_CLOCK_GATE_HIGH_tinytpu_isa_gmem1_m_axi_CONSERVATIVE1_NUM_READ_OUTSTANDING16_NUM_WRITE_OUTSTANDING16_MAX_READ_BURST_LENGTH16_MAX_WRITE_BURST_LENGTH16_C_M_AXI_ID_WIDTH1_C_M_AXI_ADDR_WIDTH64_C_M_AXI_DATA_WIDTH64_C_M_AXI_AWUSER_WIDTH1_C_M_AXI_ARUSER_WIDTH1_C_M_AXI_WUSER_WIDTH1_C_M_AXI_RUSER_WIDTH1_C_M_AXI_BUSER_WIDTH1_C_USER_VALUE0_C_PROT_VALUE0_C_CACHE_VALUE3_USER_DW64_USER_AW64_USER_MAXREQS7_USER_RFIFONUM_WIDTH9_191
gmem1_m_axi_U/clk_gate_load_unit_buff_rdata_genblk1_U_fifo_mem_mem_reg_148_       3.9900     0.0      0.0000       3.9900 0.0000 SNPS_CLOCK_GATE_HIGH_tinytpu_isa_gmem1_m_axi_CONSERVATIVE1_NUM_READ_OUTSTANDING16_NUM_WRITE_OUTSTANDING16_MAX_READ_BURST_LENGTH16_MAX_WRITE_BURST_LENGTH16_C_M_AXI_ID_WIDTH1_C_M_AXI_ADDR_WIDTH64_C_M_AXI_DATA_WIDTH64_C_M_AXI_AWUSER_WIDTH1_C_M_AXI_ARUSER_WIDTH1_C_M_AXI_WUSER_WIDTH1_C_M_AXI_RUSER_WIDTH1_C_M_AXI_BUSER_WIDTH1_C_USER_VALUE0_C_PROT_VALUE0_C_CACHE_VALUE3_USER_DW64_USER_AW64_USER_MAXREQS7_USER_RFIFONUM_WIDTH9_192
gmem1_m_axi_U/clk_gate_load_unit_buff_rdata_genblk1_U_fifo_mem_mem_reg_149_       3.9900     0.0      0.0000       3.9900 0.0000 SNPS_CLOCK_GATE_HIGH_tinytpu_isa_gmem1_m_axi_CONSERVATIVE1_NUM_READ_OUTSTANDING16_NUM_WRITE_OUTSTANDING16_MAX_READ_BURST_LENGTH16_MAX_WRITE_BURST_LENGTH16_C_M_AXI_ID_WIDTH1_C_M_AXI_ADDR_WIDTH64_C_M_AXI_DATA_WIDTH64_C_M_AXI_AWUSER_WIDTH1_C_M_AXI_ARUSER_WIDTH1_C_M_AXI_WUSER_WIDTH1_C_M_AXI_RUSER_WIDTH1_C_M_AXI_BUSER_WIDTH1_C_USER_VALUE0_C_PROT_VALUE0_C_CACHE_VALUE3_USER_DW64_USER_AW64_USER_MAXREQS7_USER_RFIFONUM_WIDTH9_193
gmem1_m_axi_U/clk_gate_load_unit_buff_rdata_genblk1_U_fifo_mem_mem_reg_14_       3.9900     0.0      0.0000       3.9900 0.0000 SNPS_CLOCK_GATE_HIGH_tinytpu_isa_gmem1_m_axi_CONSERVATIVE1_NUM_READ_OUTSTANDING16_NUM_WRITE_OUTSTANDING16_MAX_READ_BURST_LENGTH16_MAX_WRITE_BURST_LENGTH16_C_M_AXI_ID_WIDTH1_C_M_AXI_ADDR_WIDTH64_C_M_AXI_DATA_WIDTH64_C_M_AXI_AWUSER_WIDTH1_C_M_AXI_ARUSER_WIDTH1_C_M_AXI_WUSER_WIDTH1_C_M_AXI_RUSER_WIDTH1_C_M_AXI_BUSER_WIDTH1_C_USER_VALUE0_C_PROT_VALUE0_C_CACHE_VALUE3_USER_DW64_USER_AW64_USER_MAXREQS7_USER_RFIFONUM_WIDTH9_58
gmem1_m_axi_U/clk_gate_load_unit_buff_rdata_genblk1_U_fifo_mem_mem_reg_150_       3.9900     0.0      0.0000       3.9900 0.0000 SNPS_CLOCK_GATE_HIGH_tinytpu_isa_gmem1_m_axi_CONSERVATIVE1_NUM_READ_OUTSTANDING16_NUM_WRITE_OUTSTANDING16_MAX_READ_BURST_LENGTH16_MAX_WRITE_BURST_LENGTH16_C_M_AXI_ID_WIDTH1_C_M_AXI_ADDR_WIDTH64_C_M_AXI_DATA_WIDTH64_C_M_AXI_AWUSER_WIDTH1_C_M_AXI_ARUSER_WIDTH1_C_M_AXI_WUSER_WIDTH1_C_M_AXI_RUSER_WIDTH1_C_M_AXI_BUSER_WIDTH1_C_USER_VALUE0_C_PROT_VALUE0_C_CACHE_VALUE3_USER_DW64_USER_AW64_USER_MAXREQS7_USER_RFIFONUM_WIDTH9_194
gmem1_m_axi_U/clk_gate_load_unit_buff_rdata_genblk1_U_fifo_mem_mem_reg_151_       3.9900     0.0      0.0000       3.9900 0.0000 SNPS_CLOCK_GATE_HIGH_tinytpu_isa_gmem1_m_axi_CONSERVATIVE1_NUM_READ_OUTSTANDING16_NUM_WRITE_OUTSTANDING16_MAX_READ_BURST_LENGTH16_MAX_WRITE_BURST_LENGTH16_C_M_AXI_ID_WIDTH1_C_M_AXI_ADDR_WIDTH64_C_M_AXI_DATA_WIDTH64_C_M_AXI_AWUSER_WIDTH1_C_M_AXI_ARUSER_WIDTH1_C_M_AXI_WUSER_WIDTH1_C_M_AXI_RUSER_WIDTH1_C_M_AXI_BUSER_WIDTH1_C_USER_VALUE0_C_PROT_VALUE0_C_CACHE_VALUE3_USER_DW64_USER_AW64_USER_MAXREQS7_USER_RFIFONUM_WIDTH9_195
gmem1_m_axi_U/clk_gate_load_unit_buff_rdata_genblk1_U_fifo_mem_mem_reg_152_       3.9900     0.0      0.0000       3.9900 0.0000 SNPS_CLOCK_GATE_HIGH_tinytpu_isa_gmem1_m_axi_CONSERVATIVE1_NUM_READ_OUTSTANDING16_NUM_WRITE_OUTSTANDING16_MAX_READ_BURST_LENGTH16_MAX_WRITE_BURST_LENGTH16_C_M_AXI_ID_WIDTH1_C_M_AXI_ADDR_WIDTH64_C_M_AXI_DATA_WIDTH64_C_M_AXI_AWUSER_WIDTH1_C_M_AXI_ARUSER_WIDTH1_C_M_AXI_WUSER_WIDTH1_C_M_AXI_RUSER_WIDTH1_C_M_AXI_BUSER_WIDTH1_C_USER_VALUE0_C_PROT_VALUE0_C_CACHE_VALUE3_USER_DW64_USER_AW64_USER_MAXREQS7_USER_RFIFONUM_WIDTH9_196
gmem1_m_axi_U/clk_gate_load_unit_buff_rdata_genblk1_U_fifo_mem_mem_reg_153_       3.9900     0.0      0.0000       3.9900 0.0000 SNPS_CLOCK_GATE_HIGH_tinytpu_isa_gmem1_m_axi_CONSERVATIVE1_NUM_READ_OUTSTANDING16_NUM_WRITE_OUTSTANDING16_MAX_READ_BURST_LENGTH16_MAX_WRITE_BURST_LENGTH16_C_M_AXI_ID_WIDTH1_C_M_AXI_ADDR_WIDTH64_C_M_AXI_DATA_WIDTH64_C_M_AXI_AWUSER_WIDTH1_C_M_AXI_ARUSER_WIDTH1_C_M_AXI_WUSER_WIDTH1_C_M_AXI_RUSER_WIDTH1_C_M_AXI_BUSER_WIDTH1_C_USER_VALUE0_C_PROT_VALUE0_C_CACHE_VALUE3_USER_DW64_USER_AW64_USER_MAXREQS7_USER_RFIFONUM_WIDTH9_197
gmem1_m_axi_U/clk_gate_load_unit_buff_rdata_genblk1_U_fifo_mem_mem_reg_154_       3.9900     0.0      0.0000       3.9900 0.0000 SNPS_CLOCK_GATE_HIGH_tinytpu_isa_gmem1_m_axi_CONSERVATIVE1_NUM_READ_OUTSTANDING16_NUM_WRITE_OUTSTANDING16_MAX_READ_BURST_LENGTH16_MAX_WRITE_BURST_LENGTH16_C_M_AXI_ID_WIDTH1_C_M_AXI_ADDR_WIDTH64_C_M_AXI_DATA_WIDTH64_C_M_AXI_AWUSER_WIDTH1_C_M_AXI_ARUSER_WIDTH1_C_M_AXI_WUSER_WIDTH1_C_M_AXI_RUSER_WIDTH1_C_M_AXI_BUSER_WIDTH1_C_USER_VALUE0_C_PROT_VALUE0_C_CACHE_VALUE3_USER_DW64_USER_AW64_USER_MAXREQS7_USER_RFIFONUM_WIDTH9_198
gmem1_m_axi_U/clk_gate_load_unit_buff_rdata_genblk1_U_fifo_mem_mem_reg_155_       3.9900     0.0      0.0000       3.9900 0.0000 SNPS_CLOCK_GATE_HIGH_tinytpu_isa_gmem1_m_axi_CONSERVATIVE1_NUM_READ_OUTSTANDING16_NUM_WRITE_OUTSTANDING16_MAX_READ_BURST_LENGTH16_MAX_WRITE_BURST_LENGTH16_C_M_AXI_ID_WIDTH1_C_M_AXI_ADDR_WIDTH64_C_M_AXI_DATA_WIDTH64_C_M_AXI_AWUSER_WIDTH1_C_M_AXI_ARUSER_WIDTH1_C_M_AXI_WUSER_WIDTH1_C_M_AXI_RUSER_WIDTH1_C_M_AXI_BUSER_WIDTH1_C_USER_VALUE0_C_PROT_VALUE0_C_CACHE_VALUE3_USER_DW64_USER_AW64_USER_MAXREQS7_USER_RFIFONUM_WIDTH9_199
gmem1_m_axi_U/clk_gate_load_unit_buff_rdata_genblk1_U_fifo_mem_mem_reg_156_       3.9900     0.0      0.0000       3.9900 0.0000 SNPS_CLOCK_GATE_HIGH_tinytpu_isa_gmem1_m_axi_CONSERVATIVE1_NUM_READ_OUTSTANDING16_NUM_WRITE_OUTSTANDING16_MAX_READ_BURST_LENGTH16_MAX_WRITE_BURST_LENGTH16_C_M_AXI_ID_WIDTH1_C_M_AXI_ADDR_WIDTH64_C_M_AXI_DATA_WIDTH64_C_M_AXI_AWUSER_WIDTH1_C_M_AXI_ARUSER_WIDTH1_C_M_AXI_WUSER_WIDTH1_C_M_AXI_RUSER_WIDTH1_C_M_AXI_BUSER_WIDTH1_C_USER_VALUE0_C_PROT_VALUE0_C_CACHE_VALUE3_USER_DW64_USER_AW64_USER_MAXREQS7_USER_RFIFONUM_WIDTH9_200
gmem1_m_axi_U/clk_gate_load_unit_buff_rdata_genblk1_U_fifo_mem_mem_reg_157_       3.9900     0.0      0.0000       3.9900 0.0000 SNPS_CLOCK_GATE_HIGH_tinytpu_isa_gmem1_m_axi_CONSERVATIVE1_NUM_READ_OUTSTANDING16_NUM_WRITE_OUTSTANDING16_MAX_READ_BURST_LENGTH16_MAX_WRITE_BURST_LENGTH16_C_M_AXI_ID_WIDTH1_C_M_AXI_ADDR_WIDTH64_C_M_AXI_DATA_WIDTH64_C_M_AXI_AWUSER_WIDTH1_C_M_AXI_ARUSER_WIDTH1_C_M_AXI_WUSER_WIDTH1_C_M_AXI_RUSER_WIDTH1_C_M_AXI_BUSER_WIDTH1_C_USER_VALUE0_C_PROT_VALUE0_C_CACHE_VALUE3_USER_DW64_USER_AW64_USER_MAXREQS7_USER_RFIFONUM_WIDTH9_201
gmem1_m_axi_U/clk_gate_load_unit_buff_rdata_genblk1_U_fifo_mem_mem_reg_158_       3.9900     0.0      0.0000       3.9900 0.0000 SNPS_CLOCK_GATE_HIGH_tinytpu_isa_gmem1_m_axi_CONSERVATIVE1_NUM_READ_OUTSTANDING16_NUM_WRITE_OUTSTANDING16_MAX_READ_BURST_LENGTH16_MAX_WRITE_BURST_LENGTH16_C_M_AXI_ID_WIDTH1_C_M_AXI_ADDR_WIDTH64_C_M_AXI_DATA_WIDTH64_C_M_AXI_AWUSER_WIDTH1_C_M_AXI_ARUSER_WIDTH1_C_M_AXI_WUSER_WIDTH1_C_M_AXI_RUSER_WIDTH1_C_M_AXI_BUSER_WIDTH1_C_USER_VALUE0_C_PROT_VALUE0_C_CACHE_VALUE3_USER_DW64_USER_AW64_USER_MAXREQS7_USER_RFIFONUM_WIDTH9_202
gmem1_m_axi_U/clk_gate_load_unit_buff_rdata_genblk1_U_fifo_mem_mem_reg_159_       3.9900     0.0      0.0000       3.9900 0.0000 SNPS_CLOCK_GATE_HIGH_tinytpu_isa_gmem1_m_axi_CONSERVATIVE1_NUM_READ_OUTSTANDING16_NUM_WRITE_OUTSTANDING16_MAX_READ_BURST_LENGTH16_MAX_WRITE_BURST_LENGTH16_C_M_AXI_ID_WIDTH1_C_M_AXI_ADDR_WIDTH64_C_M_AXI_DATA_WIDTH64_C_M_AXI_AWUSER_WIDTH1_C_M_AXI_ARUSER_WIDTH1_C_M_AXI_WUSER_WIDTH1_C_M_AXI_RUSER_WIDTH1_C_M_AXI_BUSER_WIDTH1_C_USER_VALUE0_C_PROT_VALUE0_C_CACHE_VALUE3_USER_DW64_USER_AW64_USER_MAXREQS7_USER_RFIFONUM_WIDTH9_203
gmem1_m_axi_U/clk_gate_load_unit_buff_rdata_genblk1_U_fifo_mem_mem_reg_15_       3.9900     0.0      0.0000       3.9900 0.0000 SNPS_CLOCK_GATE_HIGH_tinytpu_isa_gmem1_m_axi_CONSERVATIVE1_NUM_READ_OUTSTANDING16_NUM_WRITE_OUTSTANDING16_MAX_READ_BURST_LENGTH16_MAX_WRITE_BURST_LENGTH16_C_M_AXI_ID_WIDTH1_C_M_AXI_ADDR_WIDTH64_C_M_AXI_DATA_WIDTH64_C_M_AXI_AWUSER_WIDTH1_C_M_AXI_ARUSER_WIDTH1_C_M_AXI_WUSER_WIDTH1_C_M_AXI_RUSER_WIDTH1_C_M_AXI_BUSER_WIDTH1_C_USER_VALUE0_C_PROT_VALUE0_C_CACHE_VALUE3_USER_DW64_USER_AW64_USER_MAXREQS7_USER_RFIFONUM_WIDTH9_59
gmem1_m_axi_U/clk_gate_load_unit_buff_rdata_genblk1_U_fifo_mem_mem_reg_160_       3.9900     0.0      0.0000       3.9900 0.0000 SNPS_CLOCK_GATE_HIGH_tinytpu_isa_gmem1_m_axi_CONSERVATIVE1_NUM_READ_OUTSTANDING16_NUM_WRITE_OUTSTANDING16_MAX_READ_BURST_LENGTH16_MAX_WRITE_BURST_LENGTH16_C_M_AXI_ID_WIDTH1_C_M_AXI_ADDR_WIDTH64_C_M_AXI_DATA_WIDTH64_C_M_AXI_AWUSER_WIDTH1_C_M_AXI_ARUSER_WIDTH1_C_M_AXI_WUSER_WIDTH1_C_M_AXI_RUSER_WIDTH1_C_M_AXI_BUSER_WIDTH1_C_USER_VALUE0_C_PROT_VALUE0_C_CACHE_VALUE3_USER_DW64_USER_AW64_USER_MAXREQS7_USER_RFIFONUM_WIDTH9_204
gmem1_m_axi_U/clk_gate_load_unit_buff_rdata_genblk1_U_fifo_mem_mem_reg_161_       3.9900     0.0      0.0000       3.9900 0.0000 SNPS_CLOCK_GATE_HIGH_tinytpu_isa_gmem1_m_axi_CONSERVATIVE1_NUM_READ_OUTSTANDING16_NUM_WRITE_OUTSTANDING16_MAX_READ_BURST_LENGTH16_MAX_WRITE_BURST_LENGTH16_C_M_AXI_ID_WIDTH1_C_M_AXI_ADDR_WIDTH64_C_M_AXI_DATA_WIDTH64_C_M_AXI_AWUSER_WIDTH1_C_M_AXI_ARUSER_WIDTH1_C_M_AXI_WUSER_WIDTH1_C_M_AXI_RUSER_WIDTH1_C_M_AXI_BUSER_WIDTH1_C_USER_VALUE0_C_PROT_VALUE0_C_CACHE_VALUE3_USER_DW64_USER_AW64_USER_MAXREQS7_USER_RFIFONUM_WIDTH9_205
gmem1_m_axi_U/clk_gate_load_unit_buff_rdata_genblk1_U_fifo_mem_mem_reg_162_       3.9900     0.0      0.0000       3.9900 0.0000 SNPS_CLOCK_GATE_HIGH_tinytpu_isa_gmem1_m_axi_CONSERVATIVE1_NUM_READ_OUTSTANDING16_NUM_WRITE_OUTSTANDING16_MAX_READ_BURST_LENGTH16_MAX_WRITE_BURST_LENGTH16_C_M_AXI_ID_WIDTH1_C_M_AXI_ADDR_WIDTH64_C_M_AXI_DATA_WIDTH64_C_M_AXI_AWUSER_WIDTH1_C_M_AXI_ARUSER_WIDTH1_C_M_AXI_WUSER_WIDTH1_C_M_AXI_RUSER_WIDTH1_C_M_AXI_BUSER_WIDTH1_C_USER_VALUE0_C_PROT_VALUE0_C_CACHE_VALUE3_USER_DW64_USER_AW64_USER_MAXREQS7_USER_RFIFONUM_WIDTH9_206
gmem1_m_axi_U/clk_gate_load_unit_buff_rdata_genblk1_U_fifo_mem_mem_reg_163_       3.9900     0.0      0.0000       3.9900 0.0000 SNPS_CLOCK_GATE_HIGH_tinytpu_isa_gmem1_m_axi_CONSERVATIVE1_NUM_READ_OUTSTANDING16_NUM_WRITE_OUTSTANDING16_MAX_READ_BURST_LENGTH16_MAX_WRITE_BURST_LENGTH16_C_M_AXI_ID_WIDTH1_C_M_AXI_ADDR_WIDTH64_C_M_AXI_DATA_WIDTH64_C_M_AXI_AWUSER_WIDTH1_C_M_AXI_ARUSER_WIDTH1_C_M_AXI_WUSER_WIDTH1_C_M_AXI_RUSER_WIDTH1_C_M_AXI_BUSER_WIDTH1_C_USER_VALUE0_C_PROT_VALUE0_C_CACHE_VALUE3_USER_DW64_USER_AW64_USER_MAXREQS7_USER_RFIFONUM_WIDTH9_207
gmem1_m_axi_U/clk_gate_load_unit_buff_rdata_genblk1_U_fifo_mem_mem_reg_164_       3.9900     0.0      0.0000       3.9900 0.0000 SNPS_CLOCK_GATE_HIGH_tinytpu_isa_gmem1_m_axi_CONSERVATIVE1_NUM_READ_OUTSTANDING16_NUM_WRITE_OUTSTANDING16_MAX_READ_BURST_LENGTH16_MAX_WRITE_BURST_LENGTH16_C_M_AXI_ID_WIDTH1_C_M_AXI_ADDR_WIDTH64_C_M_AXI_DATA_WIDTH64_C_M_AXI_AWUSER_WIDTH1_C_M_AXI_ARUSER_WIDTH1_C_M_AXI_WUSER_WIDTH1_C_M_AXI_RUSER_WIDTH1_C_M_AXI_BUSER_WIDTH1_C_USER_VALUE0_C_PROT_VALUE0_C_CACHE_VALUE3_USER_DW64_USER_AW64_USER_MAXREQS7_USER_RFIFONUM_WIDTH9_208
gmem1_m_axi_U/clk_gate_load_unit_buff_rdata_genblk1_U_fifo_mem_mem_reg_165_       3.9900     0.0      0.0000       3.9900 0.0000 SNPS_CLOCK_GATE_HIGH_tinytpu_isa_gmem1_m_axi_CONSERVATIVE1_NUM_READ_OUTSTANDING16_NUM_WRITE_OUTSTANDING16_MAX_READ_BURST_LENGTH16_MAX_WRITE_BURST_LENGTH16_C_M_AXI_ID_WIDTH1_C_M_AXI_ADDR_WIDTH64_C_M_AXI_DATA_WIDTH64_C_M_AXI_AWUSER_WIDTH1_C_M_AXI_ARUSER_WIDTH1_C_M_AXI_WUSER_WIDTH1_C_M_AXI_RUSER_WIDTH1_C_M_AXI_BUSER_WIDTH1_C_USER_VALUE0_C_PROT_VALUE0_C_CACHE_VALUE3_USER_DW64_USER_AW64_USER_MAXREQS7_USER_RFIFONUM_WIDTH9_209
gmem1_m_axi_U/clk_gate_load_unit_buff_rdata_genblk1_U_fifo_mem_mem_reg_166_       3.9900     0.0      0.0000       3.9900 0.0000 SNPS_CLOCK_GATE_HIGH_tinytpu_isa_gmem1_m_axi_CONSERVATIVE1_NUM_READ_OUTSTANDING16_NUM_WRITE_OUTSTANDING16_MAX_READ_BURST_LENGTH16_MAX_WRITE_BURST_LENGTH16_C_M_AXI_ID_WIDTH1_C_M_AXI_ADDR_WIDTH64_C_M_AXI_DATA_WIDTH64_C_M_AXI_AWUSER_WIDTH1_C_M_AXI_ARUSER_WIDTH1_C_M_AXI_WUSER_WIDTH1_C_M_AXI_RUSER_WIDTH1_C_M_AXI_BUSER_WIDTH1_C_USER_VALUE0_C_PROT_VALUE0_C_CACHE_VALUE3_USER_DW64_USER_AW64_USER_MAXREQS7_USER_RFIFONUM_WIDTH9_210
gmem1_m_axi_U/clk_gate_load_unit_buff_rdata_genblk1_U_fifo_mem_mem_reg_167_       3.9900     0.0      0.0000       3.9900 0.0000 SNPS_CLOCK_GATE_HIGH_tinytpu_isa_gmem1_m_axi_CONSERVATIVE1_NUM_READ_OUTSTANDING16_NUM_WRITE_OUTSTANDING16_MAX_READ_BURST_LENGTH16_MAX_WRITE_BURST_LENGTH16_C_M_AXI_ID_WIDTH1_C_M_AXI_ADDR_WIDTH64_C_M_AXI_DATA_WIDTH64_C_M_AXI_AWUSER_WIDTH1_C_M_AXI_ARUSER_WIDTH1_C_M_AXI_WUSER_WIDTH1_C_M_AXI_RUSER_WIDTH1_C_M_AXI_BUSER_WIDTH1_C_USER_VALUE0_C_PROT_VALUE0_C_CACHE_VALUE3_USER_DW64_USER_AW64_USER_MAXREQS7_USER_RFIFONUM_WIDTH9_211
gmem1_m_axi_U/clk_gate_load_unit_buff_rdata_genblk1_U_fifo_mem_mem_reg_168_       3.9900     0.0      0.0000       3.9900 0.0000 SNPS_CLOCK_GATE_HIGH_tinytpu_isa_gmem1_m_axi_CONSERVATIVE1_NUM_READ_OUTSTANDING16_NUM_WRITE_OUTSTANDING16_MAX_READ_BURST_LENGTH16_MAX_WRITE_BURST_LENGTH16_C_M_AXI_ID_WIDTH1_C_M_AXI_ADDR_WIDTH64_C_M_AXI_DATA_WIDTH64_C_M_AXI_AWUSER_WIDTH1_C_M_AXI_ARUSER_WIDTH1_C_M_AXI_WUSER_WIDTH1_C_M_AXI_RUSER_WIDTH1_C_M_AXI_BUSER_WIDTH1_C_USER_VALUE0_C_PROT_VALUE0_C_CACHE_VALUE3_USER_DW64_USER_AW64_USER_MAXREQS7_USER_RFIFONUM_WIDTH9_212
gmem1_m_axi_U/clk_gate_load_unit_buff_rdata_genblk1_U_fifo_mem_mem_reg_169_       3.9900     0.0      0.0000       3.9900 0.0000 SNPS_CLOCK_GATE_HIGH_tinytpu_isa_gmem1_m_axi_CONSERVATIVE1_NUM_READ_OUTSTANDING16_NUM_WRITE_OUTSTANDING16_MAX_READ_BURST_LENGTH16_MAX_WRITE_BURST_LENGTH16_C_M_AXI_ID_WIDTH1_C_M_AXI_ADDR_WIDTH64_C_M_AXI_DATA_WIDTH64_C_M_AXI_AWUSER_WIDTH1_C_M_AXI_ARUSER_WIDTH1_C_M_AXI_WUSER_WIDTH1_C_M_AXI_RUSER_WIDTH1_C_M_AXI_BUSER_WIDTH1_C_USER_VALUE0_C_PROT_VALUE0_C_CACHE_VALUE3_USER_DW64_USER_AW64_USER_MAXREQS7_USER_RFIFONUM_WIDTH9_213
gmem1_m_axi_U/clk_gate_load_unit_buff_rdata_genblk1_U_fifo_mem_mem_reg_16_       3.9900     0.0      0.0000       3.9900 0.0000 SNPS_CLOCK_GATE_HIGH_tinytpu_isa_gmem1_m_axi_CONSERVATIVE1_NUM_READ_OUTSTANDING16_NUM_WRITE_OUTSTANDING16_MAX_READ_BURST_LENGTH16_MAX_WRITE_BURST_LENGTH16_C_M_AXI_ID_WIDTH1_C_M_AXI_ADDR_WIDTH64_C_M_AXI_DATA_WIDTH64_C_M_AXI_AWUSER_WIDTH1_C_M_AXI_ARUSER_WIDTH1_C_M_AXI_WUSER_WIDTH1_C_M_AXI_RUSER_WIDTH1_C_M_AXI_BUSER_WIDTH1_C_USER_VALUE0_C_PROT_VALUE0_C_CACHE_VALUE3_USER_DW64_USER_AW64_USER_MAXREQS7_USER_RFIFONUM_WIDTH9_60
gmem1_m_axi_U/clk_gate_load_unit_buff_rdata_genblk1_U_fifo_mem_mem_reg_170_       3.9900     0.0      0.0000       3.9900 0.0000 SNPS_CLOCK_GATE_HIGH_tinytpu_isa_gmem1_m_axi_CONSERVATIVE1_NUM_READ_OUTSTANDING16_NUM_WRITE_OUTSTANDING16_MAX_READ_BURST_LENGTH16_MAX_WRITE_BURST_LENGTH16_C_M_AXI_ID_WIDTH1_C_M_AXI_ADDR_WIDTH64_C_M_AXI_DATA_WIDTH64_C_M_AXI_AWUSER_WIDTH1_C_M_AXI_ARUSER_WIDTH1_C_M_AXI_WUSER_WIDTH1_C_M_AXI_RUSER_WIDTH1_C_M_AXI_BUSER_WIDTH1_C_USER_VALUE0_C_PROT_VALUE0_C_CACHE_VALUE3_USER_DW64_USER_AW64_USER_MAXREQS7_USER_RFIFONUM_WIDTH9_214
gmem1_m_axi_U/clk_gate_load_unit_buff_rdata_genblk1_U_fifo_mem_mem_reg_171_       3.9900     0.0      0.0000       3.9900 0.0000 SNPS_CLOCK_GATE_HIGH_tinytpu_isa_gmem1_m_axi_CONSERVATIVE1_NUM_READ_OUTSTANDING16_NUM_WRITE_OUTSTANDING16_MAX_READ_BURST_LENGTH16_MAX_WRITE_BURST_LENGTH16_C_M_AXI_ID_WIDTH1_C_M_AXI_ADDR_WIDTH64_C_M_AXI_DATA_WIDTH64_C_M_AXI_AWUSER_WIDTH1_C_M_AXI_ARUSER_WIDTH1_C_M_AXI_WUSER_WIDTH1_C_M_AXI_RUSER_WIDTH1_C_M_AXI_BUSER_WIDTH1_C_USER_VALUE0_C_PROT_VALUE0_C_CACHE_VALUE3_USER_DW64_USER_AW64_USER_MAXREQS7_USER_RFIFONUM_WIDTH9_215
gmem1_m_axi_U/clk_gate_load_unit_buff_rdata_genblk1_U_fifo_mem_mem_reg_172_       3.9900     0.0      0.0000       3.9900 0.0000 SNPS_CLOCK_GATE_HIGH_tinytpu_isa_gmem1_m_axi_CONSERVATIVE1_NUM_READ_OUTSTANDING16_NUM_WRITE_OUTSTANDING16_MAX_READ_BURST_LENGTH16_MAX_WRITE_BURST_LENGTH16_C_M_AXI_ID_WIDTH1_C_M_AXI_ADDR_WIDTH64_C_M_AXI_DATA_WIDTH64_C_M_AXI_AWUSER_WIDTH1_C_M_AXI_ARUSER_WIDTH1_C_M_AXI_WUSER_WIDTH1_C_M_AXI_RUSER_WIDTH1_C_M_AXI_BUSER_WIDTH1_C_USER_VALUE0_C_PROT_VALUE0_C_CACHE_VALUE3_USER_DW64_USER_AW64_USER_MAXREQS7_USER_RFIFONUM_WIDTH9_216
gmem1_m_axi_U/clk_gate_load_unit_buff_rdata_genblk1_U_fifo_mem_mem_reg_173_       3.9900     0.0      0.0000       3.9900 0.0000 SNPS_CLOCK_GATE_HIGH_tinytpu_isa_gmem1_m_axi_CONSERVATIVE1_NUM_READ_OUTSTANDING16_NUM_WRITE_OUTSTANDING16_MAX_READ_BURST_LENGTH16_MAX_WRITE_BURST_LENGTH16_C_M_AXI_ID_WIDTH1_C_M_AXI_ADDR_WIDTH64_C_M_AXI_DATA_WIDTH64_C_M_AXI_AWUSER_WIDTH1_C_M_AXI_ARUSER_WIDTH1_C_M_AXI_WUSER_WIDTH1_C_M_AXI_RUSER_WIDTH1_C_M_AXI_BUSER_WIDTH1_C_USER_VALUE0_C_PROT_VALUE0_C_CACHE_VALUE3_USER_DW64_USER_AW64_USER_MAXREQS7_USER_RFIFONUM_WIDTH9_217
gmem1_m_axi_U/clk_gate_load_unit_buff_rdata_genblk1_U_fifo_mem_mem_reg_174_       3.9900     0.0      0.0000       3.9900 0.0000 SNPS_CLOCK_GATE_HIGH_tinytpu_isa_gmem1_m_axi_CONSERVATIVE1_NUM_READ_OUTSTANDING16_NUM_WRITE_OUTSTANDING16_MAX_READ_BURST_LENGTH16_MAX_WRITE_BURST_LENGTH16_C_M_AXI_ID_WIDTH1_C_M_AXI_ADDR_WIDTH64_C_M_AXI_DATA_WIDTH64_C_M_AXI_AWUSER_WIDTH1_C_M_AXI_ARUSER_WIDTH1_C_M_AXI_WUSER_WIDTH1_C_M_AXI_RUSER_WIDTH1_C_M_AXI_BUSER_WIDTH1_C_USER_VALUE0_C_PROT_VALUE0_C_CACHE_VALUE3_USER_DW64_USER_AW64_USER_MAXREQS7_USER_RFIFONUM_WIDTH9_218
gmem1_m_axi_U/clk_gate_load_unit_buff_rdata_genblk1_U_fifo_mem_mem_reg_175_       3.9900     0.0      0.0000       3.9900 0.0000 SNPS_CLOCK_GATE_HIGH_tinytpu_isa_gmem1_m_axi_CONSERVATIVE1_NUM_READ_OUTSTANDING16_NUM_WRITE_OUTSTANDING16_MAX_READ_BURST_LENGTH16_MAX_WRITE_BURST_LENGTH16_C_M_AXI_ID_WIDTH1_C_M_AXI_ADDR_WIDTH64_C_M_AXI_DATA_WIDTH64_C_M_AXI_AWUSER_WIDTH1_C_M_AXI_ARUSER_WIDTH1_C_M_AXI_WUSER_WIDTH1_C_M_AXI_RUSER_WIDTH1_C_M_AXI_BUSER_WIDTH1_C_USER_VALUE0_C_PROT_VALUE0_C_CACHE_VALUE3_USER_DW64_USER_AW64_USER_MAXREQS7_USER_RFIFONUM_WIDTH9_219
gmem1_m_axi_U/clk_gate_load_unit_buff_rdata_genblk1_U_fifo_mem_mem_reg_176_       3.9900     0.0      0.0000       3.9900 0.0000 SNPS_CLOCK_GATE_HIGH_tinytpu_isa_gmem1_m_axi_CONSERVATIVE1_NUM_READ_OUTSTANDING16_NUM_WRITE_OUTSTANDING16_MAX_READ_BURST_LENGTH16_MAX_WRITE_BURST_LENGTH16_C_M_AXI_ID_WIDTH1_C_M_AXI_ADDR_WIDTH64_C_M_AXI_DATA_WIDTH64_C_M_AXI_AWUSER_WIDTH1_C_M_AXI_ARUSER_WIDTH1_C_M_AXI_WUSER_WIDTH1_C_M_AXI_RUSER_WIDTH1_C_M_AXI_BUSER_WIDTH1_C_USER_VALUE0_C_PROT_VALUE0_C_CACHE_VALUE3_USER_DW64_USER_AW64_USER_MAXREQS7_USER_RFIFONUM_WIDTH9_220
gmem1_m_axi_U/clk_gate_load_unit_buff_rdata_genblk1_U_fifo_mem_mem_reg_177_       3.9900     0.0      0.0000       3.9900 0.0000 SNPS_CLOCK_GATE_HIGH_tinytpu_isa_gmem1_m_axi_CONSERVATIVE1_NUM_READ_OUTSTANDING16_NUM_WRITE_OUTSTANDING16_MAX_READ_BURST_LENGTH16_MAX_WRITE_BURST_LENGTH16_C_M_AXI_ID_WIDTH1_C_M_AXI_ADDR_WIDTH64_C_M_AXI_DATA_WIDTH64_C_M_AXI_AWUSER_WIDTH1_C_M_AXI_ARUSER_WIDTH1_C_M_AXI_WUSER_WIDTH1_C_M_AXI_RUSER_WIDTH1_C_M_AXI_BUSER_WIDTH1_C_USER_VALUE0_C_PROT_VALUE0_C_CACHE_VALUE3_USER_DW64_USER_AW64_USER_MAXREQS7_USER_RFIFONUM_WIDTH9_221
gmem1_m_axi_U/clk_gate_load_unit_buff_rdata_genblk1_U_fifo_mem_mem_reg_178_       3.9900     0.0      0.0000       3.9900 0.0000 SNPS_CLOCK_GATE_HIGH_tinytpu_isa_gmem1_m_axi_CONSERVATIVE1_NUM_READ_OUTSTANDING16_NUM_WRITE_OUTSTANDING16_MAX_READ_BURST_LENGTH16_MAX_WRITE_BURST_LENGTH16_C_M_AXI_ID_WIDTH1_C_M_AXI_ADDR_WIDTH64_C_M_AXI_DATA_WIDTH64_C_M_AXI_AWUSER_WIDTH1_C_M_AXI_ARUSER_WIDTH1_C_M_AXI_WUSER_WIDTH1_C_M_AXI_RUSER_WIDTH1_C_M_AXI_BUSER_WIDTH1_C_USER_VALUE0_C_PROT_VALUE0_C_CACHE_VALUE3_USER_DW64_USER_AW64_USER_MAXREQS7_USER_RFIFONUM_WIDTH9_222
gmem1_m_axi_U/clk_gate_load_unit_buff_rdata_genblk1_U_fifo_mem_mem_reg_179_       3.9900     0.0      0.0000       3.9900 0.0000 SNPS_CLOCK_GATE_HIGH_tinytpu_isa_gmem1_m_axi_CONSERVATIVE1_NUM_READ_OUTSTANDING16_NUM_WRITE_OUTSTANDING16_MAX_READ_BURST_LENGTH16_MAX_WRITE_BURST_LENGTH16_C_M_AXI_ID_WIDTH1_C_M_AXI_ADDR_WIDTH64_C_M_AXI_DATA_WIDTH64_C_M_AXI_AWUSER_WIDTH1_C_M_AXI_ARUSER_WIDTH1_C_M_AXI_WUSER_WIDTH1_C_M_AXI_RUSER_WIDTH1_C_M_AXI_BUSER_WIDTH1_C_USER_VALUE0_C_PROT_VALUE0_C_CACHE_VALUE3_USER_DW64_USER_AW64_USER_MAXREQS7_USER_RFIFONUM_WIDTH9_223
gmem1_m_axi_U/clk_gate_load_unit_buff_rdata_genblk1_U_fifo_mem_mem_reg_17_       3.9900     0.0      0.0000       3.9900 0.0000 SNPS_CLOCK_GATE_HIGH_tinytpu_isa_gmem1_m_axi_CONSERVATIVE1_NUM_READ_OUTSTANDING16_NUM_WRITE_OUTSTANDING16_MAX_READ_BURST_LENGTH16_MAX_WRITE_BURST_LENGTH16_C_M_AXI_ID_WIDTH1_C_M_AXI_ADDR_WIDTH64_C_M_AXI_DATA_WIDTH64_C_M_AXI_AWUSER_WIDTH1_C_M_AXI_ARUSER_WIDTH1_C_M_AXI_WUSER_WIDTH1_C_M_AXI_RUSER_WIDTH1_C_M_AXI_BUSER_WIDTH1_C_USER_VALUE0_C_PROT_VALUE0_C_CACHE_VALUE3_USER_DW64_USER_AW64_USER_MAXREQS7_USER_RFIFONUM_WIDTH9_61
gmem1_m_axi_U/clk_gate_load_unit_buff_rdata_genblk1_U_fifo_mem_mem_reg_180_       3.9900     0.0      0.0000       3.9900 0.0000 SNPS_CLOCK_GATE_HIGH_tinytpu_isa_gmem1_m_axi_CONSERVATIVE1_NUM_READ_OUTSTANDING16_NUM_WRITE_OUTSTANDING16_MAX_READ_BURST_LENGTH16_MAX_WRITE_BURST_LENGTH16_C_M_AXI_ID_WIDTH1_C_M_AXI_ADDR_WIDTH64_C_M_AXI_DATA_WIDTH64_C_M_AXI_AWUSER_WIDTH1_C_M_AXI_ARUSER_WIDTH1_C_M_AXI_WUSER_WIDTH1_C_M_AXI_RUSER_WIDTH1_C_M_AXI_BUSER_WIDTH1_C_USER_VALUE0_C_PROT_VALUE0_C_CACHE_VALUE3_USER_DW64_USER_AW64_USER_MAXREQS7_USER_RFIFONUM_WIDTH9_224
gmem1_m_axi_U/clk_gate_load_unit_buff_rdata_genblk1_U_fifo_mem_mem_reg_181_       3.9900     0.0      0.0000       3.9900 0.0000 SNPS_CLOCK_GATE_HIGH_tinytpu_isa_gmem1_m_axi_CONSERVATIVE1_NUM_READ_OUTSTANDING16_NUM_WRITE_OUTSTANDING16_MAX_READ_BURST_LENGTH16_MAX_WRITE_BURST_LENGTH16_C_M_AXI_ID_WIDTH1_C_M_AXI_ADDR_WIDTH64_C_M_AXI_DATA_WIDTH64_C_M_AXI_AWUSER_WIDTH1_C_M_AXI_ARUSER_WIDTH1_C_M_AXI_WUSER_WIDTH1_C_M_AXI_RUSER_WIDTH1_C_M_AXI_BUSER_WIDTH1_C_USER_VALUE0_C_PROT_VALUE0_C_CACHE_VALUE3_USER_DW64_USER_AW64_USER_MAXREQS7_USER_RFIFONUM_WIDTH9_225
gmem1_m_axi_U/clk_gate_load_unit_buff_rdata_genblk1_U_fifo_mem_mem_reg_182_       3.9900     0.0      0.0000       3.9900 0.0000 SNPS_CLOCK_GATE_HIGH_tinytpu_isa_gmem1_m_axi_CONSERVATIVE1_NUM_READ_OUTSTANDING16_NUM_WRITE_OUTSTANDING16_MAX_READ_BURST_LENGTH16_MAX_WRITE_BURST_LENGTH16_C_M_AXI_ID_WIDTH1_C_M_AXI_ADDR_WIDTH64_C_M_AXI_DATA_WIDTH64_C_M_AXI_AWUSER_WIDTH1_C_M_AXI_ARUSER_WIDTH1_C_M_AXI_WUSER_WIDTH1_C_M_AXI_RUSER_WIDTH1_C_M_AXI_BUSER_WIDTH1_C_USER_VALUE0_C_PROT_VALUE0_C_CACHE_VALUE3_USER_DW64_USER_AW64_USER_MAXREQS7_USER_RFIFONUM_WIDTH9_226
gmem1_m_axi_U/clk_gate_load_unit_buff_rdata_genblk1_U_fifo_mem_mem_reg_183_       3.9900     0.0      0.0000       3.9900 0.0000 SNPS_CLOCK_GATE_HIGH_tinytpu_isa_gmem1_m_axi_CONSERVATIVE1_NUM_READ_OUTSTANDING16_NUM_WRITE_OUTSTANDING16_MAX_READ_BURST_LENGTH16_MAX_WRITE_BURST_LENGTH16_C_M_AXI_ID_WIDTH1_C_M_AXI_ADDR_WIDTH64_C_M_AXI_DATA_WIDTH64_C_M_AXI_AWUSER_WIDTH1_C_M_AXI_ARUSER_WIDTH1_C_M_AXI_WUSER_WIDTH1_C_M_AXI_RUSER_WIDTH1_C_M_AXI_BUSER_WIDTH1_C_USER_VALUE0_C_PROT_VALUE0_C_CACHE_VALUE3_USER_DW64_USER_AW64_USER_MAXREQS7_USER_RFIFONUM_WIDTH9_227
gmem1_m_axi_U/clk_gate_load_unit_buff_rdata_genblk1_U_fifo_mem_mem_reg_184_       3.9900     0.0      0.0000       3.9900 0.0000 SNPS_CLOCK_GATE_HIGH_tinytpu_isa_gmem1_m_axi_CONSERVATIVE1_NUM_READ_OUTSTANDING16_NUM_WRITE_OUTSTANDING16_MAX_READ_BURST_LENGTH16_MAX_WRITE_BURST_LENGTH16_C_M_AXI_ID_WIDTH1_C_M_AXI_ADDR_WIDTH64_C_M_AXI_DATA_WIDTH64_C_M_AXI_AWUSER_WIDTH1_C_M_AXI_ARUSER_WIDTH1_C_M_AXI_WUSER_WIDTH1_C_M_AXI_RUSER_WIDTH1_C_M_AXI_BUSER_WIDTH1_C_USER_VALUE0_C_PROT_VALUE0_C_CACHE_VALUE3_USER_DW64_USER_AW64_USER_MAXREQS7_USER_RFIFONUM_WIDTH9_228
gmem1_m_axi_U/clk_gate_load_unit_buff_rdata_genblk1_U_fifo_mem_mem_reg_185_       3.9900     0.0      0.0000       3.9900 0.0000 SNPS_CLOCK_GATE_HIGH_tinytpu_isa_gmem1_m_axi_CONSERVATIVE1_NUM_READ_OUTSTANDING16_NUM_WRITE_OUTSTANDING16_MAX_READ_BURST_LENGTH16_MAX_WRITE_BURST_LENGTH16_C_M_AXI_ID_WIDTH1_C_M_AXI_ADDR_WIDTH64_C_M_AXI_DATA_WIDTH64_C_M_AXI_AWUSER_WIDTH1_C_M_AXI_ARUSER_WIDTH1_C_M_AXI_WUSER_WIDTH1_C_M_AXI_RUSER_WIDTH1_C_M_AXI_BUSER_WIDTH1_C_USER_VALUE0_C_PROT_VALUE0_C_CACHE_VALUE3_USER_DW64_USER_AW64_USER_MAXREQS7_USER_RFIFONUM_WIDTH9_229
gmem1_m_axi_U/clk_gate_load_unit_buff_rdata_genblk1_U_fifo_mem_mem_reg_186_       3.9900     0.0      0.0000       3.9900 0.0000 SNPS_CLOCK_GATE_HIGH_tinytpu_isa_gmem1_m_axi_CONSERVATIVE1_NUM_READ_OUTSTANDING16_NUM_WRITE_OUTSTANDING16_MAX_READ_BURST_LENGTH16_MAX_WRITE_BURST_LENGTH16_C_M_AXI_ID_WIDTH1_C_M_AXI_ADDR_WIDTH64_C_M_AXI_DATA_WIDTH64_C_M_AXI_AWUSER_WIDTH1_C_M_AXI_ARUSER_WIDTH1_C_M_AXI_WUSER_WIDTH1_C_M_AXI_RUSER_WIDTH1_C_M_AXI_BUSER_WIDTH1_C_USER_VALUE0_C_PROT_VALUE0_C_CACHE_VALUE3_USER_DW64_USER_AW64_USER_MAXREQS7_USER_RFIFONUM_WIDTH9_230
gmem1_m_axi_U/clk_gate_load_unit_buff_rdata_genblk1_U_fifo_mem_mem_reg_187_       3.9900     0.0      0.0000       3.9900 0.0000 SNPS_CLOCK_GATE_HIGH_tinytpu_isa_gmem1_m_axi_CONSERVATIVE1_NUM_READ_OUTSTANDING16_NUM_WRITE_OUTSTANDING16_MAX_READ_BURST_LENGTH16_MAX_WRITE_BURST_LENGTH16_C_M_AXI_ID_WIDTH1_C_M_AXI_ADDR_WIDTH64_C_M_AXI_DATA_WIDTH64_C_M_AXI_AWUSER_WIDTH1_C_M_AXI_ARUSER_WIDTH1_C_M_AXI_WUSER_WIDTH1_C_M_AXI_RUSER_WIDTH1_C_M_AXI_BUSER_WIDTH1_C_USER_VALUE0_C_PROT_VALUE0_C_CACHE_VALUE3_USER_DW64_USER_AW64_USER_MAXREQS7_USER_RFIFONUM_WIDTH9_231
gmem1_m_axi_U/clk_gate_load_unit_buff_rdata_genblk1_U_fifo_mem_mem_reg_188_       3.9900     0.0      0.0000       3.9900 0.0000 SNPS_CLOCK_GATE_HIGH_tinytpu_isa_gmem1_m_axi_CONSERVATIVE1_NUM_READ_OUTSTANDING16_NUM_WRITE_OUTSTANDING16_MAX_READ_BURST_LENGTH16_MAX_WRITE_BURST_LENGTH16_C_M_AXI_ID_WIDTH1_C_M_AXI_ADDR_WIDTH64_C_M_AXI_DATA_WIDTH64_C_M_AXI_AWUSER_WIDTH1_C_M_AXI_ARUSER_WIDTH1_C_M_AXI_WUSER_WIDTH1_C_M_AXI_RUSER_WIDTH1_C_M_AXI_BUSER_WIDTH1_C_USER_VALUE0_C_PROT_VALUE0_C_CACHE_VALUE3_USER_DW64_USER_AW64_USER_MAXREQS7_USER_RFIFONUM_WIDTH9_232
gmem1_m_axi_U/clk_gate_load_unit_buff_rdata_genblk1_U_fifo_mem_mem_reg_189_       3.9900     0.0      0.0000       3.9900 0.0000 SNPS_CLOCK_GATE_HIGH_tinytpu_isa_gmem1_m_axi_CONSERVATIVE1_NUM_READ_OUTSTANDING16_NUM_WRITE_OUTSTANDING16_MAX_READ_BURST_LENGTH16_MAX_WRITE_BURST_LENGTH16_C_M_AXI_ID_WIDTH1_C_M_AXI_ADDR_WIDTH64_C_M_AXI_DATA_WIDTH64_C_M_AXI_AWUSER_WIDTH1_C_M_AXI_ARUSER_WIDTH1_C_M_AXI_WUSER_WIDTH1_C_M_AXI_RUSER_WIDTH1_C_M_AXI_BUSER_WIDTH1_C_USER_VALUE0_C_PROT_VALUE0_C_CACHE_VALUE3_USER_DW64_USER_AW64_USER_MAXREQS7_USER_RFIFONUM_WIDTH9_233
gmem1_m_axi_U/clk_gate_load_unit_buff_rdata_genblk1_U_fifo_mem_mem_reg_18_       3.9900     0.0      0.0000       3.9900 0.0000 SNPS_CLOCK_GATE_HIGH_tinytpu_isa_gmem1_m_axi_CONSERVATIVE1_NUM_READ_OUTSTANDING16_NUM_WRITE_OUTSTANDING16_MAX_READ_BURST_LENGTH16_MAX_WRITE_BURST_LENGTH16_C_M_AXI_ID_WIDTH1_C_M_AXI_ADDR_WIDTH64_C_M_AXI_DATA_WIDTH64_C_M_AXI_AWUSER_WIDTH1_C_M_AXI_ARUSER_WIDTH1_C_M_AXI_WUSER_WIDTH1_C_M_AXI_RUSER_WIDTH1_C_M_AXI_BUSER_WIDTH1_C_USER_VALUE0_C_PROT_VALUE0_C_CACHE_VALUE3_USER_DW64_USER_AW64_USER_MAXREQS7_USER_RFIFONUM_WIDTH9_62
gmem1_m_axi_U/clk_gate_load_unit_buff_rdata_genblk1_U_fifo_mem_mem_reg_190_       3.9900     0.0      0.0000       3.9900 0.0000 SNPS_CLOCK_GATE_HIGH_tinytpu_isa_gmem1_m_axi_CONSERVATIVE1_NUM_READ_OUTSTANDING16_NUM_WRITE_OUTSTANDING16_MAX_READ_BURST_LENGTH16_MAX_WRITE_BURST_LENGTH16_C_M_AXI_ID_WIDTH1_C_M_AXI_ADDR_WIDTH64_C_M_AXI_DATA_WIDTH64_C_M_AXI_AWUSER_WIDTH1_C_M_AXI_ARUSER_WIDTH1_C_M_AXI_WUSER_WIDTH1_C_M_AXI_RUSER_WIDTH1_C_M_AXI_BUSER_WIDTH1_C_USER_VALUE0_C_PROT_VALUE0_C_CACHE_VALUE3_USER_DW64_USER_AW64_USER_MAXREQS7_USER_RFIFONUM_WIDTH9_234
gmem1_m_axi_U/clk_gate_load_unit_buff_rdata_genblk1_U_fifo_mem_mem_reg_191_       3.9900     0.0      0.0000       3.9900 0.0000 SNPS_CLOCK_GATE_HIGH_tinytpu_isa_gmem1_m_axi_CONSERVATIVE1_NUM_READ_OUTSTANDING16_NUM_WRITE_OUTSTANDING16_MAX_READ_BURST_LENGTH16_MAX_WRITE_BURST_LENGTH16_C_M_AXI_ID_WIDTH1_C_M_AXI_ADDR_WIDTH64_C_M_AXI_DATA_WIDTH64_C_M_AXI_AWUSER_WIDTH1_C_M_AXI_ARUSER_WIDTH1_C_M_AXI_WUSER_WIDTH1_C_M_AXI_RUSER_WIDTH1_C_M_AXI_BUSER_WIDTH1_C_USER_VALUE0_C_PROT_VALUE0_C_CACHE_VALUE3_USER_DW64_USER_AW64_USER_MAXREQS7_USER_RFIFONUM_WIDTH9_235
gmem1_m_axi_U/clk_gate_load_unit_buff_rdata_genblk1_U_fifo_mem_mem_reg_192_       3.9900     0.0      0.0000       3.9900 0.0000 SNPS_CLOCK_GATE_HIGH_tinytpu_isa_gmem1_m_axi_CONSERVATIVE1_NUM_READ_OUTSTANDING16_NUM_WRITE_OUTSTANDING16_MAX_READ_BURST_LENGTH16_MAX_WRITE_BURST_LENGTH16_C_M_AXI_ID_WIDTH1_C_M_AXI_ADDR_WIDTH64_C_M_AXI_DATA_WIDTH64_C_M_AXI_AWUSER_WIDTH1_C_M_AXI_ARUSER_WIDTH1_C_M_AXI_WUSER_WIDTH1_C_M_AXI_RUSER_WIDTH1_C_M_AXI_BUSER_WIDTH1_C_USER_VALUE0_C_PROT_VALUE0_C_CACHE_VALUE3_USER_DW64_USER_AW64_USER_MAXREQS7_USER_RFIFONUM_WIDTH9_236
gmem1_m_axi_U/clk_gate_load_unit_buff_rdata_genblk1_U_fifo_mem_mem_reg_193_       3.9900     0.0      0.0000       3.9900 0.0000 SNPS_CLOCK_GATE_HIGH_tinytpu_isa_gmem1_m_axi_CONSERVATIVE1_NUM_READ_OUTSTANDING16_NUM_WRITE_OUTSTANDING16_MAX_READ_BURST_LENGTH16_MAX_WRITE_BURST_LENGTH16_C_M_AXI_ID_WIDTH1_C_M_AXI_ADDR_WIDTH64_C_M_AXI_DATA_WIDTH64_C_M_AXI_AWUSER_WIDTH1_C_M_AXI_ARUSER_WIDTH1_C_M_AXI_WUSER_WIDTH1_C_M_AXI_RUSER_WIDTH1_C_M_AXI_BUSER_WIDTH1_C_USER_VALUE0_C_PROT_VALUE0_C_CACHE_VALUE3_USER_DW64_USER_AW64_USER_MAXREQS7_USER_RFIFONUM_WIDTH9_237
gmem1_m_axi_U/clk_gate_load_unit_buff_rdata_genblk1_U_fifo_mem_mem_reg_194_       3.9900     0.0      0.0000       3.9900 0.0000 SNPS_CLOCK_GATE_HIGH_tinytpu_isa_gmem1_m_axi_CONSERVATIVE1_NUM_READ_OUTSTANDING16_NUM_WRITE_OUTSTANDING16_MAX_READ_BURST_LENGTH16_MAX_WRITE_BURST_LENGTH16_C_M_AXI_ID_WIDTH1_C_M_AXI_ADDR_WIDTH64_C_M_AXI_DATA_WIDTH64_C_M_AXI_AWUSER_WIDTH1_C_M_AXI_ARUSER_WIDTH1_C_M_AXI_WUSER_WIDTH1_C_M_AXI_RUSER_WIDTH1_C_M_AXI_BUSER_WIDTH1_C_USER_VALUE0_C_PROT_VALUE0_C_CACHE_VALUE3_USER_DW64_USER_AW64_USER_MAXREQS7_USER_RFIFONUM_WIDTH9_238
gmem1_m_axi_U/clk_gate_load_unit_buff_rdata_genblk1_U_fifo_mem_mem_reg_195_       3.9900     0.0      0.0000       3.9900 0.0000 SNPS_CLOCK_GATE_HIGH_tinytpu_isa_gmem1_m_axi_CONSERVATIVE1_NUM_READ_OUTSTANDING16_NUM_WRITE_OUTSTANDING16_MAX_READ_BURST_LENGTH16_MAX_WRITE_BURST_LENGTH16_C_M_AXI_ID_WIDTH1_C_M_AXI_ADDR_WIDTH64_C_M_AXI_DATA_WIDTH64_C_M_AXI_AWUSER_WIDTH1_C_M_AXI_ARUSER_WIDTH1_C_M_AXI_WUSER_WIDTH1_C_M_AXI_RUSER_WIDTH1_C_M_AXI_BUSER_WIDTH1_C_USER_VALUE0_C_PROT_VALUE0_C_CACHE_VALUE3_USER_DW64_USER_AW64_USER_MAXREQS7_USER_RFIFONUM_WIDTH9_239
gmem1_m_axi_U/clk_gate_load_unit_buff_rdata_genblk1_U_fifo_mem_mem_reg_196_       3.9900     0.0      0.0000       3.9900 0.0000 SNPS_CLOCK_GATE_HIGH_tinytpu_isa_gmem1_m_axi_CONSERVATIVE1_NUM_READ_OUTSTANDING16_NUM_WRITE_OUTSTANDING16_MAX_READ_BURST_LENGTH16_MAX_WRITE_BURST_LENGTH16_C_M_AXI_ID_WIDTH1_C_M_AXI_ADDR_WIDTH64_C_M_AXI_DATA_WIDTH64_C_M_AXI_AWUSER_WIDTH1_C_M_AXI_ARUSER_WIDTH1_C_M_AXI_WUSER_WIDTH1_C_M_AXI_RUSER_WIDTH1_C_M_AXI_BUSER_WIDTH1_C_USER_VALUE0_C_PROT_VALUE0_C_CACHE_VALUE3_USER_DW64_USER_AW64_USER_MAXREQS7_USER_RFIFONUM_WIDTH9_240
gmem1_m_axi_U/clk_gate_load_unit_buff_rdata_genblk1_U_fifo_mem_mem_reg_197_       3.9900     0.0      0.0000       3.9900 0.0000 SNPS_CLOCK_GATE_HIGH_tinytpu_isa_gmem1_m_axi_CONSERVATIVE1_NUM_READ_OUTSTANDING16_NUM_WRITE_OUTSTANDING16_MAX_READ_BURST_LENGTH16_MAX_WRITE_BURST_LENGTH16_C_M_AXI_ID_WIDTH1_C_M_AXI_ADDR_WIDTH64_C_M_AXI_DATA_WIDTH64_C_M_AXI_AWUSER_WIDTH1_C_M_AXI_ARUSER_WIDTH1_C_M_AXI_WUSER_WIDTH1_C_M_AXI_RUSER_WIDTH1_C_M_AXI_BUSER_WIDTH1_C_USER_VALUE0_C_PROT_VALUE0_C_CACHE_VALUE3_USER_DW64_USER_AW64_USER_MAXREQS7_USER_RFIFONUM_WIDTH9_241
gmem1_m_axi_U/clk_gate_load_unit_buff_rdata_genblk1_U_fifo_mem_mem_reg_198_       3.9900     0.0      0.0000       3.9900 0.0000 SNPS_CLOCK_GATE_HIGH_tinytpu_isa_gmem1_m_axi_CONSERVATIVE1_NUM_READ_OUTSTANDING16_NUM_WRITE_OUTSTANDING16_MAX_READ_BURST_LENGTH16_MAX_WRITE_BURST_LENGTH16_C_M_AXI_ID_WIDTH1_C_M_AXI_ADDR_WIDTH64_C_M_AXI_DATA_WIDTH64_C_M_AXI_AWUSER_WIDTH1_C_M_AXI_ARUSER_WIDTH1_C_M_AXI_WUSER_WIDTH1_C_M_AXI_RUSER_WIDTH1_C_M_AXI_BUSER_WIDTH1_C_USER_VALUE0_C_PROT_VALUE0_C_CACHE_VALUE3_USER_DW64_USER_AW64_USER_MAXREQS7_USER_RFIFONUM_WIDTH9_242
gmem1_m_axi_U/clk_gate_load_unit_buff_rdata_genblk1_U_fifo_mem_mem_reg_199_       3.9900     0.0      0.0000       3.9900 0.0000 SNPS_CLOCK_GATE_HIGH_tinytpu_isa_gmem1_m_axi_CONSERVATIVE1_NUM_READ_OUTSTANDING16_NUM_WRITE_OUTSTANDING16_MAX_READ_BURST_LENGTH16_MAX_WRITE_BURST_LENGTH16_C_M_AXI_ID_WIDTH1_C_M_AXI_ADDR_WIDTH64_C_M_AXI_DATA_WIDTH64_C_M_AXI_AWUSER_WIDTH1_C_M_AXI_ARUSER_WIDTH1_C_M_AXI_WUSER_WIDTH1_C_M_AXI_RUSER_WIDTH1_C_M_AXI_BUSER_WIDTH1_C_USER_VALUE0_C_PROT_VALUE0_C_CACHE_VALUE3_USER_DW64_USER_AW64_USER_MAXREQS7_USER_RFIFONUM_WIDTH9_243
gmem1_m_axi_U/clk_gate_load_unit_buff_rdata_genblk1_U_fifo_mem_mem_reg_19_       3.9900     0.0      0.0000       3.9900 0.0000 SNPS_CLOCK_GATE_HIGH_tinytpu_isa_gmem1_m_axi_CONSERVATIVE1_NUM_READ_OUTSTANDING16_NUM_WRITE_OUTSTANDING16_MAX_READ_BURST_LENGTH16_MAX_WRITE_BURST_LENGTH16_C_M_AXI_ID_WIDTH1_C_M_AXI_ADDR_WIDTH64_C_M_AXI_DATA_WIDTH64_C_M_AXI_AWUSER_WIDTH1_C_M_AXI_ARUSER_WIDTH1_C_M_AXI_WUSER_WIDTH1_C_M_AXI_RUSER_WIDTH1_C_M_AXI_BUSER_WIDTH1_C_USER_VALUE0_C_PROT_VALUE0_C_CACHE_VALUE3_USER_DW64_USER_AW64_USER_MAXREQS7_USER_RFIFONUM_WIDTH9_63
gmem1_m_axi_U/clk_gate_load_unit_buff_rdata_genblk1_U_fifo_mem_mem_reg_1_       3.9900     0.0      0.0000       3.9900 0.0000 SNPS_CLOCK_GATE_HIGH_tinytpu_isa_gmem1_m_axi_CONSERVATIVE1_NUM_READ_OUTSTANDING16_NUM_WRITE_OUTSTANDING16_MAX_READ_BURST_LENGTH16_MAX_WRITE_BURST_LENGTH16_C_M_AXI_ID_WIDTH1_C_M_AXI_ADDR_WIDTH64_C_M_AXI_DATA_WIDTH64_C_M_AXI_AWUSER_WIDTH1_C_M_AXI_ARUSER_WIDTH1_C_M_AXI_WUSER_WIDTH1_C_M_AXI_RUSER_WIDTH1_C_M_AXI_BUSER_WIDTH1_C_USER_VALUE0_C_PROT_VALUE0_C_CACHE_VALUE3_USER_DW64_USER_AW64_USER_MAXREQS7_USER_RFIFONUM_WIDTH9_45
gmem1_m_axi_U/clk_gate_load_unit_buff_rdata_genblk1_U_fifo_mem_mem_reg_200_       3.9900     0.0      0.0000       3.9900 0.0000 SNPS_CLOCK_GATE_HIGH_tinytpu_isa_gmem1_m_axi_CONSERVATIVE1_NUM_READ_OUTSTANDING16_NUM_WRITE_OUTSTANDING16_MAX_READ_BURST_LENGTH16_MAX_WRITE_BURST_LENGTH16_C_M_AXI_ID_WIDTH1_C_M_AXI_ADDR_WIDTH64_C_M_AXI_DATA_WIDTH64_C_M_AXI_AWUSER_WIDTH1_C_M_AXI_ARUSER_WIDTH1_C_M_AXI_WUSER_WIDTH1_C_M_AXI_RUSER_WIDTH1_C_M_AXI_BUSER_WIDTH1_C_USER_VALUE0_C_PROT_VALUE0_C_CACHE_VALUE3_USER_DW64_USER_AW64_USER_MAXREQS7_USER_RFIFONUM_WIDTH9_244
gmem1_m_axi_U/clk_gate_load_unit_buff_rdata_genblk1_U_fifo_mem_mem_reg_201_       3.9900     0.0      0.0000       3.9900 0.0000 SNPS_CLOCK_GATE_HIGH_tinytpu_isa_gmem1_m_axi_CONSERVATIVE1_NUM_READ_OUTSTANDING16_NUM_WRITE_OUTSTANDING16_MAX_READ_BURST_LENGTH16_MAX_WRITE_BURST_LENGTH16_C_M_AXI_ID_WIDTH1_C_M_AXI_ADDR_WIDTH64_C_M_AXI_DATA_WIDTH64_C_M_AXI_AWUSER_WIDTH1_C_M_AXI_ARUSER_WIDTH1_C_M_AXI_WUSER_WIDTH1_C_M_AXI_RUSER_WIDTH1_C_M_AXI_BUSER_WIDTH1_C_USER_VALUE0_C_PROT_VALUE0_C_CACHE_VALUE3_USER_DW64_USER_AW64_USER_MAXREQS7_USER_RFIFONUM_WIDTH9_245
gmem1_m_axi_U/clk_gate_load_unit_buff_rdata_genblk1_U_fifo_mem_mem_reg_202_       3.9900     0.0      0.0000       3.9900 0.0000 SNPS_CLOCK_GATE_HIGH_tinytpu_isa_gmem1_m_axi_CONSERVATIVE1_NUM_READ_OUTSTANDING16_NUM_WRITE_OUTSTANDING16_MAX_READ_BURST_LENGTH16_MAX_WRITE_BURST_LENGTH16_C_M_AXI_ID_WIDTH1_C_M_AXI_ADDR_WIDTH64_C_M_AXI_DATA_WIDTH64_C_M_AXI_AWUSER_WIDTH1_C_M_AXI_ARUSER_WIDTH1_C_M_AXI_WUSER_WIDTH1_C_M_AXI_RUSER_WIDTH1_C_M_AXI_BUSER_WIDTH1_C_USER_VALUE0_C_PROT_VALUE0_C_CACHE_VALUE3_USER_DW64_USER_AW64_USER_MAXREQS7_USER_RFIFONUM_WIDTH9_246
gmem1_m_axi_U/clk_gate_load_unit_buff_rdata_genblk1_U_fifo_mem_mem_reg_203_       3.9900     0.0      0.0000       3.9900 0.0000 SNPS_CLOCK_GATE_HIGH_tinytpu_isa_gmem1_m_axi_CONSERVATIVE1_NUM_READ_OUTSTANDING16_NUM_WRITE_OUTSTANDING16_MAX_READ_BURST_LENGTH16_MAX_WRITE_BURST_LENGTH16_C_M_AXI_ID_WIDTH1_C_M_AXI_ADDR_WIDTH64_C_M_AXI_DATA_WIDTH64_C_M_AXI_AWUSER_WIDTH1_C_M_AXI_ARUSER_WIDTH1_C_M_AXI_WUSER_WIDTH1_C_M_AXI_RUSER_WIDTH1_C_M_AXI_BUSER_WIDTH1_C_USER_VALUE0_C_PROT_VALUE0_C_CACHE_VALUE3_USER_DW64_USER_AW64_USER_MAXREQS7_USER_RFIFONUM_WIDTH9_247
gmem1_m_axi_U/clk_gate_load_unit_buff_rdata_genblk1_U_fifo_mem_mem_reg_204_       3.9900     0.0      0.0000       3.9900 0.0000 SNPS_CLOCK_GATE_HIGH_tinytpu_isa_gmem1_m_axi_CONSERVATIVE1_NUM_READ_OUTSTANDING16_NUM_WRITE_OUTSTANDING16_MAX_READ_BURST_LENGTH16_MAX_WRITE_BURST_LENGTH16_C_M_AXI_ID_WIDTH1_C_M_AXI_ADDR_WIDTH64_C_M_AXI_DATA_WIDTH64_C_M_AXI_AWUSER_WIDTH1_C_M_AXI_ARUSER_WIDTH1_C_M_AXI_WUSER_WIDTH1_C_M_AXI_RUSER_WIDTH1_C_M_AXI_BUSER_WIDTH1_C_USER_VALUE0_C_PROT_VALUE0_C_CACHE_VALUE3_USER_DW64_USER_AW64_USER_MAXREQS7_USER_RFIFONUM_WIDTH9_248
gmem1_m_axi_U/clk_gate_load_unit_buff_rdata_genblk1_U_fifo_mem_mem_reg_205_       3.9900     0.0      0.0000       3.9900 0.0000 SNPS_CLOCK_GATE_HIGH_tinytpu_isa_gmem1_m_axi_CONSERVATIVE1_NUM_READ_OUTSTANDING16_NUM_WRITE_OUTSTANDING16_MAX_READ_BURST_LENGTH16_MAX_WRITE_BURST_LENGTH16_C_M_AXI_ID_WIDTH1_C_M_AXI_ADDR_WIDTH64_C_M_AXI_DATA_WIDTH64_C_M_AXI_AWUSER_WIDTH1_C_M_AXI_ARUSER_WIDTH1_C_M_AXI_WUSER_WIDTH1_C_M_AXI_RUSER_WIDTH1_C_M_AXI_BUSER_WIDTH1_C_USER_VALUE0_C_PROT_VALUE0_C_CACHE_VALUE3_USER_DW64_USER_AW64_USER_MAXREQS7_USER_RFIFONUM_WIDTH9_249
gmem1_m_axi_U/clk_gate_load_unit_buff_rdata_genblk1_U_fifo_mem_mem_reg_206_       3.9900     0.0      0.0000       3.9900 0.0000 SNPS_CLOCK_GATE_HIGH_tinytpu_isa_gmem1_m_axi_CONSERVATIVE1_NUM_READ_OUTSTANDING16_NUM_WRITE_OUTSTANDING16_MAX_READ_BURST_LENGTH16_MAX_WRITE_BURST_LENGTH16_C_M_AXI_ID_WIDTH1_C_M_AXI_ADDR_WIDTH64_C_M_AXI_DATA_WIDTH64_C_M_AXI_AWUSER_WIDTH1_C_M_AXI_ARUSER_WIDTH1_C_M_AXI_WUSER_WIDTH1_C_M_AXI_RUSER_WIDTH1_C_M_AXI_BUSER_WIDTH1_C_USER_VALUE0_C_PROT_VALUE0_C_CACHE_VALUE3_USER_DW64_USER_AW64_USER_MAXREQS7_USER_RFIFONUM_WIDTH9_250
gmem1_m_axi_U/clk_gate_load_unit_buff_rdata_genblk1_U_fifo_mem_mem_reg_207_       3.9900     0.0      0.0000       3.9900 0.0000 SNPS_CLOCK_GATE_HIGH_tinytpu_isa_gmem1_m_axi_CONSERVATIVE1_NUM_READ_OUTSTANDING16_NUM_WRITE_OUTSTANDING16_MAX_READ_BURST_LENGTH16_MAX_WRITE_BURST_LENGTH16_C_M_AXI_ID_WIDTH1_C_M_AXI_ADDR_WIDTH64_C_M_AXI_DATA_WIDTH64_C_M_AXI_AWUSER_WIDTH1_C_M_AXI_ARUSER_WIDTH1_C_M_AXI_WUSER_WIDTH1_C_M_AXI_RUSER_WIDTH1_C_M_AXI_BUSER_WIDTH1_C_USER_VALUE0_C_PROT_VALUE0_C_CACHE_VALUE3_USER_DW64_USER_AW64_USER_MAXREQS7_USER_RFIFONUM_WIDTH9_251
gmem1_m_axi_U/clk_gate_load_unit_buff_rdata_genblk1_U_fifo_mem_mem_reg_208_       3.9900     0.0      0.0000       3.9900 0.0000 SNPS_CLOCK_GATE_HIGH_tinytpu_isa_gmem1_m_axi_CONSERVATIVE1_NUM_READ_OUTSTANDING16_NUM_WRITE_OUTSTANDING16_MAX_READ_BURST_LENGTH16_MAX_WRITE_BURST_LENGTH16_C_M_AXI_ID_WIDTH1_C_M_AXI_ADDR_WIDTH64_C_M_AXI_DATA_WIDTH64_C_M_AXI_AWUSER_WIDTH1_C_M_AXI_ARUSER_WIDTH1_C_M_AXI_WUSER_WIDTH1_C_M_AXI_RUSER_WIDTH1_C_M_AXI_BUSER_WIDTH1_C_USER_VALUE0_C_PROT_VALUE0_C_CACHE_VALUE3_USER_DW64_USER_AW64_USER_MAXREQS7_USER_RFIFONUM_WIDTH9_252
gmem1_m_axi_U/clk_gate_load_unit_buff_rdata_genblk1_U_fifo_mem_mem_reg_209_       3.9900     0.0      0.0000       3.9900 0.0000 SNPS_CLOCK_GATE_HIGH_tinytpu_isa_gmem1_m_axi_CONSERVATIVE1_NUM_READ_OUTSTANDING16_NUM_WRITE_OUTSTANDING16_MAX_READ_BURST_LENGTH16_MAX_WRITE_BURST_LENGTH16_C_M_AXI_ID_WIDTH1_C_M_AXI_ADDR_WIDTH64_C_M_AXI_DATA_WIDTH64_C_M_AXI_AWUSER_WIDTH1_C_M_AXI_ARUSER_WIDTH1_C_M_AXI_WUSER_WIDTH1_C_M_AXI_RUSER_WIDTH1_C_M_AXI_BUSER_WIDTH1_C_USER_VALUE0_C_PROT_VALUE0_C_CACHE_VALUE3_USER_DW64_USER_AW64_USER_MAXREQS7_USER_RFIFONUM_WIDTH9_253
gmem1_m_axi_U/clk_gate_load_unit_buff_rdata_genblk1_U_fifo_mem_mem_reg_20_       3.9900     0.0      0.0000       3.9900 0.0000 SNPS_CLOCK_GATE_HIGH_tinytpu_isa_gmem1_m_axi_CONSERVATIVE1_NUM_READ_OUTSTANDING16_NUM_WRITE_OUTSTANDING16_MAX_READ_BURST_LENGTH16_MAX_WRITE_BURST_LENGTH16_C_M_AXI_ID_WIDTH1_C_M_AXI_ADDR_WIDTH64_C_M_AXI_DATA_WIDTH64_C_M_AXI_AWUSER_WIDTH1_C_M_AXI_ARUSER_WIDTH1_C_M_AXI_WUSER_WIDTH1_C_M_AXI_RUSER_WIDTH1_C_M_AXI_BUSER_WIDTH1_C_USER_VALUE0_C_PROT_VALUE0_C_CACHE_VALUE3_USER_DW64_USER_AW64_USER_MAXREQS7_USER_RFIFONUM_WIDTH9_64
gmem1_m_axi_U/clk_gate_load_unit_buff_rdata_genblk1_U_fifo_mem_mem_reg_210_       3.9900     0.0      0.0000       3.9900 0.0000 SNPS_CLOCK_GATE_HIGH_tinytpu_isa_gmem1_m_axi_CONSERVATIVE1_NUM_READ_OUTSTANDING16_NUM_WRITE_OUTSTANDING16_MAX_READ_BURST_LENGTH16_MAX_WRITE_BURST_LENGTH16_C_M_AXI_ID_WIDTH1_C_M_AXI_ADDR_WIDTH64_C_M_AXI_DATA_WIDTH64_C_M_AXI_AWUSER_WIDTH1_C_M_AXI_ARUSER_WIDTH1_C_M_AXI_WUSER_WIDTH1_C_M_AXI_RUSER_WIDTH1_C_M_AXI_BUSER_WIDTH1_C_USER_VALUE0_C_PROT_VALUE0_C_CACHE_VALUE3_USER_DW64_USER_AW64_USER_MAXREQS7_USER_RFIFONUM_WIDTH9_254
gmem1_m_axi_U/clk_gate_load_unit_buff_rdata_genblk1_U_fifo_mem_mem_reg_211_       3.9900     0.0      0.0000       3.9900 0.0000 SNPS_CLOCK_GATE_HIGH_tinytpu_isa_gmem1_m_axi_CONSERVATIVE1_NUM_READ_OUTSTANDING16_NUM_WRITE_OUTSTANDING16_MAX_READ_BURST_LENGTH16_MAX_WRITE_BURST_LENGTH16_C_M_AXI_ID_WIDTH1_C_M_AXI_ADDR_WIDTH64_C_M_AXI_DATA_WIDTH64_C_M_AXI_AWUSER_WIDTH1_C_M_AXI_ARUSER_WIDTH1_C_M_AXI_WUSER_WIDTH1_C_M_AXI_RUSER_WIDTH1_C_M_AXI_BUSER_WIDTH1_C_USER_VALUE0_C_PROT_VALUE0_C_CACHE_VALUE3_USER_DW64_USER_AW64_USER_MAXREQS7_USER_RFIFONUM_WIDTH9_255
gmem1_m_axi_U/clk_gate_load_unit_buff_rdata_genblk1_U_fifo_mem_mem_reg_212_       3.9900     0.0      0.0000       3.9900 0.0000 SNPS_CLOCK_GATE_HIGH_tinytpu_isa_gmem1_m_axi_CONSERVATIVE1_NUM_READ_OUTSTANDING16_NUM_WRITE_OUTSTANDING16_MAX_READ_BURST_LENGTH16_MAX_WRITE_BURST_LENGTH16_C_M_AXI_ID_WIDTH1_C_M_AXI_ADDR_WIDTH64_C_M_AXI_DATA_WIDTH64_C_M_AXI_AWUSER_WIDTH1_C_M_AXI_ARUSER_WIDTH1_C_M_AXI_WUSER_WIDTH1_C_M_AXI_RUSER_WIDTH1_C_M_AXI_BUSER_WIDTH1_C_USER_VALUE0_C_PROT_VALUE0_C_CACHE_VALUE3_USER_DW64_USER_AW64_USER_MAXREQS7_USER_RFIFONUM_WIDTH9_256
gmem1_m_axi_U/clk_gate_load_unit_buff_rdata_genblk1_U_fifo_mem_mem_reg_213_       3.9900     0.0      0.0000       3.9900 0.0000 SNPS_CLOCK_GATE_HIGH_tinytpu_isa_gmem1_m_axi_CONSERVATIVE1_NUM_READ_OUTSTANDING16_NUM_WRITE_OUTSTANDING16_MAX_READ_BURST_LENGTH16_MAX_WRITE_BURST_LENGTH16_C_M_AXI_ID_WIDTH1_C_M_AXI_ADDR_WIDTH64_C_M_AXI_DATA_WIDTH64_C_M_AXI_AWUSER_WIDTH1_C_M_AXI_ARUSER_WIDTH1_C_M_AXI_WUSER_WIDTH1_C_M_AXI_RUSER_WIDTH1_C_M_AXI_BUSER_WIDTH1_C_USER_VALUE0_C_PROT_VALUE0_C_CACHE_VALUE3_USER_DW64_USER_AW64_USER_MAXREQS7_USER_RFIFONUM_WIDTH9_257
gmem1_m_axi_U/clk_gate_load_unit_buff_rdata_genblk1_U_fifo_mem_mem_reg_214_       3.9900     0.0      0.0000       3.9900 0.0000 SNPS_CLOCK_GATE_HIGH_tinytpu_isa_gmem1_m_axi_CONSERVATIVE1_NUM_READ_OUTSTANDING16_NUM_WRITE_OUTSTANDING16_MAX_READ_BURST_LENGTH16_MAX_WRITE_BURST_LENGTH16_C_M_AXI_ID_WIDTH1_C_M_AXI_ADDR_WIDTH64_C_M_AXI_DATA_WIDTH64_C_M_AXI_AWUSER_WIDTH1_C_M_AXI_ARUSER_WIDTH1_C_M_AXI_WUSER_WIDTH1_C_M_AXI_RUSER_WIDTH1_C_M_AXI_BUSER_WIDTH1_C_USER_VALUE0_C_PROT_VALUE0_C_CACHE_VALUE3_USER_DW64_USER_AW64_USER_MAXREQS7_USER_RFIFONUM_WIDTH9_258
gmem1_m_axi_U/clk_gate_load_unit_buff_rdata_genblk1_U_fifo_mem_mem_reg_215_       3.9900     0.0      0.0000       3.9900 0.0000 SNPS_CLOCK_GATE_HIGH_tinytpu_isa_gmem1_m_axi_CONSERVATIVE1_NUM_READ_OUTSTANDING16_NUM_WRITE_OUTSTANDING16_MAX_READ_BURST_LENGTH16_MAX_WRITE_BURST_LENGTH16_C_M_AXI_ID_WIDTH1_C_M_AXI_ADDR_WIDTH64_C_M_AXI_DATA_WIDTH64_C_M_AXI_AWUSER_WIDTH1_C_M_AXI_ARUSER_WIDTH1_C_M_AXI_WUSER_WIDTH1_C_M_AXI_RUSER_WIDTH1_C_M_AXI_BUSER_WIDTH1_C_USER_VALUE0_C_PROT_VALUE0_C_CACHE_VALUE3_USER_DW64_USER_AW64_USER_MAXREQS7_USER_RFIFONUM_WIDTH9_259
gmem1_m_axi_U/clk_gate_load_unit_buff_rdata_genblk1_U_fifo_mem_mem_reg_216_       3.9900     0.0      0.0000       3.9900 0.0000 SNPS_CLOCK_GATE_HIGH_tinytpu_isa_gmem1_m_axi_CONSERVATIVE1_NUM_READ_OUTSTANDING16_NUM_WRITE_OUTSTANDING16_MAX_READ_BURST_LENGTH16_MAX_WRITE_BURST_LENGTH16_C_M_AXI_ID_WIDTH1_C_M_AXI_ADDR_WIDTH64_C_M_AXI_DATA_WIDTH64_C_M_AXI_AWUSER_WIDTH1_C_M_AXI_ARUSER_WIDTH1_C_M_AXI_WUSER_WIDTH1_C_M_AXI_RUSER_WIDTH1_C_M_AXI_BUSER_WIDTH1_C_USER_VALUE0_C_PROT_VALUE0_C_CACHE_VALUE3_USER_DW64_USER_AW64_USER_MAXREQS7_USER_RFIFONUM_WIDTH9_260
gmem1_m_axi_U/clk_gate_load_unit_buff_rdata_genblk1_U_fifo_mem_mem_reg_217_       3.9900     0.0      0.0000       3.9900 0.0000 SNPS_CLOCK_GATE_HIGH_tinytpu_isa_gmem1_m_axi_CONSERVATIVE1_NUM_READ_OUTSTANDING16_NUM_WRITE_OUTSTANDING16_MAX_READ_BURST_LENGTH16_MAX_WRITE_BURST_LENGTH16_C_M_AXI_ID_WIDTH1_C_M_AXI_ADDR_WIDTH64_C_M_AXI_DATA_WIDTH64_C_M_AXI_AWUSER_WIDTH1_C_M_AXI_ARUSER_WIDTH1_C_M_AXI_WUSER_WIDTH1_C_M_AXI_RUSER_WIDTH1_C_M_AXI_BUSER_WIDTH1_C_USER_VALUE0_C_PROT_VALUE0_C_CACHE_VALUE3_USER_DW64_USER_AW64_USER_MAXREQS7_USER_RFIFONUM_WIDTH9_261
gmem1_m_axi_U/clk_gate_load_unit_buff_rdata_genblk1_U_fifo_mem_mem_reg_218_       3.9900     0.0      0.0000       3.9900 0.0000 SNPS_CLOCK_GATE_HIGH_tinytpu_isa_gmem1_m_axi_CONSERVATIVE1_NUM_READ_OUTSTANDING16_NUM_WRITE_OUTSTANDING16_MAX_READ_BURST_LENGTH16_MAX_WRITE_BURST_LENGTH16_C_M_AXI_ID_WIDTH1_C_M_AXI_ADDR_WIDTH64_C_M_AXI_DATA_WIDTH64_C_M_AXI_AWUSER_WIDTH1_C_M_AXI_ARUSER_WIDTH1_C_M_AXI_WUSER_WIDTH1_C_M_AXI_RUSER_WIDTH1_C_M_AXI_BUSER_WIDTH1_C_USER_VALUE0_C_PROT_VALUE0_C_CACHE_VALUE3_USER_DW64_USER_AW64_USER_MAXREQS7_USER_RFIFONUM_WIDTH9_262
gmem1_m_axi_U/clk_gate_load_unit_buff_rdata_genblk1_U_fifo_mem_mem_reg_219_       3.9900     0.0      0.0000       3.9900 0.0000 SNPS_CLOCK_GATE_HIGH_tinytpu_isa_gmem1_m_axi_CONSERVATIVE1_NUM_READ_OUTSTANDING16_NUM_WRITE_OUTSTANDING16_MAX_READ_BURST_LENGTH16_MAX_WRITE_BURST_LENGTH16_C_M_AXI_ID_WIDTH1_C_M_AXI_ADDR_WIDTH64_C_M_AXI_DATA_WIDTH64_C_M_AXI_AWUSER_WIDTH1_C_M_AXI_ARUSER_WIDTH1_C_M_AXI_WUSER_WIDTH1_C_M_AXI_RUSER_WIDTH1_C_M_AXI_BUSER_WIDTH1_C_USER_VALUE0_C_PROT_VALUE0_C_CACHE_VALUE3_USER_DW64_USER_AW64_USER_MAXREQS7_USER_RFIFONUM_WIDTH9_263
gmem1_m_axi_U/clk_gate_load_unit_buff_rdata_genblk1_U_fifo_mem_mem_reg_21_       3.9900     0.0      0.0000       3.9900 0.0000 SNPS_CLOCK_GATE_HIGH_tinytpu_isa_gmem1_m_axi_CONSERVATIVE1_NUM_READ_OUTSTANDING16_NUM_WRITE_OUTSTANDING16_MAX_READ_BURST_LENGTH16_MAX_WRITE_BURST_LENGTH16_C_M_AXI_ID_WIDTH1_C_M_AXI_ADDR_WIDTH64_C_M_AXI_DATA_WIDTH64_C_M_AXI_AWUSER_WIDTH1_C_M_AXI_ARUSER_WIDTH1_C_M_AXI_WUSER_WIDTH1_C_M_AXI_RUSER_WIDTH1_C_M_AXI_BUSER_WIDTH1_C_USER_VALUE0_C_PROT_VALUE0_C_CACHE_VALUE3_USER_DW64_USER_AW64_USER_MAXREQS7_USER_RFIFONUM_WIDTH9_65
gmem1_m_axi_U/clk_gate_load_unit_buff_rdata_genblk1_U_fifo_mem_mem_reg_220_       3.9900     0.0      0.0000       3.9900 0.0000 SNPS_CLOCK_GATE_HIGH_tinytpu_isa_gmem1_m_axi_CONSERVATIVE1_NUM_READ_OUTSTANDING16_NUM_WRITE_OUTSTANDING16_MAX_READ_BURST_LENGTH16_MAX_WRITE_BURST_LENGTH16_C_M_AXI_ID_WIDTH1_C_M_AXI_ADDR_WIDTH64_C_M_AXI_DATA_WIDTH64_C_M_AXI_AWUSER_WIDTH1_C_M_AXI_ARUSER_WIDTH1_C_M_AXI_WUSER_WIDTH1_C_M_AXI_RUSER_WIDTH1_C_M_AXI_BUSER_WIDTH1_C_USER_VALUE0_C_PROT_VALUE0_C_CACHE_VALUE3_USER_DW64_USER_AW64_USER_MAXREQS7_USER_RFIFONUM_WIDTH9_264
gmem1_m_axi_U/clk_gate_load_unit_buff_rdata_genblk1_U_fifo_mem_mem_reg_221_       3.9900     0.0      0.0000       3.9900 0.0000 SNPS_CLOCK_GATE_HIGH_tinytpu_isa_gmem1_m_axi_CONSERVATIVE1_NUM_READ_OUTSTANDING16_NUM_WRITE_OUTSTANDING16_MAX_READ_BURST_LENGTH16_MAX_WRITE_BURST_LENGTH16_C_M_AXI_ID_WIDTH1_C_M_AXI_ADDR_WIDTH64_C_M_AXI_DATA_WIDTH64_C_M_AXI_AWUSER_WIDTH1_C_M_AXI_ARUSER_WIDTH1_C_M_AXI_WUSER_WIDTH1_C_M_AXI_RUSER_WIDTH1_C_M_AXI_BUSER_WIDTH1_C_USER_VALUE0_C_PROT_VALUE0_C_CACHE_VALUE3_USER_DW64_USER_AW64_USER_MAXREQS7_USER_RFIFONUM_WIDTH9_265
gmem1_m_axi_U/clk_gate_load_unit_buff_rdata_genblk1_U_fifo_mem_mem_reg_222_       3.9900     0.0      0.0000       3.9900 0.0000 SNPS_CLOCK_GATE_HIGH_tinytpu_isa_gmem1_m_axi_CONSERVATIVE1_NUM_READ_OUTSTANDING16_NUM_WRITE_OUTSTANDING16_MAX_READ_BURST_LENGTH16_MAX_WRITE_BURST_LENGTH16_C_M_AXI_ID_WIDTH1_C_M_AXI_ADDR_WIDTH64_C_M_AXI_DATA_WIDTH64_C_M_AXI_AWUSER_WIDTH1_C_M_AXI_ARUSER_WIDTH1_C_M_AXI_WUSER_WIDTH1_C_M_AXI_RUSER_WIDTH1_C_M_AXI_BUSER_WIDTH1_C_USER_VALUE0_C_PROT_VALUE0_C_CACHE_VALUE3_USER_DW64_USER_AW64_USER_MAXREQS7_USER_RFIFONUM_WIDTH9_266
gmem1_m_axi_U/clk_gate_load_unit_buff_rdata_genblk1_U_fifo_mem_mem_reg_223_       3.9900     0.0      0.0000       3.9900 0.0000 SNPS_CLOCK_GATE_HIGH_tinytpu_isa_gmem1_m_axi_CONSERVATIVE1_NUM_READ_OUTSTANDING16_NUM_WRITE_OUTSTANDING16_MAX_READ_BURST_LENGTH16_MAX_WRITE_BURST_LENGTH16_C_M_AXI_ID_WIDTH1_C_M_AXI_ADDR_WIDTH64_C_M_AXI_DATA_WIDTH64_C_M_AXI_AWUSER_WIDTH1_C_M_AXI_ARUSER_WIDTH1_C_M_AXI_WUSER_WIDTH1_C_M_AXI_RUSER_WIDTH1_C_M_AXI_BUSER_WIDTH1_C_USER_VALUE0_C_PROT_VALUE0_C_CACHE_VALUE3_USER_DW64_USER_AW64_USER_MAXREQS7_USER_RFIFONUM_WIDTH9_267
gmem1_m_axi_U/clk_gate_load_unit_buff_rdata_genblk1_U_fifo_mem_mem_reg_224_       3.9900     0.0      0.0000       3.9900 0.0000 SNPS_CLOCK_GATE_HIGH_tinytpu_isa_gmem1_m_axi_CONSERVATIVE1_NUM_READ_OUTSTANDING16_NUM_WRITE_OUTSTANDING16_MAX_READ_BURST_LENGTH16_MAX_WRITE_BURST_LENGTH16_C_M_AXI_ID_WIDTH1_C_M_AXI_ADDR_WIDTH64_C_M_AXI_DATA_WIDTH64_C_M_AXI_AWUSER_WIDTH1_C_M_AXI_ARUSER_WIDTH1_C_M_AXI_WUSER_WIDTH1_C_M_AXI_RUSER_WIDTH1_C_M_AXI_BUSER_WIDTH1_C_USER_VALUE0_C_PROT_VALUE0_C_CACHE_VALUE3_USER_DW64_USER_AW64_USER_MAXREQS7_USER_RFIFONUM_WIDTH9_268
gmem1_m_axi_U/clk_gate_load_unit_buff_rdata_genblk1_U_fifo_mem_mem_reg_225_       3.9900     0.0      0.0000       3.9900 0.0000 SNPS_CLOCK_GATE_HIGH_tinytpu_isa_gmem1_m_axi_CONSERVATIVE1_NUM_READ_OUTSTANDING16_NUM_WRITE_OUTSTANDING16_MAX_READ_BURST_LENGTH16_MAX_WRITE_BURST_LENGTH16_C_M_AXI_ID_WIDTH1_C_M_AXI_ADDR_WIDTH64_C_M_AXI_DATA_WIDTH64_C_M_AXI_AWUSER_WIDTH1_C_M_AXI_ARUSER_WIDTH1_C_M_AXI_WUSER_WIDTH1_C_M_AXI_RUSER_WIDTH1_C_M_AXI_BUSER_WIDTH1_C_USER_VALUE0_C_PROT_VALUE0_C_CACHE_VALUE3_USER_DW64_USER_AW64_USER_MAXREQS7_USER_RFIFONUM_WIDTH9_269
gmem1_m_axi_U/clk_gate_load_unit_buff_rdata_genblk1_U_fifo_mem_mem_reg_226_       3.9900     0.0      0.0000       3.9900 0.0000 SNPS_CLOCK_GATE_HIGH_tinytpu_isa_gmem1_m_axi_CONSERVATIVE1_NUM_READ_OUTSTANDING16_NUM_WRITE_OUTSTANDING16_MAX_READ_BURST_LENGTH16_MAX_WRITE_BURST_LENGTH16_C_M_AXI_ID_WIDTH1_C_M_AXI_ADDR_WIDTH64_C_M_AXI_DATA_WIDTH64_C_M_AXI_AWUSER_WIDTH1_C_M_AXI_ARUSER_WIDTH1_C_M_AXI_WUSER_WIDTH1_C_M_AXI_RUSER_WIDTH1_C_M_AXI_BUSER_WIDTH1_C_USER_VALUE0_C_PROT_VALUE0_C_CACHE_VALUE3_USER_DW64_USER_AW64_USER_MAXREQS7_USER_RFIFONUM_WIDTH9_270
gmem1_m_axi_U/clk_gate_load_unit_buff_rdata_genblk1_U_fifo_mem_mem_reg_227_       3.9900     0.0      0.0000       3.9900 0.0000 SNPS_CLOCK_GATE_HIGH_tinytpu_isa_gmem1_m_axi_CONSERVATIVE1_NUM_READ_OUTSTANDING16_NUM_WRITE_OUTSTANDING16_MAX_READ_BURST_LENGTH16_MAX_WRITE_BURST_LENGTH16_C_M_AXI_ID_WIDTH1_C_M_AXI_ADDR_WIDTH64_C_M_AXI_DATA_WIDTH64_C_M_AXI_AWUSER_WIDTH1_C_M_AXI_ARUSER_WIDTH1_C_M_AXI_WUSER_WIDTH1_C_M_AXI_RUSER_WIDTH1_C_M_AXI_BUSER_WIDTH1_C_USER_VALUE0_C_PROT_VALUE0_C_CACHE_VALUE3_USER_DW64_USER_AW64_USER_MAXREQS7_USER_RFIFONUM_WIDTH9_271
gmem1_m_axi_U/clk_gate_load_unit_buff_rdata_genblk1_U_fifo_mem_mem_reg_228_       3.9900     0.0      0.0000       3.9900 0.0000 SNPS_CLOCK_GATE_HIGH_tinytpu_isa_gmem1_m_axi_CONSERVATIVE1_NUM_READ_OUTSTANDING16_NUM_WRITE_OUTSTANDING16_MAX_READ_BURST_LENGTH16_MAX_WRITE_BURST_LENGTH16_C_M_AXI_ID_WIDTH1_C_M_AXI_ADDR_WIDTH64_C_M_AXI_DATA_WIDTH64_C_M_AXI_AWUSER_WIDTH1_C_M_AXI_ARUSER_WIDTH1_C_M_AXI_WUSER_WIDTH1_C_M_AXI_RUSER_WIDTH1_C_M_AXI_BUSER_WIDTH1_C_USER_VALUE0_C_PROT_VALUE0_C_CACHE_VALUE3_USER_DW64_USER_AW64_USER_MAXREQS7_USER_RFIFONUM_WIDTH9_272
gmem1_m_axi_U/clk_gate_load_unit_buff_rdata_genblk1_U_fifo_mem_mem_reg_229_       3.9900     0.0      0.0000       3.9900 0.0000 SNPS_CLOCK_GATE_HIGH_tinytpu_isa_gmem1_m_axi_CONSERVATIVE1_NUM_READ_OUTSTANDING16_NUM_WRITE_OUTSTANDING16_MAX_READ_BURST_LENGTH16_MAX_WRITE_BURST_LENGTH16_C_M_AXI_ID_WIDTH1_C_M_AXI_ADDR_WIDTH64_C_M_AXI_DATA_WIDTH64_C_M_AXI_AWUSER_WIDTH1_C_M_AXI_ARUSER_WIDTH1_C_M_AXI_WUSER_WIDTH1_C_M_AXI_RUSER_WIDTH1_C_M_AXI_BUSER_WIDTH1_C_USER_VALUE0_C_PROT_VALUE0_C_CACHE_VALUE3_USER_DW64_USER_AW64_USER_MAXREQS7_USER_RFIFONUM_WIDTH9_273
gmem1_m_axi_U/clk_gate_load_unit_buff_rdata_genblk1_U_fifo_mem_mem_reg_22_       3.9900     0.0      0.0000       3.9900 0.0000 SNPS_CLOCK_GATE_HIGH_tinytpu_isa_gmem1_m_axi_CONSERVATIVE1_NUM_READ_OUTSTANDING16_NUM_WRITE_OUTSTANDING16_MAX_READ_BURST_LENGTH16_MAX_WRITE_BURST_LENGTH16_C_M_AXI_ID_WIDTH1_C_M_AXI_ADDR_WIDTH64_C_M_AXI_DATA_WIDTH64_C_M_AXI_AWUSER_WIDTH1_C_M_AXI_ARUSER_WIDTH1_C_M_AXI_WUSER_WIDTH1_C_M_AXI_RUSER_WIDTH1_C_M_AXI_BUSER_WIDTH1_C_USER_VALUE0_C_PROT_VALUE0_C_CACHE_VALUE3_USER_DW64_USER_AW64_USER_MAXREQS7_USER_RFIFONUM_WIDTH9_66
gmem1_m_axi_U/clk_gate_load_unit_buff_rdata_genblk1_U_fifo_mem_mem_reg_230_       3.9900     0.0      0.0000       3.9900 0.0000 SNPS_CLOCK_GATE_HIGH_tinytpu_isa_gmem1_m_axi_CONSERVATIVE1_NUM_READ_OUTSTANDING16_NUM_WRITE_OUTSTANDING16_MAX_READ_BURST_LENGTH16_MAX_WRITE_BURST_LENGTH16_C_M_AXI_ID_WIDTH1_C_M_AXI_ADDR_WIDTH64_C_M_AXI_DATA_WIDTH64_C_M_AXI_AWUSER_WIDTH1_C_M_AXI_ARUSER_WIDTH1_C_M_AXI_WUSER_WIDTH1_C_M_AXI_RUSER_WIDTH1_C_M_AXI_BUSER_WIDTH1_C_USER_VALUE0_C_PROT_VALUE0_C_CACHE_VALUE3_USER_DW64_USER_AW64_USER_MAXREQS7_USER_RFIFONUM_WIDTH9_274
gmem1_m_axi_U/clk_gate_load_unit_buff_rdata_genblk1_U_fifo_mem_mem_reg_231_       3.9900     0.0      0.0000       3.9900 0.0000 SNPS_CLOCK_GATE_HIGH_tinytpu_isa_gmem1_m_axi_CONSERVATIVE1_NUM_READ_OUTSTANDING16_NUM_WRITE_OUTSTANDING16_MAX_READ_BURST_LENGTH16_MAX_WRITE_BURST_LENGTH16_C_M_AXI_ID_WIDTH1_C_M_AXI_ADDR_WIDTH64_C_M_AXI_DATA_WIDTH64_C_M_AXI_AWUSER_WIDTH1_C_M_AXI_ARUSER_WIDTH1_C_M_AXI_WUSER_WIDTH1_C_M_AXI_RUSER_WIDTH1_C_M_AXI_BUSER_WIDTH1_C_USER_VALUE0_C_PROT_VALUE0_C_CACHE_VALUE3_USER_DW64_USER_AW64_USER_MAXREQS7_USER_RFIFONUM_WIDTH9_275
gmem1_m_axi_U/clk_gate_load_unit_buff_rdata_genblk1_U_fifo_mem_mem_reg_232_       3.9900     0.0      0.0000       3.9900 0.0000 SNPS_CLOCK_GATE_HIGH_tinytpu_isa_gmem1_m_axi_CONSERVATIVE1_NUM_READ_OUTSTANDING16_NUM_WRITE_OUTSTANDING16_MAX_READ_BURST_LENGTH16_MAX_WRITE_BURST_LENGTH16_C_M_AXI_ID_WIDTH1_C_M_AXI_ADDR_WIDTH64_C_M_AXI_DATA_WIDTH64_C_M_AXI_AWUSER_WIDTH1_C_M_AXI_ARUSER_WIDTH1_C_M_AXI_WUSER_WIDTH1_C_M_AXI_RUSER_WIDTH1_C_M_AXI_BUSER_WIDTH1_C_USER_VALUE0_C_PROT_VALUE0_C_CACHE_VALUE3_USER_DW64_USER_AW64_USER_MAXREQS7_USER_RFIFONUM_WIDTH9_276
gmem1_m_axi_U/clk_gate_load_unit_buff_rdata_genblk1_U_fifo_mem_mem_reg_233_       3.9900     0.0      0.0000       3.9900 0.0000 SNPS_CLOCK_GATE_HIGH_tinytpu_isa_gmem1_m_axi_CONSERVATIVE1_NUM_READ_OUTSTANDING16_NUM_WRITE_OUTSTANDING16_MAX_READ_BURST_LENGTH16_MAX_WRITE_BURST_LENGTH16_C_M_AXI_ID_WIDTH1_C_M_AXI_ADDR_WIDTH64_C_M_AXI_DATA_WIDTH64_C_M_AXI_AWUSER_WIDTH1_C_M_AXI_ARUSER_WIDTH1_C_M_AXI_WUSER_WIDTH1_C_M_AXI_RUSER_WIDTH1_C_M_AXI_BUSER_WIDTH1_C_USER_VALUE0_C_PROT_VALUE0_C_CACHE_VALUE3_USER_DW64_USER_AW64_USER_MAXREQS7_USER_RFIFONUM_WIDTH9_277
gmem1_m_axi_U/clk_gate_load_unit_buff_rdata_genblk1_U_fifo_mem_mem_reg_234_       3.9900     0.0      0.0000       3.9900 0.0000 SNPS_CLOCK_GATE_HIGH_tinytpu_isa_gmem1_m_axi_CONSERVATIVE1_NUM_READ_OUTSTANDING16_NUM_WRITE_OUTSTANDING16_MAX_READ_BURST_LENGTH16_MAX_WRITE_BURST_LENGTH16_C_M_AXI_ID_WIDTH1_C_M_AXI_ADDR_WIDTH64_C_M_AXI_DATA_WIDTH64_C_M_AXI_AWUSER_WIDTH1_C_M_AXI_ARUSER_WIDTH1_C_M_AXI_WUSER_WIDTH1_C_M_AXI_RUSER_WIDTH1_C_M_AXI_BUSER_WIDTH1_C_USER_VALUE0_C_PROT_VALUE0_C_CACHE_VALUE3_USER_DW64_USER_AW64_USER_MAXREQS7_USER_RFIFONUM_WIDTH9_278
gmem1_m_axi_U/clk_gate_load_unit_buff_rdata_genblk1_U_fifo_mem_mem_reg_235_       3.9900     0.0      0.0000       3.9900 0.0000 SNPS_CLOCK_GATE_HIGH_tinytpu_isa_gmem1_m_axi_CONSERVATIVE1_NUM_READ_OUTSTANDING16_NUM_WRITE_OUTSTANDING16_MAX_READ_BURST_LENGTH16_MAX_WRITE_BURST_LENGTH16_C_M_AXI_ID_WIDTH1_C_M_AXI_ADDR_WIDTH64_C_M_AXI_DATA_WIDTH64_C_M_AXI_AWUSER_WIDTH1_C_M_AXI_ARUSER_WIDTH1_C_M_AXI_WUSER_WIDTH1_C_M_AXI_RUSER_WIDTH1_C_M_AXI_BUSER_WIDTH1_C_USER_VALUE0_C_PROT_VALUE0_C_CACHE_VALUE3_USER_DW64_USER_AW64_USER_MAXREQS7_USER_RFIFONUM_WIDTH9_279
gmem1_m_axi_U/clk_gate_load_unit_buff_rdata_genblk1_U_fifo_mem_mem_reg_236_       3.9900     0.0      0.0000       3.9900 0.0000 SNPS_CLOCK_GATE_HIGH_tinytpu_isa_gmem1_m_axi_CONSERVATIVE1_NUM_READ_OUTSTANDING16_NUM_WRITE_OUTSTANDING16_MAX_READ_BURST_LENGTH16_MAX_WRITE_BURST_LENGTH16_C_M_AXI_ID_WIDTH1_C_M_AXI_ADDR_WIDTH64_C_M_AXI_DATA_WIDTH64_C_M_AXI_AWUSER_WIDTH1_C_M_AXI_ARUSER_WIDTH1_C_M_AXI_WUSER_WIDTH1_C_M_AXI_RUSER_WIDTH1_C_M_AXI_BUSER_WIDTH1_C_USER_VALUE0_C_PROT_VALUE0_C_CACHE_VALUE3_USER_DW64_USER_AW64_USER_MAXREQS7_USER_RFIFONUM_WIDTH9_280
gmem1_m_axi_U/clk_gate_load_unit_buff_rdata_genblk1_U_fifo_mem_mem_reg_237_       3.9900     0.0      0.0000       3.9900 0.0000 SNPS_CLOCK_GATE_HIGH_tinytpu_isa_gmem1_m_axi_CONSERVATIVE1_NUM_READ_OUTSTANDING16_NUM_WRITE_OUTSTANDING16_MAX_READ_BURST_LENGTH16_MAX_WRITE_BURST_LENGTH16_C_M_AXI_ID_WIDTH1_C_M_AXI_ADDR_WIDTH64_C_M_AXI_DATA_WIDTH64_C_M_AXI_AWUSER_WIDTH1_C_M_AXI_ARUSER_WIDTH1_C_M_AXI_WUSER_WIDTH1_C_M_AXI_RUSER_WIDTH1_C_M_AXI_BUSER_WIDTH1_C_USER_VALUE0_C_PROT_VALUE0_C_CACHE_VALUE3_USER_DW64_USER_AW64_USER_MAXREQS7_USER_RFIFONUM_WIDTH9_281
gmem1_m_axi_U/clk_gate_load_unit_buff_rdata_genblk1_U_fifo_mem_mem_reg_238_       3.9900     0.0      0.0000       3.9900 0.0000 SNPS_CLOCK_GATE_HIGH_tinytpu_isa_gmem1_m_axi_CONSERVATIVE1_NUM_READ_OUTSTANDING16_NUM_WRITE_OUTSTANDING16_MAX_READ_BURST_LENGTH16_MAX_WRITE_BURST_LENGTH16_C_M_AXI_ID_WIDTH1_C_M_AXI_ADDR_WIDTH64_C_M_AXI_DATA_WIDTH64_C_M_AXI_AWUSER_WIDTH1_C_M_AXI_ARUSER_WIDTH1_C_M_AXI_WUSER_WIDTH1_C_M_AXI_RUSER_WIDTH1_C_M_AXI_BUSER_WIDTH1_C_USER_VALUE0_C_PROT_VALUE0_C_CACHE_VALUE3_USER_DW64_USER_AW64_USER_MAXREQS7_USER_RFIFONUM_WIDTH9_282
gmem1_m_axi_U/clk_gate_load_unit_buff_rdata_genblk1_U_fifo_mem_mem_reg_239_       3.9900     0.0      0.0000       3.9900 0.0000 SNPS_CLOCK_GATE_HIGH_tinytpu_isa_gmem1_m_axi_CONSERVATIVE1_NUM_READ_OUTSTANDING16_NUM_WRITE_OUTSTANDING16_MAX_READ_BURST_LENGTH16_MAX_WRITE_BURST_LENGTH16_C_M_AXI_ID_WIDTH1_C_M_AXI_ADDR_WIDTH64_C_M_AXI_DATA_WIDTH64_C_M_AXI_AWUSER_WIDTH1_C_M_AXI_ARUSER_WIDTH1_C_M_AXI_WUSER_WIDTH1_C_M_AXI_RUSER_WIDTH1_C_M_AXI_BUSER_WIDTH1_C_USER_VALUE0_C_PROT_VALUE0_C_CACHE_VALUE3_USER_DW64_USER_AW64_USER_MAXREQS7_USER_RFIFONUM_WIDTH9_283
gmem1_m_axi_U/clk_gate_load_unit_buff_rdata_genblk1_U_fifo_mem_mem_reg_23_       3.9900     0.0      0.0000       3.9900 0.0000 SNPS_CLOCK_GATE_HIGH_tinytpu_isa_gmem1_m_axi_CONSERVATIVE1_NUM_READ_OUTSTANDING16_NUM_WRITE_OUTSTANDING16_MAX_READ_BURST_LENGTH16_MAX_WRITE_BURST_LENGTH16_C_M_AXI_ID_WIDTH1_C_M_AXI_ADDR_WIDTH64_C_M_AXI_DATA_WIDTH64_C_M_AXI_AWUSER_WIDTH1_C_M_AXI_ARUSER_WIDTH1_C_M_AXI_WUSER_WIDTH1_C_M_AXI_RUSER_WIDTH1_C_M_AXI_BUSER_WIDTH1_C_USER_VALUE0_C_PROT_VALUE0_C_CACHE_VALUE3_USER_DW64_USER_AW64_USER_MAXREQS7_USER_RFIFONUM_WIDTH9_67
gmem1_m_axi_U/clk_gate_load_unit_buff_rdata_genblk1_U_fifo_mem_mem_reg_240_       3.9900     0.0      0.0000       3.9900 0.0000 SNPS_CLOCK_GATE_HIGH_tinytpu_isa_gmem1_m_axi_CONSERVATIVE1_NUM_READ_OUTSTANDING16_NUM_WRITE_OUTSTANDING16_MAX_READ_BURST_LENGTH16_MAX_WRITE_BURST_LENGTH16_C_M_AXI_ID_WIDTH1_C_M_AXI_ADDR_WIDTH64_C_M_AXI_DATA_WIDTH64_C_M_AXI_AWUSER_WIDTH1_C_M_AXI_ARUSER_WIDTH1_C_M_AXI_WUSER_WIDTH1_C_M_AXI_RUSER_WIDTH1_C_M_AXI_BUSER_WIDTH1_C_USER_VALUE0_C_PROT_VALUE0_C_CACHE_VALUE3_USER_DW64_USER_AW64_USER_MAXREQS7_USER_RFIFONUM_WIDTH9_284
gmem1_m_axi_U/clk_gate_load_unit_buff_rdata_genblk1_U_fifo_mem_mem_reg_241_       3.9900     0.0      0.0000       3.9900 0.0000 SNPS_CLOCK_GATE_HIGH_tinytpu_isa_gmem1_m_axi_CONSERVATIVE1_NUM_READ_OUTSTANDING16_NUM_WRITE_OUTSTANDING16_MAX_READ_BURST_LENGTH16_MAX_WRITE_BURST_LENGTH16_C_M_AXI_ID_WIDTH1_C_M_AXI_ADDR_WIDTH64_C_M_AXI_DATA_WIDTH64_C_M_AXI_AWUSER_WIDTH1_C_M_AXI_ARUSER_WIDTH1_C_M_AXI_WUSER_WIDTH1_C_M_AXI_RUSER_WIDTH1_C_M_AXI_BUSER_WIDTH1_C_USER_VALUE0_C_PROT_VALUE0_C_CACHE_VALUE3_USER_DW64_USER_AW64_USER_MAXREQS7_USER_RFIFONUM_WIDTH9_285
gmem1_m_axi_U/clk_gate_load_unit_buff_rdata_genblk1_U_fifo_mem_mem_reg_242_       3.9900     0.0      0.0000       3.9900 0.0000 SNPS_CLOCK_GATE_HIGH_tinytpu_isa_gmem1_m_axi_CONSERVATIVE1_NUM_READ_OUTSTANDING16_NUM_WRITE_OUTSTANDING16_MAX_READ_BURST_LENGTH16_MAX_WRITE_BURST_LENGTH16_C_M_AXI_ID_WIDTH1_C_M_AXI_ADDR_WIDTH64_C_M_AXI_DATA_WIDTH64_C_M_AXI_AWUSER_WIDTH1_C_M_AXI_ARUSER_WIDTH1_C_M_AXI_WUSER_WIDTH1_C_M_AXI_RUSER_WIDTH1_C_M_AXI_BUSER_WIDTH1_C_USER_VALUE0_C_PROT_VALUE0_C_CACHE_VALUE3_USER_DW64_USER_AW64_USER_MAXREQS7_USER_RFIFONUM_WIDTH9_286
gmem1_m_axi_U/clk_gate_load_unit_buff_rdata_genblk1_U_fifo_mem_mem_reg_243_       3.9900     0.0      0.0000       3.9900 0.0000 SNPS_CLOCK_GATE_HIGH_tinytpu_isa_gmem1_m_axi_CONSERVATIVE1_NUM_READ_OUTSTANDING16_NUM_WRITE_OUTSTANDING16_MAX_READ_BURST_LENGTH16_MAX_WRITE_BURST_LENGTH16_C_M_AXI_ID_WIDTH1_C_M_AXI_ADDR_WIDTH64_C_M_AXI_DATA_WIDTH64_C_M_AXI_AWUSER_WIDTH1_C_M_AXI_ARUSER_WIDTH1_C_M_AXI_WUSER_WIDTH1_C_M_AXI_RUSER_WIDTH1_C_M_AXI_BUSER_WIDTH1_C_USER_VALUE0_C_PROT_VALUE0_C_CACHE_VALUE3_USER_DW64_USER_AW64_USER_MAXREQS7_USER_RFIFONUM_WIDTH9_287
gmem1_m_axi_U/clk_gate_load_unit_buff_rdata_genblk1_U_fifo_mem_mem_reg_244_       3.9900     0.0      0.0000       3.9900 0.0000 SNPS_CLOCK_GATE_HIGH_tinytpu_isa_gmem1_m_axi_CONSERVATIVE1_NUM_READ_OUTSTANDING16_NUM_WRITE_OUTSTANDING16_MAX_READ_BURST_LENGTH16_MAX_WRITE_BURST_LENGTH16_C_M_AXI_ID_WIDTH1_C_M_AXI_ADDR_WIDTH64_C_M_AXI_DATA_WIDTH64_C_M_AXI_AWUSER_WIDTH1_C_M_AXI_ARUSER_WIDTH1_C_M_AXI_WUSER_WIDTH1_C_M_AXI_RUSER_WIDTH1_C_M_AXI_BUSER_WIDTH1_C_USER_VALUE0_C_PROT_VALUE0_C_CACHE_VALUE3_USER_DW64_USER_AW64_USER_MAXREQS7_USER_RFIFONUM_WIDTH9_288
gmem1_m_axi_U/clk_gate_load_unit_buff_rdata_genblk1_U_fifo_mem_mem_reg_245_       3.9900     0.0      0.0000       3.9900 0.0000 SNPS_CLOCK_GATE_HIGH_tinytpu_isa_gmem1_m_axi_CONSERVATIVE1_NUM_READ_OUTSTANDING16_NUM_WRITE_OUTSTANDING16_MAX_READ_BURST_LENGTH16_MAX_WRITE_BURST_LENGTH16_C_M_AXI_ID_WIDTH1_C_M_AXI_ADDR_WIDTH64_C_M_AXI_DATA_WIDTH64_C_M_AXI_AWUSER_WIDTH1_C_M_AXI_ARUSER_WIDTH1_C_M_AXI_WUSER_WIDTH1_C_M_AXI_RUSER_WIDTH1_C_M_AXI_BUSER_WIDTH1_C_USER_VALUE0_C_PROT_VALUE0_C_CACHE_VALUE3_USER_DW64_USER_AW64_USER_MAXREQS7_USER_RFIFONUM_WIDTH9_289
gmem1_m_axi_U/clk_gate_load_unit_buff_rdata_genblk1_U_fifo_mem_mem_reg_246_       3.9900     0.0      0.0000       3.9900 0.0000 SNPS_CLOCK_GATE_HIGH_tinytpu_isa_gmem1_m_axi_CONSERVATIVE1_NUM_READ_OUTSTANDING16_NUM_WRITE_OUTSTANDING16_MAX_READ_BURST_LENGTH16_MAX_WRITE_BURST_LENGTH16_C_M_AXI_ID_WIDTH1_C_M_AXI_ADDR_WIDTH64_C_M_AXI_DATA_WIDTH64_C_M_AXI_AWUSER_WIDTH1_C_M_AXI_ARUSER_WIDTH1_C_M_AXI_WUSER_WIDTH1_C_M_AXI_RUSER_WIDTH1_C_M_AXI_BUSER_WIDTH1_C_USER_VALUE0_C_PROT_VALUE0_C_CACHE_VALUE3_USER_DW64_USER_AW64_USER_MAXREQS7_USER_RFIFONUM_WIDTH9_290
gmem1_m_axi_U/clk_gate_load_unit_buff_rdata_genblk1_U_fifo_mem_mem_reg_247_       3.9900     0.0      0.0000       3.9900 0.0000 SNPS_CLOCK_GATE_HIGH_tinytpu_isa_gmem1_m_axi_CONSERVATIVE1_NUM_READ_OUTSTANDING16_NUM_WRITE_OUTSTANDING16_MAX_READ_BURST_LENGTH16_MAX_WRITE_BURST_LENGTH16_C_M_AXI_ID_WIDTH1_C_M_AXI_ADDR_WIDTH64_C_M_AXI_DATA_WIDTH64_C_M_AXI_AWUSER_WIDTH1_C_M_AXI_ARUSER_WIDTH1_C_M_AXI_WUSER_WIDTH1_C_M_AXI_RUSER_WIDTH1_C_M_AXI_BUSER_WIDTH1_C_USER_VALUE0_C_PROT_VALUE0_C_CACHE_VALUE3_USER_DW64_USER_AW64_USER_MAXREQS7_USER_RFIFONUM_WIDTH9_291
gmem1_m_axi_U/clk_gate_load_unit_buff_rdata_genblk1_U_fifo_mem_mem_reg_248_       3.9900     0.0      0.0000       3.9900 0.0000 SNPS_CLOCK_GATE_HIGH_tinytpu_isa_gmem1_m_axi_CONSERVATIVE1_NUM_READ_OUTSTANDING16_NUM_WRITE_OUTSTANDING16_MAX_READ_BURST_LENGTH16_MAX_WRITE_BURST_LENGTH16_C_M_AXI_ID_WIDTH1_C_M_AXI_ADDR_WIDTH64_C_M_AXI_DATA_WIDTH64_C_M_AXI_AWUSER_WIDTH1_C_M_AXI_ARUSER_WIDTH1_C_M_AXI_WUSER_WIDTH1_C_M_AXI_RUSER_WIDTH1_C_M_AXI_BUSER_WIDTH1_C_USER_VALUE0_C_PROT_VALUE0_C_CACHE_VALUE3_USER_DW64_USER_AW64_USER_MAXREQS7_USER_RFIFONUM_WIDTH9_292
gmem1_m_axi_U/clk_gate_load_unit_buff_rdata_genblk1_U_fifo_mem_mem_reg_249_       3.9900     0.0      0.0000       3.9900 0.0000 SNPS_CLOCK_GATE_HIGH_tinytpu_isa_gmem1_m_axi_CONSERVATIVE1_NUM_READ_OUTSTANDING16_NUM_WRITE_OUTSTANDING16_MAX_READ_BURST_LENGTH16_MAX_WRITE_BURST_LENGTH16_C_M_AXI_ID_WIDTH1_C_M_AXI_ADDR_WIDTH64_C_M_AXI_DATA_WIDTH64_C_M_AXI_AWUSER_WIDTH1_C_M_AXI_ARUSER_WIDTH1_C_M_AXI_WUSER_WIDTH1_C_M_AXI_RUSER_WIDTH1_C_M_AXI_BUSER_WIDTH1_C_USER_VALUE0_C_PROT_VALUE0_C_CACHE_VALUE3_USER_DW64_USER_AW64_USER_MAXREQS7_USER_RFIFONUM_WIDTH9_293
gmem1_m_axi_U/clk_gate_load_unit_buff_rdata_genblk1_U_fifo_mem_mem_reg_24_       3.9900     0.0      0.0000       3.9900 0.0000 SNPS_CLOCK_GATE_HIGH_tinytpu_isa_gmem1_m_axi_CONSERVATIVE1_NUM_READ_OUTSTANDING16_NUM_WRITE_OUTSTANDING16_MAX_READ_BURST_LENGTH16_MAX_WRITE_BURST_LENGTH16_C_M_AXI_ID_WIDTH1_C_M_AXI_ADDR_WIDTH64_C_M_AXI_DATA_WIDTH64_C_M_AXI_AWUSER_WIDTH1_C_M_AXI_ARUSER_WIDTH1_C_M_AXI_WUSER_WIDTH1_C_M_AXI_RUSER_WIDTH1_C_M_AXI_BUSER_WIDTH1_C_USER_VALUE0_C_PROT_VALUE0_C_CACHE_VALUE3_USER_DW64_USER_AW64_USER_MAXREQS7_USER_RFIFONUM_WIDTH9_68
gmem1_m_axi_U/clk_gate_load_unit_buff_rdata_genblk1_U_fifo_mem_mem_reg_250_       3.9900     0.0      0.0000       3.9900 0.0000 SNPS_CLOCK_GATE_HIGH_tinytpu_isa_gmem1_m_axi_CONSERVATIVE1_NUM_READ_OUTSTANDING16_NUM_WRITE_OUTSTANDING16_MAX_READ_BURST_LENGTH16_MAX_WRITE_BURST_LENGTH16_C_M_AXI_ID_WIDTH1_C_M_AXI_ADDR_WIDTH64_C_M_AXI_DATA_WIDTH64_C_M_AXI_AWUSER_WIDTH1_C_M_AXI_ARUSER_WIDTH1_C_M_AXI_WUSER_WIDTH1_C_M_AXI_RUSER_WIDTH1_C_M_AXI_BUSER_WIDTH1_C_USER_VALUE0_C_PROT_VALUE0_C_CACHE_VALUE3_USER_DW64_USER_AW64_USER_MAXREQS7_USER_RFIFONUM_WIDTH9_294
gmem1_m_axi_U/clk_gate_load_unit_buff_rdata_genblk1_U_fifo_mem_mem_reg_251_       3.9900     0.0      0.0000       3.9900 0.0000 SNPS_CLOCK_GATE_HIGH_tinytpu_isa_gmem1_m_axi_CONSERVATIVE1_NUM_READ_OUTSTANDING16_NUM_WRITE_OUTSTANDING16_MAX_READ_BURST_LENGTH16_MAX_WRITE_BURST_LENGTH16_C_M_AXI_ID_WIDTH1_C_M_AXI_ADDR_WIDTH64_C_M_AXI_DATA_WIDTH64_C_M_AXI_AWUSER_WIDTH1_C_M_AXI_ARUSER_WIDTH1_C_M_AXI_WUSER_WIDTH1_C_M_AXI_RUSER_WIDTH1_C_M_AXI_BUSER_WIDTH1_C_USER_VALUE0_C_PROT_VALUE0_C_CACHE_VALUE3_USER_DW64_USER_AW64_USER_MAXREQS7_USER_RFIFONUM_WIDTH9_295
gmem1_m_axi_U/clk_gate_load_unit_buff_rdata_genblk1_U_fifo_mem_mem_reg_252_       3.9900     0.0      0.0000       3.9900 0.0000 SNPS_CLOCK_GATE_HIGH_tinytpu_isa_gmem1_m_axi_CONSERVATIVE1_NUM_READ_OUTSTANDING16_NUM_WRITE_OUTSTANDING16_MAX_READ_BURST_LENGTH16_MAX_WRITE_BURST_LENGTH16_C_M_AXI_ID_WIDTH1_C_M_AXI_ADDR_WIDTH64_C_M_AXI_DATA_WIDTH64_C_M_AXI_AWUSER_WIDTH1_C_M_AXI_ARUSER_WIDTH1_C_M_AXI_WUSER_WIDTH1_C_M_AXI_RUSER_WIDTH1_C_M_AXI_BUSER_WIDTH1_C_USER_VALUE0_C_PROT_VALUE0_C_CACHE_VALUE3_USER_DW64_USER_AW64_USER_MAXREQS7_USER_RFIFONUM_WIDTH9_296
gmem1_m_axi_U/clk_gate_load_unit_buff_rdata_genblk1_U_fifo_mem_mem_reg_253_       3.9900     0.0      0.0000       3.9900 0.0000 SNPS_CLOCK_GATE_HIGH_tinytpu_isa_gmem1_m_axi_CONSERVATIVE1_NUM_READ_OUTSTANDING16_NUM_WRITE_OUTSTANDING16_MAX_READ_BURST_LENGTH16_MAX_WRITE_BURST_LENGTH16_C_M_AXI_ID_WIDTH1_C_M_AXI_ADDR_WIDTH64_C_M_AXI_DATA_WIDTH64_C_M_AXI_AWUSER_WIDTH1_C_M_AXI_ARUSER_WIDTH1_C_M_AXI_WUSER_WIDTH1_C_M_AXI_RUSER_WIDTH1_C_M_AXI_BUSER_WIDTH1_C_USER_VALUE0_C_PROT_VALUE0_C_CACHE_VALUE3_USER_DW64_USER_AW64_USER_MAXREQS7_USER_RFIFONUM_WIDTH9_297
gmem1_m_axi_U/clk_gate_load_unit_buff_rdata_genblk1_U_fifo_mem_mem_reg_254_       3.9900     0.0      0.0000       3.9900 0.0000 SNPS_CLOCK_GATE_HIGH_tinytpu_isa_gmem1_m_axi_CONSERVATIVE1_NUM_READ_OUTSTANDING16_NUM_WRITE_OUTSTANDING16_MAX_READ_BURST_LENGTH16_MAX_WRITE_BURST_LENGTH16_C_M_AXI_ID_WIDTH1_C_M_AXI_ADDR_WIDTH64_C_M_AXI_DATA_WIDTH64_C_M_AXI_AWUSER_WIDTH1_C_M_AXI_ARUSER_WIDTH1_C_M_AXI_WUSER_WIDTH1_C_M_AXI_RUSER_WIDTH1_C_M_AXI_BUSER_WIDTH1_C_USER_VALUE0_C_PROT_VALUE0_C_CACHE_VALUE3_USER_DW64_USER_AW64_USER_MAXREQS7_USER_RFIFONUM_WIDTH9_298
gmem1_m_axi_U/clk_gate_load_unit_buff_rdata_genblk1_U_fifo_mem_mem_reg_25_       3.9900     0.0      0.0000       3.9900 0.0000 SNPS_CLOCK_GATE_HIGH_tinytpu_isa_gmem1_m_axi_CONSERVATIVE1_NUM_READ_OUTSTANDING16_NUM_WRITE_OUTSTANDING16_MAX_READ_BURST_LENGTH16_MAX_WRITE_BURST_LENGTH16_C_M_AXI_ID_WIDTH1_C_M_AXI_ADDR_WIDTH64_C_M_AXI_DATA_WIDTH64_C_M_AXI_AWUSER_WIDTH1_C_M_AXI_ARUSER_WIDTH1_C_M_AXI_WUSER_WIDTH1_C_M_AXI_RUSER_WIDTH1_C_M_AXI_BUSER_WIDTH1_C_USER_VALUE0_C_PROT_VALUE0_C_CACHE_VALUE3_USER_DW64_USER_AW64_USER_MAXREQS7_USER_RFIFONUM_WIDTH9_69
gmem1_m_axi_U/clk_gate_load_unit_buff_rdata_genblk1_U_fifo_mem_mem_reg_26_       3.9900     0.0      0.0000       3.9900 0.0000 SNPS_CLOCK_GATE_HIGH_tinytpu_isa_gmem1_m_axi_CONSERVATIVE1_NUM_READ_OUTSTANDING16_NUM_WRITE_OUTSTANDING16_MAX_READ_BURST_LENGTH16_MAX_WRITE_BURST_LENGTH16_C_M_AXI_ID_WIDTH1_C_M_AXI_ADDR_WIDTH64_C_M_AXI_DATA_WIDTH64_C_M_AXI_AWUSER_WIDTH1_C_M_AXI_ARUSER_WIDTH1_C_M_AXI_WUSER_WIDTH1_C_M_AXI_RUSER_WIDTH1_C_M_AXI_BUSER_WIDTH1_C_USER_VALUE0_C_PROT_VALUE0_C_CACHE_VALUE3_USER_DW64_USER_AW64_USER_MAXREQS7_USER_RFIFONUM_WIDTH9_70
gmem1_m_axi_U/clk_gate_load_unit_buff_rdata_genblk1_U_fifo_mem_mem_reg_27_       3.9900     0.0      0.0000       3.9900 0.0000 SNPS_CLOCK_GATE_HIGH_tinytpu_isa_gmem1_m_axi_CONSERVATIVE1_NUM_READ_OUTSTANDING16_NUM_WRITE_OUTSTANDING16_MAX_READ_BURST_LENGTH16_MAX_WRITE_BURST_LENGTH16_C_M_AXI_ID_WIDTH1_C_M_AXI_ADDR_WIDTH64_C_M_AXI_DATA_WIDTH64_C_M_AXI_AWUSER_WIDTH1_C_M_AXI_ARUSER_WIDTH1_C_M_AXI_WUSER_WIDTH1_C_M_AXI_RUSER_WIDTH1_C_M_AXI_BUSER_WIDTH1_C_USER_VALUE0_C_PROT_VALUE0_C_CACHE_VALUE3_USER_DW64_USER_AW64_USER_MAXREQS7_USER_RFIFONUM_WIDTH9_71
gmem1_m_axi_U/clk_gate_load_unit_buff_rdata_genblk1_U_fifo_mem_mem_reg_28_       3.9900     0.0      0.0000       3.9900 0.0000 SNPS_CLOCK_GATE_HIGH_tinytpu_isa_gmem1_m_axi_CONSERVATIVE1_NUM_READ_OUTSTANDING16_NUM_WRITE_OUTSTANDING16_MAX_READ_BURST_LENGTH16_MAX_WRITE_BURST_LENGTH16_C_M_AXI_ID_WIDTH1_C_M_AXI_ADDR_WIDTH64_C_M_AXI_DATA_WIDTH64_C_M_AXI_AWUSER_WIDTH1_C_M_AXI_ARUSER_WIDTH1_C_M_AXI_WUSER_WIDTH1_C_M_AXI_RUSER_WIDTH1_C_M_AXI_BUSER_WIDTH1_C_USER_VALUE0_C_PROT_VALUE0_C_CACHE_VALUE3_USER_DW64_USER_AW64_USER_MAXREQS7_USER_RFIFONUM_WIDTH9_72
gmem1_m_axi_U/clk_gate_load_unit_buff_rdata_genblk1_U_fifo_mem_mem_reg_29_       3.9900     0.0      0.0000       3.9900 0.0000 SNPS_CLOCK_GATE_HIGH_tinytpu_isa_gmem1_m_axi_CONSERVATIVE1_NUM_READ_OUTSTANDING16_NUM_WRITE_OUTSTANDING16_MAX_READ_BURST_LENGTH16_MAX_WRITE_BURST_LENGTH16_C_M_AXI_ID_WIDTH1_C_M_AXI_ADDR_WIDTH64_C_M_AXI_DATA_WIDTH64_C_M_AXI_AWUSER_WIDTH1_C_M_AXI_ARUSER_WIDTH1_C_M_AXI_WUSER_WIDTH1_C_M_AXI_RUSER_WIDTH1_C_M_AXI_BUSER_WIDTH1_C_USER_VALUE0_C_PROT_VALUE0_C_CACHE_VALUE3_USER_DW64_USER_AW64_USER_MAXREQS7_USER_RFIFONUM_WIDTH9_73
gmem1_m_axi_U/clk_gate_load_unit_buff_rdata_genblk1_U_fifo_mem_mem_reg_2_       3.9900     0.0      0.0000       3.9900 0.0000 SNPS_CLOCK_GATE_HIGH_tinytpu_isa_gmem1_m_axi_CONSERVATIVE1_NUM_READ_OUTSTANDING16_NUM_WRITE_OUTSTANDING16_MAX_READ_BURST_LENGTH16_MAX_WRITE_BURST_LENGTH16_C_M_AXI_ID_WIDTH1_C_M_AXI_ADDR_WIDTH64_C_M_AXI_DATA_WIDTH64_C_M_AXI_AWUSER_WIDTH1_C_M_AXI_ARUSER_WIDTH1_C_M_AXI_WUSER_WIDTH1_C_M_AXI_RUSER_WIDTH1_C_M_AXI_BUSER_WIDTH1_C_USER_VALUE0_C_PROT_VALUE0_C_CACHE_VALUE3_USER_DW64_USER_AW64_USER_MAXREQS7_USER_RFIFONUM_WIDTH9_46
gmem1_m_axi_U/clk_gate_load_unit_buff_rdata_genblk1_U_fifo_mem_mem_reg_30_       3.9900     0.0      0.0000       3.9900 0.0000 SNPS_CLOCK_GATE_HIGH_tinytpu_isa_gmem1_m_axi_CONSERVATIVE1_NUM_READ_OUTSTANDING16_NUM_WRITE_OUTSTANDING16_MAX_READ_BURST_LENGTH16_MAX_WRITE_BURST_LENGTH16_C_M_AXI_ID_WIDTH1_C_M_AXI_ADDR_WIDTH64_C_M_AXI_DATA_WIDTH64_C_M_AXI_AWUSER_WIDTH1_C_M_AXI_ARUSER_WIDTH1_C_M_AXI_WUSER_WIDTH1_C_M_AXI_RUSER_WIDTH1_C_M_AXI_BUSER_WIDTH1_C_USER_VALUE0_C_PROT_VALUE0_C_CACHE_VALUE3_USER_DW64_USER_AW64_USER_MAXREQS7_USER_RFIFONUM_WIDTH9_74
gmem1_m_axi_U/clk_gate_load_unit_buff_rdata_genblk1_U_fifo_mem_mem_reg_31_       3.9900     0.0      0.0000       3.9900 0.0000 SNPS_CLOCK_GATE_HIGH_tinytpu_isa_gmem1_m_axi_CONSERVATIVE1_NUM_READ_OUTSTANDING16_NUM_WRITE_OUTSTANDING16_MAX_READ_BURST_LENGTH16_MAX_WRITE_BURST_LENGTH16_C_M_AXI_ID_WIDTH1_C_M_AXI_ADDR_WIDTH64_C_M_AXI_DATA_WIDTH64_C_M_AXI_AWUSER_WIDTH1_C_M_AXI_ARUSER_WIDTH1_C_M_AXI_WUSER_WIDTH1_C_M_AXI_RUSER_WIDTH1_C_M_AXI_BUSER_WIDTH1_C_USER_VALUE0_C_PROT_VALUE0_C_CACHE_VALUE3_USER_DW64_USER_AW64_USER_MAXREQS7_USER_RFIFONUM_WIDTH9_75
gmem1_m_axi_U/clk_gate_load_unit_buff_rdata_genblk1_U_fifo_mem_mem_reg_32_       3.9900     0.0      0.0000       3.9900 0.0000 SNPS_CLOCK_GATE_HIGH_tinytpu_isa_gmem1_m_axi_CONSERVATIVE1_NUM_READ_OUTSTANDING16_NUM_WRITE_OUTSTANDING16_MAX_READ_BURST_LENGTH16_MAX_WRITE_BURST_LENGTH16_C_M_AXI_ID_WIDTH1_C_M_AXI_ADDR_WIDTH64_C_M_AXI_DATA_WIDTH64_C_M_AXI_AWUSER_WIDTH1_C_M_AXI_ARUSER_WIDTH1_C_M_AXI_WUSER_WIDTH1_C_M_AXI_RUSER_WIDTH1_C_M_AXI_BUSER_WIDTH1_C_USER_VALUE0_C_PROT_VALUE0_C_CACHE_VALUE3_USER_DW64_USER_AW64_USER_MAXREQS7_USER_RFIFONUM_WIDTH9_76
gmem1_m_axi_U/clk_gate_load_unit_buff_rdata_genblk1_U_fifo_mem_mem_reg_33_       3.9900     0.0      0.0000       3.9900 0.0000 SNPS_CLOCK_GATE_HIGH_tinytpu_isa_gmem1_m_axi_CONSERVATIVE1_NUM_READ_OUTSTANDING16_NUM_WRITE_OUTSTANDING16_MAX_READ_BURST_LENGTH16_MAX_WRITE_BURST_LENGTH16_C_M_AXI_ID_WIDTH1_C_M_AXI_ADDR_WIDTH64_C_M_AXI_DATA_WIDTH64_C_M_AXI_AWUSER_WIDTH1_C_M_AXI_ARUSER_WIDTH1_C_M_AXI_WUSER_WIDTH1_C_M_AXI_RUSER_WIDTH1_C_M_AXI_BUSER_WIDTH1_C_USER_VALUE0_C_PROT_VALUE0_C_CACHE_VALUE3_USER_DW64_USER_AW64_USER_MAXREQS7_USER_RFIFONUM_WIDTH9_77
gmem1_m_axi_U/clk_gate_load_unit_buff_rdata_genblk1_U_fifo_mem_mem_reg_34_       3.9900     0.0      0.0000       3.9900 0.0000 SNPS_CLOCK_GATE_HIGH_tinytpu_isa_gmem1_m_axi_CONSERVATIVE1_NUM_READ_OUTSTANDING16_NUM_WRITE_OUTSTANDING16_MAX_READ_BURST_LENGTH16_MAX_WRITE_BURST_LENGTH16_C_M_AXI_ID_WIDTH1_C_M_AXI_ADDR_WIDTH64_C_M_AXI_DATA_WIDTH64_C_M_AXI_AWUSER_WIDTH1_C_M_AXI_ARUSER_WIDTH1_C_M_AXI_WUSER_WIDTH1_C_M_AXI_RUSER_WIDTH1_C_M_AXI_BUSER_WIDTH1_C_USER_VALUE0_C_PROT_VALUE0_C_CACHE_VALUE3_USER_DW64_USER_AW64_USER_MAXREQS7_USER_RFIFONUM_WIDTH9_78
gmem1_m_axi_U/clk_gate_load_unit_buff_rdata_genblk1_U_fifo_mem_mem_reg_35_       3.9900     0.0      0.0000       3.9900 0.0000 SNPS_CLOCK_GATE_HIGH_tinytpu_isa_gmem1_m_axi_CONSERVATIVE1_NUM_READ_OUTSTANDING16_NUM_WRITE_OUTSTANDING16_MAX_READ_BURST_LENGTH16_MAX_WRITE_BURST_LENGTH16_C_M_AXI_ID_WIDTH1_C_M_AXI_ADDR_WIDTH64_C_M_AXI_DATA_WIDTH64_C_M_AXI_AWUSER_WIDTH1_C_M_AXI_ARUSER_WIDTH1_C_M_AXI_WUSER_WIDTH1_C_M_AXI_RUSER_WIDTH1_C_M_AXI_BUSER_WIDTH1_C_USER_VALUE0_C_PROT_VALUE0_C_CACHE_VALUE3_USER_DW64_USER_AW64_USER_MAXREQS7_USER_RFIFONUM_WIDTH9_79
gmem1_m_axi_U/clk_gate_load_unit_buff_rdata_genblk1_U_fifo_mem_mem_reg_36_       3.9900     0.0      0.0000       3.9900 0.0000 SNPS_CLOCK_GATE_HIGH_tinytpu_isa_gmem1_m_axi_CONSERVATIVE1_NUM_READ_OUTSTANDING16_NUM_WRITE_OUTSTANDING16_MAX_READ_BURST_LENGTH16_MAX_WRITE_BURST_LENGTH16_C_M_AXI_ID_WIDTH1_C_M_AXI_ADDR_WIDTH64_C_M_AXI_DATA_WIDTH64_C_M_AXI_AWUSER_WIDTH1_C_M_AXI_ARUSER_WIDTH1_C_M_AXI_WUSER_WIDTH1_C_M_AXI_RUSER_WIDTH1_C_M_AXI_BUSER_WIDTH1_C_USER_VALUE0_C_PROT_VALUE0_C_CACHE_VALUE3_USER_DW64_USER_AW64_USER_MAXREQS7_USER_RFIFONUM_WIDTH9_80
gmem1_m_axi_U/clk_gate_load_unit_buff_rdata_genblk1_U_fifo_mem_mem_reg_37_       3.9900     0.0      0.0000       3.9900 0.0000 SNPS_CLOCK_GATE_HIGH_tinytpu_isa_gmem1_m_axi_CONSERVATIVE1_NUM_READ_OUTSTANDING16_NUM_WRITE_OUTSTANDING16_MAX_READ_BURST_LENGTH16_MAX_WRITE_BURST_LENGTH16_C_M_AXI_ID_WIDTH1_C_M_AXI_ADDR_WIDTH64_C_M_AXI_DATA_WIDTH64_C_M_AXI_AWUSER_WIDTH1_C_M_AXI_ARUSER_WIDTH1_C_M_AXI_WUSER_WIDTH1_C_M_AXI_RUSER_WIDTH1_C_M_AXI_BUSER_WIDTH1_C_USER_VALUE0_C_PROT_VALUE0_C_CACHE_VALUE3_USER_DW64_USER_AW64_USER_MAXREQS7_USER_RFIFONUM_WIDTH9_81
gmem1_m_axi_U/clk_gate_load_unit_buff_rdata_genblk1_U_fifo_mem_mem_reg_38_       3.9900     0.0      0.0000       3.9900 0.0000 SNPS_CLOCK_GATE_HIGH_tinytpu_isa_gmem1_m_axi_CONSERVATIVE1_NUM_READ_OUTSTANDING16_NUM_WRITE_OUTSTANDING16_MAX_READ_BURST_LENGTH16_MAX_WRITE_BURST_LENGTH16_C_M_AXI_ID_WIDTH1_C_M_AXI_ADDR_WIDTH64_C_M_AXI_DATA_WIDTH64_C_M_AXI_AWUSER_WIDTH1_C_M_AXI_ARUSER_WIDTH1_C_M_AXI_WUSER_WIDTH1_C_M_AXI_RUSER_WIDTH1_C_M_AXI_BUSER_WIDTH1_C_USER_VALUE0_C_PROT_VALUE0_C_CACHE_VALUE3_USER_DW64_USER_AW64_USER_MAXREQS7_USER_RFIFONUM_WIDTH9_82
gmem1_m_axi_U/clk_gate_load_unit_buff_rdata_genblk1_U_fifo_mem_mem_reg_39_       3.9900     0.0      0.0000       3.9900 0.0000 SNPS_CLOCK_GATE_HIGH_tinytpu_isa_gmem1_m_axi_CONSERVATIVE1_NUM_READ_OUTSTANDING16_NUM_WRITE_OUTSTANDING16_MAX_READ_BURST_LENGTH16_MAX_WRITE_BURST_LENGTH16_C_M_AXI_ID_WIDTH1_C_M_AXI_ADDR_WIDTH64_C_M_AXI_DATA_WIDTH64_C_M_AXI_AWUSER_WIDTH1_C_M_AXI_ARUSER_WIDTH1_C_M_AXI_WUSER_WIDTH1_C_M_AXI_RUSER_WIDTH1_C_M_AXI_BUSER_WIDTH1_C_USER_VALUE0_C_PROT_VALUE0_C_CACHE_VALUE3_USER_DW64_USER_AW64_USER_MAXREQS7_USER_RFIFONUM_WIDTH9_83
gmem1_m_axi_U/clk_gate_load_unit_buff_rdata_genblk1_U_fifo_mem_mem_reg_3_       3.9900     0.0      0.0000       3.9900 0.0000 SNPS_CLOCK_GATE_HIGH_tinytpu_isa_gmem1_m_axi_CONSERVATIVE1_NUM_READ_OUTSTANDING16_NUM_WRITE_OUTSTANDING16_MAX_READ_BURST_LENGTH16_MAX_WRITE_BURST_LENGTH16_C_M_AXI_ID_WIDTH1_C_M_AXI_ADDR_WIDTH64_C_M_AXI_DATA_WIDTH64_C_M_AXI_AWUSER_WIDTH1_C_M_AXI_ARUSER_WIDTH1_C_M_AXI_WUSER_WIDTH1_C_M_AXI_RUSER_WIDTH1_C_M_AXI_BUSER_WIDTH1_C_USER_VALUE0_C_PROT_VALUE0_C_CACHE_VALUE3_USER_DW64_USER_AW64_USER_MAXREQS7_USER_RFIFONUM_WIDTH9_47
gmem1_m_axi_U/clk_gate_load_unit_buff_rdata_genblk1_U_fifo_mem_mem_reg_40_       3.9900     0.0      0.0000       3.9900 0.0000 SNPS_CLOCK_GATE_HIGH_tinytpu_isa_gmem1_m_axi_CONSERVATIVE1_NUM_READ_OUTSTANDING16_NUM_WRITE_OUTSTANDING16_MAX_READ_BURST_LENGTH16_MAX_WRITE_BURST_LENGTH16_C_M_AXI_ID_WIDTH1_C_M_AXI_ADDR_WIDTH64_C_M_AXI_DATA_WIDTH64_C_M_AXI_AWUSER_WIDTH1_C_M_AXI_ARUSER_WIDTH1_C_M_AXI_WUSER_WIDTH1_C_M_AXI_RUSER_WIDTH1_C_M_AXI_BUSER_WIDTH1_C_USER_VALUE0_C_PROT_VALUE0_C_CACHE_VALUE3_USER_DW64_USER_AW64_USER_MAXREQS7_USER_RFIFONUM_WIDTH9_84
gmem1_m_axi_U/clk_gate_load_unit_buff_rdata_genblk1_U_fifo_mem_mem_reg_41_       3.9900     0.0      0.0000       3.9900 0.0000 SNPS_CLOCK_GATE_HIGH_tinytpu_isa_gmem1_m_axi_CONSERVATIVE1_NUM_READ_OUTSTANDING16_NUM_WRITE_OUTSTANDING16_MAX_READ_BURST_LENGTH16_MAX_WRITE_BURST_LENGTH16_C_M_AXI_ID_WIDTH1_C_M_AXI_ADDR_WIDTH64_C_M_AXI_DATA_WIDTH64_C_M_AXI_AWUSER_WIDTH1_C_M_AXI_ARUSER_WIDTH1_C_M_AXI_WUSER_WIDTH1_C_M_AXI_RUSER_WIDTH1_C_M_AXI_BUSER_WIDTH1_C_USER_VALUE0_C_PROT_VALUE0_C_CACHE_VALUE3_USER_DW64_USER_AW64_USER_MAXREQS7_USER_RFIFONUM_WIDTH9_85
gmem1_m_axi_U/clk_gate_load_unit_buff_rdata_genblk1_U_fifo_mem_mem_reg_42_       3.9900     0.0      0.0000       3.9900 0.0000 SNPS_CLOCK_GATE_HIGH_tinytpu_isa_gmem1_m_axi_CONSERVATIVE1_NUM_READ_OUTSTANDING16_NUM_WRITE_OUTSTANDING16_MAX_READ_BURST_LENGTH16_MAX_WRITE_BURST_LENGTH16_C_M_AXI_ID_WIDTH1_C_M_AXI_ADDR_WIDTH64_C_M_AXI_DATA_WIDTH64_C_M_AXI_AWUSER_WIDTH1_C_M_AXI_ARUSER_WIDTH1_C_M_AXI_WUSER_WIDTH1_C_M_AXI_RUSER_WIDTH1_C_M_AXI_BUSER_WIDTH1_C_USER_VALUE0_C_PROT_VALUE0_C_CACHE_VALUE3_USER_DW64_USER_AW64_USER_MAXREQS7_USER_RFIFONUM_WIDTH9_86
gmem1_m_axi_U/clk_gate_load_unit_buff_rdata_genblk1_U_fifo_mem_mem_reg_43_       3.9900     0.0      0.0000       3.9900 0.0000 SNPS_CLOCK_GATE_HIGH_tinytpu_isa_gmem1_m_axi_CONSERVATIVE1_NUM_READ_OUTSTANDING16_NUM_WRITE_OUTSTANDING16_MAX_READ_BURST_LENGTH16_MAX_WRITE_BURST_LENGTH16_C_M_AXI_ID_WIDTH1_C_M_AXI_ADDR_WIDTH64_C_M_AXI_DATA_WIDTH64_C_M_AXI_AWUSER_WIDTH1_C_M_AXI_ARUSER_WIDTH1_C_M_AXI_WUSER_WIDTH1_C_M_AXI_RUSER_WIDTH1_C_M_AXI_BUSER_WIDTH1_C_USER_VALUE0_C_PROT_VALUE0_C_CACHE_VALUE3_USER_DW64_USER_AW64_USER_MAXREQS7_USER_RFIFONUM_WIDTH9_87
gmem1_m_axi_U/clk_gate_load_unit_buff_rdata_genblk1_U_fifo_mem_mem_reg_44_       3.9900     0.0      0.0000       3.9900 0.0000 SNPS_CLOCK_GATE_HIGH_tinytpu_isa_gmem1_m_axi_CONSERVATIVE1_NUM_READ_OUTSTANDING16_NUM_WRITE_OUTSTANDING16_MAX_READ_BURST_LENGTH16_MAX_WRITE_BURST_LENGTH16_C_M_AXI_ID_WIDTH1_C_M_AXI_ADDR_WIDTH64_C_M_AXI_DATA_WIDTH64_C_M_AXI_AWUSER_WIDTH1_C_M_AXI_ARUSER_WIDTH1_C_M_AXI_WUSER_WIDTH1_C_M_AXI_RUSER_WIDTH1_C_M_AXI_BUSER_WIDTH1_C_USER_VALUE0_C_PROT_VALUE0_C_CACHE_VALUE3_USER_DW64_USER_AW64_USER_MAXREQS7_USER_RFIFONUM_WIDTH9_88
gmem1_m_axi_U/clk_gate_load_unit_buff_rdata_genblk1_U_fifo_mem_mem_reg_45_       3.9900     0.0      0.0000       3.9900 0.0000 SNPS_CLOCK_GATE_HIGH_tinytpu_isa_gmem1_m_axi_CONSERVATIVE1_NUM_READ_OUTSTANDING16_NUM_WRITE_OUTSTANDING16_MAX_READ_BURST_LENGTH16_MAX_WRITE_BURST_LENGTH16_C_M_AXI_ID_WIDTH1_C_M_AXI_ADDR_WIDTH64_C_M_AXI_DATA_WIDTH64_C_M_AXI_AWUSER_WIDTH1_C_M_AXI_ARUSER_WIDTH1_C_M_AXI_WUSER_WIDTH1_C_M_AXI_RUSER_WIDTH1_C_M_AXI_BUSER_WIDTH1_C_USER_VALUE0_C_PROT_VALUE0_C_CACHE_VALUE3_USER_DW64_USER_AW64_USER_MAXREQS7_USER_RFIFONUM_WIDTH9_89
gmem1_m_axi_U/clk_gate_load_unit_buff_rdata_genblk1_U_fifo_mem_mem_reg_46_       3.9900     0.0      0.0000       3.9900 0.0000 SNPS_CLOCK_GATE_HIGH_tinytpu_isa_gmem1_m_axi_CONSERVATIVE1_NUM_READ_OUTSTANDING16_NUM_WRITE_OUTSTANDING16_MAX_READ_BURST_LENGTH16_MAX_WRITE_BURST_LENGTH16_C_M_AXI_ID_WIDTH1_C_M_AXI_ADDR_WIDTH64_C_M_AXI_DATA_WIDTH64_C_M_AXI_AWUSER_WIDTH1_C_M_AXI_ARUSER_WIDTH1_C_M_AXI_WUSER_WIDTH1_C_M_AXI_RUSER_WIDTH1_C_M_AXI_BUSER_WIDTH1_C_USER_VALUE0_C_PROT_VALUE0_C_CACHE_VALUE3_USER_DW64_USER_AW64_USER_MAXREQS7_USER_RFIFONUM_WIDTH9_90
gmem1_m_axi_U/clk_gate_load_unit_buff_rdata_genblk1_U_fifo_mem_mem_reg_47_       3.9900     0.0      0.0000       3.9900 0.0000 SNPS_CLOCK_GATE_HIGH_tinytpu_isa_gmem1_m_axi_CONSERVATIVE1_NUM_READ_OUTSTANDING16_NUM_WRITE_OUTSTANDING16_MAX_READ_BURST_LENGTH16_MAX_WRITE_BURST_LENGTH16_C_M_AXI_ID_WIDTH1_C_M_AXI_ADDR_WIDTH64_C_M_AXI_DATA_WIDTH64_C_M_AXI_AWUSER_WIDTH1_C_M_AXI_ARUSER_WIDTH1_C_M_AXI_WUSER_WIDTH1_C_M_AXI_RUSER_WIDTH1_C_M_AXI_BUSER_WIDTH1_C_USER_VALUE0_C_PROT_VALUE0_C_CACHE_VALUE3_USER_DW64_USER_AW64_USER_MAXREQS7_USER_RFIFONUM_WIDTH9_91
gmem1_m_axi_U/clk_gate_load_unit_buff_rdata_genblk1_U_fifo_mem_mem_reg_48_       3.9900     0.0      0.0000       3.9900 0.0000 SNPS_CLOCK_GATE_HIGH_tinytpu_isa_gmem1_m_axi_CONSERVATIVE1_NUM_READ_OUTSTANDING16_NUM_WRITE_OUTSTANDING16_MAX_READ_BURST_LENGTH16_MAX_WRITE_BURST_LENGTH16_C_M_AXI_ID_WIDTH1_C_M_AXI_ADDR_WIDTH64_C_M_AXI_DATA_WIDTH64_C_M_AXI_AWUSER_WIDTH1_C_M_AXI_ARUSER_WIDTH1_C_M_AXI_WUSER_WIDTH1_C_M_AXI_RUSER_WIDTH1_C_M_AXI_BUSER_WIDTH1_C_USER_VALUE0_C_PROT_VALUE0_C_CACHE_VALUE3_USER_DW64_USER_AW64_USER_MAXREQS7_USER_RFIFONUM_WIDTH9_92
gmem1_m_axi_U/clk_gate_load_unit_buff_rdata_genblk1_U_fifo_mem_mem_reg_49_       3.9900     0.0      0.0000       3.9900 0.0000 SNPS_CLOCK_GATE_HIGH_tinytpu_isa_gmem1_m_axi_CONSERVATIVE1_NUM_READ_OUTSTANDING16_NUM_WRITE_OUTSTANDING16_MAX_READ_BURST_LENGTH16_MAX_WRITE_BURST_LENGTH16_C_M_AXI_ID_WIDTH1_C_M_AXI_ADDR_WIDTH64_C_M_AXI_DATA_WIDTH64_C_M_AXI_AWUSER_WIDTH1_C_M_AXI_ARUSER_WIDTH1_C_M_AXI_WUSER_WIDTH1_C_M_AXI_RUSER_WIDTH1_C_M_AXI_BUSER_WIDTH1_C_USER_VALUE0_C_PROT_VALUE0_C_CACHE_VALUE3_USER_DW64_USER_AW64_USER_MAXREQS7_USER_RFIFONUM_WIDTH9_93
gmem1_m_axi_U/clk_gate_load_unit_buff_rdata_genblk1_U_fifo_mem_mem_reg_4_       3.9900     0.0      0.0000       3.9900 0.0000 SNPS_CLOCK_GATE_HIGH_tinytpu_isa_gmem1_m_axi_CONSERVATIVE1_NUM_READ_OUTSTANDING16_NUM_WRITE_OUTSTANDING16_MAX_READ_BURST_LENGTH16_MAX_WRITE_BURST_LENGTH16_C_M_AXI_ID_WIDTH1_C_M_AXI_ADDR_WIDTH64_C_M_AXI_DATA_WIDTH64_C_M_AXI_AWUSER_WIDTH1_C_M_AXI_ARUSER_WIDTH1_C_M_AXI_WUSER_WIDTH1_C_M_AXI_RUSER_WIDTH1_C_M_AXI_BUSER_WIDTH1_C_USER_VALUE0_C_PROT_VALUE0_C_CACHE_VALUE3_USER_DW64_USER_AW64_USER_MAXREQS7_USER_RFIFONUM_WIDTH9_48
gmem1_m_axi_U/clk_gate_load_unit_buff_rdata_genblk1_U_fifo_mem_mem_reg_50_       3.9900     0.0      0.0000       3.9900 0.0000 SNPS_CLOCK_GATE_HIGH_tinytpu_isa_gmem1_m_axi_CONSERVATIVE1_NUM_READ_OUTSTANDING16_NUM_WRITE_OUTSTANDING16_MAX_READ_BURST_LENGTH16_MAX_WRITE_BURST_LENGTH16_C_M_AXI_ID_WIDTH1_C_M_AXI_ADDR_WIDTH64_C_M_AXI_DATA_WIDTH64_C_M_AXI_AWUSER_WIDTH1_C_M_AXI_ARUSER_WIDTH1_C_M_AXI_WUSER_WIDTH1_C_M_AXI_RUSER_WIDTH1_C_M_AXI_BUSER_WIDTH1_C_USER_VALUE0_C_PROT_VALUE0_C_CACHE_VALUE3_USER_DW64_USER_AW64_USER_MAXREQS7_USER_RFIFONUM_WIDTH9_94
gmem1_m_axi_U/clk_gate_load_unit_buff_rdata_genblk1_U_fifo_mem_mem_reg_51_       3.9900     0.0      0.0000       3.9900 0.0000 SNPS_CLOCK_GATE_HIGH_tinytpu_isa_gmem1_m_axi_CONSERVATIVE1_NUM_READ_OUTSTANDING16_NUM_WRITE_OUTSTANDING16_MAX_READ_BURST_LENGTH16_MAX_WRITE_BURST_LENGTH16_C_M_AXI_ID_WIDTH1_C_M_AXI_ADDR_WIDTH64_C_M_AXI_DATA_WIDTH64_C_M_AXI_AWUSER_WIDTH1_C_M_AXI_ARUSER_WIDTH1_C_M_AXI_WUSER_WIDTH1_C_M_AXI_RUSER_WIDTH1_C_M_AXI_BUSER_WIDTH1_C_USER_VALUE0_C_PROT_VALUE0_C_CACHE_VALUE3_USER_DW64_USER_AW64_USER_MAXREQS7_USER_RFIFONUM_WIDTH9_95
gmem1_m_axi_U/clk_gate_load_unit_buff_rdata_genblk1_U_fifo_mem_mem_reg_52_       3.9900     0.0      0.0000       3.9900 0.0000 SNPS_CLOCK_GATE_HIGH_tinytpu_isa_gmem1_m_axi_CONSERVATIVE1_NUM_READ_OUTSTANDING16_NUM_WRITE_OUTSTANDING16_MAX_READ_BURST_LENGTH16_MAX_WRITE_BURST_LENGTH16_C_M_AXI_ID_WIDTH1_C_M_AXI_ADDR_WIDTH64_C_M_AXI_DATA_WIDTH64_C_M_AXI_AWUSER_WIDTH1_C_M_AXI_ARUSER_WIDTH1_C_M_AXI_WUSER_WIDTH1_C_M_AXI_RUSER_WIDTH1_C_M_AXI_BUSER_WIDTH1_C_USER_VALUE0_C_PROT_VALUE0_C_CACHE_VALUE3_USER_DW64_USER_AW64_USER_MAXREQS7_USER_RFIFONUM_WIDTH9_96
gmem1_m_axi_U/clk_gate_load_unit_buff_rdata_genblk1_U_fifo_mem_mem_reg_53_       3.9900     0.0      0.0000       3.9900 0.0000 SNPS_CLOCK_GATE_HIGH_tinytpu_isa_gmem1_m_axi_CONSERVATIVE1_NUM_READ_OUTSTANDING16_NUM_WRITE_OUTSTANDING16_MAX_READ_BURST_LENGTH16_MAX_WRITE_BURST_LENGTH16_C_M_AXI_ID_WIDTH1_C_M_AXI_ADDR_WIDTH64_C_M_AXI_DATA_WIDTH64_C_M_AXI_AWUSER_WIDTH1_C_M_AXI_ARUSER_WIDTH1_C_M_AXI_WUSER_WIDTH1_C_M_AXI_RUSER_WIDTH1_C_M_AXI_BUSER_WIDTH1_C_USER_VALUE0_C_PROT_VALUE0_C_CACHE_VALUE3_USER_DW64_USER_AW64_USER_MAXREQS7_USER_RFIFONUM_WIDTH9_97
gmem1_m_axi_U/clk_gate_load_unit_buff_rdata_genblk1_U_fifo_mem_mem_reg_54_       3.9900     0.0      0.0000       3.9900 0.0000 SNPS_CLOCK_GATE_HIGH_tinytpu_isa_gmem1_m_axi_CONSERVATIVE1_NUM_READ_OUTSTANDING16_NUM_WRITE_OUTSTANDING16_MAX_READ_BURST_LENGTH16_MAX_WRITE_BURST_LENGTH16_C_M_AXI_ID_WIDTH1_C_M_AXI_ADDR_WIDTH64_C_M_AXI_DATA_WIDTH64_C_M_AXI_AWUSER_WIDTH1_C_M_AXI_ARUSER_WIDTH1_C_M_AXI_WUSER_WIDTH1_C_M_AXI_RUSER_WIDTH1_C_M_AXI_BUSER_WIDTH1_C_USER_VALUE0_C_PROT_VALUE0_C_CACHE_VALUE3_USER_DW64_USER_AW64_USER_MAXREQS7_USER_RFIFONUM_WIDTH9_98
gmem1_m_axi_U/clk_gate_load_unit_buff_rdata_genblk1_U_fifo_mem_mem_reg_55_       3.9900     0.0      0.0000       3.9900 0.0000 SNPS_CLOCK_GATE_HIGH_tinytpu_isa_gmem1_m_axi_CONSERVATIVE1_NUM_READ_OUTSTANDING16_NUM_WRITE_OUTSTANDING16_MAX_READ_BURST_LENGTH16_MAX_WRITE_BURST_LENGTH16_C_M_AXI_ID_WIDTH1_C_M_AXI_ADDR_WIDTH64_C_M_AXI_DATA_WIDTH64_C_M_AXI_AWUSER_WIDTH1_C_M_AXI_ARUSER_WIDTH1_C_M_AXI_WUSER_WIDTH1_C_M_AXI_RUSER_WIDTH1_C_M_AXI_BUSER_WIDTH1_C_USER_VALUE0_C_PROT_VALUE0_C_CACHE_VALUE3_USER_DW64_USER_AW64_USER_MAXREQS7_USER_RFIFONUM_WIDTH9_99
gmem1_m_axi_U/clk_gate_load_unit_buff_rdata_genblk1_U_fifo_mem_mem_reg_56_       3.9900     0.0      0.0000       3.9900 0.0000 SNPS_CLOCK_GATE_HIGH_tinytpu_isa_gmem1_m_axi_CONSERVATIVE1_NUM_READ_OUTSTANDING16_NUM_WRITE_OUTSTANDING16_MAX_READ_BURST_LENGTH16_MAX_WRITE_BURST_LENGTH16_C_M_AXI_ID_WIDTH1_C_M_AXI_ADDR_WIDTH64_C_M_AXI_DATA_WIDTH64_C_M_AXI_AWUSER_WIDTH1_C_M_AXI_ARUSER_WIDTH1_C_M_AXI_WUSER_WIDTH1_C_M_AXI_RUSER_WIDTH1_C_M_AXI_BUSER_WIDTH1_C_USER_VALUE0_C_PROT_VALUE0_C_CACHE_VALUE3_USER_DW64_USER_AW64_USER_MAXREQS7_USER_RFIFONUM_WIDTH9_100
gmem1_m_axi_U/clk_gate_load_unit_buff_rdata_genblk1_U_fifo_mem_mem_reg_57_       3.9900     0.0      0.0000       3.9900 0.0000 SNPS_CLOCK_GATE_HIGH_tinytpu_isa_gmem1_m_axi_CONSERVATIVE1_NUM_READ_OUTSTANDING16_NUM_WRITE_OUTSTANDING16_MAX_READ_BURST_LENGTH16_MAX_WRITE_BURST_LENGTH16_C_M_AXI_ID_WIDTH1_C_M_AXI_ADDR_WIDTH64_C_M_AXI_DATA_WIDTH64_C_M_AXI_AWUSER_WIDTH1_C_M_AXI_ARUSER_WIDTH1_C_M_AXI_WUSER_WIDTH1_C_M_AXI_RUSER_WIDTH1_C_M_AXI_BUSER_WIDTH1_C_USER_VALUE0_C_PROT_VALUE0_C_CACHE_VALUE3_USER_DW64_USER_AW64_USER_MAXREQS7_USER_RFIFONUM_WIDTH9_101
gmem1_m_axi_U/clk_gate_load_unit_buff_rdata_genblk1_U_fifo_mem_mem_reg_58_       3.9900     0.0      0.0000       3.9900 0.0000 SNPS_CLOCK_GATE_HIGH_tinytpu_isa_gmem1_m_axi_CONSERVATIVE1_NUM_READ_OUTSTANDING16_NUM_WRITE_OUTSTANDING16_MAX_READ_BURST_LENGTH16_MAX_WRITE_BURST_LENGTH16_C_M_AXI_ID_WIDTH1_C_M_AXI_ADDR_WIDTH64_C_M_AXI_DATA_WIDTH64_C_M_AXI_AWUSER_WIDTH1_C_M_AXI_ARUSER_WIDTH1_C_M_AXI_WUSER_WIDTH1_C_M_AXI_RUSER_WIDTH1_C_M_AXI_BUSER_WIDTH1_C_USER_VALUE0_C_PROT_VALUE0_C_CACHE_VALUE3_USER_DW64_USER_AW64_USER_MAXREQS7_USER_RFIFONUM_WIDTH9_102
gmem1_m_axi_U/clk_gate_load_unit_buff_rdata_genblk1_U_fifo_mem_mem_reg_59_       3.9900     0.0      0.0000       3.9900 0.0000 SNPS_CLOCK_GATE_HIGH_tinytpu_isa_gmem1_m_axi_CONSERVATIVE1_NUM_READ_OUTSTANDING16_NUM_WRITE_OUTSTANDING16_MAX_READ_BURST_LENGTH16_MAX_WRITE_BURST_LENGTH16_C_M_AXI_ID_WIDTH1_C_M_AXI_ADDR_WIDTH64_C_M_AXI_DATA_WIDTH64_C_M_AXI_AWUSER_WIDTH1_C_M_AXI_ARUSER_WIDTH1_C_M_AXI_WUSER_WIDTH1_C_M_AXI_RUSER_WIDTH1_C_M_AXI_BUSER_WIDTH1_C_USER_VALUE0_C_PROT_VALUE0_C_CACHE_VALUE3_USER_DW64_USER_AW64_USER_MAXREQS7_USER_RFIFONUM_WIDTH9_103
gmem1_m_axi_U/clk_gate_load_unit_buff_rdata_genblk1_U_fifo_mem_mem_reg_5_       3.9900     0.0      0.0000       3.9900 0.0000 SNPS_CLOCK_GATE_HIGH_tinytpu_isa_gmem1_m_axi_CONSERVATIVE1_NUM_READ_OUTSTANDING16_NUM_WRITE_OUTSTANDING16_MAX_READ_BURST_LENGTH16_MAX_WRITE_BURST_LENGTH16_C_M_AXI_ID_WIDTH1_C_M_AXI_ADDR_WIDTH64_C_M_AXI_DATA_WIDTH64_C_M_AXI_AWUSER_WIDTH1_C_M_AXI_ARUSER_WIDTH1_C_M_AXI_WUSER_WIDTH1_C_M_AXI_RUSER_WIDTH1_C_M_AXI_BUSER_WIDTH1_C_USER_VALUE0_C_PROT_VALUE0_C_CACHE_VALUE3_USER_DW64_USER_AW64_USER_MAXREQS7_USER_RFIFONUM_WIDTH9_49
gmem1_m_axi_U/clk_gate_load_unit_buff_rdata_genblk1_U_fifo_mem_mem_reg_60_       3.9900     0.0      0.0000       3.9900 0.0000 SNPS_CLOCK_GATE_HIGH_tinytpu_isa_gmem1_m_axi_CONSERVATIVE1_NUM_READ_OUTSTANDING16_NUM_WRITE_OUTSTANDING16_MAX_READ_BURST_LENGTH16_MAX_WRITE_BURST_LENGTH16_C_M_AXI_ID_WIDTH1_C_M_AXI_ADDR_WIDTH64_C_M_AXI_DATA_WIDTH64_C_M_AXI_AWUSER_WIDTH1_C_M_AXI_ARUSER_WIDTH1_C_M_AXI_WUSER_WIDTH1_C_M_AXI_RUSER_WIDTH1_C_M_AXI_BUSER_WIDTH1_C_USER_VALUE0_C_PROT_VALUE0_C_CACHE_VALUE3_USER_DW64_USER_AW64_USER_MAXREQS7_USER_RFIFONUM_WIDTH9_104
gmem1_m_axi_U/clk_gate_load_unit_buff_rdata_genblk1_U_fifo_mem_mem_reg_61_       3.9900     0.0      0.0000       3.9900 0.0000 SNPS_CLOCK_GATE_HIGH_tinytpu_isa_gmem1_m_axi_CONSERVATIVE1_NUM_READ_OUTSTANDING16_NUM_WRITE_OUTSTANDING16_MAX_READ_BURST_LENGTH16_MAX_WRITE_BURST_LENGTH16_C_M_AXI_ID_WIDTH1_C_M_AXI_ADDR_WIDTH64_C_M_AXI_DATA_WIDTH64_C_M_AXI_AWUSER_WIDTH1_C_M_AXI_ARUSER_WIDTH1_C_M_AXI_WUSER_WIDTH1_C_M_AXI_RUSER_WIDTH1_C_M_AXI_BUSER_WIDTH1_C_USER_VALUE0_C_PROT_VALUE0_C_CACHE_VALUE3_USER_DW64_USER_AW64_USER_MAXREQS7_USER_RFIFONUM_WIDTH9_105
gmem1_m_axi_U/clk_gate_load_unit_buff_rdata_genblk1_U_fifo_mem_mem_reg_62_       3.9900     0.0      0.0000       3.9900 0.0000 SNPS_CLOCK_GATE_HIGH_tinytpu_isa_gmem1_m_axi_CONSERVATIVE1_NUM_READ_OUTSTANDING16_NUM_WRITE_OUTSTANDING16_MAX_READ_BURST_LENGTH16_MAX_WRITE_BURST_LENGTH16_C_M_AXI_ID_WIDTH1_C_M_AXI_ADDR_WIDTH64_C_M_AXI_DATA_WIDTH64_C_M_AXI_AWUSER_WIDTH1_C_M_AXI_ARUSER_WIDTH1_C_M_AXI_WUSER_WIDTH1_C_M_AXI_RUSER_WIDTH1_C_M_AXI_BUSER_WIDTH1_C_USER_VALUE0_C_PROT_VALUE0_C_CACHE_VALUE3_USER_DW64_USER_AW64_USER_MAXREQS7_USER_RFIFONUM_WIDTH9_106
gmem1_m_axi_U/clk_gate_load_unit_buff_rdata_genblk1_U_fifo_mem_mem_reg_63_       3.9900     0.0      0.0000       3.9900 0.0000 SNPS_CLOCK_GATE_HIGH_tinytpu_isa_gmem1_m_axi_CONSERVATIVE1_NUM_READ_OUTSTANDING16_NUM_WRITE_OUTSTANDING16_MAX_READ_BURST_LENGTH16_MAX_WRITE_BURST_LENGTH16_C_M_AXI_ID_WIDTH1_C_M_AXI_ADDR_WIDTH64_C_M_AXI_DATA_WIDTH64_C_M_AXI_AWUSER_WIDTH1_C_M_AXI_ARUSER_WIDTH1_C_M_AXI_WUSER_WIDTH1_C_M_AXI_RUSER_WIDTH1_C_M_AXI_BUSER_WIDTH1_C_USER_VALUE0_C_PROT_VALUE0_C_CACHE_VALUE3_USER_DW64_USER_AW64_USER_MAXREQS7_USER_RFIFONUM_WIDTH9_107
gmem1_m_axi_U/clk_gate_load_unit_buff_rdata_genblk1_U_fifo_mem_mem_reg_64_       3.9900     0.0      0.0000       3.9900 0.0000 SNPS_CLOCK_GATE_HIGH_tinytpu_isa_gmem1_m_axi_CONSERVATIVE1_NUM_READ_OUTSTANDING16_NUM_WRITE_OUTSTANDING16_MAX_READ_BURST_LENGTH16_MAX_WRITE_BURST_LENGTH16_C_M_AXI_ID_WIDTH1_C_M_AXI_ADDR_WIDTH64_C_M_AXI_DATA_WIDTH64_C_M_AXI_AWUSER_WIDTH1_C_M_AXI_ARUSER_WIDTH1_C_M_AXI_WUSER_WIDTH1_C_M_AXI_RUSER_WIDTH1_C_M_AXI_BUSER_WIDTH1_C_USER_VALUE0_C_PROT_VALUE0_C_CACHE_VALUE3_USER_DW64_USER_AW64_USER_MAXREQS7_USER_RFIFONUM_WIDTH9_108
gmem1_m_axi_U/clk_gate_load_unit_buff_rdata_genblk1_U_fifo_mem_mem_reg_65_       3.9900     0.0      0.0000       3.9900 0.0000 SNPS_CLOCK_GATE_HIGH_tinytpu_isa_gmem1_m_axi_CONSERVATIVE1_NUM_READ_OUTSTANDING16_NUM_WRITE_OUTSTANDING16_MAX_READ_BURST_LENGTH16_MAX_WRITE_BURST_LENGTH16_C_M_AXI_ID_WIDTH1_C_M_AXI_ADDR_WIDTH64_C_M_AXI_DATA_WIDTH64_C_M_AXI_AWUSER_WIDTH1_C_M_AXI_ARUSER_WIDTH1_C_M_AXI_WUSER_WIDTH1_C_M_AXI_RUSER_WIDTH1_C_M_AXI_BUSER_WIDTH1_C_USER_VALUE0_C_PROT_VALUE0_C_CACHE_VALUE3_USER_DW64_USER_AW64_USER_MAXREQS7_USER_RFIFONUM_WIDTH9_109
gmem1_m_axi_U/clk_gate_load_unit_buff_rdata_genblk1_U_fifo_mem_mem_reg_66_       3.9900     0.0      0.0000       3.9900 0.0000 SNPS_CLOCK_GATE_HIGH_tinytpu_isa_gmem1_m_axi_CONSERVATIVE1_NUM_READ_OUTSTANDING16_NUM_WRITE_OUTSTANDING16_MAX_READ_BURST_LENGTH16_MAX_WRITE_BURST_LENGTH16_C_M_AXI_ID_WIDTH1_C_M_AXI_ADDR_WIDTH64_C_M_AXI_DATA_WIDTH64_C_M_AXI_AWUSER_WIDTH1_C_M_AXI_ARUSER_WIDTH1_C_M_AXI_WUSER_WIDTH1_C_M_AXI_RUSER_WIDTH1_C_M_AXI_BUSER_WIDTH1_C_USER_VALUE0_C_PROT_VALUE0_C_CACHE_VALUE3_USER_DW64_USER_AW64_USER_MAXREQS7_USER_RFIFONUM_WIDTH9_110
gmem1_m_axi_U/clk_gate_load_unit_buff_rdata_genblk1_U_fifo_mem_mem_reg_67_       3.9900     0.0      0.0000       3.9900 0.0000 SNPS_CLOCK_GATE_HIGH_tinytpu_isa_gmem1_m_axi_CONSERVATIVE1_NUM_READ_OUTSTANDING16_NUM_WRITE_OUTSTANDING16_MAX_READ_BURST_LENGTH16_MAX_WRITE_BURST_LENGTH16_C_M_AXI_ID_WIDTH1_C_M_AXI_ADDR_WIDTH64_C_M_AXI_DATA_WIDTH64_C_M_AXI_AWUSER_WIDTH1_C_M_AXI_ARUSER_WIDTH1_C_M_AXI_WUSER_WIDTH1_C_M_AXI_RUSER_WIDTH1_C_M_AXI_BUSER_WIDTH1_C_USER_VALUE0_C_PROT_VALUE0_C_CACHE_VALUE3_USER_DW64_USER_AW64_USER_MAXREQS7_USER_RFIFONUM_WIDTH9_111
gmem1_m_axi_U/clk_gate_load_unit_buff_rdata_genblk1_U_fifo_mem_mem_reg_68_       3.9900     0.0      0.0000       3.9900 0.0000 SNPS_CLOCK_GATE_HIGH_tinytpu_isa_gmem1_m_axi_CONSERVATIVE1_NUM_READ_OUTSTANDING16_NUM_WRITE_OUTSTANDING16_MAX_READ_BURST_LENGTH16_MAX_WRITE_BURST_LENGTH16_C_M_AXI_ID_WIDTH1_C_M_AXI_ADDR_WIDTH64_C_M_AXI_DATA_WIDTH64_C_M_AXI_AWUSER_WIDTH1_C_M_AXI_ARUSER_WIDTH1_C_M_AXI_WUSER_WIDTH1_C_M_AXI_RUSER_WIDTH1_C_M_AXI_BUSER_WIDTH1_C_USER_VALUE0_C_PROT_VALUE0_C_CACHE_VALUE3_USER_DW64_USER_AW64_USER_MAXREQS7_USER_RFIFONUM_WIDTH9_112
gmem1_m_axi_U/clk_gate_load_unit_buff_rdata_genblk1_U_fifo_mem_mem_reg_69_       3.9900     0.0      0.0000       3.9900 0.0000 SNPS_CLOCK_GATE_HIGH_tinytpu_isa_gmem1_m_axi_CONSERVATIVE1_NUM_READ_OUTSTANDING16_NUM_WRITE_OUTSTANDING16_MAX_READ_BURST_LENGTH16_MAX_WRITE_BURST_LENGTH16_C_M_AXI_ID_WIDTH1_C_M_AXI_ADDR_WIDTH64_C_M_AXI_DATA_WIDTH64_C_M_AXI_AWUSER_WIDTH1_C_M_AXI_ARUSER_WIDTH1_C_M_AXI_WUSER_WIDTH1_C_M_AXI_RUSER_WIDTH1_C_M_AXI_BUSER_WIDTH1_C_USER_VALUE0_C_PROT_VALUE0_C_CACHE_VALUE3_USER_DW64_USER_AW64_USER_MAXREQS7_USER_RFIFONUM_WIDTH9_113
gmem1_m_axi_U/clk_gate_load_unit_buff_rdata_genblk1_U_fifo_mem_mem_reg_6_       3.9900     0.0      0.0000       3.9900 0.0000 SNPS_CLOCK_GATE_HIGH_tinytpu_isa_gmem1_m_axi_CONSERVATIVE1_NUM_READ_OUTSTANDING16_NUM_WRITE_OUTSTANDING16_MAX_READ_BURST_LENGTH16_MAX_WRITE_BURST_LENGTH16_C_M_AXI_ID_WIDTH1_C_M_AXI_ADDR_WIDTH64_C_M_AXI_DATA_WIDTH64_C_M_AXI_AWUSER_WIDTH1_C_M_AXI_ARUSER_WIDTH1_C_M_AXI_WUSER_WIDTH1_C_M_AXI_RUSER_WIDTH1_C_M_AXI_BUSER_WIDTH1_C_USER_VALUE0_C_PROT_VALUE0_C_CACHE_VALUE3_USER_DW64_USER_AW64_USER_MAXREQS7_USER_RFIFONUM_WIDTH9_50
gmem1_m_axi_U/clk_gate_load_unit_buff_rdata_genblk1_U_fifo_mem_mem_reg_70_       3.9900     0.0      0.0000       3.9900 0.0000 SNPS_CLOCK_GATE_HIGH_tinytpu_isa_gmem1_m_axi_CONSERVATIVE1_NUM_READ_OUTSTANDING16_NUM_WRITE_OUTSTANDING16_MAX_READ_BURST_LENGTH16_MAX_WRITE_BURST_LENGTH16_C_M_AXI_ID_WIDTH1_C_M_AXI_ADDR_WIDTH64_C_M_AXI_DATA_WIDTH64_C_M_AXI_AWUSER_WIDTH1_C_M_AXI_ARUSER_WIDTH1_C_M_AXI_WUSER_WIDTH1_C_M_AXI_RUSER_WIDTH1_C_M_AXI_BUSER_WIDTH1_C_USER_VALUE0_C_PROT_VALUE0_C_CACHE_VALUE3_USER_DW64_USER_AW64_USER_MAXREQS7_USER_RFIFONUM_WIDTH9_114
gmem1_m_axi_U/clk_gate_load_unit_buff_rdata_genblk1_U_fifo_mem_mem_reg_71_       3.9900     0.0      0.0000       3.9900 0.0000 SNPS_CLOCK_GATE_HIGH_tinytpu_isa_gmem1_m_axi_CONSERVATIVE1_NUM_READ_OUTSTANDING16_NUM_WRITE_OUTSTANDING16_MAX_READ_BURST_LENGTH16_MAX_WRITE_BURST_LENGTH16_C_M_AXI_ID_WIDTH1_C_M_AXI_ADDR_WIDTH64_C_M_AXI_DATA_WIDTH64_C_M_AXI_AWUSER_WIDTH1_C_M_AXI_ARUSER_WIDTH1_C_M_AXI_WUSER_WIDTH1_C_M_AXI_RUSER_WIDTH1_C_M_AXI_BUSER_WIDTH1_C_USER_VALUE0_C_PROT_VALUE0_C_CACHE_VALUE3_USER_DW64_USER_AW64_USER_MAXREQS7_USER_RFIFONUM_WIDTH9_115
gmem1_m_axi_U/clk_gate_load_unit_buff_rdata_genblk1_U_fifo_mem_mem_reg_72_       3.9900     0.0      0.0000       3.9900 0.0000 SNPS_CLOCK_GATE_HIGH_tinytpu_isa_gmem1_m_axi_CONSERVATIVE1_NUM_READ_OUTSTANDING16_NUM_WRITE_OUTSTANDING16_MAX_READ_BURST_LENGTH16_MAX_WRITE_BURST_LENGTH16_C_M_AXI_ID_WIDTH1_C_M_AXI_ADDR_WIDTH64_C_M_AXI_DATA_WIDTH64_C_M_AXI_AWUSER_WIDTH1_C_M_AXI_ARUSER_WIDTH1_C_M_AXI_WUSER_WIDTH1_C_M_AXI_RUSER_WIDTH1_C_M_AXI_BUSER_WIDTH1_C_USER_VALUE0_C_PROT_VALUE0_C_CACHE_VALUE3_USER_DW64_USER_AW64_USER_MAXREQS7_USER_RFIFONUM_WIDTH9_116
gmem1_m_axi_U/clk_gate_load_unit_buff_rdata_genblk1_U_fifo_mem_mem_reg_73_       3.9900     0.0      0.0000       3.9900 0.0000 SNPS_CLOCK_GATE_HIGH_tinytpu_isa_gmem1_m_axi_CONSERVATIVE1_NUM_READ_OUTSTANDING16_NUM_WRITE_OUTSTANDING16_MAX_READ_BURST_LENGTH16_MAX_WRITE_BURST_LENGTH16_C_M_AXI_ID_WIDTH1_C_M_AXI_ADDR_WIDTH64_C_M_AXI_DATA_WIDTH64_C_M_AXI_AWUSER_WIDTH1_C_M_AXI_ARUSER_WIDTH1_C_M_AXI_WUSER_WIDTH1_C_M_AXI_RUSER_WIDTH1_C_M_AXI_BUSER_WIDTH1_C_USER_VALUE0_C_PROT_VALUE0_C_CACHE_VALUE3_USER_DW64_USER_AW64_USER_MAXREQS7_USER_RFIFONUM_WIDTH9_117
gmem1_m_axi_U/clk_gate_load_unit_buff_rdata_genblk1_U_fifo_mem_mem_reg_74_       3.9900     0.0      0.0000       3.9900 0.0000 SNPS_CLOCK_GATE_HIGH_tinytpu_isa_gmem1_m_axi_CONSERVATIVE1_NUM_READ_OUTSTANDING16_NUM_WRITE_OUTSTANDING16_MAX_READ_BURST_LENGTH16_MAX_WRITE_BURST_LENGTH16_C_M_AXI_ID_WIDTH1_C_M_AXI_ADDR_WIDTH64_C_M_AXI_DATA_WIDTH64_C_M_AXI_AWUSER_WIDTH1_C_M_AXI_ARUSER_WIDTH1_C_M_AXI_WUSER_WIDTH1_C_M_AXI_RUSER_WIDTH1_C_M_AXI_BUSER_WIDTH1_C_USER_VALUE0_C_PROT_VALUE0_C_CACHE_VALUE3_USER_DW64_USER_AW64_USER_MAXREQS7_USER_RFIFONUM_WIDTH9_118
gmem1_m_axi_U/clk_gate_load_unit_buff_rdata_genblk1_U_fifo_mem_mem_reg_75_       3.9900     0.0      0.0000       3.9900 0.0000 SNPS_CLOCK_GATE_HIGH_tinytpu_isa_gmem1_m_axi_CONSERVATIVE1_NUM_READ_OUTSTANDING16_NUM_WRITE_OUTSTANDING16_MAX_READ_BURST_LENGTH16_MAX_WRITE_BURST_LENGTH16_C_M_AXI_ID_WIDTH1_C_M_AXI_ADDR_WIDTH64_C_M_AXI_DATA_WIDTH64_C_M_AXI_AWUSER_WIDTH1_C_M_AXI_ARUSER_WIDTH1_C_M_AXI_WUSER_WIDTH1_C_M_AXI_RUSER_WIDTH1_C_M_AXI_BUSER_WIDTH1_C_USER_VALUE0_C_PROT_VALUE0_C_CACHE_VALUE3_USER_DW64_USER_AW64_USER_MAXREQS7_USER_RFIFONUM_WIDTH9_119
gmem1_m_axi_U/clk_gate_load_unit_buff_rdata_genblk1_U_fifo_mem_mem_reg_76_       3.9900     0.0      0.0000       3.9900 0.0000 SNPS_CLOCK_GATE_HIGH_tinytpu_isa_gmem1_m_axi_CONSERVATIVE1_NUM_READ_OUTSTANDING16_NUM_WRITE_OUTSTANDING16_MAX_READ_BURST_LENGTH16_MAX_WRITE_BURST_LENGTH16_C_M_AXI_ID_WIDTH1_C_M_AXI_ADDR_WIDTH64_C_M_AXI_DATA_WIDTH64_C_M_AXI_AWUSER_WIDTH1_C_M_AXI_ARUSER_WIDTH1_C_M_AXI_WUSER_WIDTH1_C_M_AXI_RUSER_WIDTH1_C_M_AXI_BUSER_WIDTH1_C_USER_VALUE0_C_PROT_VALUE0_C_CACHE_VALUE3_USER_DW64_USER_AW64_USER_MAXREQS7_USER_RFIFONUM_WIDTH9_120
gmem1_m_axi_U/clk_gate_load_unit_buff_rdata_genblk1_U_fifo_mem_mem_reg_77_       3.9900     0.0      0.0000       3.9900 0.0000 SNPS_CLOCK_GATE_HIGH_tinytpu_isa_gmem1_m_axi_CONSERVATIVE1_NUM_READ_OUTSTANDING16_NUM_WRITE_OUTSTANDING16_MAX_READ_BURST_LENGTH16_MAX_WRITE_BURST_LENGTH16_C_M_AXI_ID_WIDTH1_C_M_AXI_ADDR_WIDTH64_C_M_AXI_DATA_WIDTH64_C_M_AXI_AWUSER_WIDTH1_C_M_AXI_ARUSER_WIDTH1_C_M_AXI_WUSER_WIDTH1_C_M_AXI_RUSER_WIDTH1_C_M_AXI_BUSER_WIDTH1_C_USER_VALUE0_C_PROT_VALUE0_C_CACHE_VALUE3_USER_DW64_USER_AW64_USER_MAXREQS7_USER_RFIFONUM_WIDTH9_121
gmem1_m_axi_U/clk_gate_load_unit_buff_rdata_genblk1_U_fifo_mem_mem_reg_78_       3.9900     0.0      0.0000       3.9900 0.0000 SNPS_CLOCK_GATE_HIGH_tinytpu_isa_gmem1_m_axi_CONSERVATIVE1_NUM_READ_OUTSTANDING16_NUM_WRITE_OUTSTANDING16_MAX_READ_BURST_LENGTH16_MAX_WRITE_BURST_LENGTH16_C_M_AXI_ID_WIDTH1_C_M_AXI_ADDR_WIDTH64_C_M_AXI_DATA_WIDTH64_C_M_AXI_AWUSER_WIDTH1_C_M_AXI_ARUSER_WIDTH1_C_M_AXI_WUSER_WIDTH1_C_M_AXI_RUSER_WIDTH1_C_M_AXI_BUSER_WIDTH1_C_USER_VALUE0_C_PROT_VALUE0_C_CACHE_VALUE3_USER_DW64_USER_AW64_USER_MAXREQS7_USER_RFIFONUM_WIDTH9_122
gmem1_m_axi_U/clk_gate_load_unit_buff_rdata_genblk1_U_fifo_mem_mem_reg_79_       3.9900     0.0      0.0000       3.9900 0.0000 SNPS_CLOCK_GATE_HIGH_tinytpu_isa_gmem1_m_axi_CONSERVATIVE1_NUM_READ_OUTSTANDING16_NUM_WRITE_OUTSTANDING16_MAX_READ_BURST_LENGTH16_MAX_WRITE_BURST_LENGTH16_C_M_AXI_ID_WIDTH1_C_M_AXI_ADDR_WIDTH64_C_M_AXI_DATA_WIDTH64_C_M_AXI_AWUSER_WIDTH1_C_M_AXI_ARUSER_WIDTH1_C_M_AXI_WUSER_WIDTH1_C_M_AXI_RUSER_WIDTH1_C_M_AXI_BUSER_WIDTH1_C_USER_VALUE0_C_PROT_VALUE0_C_CACHE_VALUE3_USER_DW64_USER_AW64_USER_MAXREQS7_USER_RFIFONUM_WIDTH9_123
gmem1_m_axi_U/clk_gate_load_unit_buff_rdata_genblk1_U_fifo_mem_mem_reg_7_       3.9900     0.0      0.0000       3.9900 0.0000 SNPS_CLOCK_GATE_HIGH_tinytpu_isa_gmem1_m_axi_CONSERVATIVE1_NUM_READ_OUTSTANDING16_NUM_WRITE_OUTSTANDING16_MAX_READ_BURST_LENGTH16_MAX_WRITE_BURST_LENGTH16_C_M_AXI_ID_WIDTH1_C_M_AXI_ADDR_WIDTH64_C_M_AXI_DATA_WIDTH64_C_M_AXI_AWUSER_WIDTH1_C_M_AXI_ARUSER_WIDTH1_C_M_AXI_WUSER_WIDTH1_C_M_AXI_RUSER_WIDTH1_C_M_AXI_BUSER_WIDTH1_C_USER_VALUE0_C_PROT_VALUE0_C_CACHE_VALUE3_USER_DW64_USER_AW64_USER_MAXREQS7_USER_RFIFONUM_WIDTH9_51
gmem1_m_axi_U/clk_gate_load_unit_buff_rdata_genblk1_U_fifo_mem_mem_reg_80_       3.9900     0.0      0.0000       3.9900 0.0000 SNPS_CLOCK_GATE_HIGH_tinytpu_isa_gmem1_m_axi_CONSERVATIVE1_NUM_READ_OUTSTANDING16_NUM_WRITE_OUTSTANDING16_MAX_READ_BURST_LENGTH16_MAX_WRITE_BURST_LENGTH16_C_M_AXI_ID_WIDTH1_C_M_AXI_ADDR_WIDTH64_C_M_AXI_DATA_WIDTH64_C_M_AXI_AWUSER_WIDTH1_C_M_AXI_ARUSER_WIDTH1_C_M_AXI_WUSER_WIDTH1_C_M_AXI_RUSER_WIDTH1_C_M_AXI_BUSER_WIDTH1_C_USER_VALUE0_C_PROT_VALUE0_C_CACHE_VALUE3_USER_DW64_USER_AW64_USER_MAXREQS7_USER_RFIFONUM_WIDTH9_124
gmem1_m_axi_U/clk_gate_load_unit_buff_rdata_genblk1_U_fifo_mem_mem_reg_81_       3.9900     0.0      0.0000       3.9900 0.0000 SNPS_CLOCK_GATE_HIGH_tinytpu_isa_gmem1_m_axi_CONSERVATIVE1_NUM_READ_OUTSTANDING16_NUM_WRITE_OUTSTANDING16_MAX_READ_BURST_LENGTH16_MAX_WRITE_BURST_LENGTH16_C_M_AXI_ID_WIDTH1_C_M_AXI_ADDR_WIDTH64_C_M_AXI_DATA_WIDTH64_C_M_AXI_AWUSER_WIDTH1_C_M_AXI_ARUSER_WIDTH1_C_M_AXI_WUSER_WIDTH1_C_M_AXI_RUSER_WIDTH1_C_M_AXI_BUSER_WIDTH1_C_USER_VALUE0_C_PROT_VALUE0_C_CACHE_VALUE3_USER_DW64_USER_AW64_USER_MAXREQS7_USER_RFIFONUM_WIDTH9_125
gmem1_m_axi_U/clk_gate_load_unit_buff_rdata_genblk1_U_fifo_mem_mem_reg_82_       3.9900     0.0      0.0000       3.9900 0.0000 SNPS_CLOCK_GATE_HIGH_tinytpu_isa_gmem1_m_axi_CONSERVATIVE1_NUM_READ_OUTSTANDING16_NUM_WRITE_OUTSTANDING16_MAX_READ_BURST_LENGTH16_MAX_WRITE_BURST_LENGTH16_C_M_AXI_ID_WIDTH1_C_M_AXI_ADDR_WIDTH64_C_M_AXI_DATA_WIDTH64_C_M_AXI_AWUSER_WIDTH1_C_M_AXI_ARUSER_WIDTH1_C_M_AXI_WUSER_WIDTH1_C_M_AXI_RUSER_WIDTH1_C_M_AXI_BUSER_WIDTH1_C_USER_VALUE0_C_PROT_VALUE0_C_CACHE_VALUE3_USER_DW64_USER_AW64_USER_MAXREQS7_USER_RFIFONUM_WIDTH9_126
gmem1_m_axi_U/clk_gate_load_unit_buff_rdata_genblk1_U_fifo_mem_mem_reg_83_       3.9900     0.0      0.0000       3.9900 0.0000 SNPS_CLOCK_GATE_HIGH_tinytpu_isa_gmem1_m_axi_CONSERVATIVE1_NUM_READ_OUTSTANDING16_NUM_WRITE_OUTSTANDING16_MAX_READ_BURST_LENGTH16_MAX_WRITE_BURST_LENGTH16_C_M_AXI_ID_WIDTH1_C_M_AXI_ADDR_WIDTH64_C_M_AXI_DATA_WIDTH64_C_M_AXI_AWUSER_WIDTH1_C_M_AXI_ARUSER_WIDTH1_C_M_AXI_WUSER_WIDTH1_C_M_AXI_RUSER_WIDTH1_C_M_AXI_BUSER_WIDTH1_C_USER_VALUE0_C_PROT_VALUE0_C_CACHE_VALUE3_USER_DW64_USER_AW64_USER_MAXREQS7_USER_RFIFONUM_WIDTH9_127
gmem1_m_axi_U/clk_gate_load_unit_buff_rdata_genblk1_U_fifo_mem_mem_reg_84_       3.9900     0.0      0.0000       3.9900 0.0000 SNPS_CLOCK_GATE_HIGH_tinytpu_isa_gmem1_m_axi_CONSERVATIVE1_NUM_READ_OUTSTANDING16_NUM_WRITE_OUTSTANDING16_MAX_READ_BURST_LENGTH16_MAX_WRITE_BURST_LENGTH16_C_M_AXI_ID_WIDTH1_C_M_AXI_ADDR_WIDTH64_C_M_AXI_DATA_WIDTH64_C_M_AXI_AWUSER_WIDTH1_C_M_AXI_ARUSER_WIDTH1_C_M_AXI_WUSER_WIDTH1_C_M_AXI_RUSER_WIDTH1_C_M_AXI_BUSER_WIDTH1_C_USER_VALUE0_C_PROT_VALUE0_C_CACHE_VALUE3_USER_DW64_USER_AW64_USER_MAXREQS7_USER_RFIFONUM_WIDTH9_128
gmem1_m_axi_U/clk_gate_load_unit_buff_rdata_genblk1_U_fifo_mem_mem_reg_85_       3.9900     0.0      0.0000       3.9900 0.0000 SNPS_CLOCK_GATE_HIGH_tinytpu_isa_gmem1_m_axi_CONSERVATIVE1_NUM_READ_OUTSTANDING16_NUM_WRITE_OUTSTANDING16_MAX_READ_BURST_LENGTH16_MAX_WRITE_BURST_LENGTH16_C_M_AXI_ID_WIDTH1_C_M_AXI_ADDR_WIDTH64_C_M_AXI_DATA_WIDTH64_C_M_AXI_AWUSER_WIDTH1_C_M_AXI_ARUSER_WIDTH1_C_M_AXI_WUSER_WIDTH1_C_M_AXI_RUSER_WIDTH1_C_M_AXI_BUSER_WIDTH1_C_USER_VALUE0_C_PROT_VALUE0_C_CACHE_VALUE3_USER_DW64_USER_AW64_USER_MAXREQS7_USER_RFIFONUM_WIDTH9_129
gmem1_m_axi_U/clk_gate_load_unit_buff_rdata_genblk1_U_fifo_mem_mem_reg_86_       3.9900     0.0      0.0000       3.9900 0.0000 SNPS_CLOCK_GATE_HIGH_tinytpu_isa_gmem1_m_axi_CONSERVATIVE1_NUM_READ_OUTSTANDING16_NUM_WRITE_OUTSTANDING16_MAX_READ_BURST_LENGTH16_MAX_WRITE_BURST_LENGTH16_C_M_AXI_ID_WIDTH1_C_M_AXI_ADDR_WIDTH64_C_M_AXI_DATA_WIDTH64_C_M_AXI_AWUSER_WIDTH1_C_M_AXI_ARUSER_WIDTH1_C_M_AXI_WUSER_WIDTH1_C_M_AXI_RUSER_WIDTH1_C_M_AXI_BUSER_WIDTH1_C_USER_VALUE0_C_PROT_VALUE0_C_CACHE_VALUE3_USER_DW64_USER_AW64_USER_MAXREQS7_USER_RFIFONUM_WIDTH9_130
gmem1_m_axi_U/clk_gate_load_unit_buff_rdata_genblk1_U_fifo_mem_mem_reg_87_       3.9900     0.0      0.0000       3.9900 0.0000 SNPS_CLOCK_GATE_HIGH_tinytpu_isa_gmem1_m_axi_CONSERVATIVE1_NUM_READ_OUTSTANDING16_NUM_WRITE_OUTSTANDING16_MAX_READ_BURST_LENGTH16_MAX_WRITE_BURST_LENGTH16_C_M_AXI_ID_WIDTH1_C_M_AXI_ADDR_WIDTH64_C_M_AXI_DATA_WIDTH64_C_M_AXI_AWUSER_WIDTH1_C_M_AXI_ARUSER_WIDTH1_C_M_AXI_WUSER_WIDTH1_C_M_AXI_RUSER_WIDTH1_C_M_AXI_BUSER_WIDTH1_C_USER_VALUE0_C_PROT_VALUE0_C_CACHE_VALUE3_USER_DW64_USER_AW64_USER_MAXREQS7_USER_RFIFONUM_WIDTH9_131
gmem1_m_axi_U/clk_gate_load_unit_buff_rdata_genblk1_U_fifo_mem_mem_reg_88_       3.9900     0.0      0.0000       3.9900 0.0000 SNPS_CLOCK_GATE_HIGH_tinytpu_isa_gmem1_m_axi_CONSERVATIVE1_NUM_READ_OUTSTANDING16_NUM_WRITE_OUTSTANDING16_MAX_READ_BURST_LENGTH16_MAX_WRITE_BURST_LENGTH16_C_M_AXI_ID_WIDTH1_C_M_AXI_ADDR_WIDTH64_C_M_AXI_DATA_WIDTH64_C_M_AXI_AWUSER_WIDTH1_C_M_AXI_ARUSER_WIDTH1_C_M_AXI_WUSER_WIDTH1_C_M_AXI_RUSER_WIDTH1_C_M_AXI_BUSER_WIDTH1_C_USER_VALUE0_C_PROT_VALUE0_C_CACHE_VALUE3_USER_DW64_USER_AW64_USER_MAXREQS7_USER_RFIFONUM_WIDTH9_132
gmem1_m_axi_U/clk_gate_load_unit_buff_rdata_genblk1_U_fifo_mem_mem_reg_89_       3.9900     0.0      0.0000       3.9900 0.0000 SNPS_CLOCK_GATE_HIGH_tinytpu_isa_gmem1_m_axi_CONSERVATIVE1_NUM_READ_OUTSTANDING16_NUM_WRITE_OUTSTANDING16_MAX_READ_BURST_LENGTH16_MAX_WRITE_BURST_LENGTH16_C_M_AXI_ID_WIDTH1_C_M_AXI_ADDR_WIDTH64_C_M_AXI_DATA_WIDTH64_C_M_AXI_AWUSER_WIDTH1_C_M_AXI_ARUSER_WIDTH1_C_M_AXI_WUSER_WIDTH1_C_M_AXI_RUSER_WIDTH1_C_M_AXI_BUSER_WIDTH1_C_USER_VALUE0_C_PROT_VALUE0_C_CACHE_VALUE3_USER_DW64_USER_AW64_USER_MAXREQS7_USER_RFIFONUM_WIDTH9_133
gmem1_m_axi_U/clk_gate_load_unit_buff_rdata_genblk1_U_fifo_mem_mem_reg_8_       3.9900     0.0      0.0000       3.9900 0.0000 SNPS_CLOCK_GATE_HIGH_tinytpu_isa_gmem1_m_axi_CONSERVATIVE1_NUM_READ_OUTSTANDING16_NUM_WRITE_OUTSTANDING16_MAX_READ_BURST_LENGTH16_MAX_WRITE_BURST_LENGTH16_C_M_AXI_ID_WIDTH1_C_M_AXI_ADDR_WIDTH64_C_M_AXI_DATA_WIDTH64_C_M_AXI_AWUSER_WIDTH1_C_M_AXI_ARUSER_WIDTH1_C_M_AXI_WUSER_WIDTH1_C_M_AXI_RUSER_WIDTH1_C_M_AXI_BUSER_WIDTH1_C_USER_VALUE0_C_PROT_VALUE0_C_CACHE_VALUE3_USER_DW64_USER_AW64_USER_MAXREQS7_USER_RFIFONUM_WIDTH9_52
gmem1_m_axi_U/clk_gate_load_unit_buff_rdata_genblk1_U_fifo_mem_mem_reg_90_       3.9900     0.0      0.0000       3.9900 0.0000 SNPS_CLOCK_GATE_HIGH_tinytpu_isa_gmem1_m_axi_CONSERVATIVE1_NUM_READ_OUTSTANDING16_NUM_WRITE_OUTSTANDING16_MAX_READ_BURST_LENGTH16_MAX_WRITE_BURST_LENGTH16_C_M_AXI_ID_WIDTH1_C_M_AXI_ADDR_WIDTH64_C_M_AXI_DATA_WIDTH64_C_M_AXI_AWUSER_WIDTH1_C_M_AXI_ARUSER_WIDTH1_C_M_AXI_WUSER_WIDTH1_C_M_AXI_RUSER_WIDTH1_C_M_AXI_BUSER_WIDTH1_C_USER_VALUE0_C_PROT_VALUE0_C_CACHE_VALUE3_USER_DW64_USER_AW64_USER_MAXREQS7_USER_RFIFONUM_WIDTH9_134
gmem1_m_axi_U/clk_gate_load_unit_buff_rdata_genblk1_U_fifo_mem_mem_reg_91_       3.9900     0.0      0.0000       3.9900 0.0000 SNPS_CLOCK_GATE_HIGH_tinytpu_isa_gmem1_m_axi_CONSERVATIVE1_NUM_READ_OUTSTANDING16_NUM_WRITE_OUTSTANDING16_MAX_READ_BURST_LENGTH16_MAX_WRITE_BURST_LENGTH16_C_M_AXI_ID_WIDTH1_C_M_AXI_ADDR_WIDTH64_C_M_AXI_DATA_WIDTH64_C_M_AXI_AWUSER_WIDTH1_C_M_AXI_ARUSER_WIDTH1_C_M_AXI_WUSER_WIDTH1_C_M_AXI_RUSER_WIDTH1_C_M_AXI_BUSER_WIDTH1_C_USER_VALUE0_C_PROT_VALUE0_C_CACHE_VALUE3_USER_DW64_USER_AW64_USER_MAXREQS7_USER_RFIFONUM_WIDTH9_135
gmem1_m_axi_U/clk_gate_load_unit_buff_rdata_genblk1_U_fifo_mem_mem_reg_92_       3.9900     0.0      0.0000       3.9900 0.0000 SNPS_CLOCK_GATE_HIGH_tinytpu_isa_gmem1_m_axi_CONSERVATIVE1_NUM_READ_OUTSTANDING16_NUM_WRITE_OUTSTANDING16_MAX_READ_BURST_LENGTH16_MAX_WRITE_BURST_LENGTH16_C_M_AXI_ID_WIDTH1_C_M_AXI_ADDR_WIDTH64_C_M_AXI_DATA_WIDTH64_C_M_AXI_AWUSER_WIDTH1_C_M_AXI_ARUSER_WIDTH1_C_M_AXI_WUSER_WIDTH1_C_M_AXI_RUSER_WIDTH1_C_M_AXI_BUSER_WIDTH1_C_USER_VALUE0_C_PROT_VALUE0_C_CACHE_VALUE3_USER_DW64_USER_AW64_USER_MAXREQS7_USER_RFIFONUM_WIDTH9_136
gmem1_m_axi_U/clk_gate_load_unit_buff_rdata_genblk1_U_fifo_mem_mem_reg_93_       3.9900     0.0      0.0000       3.9900 0.0000 SNPS_CLOCK_GATE_HIGH_tinytpu_isa_gmem1_m_axi_CONSERVATIVE1_NUM_READ_OUTSTANDING16_NUM_WRITE_OUTSTANDING16_MAX_READ_BURST_LENGTH16_MAX_WRITE_BURST_LENGTH16_C_M_AXI_ID_WIDTH1_C_M_AXI_ADDR_WIDTH64_C_M_AXI_DATA_WIDTH64_C_M_AXI_AWUSER_WIDTH1_C_M_AXI_ARUSER_WIDTH1_C_M_AXI_WUSER_WIDTH1_C_M_AXI_RUSER_WIDTH1_C_M_AXI_BUSER_WIDTH1_C_USER_VALUE0_C_PROT_VALUE0_C_CACHE_VALUE3_USER_DW64_USER_AW64_USER_MAXREQS7_USER_RFIFONUM_WIDTH9_137
gmem1_m_axi_U/clk_gate_load_unit_buff_rdata_genblk1_U_fifo_mem_mem_reg_94_       3.9900     0.0      0.0000       3.9900 0.0000 SNPS_CLOCK_GATE_HIGH_tinytpu_isa_gmem1_m_axi_CONSERVATIVE1_NUM_READ_OUTSTANDING16_NUM_WRITE_OUTSTANDING16_MAX_READ_BURST_LENGTH16_MAX_WRITE_BURST_LENGTH16_C_M_AXI_ID_WIDTH1_C_M_AXI_ADDR_WIDTH64_C_M_AXI_DATA_WIDTH64_C_M_AXI_AWUSER_WIDTH1_C_M_AXI_ARUSER_WIDTH1_C_M_AXI_WUSER_WIDTH1_C_M_AXI_RUSER_WIDTH1_C_M_AXI_BUSER_WIDTH1_C_USER_VALUE0_C_PROT_VALUE0_C_CACHE_VALUE3_USER_DW64_USER_AW64_USER_MAXREQS7_USER_RFIFONUM_WIDTH9_138
gmem1_m_axi_U/clk_gate_load_unit_buff_rdata_genblk1_U_fifo_mem_mem_reg_95_       3.9900     0.0      0.0000       3.9900 0.0000 SNPS_CLOCK_GATE_HIGH_tinytpu_isa_gmem1_m_axi_CONSERVATIVE1_NUM_READ_OUTSTANDING16_NUM_WRITE_OUTSTANDING16_MAX_READ_BURST_LENGTH16_MAX_WRITE_BURST_LENGTH16_C_M_AXI_ID_WIDTH1_C_M_AXI_ADDR_WIDTH64_C_M_AXI_DATA_WIDTH64_C_M_AXI_AWUSER_WIDTH1_C_M_AXI_ARUSER_WIDTH1_C_M_AXI_WUSER_WIDTH1_C_M_AXI_RUSER_WIDTH1_C_M_AXI_BUSER_WIDTH1_C_USER_VALUE0_C_PROT_VALUE0_C_CACHE_VALUE3_USER_DW64_USER_AW64_USER_MAXREQS7_USER_RFIFONUM_WIDTH9_139
gmem1_m_axi_U/clk_gate_load_unit_buff_rdata_genblk1_U_fifo_mem_mem_reg_96_       3.9900     0.0      0.0000       3.9900 0.0000 SNPS_CLOCK_GATE_HIGH_tinytpu_isa_gmem1_m_axi_CONSERVATIVE1_NUM_READ_OUTSTANDING16_NUM_WRITE_OUTSTANDING16_MAX_READ_BURST_LENGTH16_MAX_WRITE_BURST_LENGTH16_C_M_AXI_ID_WIDTH1_C_M_AXI_ADDR_WIDTH64_C_M_AXI_DATA_WIDTH64_C_M_AXI_AWUSER_WIDTH1_C_M_AXI_ARUSER_WIDTH1_C_M_AXI_WUSER_WIDTH1_C_M_AXI_RUSER_WIDTH1_C_M_AXI_BUSER_WIDTH1_C_USER_VALUE0_C_PROT_VALUE0_C_CACHE_VALUE3_USER_DW64_USER_AW64_USER_MAXREQS7_USER_RFIFONUM_WIDTH9_140
gmem1_m_axi_U/clk_gate_load_unit_buff_rdata_genblk1_U_fifo_mem_mem_reg_97_       3.9900     0.0      0.0000       3.9900 0.0000 SNPS_CLOCK_GATE_HIGH_tinytpu_isa_gmem1_m_axi_CONSERVATIVE1_NUM_READ_OUTSTANDING16_NUM_WRITE_OUTSTANDING16_MAX_READ_BURST_LENGTH16_MAX_WRITE_BURST_LENGTH16_C_M_AXI_ID_WIDTH1_C_M_AXI_ADDR_WIDTH64_C_M_AXI_DATA_WIDTH64_C_M_AXI_AWUSER_WIDTH1_C_M_AXI_ARUSER_WIDTH1_C_M_AXI_WUSER_WIDTH1_C_M_AXI_RUSER_WIDTH1_C_M_AXI_BUSER_WIDTH1_C_USER_VALUE0_C_PROT_VALUE0_C_CACHE_VALUE3_USER_DW64_USER_AW64_USER_MAXREQS7_USER_RFIFONUM_WIDTH9_141
gmem1_m_axi_U/clk_gate_load_unit_buff_rdata_genblk1_U_fifo_mem_mem_reg_98_       3.9900     0.0      0.0000       3.9900 0.0000 SNPS_CLOCK_GATE_HIGH_tinytpu_isa_gmem1_m_axi_CONSERVATIVE1_NUM_READ_OUTSTANDING16_NUM_WRITE_OUTSTANDING16_MAX_READ_BURST_LENGTH16_MAX_WRITE_BURST_LENGTH16_C_M_AXI_ID_WIDTH1_C_M_AXI_ADDR_WIDTH64_C_M_AXI_DATA_WIDTH64_C_M_AXI_AWUSER_WIDTH1_C_M_AXI_ARUSER_WIDTH1_C_M_AXI_WUSER_WIDTH1_C_M_AXI_RUSER_WIDTH1_C_M_AXI_BUSER_WIDTH1_C_USER_VALUE0_C_PROT_VALUE0_C_CACHE_VALUE3_USER_DW64_USER_AW64_USER_MAXREQS7_USER_RFIFONUM_WIDTH9_142
gmem1_m_axi_U/clk_gate_load_unit_buff_rdata_genblk1_U_fifo_mem_mem_reg_99_       3.9900     0.0      0.0000       3.9900 0.0000 SNPS_CLOCK_GATE_HIGH_tinytpu_isa_gmem1_m_axi_CONSERVATIVE1_NUM_READ_OUTSTANDING16_NUM_WRITE_OUTSTANDING16_MAX_READ_BURST_LENGTH16_MAX_WRITE_BURST_LENGTH16_C_M_AXI_ID_WIDTH1_C_M_AXI_ADDR_WIDTH64_C_M_AXI_DATA_WIDTH64_C_M_AXI_AWUSER_WIDTH1_C_M_AXI_ARUSER_WIDTH1_C_M_AXI_WUSER_WIDTH1_C_M_AXI_RUSER_WIDTH1_C_M_AXI_BUSER_WIDTH1_C_USER_VALUE0_C_PROT_VALUE0_C_CACHE_VALUE3_USER_DW64_USER_AW64_USER_MAXREQS7_USER_RFIFONUM_WIDTH9_143
gmem1_m_axi_U/clk_gate_load_unit_buff_rdata_genblk1_U_fifo_mem_mem_reg_9_       3.9900     0.0      0.0000       3.9900 0.0000 SNPS_CLOCK_GATE_HIGH_tinytpu_isa_gmem1_m_axi_CONSERVATIVE1_NUM_READ_OUTSTANDING16_NUM_WRITE_OUTSTANDING16_MAX_READ_BURST_LENGTH16_MAX_WRITE_BURST_LENGTH16_C_M_AXI_ID_WIDTH1_C_M_AXI_ADDR_WIDTH64_C_M_AXI_DATA_WIDTH64_C_M_AXI_AWUSER_WIDTH1_C_M_AXI_ARUSER_WIDTH1_C_M_AXI_WUSER_WIDTH1_C_M_AXI_RUSER_WIDTH1_C_M_AXI_BUSER_WIDTH1_C_USER_VALUE0_C_PROT_VALUE0_C_CACHE_VALUE3_USER_DW64_USER_AW64_USER_MAXREQS7_USER_RFIFONUM_WIDTH9_53
gmem1_m_axi_U/clk_gate_load_unit_buff_rdata_genblk1_waddr_reg       3.9900     0.0      0.0000       3.9900 0.0000 SNPS_CLOCK_GATE_HIGH_tinytpu_isa_gmem1_m_axi_CONSERVATIVE1_NUM_READ_OUTSTANDING16_NUM_WRITE_OUTSTANDING16_MAX_READ_BURST_LENGTH16_MAX_WRITE_BURST_LENGTH16_C_M_AXI_ID_WIDTH1_C_M_AXI_ADDR_WIDTH64_C_M_AXI_DATA_WIDTH64_C_M_AXI_AWUSER_WIDTH1_C_M_AXI_ARUSER_WIDTH1_C_M_AXI_WUSER_WIDTH1_C_M_AXI_RUSER_WIDTH1_C_M_AXI_BUSER_WIDTH1_C_USER_VALUE0_C_PROT_VALUE0_C_CACHE_VALUE3_USER_DW64_USER_AW64_USER_MAXREQS7_USER_RFIFONUM_WIDTH9_300
gmem1_m_axi_U/clk_gate_load_unit_fifo_rreq_empty_n_reg       3.9900     0.0      0.0000       3.9900 0.0000 SNPS_CLOCK_GATE_HIGH_tinytpu_isa_gmem1_m_axi_CONSERVATIVE1_NUM_READ_OUTSTANDING16_NUM_WRITE_OUTSTANDING16_MAX_READ_BURST_LENGTH16_MAX_WRITE_BURST_LENGTH16_C_M_AXI_ID_WIDTH1_C_M_AXI_ADDR_WIDTH64_C_M_AXI_DATA_WIDTH64_C_M_AXI_AWUSER_WIDTH1_C_M_AXI_ARUSER_WIDTH1_C_M_AXI_WUSER_WIDTH1_C_M_AXI_RUSER_WIDTH1_C_M_AXI_BUSER_WIDTH1_C_USER_VALUE0_C_PROT_VALUE0_C_CACHE_VALUE3_USER_DW64_USER_AW64_USER_MAXREQS7_USER_RFIFONUM_WIDTH9_305
gmem1_m_axi_U/clk_gate_load_unit_fifo_rreq_genblk1_U_fifo_srl_dout_reg       3.9900     0.0      0.0000       3.9900 0.0000 SNPS_CLOCK_GATE_HIGH_tinytpu_isa_gmem1_m_axi_CONSERVATIVE1_NUM_READ_OUTSTANDING16_NUM_WRITE_OUTSTANDING16_MAX_READ_BURST_LENGTH16_MAX_WRITE_BURST_LENGTH16_C_M_AXI_ID_WIDTH1_C_M_AXI_ADDR_WIDTH64_C_M_AXI_DATA_WIDTH64_C_M_AXI_AWUSER_WIDTH1_C_M_AXI_ARUSER_WIDTH1_C_M_AXI_WUSER_WIDTH1_C_M_AXI_RUSER_WIDTH1_C_M_AXI_BUSER_WIDTH1_C_USER_VALUE0_C_PROT_VALUE0_C_CACHE_VALUE3_USER_DW64_USER_AW64_USER_MAXREQS7_USER_RFIFONUM_WIDTH9_303
gmem1_m_axi_U/clk_gate_load_unit_fifo_rreq_genblk1_U_fifo_srl_genblk1_mem_reg_5_       3.9900     0.0      0.0000       3.9900 0.0000 SNPS_CLOCK_GATE_HIGH_tinytpu_isa_gmem1_m_axi_CONSERVATIVE1_NUM_READ_OUTSTANDING16_NUM_WRITE_OUTSTANDING16_MAX_READ_BURST_LENGTH16_MAX_WRITE_BURST_LENGTH16_C_M_AXI_ID_WIDTH1_C_M_AXI_ADDR_WIDTH64_C_M_AXI_DATA_WIDTH64_C_M_AXI_AWUSER_WIDTH1_C_M_AXI_ARUSER_WIDTH1_C_M_AXI_WUSER_WIDTH1_C_M_AXI_RUSER_WIDTH1_C_M_AXI_BUSER_WIDTH1_C_USER_VALUE0_C_PROT_VALUE0_C_CACHE_VALUE3_USER_DW64_USER_AW64_USER_MAXREQS7_USER_RFIFONUM_WIDTH9_302
gmem1_m_axi_U/clk_gate_load_unit_fifo_rreq_genblk1_raddr_reg       3.9900     0.0      0.0000       3.9900 0.0000 SNPS_CLOCK_GATE_HIGH_tinytpu_isa_gmem1_m_axi_CONSERVATIVE1_NUM_READ_OUTSTANDING16_NUM_WRITE_OUTSTANDING16_MAX_READ_BURST_LENGTH16_MAX_WRITE_BURST_LENGTH16_C_M_AXI_ID_WIDTH1_C_M_AXI_ADDR_WIDTH64_C_M_AXI_DATA_WIDTH64_C_M_AXI_AWUSER_WIDTH1_C_M_AXI_ARUSER_WIDTH1_C_M_AXI_WUSER_WIDTH1_C_M_AXI_RUSER_WIDTH1_C_M_AXI_BUSER_WIDTH1_C_USER_VALUE0_C_PROT_VALUE0_C_CACHE_VALUE3_USER_DW64_USER_AW64_USER_MAXREQS7_USER_RFIFONUM_WIDTH9_304
gmem1_m_axi_U/clk_gate_load_unit_tmp_len_reg       3.9900     0.0      0.0000       3.9900 0.0000 SNPS_CLOCK_GATE_HIGH_tinytpu_isa_gmem1_m_axi_CONSERVATIVE1_NUM_READ_OUTSTANDING16_NUM_WRITE_OUTSTANDING16_MAX_READ_BURST_LENGTH16_MAX_WRITE_BURST_LENGTH16_C_M_AXI_ID_WIDTH1_C_M_AXI_ADDR_WIDTH64_C_M_AXI_DATA_WIDTH64_C_M_AXI_AWUSER_WIDTH1_C_M_AXI_ARUSER_WIDTH1_C_M_AXI_WUSER_WIDTH1_C_M_AXI_RUSER_WIDTH1_C_M_AXI_BUSER_WIDTH1_C_USER_VALUE0_C_PROT_VALUE0_C_CACHE_VALUE3_USER_DW64_USER_AW64_USER_MAXREQS7_USER_RFIFONUM_WIDTH9_308
gmem2_m_axi_U                      102100.9055      4.5   19662.4544    81337.2110  0.0000  tinytpu_isa_gmem2_m_axi_CONSERVATIVE1_NUM_READ_OUTSTANDING16_NUM_WRITE_OUTSTANDING16_MAX_READ_BURST_LENGTH16_MAX_WRITE_BURST_LENGTH16_C_M_AXI_ID_WIDTH1_C_M_AXI_ADDR_WIDTH64_C_M_AXI_DATA_WIDTH64_C_M_AXI_AWUSER_WIDTH1_C_M_AXI_ARUSER_WIDTH1_C_M_AXI_WUSER_WIDTH1_C_M_AXI_RUSER_WIDTH1_C_M_AXI_BUSER_WIDTH1_C_USER_VALUE0_C_PROT_VALUE0_C_CACHE_VALUE3_USER_DW64_USER_AW64_USER_MAXREQS7_USER_RFIFONUM_WIDTH9
gmem2_m_axi_U/clk_gate_bus_read_fifo_burst_empty_n_reg       3.9900     0.0      0.0000       3.9900 0.0000 SNPS_CLOCK_GATE_HIGH_tinytpu_isa_gmem2_m_axi_CONSERVATIVE1_NUM_READ_OUTSTANDING16_NUM_WRITE_OUTSTANDING16_MAX_READ_BURST_LENGTH16_MAX_WRITE_BURST_LENGTH16_C_M_AXI_ID_WIDTH1_C_M_AXI_ADDR_WIDTH64_C_M_AXI_DATA_WIDTH64_C_M_AXI_AWUSER_WIDTH1_C_M_AXI_ARUSER_WIDTH1_C_M_AXI_WUSER_WIDTH1_C_M_AXI_RUSER_WIDTH1_C_M_AXI_BUSER_WIDTH1_C_USER_VALUE0_C_PROT_VALUE0_C_CACHE_VALUE3_USER_DW64_USER_AW64_USER_MAXREQS7_USER_RFIFONUM_WIDTH9_5
gmem2_m_axi_U/clk_gate_bus_read_fifo_burst_genblk1_raddr_reg       3.9900     0.0      0.0000       3.9900 0.0000 SNPS_CLOCK_GATE_HIGH_tinytpu_isa_gmem2_m_axi_CONSERVATIVE1_NUM_READ_OUTSTANDING16_NUM_WRITE_OUTSTANDING16_MAX_READ_BURST_LENGTH16_MAX_WRITE_BURST_LENGTH16_C_M_AXI_ID_WIDTH1_C_M_AXI_ADDR_WIDTH64_C_M_AXI_DATA_WIDTH64_C_M_AXI_AWUSER_WIDTH1_C_M_AXI_ARUSER_WIDTH1_C_M_AXI_WUSER_WIDTH1_C_M_AXI_RUSER_WIDTH1_C_M_AXI_BUSER_WIDTH1_C_USER_VALUE0_C_PROT_VALUE0_C_CACHE_VALUE3_USER_DW64_USER_AW64_USER_MAXREQS7_USER_RFIFONUM_WIDTH9_4
gmem2_m_axi_U/clk_gate_bus_read_fifo_rctl_empty_n_reg       3.9900     0.0      0.0000       3.9900 0.0000 SNPS_CLOCK_GATE_HIGH_tinytpu_isa_gmem2_m_axi_CONSERVATIVE1_NUM_READ_OUTSTANDING16_NUM_WRITE_OUTSTANDING16_MAX_READ_BURST_LENGTH16_MAX_WRITE_BURST_LENGTH16_C_M_AXI_ID_WIDTH1_C_M_AXI_ADDR_WIDTH64_C_M_AXI_DATA_WIDTH64_C_M_AXI_AWUSER_WIDTH1_C_M_AXI_ARUSER_WIDTH1_C_M_AXI_WUSER_WIDTH1_C_M_AXI_RUSER_WIDTH1_C_M_AXI_BUSER_WIDTH1_C_USER_VALUE0_C_PROT_VALUE0_C_CACHE_VALUE3_USER_DW64_USER_AW64_USER_MAXREQS7_USER_RFIFONUM_WIDTH9_7
gmem2_m_axi_U/clk_gate_bus_read_fifo_rctl_genblk1_raddr_reg       3.9900     0.0      0.0000       3.9900 0.0000 SNPS_CLOCK_GATE_HIGH_tinytpu_isa_gmem2_m_axi_CONSERVATIVE1_NUM_READ_OUTSTANDING16_NUM_WRITE_OUTSTANDING16_MAX_READ_BURST_LENGTH16_MAX_WRITE_BURST_LENGTH16_C_M_AXI_ID_WIDTH1_C_M_AXI_ADDR_WIDTH64_C_M_AXI_DATA_WIDTH64_C_M_AXI_AWUSER_WIDTH1_C_M_AXI_ARUSER_WIDTH1_C_M_AXI_WUSER_WIDTH1_C_M_AXI_RUSER_WIDTH1_C_M_AXI_BUSER_WIDTH1_C_USER_VALUE0_C_PROT_VALUE0_C_CACHE_VALUE3_USER_DW64_USER_AW64_USER_MAXREQS7_USER_RFIFONUM_WIDTH9_6
gmem2_m_axi_U/clk_gate_bus_read_rreq_burst_conv_could_multi_bursts_addr_step_reg       3.9900     0.0      0.0000       3.9900 0.0000 SNPS_CLOCK_GATE_HIGH_tinytpu_isa_gmem2_m_axi_CONSERVATIVE1_NUM_READ_OUTSTANDING16_NUM_WRITE_OUTSTANDING16_MAX_READ_BURST_LENGTH16_MAX_WRITE_BURST_LENGTH16_C_M_AXI_ID_WIDTH1_C_M_AXI_ADDR_WIDTH64_C_M_AXI_DATA_WIDTH64_C_M_AXI_AWUSER_WIDTH1_C_M_AXI_ARUSER_WIDTH1_C_M_AXI_WUSER_WIDTH1_C_M_AXI_RUSER_WIDTH1_C_M_AXI_BUSER_WIDTH1_C_USER_VALUE0_C_PROT_VALUE0_C_CACHE_VALUE3_USER_DW64_USER_AW64_USER_MAXREQS7_USER_RFIFONUM_WIDTH9_22
gmem2_m_axi_U/clk_gate_bus_read_rreq_burst_conv_could_multi_bursts_last_loop_reg       3.9900     0.0      0.0000       3.9900 0.0000 SNPS_CLOCK_GATE_HIGH_tinytpu_isa_gmem2_m_axi_CONSERVATIVE1_NUM_READ_OUTSTANDING16_NUM_WRITE_OUTSTANDING16_MAX_READ_BURST_LENGTH16_MAX_WRITE_BURST_LENGTH16_C_M_AXI_ID_WIDTH1_C_M_AXI_ADDR_WIDTH64_C_M_AXI_DATA_WIDTH64_C_M_AXI_AWUSER_WIDTH1_C_M_AXI_ARUSER_WIDTH1_C_M_AXI_WUSER_WIDTH1_C_M_AXI_RUSER_WIDTH1_C_M_AXI_BUSER_WIDTH1_C_USER_VALUE0_C_PROT_VALUE0_C_CACHE_VALUE3_USER_DW64_USER_AW64_USER_MAXREQS7_USER_RFIFONUM_WIDTH9_21
gmem2_m_axi_U/clk_gate_bus_read_rreq_burst_conv_end_from_4k_reg       3.9900     0.0      0.0000       3.9900 0.0000 SNPS_CLOCK_GATE_HIGH_tinytpu_isa_gmem2_m_axi_CONSERVATIVE1_NUM_READ_OUTSTANDING16_NUM_WRITE_OUTSTANDING16_MAX_READ_BURST_LENGTH16_MAX_WRITE_BURST_LENGTH16_C_M_AXI_ID_WIDTH1_C_M_AXI_ADDR_WIDTH64_C_M_AXI_DATA_WIDTH64_C_M_AXI_AWUSER_WIDTH1_C_M_AXI_ARUSER_WIDTH1_C_M_AXI_WUSER_WIDTH1_C_M_AXI_RUSER_WIDTH1_C_M_AXI_BUSER_WIDTH1_C_USER_VALUE0_C_PROT_VALUE0_C_CACHE_VALUE3_USER_DW64_USER_AW64_USER_MAXREQS7_USER_RFIFONUM_WIDTH9_18
gmem2_m_axi_U/clk_gate_bus_read_rreq_burst_conv_last_sect_buf_reg       3.9900     0.0      0.0000       3.9900 0.0000 SNPS_CLOCK_GATE_HIGH_tinytpu_isa_gmem2_m_axi_CONSERVATIVE1_NUM_READ_OUTSTANDING16_NUM_WRITE_OUTSTANDING16_MAX_READ_BURST_LENGTH16_MAX_WRITE_BURST_LENGTH16_C_M_AXI_ID_WIDTH1_C_M_AXI_ADDR_WIDTH64_C_M_AXI_DATA_WIDTH64_C_M_AXI_AWUSER_WIDTH1_C_M_AXI_ARUSER_WIDTH1_C_M_AXI_WUSER_WIDTH1_C_M_AXI_RUSER_WIDTH1_C_M_AXI_BUSER_WIDTH1_C_USER_VALUE0_C_PROT_VALUE0_C_CACHE_VALUE3_USER_DW64_USER_AW64_USER_MAXREQS7_USER_RFIFONUM_WIDTH9_20
gmem2_m_axi_U/clk_gate_bus_read_rreq_burst_conv_last_sect_reg       3.9900     0.0      0.0000       3.9900 0.0000 SNPS_CLOCK_GATE_HIGH_tinytpu_isa_gmem2_m_axi_CONSERVATIVE1_NUM_READ_OUTSTANDING16_NUM_WRITE_OUTSTANDING16_MAX_READ_BURST_LENGTH16_MAX_WRITE_BURST_LENGTH16_C_M_AXI_ID_WIDTH1_C_M_AXI_ADDR_WIDTH64_C_M_AXI_DATA_WIDTH64_C_M_AXI_AWUSER_WIDTH1_C_M_AXI_ARUSER_WIDTH1_C_M_AXI_WUSER_WIDTH1_C_M_AXI_RUSER_WIDTH1_C_M_AXI_BUSER_WIDTH1_C_USER_VALUE0_C_PROT_VALUE0_C_CACHE_VALUE3_USER_DW64_USER_AW64_USER_MAXREQS7_USER_RFIFONUM_WIDTH9_19
gmem2_m_axi_U/clk_gate_bus_read_rreq_burst_conv_rs_req_data_p1_reg       3.9900     0.0      0.0000       3.9900 0.0000 SNPS_CLOCK_GATE_HIGH_tinytpu_isa_gmem2_m_axi_CONSERVATIVE1_NUM_READ_OUTSTANDING16_NUM_WRITE_OUTSTANDING16_MAX_READ_BURST_LENGTH16_MAX_WRITE_BURST_LENGTH16_C_M_AXI_ID_WIDTH1_C_M_AXI_ADDR_WIDTH64_C_M_AXI_DATA_WIDTH64_C_M_AXI_AWUSER_WIDTH1_C_M_AXI_ARUSER_WIDTH1_C_M_AXI_WUSER_WIDTH1_C_M_AXI_RUSER_WIDTH1_C_M_AXI_BUSER_WIDTH1_C_USER_VALUE0_C_PROT_VALUE0_C_CACHE_VALUE3_USER_DW64_USER_AW64_USER_MAXREQS7_USER_RFIFONUM_WIDTH9_14
gmem2_m_axi_U/clk_gate_bus_read_rreq_burst_conv_rs_req_data_p2_reg       3.9900     0.0      0.0000       3.9900 0.0000 SNPS_CLOCK_GATE_HIGH_tinytpu_isa_gmem2_m_axi_CONSERVATIVE1_NUM_READ_OUTSTANDING16_NUM_WRITE_OUTSTANDING16_MAX_READ_BURST_LENGTH16_MAX_WRITE_BURST_LENGTH16_C_M_AXI_ID_WIDTH1_C_M_AXI_ADDR_WIDTH64_C_M_AXI_DATA_WIDTH64_C_M_AXI_AWUSER_WIDTH1_C_M_AXI_ARUSER_WIDTH1_C_M_AXI_WUSER_WIDTH1_C_M_AXI_RUSER_WIDTH1_C_M_AXI_BUSER_WIDTH1_C_USER_VALUE0_C_PROT_VALUE0_C_CACHE_VALUE3_USER_DW64_USER_AW64_USER_MAXREQS7_USER_RFIFONUM_WIDTH9_15
gmem2_m_axi_U/clk_gate_bus_read_rs_rdata_data_p1_reg       3.9900     0.0      0.0000       3.9900 0.0000 SNPS_CLOCK_GATE_HIGH_tinytpu_isa_gmem2_m_axi_CONSERVATIVE1_NUM_READ_OUTSTANDING16_NUM_WRITE_OUTSTANDING16_MAX_READ_BURST_LENGTH16_MAX_WRITE_BURST_LENGTH16_C_M_AXI_ID_WIDTH1_C_M_AXI_ADDR_WIDTH64_C_M_AXI_DATA_WIDTH64_C_M_AXI_AWUSER_WIDTH1_C_M_AXI_ARUSER_WIDTH1_C_M_AXI_WUSER_WIDTH1_C_M_AXI_RUSER_WIDTH1_C_M_AXI_BUSER_WIDTH1_C_USER_VALUE0_C_PROT_VALUE0_C_CACHE_VALUE3_USER_DW64_USER_AW64_USER_MAXREQS7_USER_RFIFONUM_WIDTH9_12
gmem2_m_axi_U/clk_gate_bus_read_rs_rdata_data_p2_reg       3.9900     0.0      0.0000       3.9900 0.0000 SNPS_CLOCK_GATE_HIGH_tinytpu_isa_gmem2_m_axi_CONSERVATIVE1_NUM_READ_OUTSTANDING16_NUM_WRITE_OUTSTANDING16_MAX_READ_BURST_LENGTH16_MAX_WRITE_BURST_LENGTH16_C_M_AXI_ID_WIDTH1_C_M_AXI_ADDR_WIDTH64_C_M_AXI_DATA_WIDTH64_C_M_AXI_AWUSER_WIDTH1_C_M_AXI_ARUSER_WIDTH1_C_M_AXI_WUSER_WIDTH1_C_M_AXI_RUSER_WIDTH1_C_M_AXI_BUSER_WIDTH1_C_USER_VALUE0_C_PROT_VALUE0_C_CACHE_VALUE3_USER_DW64_USER_AW64_USER_MAXREQS7_USER_RFIFONUM_WIDTH9_13
gmem2_m_axi_U/clk_gate_load_unit_buff_rdata_empty_n_reg       3.9900     0.0      0.0000       3.9900 0.0000 SNPS_CLOCK_GATE_HIGH_tinytpu_isa_gmem2_m_axi_CONSERVATIVE1_NUM_READ_OUTSTANDING16_NUM_WRITE_OUTSTANDING16_MAX_READ_BURST_LENGTH16_MAX_WRITE_BURST_LENGTH16_C_M_AXI_ID_WIDTH1_C_M_AXI_ADDR_WIDTH64_C_M_AXI_DATA_WIDTH64_C_M_AXI_AWUSER_WIDTH1_C_M_AXI_ARUSER_WIDTH1_C_M_AXI_WUSER_WIDTH1_C_M_AXI_RUSER_WIDTH1_C_M_AXI_BUSER_WIDTH1_C_USER_VALUE0_C_PROT_VALUE0_C_CACHE_VALUE3_USER_DW64_USER_AW64_USER_MAXREQS7_USER_RFIFONUM_WIDTH9_301
gmem2_m_axi_U/clk_gate_load_unit_buff_rdata_genblk1_U_fifo_mem_dout_reg       3.9900     0.0      0.0000       3.9900 0.0000 SNPS_CLOCK_GATE_HIGH_tinytpu_isa_gmem2_m_axi_CONSERVATIVE1_NUM_READ_OUTSTANDING16_NUM_WRITE_OUTSTANDING16_MAX_READ_BURST_LENGTH16_MAX_WRITE_BURST_LENGTH16_C_M_AXI_ID_WIDTH1_C_M_AXI_ADDR_WIDTH64_C_M_AXI_DATA_WIDTH64_C_M_AXI_AWUSER_WIDTH1_C_M_AXI_ARUSER_WIDTH1_C_M_AXI_WUSER_WIDTH1_C_M_AXI_RUSER_WIDTH1_C_M_AXI_BUSER_WIDTH1_C_USER_VALUE0_C_PROT_VALUE0_C_CACHE_VALUE3_USER_DW64_USER_AW64_USER_MAXREQS7_USER_RFIFONUM_WIDTH9_299
gmem2_m_axi_U/clk_gate_load_unit_buff_rdata_genblk1_U_fifo_mem_mem_reg_0_       3.9900     0.0      0.0000       3.9900 0.0000 SNPS_CLOCK_GATE_HIGH_tinytpu_isa_gmem2_m_axi_CONSERVATIVE1_NUM_READ_OUTSTANDING16_NUM_WRITE_OUTSTANDING16_MAX_READ_BURST_LENGTH16_MAX_WRITE_BURST_LENGTH16_C_M_AXI_ID_WIDTH1_C_M_AXI_ADDR_WIDTH64_C_M_AXI_DATA_WIDTH64_C_M_AXI_AWUSER_WIDTH1_C_M_AXI_ARUSER_WIDTH1_C_M_AXI_WUSER_WIDTH1_C_M_AXI_RUSER_WIDTH1_C_M_AXI_BUSER_WIDTH1_C_USER_VALUE0_C_PROT_VALUE0_C_CACHE_VALUE3_USER_DW64_USER_AW64_USER_MAXREQS7_USER_RFIFONUM_WIDTH9_44
gmem2_m_axi_U/clk_gate_load_unit_buff_rdata_genblk1_U_fifo_mem_mem_reg_100_       3.9900     0.0      0.0000       3.9900 0.0000 SNPS_CLOCK_GATE_HIGH_tinytpu_isa_gmem2_m_axi_CONSERVATIVE1_NUM_READ_OUTSTANDING16_NUM_WRITE_OUTSTANDING16_MAX_READ_BURST_LENGTH16_MAX_WRITE_BURST_LENGTH16_C_M_AXI_ID_WIDTH1_C_M_AXI_ADDR_WIDTH64_C_M_AXI_DATA_WIDTH64_C_M_AXI_AWUSER_WIDTH1_C_M_AXI_ARUSER_WIDTH1_C_M_AXI_WUSER_WIDTH1_C_M_AXI_RUSER_WIDTH1_C_M_AXI_BUSER_WIDTH1_C_USER_VALUE0_C_PROT_VALUE0_C_CACHE_VALUE3_USER_DW64_USER_AW64_USER_MAXREQS7_USER_RFIFONUM_WIDTH9_144
gmem2_m_axi_U/clk_gate_load_unit_buff_rdata_genblk1_U_fifo_mem_mem_reg_101_       3.9900     0.0      0.0000       3.9900 0.0000 SNPS_CLOCK_GATE_HIGH_tinytpu_isa_gmem2_m_axi_CONSERVATIVE1_NUM_READ_OUTSTANDING16_NUM_WRITE_OUTSTANDING16_MAX_READ_BURST_LENGTH16_MAX_WRITE_BURST_LENGTH16_C_M_AXI_ID_WIDTH1_C_M_AXI_ADDR_WIDTH64_C_M_AXI_DATA_WIDTH64_C_M_AXI_AWUSER_WIDTH1_C_M_AXI_ARUSER_WIDTH1_C_M_AXI_WUSER_WIDTH1_C_M_AXI_RUSER_WIDTH1_C_M_AXI_BUSER_WIDTH1_C_USER_VALUE0_C_PROT_VALUE0_C_CACHE_VALUE3_USER_DW64_USER_AW64_USER_MAXREQS7_USER_RFIFONUM_WIDTH9_145
gmem2_m_axi_U/clk_gate_load_unit_buff_rdata_genblk1_U_fifo_mem_mem_reg_102_       3.9900     0.0      0.0000       3.9900 0.0000 SNPS_CLOCK_GATE_HIGH_tinytpu_isa_gmem2_m_axi_CONSERVATIVE1_NUM_READ_OUTSTANDING16_NUM_WRITE_OUTSTANDING16_MAX_READ_BURST_LENGTH16_MAX_WRITE_BURST_LENGTH16_C_M_AXI_ID_WIDTH1_C_M_AXI_ADDR_WIDTH64_C_M_AXI_DATA_WIDTH64_C_M_AXI_AWUSER_WIDTH1_C_M_AXI_ARUSER_WIDTH1_C_M_AXI_WUSER_WIDTH1_C_M_AXI_RUSER_WIDTH1_C_M_AXI_BUSER_WIDTH1_C_USER_VALUE0_C_PROT_VALUE0_C_CACHE_VALUE3_USER_DW64_USER_AW64_USER_MAXREQS7_USER_RFIFONUM_WIDTH9_146
gmem2_m_axi_U/clk_gate_load_unit_buff_rdata_genblk1_U_fifo_mem_mem_reg_103_       3.9900     0.0      0.0000       3.9900 0.0000 SNPS_CLOCK_GATE_HIGH_tinytpu_isa_gmem2_m_axi_CONSERVATIVE1_NUM_READ_OUTSTANDING16_NUM_WRITE_OUTSTANDING16_MAX_READ_BURST_LENGTH16_MAX_WRITE_BURST_LENGTH16_C_M_AXI_ID_WIDTH1_C_M_AXI_ADDR_WIDTH64_C_M_AXI_DATA_WIDTH64_C_M_AXI_AWUSER_WIDTH1_C_M_AXI_ARUSER_WIDTH1_C_M_AXI_WUSER_WIDTH1_C_M_AXI_RUSER_WIDTH1_C_M_AXI_BUSER_WIDTH1_C_USER_VALUE0_C_PROT_VALUE0_C_CACHE_VALUE3_USER_DW64_USER_AW64_USER_MAXREQS7_USER_RFIFONUM_WIDTH9_147
gmem2_m_axi_U/clk_gate_load_unit_buff_rdata_genblk1_U_fifo_mem_mem_reg_104_       3.9900     0.0      0.0000       3.9900 0.0000 SNPS_CLOCK_GATE_HIGH_tinytpu_isa_gmem2_m_axi_CONSERVATIVE1_NUM_READ_OUTSTANDING16_NUM_WRITE_OUTSTANDING16_MAX_READ_BURST_LENGTH16_MAX_WRITE_BURST_LENGTH16_C_M_AXI_ID_WIDTH1_C_M_AXI_ADDR_WIDTH64_C_M_AXI_DATA_WIDTH64_C_M_AXI_AWUSER_WIDTH1_C_M_AXI_ARUSER_WIDTH1_C_M_AXI_WUSER_WIDTH1_C_M_AXI_RUSER_WIDTH1_C_M_AXI_BUSER_WIDTH1_C_USER_VALUE0_C_PROT_VALUE0_C_CACHE_VALUE3_USER_DW64_USER_AW64_USER_MAXREQS7_USER_RFIFONUM_WIDTH9_148
gmem2_m_axi_U/clk_gate_load_unit_buff_rdata_genblk1_U_fifo_mem_mem_reg_105_       3.9900     0.0      0.0000       3.9900 0.0000 SNPS_CLOCK_GATE_HIGH_tinytpu_isa_gmem2_m_axi_CONSERVATIVE1_NUM_READ_OUTSTANDING16_NUM_WRITE_OUTSTANDING16_MAX_READ_BURST_LENGTH16_MAX_WRITE_BURST_LENGTH16_C_M_AXI_ID_WIDTH1_C_M_AXI_ADDR_WIDTH64_C_M_AXI_DATA_WIDTH64_C_M_AXI_AWUSER_WIDTH1_C_M_AXI_ARUSER_WIDTH1_C_M_AXI_WUSER_WIDTH1_C_M_AXI_RUSER_WIDTH1_C_M_AXI_BUSER_WIDTH1_C_USER_VALUE0_C_PROT_VALUE0_C_CACHE_VALUE3_USER_DW64_USER_AW64_USER_MAXREQS7_USER_RFIFONUM_WIDTH9_149
gmem2_m_axi_U/clk_gate_load_unit_buff_rdata_genblk1_U_fifo_mem_mem_reg_106_       3.9900     0.0      0.0000       3.9900 0.0000 SNPS_CLOCK_GATE_HIGH_tinytpu_isa_gmem2_m_axi_CONSERVATIVE1_NUM_READ_OUTSTANDING16_NUM_WRITE_OUTSTANDING16_MAX_READ_BURST_LENGTH16_MAX_WRITE_BURST_LENGTH16_C_M_AXI_ID_WIDTH1_C_M_AXI_ADDR_WIDTH64_C_M_AXI_DATA_WIDTH64_C_M_AXI_AWUSER_WIDTH1_C_M_AXI_ARUSER_WIDTH1_C_M_AXI_WUSER_WIDTH1_C_M_AXI_RUSER_WIDTH1_C_M_AXI_BUSER_WIDTH1_C_USER_VALUE0_C_PROT_VALUE0_C_CACHE_VALUE3_USER_DW64_USER_AW64_USER_MAXREQS7_USER_RFIFONUM_WIDTH9_150
gmem2_m_axi_U/clk_gate_load_unit_buff_rdata_genblk1_U_fifo_mem_mem_reg_107_       3.9900     0.0      0.0000       3.9900 0.0000 SNPS_CLOCK_GATE_HIGH_tinytpu_isa_gmem2_m_axi_CONSERVATIVE1_NUM_READ_OUTSTANDING16_NUM_WRITE_OUTSTANDING16_MAX_READ_BURST_LENGTH16_MAX_WRITE_BURST_LENGTH16_C_M_AXI_ID_WIDTH1_C_M_AXI_ADDR_WIDTH64_C_M_AXI_DATA_WIDTH64_C_M_AXI_AWUSER_WIDTH1_C_M_AXI_ARUSER_WIDTH1_C_M_AXI_WUSER_WIDTH1_C_M_AXI_RUSER_WIDTH1_C_M_AXI_BUSER_WIDTH1_C_USER_VALUE0_C_PROT_VALUE0_C_CACHE_VALUE3_USER_DW64_USER_AW64_USER_MAXREQS7_USER_RFIFONUM_WIDTH9_151
gmem2_m_axi_U/clk_gate_load_unit_buff_rdata_genblk1_U_fifo_mem_mem_reg_108_       3.9900     0.0      0.0000       3.9900 0.0000 SNPS_CLOCK_GATE_HIGH_tinytpu_isa_gmem2_m_axi_CONSERVATIVE1_NUM_READ_OUTSTANDING16_NUM_WRITE_OUTSTANDING16_MAX_READ_BURST_LENGTH16_MAX_WRITE_BURST_LENGTH16_C_M_AXI_ID_WIDTH1_C_M_AXI_ADDR_WIDTH64_C_M_AXI_DATA_WIDTH64_C_M_AXI_AWUSER_WIDTH1_C_M_AXI_ARUSER_WIDTH1_C_M_AXI_WUSER_WIDTH1_C_M_AXI_RUSER_WIDTH1_C_M_AXI_BUSER_WIDTH1_C_USER_VALUE0_C_PROT_VALUE0_C_CACHE_VALUE3_USER_DW64_USER_AW64_USER_MAXREQS7_USER_RFIFONUM_WIDTH9_152
gmem2_m_axi_U/clk_gate_load_unit_buff_rdata_genblk1_U_fifo_mem_mem_reg_109_       3.9900     0.0      0.0000       3.9900 0.0000 SNPS_CLOCK_GATE_HIGH_tinytpu_isa_gmem2_m_axi_CONSERVATIVE1_NUM_READ_OUTSTANDING16_NUM_WRITE_OUTSTANDING16_MAX_READ_BURST_LENGTH16_MAX_WRITE_BURST_LENGTH16_C_M_AXI_ID_WIDTH1_C_M_AXI_ADDR_WIDTH64_C_M_AXI_DATA_WIDTH64_C_M_AXI_AWUSER_WIDTH1_C_M_AXI_ARUSER_WIDTH1_C_M_AXI_WUSER_WIDTH1_C_M_AXI_RUSER_WIDTH1_C_M_AXI_BUSER_WIDTH1_C_USER_VALUE0_C_PROT_VALUE0_C_CACHE_VALUE3_USER_DW64_USER_AW64_USER_MAXREQS7_USER_RFIFONUM_WIDTH9_153
gmem2_m_axi_U/clk_gate_load_unit_buff_rdata_genblk1_U_fifo_mem_mem_reg_10_       3.9900     0.0      0.0000       3.9900 0.0000 SNPS_CLOCK_GATE_HIGH_tinytpu_isa_gmem2_m_axi_CONSERVATIVE1_NUM_READ_OUTSTANDING16_NUM_WRITE_OUTSTANDING16_MAX_READ_BURST_LENGTH16_MAX_WRITE_BURST_LENGTH16_C_M_AXI_ID_WIDTH1_C_M_AXI_ADDR_WIDTH64_C_M_AXI_DATA_WIDTH64_C_M_AXI_AWUSER_WIDTH1_C_M_AXI_ARUSER_WIDTH1_C_M_AXI_WUSER_WIDTH1_C_M_AXI_RUSER_WIDTH1_C_M_AXI_BUSER_WIDTH1_C_USER_VALUE0_C_PROT_VALUE0_C_CACHE_VALUE3_USER_DW64_USER_AW64_USER_MAXREQS7_USER_RFIFONUM_WIDTH9_54
gmem2_m_axi_U/clk_gate_load_unit_buff_rdata_genblk1_U_fifo_mem_mem_reg_110_       3.9900     0.0      0.0000       3.9900 0.0000 SNPS_CLOCK_GATE_HIGH_tinytpu_isa_gmem2_m_axi_CONSERVATIVE1_NUM_READ_OUTSTANDING16_NUM_WRITE_OUTSTANDING16_MAX_READ_BURST_LENGTH16_MAX_WRITE_BURST_LENGTH16_C_M_AXI_ID_WIDTH1_C_M_AXI_ADDR_WIDTH64_C_M_AXI_DATA_WIDTH64_C_M_AXI_AWUSER_WIDTH1_C_M_AXI_ARUSER_WIDTH1_C_M_AXI_WUSER_WIDTH1_C_M_AXI_RUSER_WIDTH1_C_M_AXI_BUSER_WIDTH1_C_USER_VALUE0_C_PROT_VALUE0_C_CACHE_VALUE3_USER_DW64_USER_AW64_USER_MAXREQS7_USER_RFIFONUM_WIDTH9_154
gmem2_m_axi_U/clk_gate_load_unit_buff_rdata_genblk1_U_fifo_mem_mem_reg_111_       3.9900     0.0      0.0000       3.9900 0.0000 SNPS_CLOCK_GATE_HIGH_tinytpu_isa_gmem2_m_axi_CONSERVATIVE1_NUM_READ_OUTSTANDING16_NUM_WRITE_OUTSTANDING16_MAX_READ_BURST_LENGTH16_MAX_WRITE_BURST_LENGTH16_C_M_AXI_ID_WIDTH1_C_M_AXI_ADDR_WIDTH64_C_M_AXI_DATA_WIDTH64_C_M_AXI_AWUSER_WIDTH1_C_M_AXI_ARUSER_WIDTH1_C_M_AXI_WUSER_WIDTH1_C_M_AXI_RUSER_WIDTH1_C_M_AXI_BUSER_WIDTH1_C_USER_VALUE0_C_PROT_VALUE0_C_CACHE_VALUE3_USER_DW64_USER_AW64_USER_MAXREQS7_USER_RFIFONUM_WIDTH9_155
gmem2_m_axi_U/clk_gate_load_unit_buff_rdata_genblk1_U_fifo_mem_mem_reg_112_       3.9900     0.0      0.0000       3.9900 0.0000 SNPS_CLOCK_GATE_HIGH_tinytpu_isa_gmem2_m_axi_CONSERVATIVE1_NUM_READ_OUTSTANDING16_NUM_WRITE_OUTSTANDING16_MAX_READ_BURST_LENGTH16_MAX_WRITE_BURST_LENGTH16_C_M_AXI_ID_WIDTH1_C_M_AXI_ADDR_WIDTH64_C_M_AXI_DATA_WIDTH64_C_M_AXI_AWUSER_WIDTH1_C_M_AXI_ARUSER_WIDTH1_C_M_AXI_WUSER_WIDTH1_C_M_AXI_RUSER_WIDTH1_C_M_AXI_BUSER_WIDTH1_C_USER_VALUE0_C_PROT_VALUE0_C_CACHE_VALUE3_USER_DW64_USER_AW64_USER_MAXREQS7_USER_RFIFONUM_WIDTH9_156
gmem2_m_axi_U/clk_gate_load_unit_buff_rdata_genblk1_U_fifo_mem_mem_reg_113_       3.9900     0.0      0.0000       3.9900 0.0000 SNPS_CLOCK_GATE_HIGH_tinytpu_isa_gmem2_m_axi_CONSERVATIVE1_NUM_READ_OUTSTANDING16_NUM_WRITE_OUTSTANDING16_MAX_READ_BURST_LENGTH16_MAX_WRITE_BURST_LENGTH16_C_M_AXI_ID_WIDTH1_C_M_AXI_ADDR_WIDTH64_C_M_AXI_DATA_WIDTH64_C_M_AXI_AWUSER_WIDTH1_C_M_AXI_ARUSER_WIDTH1_C_M_AXI_WUSER_WIDTH1_C_M_AXI_RUSER_WIDTH1_C_M_AXI_BUSER_WIDTH1_C_USER_VALUE0_C_PROT_VALUE0_C_CACHE_VALUE3_USER_DW64_USER_AW64_USER_MAXREQS7_USER_RFIFONUM_WIDTH9_157
gmem2_m_axi_U/clk_gate_load_unit_buff_rdata_genblk1_U_fifo_mem_mem_reg_114_       3.9900     0.0      0.0000       3.9900 0.0000 SNPS_CLOCK_GATE_HIGH_tinytpu_isa_gmem2_m_axi_CONSERVATIVE1_NUM_READ_OUTSTANDING16_NUM_WRITE_OUTSTANDING16_MAX_READ_BURST_LENGTH16_MAX_WRITE_BURST_LENGTH16_C_M_AXI_ID_WIDTH1_C_M_AXI_ADDR_WIDTH64_C_M_AXI_DATA_WIDTH64_C_M_AXI_AWUSER_WIDTH1_C_M_AXI_ARUSER_WIDTH1_C_M_AXI_WUSER_WIDTH1_C_M_AXI_RUSER_WIDTH1_C_M_AXI_BUSER_WIDTH1_C_USER_VALUE0_C_PROT_VALUE0_C_CACHE_VALUE3_USER_DW64_USER_AW64_USER_MAXREQS7_USER_RFIFONUM_WIDTH9_158
gmem2_m_axi_U/clk_gate_load_unit_buff_rdata_genblk1_U_fifo_mem_mem_reg_115_       3.9900     0.0      0.0000       3.9900 0.0000 SNPS_CLOCK_GATE_HIGH_tinytpu_isa_gmem2_m_axi_CONSERVATIVE1_NUM_READ_OUTSTANDING16_NUM_WRITE_OUTSTANDING16_MAX_READ_BURST_LENGTH16_MAX_WRITE_BURST_LENGTH16_C_M_AXI_ID_WIDTH1_C_M_AXI_ADDR_WIDTH64_C_M_AXI_DATA_WIDTH64_C_M_AXI_AWUSER_WIDTH1_C_M_AXI_ARUSER_WIDTH1_C_M_AXI_WUSER_WIDTH1_C_M_AXI_RUSER_WIDTH1_C_M_AXI_BUSER_WIDTH1_C_USER_VALUE0_C_PROT_VALUE0_C_CACHE_VALUE3_USER_DW64_USER_AW64_USER_MAXREQS7_USER_RFIFONUM_WIDTH9_159
gmem2_m_axi_U/clk_gate_load_unit_buff_rdata_genblk1_U_fifo_mem_mem_reg_116_       3.9900     0.0      0.0000       3.9900 0.0000 SNPS_CLOCK_GATE_HIGH_tinytpu_isa_gmem2_m_axi_CONSERVATIVE1_NUM_READ_OUTSTANDING16_NUM_WRITE_OUTSTANDING16_MAX_READ_BURST_LENGTH16_MAX_WRITE_BURST_LENGTH16_C_M_AXI_ID_WIDTH1_C_M_AXI_ADDR_WIDTH64_C_M_AXI_DATA_WIDTH64_C_M_AXI_AWUSER_WIDTH1_C_M_AXI_ARUSER_WIDTH1_C_M_AXI_WUSER_WIDTH1_C_M_AXI_RUSER_WIDTH1_C_M_AXI_BUSER_WIDTH1_C_USER_VALUE0_C_PROT_VALUE0_C_CACHE_VALUE3_USER_DW64_USER_AW64_USER_MAXREQS7_USER_RFIFONUM_WIDTH9_160
gmem2_m_axi_U/clk_gate_load_unit_buff_rdata_genblk1_U_fifo_mem_mem_reg_117_       3.9900     0.0      0.0000       3.9900 0.0000 SNPS_CLOCK_GATE_HIGH_tinytpu_isa_gmem2_m_axi_CONSERVATIVE1_NUM_READ_OUTSTANDING16_NUM_WRITE_OUTSTANDING16_MAX_READ_BURST_LENGTH16_MAX_WRITE_BURST_LENGTH16_C_M_AXI_ID_WIDTH1_C_M_AXI_ADDR_WIDTH64_C_M_AXI_DATA_WIDTH64_C_M_AXI_AWUSER_WIDTH1_C_M_AXI_ARUSER_WIDTH1_C_M_AXI_WUSER_WIDTH1_C_M_AXI_RUSER_WIDTH1_C_M_AXI_BUSER_WIDTH1_C_USER_VALUE0_C_PROT_VALUE0_C_CACHE_VALUE3_USER_DW64_USER_AW64_USER_MAXREQS7_USER_RFIFONUM_WIDTH9_161
gmem2_m_axi_U/clk_gate_load_unit_buff_rdata_genblk1_U_fifo_mem_mem_reg_118_       3.9900     0.0      0.0000       3.9900 0.0000 SNPS_CLOCK_GATE_HIGH_tinytpu_isa_gmem2_m_axi_CONSERVATIVE1_NUM_READ_OUTSTANDING16_NUM_WRITE_OUTSTANDING16_MAX_READ_BURST_LENGTH16_MAX_WRITE_BURST_LENGTH16_C_M_AXI_ID_WIDTH1_C_M_AXI_ADDR_WIDTH64_C_M_AXI_DATA_WIDTH64_C_M_AXI_AWUSER_WIDTH1_C_M_AXI_ARUSER_WIDTH1_C_M_AXI_WUSER_WIDTH1_C_M_AXI_RUSER_WIDTH1_C_M_AXI_BUSER_WIDTH1_C_USER_VALUE0_C_PROT_VALUE0_C_CACHE_VALUE3_USER_DW64_USER_AW64_USER_MAXREQS7_USER_RFIFONUM_WIDTH9_162
gmem2_m_axi_U/clk_gate_load_unit_buff_rdata_genblk1_U_fifo_mem_mem_reg_119_       3.9900     0.0      0.0000       3.9900 0.0000 SNPS_CLOCK_GATE_HIGH_tinytpu_isa_gmem2_m_axi_CONSERVATIVE1_NUM_READ_OUTSTANDING16_NUM_WRITE_OUTSTANDING16_MAX_READ_BURST_LENGTH16_MAX_WRITE_BURST_LENGTH16_C_M_AXI_ID_WIDTH1_C_M_AXI_ADDR_WIDTH64_C_M_AXI_DATA_WIDTH64_C_M_AXI_AWUSER_WIDTH1_C_M_AXI_ARUSER_WIDTH1_C_M_AXI_WUSER_WIDTH1_C_M_AXI_RUSER_WIDTH1_C_M_AXI_BUSER_WIDTH1_C_USER_VALUE0_C_PROT_VALUE0_C_CACHE_VALUE3_USER_DW64_USER_AW64_USER_MAXREQS7_USER_RFIFONUM_WIDTH9_163
gmem2_m_axi_U/clk_gate_load_unit_buff_rdata_genblk1_U_fifo_mem_mem_reg_11_       3.9900     0.0      0.0000       3.9900 0.0000 SNPS_CLOCK_GATE_HIGH_tinytpu_isa_gmem2_m_axi_CONSERVATIVE1_NUM_READ_OUTSTANDING16_NUM_WRITE_OUTSTANDING16_MAX_READ_BURST_LENGTH16_MAX_WRITE_BURST_LENGTH16_C_M_AXI_ID_WIDTH1_C_M_AXI_ADDR_WIDTH64_C_M_AXI_DATA_WIDTH64_C_M_AXI_AWUSER_WIDTH1_C_M_AXI_ARUSER_WIDTH1_C_M_AXI_WUSER_WIDTH1_C_M_AXI_RUSER_WIDTH1_C_M_AXI_BUSER_WIDTH1_C_USER_VALUE0_C_PROT_VALUE0_C_CACHE_VALUE3_USER_DW64_USER_AW64_USER_MAXREQS7_USER_RFIFONUM_WIDTH9_55
gmem2_m_axi_U/clk_gate_load_unit_buff_rdata_genblk1_U_fifo_mem_mem_reg_120_       3.9900     0.0      0.0000       3.9900 0.0000 SNPS_CLOCK_GATE_HIGH_tinytpu_isa_gmem2_m_axi_CONSERVATIVE1_NUM_READ_OUTSTANDING16_NUM_WRITE_OUTSTANDING16_MAX_READ_BURST_LENGTH16_MAX_WRITE_BURST_LENGTH16_C_M_AXI_ID_WIDTH1_C_M_AXI_ADDR_WIDTH64_C_M_AXI_DATA_WIDTH64_C_M_AXI_AWUSER_WIDTH1_C_M_AXI_ARUSER_WIDTH1_C_M_AXI_WUSER_WIDTH1_C_M_AXI_RUSER_WIDTH1_C_M_AXI_BUSER_WIDTH1_C_USER_VALUE0_C_PROT_VALUE0_C_CACHE_VALUE3_USER_DW64_USER_AW64_USER_MAXREQS7_USER_RFIFONUM_WIDTH9_164
gmem2_m_axi_U/clk_gate_load_unit_buff_rdata_genblk1_U_fifo_mem_mem_reg_121_       3.9900     0.0      0.0000       3.9900 0.0000 SNPS_CLOCK_GATE_HIGH_tinytpu_isa_gmem2_m_axi_CONSERVATIVE1_NUM_READ_OUTSTANDING16_NUM_WRITE_OUTSTANDING16_MAX_READ_BURST_LENGTH16_MAX_WRITE_BURST_LENGTH16_C_M_AXI_ID_WIDTH1_C_M_AXI_ADDR_WIDTH64_C_M_AXI_DATA_WIDTH64_C_M_AXI_AWUSER_WIDTH1_C_M_AXI_ARUSER_WIDTH1_C_M_AXI_WUSER_WIDTH1_C_M_AXI_RUSER_WIDTH1_C_M_AXI_BUSER_WIDTH1_C_USER_VALUE0_C_PROT_VALUE0_C_CACHE_VALUE3_USER_DW64_USER_AW64_USER_MAXREQS7_USER_RFIFONUM_WIDTH9_165
gmem2_m_axi_U/clk_gate_load_unit_buff_rdata_genblk1_U_fifo_mem_mem_reg_122_       3.9900     0.0      0.0000       3.9900 0.0000 SNPS_CLOCK_GATE_HIGH_tinytpu_isa_gmem2_m_axi_CONSERVATIVE1_NUM_READ_OUTSTANDING16_NUM_WRITE_OUTSTANDING16_MAX_READ_BURST_LENGTH16_MAX_WRITE_BURST_LENGTH16_C_M_AXI_ID_WIDTH1_C_M_AXI_ADDR_WIDTH64_C_M_AXI_DATA_WIDTH64_C_M_AXI_AWUSER_WIDTH1_C_M_AXI_ARUSER_WIDTH1_C_M_AXI_WUSER_WIDTH1_C_M_AXI_RUSER_WIDTH1_C_M_AXI_BUSER_WIDTH1_C_USER_VALUE0_C_PROT_VALUE0_C_CACHE_VALUE3_USER_DW64_USER_AW64_USER_MAXREQS7_USER_RFIFONUM_WIDTH9_166
gmem2_m_axi_U/clk_gate_load_unit_buff_rdata_genblk1_U_fifo_mem_mem_reg_123_       3.9900     0.0      0.0000       3.9900 0.0000 SNPS_CLOCK_GATE_HIGH_tinytpu_isa_gmem2_m_axi_CONSERVATIVE1_NUM_READ_OUTSTANDING16_NUM_WRITE_OUTSTANDING16_MAX_READ_BURST_LENGTH16_MAX_WRITE_BURST_LENGTH16_C_M_AXI_ID_WIDTH1_C_M_AXI_ADDR_WIDTH64_C_M_AXI_DATA_WIDTH64_C_M_AXI_AWUSER_WIDTH1_C_M_AXI_ARUSER_WIDTH1_C_M_AXI_WUSER_WIDTH1_C_M_AXI_RUSER_WIDTH1_C_M_AXI_BUSER_WIDTH1_C_USER_VALUE0_C_PROT_VALUE0_C_CACHE_VALUE3_USER_DW64_USER_AW64_USER_MAXREQS7_USER_RFIFONUM_WIDTH9_167
gmem2_m_axi_U/clk_gate_load_unit_buff_rdata_genblk1_U_fifo_mem_mem_reg_124_       3.9900     0.0      0.0000       3.9900 0.0000 SNPS_CLOCK_GATE_HIGH_tinytpu_isa_gmem2_m_axi_CONSERVATIVE1_NUM_READ_OUTSTANDING16_NUM_WRITE_OUTSTANDING16_MAX_READ_BURST_LENGTH16_MAX_WRITE_BURST_LENGTH16_C_M_AXI_ID_WIDTH1_C_M_AXI_ADDR_WIDTH64_C_M_AXI_DATA_WIDTH64_C_M_AXI_AWUSER_WIDTH1_C_M_AXI_ARUSER_WIDTH1_C_M_AXI_WUSER_WIDTH1_C_M_AXI_RUSER_WIDTH1_C_M_AXI_BUSER_WIDTH1_C_USER_VALUE0_C_PROT_VALUE0_C_CACHE_VALUE3_USER_DW64_USER_AW64_USER_MAXREQS7_USER_RFIFONUM_WIDTH9_168
gmem2_m_axi_U/clk_gate_load_unit_buff_rdata_genblk1_U_fifo_mem_mem_reg_125_       3.9900     0.0      0.0000       3.9900 0.0000 SNPS_CLOCK_GATE_HIGH_tinytpu_isa_gmem2_m_axi_CONSERVATIVE1_NUM_READ_OUTSTANDING16_NUM_WRITE_OUTSTANDING16_MAX_READ_BURST_LENGTH16_MAX_WRITE_BURST_LENGTH16_C_M_AXI_ID_WIDTH1_C_M_AXI_ADDR_WIDTH64_C_M_AXI_DATA_WIDTH64_C_M_AXI_AWUSER_WIDTH1_C_M_AXI_ARUSER_WIDTH1_C_M_AXI_WUSER_WIDTH1_C_M_AXI_RUSER_WIDTH1_C_M_AXI_BUSER_WIDTH1_C_USER_VALUE0_C_PROT_VALUE0_C_CACHE_VALUE3_USER_DW64_USER_AW64_USER_MAXREQS7_USER_RFIFONUM_WIDTH9_169
gmem2_m_axi_U/clk_gate_load_unit_buff_rdata_genblk1_U_fifo_mem_mem_reg_126_       3.9900     0.0      0.0000       3.9900 0.0000 SNPS_CLOCK_GATE_HIGH_tinytpu_isa_gmem2_m_axi_CONSERVATIVE1_NUM_READ_OUTSTANDING16_NUM_WRITE_OUTSTANDING16_MAX_READ_BURST_LENGTH16_MAX_WRITE_BURST_LENGTH16_C_M_AXI_ID_WIDTH1_C_M_AXI_ADDR_WIDTH64_C_M_AXI_DATA_WIDTH64_C_M_AXI_AWUSER_WIDTH1_C_M_AXI_ARUSER_WIDTH1_C_M_AXI_WUSER_WIDTH1_C_M_AXI_RUSER_WIDTH1_C_M_AXI_BUSER_WIDTH1_C_USER_VALUE0_C_PROT_VALUE0_C_CACHE_VALUE3_USER_DW64_USER_AW64_USER_MAXREQS7_USER_RFIFONUM_WIDTH9_170
gmem2_m_axi_U/clk_gate_load_unit_buff_rdata_genblk1_U_fifo_mem_mem_reg_127_       3.9900     0.0      0.0000       3.9900 0.0000 SNPS_CLOCK_GATE_HIGH_tinytpu_isa_gmem2_m_axi_CONSERVATIVE1_NUM_READ_OUTSTANDING16_NUM_WRITE_OUTSTANDING16_MAX_READ_BURST_LENGTH16_MAX_WRITE_BURST_LENGTH16_C_M_AXI_ID_WIDTH1_C_M_AXI_ADDR_WIDTH64_C_M_AXI_DATA_WIDTH64_C_M_AXI_AWUSER_WIDTH1_C_M_AXI_ARUSER_WIDTH1_C_M_AXI_WUSER_WIDTH1_C_M_AXI_RUSER_WIDTH1_C_M_AXI_BUSER_WIDTH1_C_USER_VALUE0_C_PROT_VALUE0_C_CACHE_VALUE3_USER_DW64_USER_AW64_USER_MAXREQS7_USER_RFIFONUM_WIDTH9_171
gmem2_m_axi_U/clk_gate_load_unit_buff_rdata_genblk1_U_fifo_mem_mem_reg_128_       3.9900     0.0      0.0000       3.9900 0.0000 SNPS_CLOCK_GATE_HIGH_tinytpu_isa_gmem2_m_axi_CONSERVATIVE1_NUM_READ_OUTSTANDING16_NUM_WRITE_OUTSTANDING16_MAX_READ_BURST_LENGTH16_MAX_WRITE_BURST_LENGTH16_C_M_AXI_ID_WIDTH1_C_M_AXI_ADDR_WIDTH64_C_M_AXI_DATA_WIDTH64_C_M_AXI_AWUSER_WIDTH1_C_M_AXI_ARUSER_WIDTH1_C_M_AXI_WUSER_WIDTH1_C_M_AXI_RUSER_WIDTH1_C_M_AXI_BUSER_WIDTH1_C_USER_VALUE0_C_PROT_VALUE0_C_CACHE_VALUE3_USER_DW64_USER_AW64_USER_MAXREQS7_USER_RFIFONUM_WIDTH9_172
gmem2_m_axi_U/clk_gate_load_unit_buff_rdata_genblk1_U_fifo_mem_mem_reg_129_       3.9900     0.0      0.0000       3.9900 0.0000 SNPS_CLOCK_GATE_HIGH_tinytpu_isa_gmem2_m_axi_CONSERVATIVE1_NUM_READ_OUTSTANDING16_NUM_WRITE_OUTSTANDING16_MAX_READ_BURST_LENGTH16_MAX_WRITE_BURST_LENGTH16_C_M_AXI_ID_WIDTH1_C_M_AXI_ADDR_WIDTH64_C_M_AXI_DATA_WIDTH64_C_M_AXI_AWUSER_WIDTH1_C_M_AXI_ARUSER_WIDTH1_C_M_AXI_WUSER_WIDTH1_C_M_AXI_RUSER_WIDTH1_C_M_AXI_BUSER_WIDTH1_C_USER_VALUE0_C_PROT_VALUE0_C_CACHE_VALUE3_USER_DW64_USER_AW64_USER_MAXREQS7_USER_RFIFONUM_WIDTH9_173
gmem2_m_axi_U/clk_gate_load_unit_buff_rdata_genblk1_U_fifo_mem_mem_reg_12_       3.9900     0.0      0.0000       3.9900 0.0000 SNPS_CLOCK_GATE_HIGH_tinytpu_isa_gmem2_m_axi_CONSERVATIVE1_NUM_READ_OUTSTANDING16_NUM_WRITE_OUTSTANDING16_MAX_READ_BURST_LENGTH16_MAX_WRITE_BURST_LENGTH16_C_M_AXI_ID_WIDTH1_C_M_AXI_ADDR_WIDTH64_C_M_AXI_DATA_WIDTH64_C_M_AXI_AWUSER_WIDTH1_C_M_AXI_ARUSER_WIDTH1_C_M_AXI_WUSER_WIDTH1_C_M_AXI_RUSER_WIDTH1_C_M_AXI_BUSER_WIDTH1_C_USER_VALUE0_C_PROT_VALUE0_C_CACHE_VALUE3_USER_DW64_USER_AW64_USER_MAXREQS7_USER_RFIFONUM_WIDTH9_56
gmem2_m_axi_U/clk_gate_load_unit_buff_rdata_genblk1_U_fifo_mem_mem_reg_130_       3.9900     0.0      0.0000       3.9900 0.0000 SNPS_CLOCK_GATE_HIGH_tinytpu_isa_gmem2_m_axi_CONSERVATIVE1_NUM_READ_OUTSTANDING16_NUM_WRITE_OUTSTANDING16_MAX_READ_BURST_LENGTH16_MAX_WRITE_BURST_LENGTH16_C_M_AXI_ID_WIDTH1_C_M_AXI_ADDR_WIDTH64_C_M_AXI_DATA_WIDTH64_C_M_AXI_AWUSER_WIDTH1_C_M_AXI_ARUSER_WIDTH1_C_M_AXI_WUSER_WIDTH1_C_M_AXI_RUSER_WIDTH1_C_M_AXI_BUSER_WIDTH1_C_USER_VALUE0_C_PROT_VALUE0_C_CACHE_VALUE3_USER_DW64_USER_AW64_USER_MAXREQS7_USER_RFIFONUM_WIDTH9_174
gmem2_m_axi_U/clk_gate_load_unit_buff_rdata_genblk1_U_fifo_mem_mem_reg_131_       3.9900     0.0      0.0000       3.9900 0.0000 SNPS_CLOCK_GATE_HIGH_tinytpu_isa_gmem2_m_axi_CONSERVATIVE1_NUM_READ_OUTSTANDING16_NUM_WRITE_OUTSTANDING16_MAX_READ_BURST_LENGTH16_MAX_WRITE_BURST_LENGTH16_C_M_AXI_ID_WIDTH1_C_M_AXI_ADDR_WIDTH64_C_M_AXI_DATA_WIDTH64_C_M_AXI_AWUSER_WIDTH1_C_M_AXI_ARUSER_WIDTH1_C_M_AXI_WUSER_WIDTH1_C_M_AXI_RUSER_WIDTH1_C_M_AXI_BUSER_WIDTH1_C_USER_VALUE0_C_PROT_VALUE0_C_CACHE_VALUE3_USER_DW64_USER_AW64_USER_MAXREQS7_USER_RFIFONUM_WIDTH9_175
gmem2_m_axi_U/clk_gate_load_unit_buff_rdata_genblk1_U_fifo_mem_mem_reg_132_       3.9900     0.0      0.0000       3.9900 0.0000 SNPS_CLOCK_GATE_HIGH_tinytpu_isa_gmem2_m_axi_CONSERVATIVE1_NUM_READ_OUTSTANDING16_NUM_WRITE_OUTSTANDING16_MAX_READ_BURST_LENGTH16_MAX_WRITE_BURST_LENGTH16_C_M_AXI_ID_WIDTH1_C_M_AXI_ADDR_WIDTH64_C_M_AXI_DATA_WIDTH64_C_M_AXI_AWUSER_WIDTH1_C_M_AXI_ARUSER_WIDTH1_C_M_AXI_WUSER_WIDTH1_C_M_AXI_RUSER_WIDTH1_C_M_AXI_BUSER_WIDTH1_C_USER_VALUE0_C_PROT_VALUE0_C_CACHE_VALUE3_USER_DW64_USER_AW64_USER_MAXREQS7_USER_RFIFONUM_WIDTH9_176
gmem2_m_axi_U/clk_gate_load_unit_buff_rdata_genblk1_U_fifo_mem_mem_reg_133_       3.9900     0.0      0.0000       3.9900 0.0000 SNPS_CLOCK_GATE_HIGH_tinytpu_isa_gmem2_m_axi_CONSERVATIVE1_NUM_READ_OUTSTANDING16_NUM_WRITE_OUTSTANDING16_MAX_READ_BURST_LENGTH16_MAX_WRITE_BURST_LENGTH16_C_M_AXI_ID_WIDTH1_C_M_AXI_ADDR_WIDTH64_C_M_AXI_DATA_WIDTH64_C_M_AXI_AWUSER_WIDTH1_C_M_AXI_ARUSER_WIDTH1_C_M_AXI_WUSER_WIDTH1_C_M_AXI_RUSER_WIDTH1_C_M_AXI_BUSER_WIDTH1_C_USER_VALUE0_C_PROT_VALUE0_C_CACHE_VALUE3_USER_DW64_USER_AW64_USER_MAXREQS7_USER_RFIFONUM_WIDTH9_177
gmem2_m_axi_U/clk_gate_load_unit_buff_rdata_genblk1_U_fifo_mem_mem_reg_134_       3.9900     0.0      0.0000       3.9900 0.0000 SNPS_CLOCK_GATE_HIGH_tinytpu_isa_gmem2_m_axi_CONSERVATIVE1_NUM_READ_OUTSTANDING16_NUM_WRITE_OUTSTANDING16_MAX_READ_BURST_LENGTH16_MAX_WRITE_BURST_LENGTH16_C_M_AXI_ID_WIDTH1_C_M_AXI_ADDR_WIDTH64_C_M_AXI_DATA_WIDTH64_C_M_AXI_AWUSER_WIDTH1_C_M_AXI_ARUSER_WIDTH1_C_M_AXI_WUSER_WIDTH1_C_M_AXI_RUSER_WIDTH1_C_M_AXI_BUSER_WIDTH1_C_USER_VALUE0_C_PROT_VALUE0_C_CACHE_VALUE3_USER_DW64_USER_AW64_USER_MAXREQS7_USER_RFIFONUM_WIDTH9_178
gmem2_m_axi_U/clk_gate_load_unit_buff_rdata_genblk1_U_fifo_mem_mem_reg_135_       3.9900     0.0      0.0000       3.9900 0.0000 SNPS_CLOCK_GATE_HIGH_tinytpu_isa_gmem2_m_axi_CONSERVATIVE1_NUM_READ_OUTSTANDING16_NUM_WRITE_OUTSTANDING16_MAX_READ_BURST_LENGTH16_MAX_WRITE_BURST_LENGTH16_C_M_AXI_ID_WIDTH1_C_M_AXI_ADDR_WIDTH64_C_M_AXI_DATA_WIDTH64_C_M_AXI_AWUSER_WIDTH1_C_M_AXI_ARUSER_WIDTH1_C_M_AXI_WUSER_WIDTH1_C_M_AXI_RUSER_WIDTH1_C_M_AXI_BUSER_WIDTH1_C_USER_VALUE0_C_PROT_VALUE0_C_CACHE_VALUE3_USER_DW64_USER_AW64_USER_MAXREQS7_USER_RFIFONUM_WIDTH9_179
gmem2_m_axi_U/clk_gate_load_unit_buff_rdata_genblk1_U_fifo_mem_mem_reg_136_       3.9900     0.0      0.0000       3.9900 0.0000 SNPS_CLOCK_GATE_HIGH_tinytpu_isa_gmem2_m_axi_CONSERVATIVE1_NUM_READ_OUTSTANDING16_NUM_WRITE_OUTSTANDING16_MAX_READ_BURST_LENGTH16_MAX_WRITE_BURST_LENGTH16_C_M_AXI_ID_WIDTH1_C_M_AXI_ADDR_WIDTH64_C_M_AXI_DATA_WIDTH64_C_M_AXI_AWUSER_WIDTH1_C_M_AXI_ARUSER_WIDTH1_C_M_AXI_WUSER_WIDTH1_C_M_AXI_RUSER_WIDTH1_C_M_AXI_BUSER_WIDTH1_C_USER_VALUE0_C_PROT_VALUE0_C_CACHE_VALUE3_USER_DW64_USER_AW64_USER_MAXREQS7_USER_RFIFONUM_WIDTH9_180
gmem2_m_axi_U/clk_gate_load_unit_buff_rdata_genblk1_U_fifo_mem_mem_reg_137_       3.9900     0.0      0.0000       3.9900 0.0000 SNPS_CLOCK_GATE_HIGH_tinytpu_isa_gmem2_m_axi_CONSERVATIVE1_NUM_READ_OUTSTANDING16_NUM_WRITE_OUTSTANDING16_MAX_READ_BURST_LENGTH16_MAX_WRITE_BURST_LENGTH16_C_M_AXI_ID_WIDTH1_C_M_AXI_ADDR_WIDTH64_C_M_AXI_DATA_WIDTH64_C_M_AXI_AWUSER_WIDTH1_C_M_AXI_ARUSER_WIDTH1_C_M_AXI_WUSER_WIDTH1_C_M_AXI_RUSER_WIDTH1_C_M_AXI_BUSER_WIDTH1_C_USER_VALUE0_C_PROT_VALUE0_C_CACHE_VALUE3_USER_DW64_USER_AW64_USER_MAXREQS7_USER_RFIFONUM_WIDTH9_181
gmem2_m_axi_U/clk_gate_load_unit_buff_rdata_genblk1_U_fifo_mem_mem_reg_138_       3.9900     0.0      0.0000       3.9900 0.0000 SNPS_CLOCK_GATE_HIGH_tinytpu_isa_gmem2_m_axi_CONSERVATIVE1_NUM_READ_OUTSTANDING16_NUM_WRITE_OUTSTANDING16_MAX_READ_BURST_LENGTH16_MAX_WRITE_BURST_LENGTH16_C_M_AXI_ID_WIDTH1_C_M_AXI_ADDR_WIDTH64_C_M_AXI_DATA_WIDTH64_C_M_AXI_AWUSER_WIDTH1_C_M_AXI_ARUSER_WIDTH1_C_M_AXI_WUSER_WIDTH1_C_M_AXI_RUSER_WIDTH1_C_M_AXI_BUSER_WIDTH1_C_USER_VALUE0_C_PROT_VALUE0_C_CACHE_VALUE3_USER_DW64_USER_AW64_USER_MAXREQS7_USER_RFIFONUM_WIDTH9_182
gmem2_m_axi_U/clk_gate_load_unit_buff_rdata_genblk1_U_fifo_mem_mem_reg_139_       3.9900     0.0      0.0000       3.9900 0.0000 SNPS_CLOCK_GATE_HIGH_tinytpu_isa_gmem2_m_axi_CONSERVATIVE1_NUM_READ_OUTSTANDING16_NUM_WRITE_OUTSTANDING16_MAX_READ_BURST_LENGTH16_MAX_WRITE_BURST_LENGTH16_C_M_AXI_ID_WIDTH1_C_M_AXI_ADDR_WIDTH64_C_M_AXI_DATA_WIDTH64_C_M_AXI_AWUSER_WIDTH1_C_M_AXI_ARUSER_WIDTH1_C_M_AXI_WUSER_WIDTH1_C_M_AXI_RUSER_WIDTH1_C_M_AXI_BUSER_WIDTH1_C_USER_VALUE0_C_PROT_VALUE0_C_CACHE_VALUE3_USER_DW64_USER_AW64_USER_MAXREQS7_USER_RFIFONUM_WIDTH9_183
gmem2_m_axi_U/clk_gate_load_unit_buff_rdata_genblk1_U_fifo_mem_mem_reg_13_       3.9900     0.0      0.0000       3.9900 0.0000 SNPS_CLOCK_GATE_HIGH_tinytpu_isa_gmem2_m_axi_CONSERVATIVE1_NUM_READ_OUTSTANDING16_NUM_WRITE_OUTSTANDING16_MAX_READ_BURST_LENGTH16_MAX_WRITE_BURST_LENGTH16_C_M_AXI_ID_WIDTH1_C_M_AXI_ADDR_WIDTH64_C_M_AXI_DATA_WIDTH64_C_M_AXI_AWUSER_WIDTH1_C_M_AXI_ARUSER_WIDTH1_C_M_AXI_WUSER_WIDTH1_C_M_AXI_RUSER_WIDTH1_C_M_AXI_BUSER_WIDTH1_C_USER_VALUE0_C_PROT_VALUE0_C_CACHE_VALUE3_USER_DW64_USER_AW64_USER_MAXREQS7_USER_RFIFONUM_WIDTH9_57
gmem2_m_axi_U/clk_gate_load_unit_buff_rdata_genblk1_U_fifo_mem_mem_reg_140_       3.9900     0.0      0.0000       3.9900 0.0000 SNPS_CLOCK_GATE_HIGH_tinytpu_isa_gmem2_m_axi_CONSERVATIVE1_NUM_READ_OUTSTANDING16_NUM_WRITE_OUTSTANDING16_MAX_READ_BURST_LENGTH16_MAX_WRITE_BURST_LENGTH16_C_M_AXI_ID_WIDTH1_C_M_AXI_ADDR_WIDTH64_C_M_AXI_DATA_WIDTH64_C_M_AXI_AWUSER_WIDTH1_C_M_AXI_ARUSER_WIDTH1_C_M_AXI_WUSER_WIDTH1_C_M_AXI_RUSER_WIDTH1_C_M_AXI_BUSER_WIDTH1_C_USER_VALUE0_C_PROT_VALUE0_C_CACHE_VALUE3_USER_DW64_USER_AW64_USER_MAXREQS7_USER_RFIFONUM_WIDTH9_184
gmem2_m_axi_U/clk_gate_load_unit_buff_rdata_genblk1_U_fifo_mem_mem_reg_141_       3.9900     0.0      0.0000       3.9900 0.0000 SNPS_CLOCK_GATE_HIGH_tinytpu_isa_gmem2_m_axi_CONSERVATIVE1_NUM_READ_OUTSTANDING16_NUM_WRITE_OUTSTANDING16_MAX_READ_BURST_LENGTH16_MAX_WRITE_BURST_LENGTH16_C_M_AXI_ID_WIDTH1_C_M_AXI_ADDR_WIDTH64_C_M_AXI_DATA_WIDTH64_C_M_AXI_AWUSER_WIDTH1_C_M_AXI_ARUSER_WIDTH1_C_M_AXI_WUSER_WIDTH1_C_M_AXI_RUSER_WIDTH1_C_M_AXI_BUSER_WIDTH1_C_USER_VALUE0_C_PROT_VALUE0_C_CACHE_VALUE3_USER_DW64_USER_AW64_USER_MAXREQS7_USER_RFIFONUM_WIDTH9_185
gmem2_m_axi_U/clk_gate_load_unit_buff_rdata_genblk1_U_fifo_mem_mem_reg_142_       3.9900     0.0      0.0000       3.9900 0.0000 SNPS_CLOCK_GATE_HIGH_tinytpu_isa_gmem2_m_axi_CONSERVATIVE1_NUM_READ_OUTSTANDING16_NUM_WRITE_OUTSTANDING16_MAX_READ_BURST_LENGTH16_MAX_WRITE_BURST_LENGTH16_C_M_AXI_ID_WIDTH1_C_M_AXI_ADDR_WIDTH64_C_M_AXI_DATA_WIDTH64_C_M_AXI_AWUSER_WIDTH1_C_M_AXI_ARUSER_WIDTH1_C_M_AXI_WUSER_WIDTH1_C_M_AXI_RUSER_WIDTH1_C_M_AXI_BUSER_WIDTH1_C_USER_VALUE0_C_PROT_VALUE0_C_CACHE_VALUE3_USER_DW64_USER_AW64_USER_MAXREQS7_USER_RFIFONUM_WIDTH9_186
gmem2_m_axi_U/clk_gate_load_unit_buff_rdata_genblk1_U_fifo_mem_mem_reg_143_       3.9900     0.0      0.0000       3.9900 0.0000 SNPS_CLOCK_GATE_HIGH_tinytpu_isa_gmem2_m_axi_CONSERVATIVE1_NUM_READ_OUTSTANDING16_NUM_WRITE_OUTSTANDING16_MAX_READ_BURST_LENGTH16_MAX_WRITE_BURST_LENGTH16_C_M_AXI_ID_WIDTH1_C_M_AXI_ADDR_WIDTH64_C_M_AXI_DATA_WIDTH64_C_M_AXI_AWUSER_WIDTH1_C_M_AXI_ARUSER_WIDTH1_C_M_AXI_WUSER_WIDTH1_C_M_AXI_RUSER_WIDTH1_C_M_AXI_BUSER_WIDTH1_C_USER_VALUE0_C_PROT_VALUE0_C_CACHE_VALUE3_USER_DW64_USER_AW64_USER_MAXREQS7_USER_RFIFONUM_WIDTH9_187
gmem2_m_axi_U/clk_gate_load_unit_buff_rdata_genblk1_U_fifo_mem_mem_reg_144_       3.9900     0.0      0.0000       3.9900 0.0000 SNPS_CLOCK_GATE_HIGH_tinytpu_isa_gmem2_m_axi_CONSERVATIVE1_NUM_READ_OUTSTANDING16_NUM_WRITE_OUTSTANDING16_MAX_READ_BURST_LENGTH16_MAX_WRITE_BURST_LENGTH16_C_M_AXI_ID_WIDTH1_C_M_AXI_ADDR_WIDTH64_C_M_AXI_DATA_WIDTH64_C_M_AXI_AWUSER_WIDTH1_C_M_AXI_ARUSER_WIDTH1_C_M_AXI_WUSER_WIDTH1_C_M_AXI_RUSER_WIDTH1_C_M_AXI_BUSER_WIDTH1_C_USER_VALUE0_C_PROT_VALUE0_C_CACHE_VALUE3_USER_DW64_USER_AW64_USER_MAXREQS7_USER_RFIFONUM_WIDTH9_188
gmem2_m_axi_U/clk_gate_load_unit_buff_rdata_genblk1_U_fifo_mem_mem_reg_145_       3.9900     0.0      0.0000       3.9900 0.0000 SNPS_CLOCK_GATE_HIGH_tinytpu_isa_gmem2_m_axi_CONSERVATIVE1_NUM_READ_OUTSTANDING16_NUM_WRITE_OUTSTANDING16_MAX_READ_BURST_LENGTH16_MAX_WRITE_BURST_LENGTH16_C_M_AXI_ID_WIDTH1_C_M_AXI_ADDR_WIDTH64_C_M_AXI_DATA_WIDTH64_C_M_AXI_AWUSER_WIDTH1_C_M_AXI_ARUSER_WIDTH1_C_M_AXI_WUSER_WIDTH1_C_M_AXI_RUSER_WIDTH1_C_M_AXI_BUSER_WIDTH1_C_USER_VALUE0_C_PROT_VALUE0_C_CACHE_VALUE3_USER_DW64_USER_AW64_USER_MAXREQS7_USER_RFIFONUM_WIDTH9_189
gmem2_m_axi_U/clk_gate_load_unit_buff_rdata_genblk1_U_fifo_mem_mem_reg_146_       3.9900     0.0      0.0000       3.9900 0.0000 SNPS_CLOCK_GATE_HIGH_tinytpu_isa_gmem2_m_axi_CONSERVATIVE1_NUM_READ_OUTSTANDING16_NUM_WRITE_OUTSTANDING16_MAX_READ_BURST_LENGTH16_MAX_WRITE_BURST_LENGTH16_C_M_AXI_ID_WIDTH1_C_M_AXI_ADDR_WIDTH64_C_M_AXI_DATA_WIDTH64_C_M_AXI_AWUSER_WIDTH1_C_M_AXI_ARUSER_WIDTH1_C_M_AXI_WUSER_WIDTH1_C_M_AXI_RUSER_WIDTH1_C_M_AXI_BUSER_WIDTH1_C_USER_VALUE0_C_PROT_VALUE0_C_CACHE_VALUE3_USER_DW64_USER_AW64_USER_MAXREQS7_USER_RFIFONUM_WIDTH9_190
gmem2_m_axi_U/clk_gate_load_unit_buff_rdata_genblk1_U_fifo_mem_mem_reg_147_       3.9900     0.0      0.0000       3.9900 0.0000 SNPS_CLOCK_GATE_HIGH_tinytpu_isa_gmem2_m_axi_CONSERVATIVE1_NUM_READ_OUTSTANDING16_NUM_WRITE_OUTSTANDING16_MAX_READ_BURST_LENGTH16_MAX_WRITE_BURST_LENGTH16_C_M_AXI_ID_WIDTH1_C_M_AXI_ADDR_WIDTH64_C_M_AXI_DATA_WIDTH64_C_M_AXI_AWUSER_WIDTH1_C_M_AXI_ARUSER_WIDTH1_C_M_AXI_WUSER_WIDTH1_C_M_AXI_RUSER_WIDTH1_C_M_AXI_BUSER_WIDTH1_C_USER_VALUE0_C_PROT_VALUE0_C_CACHE_VALUE3_USER_DW64_USER_AW64_USER_MAXREQS7_USER_RFIFONUM_WIDTH9_191
gmem2_m_axi_U/clk_gate_load_unit_buff_rdata_genblk1_U_fifo_mem_mem_reg_148_       3.9900     0.0      0.0000       3.9900 0.0000 SNPS_CLOCK_GATE_HIGH_tinytpu_isa_gmem2_m_axi_CONSERVATIVE1_NUM_READ_OUTSTANDING16_NUM_WRITE_OUTSTANDING16_MAX_READ_BURST_LENGTH16_MAX_WRITE_BURST_LENGTH16_C_M_AXI_ID_WIDTH1_C_M_AXI_ADDR_WIDTH64_C_M_AXI_DATA_WIDTH64_C_M_AXI_AWUSER_WIDTH1_C_M_AXI_ARUSER_WIDTH1_C_M_AXI_WUSER_WIDTH1_C_M_AXI_RUSER_WIDTH1_C_M_AXI_BUSER_WIDTH1_C_USER_VALUE0_C_PROT_VALUE0_C_CACHE_VALUE3_USER_DW64_USER_AW64_USER_MAXREQS7_USER_RFIFONUM_WIDTH9_192
gmem2_m_axi_U/clk_gate_load_unit_buff_rdata_genblk1_U_fifo_mem_mem_reg_149_       3.9900     0.0      0.0000       3.9900 0.0000 SNPS_CLOCK_GATE_HIGH_tinytpu_isa_gmem2_m_axi_CONSERVATIVE1_NUM_READ_OUTSTANDING16_NUM_WRITE_OUTSTANDING16_MAX_READ_BURST_LENGTH16_MAX_WRITE_BURST_LENGTH16_C_M_AXI_ID_WIDTH1_C_M_AXI_ADDR_WIDTH64_C_M_AXI_DATA_WIDTH64_C_M_AXI_AWUSER_WIDTH1_C_M_AXI_ARUSER_WIDTH1_C_M_AXI_WUSER_WIDTH1_C_M_AXI_RUSER_WIDTH1_C_M_AXI_BUSER_WIDTH1_C_USER_VALUE0_C_PROT_VALUE0_C_CACHE_VALUE3_USER_DW64_USER_AW64_USER_MAXREQS7_USER_RFIFONUM_WIDTH9_193
gmem2_m_axi_U/clk_gate_load_unit_buff_rdata_genblk1_U_fifo_mem_mem_reg_14_       3.9900     0.0      0.0000       3.9900 0.0000 SNPS_CLOCK_GATE_HIGH_tinytpu_isa_gmem2_m_axi_CONSERVATIVE1_NUM_READ_OUTSTANDING16_NUM_WRITE_OUTSTANDING16_MAX_READ_BURST_LENGTH16_MAX_WRITE_BURST_LENGTH16_C_M_AXI_ID_WIDTH1_C_M_AXI_ADDR_WIDTH64_C_M_AXI_DATA_WIDTH64_C_M_AXI_AWUSER_WIDTH1_C_M_AXI_ARUSER_WIDTH1_C_M_AXI_WUSER_WIDTH1_C_M_AXI_RUSER_WIDTH1_C_M_AXI_BUSER_WIDTH1_C_USER_VALUE0_C_PROT_VALUE0_C_CACHE_VALUE3_USER_DW64_USER_AW64_USER_MAXREQS7_USER_RFIFONUM_WIDTH9_58
gmem2_m_axi_U/clk_gate_load_unit_buff_rdata_genblk1_U_fifo_mem_mem_reg_150_       3.9900     0.0      0.0000       3.9900 0.0000 SNPS_CLOCK_GATE_HIGH_tinytpu_isa_gmem2_m_axi_CONSERVATIVE1_NUM_READ_OUTSTANDING16_NUM_WRITE_OUTSTANDING16_MAX_READ_BURST_LENGTH16_MAX_WRITE_BURST_LENGTH16_C_M_AXI_ID_WIDTH1_C_M_AXI_ADDR_WIDTH64_C_M_AXI_DATA_WIDTH64_C_M_AXI_AWUSER_WIDTH1_C_M_AXI_ARUSER_WIDTH1_C_M_AXI_WUSER_WIDTH1_C_M_AXI_RUSER_WIDTH1_C_M_AXI_BUSER_WIDTH1_C_USER_VALUE0_C_PROT_VALUE0_C_CACHE_VALUE3_USER_DW64_USER_AW64_USER_MAXREQS7_USER_RFIFONUM_WIDTH9_194
gmem2_m_axi_U/clk_gate_load_unit_buff_rdata_genblk1_U_fifo_mem_mem_reg_151_       3.9900     0.0      0.0000       3.9900 0.0000 SNPS_CLOCK_GATE_HIGH_tinytpu_isa_gmem2_m_axi_CONSERVATIVE1_NUM_READ_OUTSTANDING16_NUM_WRITE_OUTSTANDING16_MAX_READ_BURST_LENGTH16_MAX_WRITE_BURST_LENGTH16_C_M_AXI_ID_WIDTH1_C_M_AXI_ADDR_WIDTH64_C_M_AXI_DATA_WIDTH64_C_M_AXI_AWUSER_WIDTH1_C_M_AXI_ARUSER_WIDTH1_C_M_AXI_WUSER_WIDTH1_C_M_AXI_RUSER_WIDTH1_C_M_AXI_BUSER_WIDTH1_C_USER_VALUE0_C_PROT_VALUE0_C_CACHE_VALUE3_USER_DW64_USER_AW64_USER_MAXREQS7_USER_RFIFONUM_WIDTH9_195
gmem2_m_axi_U/clk_gate_load_unit_buff_rdata_genblk1_U_fifo_mem_mem_reg_152_       3.9900     0.0      0.0000       3.9900 0.0000 SNPS_CLOCK_GATE_HIGH_tinytpu_isa_gmem2_m_axi_CONSERVATIVE1_NUM_READ_OUTSTANDING16_NUM_WRITE_OUTSTANDING16_MAX_READ_BURST_LENGTH16_MAX_WRITE_BURST_LENGTH16_C_M_AXI_ID_WIDTH1_C_M_AXI_ADDR_WIDTH64_C_M_AXI_DATA_WIDTH64_C_M_AXI_AWUSER_WIDTH1_C_M_AXI_ARUSER_WIDTH1_C_M_AXI_WUSER_WIDTH1_C_M_AXI_RUSER_WIDTH1_C_M_AXI_BUSER_WIDTH1_C_USER_VALUE0_C_PROT_VALUE0_C_CACHE_VALUE3_USER_DW64_USER_AW64_USER_MAXREQS7_USER_RFIFONUM_WIDTH9_196
gmem2_m_axi_U/clk_gate_load_unit_buff_rdata_genblk1_U_fifo_mem_mem_reg_153_       3.9900     0.0      0.0000       3.9900 0.0000 SNPS_CLOCK_GATE_HIGH_tinytpu_isa_gmem2_m_axi_CONSERVATIVE1_NUM_READ_OUTSTANDING16_NUM_WRITE_OUTSTANDING16_MAX_READ_BURST_LENGTH16_MAX_WRITE_BURST_LENGTH16_C_M_AXI_ID_WIDTH1_C_M_AXI_ADDR_WIDTH64_C_M_AXI_DATA_WIDTH64_C_M_AXI_AWUSER_WIDTH1_C_M_AXI_ARUSER_WIDTH1_C_M_AXI_WUSER_WIDTH1_C_M_AXI_RUSER_WIDTH1_C_M_AXI_BUSER_WIDTH1_C_USER_VALUE0_C_PROT_VALUE0_C_CACHE_VALUE3_USER_DW64_USER_AW64_USER_MAXREQS7_USER_RFIFONUM_WIDTH9_197
gmem2_m_axi_U/clk_gate_load_unit_buff_rdata_genblk1_U_fifo_mem_mem_reg_154_       3.9900     0.0      0.0000       3.9900 0.0000 SNPS_CLOCK_GATE_HIGH_tinytpu_isa_gmem2_m_axi_CONSERVATIVE1_NUM_READ_OUTSTANDING16_NUM_WRITE_OUTSTANDING16_MAX_READ_BURST_LENGTH16_MAX_WRITE_BURST_LENGTH16_C_M_AXI_ID_WIDTH1_C_M_AXI_ADDR_WIDTH64_C_M_AXI_DATA_WIDTH64_C_M_AXI_AWUSER_WIDTH1_C_M_AXI_ARUSER_WIDTH1_C_M_AXI_WUSER_WIDTH1_C_M_AXI_RUSER_WIDTH1_C_M_AXI_BUSER_WIDTH1_C_USER_VALUE0_C_PROT_VALUE0_C_CACHE_VALUE3_USER_DW64_USER_AW64_USER_MAXREQS7_USER_RFIFONUM_WIDTH9_198
gmem2_m_axi_U/clk_gate_load_unit_buff_rdata_genblk1_U_fifo_mem_mem_reg_155_       3.9900     0.0      0.0000       3.9900 0.0000 SNPS_CLOCK_GATE_HIGH_tinytpu_isa_gmem2_m_axi_CONSERVATIVE1_NUM_READ_OUTSTANDING16_NUM_WRITE_OUTSTANDING16_MAX_READ_BURST_LENGTH16_MAX_WRITE_BURST_LENGTH16_C_M_AXI_ID_WIDTH1_C_M_AXI_ADDR_WIDTH64_C_M_AXI_DATA_WIDTH64_C_M_AXI_AWUSER_WIDTH1_C_M_AXI_ARUSER_WIDTH1_C_M_AXI_WUSER_WIDTH1_C_M_AXI_RUSER_WIDTH1_C_M_AXI_BUSER_WIDTH1_C_USER_VALUE0_C_PROT_VALUE0_C_CACHE_VALUE3_USER_DW64_USER_AW64_USER_MAXREQS7_USER_RFIFONUM_WIDTH9_199
gmem2_m_axi_U/clk_gate_load_unit_buff_rdata_genblk1_U_fifo_mem_mem_reg_156_       3.9900     0.0      0.0000       3.9900 0.0000 SNPS_CLOCK_GATE_HIGH_tinytpu_isa_gmem2_m_axi_CONSERVATIVE1_NUM_READ_OUTSTANDING16_NUM_WRITE_OUTSTANDING16_MAX_READ_BURST_LENGTH16_MAX_WRITE_BURST_LENGTH16_C_M_AXI_ID_WIDTH1_C_M_AXI_ADDR_WIDTH64_C_M_AXI_DATA_WIDTH64_C_M_AXI_AWUSER_WIDTH1_C_M_AXI_ARUSER_WIDTH1_C_M_AXI_WUSER_WIDTH1_C_M_AXI_RUSER_WIDTH1_C_M_AXI_BUSER_WIDTH1_C_USER_VALUE0_C_PROT_VALUE0_C_CACHE_VALUE3_USER_DW64_USER_AW64_USER_MAXREQS7_USER_RFIFONUM_WIDTH9_200
gmem2_m_axi_U/clk_gate_load_unit_buff_rdata_genblk1_U_fifo_mem_mem_reg_157_       3.9900     0.0      0.0000       3.9900 0.0000 SNPS_CLOCK_GATE_HIGH_tinytpu_isa_gmem2_m_axi_CONSERVATIVE1_NUM_READ_OUTSTANDING16_NUM_WRITE_OUTSTANDING16_MAX_READ_BURST_LENGTH16_MAX_WRITE_BURST_LENGTH16_C_M_AXI_ID_WIDTH1_C_M_AXI_ADDR_WIDTH64_C_M_AXI_DATA_WIDTH64_C_M_AXI_AWUSER_WIDTH1_C_M_AXI_ARUSER_WIDTH1_C_M_AXI_WUSER_WIDTH1_C_M_AXI_RUSER_WIDTH1_C_M_AXI_BUSER_WIDTH1_C_USER_VALUE0_C_PROT_VALUE0_C_CACHE_VALUE3_USER_DW64_USER_AW64_USER_MAXREQS7_USER_RFIFONUM_WIDTH9_201
gmem2_m_axi_U/clk_gate_load_unit_buff_rdata_genblk1_U_fifo_mem_mem_reg_158_       3.9900     0.0      0.0000       3.9900 0.0000 SNPS_CLOCK_GATE_HIGH_tinytpu_isa_gmem2_m_axi_CONSERVATIVE1_NUM_READ_OUTSTANDING16_NUM_WRITE_OUTSTANDING16_MAX_READ_BURST_LENGTH16_MAX_WRITE_BURST_LENGTH16_C_M_AXI_ID_WIDTH1_C_M_AXI_ADDR_WIDTH64_C_M_AXI_DATA_WIDTH64_C_M_AXI_AWUSER_WIDTH1_C_M_AXI_ARUSER_WIDTH1_C_M_AXI_WUSER_WIDTH1_C_M_AXI_RUSER_WIDTH1_C_M_AXI_BUSER_WIDTH1_C_USER_VALUE0_C_PROT_VALUE0_C_CACHE_VALUE3_USER_DW64_USER_AW64_USER_MAXREQS7_USER_RFIFONUM_WIDTH9_202
gmem2_m_axi_U/clk_gate_load_unit_buff_rdata_genblk1_U_fifo_mem_mem_reg_159_       3.9900     0.0      0.0000       3.9900 0.0000 SNPS_CLOCK_GATE_HIGH_tinytpu_isa_gmem2_m_axi_CONSERVATIVE1_NUM_READ_OUTSTANDING16_NUM_WRITE_OUTSTANDING16_MAX_READ_BURST_LENGTH16_MAX_WRITE_BURST_LENGTH16_C_M_AXI_ID_WIDTH1_C_M_AXI_ADDR_WIDTH64_C_M_AXI_DATA_WIDTH64_C_M_AXI_AWUSER_WIDTH1_C_M_AXI_ARUSER_WIDTH1_C_M_AXI_WUSER_WIDTH1_C_M_AXI_RUSER_WIDTH1_C_M_AXI_BUSER_WIDTH1_C_USER_VALUE0_C_PROT_VALUE0_C_CACHE_VALUE3_USER_DW64_USER_AW64_USER_MAXREQS7_USER_RFIFONUM_WIDTH9_203
gmem2_m_axi_U/clk_gate_load_unit_buff_rdata_genblk1_U_fifo_mem_mem_reg_15_       3.9900     0.0      0.0000       3.9900 0.0000 SNPS_CLOCK_GATE_HIGH_tinytpu_isa_gmem2_m_axi_CONSERVATIVE1_NUM_READ_OUTSTANDING16_NUM_WRITE_OUTSTANDING16_MAX_READ_BURST_LENGTH16_MAX_WRITE_BURST_LENGTH16_C_M_AXI_ID_WIDTH1_C_M_AXI_ADDR_WIDTH64_C_M_AXI_DATA_WIDTH64_C_M_AXI_AWUSER_WIDTH1_C_M_AXI_ARUSER_WIDTH1_C_M_AXI_WUSER_WIDTH1_C_M_AXI_RUSER_WIDTH1_C_M_AXI_BUSER_WIDTH1_C_USER_VALUE0_C_PROT_VALUE0_C_CACHE_VALUE3_USER_DW64_USER_AW64_USER_MAXREQS7_USER_RFIFONUM_WIDTH9_59
gmem2_m_axi_U/clk_gate_load_unit_buff_rdata_genblk1_U_fifo_mem_mem_reg_160_       3.9900     0.0      0.0000       3.9900 0.0000 SNPS_CLOCK_GATE_HIGH_tinytpu_isa_gmem2_m_axi_CONSERVATIVE1_NUM_READ_OUTSTANDING16_NUM_WRITE_OUTSTANDING16_MAX_READ_BURST_LENGTH16_MAX_WRITE_BURST_LENGTH16_C_M_AXI_ID_WIDTH1_C_M_AXI_ADDR_WIDTH64_C_M_AXI_DATA_WIDTH64_C_M_AXI_AWUSER_WIDTH1_C_M_AXI_ARUSER_WIDTH1_C_M_AXI_WUSER_WIDTH1_C_M_AXI_RUSER_WIDTH1_C_M_AXI_BUSER_WIDTH1_C_USER_VALUE0_C_PROT_VALUE0_C_CACHE_VALUE3_USER_DW64_USER_AW64_USER_MAXREQS7_USER_RFIFONUM_WIDTH9_204
gmem2_m_axi_U/clk_gate_load_unit_buff_rdata_genblk1_U_fifo_mem_mem_reg_161_       3.9900     0.0      0.0000       3.9900 0.0000 SNPS_CLOCK_GATE_HIGH_tinytpu_isa_gmem2_m_axi_CONSERVATIVE1_NUM_READ_OUTSTANDING16_NUM_WRITE_OUTSTANDING16_MAX_READ_BURST_LENGTH16_MAX_WRITE_BURST_LENGTH16_C_M_AXI_ID_WIDTH1_C_M_AXI_ADDR_WIDTH64_C_M_AXI_DATA_WIDTH64_C_M_AXI_AWUSER_WIDTH1_C_M_AXI_ARUSER_WIDTH1_C_M_AXI_WUSER_WIDTH1_C_M_AXI_RUSER_WIDTH1_C_M_AXI_BUSER_WIDTH1_C_USER_VALUE0_C_PROT_VALUE0_C_CACHE_VALUE3_USER_DW64_USER_AW64_USER_MAXREQS7_USER_RFIFONUM_WIDTH9_205
gmem2_m_axi_U/clk_gate_load_unit_buff_rdata_genblk1_U_fifo_mem_mem_reg_162_       3.9900     0.0      0.0000       3.9900 0.0000 SNPS_CLOCK_GATE_HIGH_tinytpu_isa_gmem2_m_axi_CONSERVATIVE1_NUM_READ_OUTSTANDING16_NUM_WRITE_OUTSTANDING16_MAX_READ_BURST_LENGTH16_MAX_WRITE_BURST_LENGTH16_C_M_AXI_ID_WIDTH1_C_M_AXI_ADDR_WIDTH64_C_M_AXI_DATA_WIDTH64_C_M_AXI_AWUSER_WIDTH1_C_M_AXI_ARUSER_WIDTH1_C_M_AXI_WUSER_WIDTH1_C_M_AXI_RUSER_WIDTH1_C_M_AXI_BUSER_WIDTH1_C_USER_VALUE0_C_PROT_VALUE0_C_CACHE_VALUE3_USER_DW64_USER_AW64_USER_MAXREQS7_USER_RFIFONUM_WIDTH9_206
gmem2_m_axi_U/clk_gate_load_unit_buff_rdata_genblk1_U_fifo_mem_mem_reg_163_       3.9900     0.0      0.0000       3.9900 0.0000 SNPS_CLOCK_GATE_HIGH_tinytpu_isa_gmem2_m_axi_CONSERVATIVE1_NUM_READ_OUTSTANDING16_NUM_WRITE_OUTSTANDING16_MAX_READ_BURST_LENGTH16_MAX_WRITE_BURST_LENGTH16_C_M_AXI_ID_WIDTH1_C_M_AXI_ADDR_WIDTH64_C_M_AXI_DATA_WIDTH64_C_M_AXI_AWUSER_WIDTH1_C_M_AXI_ARUSER_WIDTH1_C_M_AXI_WUSER_WIDTH1_C_M_AXI_RUSER_WIDTH1_C_M_AXI_BUSER_WIDTH1_C_USER_VALUE0_C_PROT_VALUE0_C_CACHE_VALUE3_USER_DW64_USER_AW64_USER_MAXREQS7_USER_RFIFONUM_WIDTH9_207
gmem2_m_axi_U/clk_gate_load_unit_buff_rdata_genblk1_U_fifo_mem_mem_reg_164_       3.9900     0.0      0.0000       3.9900 0.0000 SNPS_CLOCK_GATE_HIGH_tinytpu_isa_gmem2_m_axi_CONSERVATIVE1_NUM_READ_OUTSTANDING16_NUM_WRITE_OUTSTANDING16_MAX_READ_BURST_LENGTH16_MAX_WRITE_BURST_LENGTH16_C_M_AXI_ID_WIDTH1_C_M_AXI_ADDR_WIDTH64_C_M_AXI_DATA_WIDTH64_C_M_AXI_AWUSER_WIDTH1_C_M_AXI_ARUSER_WIDTH1_C_M_AXI_WUSER_WIDTH1_C_M_AXI_RUSER_WIDTH1_C_M_AXI_BUSER_WIDTH1_C_USER_VALUE0_C_PROT_VALUE0_C_CACHE_VALUE3_USER_DW64_USER_AW64_USER_MAXREQS7_USER_RFIFONUM_WIDTH9_208
gmem2_m_axi_U/clk_gate_load_unit_buff_rdata_genblk1_U_fifo_mem_mem_reg_165_       3.9900     0.0      0.0000       3.9900 0.0000 SNPS_CLOCK_GATE_HIGH_tinytpu_isa_gmem2_m_axi_CONSERVATIVE1_NUM_READ_OUTSTANDING16_NUM_WRITE_OUTSTANDING16_MAX_READ_BURST_LENGTH16_MAX_WRITE_BURST_LENGTH16_C_M_AXI_ID_WIDTH1_C_M_AXI_ADDR_WIDTH64_C_M_AXI_DATA_WIDTH64_C_M_AXI_AWUSER_WIDTH1_C_M_AXI_ARUSER_WIDTH1_C_M_AXI_WUSER_WIDTH1_C_M_AXI_RUSER_WIDTH1_C_M_AXI_BUSER_WIDTH1_C_USER_VALUE0_C_PROT_VALUE0_C_CACHE_VALUE3_USER_DW64_USER_AW64_USER_MAXREQS7_USER_RFIFONUM_WIDTH9_209
gmem2_m_axi_U/clk_gate_load_unit_buff_rdata_genblk1_U_fifo_mem_mem_reg_166_       3.9900     0.0      0.0000       3.9900 0.0000 SNPS_CLOCK_GATE_HIGH_tinytpu_isa_gmem2_m_axi_CONSERVATIVE1_NUM_READ_OUTSTANDING16_NUM_WRITE_OUTSTANDING16_MAX_READ_BURST_LENGTH16_MAX_WRITE_BURST_LENGTH16_C_M_AXI_ID_WIDTH1_C_M_AXI_ADDR_WIDTH64_C_M_AXI_DATA_WIDTH64_C_M_AXI_AWUSER_WIDTH1_C_M_AXI_ARUSER_WIDTH1_C_M_AXI_WUSER_WIDTH1_C_M_AXI_RUSER_WIDTH1_C_M_AXI_BUSER_WIDTH1_C_USER_VALUE0_C_PROT_VALUE0_C_CACHE_VALUE3_USER_DW64_USER_AW64_USER_MAXREQS7_USER_RFIFONUM_WIDTH9_210
gmem2_m_axi_U/clk_gate_load_unit_buff_rdata_genblk1_U_fifo_mem_mem_reg_167_       3.9900     0.0      0.0000       3.9900 0.0000 SNPS_CLOCK_GATE_HIGH_tinytpu_isa_gmem2_m_axi_CONSERVATIVE1_NUM_READ_OUTSTANDING16_NUM_WRITE_OUTSTANDING16_MAX_READ_BURST_LENGTH16_MAX_WRITE_BURST_LENGTH16_C_M_AXI_ID_WIDTH1_C_M_AXI_ADDR_WIDTH64_C_M_AXI_DATA_WIDTH64_C_M_AXI_AWUSER_WIDTH1_C_M_AXI_ARUSER_WIDTH1_C_M_AXI_WUSER_WIDTH1_C_M_AXI_RUSER_WIDTH1_C_M_AXI_BUSER_WIDTH1_C_USER_VALUE0_C_PROT_VALUE0_C_CACHE_VALUE3_USER_DW64_USER_AW64_USER_MAXREQS7_USER_RFIFONUM_WIDTH9_211
gmem2_m_axi_U/clk_gate_load_unit_buff_rdata_genblk1_U_fifo_mem_mem_reg_168_       3.9900     0.0      0.0000       3.9900 0.0000 SNPS_CLOCK_GATE_HIGH_tinytpu_isa_gmem2_m_axi_CONSERVATIVE1_NUM_READ_OUTSTANDING16_NUM_WRITE_OUTSTANDING16_MAX_READ_BURST_LENGTH16_MAX_WRITE_BURST_LENGTH16_C_M_AXI_ID_WIDTH1_C_M_AXI_ADDR_WIDTH64_C_M_AXI_DATA_WIDTH64_C_M_AXI_AWUSER_WIDTH1_C_M_AXI_ARUSER_WIDTH1_C_M_AXI_WUSER_WIDTH1_C_M_AXI_RUSER_WIDTH1_C_M_AXI_BUSER_WIDTH1_C_USER_VALUE0_C_PROT_VALUE0_C_CACHE_VALUE3_USER_DW64_USER_AW64_USER_MAXREQS7_USER_RFIFONUM_WIDTH9_212
gmem2_m_axi_U/clk_gate_load_unit_buff_rdata_genblk1_U_fifo_mem_mem_reg_169_       3.9900     0.0      0.0000       3.9900 0.0000 SNPS_CLOCK_GATE_HIGH_tinytpu_isa_gmem2_m_axi_CONSERVATIVE1_NUM_READ_OUTSTANDING16_NUM_WRITE_OUTSTANDING16_MAX_READ_BURST_LENGTH16_MAX_WRITE_BURST_LENGTH16_C_M_AXI_ID_WIDTH1_C_M_AXI_ADDR_WIDTH64_C_M_AXI_DATA_WIDTH64_C_M_AXI_AWUSER_WIDTH1_C_M_AXI_ARUSER_WIDTH1_C_M_AXI_WUSER_WIDTH1_C_M_AXI_RUSER_WIDTH1_C_M_AXI_BUSER_WIDTH1_C_USER_VALUE0_C_PROT_VALUE0_C_CACHE_VALUE3_USER_DW64_USER_AW64_USER_MAXREQS7_USER_RFIFONUM_WIDTH9_213
gmem2_m_axi_U/clk_gate_load_unit_buff_rdata_genblk1_U_fifo_mem_mem_reg_16_       3.9900     0.0      0.0000       3.9900 0.0000 SNPS_CLOCK_GATE_HIGH_tinytpu_isa_gmem2_m_axi_CONSERVATIVE1_NUM_READ_OUTSTANDING16_NUM_WRITE_OUTSTANDING16_MAX_READ_BURST_LENGTH16_MAX_WRITE_BURST_LENGTH16_C_M_AXI_ID_WIDTH1_C_M_AXI_ADDR_WIDTH64_C_M_AXI_DATA_WIDTH64_C_M_AXI_AWUSER_WIDTH1_C_M_AXI_ARUSER_WIDTH1_C_M_AXI_WUSER_WIDTH1_C_M_AXI_RUSER_WIDTH1_C_M_AXI_BUSER_WIDTH1_C_USER_VALUE0_C_PROT_VALUE0_C_CACHE_VALUE3_USER_DW64_USER_AW64_USER_MAXREQS7_USER_RFIFONUM_WIDTH9_60
gmem2_m_axi_U/clk_gate_load_unit_buff_rdata_genblk1_U_fifo_mem_mem_reg_170_       3.9900     0.0      0.0000       3.9900 0.0000 SNPS_CLOCK_GATE_HIGH_tinytpu_isa_gmem2_m_axi_CONSERVATIVE1_NUM_READ_OUTSTANDING16_NUM_WRITE_OUTSTANDING16_MAX_READ_BURST_LENGTH16_MAX_WRITE_BURST_LENGTH16_C_M_AXI_ID_WIDTH1_C_M_AXI_ADDR_WIDTH64_C_M_AXI_DATA_WIDTH64_C_M_AXI_AWUSER_WIDTH1_C_M_AXI_ARUSER_WIDTH1_C_M_AXI_WUSER_WIDTH1_C_M_AXI_RUSER_WIDTH1_C_M_AXI_BUSER_WIDTH1_C_USER_VALUE0_C_PROT_VALUE0_C_CACHE_VALUE3_USER_DW64_USER_AW64_USER_MAXREQS7_USER_RFIFONUM_WIDTH9_214
gmem2_m_axi_U/clk_gate_load_unit_buff_rdata_genblk1_U_fifo_mem_mem_reg_171_       3.9900     0.0      0.0000       3.9900 0.0000 SNPS_CLOCK_GATE_HIGH_tinytpu_isa_gmem2_m_axi_CONSERVATIVE1_NUM_READ_OUTSTANDING16_NUM_WRITE_OUTSTANDING16_MAX_READ_BURST_LENGTH16_MAX_WRITE_BURST_LENGTH16_C_M_AXI_ID_WIDTH1_C_M_AXI_ADDR_WIDTH64_C_M_AXI_DATA_WIDTH64_C_M_AXI_AWUSER_WIDTH1_C_M_AXI_ARUSER_WIDTH1_C_M_AXI_WUSER_WIDTH1_C_M_AXI_RUSER_WIDTH1_C_M_AXI_BUSER_WIDTH1_C_USER_VALUE0_C_PROT_VALUE0_C_CACHE_VALUE3_USER_DW64_USER_AW64_USER_MAXREQS7_USER_RFIFONUM_WIDTH9_215
gmem2_m_axi_U/clk_gate_load_unit_buff_rdata_genblk1_U_fifo_mem_mem_reg_172_       3.9900     0.0      0.0000       3.9900 0.0000 SNPS_CLOCK_GATE_HIGH_tinytpu_isa_gmem2_m_axi_CONSERVATIVE1_NUM_READ_OUTSTANDING16_NUM_WRITE_OUTSTANDING16_MAX_READ_BURST_LENGTH16_MAX_WRITE_BURST_LENGTH16_C_M_AXI_ID_WIDTH1_C_M_AXI_ADDR_WIDTH64_C_M_AXI_DATA_WIDTH64_C_M_AXI_AWUSER_WIDTH1_C_M_AXI_ARUSER_WIDTH1_C_M_AXI_WUSER_WIDTH1_C_M_AXI_RUSER_WIDTH1_C_M_AXI_BUSER_WIDTH1_C_USER_VALUE0_C_PROT_VALUE0_C_CACHE_VALUE3_USER_DW64_USER_AW64_USER_MAXREQS7_USER_RFIFONUM_WIDTH9_216
gmem2_m_axi_U/clk_gate_load_unit_buff_rdata_genblk1_U_fifo_mem_mem_reg_173_       3.9900     0.0      0.0000       3.9900 0.0000 SNPS_CLOCK_GATE_HIGH_tinytpu_isa_gmem2_m_axi_CONSERVATIVE1_NUM_READ_OUTSTANDING16_NUM_WRITE_OUTSTANDING16_MAX_READ_BURST_LENGTH16_MAX_WRITE_BURST_LENGTH16_C_M_AXI_ID_WIDTH1_C_M_AXI_ADDR_WIDTH64_C_M_AXI_DATA_WIDTH64_C_M_AXI_AWUSER_WIDTH1_C_M_AXI_ARUSER_WIDTH1_C_M_AXI_WUSER_WIDTH1_C_M_AXI_RUSER_WIDTH1_C_M_AXI_BUSER_WIDTH1_C_USER_VALUE0_C_PROT_VALUE0_C_CACHE_VALUE3_USER_DW64_USER_AW64_USER_MAXREQS7_USER_RFIFONUM_WIDTH9_217
gmem2_m_axi_U/clk_gate_load_unit_buff_rdata_genblk1_U_fifo_mem_mem_reg_174_       3.9900     0.0      0.0000       3.9900 0.0000 SNPS_CLOCK_GATE_HIGH_tinytpu_isa_gmem2_m_axi_CONSERVATIVE1_NUM_READ_OUTSTANDING16_NUM_WRITE_OUTSTANDING16_MAX_READ_BURST_LENGTH16_MAX_WRITE_BURST_LENGTH16_C_M_AXI_ID_WIDTH1_C_M_AXI_ADDR_WIDTH64_C_M_AXI_DATA_WIDTH64_C_M_AXI_AWUSER_WIDTH1_C_M_AXI_ARUSER_WIDTH1_C_M_AXI_WUSER_WIDTH1_C_M_AXI_RUSER_WIDTH1_C_M_AXI_BUSER_WIDTH1_C_USER_VALUE0_C_PROT_VALUE0_C_CACHE_VALUE3_USER_DW64_USER_AW64_USER_MAXREQS7_USER_RFIFONUM_WIDTH9_218
gmem2_m_axi_U/clk_gate_load_unit_buff_rdata_genblk1_U_fifo_mem_mem_reg_175_       3.9900     0.0      0.0000       3.9900 0.0000 SNPS_CLOCK_GATE_HIGH_tinytpu_isa_gmem2_m_axi_CONSERVATIVE1_NUM_READ_OUTSTANDING16_NUM_WRITE_OUTSTANDING16_MAX_READ_BURST_LENGTH16_MAX_WRITE_BURST_LENGTH16_C_M_AXI_ID_WIDTH1_C_M_AXI_ADDR_WIDTH64_C_M_AXI_DATA_WIDTH64_C_M_AXI_AWUSER_WIDTH1_C_M_AXI_ARUSER_WIDTH1_C_M_AXI_WUSER_WIDTH1_C_M_AXI_RUSER_WIDTH1_C_M_AXI_BUSER_WIDTH1_C_USER_VALUE0_C_PROT_VALUE0_C_CACHE_VALUE3_USER_DW64_USER_AW64_USER_MAXREQS7_USER_RFIFONUM_WIDTH9_219
gmem2_m_axi_U/clk_gate_load_unit_buff_rdata_genblk1_U_fifo_mem_mem_reg_176_       3.9900     0.0      0.0000       3.9900 0.0000 SNPS_CLOCK_GATE_HIGH_tinytpu_isa_gmem2_m_axi_CONSERVATIVE1_NUM_READ_OUTSTANDING16_NUM_WRITE_OUTSTANDING16_MAX_READ_BURST_LENGTH16_MAX_WRITE_BURST_LENGTH16_C_M_AXI_ID_WIDTH1_C_M_AXI_ADDR_WIDTH64_C_M_AXI_DATA_WIDTH64_C_M_AXI_AWUSER_WIDTH1_C_M_AXI_ARUSER_WIDTH1_C_M_AXI_WUSER_WIDTH1_C_M_AXI_RUSER_WIDTH1_C_M_AXI_BUSER_WIDTH1_C_USER_VALUE0_C_PROT_VALUE0_C_CACHE_VALUE3_USER_DW64_USER_AW64_USER_MAXREQS7_USER_RFIFONUM_WIDTH9_220
gmem2_m_axi_U/clk_gate_load_unit_buff_rdata_genblk1_U_fifo_mem_mem_reg_177_       3.9900     0.0      0.0000       3.9900 0.0000 SNPS_CLOCK_GATE_HIGH_tinytpu_isa_gmem2_m_axi_CONSERVATIVE1_NUM_READ_OUTSTANDING16_NUM_WRITE_OUTSTANDING16_MAX_READ_BURST_LENGTH16_MAX_WRITE_BURST_LENGTH16_C_M_AXI_ID_WIDTH1_C_M_AXI_ADDR_WIDTH64_C_M_AXI_DATA_WIDTH64_C_M_AXI_AWUSER_WIDTH1_C_M_AXI_ARUSER_WIDTH1_C_M_AXI_WUSER_WIDTH1_C_M_AXI_RUSER_WIDTH1_C_M_AXI_BUSER_WIDTH1_C_USER_VALUE0_C_PROT_VALUE0_C_CACHE_VALUE3_USER_DW64_USER_AW64_USER_MAXREQS7_USER_RFIFONUM_WIDTH9_221
gmem2_m_axi_U/clk_gate_load_unit_buff_rdata_genblk1_U_fifo_mem_mem_reg_178_       3.9900     0.0      0.0000       3.9900 0.0000 SNPS_CLOCK_GATE_HIGH_tinytpu_isa_gmem2_m_axi_CONSERVATIVE1_NUM_READ_OUTSTANDING16_NUM_WRITE_OUTSTANDING16_MAX_READ_BURST_LENGTH16_MAX_WRITE_BURST_LENGTH16_C_M_AXI_ID_WIDTH1_C_M_AXI_ADDR_WIDTH64_C_M_AXI_DATA_WIDTH64_C_M_AXI_AWUSER_WIDTH1_C_M_AXI_ARUSER_WIDTH1_C_M_AXI_WUSER_WIDTH1_C_M_AXI_RUSER_WIDTH1_C_M_AXI_BUSER_WIDTH1_C_USER_VALUE0_C_PROT_VALUE0_C_CACHE_VALUE3_USER_DW64_USER_AW64_USER_MAXREQS7_USER_RFIFONUM_WIDTH9_222
gmem2_m_axi_U/clk_gate_load_unit_buff_rdata_genblk1_U_fifo_mem_mem_reg_179_       3.9900     0.0      0.0000       3.9900 0.0000 SNPS_CLOCK_GATE_HIGH_tinytpu_isa_gmem2_m_axi_CONSERVATIVE1_NUM_READ_OUTSTANDING16_NUM_WRITE_OUTSTANDING16_MAX_READ_BURST_LENGTH16_MAX_WRITE_BURST_LENGTH16_C_M_AXI_ID_WIDTH1_C_M_AXI_ADDR_WIDTH64_C_M_AXI_DATA_WIDTH64_C_M_AXI_AWUSER_WIDTH1_C_M_AXI_ARUSER_WIDTH1_C_M_AXI_WUSER_WIDTH1_C_M_AXI_RUSER_WIDTH1_C_M_AXI_BUSER_WIDTH1_C_USER_VALUE0_C_PROT_VALUE0_C_CACHE_VALUE3_USER_DW64_USER_AW64_USER_MAXREQS7_USER_RFIFONUM_WIDTH9_223
gmem2_m_axi_U/clk_gate_load_unit_buff_rdata_genblk1_U_fifo_mem_mem_reg_17_       3.9900     0.0      0.0000       3.9900 0.0000 SNPS_CLOCK_GATE_HIGH_tinytpu_isa_gmem2_m_axi_CONSERVATIVE1_NUM_READ_OUTSTANDING16_NUM_WRITE_OUTSTANDING16_MAX_READ_BURST_LENGTH16_MAX_WRITE_BURST_LENGTH16_C_M_AXI_ID_WIDTH1_C_M_AXI_ADDR_WIDTH64_C_M_AXI_DATA_WIDTH64_C_M_AXI_AWUSER_WIDTH1_C_M_AXI_ARUSER_WIDTH1_C_M_AXI_WUSER_WIDTH1_C_M_AXI_RUSER_WIDTH1_C_M_AXI_BUSER_WIDTH1_C_USER_VALUE0_C_PROT_VALUE0_C_CACHE_VALUE3_USER_DW64_USER_AW64_USER_MAXREQS7_USER_RFIFONUM_WIDTH9_61
gmem2_m_axi_U/clk_gate_load_unit_buff_rdata_genblk1_U_fifo_mem_mem_reg_180_       3.9900     0.0      0.0000       3.9900 0.0000 SNPS_CLOCK_GATE_HIGH_tinytpu_isa_gmem2_m_axi_CONSERVATIVE1_NUM_READ_OUTSTANDING16_NUM_WRITE_OUTSTANDING16_MAX_READ_BURST_LENGTH16_MAX_WRITE_BURST_LENGTH16_C_M_AXI_ID_WIDTH1_C_M_AXI_ADDR_WIDTH64_C_M_AXI_DATA_WIDTH64_C_M_AXI_AWUSER_WIDTH1_C_M_AXI_ARUSER_WIDTH1_C_M_AXI_WUSER_WIDTH1_C_M_AXI_RUSER_WIDTH1_C_M_AXI_BUSER_WIDTH1_C_USER_VALUE0_C_PROT_VALUE0_C_CACHE_VALUE3_USER_DW64_USER_AW64_USER_MAXREQS7_USER_RFIFONUM_WIDTH9_224
gmem2_m_axi_U/clk_gate_load_unit_buff_rdata_genblk1_U_fifo_mem_mem_reg_181_       3.9900     0.0      0.0000       3.9900 0.0000 SNPS_CLOCK_GATE_HIGH_tinytpu_isa_gmem2_m_axi_CONSERVATIVE1_NUM_READ_OUTSTANDING16_NUM_WRITE_OUTSTANDING16_MAX_READ_BURST_LENGTH16_MAX_WRITE_BURST_LENGTH16_C_M_AXI_ID_WIDTH1_C_M_AXI_ADDR_WIDTH64_C_M_AXI_DATA_WIDTH64_C_M_AXI_AWUSER_WIDTH1_C_M_AXI_ARUSER_WIDTH1_C_M_AXI_WUSER_WIDTH1_C_M_AXI_RUSER_WIDTH1_C_M_AXI_BUSER_WIDTH1_C_USER_VALUE0_C_PROT_VALUE0_C_CACHE_VALUE3_USER_DW64_USER_AW64_USER_MAXREQS7_USER_RFIFONUM_WIDTH9_225
gmem2_m_axi_U/clk_gate_load_unit_buff_rdata_genblk1_U_fifo_mem_mem_reg_182_       3.9900     0.0      0.0000       3.9900 0.0000 SNPS_CLOCK_GATE_HIGH_tinytpu_isa_gmem2_m_axi_CONSERVATIVE1_NUM_READ_OUTSTANDING16_NUM_WRITE_OUTSTANDING16_MAX_READ_BURST_LENGTH16_MAX_WRITE_BURST_LENGTH16_C_M_AXI_ID_WIDTH1_C_M_AXI_ADDR_WIDTH64_C_M_AXI_DATA_WIDTH64_C_M_AXI_AWUSER_WIDTH1_C_M_AXI_ARUSER_WIDTH1_C_M_AXI_WUSER_WIDTH1_C_M_AXI_RUSER_WIDTH1_C_M_AXI_BUSER_WIDTH1_C_USER_VALUE0_C_PROT_VALUE0_C_CACHE_VALUE3_USER_DW64_USER_AW64_USER_MAXREQS7_USER_RFIFONUM_WIDTH9_226
gmem2_m_axi_U/clk_gate_load_unit_buff_rdata_genblk1_U_fifo_mem_mem_reg_183_       3.9900     0.0      0.0000       3.9900 0.0000 SNPS_CLOCK_GATE_HIGH_tinytpu_isa_gmem2_m_axi_CONSERVATIVE1_NUM_READ_OUTSTANDING16_NUM_WRITE_OUTSTANDING16_MAX_READ_BURST_LENGTH16_MAX_WRITE_BURST_LENGTH16_C_M_AXI_ID_WIDTH1_C_M_AXI_ADDR_WIDTH64_C_M_AXI_DATA_WIDTH64_C_M_AXI_AWUSER_WIDTH1_C_M_AXI_ARUSER_WIDTH1_C_M_AXI_WUSER_WIDTH1_C_M_AXI_RUSER_WIDTH1_C_M_AXI_BUSER_WIDTH1_C_USER_VALUE0_C_PROT_VALUE0_C_CACHE_VALUE3_USER_DW64_USER_AW64_USER_MAXREQS7_USER_RFIFONUM_WIDTH9_227
gmem2_m_axi_U/clk_gate_load_unit_buff_rdata_genblk1_U_fifo_mem_mem_reg_184_       3.9900     0.0      0.0000       3.9900 0.0000 SNPS_CLOCK_GATE_HIGH_tinytpu_isa_gmem2_m_axi_CONSERVATIVE1_NUM_READ_OUTSTANDING16_NUM_WRITE_OUTSTANDING16_MAX_READ_BURST_LENGTH16_MAX_WRITE_BURST_LENGTH16_C_M_AXI_ID_WIDTH1_C_M_AXI_ADDR_WIDTH64_C_M_AXI_DATA_WIDTH64_C_M_AXI_AWUSER_WIDTH1_C_M_AXI_ARUSER_WIDTH1_C_M_AXI_WUSER_WIDTH1_C_M_AXI_RUSER_WIDTH1_C_M_AXI_BUSER_WIDTH1_C_USER_VALUE0_C_PROT_VALUE0_C_CACHE_VALUE3_USER_DW64_USER_AW64_USER_MAXREQS7_USER_RFIFONUM_WIDTH9_228
gmem2_m_axi_U/clk_gate_load_unit_buff_rdata_genblk1_U_fifo_mem_mem_reg_185_       3.9900     0.0      0.0000       3.9900 0.0000 SNPS_CLOCK_GATE_HIGH_tinytpu_isa_gmem2_m_axi_CONSERVATIVE1_NUM_READ_OUTSTANDING16_NUM_WRITE_OUTSTANDING16_MAX_READ_BURST_LENGTH16_MAX_WRITE_BURST_LENGTH16_C_M_AXI_ID_WIDTH1_C_M_AXI_ADDR_WIDTH64_C_M_AXI_DATA_WIDTH64_C_M_AXI_AWUSER_WIDTH1_C_M_AXI_ARUSER_WIDTH1_C_M_AXI_WUSER_WIDTH1_C_M_AXI_RUSER_WIDTH1_C_M_AXI_BUSER_WIDTH1_C_USER_VALUE0_C_PROT_VALUE0_C_CACHE_VALUE3_USER_DW64_USER_AW64_USER_MAXREQS7_USER_RFIFONUM_WIDTH9_229
gmem2_m_axi_U/clk_gate_load_unit_buff_rdata_genblk1_U_fifo_mem_mem_reg_186_       3.9900     0.0      0.0000       3.9900 0.0000 SNPS_CLOCK_GATE_HIGH_tinytpu_isa_gmem2_m_axi_CONSERVATIVE1_NUM_READ_OUTSTANDING16_NUM_WRITE_OUTSTANDING16_MAX_READ_BURST_LENGTH16_MAX_WRITE_BURST_LENGTH16_C_M_AXI_ID_WIDTH1_C_M_AXI_ADDR_WIDTH64_C_M_AXI_DATA_WIDTH64_C_M_AXI_AWUSER_WIDTH1_C_M_AXI_ARUSER_WIDTH1_C_M_AXI_WUSER_WIDTH1_C_M_AXI_RUSER_WIDTH1_C_M_AXI_BUSER_WIDTH1_C_USER_VALUE0_C_PROT_VALUE0_C_CACHE_VALUE3_USER_DW64_USER_AW64_USER_MAXREQS7_USER_RFIFONUM_WIDTH9_230
gmem2_m_axi_U/clk_gate_load_unit_buff_rdata_genblk1_U_fifo_mem_mem_reg_187_       3.9900     0.0      0.0000       3.9900 0.0000 SNPS_CLOCK_GATE_HIGH_tinytpu_isa_gmem2_m_axi_CONSERVATIVE1_NUM_READ_OUTSTANDING16_NUM_WRITE_OUTSTANDING16_MAX_READ_BURST_LENGTH16_MAX_WRITE_BURST_LENGTH16_C_M_AXI_ID_WIDTH1_C_M_AXI_ADDR_WIDTH64_C_M_AXI_DATA_WIDTH64_C_M_AXI_AWUSER_WIDTH1_C_M_AXI_ARUSER_WIDTH1_C_M_AXI_WUSER_WIDTH1_C_M_AXI_RUSER_WIDTH1_C_M_AXI_BUSER_WIDTH1_C_USER_VALUE0_C_PROT_VALUE0_C_CACHE_VALUE3_USER_DW64_USER_AW64_USER_MAXREQS7_USER_RFIFONUM_WIDTH9_231
gmem2_m_axi_U/clk_gate_load_unit_buff_rdata_genblk1_U_fifo_mem_mem_reg_188_       3.9900     0.0      0.0000       3.9900 0.0000 SNPS_CLOCK_GATE_HIGH_tinytpu_isa_gmem2_m_axi_CONSERVATIVE1_NUM_READ_OUTSTANDING16_NUM_WRITE_OUTSTANDING16_MAX_READ_BURST_LENGTH16_MAX_WRITE_BURST_LENGTH16_C_M_AXI_ID_WIDTH1_C_M_AXI_ADDR_WIDTH64_C_M_AXI_DATA_WIDTH64_C_M_AXI_AWUSER_WIDTH1_C_M_AXI_ARUSER_WIDTH1_C_M_AXI_WUSER_WIDTH1_C_M_AXI_RUSER_WIDTH1_C_M_AXI_BUSER_WIDTH1_C_USER_VALUE0_C_PROT_VALUE0_C_CACHE_VALUE3_USER_DW64_USER_AW64_USER_MAXREQS7_USER_RFIFONUM_WIDTH9_232
gmem2_m_axi_U/clk_gate_load_unit_buff_rdata_genblk1_U_fifo_mem_mem_reg_189_       3.9900     0.0      0.0000       3.9900 0.0000 SNPS_CLOCK_GATE_HIGH_tinytpu_isa_gmem2_m_axi_CONSERVATIVE1_NUM_READ_OUTSTANDING16_NUM_WRITE_OUTSTANDING16_MAX_READ_BURST_LENGTH16_MAX_WRITE_BURST_LENGTH16_C_M_AXI_ID_WIDTH1_C_M_AXI_ADDR_WIDTH64_C_M_AXI_DATA_WIDTH64_C_M_AXI_AWUSER_WIDTH1_C_M_AXI_ARUSER_WIDTH1_C_M_AXI_WUSER_WIDTH1_C_M_AXI_RUSER_WIDTH1_C_M_AXI_BUSER_WIDTH1_C_USER_VALUE0_C_PROT_VALUE0_C_CACHE_VALUE3_USER_DW64_USER_AW64_USER_MAXREQS7_USER_RFIFONUM_WIDTH9_233
gmem2_m_axi_U/clk_gate_load_unit_buff_rdata_genblk1_U_fifo_mem_mem_reg_18_       3.9900     0.0      0.0000       3.9900 0.0000 SNPS_CLOCK_GATE_HIGH_tinytpu_isa_gmem2_m_axi_CONSERVATIVE1_NUM_READ_OUTSTANDING16_NUM_WRITE_OUTSTANDING16_MAX_READ_BURST_LENGTH16_MAX_WRITE_BURST_LENGTH16_C_M_AXI_ID_WIDTH1_C_M_AXI_ADDR_WIDTH64_C_M_AXI_DATA_WIDTH64_C_M_AXI_AWUSER_WIDTH1_C_M_AXI_ARUSER_WIDTH1_C_M_AXI_WUSER_WIDTH1_C_M_AXI_RUSER_WIDTH1_C_M_AXI_BUSER_WIDTH1_C_USER_VALUE0_C_PROT_VALUE0_C_CACHE_VALUE3_USER_DW64_USER_AW64_USER_MAXREQS7_USER_RFIFONUM_WIDTH9_62
gmem2_m_axi_U/clk_gate_load_unit_buff_rdata_genblk1_U_fifo_mem_mem_reg_190_       3.9900     0.0      0.0000       3.9900 0.0000 SNPS_CLOCK_GATE_HIGH_tinytpu_isa_gmem2_m_axi_CONSERVATIVE1_NUM_READ_OUTSTANDING16_NUM_WRITE_OUTSTANDING16_MAX_READ_BURST_LENGTH16_MAX_WRITE_BURST_LENGTH16_C_M_AXI_ID_WIDTH1_C_M_AXI_ADDR_WIDTH64_C_M_AXI_DATA_WIDTH64_C_M_AXI_AWUSER_WIDTH1_C_M_AXI_ARUSER_WIDTH1_C_M_AXI_WUSER_WIDTH1_C_M_AXI_RUSER_WIDTH1_C_M_AXI_BUSER_WIDTH1_C_USER_VALUE0_C_PROT_VALUE0_C_CACHE_VALUE3_USER_DW64_USER_AW64_USER_MAXREQS7_USER_RFIFONUM_WIDTH9_234
gmem2_m_axi_U/clk_gate_load_unit_buff_rdata_genblk1_U_fifo_mem_mem_reg_191_       3.9900     0.0      0.0000       3.9900 0.0000 SNPS_CLOCK_GATE_HIGH_tinytpu_isa_gmem2_m_axi_CONSERVATIVE1_NUM_READ_OUTSTANDING16_NUM_WRITE_OUTSTANDING16_MAX_READ_BURST_LENGTH16_MAX_WRITE_BURST_LENGTH16_C_M_AXI_ID_WIDTH1_C_M_AXI_ADDR_WIDTH64_C_M_AXI_DATA_WIDTH64_C_M_AXI_AWUSER_WIDTH1_C_M_AXI_ARUSER_WIDTH1_C_M_AXI_WUSER_WIDTH1_C_M_AXI_RUSER_WIDTH1_C_M_AXI_BUSER_WIDTH1_C_USER_VALUE0_C_PROT_VALUE0_C_CACHE_VALUE3_USER_DW64_USER_AW64_USER_MAXREQS7_USER_RFIFONUM_WIDTH9_235
gmem2_m_axi_U/clk_gate_load_unit_buff_rdata_genblk1_U_fifo_mem_mem_reg_192_       3.9900     0.0      0.0000       3.9900 0.0000 SNPS_CLOCK_GATE_HIGH_tinytpu_isa_gmem2_m_axi_CONSERVATIVE1_NUM_READ_OUTSTANDING16_NUM_WRITE_OUTSTANDING16_MAX_READ_BURST_LENGTH16_MAX_WRITE_BURST_LENGTH16_C_M_AXI_ID_WIDTH1_C_M_AXI_ADDR_WIDTH64_C_M_AXI_DATA_WIDTH64_C_M_AXI_AWUSER_WIDTH1_C_M_AXI_ARUSER_WIDTH1_C_M_AXI_WUSER_WIDTH1_C_M_AXI_RUSER_WIDTH1_C_M_AXI_BUSER_WIDTH1_C_USER_VALUE0_C_PROT_VALUE0_C_CACHE_VALUE3_USER_DW64_USER_AW64_USER_MAXREQS7_USER_RFIFONUM_WIDTH9_236
gmem2_m_axi_U/clk_gate_load_unit_buff_rdata_genblk1_U_fifo_mem_mem_reg_193_       3.9900     0.0      0.0000       3.9900 0.0000 SNPS_CLOCK_GATE_HIGH_tinytpu_isa_gmem2_m_axi_CONSERVATIVE1_NUM_READ_OUTSTANDING16_NUM_WRITE_OUTSTANDING16_MAX_READ_BURST_LENGTH16_MAX_WRITE_BURST_LENGTH16_C_M_AXI_ID_WIDTH1_C_M_AXI_ADDR_WIDTH64_C_M_AXI_DATA_WIDTH64_C_M_AXI_AWUSER_WIDTH1_C_M_AXI_ARUSER_WIDTH1_C_M_AXI_WUSER_WIDTH1_C_M_AXI_RUSER_WIDTH1_C_M_AXI_BUSER_WIDTH1_C_USER_VALUE0_C_PROT_VALUE0_C_CACHE_VALUE3_USER_DW64_USER_AW64_USER_MAXREQS7_USER_RFIFONUM_WIDTH9_237
gmem2_m_axi_U/clk_gate_load_unit_buff_rdata_genblk1_U_fifo_mem_mem_reg_194_       3.9900     0.0      0.0000       3.9900 0.0000 SNPS_CLOCK_GATE_HIGH_tinytpu_isa_gmem2_m_axi_CONSERVATIVE1_NUM_READ_OUTSTANDING16_NUM_WRITE_OUTSTANDING16_MAX_READ_BURST_LENGTH16_MAX_WRITE_BURST_LENGTH16_C_M_AXI_ID_WIDTH1_C_M_AXI_ADDR_WIDTH64_C_M_AXI_DATA_WIDTH64_C_M_AXI_AWUSER_WIDTH1_C_M_AXI_ARUSER_WIDTH1_C_M_AXI_WUSER_WIDTH1_C_M_AXI_RUSER_WIDTH1_C_M_AXI_BUSER_WIDTH1_C_USER_VALUE0_C_PROT_VALUE0_C_CACHE_VALUE3_USER_DW64_USER_AW64_USER_MAXREQS7_USER_RFIFONUM_WIDTH9_238
gmem2_m_axi_U/clk_gate_load_unit_buff_rdata_genblk1_U_fifo_mem_mem_reg_195_       3.9900     0.0      0.0000       3.9900 0.0000 SNPS_CLOCK_GATE_HIGH_tinytpu_isa_gmem2_m_axi_CONSERVATIVE1_NUM_READ_OUTSTANDING16_NUM_WRITE_OUTSTANDING16_MAX_READ_BURST_LENGTH16_MAX_WRITE_BURST_LENGTH16_C_M_AXI_ID_WIDTH1_C_M_AXI_ADDR_WIDTH64_C_M_AXI_DATA_WIDTH64_C_M_AXI_AWUSER_WIDTH1_C_M_AXI_ARUSER_WIDTH1_C_M_AXI_WUSER_WIDTH1_C_M_AXI_RUSER_WIDTH1_C_M_AXI_BUSER_WIDTH1_C_USER_VALUE0_C_PROT_VALUE0_C_CACHE_VALUE3_USER_DW64_USER_AW64_USER_MAXREQS7_USER_RFIFONUM_WIDTH9_239
gmem2_m_axi_U/clk_gate_load_unit_buff_rdata_genblk1_U_fifo_mem_mem_reg_196_       3.9900     0.0      0.0000       3.9900 0.0000 SNPS_CLOCK_GATE_HIGH_tinytpu_isa_gmem2_m_axi_CONSERVATIVE1_NUM_READ_OUTSTANDING16_NUM_WRITE_OUTSTANDING16_MAX_READ_BURST_LENGTH16_MAX_WRITE_BURST_LENGTH16_C_M_AXI_ID_WIDTH1_C_M_AXI_ADDR_WIDTH64_C_M_AXI_DATA_WIDTH64_C_M_AXI_AWUSER_WIDTH1_C_M_AXI_ARUSER_WIDTH1_C_M_AXI_WUSER_WIDTH1_C_M_AXI_RUSER_WIDTH1_C_M_AXI_BUSER_WIDTH1_C_USER_VALUE0_C_PROT_VALUE0_C_CACHE_VALUE3_USER_DW64_USER_AW64_USER_MAXREQS7_USER_RFIFONUM_WIDTH9_240
gmem2_m_axi_U/clk_gate_load_unit_buff_rdata_genblk1_U_fifo_mem_mem_reg_197_       3.9900     0.0      0.0000       3.9900 0.0000 SNPS_CLOCK_GATE_HIGH_tinytpu_isa_gmem2_m_axi_CONSERVATIVE1_NUM_READ_OUTSTANDING16_NUM_WRITE_OUTSTANDING16_MAX_READ_BURST_LENGTH16_MAX_WRITE_BURST_LENGTH16_C_M_AXI_ID_WIDTH1_C_M_AXI_ADDR_WIDTH64_C_M_AXI_DATA_WIDTH64_C_M_AXI_AWUSER_WIDTH1_C_M_AXI_ARUSER_WIDTH1_C_M_AXI_WUSER_WIDTH1_C_M_AXI_RUSER_WIDTH1_C_M_AXI_BUSER_WIDTH1_C_USER_VALUE0_C_PROT_VALUE0_C_CACHE_VALUE3_USER_DW64_USER_AW64_USER_MAXREQS7_USER_RFIFONUM_WIDTH9_241
gmem2_m_axi_U/clk_gate_load_unit_buff_rdata_genblk1_U_fifo_mem_mem_reg_198_       3.9900     0.0      0.0000       3.9900 0.0000 SNPS_CLOCK_GATE_HIGH_tinytpu_isa_gmem2_m_axi_CONSERVATIVE1_NUM_READ_OUTSTANDING16_NUM_WRITE_OUTSTANDING16_MAX_READ_BURST_LENGTH16_MAX_WRITE_BURST_LENGTH16_C_M_AXI_ID_WIDTH1_C_M_AXI_ADDR_WIDTH64_C_M_AXI_DATA_WIDTH64_C_M_AXI_AWUSER_WIDTH1_C_M_AXI_ARUSER_WIDTH1_C_M_AXI_WUSER_WIDTH1_C_M_AXI_RUSER_WIDTH1_C_M_AXI_BUSER_WIDTH1_C_USER_VALUE0_C_PROT_VALUE0_C_CACHE_VALUE3_USER_DW64_USER_AW64_USER_MAXREQS7_USER_RFIFONUM_WIDTH9_242
gmem2_m_axi_U/clk_gate_load_unit_buff_rdata_genblk1_U_fifo_mem_mem_reg_199_       3.9900     0.0      0.0000       3.9900 0.0000 SNPS_CLOCK_GATE_HIGH_tinytpu_isa_gmem2_m_axi_CONSERVATIVE1_NUM_READ_OUTSTANDING16_NUM_WRITE_OUTSTANDING16_MAX_READ_BURST_LENGTH16_MAX_WRITE_BURST_LENGTH16_C_M_AXI_ID_WIDTH1_C_M_AXI_ADDR_WIDTH64_C_M_AXI_DATA_WIDTH64_C_M_AXI_AWUSER_WIDTH1_C_M_AXI_ARUSER_WIDTH1_C_M_AXI_WUSER_WIDTH1_C_M_AXI_RUSER_WIDTH1_C_M_AXI_BUSER_WIDTH1_C_USER_VALUE0_C_PROT_VALUE0_C_CACHE_VALUE3_USER_DW64_USER_AW64_USER_MAXREQS7_USER_RFIFONUM_WIDTH9_243
gmem2_m_axi_U/clk_gate_load_unit_buff_rdata_genblk1_U_fifo_mem_mem_reg_19_       3.9900     0.0      0.0000       3.9900 0.0000 SNPS_CLOCK_GATE_HIGH_tinytpu_isa_gmem2_m_axi_CONSERVATIVE1_NUM_READ_OUTSTANDING16_NUM_WRITE_OUTSTANDING16_MAX_READ_BURST_LENGTH16_MAX_WRITE_BURST_LENGTH16_C_M_AXI_ID_WIDTH1_C_M_AXI_ADDR_WIDTH64_C_M_AXI_DATA_WIDTH64_C_M_AXI_AWUSER_WIDTH1_C_M_AXI_ARUSER_WIDTH1_C_M_AXI_WUSER_WIDTH1_C_M_AXI_RUSER_WIDTH1_C_M_AXI_BUSER_WIDTH1_C_USER_VALUE0_C_PROT_VALUE0_C_CACHE_VALUE3_USER_DW64_USER_AW64_USER_MAXREQS7_USER_RFIFONUM_WIDTH9_63
gmem2_m_axi_U/clk_gate_load_unit_buff_rdata_genblk1_U_fifo_mem_mem_reg_1_       3.9900     0.0      0.0000       3.9900 0.0000 SNPS_CLOCK_GATE_HIGH_tinytpu_isa_gmem2_m_axi_CONSERVATIVE1_NUM_READ_OUTSTANDING16_NUM_WRITE_OUTSTANDING16_MAX_READ_BURST_LENGTH16_MAX_WRITE_BURST_LENGTH16_C_M_AXI_ID_WIDTH1_C_M_AXI_ADDR_WIDTH64_C_M_AXI_DATA_WIDTH64_C_M_AXI_AWUSER_WIDTH1_C_M_AXI_ARUSER_WIDTH1_C_M_AXI_WUSER_WIDTH1_C_M_AXI_RUSER_WIDTH1_C_M_AXI_BUSER_WIDTH1_C_USER_VALUE0_C_PROT_VALUE0_C_CACHE_VALUE3_USER_DW64_USER_AW64_USER_MAXREQS7_USER_RFIFONUM_WIDTH9_45
gmem2_m_axi_U/clk_gate_load_unit_buff_rdata_genblk1_U_fifo_mem_mem_reg_200_       3.9900     0.0      0.0000       3.9900 0.0000 SNPS_CLOCK_GATE_HIGH_tinytpu_isa_gmem2_m_axi_CONSERVATIVE1_NUM_READ_OUTSTANDING16_NUM_WRITE_OUTSTANDING16_MAX_READ_BURST_LENGTH16_MAX_WRITE_BURST_LENGTH16_C_M_AXI_ID_WIDTH1_C_M_AXI_ADDR_WIDTH64_C_M_AXI_DATA_WIDTH64_C_M_AXI_AWUSER_WIDTH1_C_M_AXI_ARUSER_WIDTH1_C_M_AXI_WUSER_WIDTH1_C_M_AXI_RUSER_WIDTH1_C_M_AXI_BUSER_WIDTH1_C_USER_VALUE0_C_PROT_VALUE0_C_CACHE_VALUE3_USER_DW64_USER_AW64_USER_MAXREQS7_USER_RFIFONUM_WIDTH9_244
gmem2_m_axi_U/clk_gate_load_unit_buff_rdata_genblk1_U_fifo_mem_mem_reg_201_       3.9900     0.0      0.0000       3.9900 0.0000 SNPS_CLOCK_GATE_HIGH_tinytpu_isa_gmem2_m_axi_CONSERVATIVE1_NUM_READ_OUTSTANDING16_NUM_WRITE_OUTSTANDING16_MAX_READ_BURST_LENGTH16_MAX_WRITE_BURST_LENGTH16_C_M_AXI_ID_WIDTH1_C_M_AXI_ADDR_WIDTH64_C_M_AXI_DATA_WIDTH64_C_M_AXI_AWUSER_WIDTH1_C_M_AXI_ARUSER_WIDTH1_C_M_AXI_WUSER_WIDTH1_C_M_AXI_RUSER_WIDTH1_C_M_AXI_BUSER_WIDTH1_C_USER_VALUE0_C_PROT_VALUE0_C_CACHE_VALUE3_USER_DW64_USER_AW64_USER_MAXREQS7_USER_RFIFONUM_WIDTH9_245
gmem2_m_axi_U/clk_gate_load_unit_buff_rdata_genblk1_U_fifo_mem_mem_reg_202_       3.9900     0.0      0.0000       3.9900 0.0000 SNPS_CLOCK_GATE_HIGH_tinytpu_isa_gmem2_m_axi_CONSERVATIVE1_NUM_READ_OUTSTANDING16_NUM_WRITE_OUTSTANDING16_MAX_READ_BURST_LENGTH16_MAX_WRITE_BURST_LENGTH16_C_M_AXI_ID_WIDTH1_C_M_AXI_ADDR_WIDTH64_C_M_AXI_DATA_WIDTH64_C_M_AXI_AWUSER_WIDTH1_C_M_AXI_ARUSER_WIDTH1_C_M_AXI_WUSER_WIDTH1_C_M_AXI_RUSER_WIDTH1_C_M_AXI_BUSER_WIDTH1_C_USER_VALUE0_C_PROT_VALUE0_C_CACHE_VALUE3_USER_DW64_USER_AW64_USER_MAXREQS7_USER_RFIFONUM_WIDTH9_246
gmem2_m_axi_U/clk_gate_load_unit_buff_rdata_genblk1_U_fifo_mem_mem_reg_203_       3.9900     0.0      0.0000       3.9900 0.0000 SNPS_CLOCK_GATE_HIGH_tinytpu_isa_gmem2_m_axi_CONSERVATIVE1_NUM_READ_OUTSTANDING16_NUM_WRITE_OUTSTANDING16_MAX_READ_BURST_LENGTH16_MAX_WRITE_BURST_LENGTH16_C_M_AXI_ID_WIDTH1_C_M_AXI_ADDR_WIDTH64_C_M_AXI_DATA_WIDTH64_C_M_AXI_AWUSER_WIDTH1_C_M_AXI_ARUSER_WIDTH1_C_M_AXI_WUSER_WIDTH1_C_M_AXI_RUSER_WIDTH1_C_M_AXI_BUSER_WIDTH1_C_USER_VALUE0_C_PROT_VALUE0_C_CACHE_VALUE3_USER_DW64_USER_AW64_USER_MAXREQS7_USER_RFIFONUM_WIDTH9_247
gmem2_m_axi_U/clk_gate_load_unit_buff_rdata_genblk1_U_fifo_mem_mem_reg_204_       3.9900     0.0      0.0000       3.9900 0.0000 SNPS_CLOCK_GATE_HIGH_tinytpu_isa_gmem2_m_axi_CONSERVATIVE1_NUM_READ_OUTSTANDING16_NUM_WRITE_OUTSTANDING16_MAX_READ_BURST_LENGTH16_MAX_WRITE_BURST_LENGTH16_C_M_AXI_ID_WIDTH1_C_M_AXI_ADDR_WIDTH64_C_M_AXI_DATA_WIDTH64_C_M_AXI_AWUSER_WIDTH1_C_M_AXI_ARUSER_WIDTH1_C_M_AXI_WUSER_WIDTH1_C_M_AXI_RUSER_WIDTH1_C_M_AXI_BUSER_WIDTH1_C_USER_VALUE0_C_PROT_VALUE0_C_CACHE_VALUE3_USER_DW64_USER_AW64_USER_MAXREQS7_USER_RFIFONUM_WIDTH9_248
gmem2_m_axi_U/clk_gate_load_unit_buff_rdata_genblk1_U_fifo_mem_mem_reg_205_       3.9900     0.0      0.0000       3.9900 0.0000 SNPS_CLOCK_GATE_HIGH_tinytpu_isa_gmem2_m_axi_CONSERVATIVE1_NUM_READ_OUTSTANDING16_NUM_WRITE_OUTSTANDING16_MAX_READ_BURST_LENGTH16_MAX_WRITE_BURST_LENGTH16_C_M_AXI_ID_WIDTH1_C_M_AXI_ADDR_WIDTH64_C_M_AXI_DATA_WIDTH64_C_M_AXI_AWUSER_WIDTH1_C_M_AXI_ARUSER_WIDTH1_C_M_AXI_WUSER_WIDTH1_C_M_AXI_RUSER_WIDTH1_C_M_AXI_BUSER_WIDTH1_C_USER_VALUE0_C_PROT_VALUE0_C_CACHE_VALUE3_USER_DW64_USER_AW64_USER_MAXREQS7_USER_RFIFONUM_WIDTH9_249
gmem2_m_axi_U/clk_gate_load_unit_buff_rdata_genblk1_U_fifo_mem_mem_reg_206_       3.9900     0.0      0.0000       3.9900 0.0000 SNPS_CLOCK_GATE_HIGH_tinytpu_isa_gmem2_m_axi_CONSERVATIVE1_NUM_READ_OUTSTANDING16_NUM_WRITE_OUTSTANDING16_MAX_READ_BURST_LENGTH16_MAX_WRITE_BURST_LENGTH16_C_M_AXI_ID_WIDTH1_C_M_AXI_ADDR_WIDTH64_C_M_AXI_DATA_WIDTH64_C_M_AXI_AWUSER_WIDTH1_C_M_AXI_ARUSER_WIDTH1_C_M_AXI_WUSER_WIDTH1_C_M_AXI_RUSER_WIDTH1_C_M_AXI_BUSER_WIDTH1_C_USER_VALUE0_C_PROT_VALUE0_C_CACHE_VALUE3_USER_DW64_USER_AW64_USER_MAXREQS7_USER_RFIFONUM_WIDTH9_250
gmem2_m_axi_U/clk_gate_load_unit_buff_rdata_genblk1_U_fifo_mem_mem_reg_207_       3.9900     0.0      0.0000       3.9900 0.0000 SNPS_CLOCK_GATE_HIGH_tinytpu_isa_gmem2_m_axi_CONSERVATIVE1_NUM_READ_OUTSTANDING16_NUM_WRITE_OUTSTANDING16_MAX_READ_BURST_LENGTH16_MAX_WRITE_BURST_LENGTH16_C_M_AXI_ID_WIDTH1_C_M_AXI_ADDR_WIDTH64_C_M_AXI_DATA_WIDTH64_C_M_AXI_AWUSER_WIDTH1_C_M_AXI_ARUSER_WIDTH1_C_M_AXI_WUSER_WIDTH1_C_M_AXI_RUSER_WIDTH1_C_M_AXI_BUSER_WIDTH1_C_USER_VALUE0_C_PROT_VALUE0_C_CACHE_VALUE3_USER_DW64_USER_AW64_USER_MAXREQS7_USER_RFIFONUM_WIDTH9_251
gmem2_m_axi_U/clk_gate_load_unit_buff_rdata_genblk1_U_fifo_mem_mem_reg_208_       3.9900     0.0      0.0000       3.9900 0.0000 SNPS_CLOCK_GATE_HIGH_tinytpu_isa_gmem2_m_axi_CONSERVATIVE1_NUM_READ_OUTSTANDING16_NUM_WRITE_OUTSTANDING16_MAX_READ_BURST_LENGTH16_MAX_WRITE_BURST_LENGTH16_C_M_AXI_ID_WIDTH1_C_M_AXI_ADDR_WIDTH64_C_M_AXI_DATA_WIDTH64_C_M_AXI_AWUSER_WIDTH1_C_M_AXI_ARUSER_WIDTH1_C_M_AXI_WUSER_WIDTH1_C_M_AXI_RUSER_WIDTH1_C_M_AXI_BUSER_WIDTH1_C_USER_VALUE0_C_PROT_VALUE0_C_CACHE_VALUE3_USER_DW64_USER_AW64_USER_MAXREQS7_USER_RFIFONUM_WIDTH9_252
gmem2_m_axi_U/clk_gate_load_unit_buff_rdata_genblk1_U_fifo_mem_mem_reg_209_       3.9900     0.0      0.0000       3.9900 0.0000 SNPS_CLOCK_GATE_HIGH_tinytpu_isa_gmem2_m_axi_CONSERVATIVE1_NUM_READ_OUTSTANDING16_NUM_WRITE_OUTSTANDING16_MAX_READ_BURST_LENGTH16_MAX_WRITE_BURST_LENGTH16_C_M_AXI_ID_WIDTH1_C_M_AXI_ADDR_WIDTH64_C_M_AXI_DATA_WIDTH64_C_M_AXI_AWUSER_WIDTH1_C_M_AXI_ARUSER_WIDTH1_C_M_AXI_WUSER_WIDTH1_C_M_AXI_RUSER_WIDTH1_C_M_AXI_BUSER_WIDTH1_C_USER_VALUE0_C_PROT_VALUE0_C_CACHE_VALUE3_USER_DW64_USER_AW64_USER_MAXREQS7_USER_RFIFONUM_WIDTH9_253
gmem2_m_axi_U/clk_gate_load_unit_buff_rdata_genblk1_U_fifo_mem_mem_reg_20_       3.9900     0.0      0.0000       3.9900 0.0000 SNPS_CLOCK_GATE_HIGH_tinytpu_isa_gmem2_m_axi_CONSERVATIVE1_NUM_READ_OUTSTANDING16_NUM_WRITE_OUTSTANDING16_MAX_READ_BURST_LENGTH16_MAX_WRITE_BURST_LENGTH16_C_M_AXI_ID_WIDTH1_C_M_AXI_ADDR_WIDTH64_C_M_AXI_DATA_WIDTH64_C_M_AXI_AWUSER_WIDTH1_C_M_AXI_ARUSER_WIDTH1_C_M_AXI_WUSER_WIDTH1_C_M_AXI_RUSER_WIDTH1_C_M_AXI_BUSER_WIDTH1_C_USER_VALUE0_C_PROT_VALUE0_C_CACHE_VALUE3_USER_DW64_USER_AW64_USER_MAXREQS7_USER_RFIFONUM_WIDTH9_64
gmem2_m_axi_U/clk_gate_load_unit_buff_rdata_genblk1_U_fifo_mem_mem_reg_210_       3.9900     0.0      0.0000       3.9900 0.0000 SNPS_CLOCK_GATE_HIGH_tinytpu_isa_gmem2_m_axi_CONSERVATIVE1_NUM_READ_OUTSTANDING16_NUM_WRITE_OUTSTANDING16_MAX_READ_BURST_LENGTH16_MAX_WRITE_BURST_LENGTH16_C_M_AXI_ID_WIDTH1_C_M_AXI_ADDR_WIDTH64_C_M_AXI_DATA_WIDTH64_C_M_AXI_AWUSER_WIDTH1_C_M_AXI_ARUSER_WIDTH1_C_M_AXI_WUSER_WIDTH1_C_M_AXI_RUSER_WIDTH1_C_M_AXI_BUSER_WIDTH1_C_USER_VALUE0_C_PROT_VALUE0_C_CACHE_VALUE3_USER_DW64_USER_AW64_USER_MAXREQS7_USER_RFIFONUM_WIDTH9_254
gmem2_m_axi_U/clk_gate_load_unit_buff_rdata_genblk1_U_fifo_mem_mem_reg_211_       3.9900     0.0      0.0000       3.9900 0.0000 SNPS_CLOCK_GATE_HIGH_tinytpu_isa_gmem2_m_axi_CONSERVATIVE1_NUM_READ_OUTSTANDING16_NUM_WRITE_OUTSTANDING16_MAX_READ_BURST_LENGTH16_MAX_WRITE_BURST_LENGTH16_C_M_AXI_ID_WIDTH1_C_M_AXI_ADDR_WIDTH64_C_M_AXI_DATA_WIDTH64_C_M_AXI_AWUSER_WIDTH1_C_M_AXI_ARUSER_WIDTH1_C_M_AXI_WUSER_WIDTH1_C_M_AXI_RUSER_WIDTH1_C_M_AXI_BUSER_WIDTH1_C_USER_VALUE0_C_PROT_VALUE0_C_CACHE_VALUE3_USER_DW64_USER_AW64_USER_MAXREQS7_USER_RFIFONUM_WIDTH9_255
gmem2_m_axi_U/clk_gate_load_unit_buff_rdata_genblk1_U_fifo_mem_mem_reg_212_       3.9900     0.0      0.0000       3.9900 0.0000 SNPS_CLOCK_GATE_HIGH_tinytpu_isa_gmem2_m_axi_CONSERVATIVE1_NUM_READ_OUTSTANDING16_NUM_WRITE_OUTSTANDING16_MAX_READ_BURST_LENGTH16_MAX_WRITE_BURST_LENGTH16_C_M_AXI_ID_WIDTH1_C_M_AXI_ADDR_WIDTH64_C_M_AXI_DATA_WIDTH64_C_M_AXI_AWUSER_WIDTH1_C_M_AXI_ARUSER_WIDTH1_C_M_AXI_WUSER_WIDTH1_C_M_AXI_RUSER_WIDTH1_C_M_AXI_BUSER_WIDTH1_C_USER_VALUE0_C_PROT_VALUE0_C_CACHE_VALUE3_USER_DW64_USER_AW64_USER_MAXREQS7_USER_RFIFONUM_WIDTH9_256
gmem2_m_axi_U/clk_gate_load_unit_buff_rdata_genblk1_U_fifo_mem_mem_reg_213_       3.9900     0.0      0.0000       3.9900 0.0000 SNPS_CLOCK_GATE_HIGH_tinytpu_isa_gmem2_m_axi_CONSERVATIVE1_NUM_READ_OUTSTANDING16_NUM_WRITE_OUTSTANDING16_MAX_READ_BURST_LENGTH16_MAX_WRITE_BURST_LENGTH16_C_M_AXI_ID_WIDTH1_C_M_AXI_ADDR_WIDTH64_C_M_AXI_DATA_WIDTH64_C_M_AXI_AWUSER_WIDTH1_C_M_AXI_ARUSER_WIDTH1_C_M_AXI_WUSER_WIDTH1_C_M_AXI_RUSER_WIDTH1_C_M_AXI_BUSER_WIDTH1_C_USER_VALUE0_C_PROT_VALUE0_C_CACHE_VALUE3_USER_DW64_USER_AW64_USER_MAXREQS7_USER_RFIFONUM_WIDTH9_257
gmem2_m_axi_U/clk_gate_load_unit_buff_rdata_genblk1_U_fifo_mem_mem_reg_214_       3.9900     0.0      0.0000       3.9900 0.0000 SNPS_CLOCK_GATE_HIGH_tinytpu_isa_gmem2_m_axi_CONSERVATIVE1_NUM_READ_OUTSTANDING16_NUM_WRITE_OUTSTANDING16_MAX_READ_BURST_LENGTH16_MAX_WRITE_BURST_LENGTH16_C_M_AXI_ID_WIDTH1_C_M_AXI_ADDR_WIDTH64_C_M_AXI_DATA_WIDTH64_C_M_AXI_AWUSER_WIDTH1_C_M_AXI_ARUSER_WIDTH1_C_M_AXI_WUSER_WIDTH1_C_M_AXI_RUSER_WIDTH1_C_M_AXI_BUSER_WIDTH1_C_USER_VALUE0_C_PROT_VALUE0_C_CACHE_VALUE3_USER_DW64_USER_AW64_USER_MAXREQS7_USER_RFIFONUM_WIDTH9_258
gmem2_m_axi_U/clk_gate_load_unit_buff_rdata_genblk1_U_fifo_mem_mem_reg_215_       3.9900     0.0      0.0000       3.9900 0.0000 SNPS_CLOCK_GATE_HIGH_tinytpu_isa_gmem2_m_axi_CONSERVATIVE1_NUM_READ_OUTSTANDING16_NUM_WRITE_OUTSTANDING16_MAX_READ_BURST_LENGTH16_MAX_WRITE_BURST_LENGTH16_C_M_AXI_ID_WIDTH1_C_M_AXI_ADDR_WIDTH64_C_M_AXI_DATA_WIDTH64_C_M_AXI_AWUSER_WIDTH1_C_M_AXI_ARUSER_WIDTH1_C_M_AXI_WUSER_WIDTH1_C_M_AXI_RUSER_WIDTH1_C_M_AXI_BUSER_WIDTH1_C_USER_VALUE0_C_PROT_VALUE0_C_CACHE_VALUE3_USER_DW64_USER_AW64_USER_MAXREQS7_USER_RFIFONUM_WIDTH9_259
gmem2_m_axi_U/clk_gate_load_unit_buff_rdata_genblk1_U_fifo_mem_mem_reg_216_       3.9900     0.0      0.0000       3.9900 0.0000 SNPS_CLOCK_GATE_HIGH_tinytpu_isa_gmem2_m_axi_CONSERVATIVE1_NUM_READ_OUTSTANDING16_NUM_WRITE_OUTSTANDING16_MAX_READ_BURST_LENGTH16_MAX_WRITE_BURST_LENGTH16_C_M_AXI_ID_WIDTH1_C_M_AXI_ADDR_WIDTH64_C_M_AXI_DATA_WIDTH64_C_M_AXI_AWUSER_WIDTH1_C_M_AXI_ARUSER_WIDTH1_C_M_AXI_WUSER_WIDTH1_C_M_AXI_RUSER_WIDTH1_C_M_AXI_BUSER_WIDTH1_C_USER_VALUE0_C_PROT_VALUE0_C_CACHE_VALUE3_USER_DW64_USER_AW64_USER_MAXREQS7_USER_RFIFONUM_WIDTH9_260
gmem2_m_axi_U/clk_gate_load_unit_buff_rdata_genblk1_U_fifo_mem_mem_reg_217_       3.9900     0.0      0.0000       3.9900 0.0000 SNPS_CLOCK_GATE_HIGH_tinytpu_isa_gmem2_m_axi_CONSERVATIVE1_NUM_READ_OUTSTANDING16_NUM_WRITE_OUTSTANDING16_MAX_READ_BURST_LENGTH16_MAX_WRITE_BURST_LENGTH16_C_M_AXI_ID_WIDTH1_C_M_AXI_ADDR_WIDTH64_C_M_AXI_DATA_WIDTH64_C_M_AXI_AWUSER_WIDTH1_C_M_AXI_ARUSER_WIDTH1_C_M_AXI_WUSER_WIDTH1_C_M_AXI_RUSER_WIDTH1_C_M_AXI_BUSER_WIDTH1_C_USER_VALUE0_C_PROT_VALUE0_C_CACHE_VALUE3_USER_DW64_USER_AW64_USER_MAXREQS7_USER_RFIFONUM_WIDTH9_261
gmem2_m_axi_U/clk_gate_load_unit_buff_rdata_genblk1_U_fifo_mem_mem_reg_218_       3.9900     0.0      0.0000       3.9900 0.0000 SNPS_CLOCK_GATE_HIGH_tinytpu_isa_gmem2_m_axi_CONSERVATIVE1_NUM_READ_OUTSTANDING16_NUM_WRITE_OUTSTANDING16_MAX_READ_BURST_LENGTH16_MAX_WRITE_BURST_LENGTH16_C_M_AXI_ID_WIDTH1_C_M_AXI_ADDR_WIDTH64_C_M_AXI_DATA_WIDTH64_C_M_AXI_AWUSER_WIDTH1_C_M_AXI_ARUSER_WIDTH1_C_M_AXI_WUSER_WIDTH1_C_M_AXI_RUSER_WIDTH1_C_M_AXI_BUSER_WIDTH1_C_USER_VALUE0_C_PROT_VALUE0_C_CACHE_VALUE3_USER_DW64_USER_AW64_USER_MAXREQS7_USER_RFIFONUM_WIDTH9_262
gmem2_m_axi_U/clk_gate_load_unit_buff_rdata_genblk1_U_fifo_mem_mem_reg_219_       3.9900     0.0      0.0000       3.9900 0.0000 SNPS_CLOCK_GATE_HIGH_tinytpu_isa_gmem2_m_axi_CONSERVATIVE1_NUM_READ_OUTSTANDING16_NUM_WRITE_OUTSTANDING16_MAX_READ_BURST_LENGTH16_MAX_WRITE_BURST_LENGTH16_C_M_AXI_ID_WIDTH1_C_M_AXI_ADDR_WIDTH64_C_M_AXI_DATA_WIDTH64_C_M_AXI_AWUSER_WIDTH1_C_M_AXI_ARUSER_WIDTH1_C_M_AXI_WUSER_WIDTH1_C_M_AXI_RUSER_WIDTH1_C_M_AXI_BUSER_WIDTH1_C_USER_VALUE0_C_PROT_VALUE0_C_CACHE_VALUE3_USER_DW64_USER_AW64_USER_MAXREQS7_USER_RFIFONUM_WIDTH9_263
gmem2_m_axi_U/clk_gate_load_unit_buff_rdata_genblk1_U_fifo_mem_mem_reg_21_       3.9900     0.0      0.0000       3.9900 0.0000 SNPS_CLOCK_GATE_HIGH_tinytpu_isa_gmem2_m_axi_CONSERVATIVE1_NUM_READ_OUTSTANDING16_NUM_WRITE_OUTSTANDING16_MAX_READ_BURST_LENGTH16_MAX_WRITE_BURST_LENGTH16_C_M_AXI_ID_WIDTH1_C_M_AXI_ADDR_WIDTH64_C_M_AXI_DATA_WIDTH64_C_M_AXI_AWUSER_WIDTH1_C_M_AXI_ARUSER_WIDTH1_C_M_AXI_WUSER_WIDTH1_C_M_AXI_RUSER_WIDTH1_C_M_AXI_BUSER_WIDTH1_C_USER_VALUE0_C_PROT_VALUE0_C_CACHE_VALUE3_USER_DW64_USER_AW64_USER_MAXREQS7_USER_RFIFONUM_WIDTH9_65
gmem2_m_axi_U/clk_gate_load_unit_buff_rdata_genblk1_U_fifo_mem_mem_reg_220_       3.9900     0.0      0.0000       3.9900 0.0000 SNPS_CLOCK_GATE_HIGH_tinytpu_isa_gmem2_m_axi_CONSERVATIVE1_NUM_READ_OUTSTANDING16_NUM_WRITE_OUTSTANDING16_MAX_READ_BURST_LENGTH16_MAX_WRITE_BURST_LENGTH16_C_M_AXI_ID_WIDTH1_C_M_AXI_ADDR_WIDTH64_C_M_AXI_DATA_WIDTH64_C_M_AXI_AWUSER_WIDTH1_C_M_AXI_ARUSER_WIDTH1_C_M_AXI_WUSER_WIDTH1_C_M_AXI_RUSER_WIDTH1_C_M_AXI_BUSER_WIDTH1_C_USER_VALUE0_C_PROT_VALUE0_C_CACHE_VALUE3_USER_DW64_USER_AW64_USER_MAXREQS7_USER_RFIFONUM_WIDTH9_264
gmem2_m_axi_U/clk_gate_load_unit_buff_rdata_genblk1_U_fifo_mem_mem_reg_221_       3.9900     0.0      0.0000       3.9900 0.0000 SNPS_CLOCK_GATE_HIGH_tinytpu_isa_gmem2_m_axi_CONSERVATIVE1_NUM_READ_OUTSTANDING16_NUM_WRITE_OUTSTANDING16_MAX_READ_BURST_LENGTH16_MAX_WRITE_BURST_LENGTH16_C_M_AXI_ID_WIDTH1_C_M_AXI_ADDR_WIDTH64_C_M_AXI_DATA_WIDTH64_C_M_AXI_AWUSER_WIDTH1_C_M_AXI_ARUSER_WIDTH1_C_M_AXI_WUSER_WIDTH1_C_M_AXI_RUSER_WIDTH1_C_M_AXI_BUSER_WIDTH1_C_USER_VALUE0_C_PROT_VALUE0_C_CACHE_VALUE3_USER_DW64_USER_AW64_USER_MAXREQS7_USER_RFIFONUM_WIDTH9_265
gmem2_m_axi_U/clk_gate_load_unit_buff_rdata_genblk1_U_fifo_mem_mem_reg_222_       3.9900     0.0      0.0000       3.9900 0.0000 SNPS_CLOCK_GATE_HIGH_tinytpu_isa_gmem2_m_axi_CONSERVATIVE1_NUM_READ_OUTSTANDING16_NUM_WRITE_OUTSTANDING16_MAX_READ_BURST_LENGTH16_MAX_WRITE_BURST_LENGTH16_C_M_AXI_ID_WIDTH1_C_M_AXI_ADDR_WIDTH64_C_M_AXI_DATA_WIDTH64_C_M_AXI_AWUSER_WIDTH1_C_M_AXI_ARUSER_WIDTH1_C_M_AXI_WUSER_WIDTH1_C_M_AXI_RUSER_WIDTH1_C_M_AXI_BUSER_WIDTH1_C_USER_VALUE0_C_PROT_VALUE0_C_CACHE_VALUE3_USER_DW64_USER_AW64_USER_MAXREQS7_USER_RFIFONUM_WIDTH9_266
gmem2_m_axi_U/clk_gate_load_unit_buff_rdata_genblk1_U_fifo_mem_mem_reg_223_       3.9900     0.0      0.0000       3.9900 0.0000 SNPS_CLOCK_GATE_HIGH_tinytpu_isa_gmem2_m_axi_CONSERVATIVE1_NUM_READ_OUTSTANDING16_NUM_WRITE_OUTSTANDING16_MAX_READ_BURST_LENGTH16_MAX_WRITE_BURST_LENGTH16_C_M_AXI_ID_WIDTH1_C_M_AXI_ADDR_WIDTH64_C_M_AXI_DATA_WIDTH64_C_M_AXI_AWUSER_WIDTH1_C_M_AXI_ARUSER_WIDTH1_C_M_AXI_WUSER_WIDTH1_C_M_AXI_RUSER_WIDTH1_C_M_AXI_BUSER_WIDTH1_C_USER_VALUE0_C_PROT_VALUE0_C_CACHE_VALUE3_USER_DW64_USER_AW64_USER_MAXREQS7_USER_RFIFONUM_WIDTH9_267
gmem2_m_axi_U/clk_gate_load_unit_buff_rdata_genblk1_U_fifo_mem_mem_reg_224_       3.9900     0.0      0.0000       3.9900 0.0000 SNPS_CLOCK_GATE_HIGH_tinytpu_isa_gmem2_m_axi_CONSERVATIVE1_NUM_READ_OUTSTANDING16_NUM_WRITE_OUTSTANDING16_MAX_READ_BURST_LENGTH16_MAX_WRITE_BURST_LENGTH16_C_M_AXI_ID_WIDTH1_C_M_AXI_ADDR_WIDTH64_C_M_AXI_DATA_WIDTH64_C_M_AXI_AWUSER_WIDTH1_C_M_AXI_ARUSER_WIDTH1_C_M_AXI_WUSER_WIDTH1_C_M_AXI_RUSER_WIDTH1_C_M_AXI_BUSER_WIDTH1_C_USER_VALUE0_C_PROT_VALUE0_C_CACHE_VALUE3_USER_DW64_USER_AW64_USER_MAXREQS7_USER_RFIFONUM_WIDTH9_268
gmem2_m_axi_U/clk_gate_load_unit_buff_rdata_genblk1_U_fifo_mem_mem_reg_225_       3.9900     0.0      0.0000       3.9900 0.0000 SNPS_CLOCK_GATE_HIGH_tinytpu_isa_gmem2_m_axi_CONSERVATIVE1_NUM_READ_OUTSTANDING16_NUM_WRITE_OUTSTANDING16_MAX_READ_BURST_LENGTH16_MAX_WRITE_BURST_LENGTH16_C_M_AXI_ID_WIDTH1_C_M_AXI_ADDR_WIDTH64_C_M_AXI_DATA_WIDTH64_C_M_AXI_AWUSER_WIDTH1_C_M_AXI_ARUSER_WIDTH1_C_M_AXI_WUSER_WIDTH1_C_M_AXI_RUSER_WIDTH1_C_M_AXI_BUSER_WIDTH1_C_USER_VALUE0_C_PROT_VALUE0_C_CACHE_VALUE3_USER_DW64_USER_AW64_USER_MAXREQS7_USER_RFIFONUM_WIDTH9_269
gmem2_m_axi_U/clk_gate_load_unit_buff_rdata_genblk1_U_fifo_mem_mem_reg_226_       3.9900     0.0      0.0000       3.9900 0.0000 SNPS_CLOCK_GATE_HIGH_tinytpu_isa_gmem2_m_axi_CONSERVATIVE1_NUM_READ_OUTSTANDING16_NUM_WRITE_OUTSTANDING16_MAX_READ_BURST_LENGTH16_MAX_WRITE_BURST_LENGTH16_C_M_AXI_ID_WIDTH1_C_M_AXI_ADDR_WIDTH64_C_M_AXI_DATA_WIDTH64_C_M_AXI_AWUSER_WIDTH1_C_M_AXI_ARUSER_WIDTH1_C_M_AXI_WUSER_WIDTH1_C_M_AXI_RUSER_WIDTH1_C_M_AXI_BUSER_WIDTH1_C_USER_VALUE0_C_PROT_VALUE0_C_CACHE_VALUE3_USER_DW64_USER_AW64_USER_MAXREQS7_USER_RFIFONUM_WIDTH9_270
gmem2_m_axi_U/clk_gate_load_unit_buff_rdata_genblk1_U_fifo_mem_mem_reg_227_       3.9900     0.0      0.0000       3.9900 0.0000 SNPS_CLOCK_GATE_HIGH_tinytpu_isa_gmem2_m_axi_CONSERVATIVE1_NUM_READ_OUTSTANDING16_NUM_WRITE_OUTSTANDING16_MAX_READ_BURST_LENGTH16_MAX_WRITE_BURST_LENGTH16_C_M_AXI_ID_WIDTH1_C_M_AXI_ADDR_WIDTH64_C_M_AXI_DATA_WIDTH64_C_M_AXI_AWUSER_WIDTH1_C_M_AXI_ARUSER_WIDTH1_C_M_AXI_WUSER_WIDTH1_C_M_AXI_RUSER_WIDTH1_C_M_AXI_BUSER_WIDTH1_C_USER_VALUE0_C_PROT_VALUE0_C_CACHE_VALUE3_USER_DW64_USER_AW64_USER_MAXREQS7_USER_RFIFONUM_WIDTH9_271
gmem2_m_axi_U/clk_gate_load_unit_buff_rdata_genblk1_U_fifo_mem_mem_reg_228_       3.9900     0.0      0.0000       3.9900 0.0000 SNPS_CLOCK_GATE_HIGH_tinytpu_isa_gmem2_m_axi_CONSERVATIVE1_NUM_READ_OUTSTANDING16_NUM_WRITE_OUTSTANDING16_MAX_READ_BURST_LENGTH16_MAX_WRITE_BURST_LENGTH16_C_M_AXI_ID_WIDTH1_C_M_AXI_ADDR_WIDTH64_C_M_AXI_DATA_WIDTH64_C_M_AXI_AWUSER_WIDTH1_C_M_AXI_ARUSER_WIDTH1_C_M_AXI_WUSER_WIDTH1_C_M_AXI_RUSER_WIDTH1_C_M_AXI_BUSER_WIDTH1_C_USER_VALUE0_C_PROT_VALUE0_C_CACHE_VALUE3_USER_DW64_USER_AW64_USER_MAXREQS7_USER_RFIFONUM_WIDTH9_272
gmem2_m_axi_U/clk_gate_load_unit_buff_rdata_genblk1_U_fifo_mem_mem_reg_229_       3.9900     0.0      0.0000       3.9900 0.0000 SNPS_CLOCK_GATE_HIGH_tinytpu_isa_gmem2_m_axi_CONSERVATIVE1_NUM_READ_OUTSTANDING16_NUM_WRITE_OUTSTANDING16_MAX_READ_BURST_LENGTH16_MAX_WRITE_BURST_LENGTH16_C_M_AXI_ID_WIDTH1_C_M_AXI_ADDR_WIDTH64_C_M_AXI_DATA_WIDTH64_C_M_AXI_AWUSER_WIDTH1_C_M_AXI_ARUSER_WIDTH1_C_M_AXI_WUSER_WIDTH1_C_M_AXI_RUSER_WIDTH1_C_M_AXI_BUSER_WIDTH1_C_USER_VALUE0_C_PROT_VALUE0_C_CACHE_VALUE3_USER_DW64_USER_AW64_USER_MAXREQS7_USER_RFIFONUM_WIDTH9_273
gmem2_m_axi_U/clk_gate_load_unit_buff_rdata_genblk1_U_fifo_mem_mem_reg_22_       3.9900     0.0      0.0000       3.9900 0.0000 SNPS_CLOCK_GATE_HIGH_tinytpu_isa_gmem2_m_axi_CONSERVATIVE1_NUM_READ_OUTSTANDING16_NUM_WRITE_OUTSTANDING16_MAX_READ_BURST_LENGTH16_MAX_WRITE_BURST_LENGTH16_C_M_AXI_ID_WIDTH1_C_M_AXI_ADDR_WIDTH64_C_M_AXI_DATA_WIDTH64_C_M_AXI_AWUSER_WIDTH1_C_M_AXI_ARUSER_WIDTH1_C_M_AXI_WUSER_WIDTH1_C_M_AXI_RUSER_WIDTH1_C_M_AXI_BUSER_WIDTH1_C_USER_VALUE0_C_PROT_VALUE0_C_CACHE_VALUE3_USER_DW64_USER_AW64_USER_MAXREQS7_USER_RFIFONUM_WIDTH9_66
gmem2_m_axi_U/clk_gate_load_unit_buff_rdata_genblk1_U_fifo_mem_mem_reg_230_       3.9900     0.0      0.0000       3.9900 0.0000 SNPS_CLOCK_GATE_HIGH_tinytpu_isa_gmem2_m_axi_CONSERVATIVE1_NUM_READ_OUTSTANDING16_NUM_WRITE_OUTSTANDING16_MAX_READ_BURST_LENGTH16_MAX_WRITE_BURST_LENGTH16_C_M_AXI_ID_WIDTH1_C_M_AXI_ADDR_WIDTH64_C_M_AXI_DATA_WIDTH64_C_M_AXI_AWUSER_WIDTH1_C_M_AXI_ARUSER_WIDTH1_C_M_AXI_WUSER_WIDTH1_C_M_AXI_RUSER_WIDTH1_C_M_AXI_BUSER_WIDTH1_C_USER_VALUE0_C_PROT_VALUE0_C_CACHE_VALUE3_USER_DW64_USER_AW64_USER_MAXREQS7_USER_RFIFONUM_WIDTH9_274
gmem2_m_axi_U/clk_gate_load_unit_buff_rdata_genblk1_U_fifo_mem_mem_reg_231_       3.9900     0.0      0.0000       3.9900 0.0000 SNPS_CLOCK_GATE_HIGH_tinytpu_isa_gmem2_m_axi_CONSERVATIVE1_NUM_READ_OUTSTANDING16_NUM_WRITE_OUTSTANDING16_MAX_READ_BURST_LENGTH16_MAX_WRITE_BURST_LENGTH16_C_M_AXI_ID_WIDTH1_C_M_AXI_ADDR_WIDTH64_C_M_AXI_DATA_WIDTH64_C_M_AXI_AWUSER_WIDTH1_C_M_AXI_ARUSER_WIDTH1_C_M_AXI_WUSER_WIDTH1_C_M_AXI_RUSER_WIDTH1_C_M_AXI_BUSER_WIDTH1_C_USER_VALUE0_C_PROT_VALUE0_C_CACHE_VALUE3_USER_DW64_USER_AW64_USER_MAXREQS7_USER_RFIFONUM_WIDTH9_275
gmem2_m_axi_U/clk_gate_load_unit_buff_rdata_genblk1_U_fifo_mem_mem_reg_232_       3.9900     0.0      0.0000       3.9900 0.0000 SNPS_CLOCK_GATE_HIGH_tinytpu_isa_gmem2_m_axi_CONSERVATIVE1_NUM_READ_OUTSTANDING16_NUM_WRITE_OUTSTANDING16_MAX_READ_BURST_LENGTH16_MAX_WRITE_BURST_LENGTH16_C_M_AXI_ID_WIDTH1_C_M_AXI_ADDR_WIDTH64_C_M_AXI_DATA_WIDTH64_C_M_AXI_AWUSER_WIDTH1_C_M_AXI_ARUSER_WIDTH1_C_M_AXI_WUSER_WIDTH1_C_M_AXI_RUSER_WIDTH1_C_M_AXI_BUSER_WIDTH1_C_USER_VALUE0_C_PROT_VALUE0_C_CACHE_VALUE3_USER_DW64_USER_AW64_USER_MAXREQS7_USER_RFIFONUM_WIDTH9_276
gmem2_m_axi_U/clk_gate_load_unit_buff_rdata_genblk1_U_fifo_mem_mem_reg_233_       3.9900     0.0      0.0000       3.9900 0.0000 SNPS_CLOCK_GATE_HIGH_tinytpu_isa_gmem2_m_axi_CONSERVATIVE1_NUM_READ_OUTSTANDING16_NUM_WRITE_OUTSTANDING16_MAX_READ_BURST_LENGTH16_MAX_WRITE_BURST_LENGTH16_C_M_AXI_ID_WIDTH1_C_M_AXI_ADDR_WIDTH64_C_M_AXI_DATA_WIDTH64_C_M_AXI_AWUSER_WIDTH1_C_M_AXI_ARUSER_WIDTH1_C_M_AXI_WUSER_WIDTH1_C_M_AXI_RUSER_WIDTH1_C_M_AXI_BUSER_WIDTH1_C_USER_VALUE0_C_PROT_VALUE0_C_CACHE_VALUE3_USER_DW64_USER_AW64_USER_MAXREQS7_USER_RFIFONUM_WIDTH9_277
gmem2_m_axi_U/clk_gate_load_unit_buff_rdata_genblk1_U_fifo_mem_mem_reg_234_       3.9900     0.0      0.0000       3.9900 0.0000 SNPS_CLOCK_GATE_HIGH_tinytpu_isa_gmem2_m_axi_CONSERVATIVE1_NUM_READ_OUTSTANDING16_NUM_WRITE_OUTSTANDING16_MAX_READ_BURST_LENGTH16_MAX_WRITE_BURST_LENGTH16_C_M_AXI_ID_WIDTH1_C_M_AXI_ADDR_WIDTH64_C_M_AXI_DATA_WIDTH64_C_M_AXI_AWUSER_WIDTH1_C_M_AXI_ARUSER_WIDTH1_C_M_AXI_WUSER_WIDTH1_C_M_AXI_RUSER_WIDTH1_C_M_AXI_BUSER_WIDTH1_C_USER_VALUE0_C_PROT_VALUE0_C_CACHE_VALUE3_USER_DW64_USER_AW64_USER_MAXREQS7_USER_RFIFONUM_WIDTH9_278
gmem2_m_axi_U/clk_gate_load_unit_buff_rdata_genblk1_U_fifo_mem_mem_reg_235_       3.9900     0.0      0.0000       3.9900 0.0000 SNPS_CLOCK_GATE_HIGH_tinytpu_isa_gmem2_m_axi_CONSERVATIVE1_NUM_READ_OUTSTANDING16_NUM_WRITE_OUTSTANDING16_MAX_READ_BURST_LENGTH16_MAX_WRITE_BURST_LENGTH16_C_M_AXI_ID_WIDTH1_C_M_AXI_ADDR_WIDTH64_C_M_AXI_DATA_WIDTH64_C_M_AXI_AWUSER_WIDTH1_C_M_AXI_ARUSER_WIDTH1_C_M_AXI_WUSER_WIDTH1_C_M_AXI_RUSER_WIDTH1_C_M_AXI_BUSER_WIDTH1_C_USER_VALUE0_C_PROT_VALUE0_C_CACHE_VALUE3_USER_DW64_USER_AW64_USER_MAXREQS7_USER_RFIFONUM_WIDTH9_279
gmem2_m_axi_U/clk_gate_load_unit_buff_rdata_genblk1_U_fifo_mem_mem_reg_236_       3.9900     0.0      0.0000       3.9900 0.0000 SNPS_CLOCK_GATE_HIGH_tinytpu_isa_gmem2_m_axi_CONSERVATIVE1_NUM_READ_OUTSTANDING16_NUM_WRITE_OUTSTANDING16_MAX_READ_BURST_LENGTH16_MAX_WRITE_BURST_LENGTH16_C_M_AXI_ID_WIDTH1_C_M_AXI_ADDR_WIDTH64_C_M_AXI_DATA_WIDTH64_C_M_AXI_AWUSER_WIDTH1_C_M_AXI_ARUSER_WIDTH1_C_M_AXI_WUSER_WIDTH1_C_M_AXI_RUSER_WIDTH1_C_M_AXI_BUSER_WIDTH1_C_USER_VALUE0_C_PROT_VALUE0_C_CACHE_VALUE3_USER_DW64_USER_AW64_USER_MAXREQS7_USER_RFIFONUM_WIDTH9_280
gmem2_m_axi_U/clk_gate_load_unit_buff_rdata_genblk1_U_fifo_mem_mem_reg_237_       3.9900     0.0      0.0000       3.9900 0.0000 SNPS_CLOCK_GATE_HIGH_tinytpu_isa_gmem2_m_axi_CONSERVATIVE1_NUM_READ_OUTSTANDING16_NUM_WRITE_OUTSTANDING16_MAX_READ_BURST_LENGTH16_MAX_WRITE_BURST_LENGTH16_C_M_AXI_ID_WIDTH1_C_M_AXI_ADDR_WIDTH64_C_M_AXI_DATA_WIDTH64_C_M_AXI_AWUSER_WIDTH1_C_M_AXI_ARUSER_WIDTH1_C_M_AXI_WUSER_WIDTH1_C_M_AXI_RUSER_WIDTH1_C_M_AXI_BUSER_WIDTH1_C_USER_VALUE0_C_PROT_VALUE0_C_CACHE_VALUE3_USER_DW64_USER_AW64_USER_MAXREQS7_USER_RFIFONUM_WIDTH9_281
gmem2_m_axi_U/clk_gate_load_unit_buff_rdata_genblk1_U_fifo_mem_mem_reg_238_       3.9900     0.0      0.0000       3.9900 0.0000 SNPS_CLOCK_GATE_HIGH_tinytpu_isa_gmem2_m_axi_CONSERVATIVE1_NUM_READ_OUTSTANDING16_NUM_WRITE_OUTSTANDING16_MAX_READ_BURST_LENGTH16_MAX_WRITE_BURST_LENGTH16_C_M_AXI_ID_WIDTH1_C_M_AXI_ADDR_WIDTH64_C_M_AXI_DATA_WIDTH64_C_M_AXI_AWUSER_WIDTH1_C_M_AXI_ARUSER_WIDTH1_C_M_AXI_WUSER_WIDTH1_C_M_AXI_RUSER_WIDTH1_C_M_AXI_BUSER_WIDTH1_C_USER_VALUE0_C_PROT_VALUE0_C_CACHE_VALUE3_USER_DW64_USER_AW64_USER_MAXREQS7_USER_RFIFONUM_WIDTH9_282
gmem2_m_axi_U/clk_gate_load_unit_buff_rdata_genblk1_U_fifo_mem_mem_reg_239_       3.9900     0.0      0.0000       3.9900 0.0000 SNPS_CLOCK_GATE_HIGH_tinytpu_isa_gmem2_m_axi_CONSERVATIVE1_NUM_READ_OUTSTANDING16_NUM_WRITE_OUTSTANDING16_MAX_READ_BURST_LENGTH16_MAX_WRITE_BURST_LENGTH16_C_M_AXI_ID_WIDTH1_C_M_AXI_ADDR_WIDTH64_C_M_AXI_DATA_WIDTH64_C_M_AXI_AWUSER_WIDTH1_C_M_AXI_ARUSER_WIDTH1_C_M_AXI_WUSER_WIDTH1_C_M_AXI_RUSER_WIDTH1_C_M_AXI_BUSER_WIDTH1_C_USER_VALUE0_C_PROT_VALUE0_C_CACHE_VALUE3_USER_DW64_USER_AW64_USER_MAXREQS7_USER_RFIFONUM_WIDTH9_283
gmem2_m_axi_U/clk_gate_load_unit_buff_rdata_genblk1_U_fifo_mem_mem_reg_23_       3.9900     0.0      0.0000       3.9900 0.0000 SNPS_CLOCK_GATE_HIGH_tinytpu_isa_gmem2_m_axi_CONSERVATIVE1_NUM_READ_OUTSTANDING16_NUM_WRITE_OUTSTANDING16_MAX_READ_BURST_LENGTH16_MAX_WRITE_BURST_LENGTH16_C_M_AXI_ID_WIDTH1_C_M_AXI_ADDR_WIDTH64_C_M_AXI_DATA_WIDTH64_C_M_AXI_AWUSER_WIDTH1_C_M_AXI_ARUSER_WIDTH1_C_M_AXI_WUSER_WIDTH1_C_M_AXI_RUSER_WIDTH1_C_M_AXI_BUSER_WIDTH1_C_USER_VALUE0_C_PROT_VALUE0_C_CACHE_VALUE3_USER_DW64_USER_AW64_USER_MAXREQS7_USER_RFIFONUM_WIDTH9_67
gmem2_m_axi_U/clk_gate_load_unit_buff_rdata_genblk1_U_fifo_mem_mem_reg_240_       3.9900     0.0      0.0000       3.9900 0.0000 SNPS_CLOCK_GATE_HIGH_tinytpu_isa_gmem2_m_axi_CONSERVATIVE1_NUM_READ_OUTSTANDING16_NUM_WRITE_OUTSTANDING16_MAX_READ_BURST_LENGTH16_MAX_WRITE_BURST_LENGTH16_C_M_AXI_ID_WIDTH1_C_M_AXI_ADDR_WIDTH64_C_M_AXI_DATA_WIDTH64_C_M_AXI_AWUSER_WIDTH1_C_M_AXI_ARUSER_WIDTH1_C_M_AXI_WUSER_WIDTH1_C_M_AXI_RUSER_WIDTH1_C_M_AXI_BUSER_WIDTH1_C_USER_VALUE0_C_PROT_VALUE0_C_CACHE_VALUE3_USER_DW64_USER_AW64_USER_MAXREQS7_USER_RFIFONUM_WIDTH9_284
gmem2_m_axi_U/clk_gate_load_unit_buff_rdata_genblk1_U_fifo_mem_mem_reg_241_       3.9900     0.0      0.0000       3.9900 0.0000 SNPS_CLOCK_GATE_HIGH_tinytpu_isa_gmem2_m_axi_CONSERVATIVE1_NUM_READ_OUTSTANDING16_NUM_WRITE_OUTSTANDING16_MAX_READ_BURST_LENGTH16_MAX_WRITE_BURST_LENGTH16_C_M_AXI_ID_WIDTH1_C_M_AXI_ADDR_WIDTH64_C_M_AXI_DATA_WIDTH64_C_M_AXI_AWUSER_WIDTH1_C_M_AXI_ARUSER_WIDTH1_C_M_AXI_WUSER_WIDTH1_C_M_AXI_RUSER_WIDTH1_C_M_AXI_BUSER_WIDTH1_C_USER_VALUE0_C_PROT_VALUE0_C_CACHE_VALUE3_USER_DW64_USER_AW64_USER_MAXREQS7_USER_RFIFONUM_WIDTH9_285
gmem2_m_axi_U/clk_gate_load_unit_buff_rdata_genblk1_U_fifo_mem_mem_reg_242_       3.9900     0.0      0.0000       3.9900 0.0000 SNPS_CLOCK_GATE_HIGH_tinytpu_isa_gmem2_m_axi_CONSERVATIVE1_NUM_READ_OUTSTANDING16_NUM_WRITE_OUTSTANDING16_MAX_READ_BURST_LENGTH16_MAX_WRITE_BURST_LENGTH16_C_M_AXI_ID_WIDTH1_C_M_AXI_ADDR_WIDTH64_C_M_AXI_DATA_WIDTH64_C_M_AXI_AWUSER_WIDTH1_C_M_AXI_ARUSER_WIDTH1_C_M_AXI_WUSER_WIDTH1_C_M_AXI_RUSER_WIDTH1_C_M_AXI_BUSER_WIDTH1_C_USER_VALUE0_C_PROT_VALUE0_C_CACHE_VALUE3_USER_DW64_USER_AW64_USER_MAXREQS7_USER_RFIFONUM_WIDTH9_286
gmem2_m_axi_U/clk_gate_load_unit_buff_rdata_genblk1_U_fifo_mem_mem_reg_243_       3.9900     0.0      0.0000       3.9900 0.0000 SNPS_CLOCK_GATE_HIGH_tinytpu_isa_gmem2_m_axi_CONSERVATIVE1_NUM_READ_OUTSTANDING16_NUM_WRITE_OUTSTANDING16_MAX_READ_BURST_LENGTH16_MAX_WRITE_BURST_LENGTH16_C_M_AXI_ID_WIDTH1_C_M_AXI_ADDR_WIDTH64_C_M_AXI_DATA_WIDTH64_C_M_AXI_AWUSER_WIDTH1_C_M_AXI_ARUSER_WIDTH1_C_M_AXI_WUSER_WIDTH1_C_M_AXI_RUSER_WIDTH1_C_M_AXI_BUSER_WIDTH1_C_USER_VALUE0_C_PROT_VALUE0_C_CACHE_VALUE3_USER_DW64_USER_AW64_USER_MAXREQS7_USER_RFIFONUM_WIDTH9_287
gmem2_m_axi_U/clk_gate_load_unit_buff_rdata_genblk1_U_fifo_mem_mem_reg_244_       3.9900     0.0      0.0000       3.9900 0.0000 SNPS_CLOCK_GATE_HIGH_tinytpu_isa_gmem2_m_axi_CONSERVATIVE1_NUM_READ_OUTSTANDING16_NUM_WRITE_OUTSTANDING16_MAX_READ_BURST_LENGTH16_MAX_WRITE_BURST_LENGTH16_C_M_AXI_ID_WIDTH1_C_M_AXI_ADDR_WIDTH64_C_M_AXI_DATA_WIDTH64_C_M_AXI_AWUSER_WIDTH1_C_M_AXI_ARUSER_WIDTH1_C_M_AXI_WUSER_WIDTH1_C_M_AXI_RUSER_WIDTH1_C_M_AXI_BUSER_WIDTH1_C_USER_VALUE0_C_PROT_VALUE0_C_CACHE_VALUE3_USER_DW64_USER_AW64_USER_MAXREQS7_USER_RFIFONUM_WIDTH9_288
gmem2_m_axi_U/clk_gate_load_unit_buff_rdata_genblk1_U_fifo_mem_mem_reg_245_       3.9900     0.0      0.0000       3.9900 0.0000 SNPS_CLOCK_GATE_HIGH_tinytpu_isa_gmem2_m_axi_CONSERVATIVE1_NUM_READ_OUTSTANDING16_NUM_WRITE_OUTSTANDING16_MAX_READ_BURST_LENGTH16_MAX_WRITE_BURST_LENGTH16_C_M_AXI_ID_WIDTH1_C_M_AXI_ADDR_WIDTH64_C_M_AXI_DATA_WIDTH64_C_M_AXI_AWUSER_WIDTH1_C_M_AXI_ARUSER_WIDTH1_C_M_AXI_WUSER_WIDTH1_C_M_AXI_RUSER_WIDTH1_C_M_AXI_BUSER_WIDTH1_C_USER_VALUE0_C_PROT_VALUE0_C_CACHE_VALUE3_USER_DW64_USER_AW64_USER_MAXREQS7_USER_RFIFONUM_WIDTH9_289
gmem2_m_axi_U/clk_gate_load_unit_buff_rdata_genblk1_U_fifo_mem_mem_reg_246_       3.9900     0.0      0.0000       3.9900 0.0000 SNPS_CLOCK_GATE_HIGH_tinytpu_isa_gmem2_m_axi_CONSERVATIVE1_NUM_READ_OUTSTANDING16_NUM_WRITE_OUTSTANDING16_MAX_READ_BURST_LENGTH16_MAX_WRITE_BURST_LENGTH16_C_M_AXI_ID_WIDTH1_C_M_AXI_ADDR_WIDTH64_C_M_AXI_DATA_WIDTH64_C_M_AXI_AWUSER_WIDTH1_C_M_AXI_ARUSER_WIDTH1_C_M_AXI_WUSER_WIDTH1_C_M_AXI_RUSER_WIDTH1_C_M_AXI_BUSER_WIDTH1_C_USER_VALUE0_C_PROT_VALUE0_C_CACHE_VALUE3_USER_DW64_USER_AW64_USER_MAXREQS7_USER_RFIFONUM_WIDTH9_290
gmem2_m_axi_U/clk_gate_load_unit_buff_rdata_genblk1_U_fifo_mem_mem_reg_247_       3.9900     0.0      0.0000       3.9900 0.0000 SNPS_CLOCK_GATE_HIGH_tinytpu_isa_gmem2_m_axi_CONSERVATIVE1_NUM_READ_OUTSTANDING16_NUM_WRITE_OUTSTANDING16_MAX_READ_BURST_LENGTH16_MAX_WRITE_BURST_LENGTH16_C_M_AXI_ID_WIDTH1_C_M_AXI_ADDR_WIDTH64_C_M_AXI_DATA_WIDTH64_C_M_AXI_AWUSER_WIDTH1_C_M_AXI_ARUSER_WIDTH1_C_M_AXI_WUSER_WIDTH1_C_M_AXI_RUSER_WIDTH1_C_M_AXI_BUSER_WIDTH1_C_USER_VALUE0_C_PROT_VALUE0_C_CACHE_VALUE3_USER_DW64_USER_AW64_USER_MAXREQS7_USER_RFIFONUM_WIDTH9_291
gmem2_m_axi_U/clk_gate_load_unit_buff_rdata_genblk1_U_fifo_mem_mem_reg_248_       3.9900     0.0      0.0000       3.9900 0.0000 SNPS_CLOCK_GATE_HIGH_tinytpu_isa_gmem2_m_axi_CONSERVATIVE1_NUM_READ_OUTSTANDING16_NUM_WRITE_OUTSTANDING16_MAX_READ_BURST_LENGTH16_MAX_WRITE_BURST_LENGTH16_C_M_AXI_ID_WIDTH1_C_M_AXI_ADDR_WIDTH64_C_M_AXI_DATA_WIDTH64_C_M_AXI_AWUSER_WIDTH1_C_M_AXI_ARUSER_WIDTH1_C_M_AXI_WUSER_WIDTH1_C_M_AXI_RUSER_WIDTH1_C_M_AXI_BUSER_WIDTH1_C_USER_VALUE0_C_PROT_VALUE0_C_CACHE_VALUE3_USER_DW64_USER_AW64_USER_MAXREQS7_USER_RFIFONUM_WIDTH9_292
gmem2_m_axi_U/clk_gate_load_unit_buff_rdata_genblk1_U_fifo_mem_mem_reg_249_       3.9900     0.0      0.0000       3.9900 0.0000 SNPS_CLOCK_GATE_HIGH_tinytpu_isa_gmem2_m_axi_CONSERVATIVE1_NUM_READ_OUTSTANDING16_NUM_WRITE_OUTSTANDING16_MAX_READ_BURST_LENGTH16_MAX_WRITE_BURST_LENGTH16_C_M_AXI_ID_WIDTH1_C_M_AXI_ADDR_WIDTH64_C_M_AXI_DATA_WIDTH64_C_M_AXI_AWUSER_WIDTH1_C_M_AXI_ARUSER_WIDTH1_C_M_AXI_WUSER_WIDTH1_C_M_AXI_RUSER_WIDTH1_C_M_AXI_BUSER_WIDTH1_C_USER_VALUE0_C_PROT_VALUE0_C_CACHE_VALUE3_USER_DW64_USER_AW64_USER_MAXREQS7_USER_RFIFONUM_WIDTH9_293
gmem2_m_axi_U/clk_gate_load_unit_buff_rdata_genblk1_U_fifo_mem_mem_reg_24_       3.9900     0.0      0.0000       3.9900 0.0000 SNPS_CLOCK_GATE_HIGH_tinytpu_isa_gmem2_m_axi_CONSERVATIVE1_NUM_READ_OUTSTANDING16_NUM_WRITE_OUTSTANDING16_MAX_READ_BURST_LENGTH16_MAX_WRITE_BURST_LENGTH16_C_M_AXI_ID_WIDTH1_C_M_AXI_ADDR_WIDTH64_C_M_AXI_DATA_WIDTH64_C_M_AXI_AWUSER_WIDTH1_C_M_AXI_ARUSER_WIDTH1_C_M_AXI_WUSER_WIDTH1_C_M_AXI_RUSER_WIDTH1_C_M_AXI_BUSER_WIDTH1_C_USER_VALUE0_C_PROT_VALUE0_C_CACHE_VALUE3_USER_DW64_USER_AW64_USER_MAXREQS7_USER_RFIFONUM_WIDTH9_68
gmem2_m_axi_U/clk_gate_load_unit_buff_rdata_genblk1_U_fifo_mem_mem_reg_250_       3.9900     0.0      0.0000       3.9900 0.0000 SNPS_CLOCK_GATE_HIGH_tinytpu_isa_gmem2_m_axi_CONSERVATIVE1_NUM_READ_OUTSTANDING16_NUM_WRITE_OUTSTANDING16_MAX_READ_BURST_LENGTH16_MAX_WRITE_BURST_LENGTH16_C_M_AXI_ID_WIDTH1_C_M_AXI_ADDR_WIDTH64_C_M_AXI_DATA_WIDTH64_C_M_AXI_AWUSER_WIDTH1_C_M_AXI_ARUSER_WIDTH1_C_M_AXI_WUSER_WIDTH1_C_M_AXI_RUSER_WIDTH1_C_M_AXI_BUSER_WIDTH1_C_USER_VALUE0_C_PROT_VALUE0_C_CACHE_VALUE3_USER_DW64_USER_AW64_USER_MAXREQS7_USER_RFIFONUM_WIDTH9_294
gmem2_m_axi_U/clk_gate_load_unit_buff_rdata_genblk1_U_fifo_mem_mem_reg_251_       3.9900     0.0      0.0000       3.9900 0.0000 SNPS_CLOCK_GATE_HIGH_tinytpu_isa_gmem2_m_axi_CONSERVATIVE1_NUM_READ_OUTSTANDING16_NUM_WRITE_OUTSTANDING16_MAX_READ_BURST_LENGTH16_MAX_WRITE_BURST_LENGTH16_C_M_AXI_ID_WIDTH1_C_M_AXI_ADDR_WIDTH64_C_M_AXI_DATA_WIDTH64_C_M_AXI_AWUSER_WIDTH1_C_M_AXI_ARUSER_WIDTH1_C_M_AXI_WUSER_WIDTH1_C_M_AXI_RUSER_WIDTH1_C_M_AXI_BUSER_WIDTH1_C_USER_VALUE0_C_PROT_VALUE0_C_CACHE_VALUE3_USER_DW64_USER_AW64_USER_MAXREQS7_USER_RFIFONUM_WIDTH9_295
gmem2_m_axi_U/clk_gate_load_unit_buff_rdata_genblk1_U_fifo_mem_mem_reg_252_       3.9900     0.0      0.0000       3.9900 0.0000 SNPS_CLOCK_GATE_HIGH_tinytpu_isa_gmem2_m_axi_CONSERVATIVE1_NUM_READ_OUTSTANDING16_NUM_WRITE_OUTSTANDING16_MAX_READ_BURST_LENGTH16_MAX_WRITE_BURST_LENGTH16_C_M_AXI_ID_WIDTH1_C_M_AXI_ADDR_WIDTH64_C_M_AXI_DATA_WIDTH64_C_M_AXI_AWUSER_WIDTH1_C_M_AXI_ARUSER_WIDTH1_C_M_AXI_WUSER_WIDTH1_C_M_AXI_RUSER_WIDTH1_C_M_AXI_BUSER_WIDTH1_C_USER_VALUE0_C_PROT_VALUE0_C_CACHE_VALUE3_USER_DW64_USER_AW64_USER_MAXREQS7_USER_RFIFONUM_WIDTH9_296
gmem2_m_axi_U/clk_gate_load_unit_buff_rdata_genblk1_U_fifo_mem_mem_reg_253_       3.9900     0.0      0.0000       3.9900 0.0000 SNPS_CLOCK_GATE_HIGH_tinytpu_isa_gmem2_m_axi_CONSERVATIVE1_NUM_READ_OUTSTANDING16_NUM_WRITE_OUTSTANDING16_MAX_READ_BURST_LENGTH16_MAX_WRITE_BURST_LENGTH16_C_M_AXI_ID_WIDTH1_C_M_AXI_ADDR_WIDTH64_C_M_AXI_DATA_WIDTH64_C_M_AXI_AWUSER_WIDTH1_C_M_AXI_ARUSER_WIDTH1_C_M_AXI_WUSER_WIDTH1_C_M_AXI_RUSER_WIDTH1_C_M_AXI_BUSER_WIDTH1_C_USER_VALUE0_C_PROT_VALUE0_C_CACHE_VALUE3_USER_DW64_USER_AW64_USER_MAXREQS7_USER_RFIFONUM_WIDTH9_297
gmem2_m_axi_U/clk_gate_load_unit_buff_rdata_genblk1_U_fifo_mem_mem_reg_254_       3.9900     0.0      0.0000       3.9900 0.0000 SNPS_CLOCK_GATE_HIGH_tinytpu_isa_gmem2_m_axi_CONSERVATIVE1_NUM_READ_OUTSTANDING16_NUM_WRITE_OUTSTANDING16_MAX_READ_BURST_LENGTH16_MAX_WRITE_BURST_LENGTH16_C_M_AXI_ID_WIDTH1_C_M_AXI_ADDR_WIDTH64_C_M_AXI_DATA_WIDTH64_C_M_AXI_AWUSER_WIDTH1_C_M_AXI_ARUSER_WIDTH1_C_M_AXI_WUSER_WIDTH1_C_M_AXI_RUSER_WIDTH1_C_M_AXI_BUSER_WIDTH1_C_USER_VALUE0_C_PROT_VALUE0_C_CACHE_VALUE3_USER_DW64_USER_AW64_USER_MAXREQS7_USER_RFIFONUM_WIDTH9_298
gmem2_m_axi_U/clk_gate_load_unit_buff_rdata_genblk1_U_fifo_mem_mem_reg_25_       3.9900     0.0      0.0000       3.9900 0.0000 SNPS_CLOCK_GATE_HIGH_tinytpu_isa_gmem2_m_axi_CONSERVATIVE1_NUM_READ_OUTSTANDING16_NUM_WRITE_OUTSTANDING16_MAX_READ_BURST_LENGTH16_MAX_WRITE_BURST_LENGTH16_C_M_AXI_ID_WIDTH1_C_M_AXI_ADDR_WIDTH64_C_M_AXI_DATA_WIDTH64_C_M_AXI_AWUSER_WIDTH1_C_M_AXI_ARUSER_WIDTH1_C_M_AXI_WUSER_WIDTH1_C_M_AXI_RUSER_WIDTH1_C_M_AXI_BUSER_WIDTH1_C_USER_VALUE0_C_PROT_VALUE0_C_CACHE_VALUE3_USER_DW64_USER_AW64_USER_MAXREQS7_USER_RFIFONUM_WIDTH9_69
gmem2_m_axi_U/clk_gate_load_unit_buff_rdata_genblk1_U_fifo_mem_mem_reg_26_       3.9900     0.0      0.0000       3.9900 0.0000 SNPS_CLOCK_GATE_HIGH_tinytpu_isa_gmem2_m_axi_CONSERVATIVE1_NUM_READ_OUTSTANDING16_NUM_WRITE_OUTSTANDING16_MAX_READ_BURST_LENGTH16_MAX_WRITE_BURST_LENGTH16_C_M_AXI_ID_WIDTH1_C_M_AXI_ADDR_WIDTH64_C_M_AXI_DATA_WIDTH64_C_M_AXI_AWUSER_WIDTH1_C_M_AXI_ARUSER_WIDTH1_C_M_AXI_WUSER_WIDTH1_C_M_AXI_RUSER_WIDTH1_C_M_AXI_BUSER_WIDTH1_C_USER_VALUE0_C_PROT_VALUE0_C_CACHE_VALUE3_USER_DW64_USER_AW64_USER_MAXREQS7_USER_RFIFONUM_WIDTH9_70
gmem2_m_axi_U/clk_gate_load_unit_buff_rdata_genblk1_U_fifo_mem_mem_reg_27_       3.9900     0.0      0.0000       3.9900 0.0000 SNPS_CLOCK_GATE_HIGH_tinytpu_isa_gmem2_m_axi_CONSERVATIVE1_NUM_READ_OUTSTANDING16_NUM_WRITE_OUTSTANDING16_MAX_READ_BURST_LENGTH16_MAX_WRITE_BURST_LENGTH16_C_M_AXI_ID_WIDTH1_C_M_AXI_ADDR_WIDTH64_C_M_AXI_DATA_WIDTH64_C_M_AXI_AWUSER_WIDTH1_C_M_AXI_ARUSER_WIDTH1_C_M_AXI_WUSER_WIDTH1_C_M_AXI_RUSER_WIDTH1_C_M_AXI_BUSER_WIDTH1_C_USER_VALUE0_C_PROT_VALUE0_C_CACHE_VALUE3_USER_DW64_USER_AW64_USER_MAXREQS7_USER_RFIFONUM_WIDTH9_71
gmem2_m_axi_U/clk_gate_load_unit_buff_rdata_genblk1_U_fifo_mem_mem_reg_28_       3.9900     0.0      0.0000       3.9900 0.0000 SNPS_CLOCK_GATE_HIGH_tinytpu_isa_gmem2_m_axi_CONSERVATIVE1_NUM_READ_OUTSTANDING16_NUM_WRITE_OUTSTANDING16_MAX_READ_BURST_LENGTH16_MAX_WRITE_BURST_LENGTH16_C_M_AXI_ID_WIDTH1_C_M_AXI_ADDR_WIDTH64_C_M_AXI_DATA_WIDTH64_C_M_AXI_AWUSER_WIDTH1_C_M_AXI_ARUSER_WIDTH1_C_M_AXI_WUSER_WIDTH1_C_M_AXI_RUSER_WIDTH1_C_M_AXI_BUSER_WIDTH1_C_USER_VALUE0_C_PROT_VALUE0_C_CACHE_VALUE3_USER_DW64_USER_AW64_USER_MAXREQS7_USER_RFIFONUM_WIDTH9_72
gmem2_m_axi_U/clk_gate_load_unit_buff_rdata_genblk1_U_fifo_mem_mem_reg_29_       3.9900     0.0      0.0000       3.9900 0.0000 SNPS_CLOCK_GATE_HIGH_tinytpu_isa_gmem2_m_axi_CONSERVATIVE1_NUM_READ_OUTSTANDING16_NUM_WRITE_OUTSTANDING16_MAX_READ_BURST_LENGTH16_MAX_WRITE_BURST_LENGTH16_C_M_AXI_ID_WIDTH1_C_M_AXI_ADDR_WIDTH64_C_M_AXI_DATA_WIDTH64_C_M_AXI_AWUSER_WIDTH1_C_M_AXI_ARUSER_WIDTH1_C_M_AXI_WUSER_WIDTH1_C_M_AXI_RUSER_WIDTH1_C_M_AXI_BUSER_WIDTH1_C_USER_VALUE0_C_PROT_VALUE0_C_CACHE_VALUE3_USER_DW64_USER_AW64_USER_MAXREQS7_USER_RFIFONUM_WIDTH9_73
gmem2_m_axi_U/clk_gate_load_unit_buff_rdata_genblk1_U_fifo_mem_mem_reg_2_       3.9900     0.0      0.0000       3.9900 0.0000 SNPS_CLOCK_GATE_HIGH_tinytpu_isa_gmem2_m_axi_CONSERVATIVE1_NUM_READ_OUTSTANDING16_NUM_WRITE_OUTSTANDING16_MAX_READ_BURST_LENGTH16_MAX_WRITE_BURST_LENGTH16_C_M_AXI_ID_WIDTH1_C_M_AXI_ADDR_WIDTH64_C_M_AXI_DATA_WIDTH64_C_M_AXI_AWUSER_WIDTH1_C_M_AXI_ARUSER_WIDTH1_C_M_AXI_WUSER_WIDTH1_C_M_AXI_RUSER_WIDTH1_C_M_AXI_BUSER_WIDTH1_C_USER_VALUE0_C_PROT_VALUE0_C_CACHE_VALUE3_USER_DW64_USER_AW64_USER_MAXREQS7_USER_RFIFONUM_WIDTH9_46
gmem2_m_axi_U/clk_gate_load_unit_buff_rdata_genblk1_U_fifo_mem_mem_reg_30_       3.9900     0.0      0.0000       3.9900 0.0000 SNPS_CLOCK_GATE_HIGH_tinytpu_isa_gmem2_m_axi_CONSERVATIVE1_NUM_READ_OUTSTANDING16_NUM_WRITE_OUTSTANDING16_MAX_READ_BURST_LENGTH16_MAX_WRITE_BURST_LENGTH16_C_M_AXI_ID_WIDTH1_C_M_AXI_ADDR_WIDTH64_C_M_AXI_DATA_WIDTH64_C_M_AXI_AWUSER_WIDTH1_C_M_AXI_ARUSER_WIDTH1_C_M_AXI_WUSER_WIDTH1_C_M_AXI_RUSER_WIDTH1_C_M_AXI_BUSER_WIDTH1_C_USER_VALUE0_C_PROT_VALUE0_C_CACHE_VALUE3_USER_DW64_USER_AW64_USER_MAXREQS7_USER_RFIFONUM_WIDTH9_74
gmem2_m_axi_U/clk_gate_load_unit_buff_rdata_genblk1_U_fifo_mem_mem_reg_31_       3.9900     0.0      0.0000       3.9900 0.0000 SNPS_CLOCK_GATE_HIGH_tinytpu_isa_gmem2_m_axi_CONSERVATIVE1_NUM_READ_OUTSTANDING16_NUM_WRITE_OUTSTANDING16_MAX_READ_BURST_LENGTH16_MAX_WRITE_BURST_LENGTH16_C_M_AXI_ID_WIDTH1_C_M_AXI_ADDR_WIDTH64_C_M_AXI_DATA_WIDTH64_C_M_AXI_AWUSER_WIDTH1_C_M_AXI_ARUSER_WIDTH1_C_M_AXI_WUSER_WIDTH1_C_M_AXI_RUSER_WIDTH1_C_M_AXI_BUSER_WIDTH1_C_USER_VALUE0_C_PROT_VALUE0_C_CACHE_VALUE3_USER_DW64_USER_AW64_USER_MAXREQS7_USER_RFIFONUM_WIDTH9_75
gmem2_m_axi_U/clk_gate_load_unit_buff_rdata_genblk1_U_fifo_mem_mem_reg_32_       3.9900     0.0      0.0000       3.9900 0.0000 SNPS_CLOCK_GATE_HIGH_tinytpu_isa_gmem2_m_axi_CONSERVATIVE1_NUM_READ_OUTSTANDING16_NUM_WRITE_OUTSTANDING16_MAX_READ_BURST_LENGTH16_MAX_WRITE_BURST_LENGTH16_C_M_AXI_ID_WIDTH1_C_M_AXI_ADDR_WIDTH64_C_M_AXI_DATA_WIDTH64_C_M_AXI_AWUSER_WIDTH1_C_M_AXI_ARUSER_WIDTH1_C_M_AXI_WUSER_WIDTH1_C_M_AXI_RUSER_WIDTH1_C_M_AXI_BUSER_WIDTH1_C_USER_VALUE0_C_PROT_VALUE0_C_CACHE_VALUE3_USER_DW64_USER_AW64_USER_MAXREQS7_USER_RFIFONUM_WIDTH9_76
gmem2_m_axi_U/clk_gate_load_unit_buff_rdata_genblk1_U_fifo_mem_mem_reg_33_       3.9900     0.0      0.0000       3.9900 0.0000 SNPS_CLOCK_GATE_HIGH_tinytpu_isa_gmem2_m_axi_CONSERVATIVE1_NUM_READ_OUTSTANDING16_NUM_WRITE_OUTSTANDING16_MAX_READ_BURST_LENGTH16_MAX_WRITE_BURST_LENGTH16_C_M_AXI_ID_WIDTH1_C_M_AXI_ADDR_WIDTH64_C_M_AXI_DATA_WIDTH64_C_M_AXI_AWUSER_WIDTH1_C_M_AXI_ARUSER_WIDTH1_C_M_AXI_WUSER_WIDTH1_C_M_AXI_RUSER_WIDTH1_C_M_AXI_BUSER_WIDTH1_C_USER_VALUE0_C_PROT_VALUE0_C_CACHE_VALUE3_USER_DW64_USER_AW64_USER_MAXREQS7_USER_RFIFONUM_WIDTH9_77
gmem2_m_axi_U/clk_gate_load_unit_buff_rdata_genblk1_U_fifo_mem_mem_reg_34_       3.9900     0.0      0.0000       3.9900 0.0000 SNPS_CLOCK_GATE_HIGH_tinytpu_isa_gmem2_m_axi_CONSERVATIVE1_NUM_READ_OUTSTANDING16_NUM_WRITE_OUTSTANDING16_MAX_READ_BURST_LENGTH16_MAX_WRITE_BURST_LENGTH16_C_M_AXI_ID_WIDTH1_C_M_AXI_ADDR_WIDTH64_C_M_AXI_DATA_WIDTH64_C_M_AXI_AWUSER_WIDTH1_C_M_AXI_ARUSER_WIDTH1_C_M_AXI_WUSER_WIDTH1_C_M_AXI_RUSER_WIDTH1_C_M_AXI_BUSER_WIDTH1_C_USER_VALUE0_C_PROT_VALUE0_C_CACHE_VALUE3_USER_DW64_USER_AW64_USER_MAXREQS7_USER_RFIFONUM_WIDTH9_78
gmem2_m_axi_U/clk_gate_load_unit_buff_rdata_genblk1_U_fifo_mem_mem_reg_35_       3.9900     0.0      0.0000       3.9900 0.0000 SNPS_CLOCK_GATE_HIGH_tinytpu_isa_gmem2_m_axi_CONSERVATIVE1_NUM_READ_OUTSTANDING16_NUM_WRITE_OUTSTANDING16_MAX_READ_BURST_LENGTH16_MAX_WRITE_BURST_LENGTH16_C_M_AXI_ID_WIDTH1_C_M_AXI_ADDR_WIDTH64_C_M_AXI_DATA_WIDTH64_C_M_AXI_AWUSER_WIDTH1_C_M_AXI_ARUSER_WIDTH1_C_M_AXI_WUSER_WIDTH1_C_M_AXI_RUSER_WIDTH1_C_M_AXI_BUSER_WIDTH1_C_USER_VALUE0_C_PROT_VALUE0_C_CACHE_VALUE3_USER_DW64_USER_AW64_USER_MAXREQS7_USER_RFIFONUM_WIDTH9_79
gmem2_m_axi_U/clk_gate_load_unit_buff_rdata_genblk1_U_fifo_mem_mem_reg_36_       3.9900     0.0      0.0000       3.9900 0.0000 SNPS_CLOCK_GATE_HIGH_tinytpu_isa_gmem2_m_axi_CONSERVATIVE1_NUM_READ_OUTSTANDING16_NUM_WRITE_OUTSTANDING16_MAX_READ_BURST_LENGTH16_MAX_WRITE_BURST_LENGTH16_C_M_AXI_ID_WIDTH1_C_M_AXI_ADDR_WIDTH64_C_M_AXI_DATA_WIDTH64_C_M_AXI_AWUSER_WIDTH1_C_M_AXI_ARUSER_WIDTH1_C_M_AXI_WUSER_WIDTH1_C_M_AXI_RUSER_WIDTH1_C_M_AXI_BUSER_WIDTH1_C_USER_VALUE0_C_PROT_VALUE0_C_CACHE_VALUE3_USER_DW64_USER_AW64_USER_MAXREQS7_USER_RFIFONUM_WIDTH9_80
gmem2_m_axi_U/clk_gate_load_unit_buff_rdata_genblk1_U_fifo_mem_mem_reg_37_       3.9900     0.0      0.0000       3.9900 0.0000 SNPS_CLOCK_GATE_HIGH_tinytpu_isa_gmem2_m_axi_CONSERVATIVE1_NUM_READ_OUTSTANDING16_NUM_WRITE_OUTSTANDING16_MAX_READ_BURST_LENGTH16_MAX_WRITE_BURST_LENGTH16_C_M_AXI_ID_WIDTH1_C_M_AXI_ADDR_WIDTH64_C_M_AXI_DATA_WIDTH64_C_M_AXI_AWUSER_WIDTH1_C_M_AXI_ARUSER_WIDTH1_C_M_AXI_WUSER_WIDTH1_C_M_AXI_RUSER_WIDTH1_C_M_AXI_BUSER_WIDTH1_C_USER_VALUE0_C_PROT_VALUE0_C_CACHE_VALUE3_USER_DW64_USER_AW64_USER_MAXREQS7_USER_RFIFONUM_WIDTH9_81
gmem2_m_axi_U/clk_gate_load_unit_buff_rdata_genblk1_U_fifo_mem_mem_reg_38_       3.9900     0.0      0.0000       3.9900 0.0000 SNPS_CLOCK_GATE_HIGH_tinytpu_isa_gmem2_m_axi_CONSERVATIVE1_NUM_READ_OUTSTANDING16_NUM_WRITE_OUTSTANDING16_MAX_READ_BURST_LENGTH16_MAX_WRITE_BURST_LENGTH16_C_M_AXI_ID_WIDTH1_C_M_AXI_ADDR_WIDTH64_C_M_AXI_DATA_WIDTH64_C_M_AXI_AWUSER_WIDTH1_C_M_AXI_ARUSER_WIDTH1_C_M_AXI_WUSER_WIDTH1_C_M_AXI_RUSER_WIDTH1_C_M_AXI_BUSER_WIDTH1_C_USER_VALUE0_C_PROT_VALUE0_C_CACHE_VALUE3_USER_DW64_USER_AW64_USER_MAXREQS7_USER_RFIFONUM_WIDTH9_82
gmem2_m_axi_U/clk_gate_load_unit_buff_rdata_genblk1_U_fifo_mem_mem_reg_39_       3.9900     0.0      0.0000       3.9900 0.0000 SNPS_CLOCK_GATE_HIGH_tinytpu_isa_gmem2_m_axi_CONSERVATIVE1_NUM_READ_OUTSTANDING16_NUM_WRITE_OUTSTANDING16_MAX_READ_BURST_LENGTH16_MAX_WRITE_BURST_LENGTH16_C_M_AXI_ID_WIDTH1_C_M_AXI_ADDR_WIDTH64_C_M_AXI_DATA_WIDTH64_C_M_AXI_AWUSER_WIDTH1_C_M_AXI_ARUSER_WIDTH1_C_M_AXI_WUSER_WIDTH1_C_M_AXI_RUSER_WIDTH1_C_M_AXI_BUSER_WIDTH1_C_USER_VALUE0_C_PROT_VALUE0_C_CACHE_VALUE3_USER_DW64_USER_AW64_USER_MAXREQS7_USER_RFIFONUM_WIDTH9_83
gmem2_m_axi_U/clk_gate_load_unit_buff_rdata_genblk1_U_fifo_mem_mem_reg_3_       3.9900     0.0      0.0000       3.9900 0.0000 SNPS_CLOCK_GATE_HIGH_tinytpu_isa_gmem2_m_axi_CONSERVATIVE1_NUM_READ_OUTSTANDING16_NUM_WRITE_OUTSTANDING16_MAX_READ_BURST_LENGTH16_MAX_WRITE_BURST_LENGTH16_C_M_AXI_ID_WIDTH1_C_M_AXI_ADDR_WIDTH64_C_M_AXI_DATA_WIDTH64_C_M_AXI_AWUSER_WIDTH1_C_M_AXI_ARUSER_WIDTH1_C_M_AXI_WUSER_WIDTH1_C_M_AXI_RUSER_WIDTH1_C_M_AXI_BUSER_WIDTH1_C_USER_VALUE0_C_PROT_VALUE0_C_CACHE_VALUE3_USER_DW64_USER_AW64_USER_MAXREQS7_USER_RFIFONUM_WIDTH9_47
gmem2_m_axi_U/clk_gate_load_unit_buff_rdata_genblk1_U_fifo_mem_mem_reg_40_       3.9900     0.0      0.0000       3.9900 0.0000 SNPS_CLOCK_GATE_HIGH_tinytpu_isa_gmem2_m_axi_CONSERVATIVE1_NUM_READ_OUTSTANDING16_NUM_WRITE_OUTSTANDING16_MAX_READ_BURST_LENGTH16_MAX_WRITE_BURST_LENGTH16_C_M_AXI_ID_WIDTH1_C_M_AXI_ADDR_WIDTH64_C_M_AXI_DATA_WIDTH64_C_M_AXI_AWUSER_WIDTH1_C_M_AXI_ARUSER_WIDTH1_C_M_AXI_WUSER_WIDTH1_C_M_AXI_RUSER_WIDTH1_C_M_AXI_BUSER_WIDTH1_C_USER_VALUE0_C_PROT_VALUE0_C_CACHE_VALUE3_USER_DW64_USER_AW64_USER_MAXREQS7_USER_RFIFONUM_WIDTH9_84
gmem2_m_axi_U/clk_gate_load_unit_buff_rdata_genblk1_U_fifo_mem_mem_reg_41_       3.9900     0.0      0.0000       3.9900 0.0000 SNPS_CLOCK_GATE_HIGH_tinytpu_isa_gmem2_m_axi_CONSERVATIVE1_NUM_READ_OUTSTANDING16_NUM_WRITE_OUTSTANDING16_MAX_READ_BURST_LENGTH16_MAX_WRITE_BURST_LENGTH16_C_M_AXI_ID_WIDTH1_C_M_AXI_ADDR_WIDTH64_C_M_AXI_DATA_WIDTH64_C_M_AXI_AWUSER_WIDTH1_C_M_AXI_ARUSER_WIDTH1_C_M_AXI_WUSER_WIDTH1_C_M_AXI_RUSER_WIDTH1_C_M_AXI_BUSER_WIDTH1_C_USER_VALUE0_C_PROT_VALUE0_C_CACHE_VALUE3_USER_DW64_USER_AW64_USER_MAXREQS7_USER_RFIFONUM_WIDTH9_85
gmem2_m_axi_U/clk_gate_load_unit_buff_rdata_genblk1_U_fifo_mem_mem_reg_42_       3.9900     0.0      0.0000       3.9900 0.0000 SNPS_CLOCK_GATE_HIGH_tinytpu_isa_gmem2_m_axi_CONSERVATIVE1_NUM_READ_OUTSTANDING16_NUM_WRITE_OUTSTANDING16_MAX_READ_BURST_LENGTH16_MAX_WRITE_BURST_LENGTH16_C_M_AXI_ID_WIDTH1_C_M_AXI_ADDR_WIDTH64_C_M_AXI_DATA_WIDTH64_C_M_AXI_AWUSER_WIDTH1_C_M_AXI_ARUSER_WIDTH1_C_M_AXI_WUSER_WIDTH1_C_M_AXI_RUSER_WIDTH1_C_M_AXI_BUSER_WIDTH1_C_USER_VALUE0_C_PROT_VALUE0_C_CACHE_VALUE3_USER_DW64_USER_AW64_USER_MAXREQS7_USER_RFIFONUM_WIDTH9_86
gmem2_m_axi_U/clk_gate_load_unit_buff_rdata_genblk1_U_fifo_mem_mem_reg_43_       3.9900     0.0      0.0000       3.9900 0.0000 SNPS_CLOCK_GATE_HIGH_tinytpu_isa_gmem2_m_axi_CONSERVATIVE1_NUM_READ_OUTSTANDING16_NUM_WRITE_OUTSTANDING16_MAX_READ_BURST_LENGTH16_MAX_WRITE_BURST_LENGTH16_C_M_AXI_ID_WIDTH1_C_M_AXI_ADDR_WIDTH64_C_M_AXI_DATA_WIDTH64_C_M_AXI_AWUSER_WIDTH1_C_M_AXI_ARUSER_WIDTH1_C_M_AXI_WUSER_WIDTH1_C_M_AXI_RUSER_WIDTH1_C_M_AXI_BUSER_WIDTH1_C_USER_VALUE0_C_PROT_VALUE0_C_CACHE_VALUE3_USER_DW64_USER_AW64_USER_MAXREQS7_USER_RFIFONUM_WIDTH9_87
gmem2_m_axi_U/clk_gate_load_unit_buff_rdata_genblk1_U_fifo_mem_mem_reg_44_       3.9900     0.0      0.0000       3.9900 0.0000 SNPS_CLOCK_GATE_HIGH_tinytpu_isa_gmem2_m_axi_CONSERVATIVE1_NUM_READ_OUTSTANDING16_NUM_WRITE_OUTSTANDING16_MAX_READ_BURST_LENGTH16_MAX_WRITE_BURST_LENGTH16_C_M_AXI_ID_WIDTH1_C_M_AXI_ADDR_WIDTH64_C_M_AXI_DATA_WIDTH64_C_M_AXI_AWUSER_WIDTH1_C_M_AXI_ARUSER_WIDTH1_C_M_AXI_WUSER_WIDTH1_C_M_AXI_RUSER_WIDTH1_C_M_AXI_BUSER_WIDTH1_C_USER_VALUE0_C_PROT_VALUE0_C_CACHE_VALUE3_USER_DW64_USER_AW64_USER_MAXREQS7_USER_RFIFONUM_WIDTH9_88
gmem2_m_axi_U/clk_gate_load_unit_buff_rdata_genblk1_U_fifo_mem_mem_reg_45_       3.9900     0.0      0.0000       3.9900 0.0000 SNPS_CLOCK_GATE_HIGH_tinytpu_isa_gmem2_m_axi_CONSERVATIVE1_NUM_READ_OUTSTANDING16_NUM_WRITE_OUTSTANDING16_MAX_READ_BURST_LENGTH16_MAX_WRITE_BURST_LENGTH16_C_M_AXI_ID_WIDTH1_C_M_AXI_ADDR_WIDTH64_C_M_AXI_DATA_WIDTH64_C_M_AXI_AWUSER_WIDTH1_C_M_AXI_ARUSER_WIDTH1_C_M_AXI_WUSER_WIDTH1_C_M_AXI_RUSER_WIDTH1_C_M_AXI_BUSER_WIDTH1_C_USER_VALUE0_C_PROT_VALUE0_C_CACHE_VALUE3_USER_DW64_USER_AW64_USER_MAXREQS7_USER_RFIFONUM_WIDTH9_89
gmem2_m_axi_U/clk_gate_load_unit_buff_rdata_genblk1_U_fifo_mem_mem_reg_46_       3.9900     0.0      0.0000       3.9900 0.0000 SNPS_CLOCK_GATE_HIGH_tinytpu_isa_gmem2_m_axi_CONSERVATIVE1_NUM_READ_OUTSTANDING16_NUM_WRITE_OUTSTANDING16_MAX_READ_BURST_LENGTH16_MAX_WRITE_BURST_LENGTH16_C_M_AXI_ID_WIDTH1_C_M_AXI_ADDR_WIDTH64_C_M_AXI_DATA_WIDTH64_C_M_AXI_AWUSER_WIDTH1_C_M_AXI_ARUSER_WIDTH1_C_M_AXI_WUSER_WIDTH1_C_M_AXI_RUSER_WIDTH1_C_M_AXI_BUSER_WIDTH1_C_USER_VALUE0_C_PROT_VALUE0_C_CACHE_VALUE3_USER_DW64_USER_AW64_USER_MAXREQS7_USER_RFIFONUM_WIDTH9_90
gmem2_m_axi_U/clk_gate_load_unit_buff_rdata_genblk1_U_fifo_mem_mem_reg_47_       3.9900     0.0      0.0000       3.9900 0.0000 SNPS_CLOCK_GATE_HIGH_tinytpu_isa_gmem2_m_axi_CONSERVATIVE1_NUM_READ_OUTSTANDING16_NUM_WRITE_OUTSTANDING16_MAX_READ_BURST_LENGTH16_MAX_WRITE_BURST_LENGTH16_C_M_AXI_ID_WIDTH1_C_M_AXI_ADDR_WIDTH64_C_M_AXI_DATA_WIDTH64_C_M_AXI_AWUSER_WIDTH1_C_M_AXI_ARUSER_WIDTH1_C_M_AXI_WUSER_WIDTH1_C_M_AXI_RUSER_WIDTH1_C_M_AXI_BUSER_WIDTH1_C_USER_VALUE0_C_PROT_VALUE0_C_CACHE_VALUE3_USER_DW64_USER_AW64_USER_MAXREQS7_USER_RFIFONUM_WIDTH9_91
gmem2_m_axi_U/clk_gate_load_unit_buff_rdata_genblk1_U_fifo_mem_mem_reg_48_       3.9900     0.0      0.0000       3.9900 0.0000 SNPS_CLOCK_GATE_HIGH_tinytpu_isa_gmem2_m_axi_CONSERVATIVE1_NUM_READ_OUTSTANDING16_NUM_WRITE_OUTSTANDING16_MAX_READ_BURST_LENGTH16_MAX_WRITE_BURST_LENGTH16_C_M_AXI_ID_WIDTH1_C_M_AXI_ADDR_WIDTH64_C_M_AXI_DATA_WIDTH64_C_M_AXI_AWUSER_WIDTH1_C_M_AXI_ARUSER_WIDTH1_C_M_AXI_WUSER_WIDTH1_C_M_AXI_RUSER_WIDTH1_C_M_AXI_BUSER_WIDTH1_C_USER_VALUE0_C_PROT_VALUE0_C_CACHE_VALUE3_USER_DW64_USER_AW64_USER_MAXREQS7_USER_RFIFONUM_WIDTH9_92
gmem2_m_axi_U/clk_gate_load_unit_buff_rdata_genblk1_U_fifo_mem_mem_reg_49_       3.9900     0.0      0.0000       3.9900 0.0000 SNPS_CLOCK_GATE_HIGH_tinytpu_isa_gmem2_m_axi_CONSERVATIVE1_NUM_READ_OUTSTANDING16_NUM_WRITE_OUTSTANDING16_MAX_READ_BURST_LENGTH16_MAX_WRITE_BURST_LENGTH16_C_M_AXI_ID_WIDTH1_C_M_AXI_ADDR_WIDTH64_C_M_AXI_DATA_WIDTH64_C_M_AXI_AWUSER_WIDTH1_C_M_AXI_ARUSER_WIDTH1_C_M_AXI_WUSER_WIDTH1_C_M_AXI_RUSER_WIDTH1_C_M_AXI_BUSER_WIDTH1_C_USER_VALUE0_C_PROT_VALUE0_C_CACHE_VALUE3_USER_DW64_USER_AW64_USER_MAXREQS7_USER_RFIFONUM_WIDTH9_93
gmem2_m_axi_U/clk_gate_load_unit_buff_rdata_genblk1_U_fifo_mem_mem_reg_4_       3.9900     0.0      0.0000       3.9900 0.0000 SNPS_CLOCK_GATE_HIGH_tinytpu_isa_gmem2_m_axi_CONSERVATIVE1_NUM_READ_OUTSTANDING16_NUM_WRITE_OUTSTANDING16_MAX_READ_BURST_LENGTH16_MAX_WRITE_BURST_LENGTH16_C_M_AXI_ID_WIDTH1_C_M_AXI_ADDR_WIDTH64_C_M_AXI_DATA_WIDTH64_C_M_AXI_AWUSER_WIDTH1_C_M_AXI_ARUSER_WIDTH1_C_M_AXI_WUSER_WIDTH1_C_M_AXI_RUSER_WIDTH1_C_M_AXI_BUSER_WIDTH1_C_USER_VALUE0_C_PROT_VALUE0_C_CACHE_VALUE3_USER_DW64_USER_AW64_USER_MAXREQS7_USER_RFIFONUM_WIDTH9_48
gmem2_m_axi_U/clk_gate_load_unit_buff_rdata_genblk1_U_fifo_mem_mem_reg_50_       3.9900     0.0      0.0000       3.9900 0.0000 SNPS_CLOCK_GATE_HIGH_tinytpu_isa_gmem2_m_axi_CONSERVATIVE1_NUM_READ_OUTSTANDING16_NUM_WRITE_OUTSTANDING16_MAX_READ_BURST_LENGTH16_MAX_WRITE_BURST_LENGTH16_C_M_AXI_ID_WIDTH1_C_M_AXI_ADDR_WIDTH64_C_M_AXI_DATA_WIDTH64_C_M_AXI_AWUSER_WIDTH1_C_M_AXI_ARUSER_WIDTH1_C_M_AXI_WUSER_WIDTH1_C_M_AXI_RUSER_WIDTH1_C_M_AXI_BUSER_WIDTH1_C_USER_VALUE0_C_PROT_VALUE0_C_CACHE_VALUE3_USER_DW64_USER_AW64_USER_MAXREQS7_USER_RFIFONUM_WIDTH9_94
gmem2_m_axi_U/clk_gate_load_unit_buff_rdata_genblk1_U_fifo_mem_mem_reg_51_       3.9900     0.0      0.0000       3.9900 0.0000 SNPS_CLOCK_GATE_HIGH_tinytpu_isa_gmem2_m_axi_CONSERVATIVE1_NUM_READ_OUTSTANDING16_NUM_WRITE_OUTSTANDING16_MAX_READ_BURST_LENGTH16_MAX_WRITE_BURST_LENGTH16_C_M_AXI_ID_WIDTH1_C_M_AXI_ADDR_WIDTH64_C_M_AXI_DATA_WIDTH64_C_M_AXI_AWUSER_WIDTH1_C_M_AXI_ARUSER_WIDTH1_C_M_AXI_WUSER_WIDTH1_C_M_AXI_RUSER_WIDTH1_C_M_AXI_BUSER_WIDTH1_C_USER_VALUE0_C_PROT_VALUE0_C_CACHE_VALUE3_USER_DW64_USER_AW64_USER_MAXREQS7_USER_RFIFONUM_WIDTH9_95
gmem2_m_axi_U/clk_gate_load_unit_buff_rdata_genblk1_U_fifo_mem_mem_reg_52_       3.9900     0.0      0.0000       3.9900 0.0000 SNPS_CLOCK_GATE_HIGH_tinytpu_isa_gmem2_m_axi_CONSERVATIVE1_NUM_READ_OUTSTANDING16_NUM_WRITE_OUTSTANDING16_MAX_READ_BURST_LENGTH16_MAX_WRITE_BURST_LENGTH16_C_M_AXI_ID_WIDTH1_C_M_AXI_ADDR_WIDTH64_C_M_AXI_DATA_WIDTH64_C_M_AXI_AWUSER_WIDTH1_C_M_AXI_ARUSER_WIDTH1_C_M_AXI_WUSER_WIDTH1_C_M_AXI_RUSER_WIDTH1_C_M_AXI_BUSER_WIDTH1_C_USER_VALUE0_C_PROT_VALUE0_C_CACHE_VALUE3_USER_DW64_USER_AW64_USER_MAXREQS7_USER_RFIFONUM_WIDTH9_96
gmem2_m_axi_U/clk_gate_load_unit_buff_rdata_genblk1_U_fifo_mem_mem_reg_53_       3.9900     0.0      0.0000       3.9900 0.0000 SNPS_CLOCK_GATE_HIGH_tinytpu_isa_gmem2_m_axi_CONSERVATIVE1_NUM_READ_OUTSTANDING16_NUM_WRITE_OUTSTANDING16_MAX_READ_BURST_LENGTH16_MAX_WRITE_BURST_LENGTH16_C_M_AXI_ID_WIDTH1_C_M_AXI_ADDR_WIDTH64_C_M_AXI_DATA_WIDTH64_C_M_AXI_AWUSER_WIDTH1_C_M_AXI_ARUSER_WIDTH1_C_M_AXI_WUSER_WIDTH1_C_M_AXI_RUSER_WIDTH1_C_M_AXI_BUSER_WIDTH1_C_USER_VALUE0_C_PROT_VALUE0_C_CACHE_VALUE3_USER_DW64_USER_AW64_USER_MAXREQS7_USER_RFIFONUM_WIDTH9_97
gmem2_m_axi_U/clk_gate_load_unit_buff_rdata_genblk1_U_fifo_mem_mem_reg_54_       3.9900     0.0      0.0000       3.9900 0.0000 SNPS_CLOCK_GATE_HIGH_tinytpu_isa_gmem2_m_axi_CONSERVATIVE1_NUM_READ_OUTSTANDING16_NUM_WRITE_OUTSTANDING16_MAX_READ_BURST_LENGTH16_MAX_WRITE_BURST_LENGTH16_C_M_AXI_ID_WIDTH1_C_M_AXI_ADDR_WIDTH64_C_M_AXI_DATA_WIDTH64_C_M_AXI_AWUSER_WIDTH1_C_M_AXI_ARUSER_WIDTH1_C_M_AXI_WUSER_WIDTH1_C_M_AXI_RUSER_WIDTH1_C_M_AXI_BUSER_WIDTH1_C_USER_VALUE0_C_PROT_VALUE0_C_CACHE_VALUE3_USER_DW64_USER_AW64_USER_MAXREQS7_USER_RFIFONUM_WIDTH9_98
gmem2_m_axi_U/clk_gate_load_unit_buff_rdata_genblk1_U_fifo_mem_mem_reg_55_       3.9900     0.0      0.0000       3.9900 0.0000 SNPS_CLOCK_GATE_HIGH_tinytpu_isa_gmem2_m_axi_CONSERVATIVE1_NUM_READ_OUTSTANDING16_NUM_WRITE_OUTSTANDING16_MAX_READ_BURST_LENGTH16_MAX_WRITE_BURST_LENGTH16_C_M_AXI_ID_WIDTH1_C_M_AXI_ADDR_WIDTH64_C_M_AXI_DATA_WIDTH64_C_M_AXI_AWUSER_WIDTH1_C_M_AXI_ARUSER_WIDTH1_C_M_AXI_WUSER_WIDTH1_C_M_AXI_RUSER_WIDTH1_C_M_AXI_BUSER_WIDTH1_C_USER_VALUE0_C_PROT_VALUE0_C_CACHE_VALUE3_USER_DW64_USER_AW64_USER_MAXREQS7_USER_RFIFONUM_WIDTH9_99
gmem2_m_axi_U/clk_gate_load_unit_buff_rdata_genblk1_U_fifo_mem_mem_reg_56_       3.9900     0.0      0.0000       3.9900 0.0000 SNPS_CLOCK_GATE_HIGH_tinytpu_isa_gmem2_m_axi_CONSERVATIVE1_NUM_READ_OUTSTANDING16_NUM_WRITE_OUTSTANDING16_MAX_READ_BURST_LENGTH16_MAX_WRITE_BURST_LENGTH16_C_M_AXI_ID_WIDTH1_C_M_AXI_ADDR_WIDTH64_C_M_AXI_DATA_WIDTH64_C_M_AXI_AWUSER_WIDTH1_C_M_AXI_ARUSER_WIDTH1_C_M_AXI_WUSER_WIDTH1_C_M_AXI_RUSER_WIDTH1_C_M_AXI_BUSER_WIDTH1_C_USER_VALUE0_C_PROT_VALUE0_C_CACHE_VALUE3_USER_DW64_USER_AW64_USER_MAXREQS7_USER_RFIFONUM_WIDTH9_100
gmem2_m_axi_U/clk_gate_load_unit_buff_rdata_genblk1_U_fifo_mem_mem_reg_57_       3.9900     0.0      0.0000       3.9900 0.0000 SNPS_CLOCK_GATE_HIGH_tinytpu_isa_gmem2_m_axi_CONSERVATIVE1_NUM_READ_OUTSTANDING16_NUM_WRITE_OUTSTANDING16_MAX_READ_BURST_LENGTH16_MAX_WRITE_BURST_LENGTH16_C_M_AXI_ID_WIDTH1_C_M_AXI_ADDR_WIDTH64_C_M_AXI_DATA_WIDTH64_C_M_AXI_AWUSER_WIDTH1_C_M_AXI_ARUSER_WIDTH1_C_M_AXI_WUSER_WIDTH1_C_M_AXI_RUSER_WIDTH1_C_M_AXI_BUSER_WIDTH1_C_USER_VALUE0_C_PROT_VALUE0_C_CACHE_VALUE3_USER_DW64_USER_AW64_USER_MAXREQS7_USER_RFIFONUM_WIDTH9_101
gmem2_m_axi_U/clk_gate_load_unit_buff_rdata_genblk1_U_fifo_mem_mem_reg_58_       3.9900     0.0      0.0000       3.9900 0.0000 SNPS_CLOCK_GATE_HIGH_tinytpu_isa_gmem2_m_axi_CONSERVATIVE1_NUM_READ_OUTSTANDING16_NUM_WRITE_OUTSTANDING16_MAX_READ_BURST_LENGTH16_MAX_WRITE_BURST_LENGTH16_C_M_AXI_ID_WIDTH1_C_M_AXI_ADDR_WIDTH64_C_M_AXI_DATA_WIDTH64_C_M_AXI_AWUSER_WIDTH1_C_M_AXI_ARUSER_WIDTH1_C_M_AXI_WUSER_WIDTH1_C_M_AXI_RUSER_WIDTH1_C_M_AXI_BUSER_WIDTH1_C_USER_VALUE0_C_PROT_VALUE0_C_CACHE_VALUE3_USER_DW64_USER_AW64_USER_MAXREQS7_USER_RFIFONUM_WIDTH9_102
gmem2_m_axi_U/clk_gate_load_unit_buff_rdata_genblk1_U_fifo_mem_mem_reg_59_       3.9900     0.0      0.0000       3.9900 0.0000 SNPS_CLOCK_GATE_HIGH_tinytpu_isa_gmem2_m_axi_CONSERVATIVE1_NUM_READ_OUTSTANDING16_NUM_WRITE_OUTSTANDING16_MAX_READ_BURST_LENGTH16_MAX_WRITE_BURST_LENGTH16_C_M_AXI_ID_WIDTH1_C_M_AXI_ADDR_WIDTH64_C_M_AXI_DATA_WIDTH64_C_M_AXI_AWUSER_WIDTH1_C_M_AXI_ARUSER_WIDTH1_C_M_AXI_WUSER_WIDTH1_C_M_AXI_RUSER_WIDTH1_C_M_AXI_BUSER_WIDTH1_C_USER_VALUE0_C_PROT_VALUE0_C_CACHE_VALUE3_USER_DW64_USER_AW64_USER_MAXREQS7_USER_RFIFONUM_WIDTH9_103
gmem2_m_axi_U/clk_gate_load_unit_buff_rdata_genblk1_U_fifo_mem_mem_reg_5_       3.9900     0.0      0.0000       3.9900 0.0000 SNPS_CLOCK_GATE_HIGH_tinytpu_isa_gmem2_m_axi_CONSERVATIVE1_NUM_READ_OUTSTANDING16_NUM_WRITE_OUTSTANDING16_MAX_READ_BURST_LENGTH16_MAX_WRITE_BURST_LENGTH16_C_M_AXI_ID_WIDTH1_C_M_AXI_ADDR_WIDTH64_C_M_AXI_DATA_WIDTH64_C_M_AXI_AWUSER_WIDTH1_C_M_AXI_ARUSER_WIDTH1_C_M_AXI_WUSER_WIDTH1_C_M_AXI_RUSER_WIDTH1_C_M_AXI_BUSER_WIDTH1_C_USER_VALUE0_C_PROT_VALUE0_C_CACHE_VALUE3_USER_DW64_USER_AW64_USER_MAXREQS7_USER_RFIFONUM_WIDTH9_49
gmem2_m_axi_U/clk_gate_load_unit_buff_rdata_genblk1_U_fifo_mem_mem_reg_60_       3.9900     0.0      0.0000       3.9900 0.0000 SNPS_CLOCK_GATE_HIGH_tinytpu_isa_gmem2_m_axi_CONSERVATIVE1_NUM_READ_OUTSTANDING16_NUM_WRITE_OUTSTANDING16_MAX_READ_BURST_LENGTH16_MAX_WRITE_BURST_LENGTH16_C_M_AXI_ID_WIDTH1_C_M_AXI_ADDR_WIDTH64_C_M_AXI_DATA_WIDTH64_C_M_AXI_AWUSER_WIDTH1_C_M_AXI_ARUSER_WIDTH1_C_M_AXI_WUSER_WIDTH1_C_M_AXI_RUSER_WIDTH1_C_M_AXI_BUSER_WIDTH1_C_USER_VALUE0_C_PROT_VALUE0_C_CACHE_VALUE3_USER_DW64_USER_AW64_USER_MAXREQS7_USER_RFIFONUM_WIDTH9_104
gmem2_m_axi_U/clk_gate_load_unit_buff_rdata_genblk1_U_fifo_mem_mem_reg_61_       3.9900     0.0      0.0000       3.9900 0.0000 SNPS_CLOCK_GATE_HIGH_tinytpu_isa_gmem2_m_axi_CONSERVATIVE1_NUM_READ_OUTSTANDING16_NUM_WRITE_OUTSTANDING16_MAX_READ_BURST_LENGTH16_MAX_WRITE_BURST_LENGTH16_C_M_AXI_ID_WIDTH1_C_M_AXI_ADDR_WIDTH64_C_M_AXI_DATA_WIDTH64_C_M_AXI_AWUSER_WIDTH1_C_M_AXI_ARUSER_WIDTH1_C_M_AXI_WUSER_WIDTH1_C_M_AXI_RUSER_WIDTH1_C_M_AXI_BUSER_WIDTH1_C_USER_VALUE0_C_PROT_VALUE0_C_CACHE_VALUE3_USER_DW64_USER_AW64_USER_MAXREQS7_USER_RFIFONUM_WIDTH9_105
gmem2_m_axi_U/clk_gate_load_unit_buff_rdata_genblk1_U_fifo_mem_mem_reg_62_       3.9900     0.0      0.0000       3.9900 0.0000 SNPS_CLOCK_GATE_HIGH_tinytpu_isa_gmem2_m_axi_CONSERVATIVE1_NUM_READ_OUTSTANDING16_NUM_WRITE_OUTSTANDING16_MAX_READ_BURST_LENGTH16_MAX_WRITE_BURST_LENGTH16_C_M_AXI_ID_WIDTH1_C_M_AXI_ADDR_WIDTH64_C_M_AXI_DATA_WIDTH64_C_M_AXI_AWUSER_WIDTH1_C_M_AXI_ARUSER_WIDTH1_C_M_AXI_WUSER_WIDTH1_C_M_AXI_RUSER_WIDTH1_C_M_AXI_BUSER_WIDTH1_C_USER_VALUE0_C_PROT_VALUE0_C_CACHE_VALUE3_USER_DW64_USER_AW64_USER_MAXREQS7_USER_RFIFONUM_WIDTH9_106
gmem2_m_axi_U/clk_gate_load_unit_buff_rdata_genblk1_U_fifo_mem_mem_reg_63_       3.9900     0.0      0.0000       3.9900 0.0000 SNPS_CLOCK_GATE_HIGH_tinytpu_isa_gmem2_m_axi_CONSERVATIVE1_NUM_READ_OUTSTANDING16_NUM_WRITE_OUTSTANDING16_MAX_READ_BURST_LENGTH16_MAX_WRITE_BURST_LENGTH16_C_M_AXI_ID_WIDTH1_C_M_AXI_ADDR_WIDTH64_C_M_AXI_DATA_WIDTH64_C_M_AXI_AWUSER_WIDTH1_C_M_AXI_ARUSER_WIDTH1_C_M_AXI_WUSER_WIDTH1_C_M_AXI_RUSER_WIDTH1_C_M_AXI_BUSER_WIDTH1_C_USER_VALUE0_C_PROT_VALUE0_C_CACHE_VALUE3_USER_DW64_USER_AW64_USER_MAXREQS7_USER_RFIFONUM_WIDTH9_107
gmem2_m_axi_U/clk_gate_load_unit_buff_rdata_genblk1_U_fifo_mem_mem_reg_64_       3.9900     0.0      0.0000       3.9900 0.0000 SNPS_CLOCK_GATE_HIGH_tinytpu_isa_gmem2_m_axi_CONSERVATIVE1_NUM_READ_OUTSTANDING16_NUM_WRITE_OUTSTANDING16_MAX_READ_BURST_LENGTH16_MAX_WRITE_BURST_LENGTH16_C_M_AXI_ID_WIDTH1_C_M_AXI_ADDR_WIDTH64_C_M_AXI_DATA_WIDTH64_C_M_AXI_AWUSER_WIDTH1_C_M_AXI_ARUSER_WIDTH1_C_M_AXI_WUSER_WIDTH1_C_M_AXI_RUSER_WIDTH1_C_M_AXI_BUSER_WIDTH1_C_USER_VALUE0_C_PROT_VALUE0_C_CACHE_VALUE3_USER_DW64_USER_AW64_USER_MAXREQS7_USER_RFIFONUM_WIDTH9_108
gmem2_m_axi_U/clk_gate_load_unit_buff_rdata_genblk1_U_fifo_mem_mem_reg_65_       3.9900     0.0      0.0000       3.9900 0.0000 SNPS_CLOCK_GATE_HIGH_tinytpu_isa_gmem2_m_axi_CONSERVATIVE1_NUM_READ_OUTSTANDING16_NUM_WRITE_OUTSTANDING16_MAX_READ_BURST_LENGTH16_MAX_WRITE_BURST_LENGTH16_C_M_AXI_ID_WIDTH1_C_M_AXI_ADDR_WIDTH64_C_M_AXI_DATA_WIDTH64_C_M_AXI_AWUSER_WIDTH1_C_M_AXI_ARUSER_WIDTH1_C_M_AXI_WUSER_WIDTH1_C_M_AXI_RUSER_WIDTH1_C_M_AXI_BUSER_WIDTH1_C_USER_VALUE0_C_PROT_VALUE0_C_CACHE_VALUE3_USER_DW64_USER_AW64_USER_MAXREQS7_USER_RFIFONUM_WIDTH9_109
gmem2_m_axi_U/clk_gate_load_unit_buff_rdata_genblk1_U_fifo_mem_mem_reg_66_       3.9900     0.0      0.0000       3.9900 0.0000 SNPS_CLOCK_GATE_HIGH_tinytpu_isa_gmem2_m_axi_CONSERVATIVE1_NUM_READ_OUTSTANDING16_NUM_WRITE_OUTSTANDING16_MAX_READ_BURST_LENGTH16_MAX_WRITE_BURST_LENGTH16_C_M_AXI_ID_WIDTH1_C_M_AXI_ADDR_WIDTH64_C_M_AXI_DATA_WIDTH64_C_M_AXI_AWUSER_WIDTH1_C_M_AXI_ARUSER_WIDTH1_C_M_AXI_WUSER_WIDTH1_C_M_AXI_RUSER_WIDTH1_C_M_AXI_BUSER_WIDTH1_C_USER_VALUE0_C_PROT_VALUE0_C_CACHE_VALUE3_USER_DW64_USER_AW64_USER_MAXREQS7_USER_RFIFONUM_WIDTH9_110
gmem2_m_axi_U/clk_gate_load_unit_buff_rdata_genblk1_U_fifo_mem_mem_reg_67_       3.9900     0.0      0.0000       3.9900 0.0000 SNPS_CLOCK_GATE_HIGH_tinytpu_isa_gmem2_m_axi_CONSERVATIVE1_NUM_READ_OUTSTANDING16_NUM_WRITE_OUTSTANDING16_MAX_READ_BURST_LENGTH16_MAX_WRITE_BURST_LENGTH16_C_M_AXI_ID_WIDTH1_C_M_AXI_ADDR_WIDTH64_C_M_AXI_DATA_WIDTH64_C_M_AXI_AWUSER_WIDTH1_C_M_AXI_ARUSER_WIDTH1_C_M_AXI_WUSER_WIDTH1_C_M_AXI_RUSER_WIDTH1_C_M_AXI_BUSER_WIDTH1_C_USER_VALUE0_C_PROT_VALUE0_C_CACHE_VALUE3_USER_DW64_USER_AW64_USER_MAXREQS7_USER_RFIFONUM_WIDTH9_111
gmem2_m_axi_U/clk_gate_load_unit_buff_rdata_genblk1_U_fifo_mem_mem_reg_68_       3.9900     0.0      0.0000       3.9900 0.0000 SNPS_CLOCK_GATE_HIGH_tinytpu_isa_gmem2_m_axi_CONSERVATIVE1_NUM_READ_OUTSTANDING16_NUM_WRITE_OUTSTANDING16_MAX_READ_BURST_LENGTH16_MAX_WRITE_BURST_LENGTH16_C_M_AXI_ID_WIDTH1_C_M_AXI_ADDR_WIDTH64_C_M_AXI_DATA_WIDTH64_C_M_AXI_AWUSER_WIDTH1_C_M_AXI_ARUSER_WIDTH1_C_M_AXI_WUSER_WIDTH1_C_M_AXI_RUSER_WIDTH1_C_M_AXI_BUSER_WIDTH1_C_USER_VALUE0_C_PROT_VALUE0_C_CACHE_VALUE3_USER_DW64_USER_AW64_USER_MAXREQS7_USER_RFIFONUM_WIDTH9_112
gmem2_m_axi_U/clk_gate_load_unit_buff_rdata_genblk1_U_fifo_mem_mem_reg_69_       3.9900     0.0      0.0000       3.9900 0.0000 SNPS_CLOCK_GATE_HIGH_tinytpu_isa_gmem2_m_axi_CONSERVATIVE1_NUM_READ_OUTSTANDING16_NUM_WRITE_OUTSTANDING16_MAX_READ_BURST_LENGTH16_MAX_WRITE_BURST_LENGTH16_C_M_AXI_ID_WIDTH1_C_M_AXI_ADDR_WIDTH64_C_M_AXI_DATA_WIDTH64_C_M_AXI_AWUSER_WIDTH1_C_M_AXI_ARUSER_WIDTH1_C_M_AXI_WUSER_WIDTH1_C_M_AXI_RUSER_WIDTH1_C_M_AXI_BUSER_WIDTH1_C_USER_VALUE0_C_PROT_VALUE0_C_CACHE_VALUE3_USER_DW64_USER_AW64_USER_MAXREQS7_USER_RFIFONUM_WIDTH9_113
gmem2_m_axi_U/clk_gate_load_unit_buff_rdata_genblk1_U_fifo_mem_mem_reg_6_       3.9900     0.0      0.0000       3.9900 0.0000 SNPS_CLOCK_GATE_HIGH_tinytpu_isa_gmem2_m_axi_CONSERVATIVE1_NUM_READ_OUTSTANDING16_NUM_WRITE_OUTSTANDING16_MAX_READ_BURST_LENGTH16_MAX_WRITE_BURST_LENGTH16_C_M_AXI_ID_WIDTH1_C_M_AXI_ADDR_WIDTH64_C_M_AXI_DATA_WIDTH64_C_M_AXI_AWUSER_WIDTH1_C_M_AXI_ARUSER_WIDTH1_C_M_AXI_WUSER_WIDTH1_C_M_AXI_RUSER_WIDTH1_C_M_AXI_BUSER_WIDTH1_C_USER_VALUE0_C_PROT_VALUE0_C_CACHE_VALUE3_USER_DW64_USER_AW64_USER_MAXREQS7_USER_RFIFONUM_WIDTH9_50
gmem2_m_axi_U/clk_gate_load_unit_buff_rdata_genblk1_U_fifo_mem_mem_reg_70_       3.9900     0.0      0.0000       3.9900 0.0000 SNPS_CLOCK_GATE_HIGH_tinytpu_isa_gmem2_m_axi_CONSERVATIVE1_NUM_READ_OUTSTANDING16_NUM_WRITE_OUTSTANDING16_MAX_READ_BURST_LENGTH16_MAX_WRITE_BURST_LENGTH16_C_M_AXI_ID_WIDTH1_C_M_AXI_ADDR_WIDTH64_C_M_AXI_DATA_WIDTH64_C_M_AXI_AWUSER_WIDTH1_C_M_AXI_ARUSER_WIDTH1_C_M_AXI_WUSER_WIDTH1_C_M_AXI_RUSER_WIDTH1_C_M_AXI_BUSER_WIDTH1_C_USER_VALUE0_C_PROT_VALUE0_C_CACHE_VALUE3_USER_DW64_USER_AW64_USER_MAXREQS7_USER_RFIFONUM_WIDTH9_114
gmem2_m_axi_U/clk_gate_load_unit_buff_rdata_genblk1_U_fifo_mem_mem_reg_71_       3.9900     0.0      0.0000       3.9900 0.0000 SNPS_CLOCK_GATE_HIGH_tinytpu_isa_gmem2_m_axi_CONSERVATIVE1_NUM_READ_OUTSTANDING16_NUM_WRITE_OUTSTANDING16_MAX_READ_BURST_LENGTH16_MAX_WRITE_BURST_LENGTH16_C_M_AXI_ID_WIDTH1_C_M_AXI_ADDR_WIDTH64_C_M_AXI_DATA_WIDTH64_C_M_AXI_AWUSER_WIDTH1_C_M_AXI_ARUSER_WIDTH1_C_M_AXI_WUSER_WIDTH1_C_M_AXI_RUSER_WIDTH1_C_M_AXI_BUSER_WIDTH1_C_USER_VALUE0_C_PROT_VALUE0_C_CACHE_VALUE3_USER_DW64_USER_AW64_USER_MAXREQS7_USER_RFIFONUM_WIDTH9_115
gmem2_m_axi_U/clk_gate_load_unit_buff_rdata_genblk1_U_fifo_mem_mem_reg_72_       3.9900     0.0      0.0000       3.9900 0.0000 SNPS_CLOCK_GATE_HIGH_tinytpu_isa_gmem2_m_axi_CONSERVATIVE1_NUM_READ_OUTSTANDING16_NUM_WRITE_OUTSTANDING16_MAX_READ_BURST_LENGTH16_MAX_WRITE_BURST_LENGTH16_C_M_AXI_ID_WIDTH1_C_M_AXI_ADDR_WIDTH64_C_M_AXI_DATA_WIDTH64_C_M_AXI_AWUSER_WIDTH1_C_M_AXI_ARUSER_WIDTH1_C_M_AXI_WUSER_WIDTH1_C_M_AXI_RUSER_WIDTH1_C_M_AXI_BUSER_WIDTH1_C_USER_VALUE0_C_PROT_VALUE0_C_CACHE_VALUE3_USER_DW64_USER_AW64_USER_MAXREQS7_USER_RFIFONUM_WIDTH9_116
gmem2_m_axi_U/clk_gate_load_unit_buff_rdata_genblk1_U_fifo_mem_mem_reg_73_       3.9900     0.0      0.0000       3.9900 0.0000 SNPS_CLOCK_GATE_HIGH_tinytpu_isa_gmem2_m_axi_CONSERVATIVE1_NUM_READ_OUTSTANDING16_NUM_WRITE_OUTSTANDING16_MAX_READ_BURST_LENGTH16_MAX_WRITE_BURST_LENGTH16_C_M_AXI_ID_WIDTH1_C_M_AXI_ADDR_WIDTH64_C_M_AXI_DATA_WIDTH64_C_M_AXI_AWUSER_WIDTH1_C_M_AXI_ARUSER_WIDTH1_C_M_AXI_WUSER_WIDTH1_C_M_AXI_RUSER_WIDTH1_C_M_AXI_BUSER_WIDTH1_C_USER_VALUE0_C_PROT_VALUE0_C_CACHE_VALUE3_USER_DW64_USER_AW64_USER_MAXREQS7_USER_RFIFONUM_WIDTH9_117
gmem2_m_axi_U/clk_gate_load_unit_buff_rdata_genblk1_U_fifo_mem_mem_reg_74_       3.9900     0.0      0.0000       3.9900 0.0000 SNPS_CLOCK_GATE_HIGH_tinytpu_isa_gmem2_m_axi_CONSERVATIVE1_NUM_READ_OUTSTANDING16_NUM_WRITE_OUTSTANDING16_MAX_READ_BURST_LENGTH16_MAX_WRITE_BURST_LENGTH16_C_M_AXI_ID_WIDTH1_C_M_AXI_ADDR_WIDTH64_C_M_AXI_DATA_WIDTH64_C_M_AXI_AWUSER_WIDTH1_C_M_AXI_ARUSER_WIDTH1_C_M_AXI_WUSER_WIDTH1_C_M_AXI_RUSER_WIDTH1_C_M_AXI_BUSER_WIDTH1_C_USER_VALUE0_C_PROT_VALUE0_C_CACHE_VALUE3_USER_DW64_USER_AW64_USER_MAXREQS7_USER_RFIFONUM_WIDTH9_118
gmem2_m_axi_U/clk_gate_load_unit_buff_rdata_genblk1_U_fifo_mem_mem_reg_75_       3.9900     0.0      0.0000       3.9900 0.0000 SNPS_CLOCK_GATE_HIGH_tinytpu_isa_gmem2_m_axi_CONSERVATIVE1_NUM_READ_OUTSTANDING16_NUM_WRITE_OUTSTANDING16_MAX_READ_BURST_LENGTH16_MAX_WRITE_BURST_LENGTH16_C_M_AXI_ID_WIDTH1_C_M_AXI_ADDR_WIDTH64_C_M_AXI_DATA_WIDTH64_C_M_AXI_AWUSER_WIDTH1_C_M_AXI_ARUSER_WIDTH1_C_M_AXI_WUSER_WIDTH1_C_M_AXI_RUSER_WIDTH1_C_M_AXI_BUSER_WIDTH1_C_USER_VALUE0_C_PROT_VALUE0_C_CACHE_VALUE3_USER_DW64_USER_AW64_USER_MAXREQS7_USER_RFIFONUM_WIDTH9_119
gmem2_m_axi_U/clk_gate_load_unit_buff_rdata_genblk1_U_fifo_mem_mem_reg_76_       3.9900     0.0      0.0000       3.9900 0.0000 SNPS_CLOCK_GATE_HIGH_tinytpu_isa_gmem2_m_axi_CONSERVATIVE1_NUM_READ_OUTSTANDING16_NUM_WRITE_OUTSTANDING16_MAX_READ_BURST_LENGTH16_MAX_WRITE_BURST_LENGTH16_C_M_AXI_ID_WIDTH1_C_M_AXI_ADDR_WIDTH64_C_M_AXI_DATA_WIDTH64_C_M_AXI_AWUSER_WIDTH1_C_M_AXI_ARUSER_WIDTH1_C_M_AXI_WUSER_WIDTH1_C_M_AXI_RUSER_WIDTH1_C_M_AXI_BUSER_WIDTH1_C_USER_VALUE0_C_PROT_VALUE0_C_CACHE_VALUE3_USER_DW64_USER_AW64_USER_MAXREQS7_USER_RFIFONUM_WIDTH9_120
gmem2_m_axi_U/clk_gate_load_unit_buff_rdata_genblk1_U_fifo_mem_mem_reg_77_       3.9900     0.0      0.0000       3.9900 0.0000 SNPS_CLOCK_GATE_HIGH_tinytpu_isa_gmem2_m_axi_CONSERVATIVE1_NUM_READ_OUTSTANDING16_NUM_WRITE_OUTSTANDING16_MAX_READ_BURST_LENGTH16_MAX_WRITE_BURST_LENGTH16_C_M_AXI_ID_WIDTH1_C_M_AXI_ADDR_WIDTH64_C_M_AXI_DATA_WIDTH64_C_M_AXI_AWUSER_WIDTH1_C_M_AXI_ARUSER_WIDTH1_C_M_AXI_WUSER_WIDTH1_C_M_AXI_RUSER_WIDTH1_C_M_AXI_BUSER_WIDTH1_C_USER_VALUE0_C_PROT_VALUE0_C_CACHE_VALUE3_USER_DW64_USER_AW64_USER_MAXREQS7_USER_RFIFONUM_WIDTH9_121
gmem2_m_axi_U/clk_gate_load_unit_buff_rdata_genblk1_U_fifo_mem_mem_reg_78_       3.9900     0.0      0.0000       3.9900 0.0000 SNPS_CLOCK_GATE_HIGH_tinytpu_isa_gmem2_m_axi_CONSERVATIVE1_NUM_READ_OUTSTANDING16_NUM_WRITE_OUTSTANDING16_MAX_READ_BURST_LENGTH16_MAX_WRITE_BURST_LENGTH16_C_M_AXI_ID_WIDTH1_C_M_AXI_ADDR_WIDTH64_C_M_AXI_DATA_WIDTH64_C_M_AXI_AWUSER_WIDTH1_C_M_AXI_ARUSER_WIDTH1_C_M_AXI_WUSER_WIDTH1_C_M_AXI_RUSER_WIDTH1_C_M_AXI_BUSER_WIDTH1_C_USER_VALUE0_C_PROT_VALUE0_C_CACHE_VALUE3_USER_DW64_USER_AW64_USER_MAXREQS7_USER_RFIFONUM_WIDTH9_122
gmem2_m_axi_U/clk_gate_load_unit_buff_rdata_genblk1_U_fifo_mem_mem_reg_79_       3.9900     0.0      0.0000       3.9900 0.0000 SNPS_CLOCK_GATE_HIGH_tinytpu_isa_gmem2_m_axi_CONSERVATIVE1_NUM_READ_OUTSTANDING16_NUM_WRITE_OUTSTANDING16_MAX_READ_BURST_LENGTH16_MAX_WRITE_BURST_LENGTH16_C_M_AXI_ID_WIDTH1_C_M_AXI_ADDR_WIDTH64_C_M_AXI_DATA_WIDTH64_C_M_AXI_AWUSER_WIDTH1_C_M_AXI_ARUSER_WIDTH1_C_M_AXI_WUSER_WIDTH1_C_M_AXI_RUSER_WIDTH1_C_M_AXI_BUSER_WIDTH1_C_USER_VALUE0_C_PROT_VALUE0_C_CACHE_VALUE3_USER_DW64_USER_AW64_USER_MAXREQS7_USER_RFIFONUM_WIDTH9_123
gmem2_m_axi_U/clk_gate_load_unit_buff_rdata_genblk1_U_fifo_mem_mem_reg_7_       3.9900     0.0      0.0000       3.9900 0.0000 SNPS_CLOCK_GATE_HIGH_tinytpu_isa_gmem2_m_axi_CONSERVATIVE1_NUM_READ_OUTSTANDING16_NUM_WRITE_OUTSTANDING16_MAX_READ_BURST_LENGTH16_MAX_WRITE_BURST_LENGTH16_C_M_AXI_ID_WIDTH1_C_M_AXI_ADDR_WIDTH64_C_M_AXI_DATA_WIDTH64_C_M_AXI_AWUSER_WIDTH1_C_M_AXI_ARUSER_WIDTH1_C_M_AXI_WUSER_WIDTH1_C_M_AXI_RUSER_WIDTH1_C_M_AXI_BUSER_WIDTH1_C_USER_VALUE0_C_PROT_VALUE0_C_CACHE_VALUE3_USER_DW64_USER_AW64_USER_MAXREQS7_USER_RFIFONUM_WIDTH9_51
gmem2_m_axi_U/clk_gate_load_unit_buff_rdata_genblk1_U_fifo_mem_mem_reg_80_       3.9900     0.0      0.0000       3.9900 0.0000 SNPS_CLOCK_GATE_HIGH_tinytpu_isa_gmem2_m_axi_CONSERVATIVE1_NUM_READ_OUTSTANDING16_NUM_WRITE_OUTSTANDING16_MAX_READ_BURST_LENGTH16_MAX_WRITE_BURST_LENGTH16_C_M_AXI_ID_WIDTH1_C_M_AXI_ADDR_WIDTH64_C_M_AXI_DATA_WIDTH64_C_M_AXI_AWUSER_WIDTH1_C_M_AXI_ARUSER_WIDTH1_C_M_AXI_WUSER_WIDTH1_C_M_AXI_RUSER_WIDTH1_C_M_AXI_BUSER_WIDTH1_C_USER_VALUE0_C_PROT_VALUE0_C_CACHE_VALUE3_USER_DW64_USER_AW64_USER_MAXREQS7_USER_RFIFONUM_WIDTH9_124
gmem2_m_axi_U/clk_gate_load_unit_buff_rdata_genblk1_U_fifo_mem_mem_reg_81_       3.9900     0.0      0.0000       3.9900 0.0000 SNPS_CLOCK_GATE_HIGH_tinytpu_isa_gmem2_m_axi_CONSERVATIVE1_NUM_READ_OUTSTANDING16_NUM_WRITE_OUTSTANDING16_MAX_READ_BURST_LENGTH16_MAX_WRITE_BURST_LENGTH16_C_M_AXI_ID_WIDTH1_C_M_AXI_ADDR_WIDTH64_C_M_AXI_DATA_WIDTH64_C_M_AXI_AWUSER_WIDTH1_C_M_AXI_ARUSER_WIDTH1_C_M_AXI_WUSER_WIDTH1_C_M_AXI_RUSER_WIDTH1_C_M_AXI_BUSER_WIDTH1_C_USER_VALUE0_C_PROT_VALUE0_C_CACHE_VALUE3_USER_DW64_USER_AW64_USER_MAXREQS7_USER_RFIFONUM_WIDTH9_125
gmem2_m_axi_U/clk_gate_load_unit_buff_rdata_genblk1_U_fifo_mem_mem_reg_82_       3.9900     0.0      0.0000       3.9900 0.0000 SNPS_CLOCK_GATE_HIGH_tinytpu_isa_gmem2_m_axi_CONSERVATIVE1_NUM_READ_OUTSTANDING16_NUM_WRITE_OUTSTANDING16_MAX_READ_BURST_LENGTH16_MAX_WRITE_BURST_LENGTH16_C_M_AXI_ID_WIDTH1_C_M_AXI_ADDR_WIDTH64_C_M_AXI_DATA_WIDTH64_C_M_AXI_AWUSER_WIDTH1_C_M_AXI_ARUSER_WIDTH1_C_M_AXI_WUSER_WIDTH1_C_M_AXI_RUSER_WIDTH1_C_M_AXI_BUSER_WIDTH1_C_USER_VALUE0_C_PROT_VALUE0_C_CACHE_VALUE3_USER_DW64_USER_AW64_USER_MAXREQS7_USER_RFIFONUM_WIDTH9_126
gmem2_m_axi_U/clk_gate_load_unit_buff_rdata_genblk1_U_fifo_mem_mem_reg_83_       3.9900     0.0      0.0000       3.9900 0.0000 SNPS_CLOCK_GATE_HIGH_tinytpu_isa_gmem2_m_axi_CONSERVATIVE1_NUM_READ_OUTSTANDING16_NUM_WRITE_OUTSTANDING16_MAX_READ_BURST_LENGTH16_MAX_WRITE_BURST_LENGTH16_C_M_AXI_ID_WIDTH1_C_M_AXI_ADDR_WIDTH64_C_M_AXI_DATA_WIDTH64_C_M_AXI_AWUSER_WIDTH1_C_M_AXI_ARUSER_WIDTH1_C_M_AXI_WUSER_WIDTH1_C_M_AXI_RUSER_WIDTH1_C_M_AXI_BUSER_WIDTH1_C_USER_VALUE0_C_PROT_VALUE0_C_CACHE_VALUE3_USER_DW64_USER_AW64_USER_MAXREQS7_USER_RFIFONUM_WIDTH9_127
gmem2_m_axi_U/clk_gate_load_unit_buff_rdata_genblk1_U_fifo_mem_mem_reg_84_       3.9900     0.0      0.0000       3.9900 0.0000 SNPS_CLOCK_GATE_HIGH_tinytpu_isa_gmem2_m_axi_CONSERVATIVE1_NUM_READ_OUTSTANDING16_NUM_WRITE_OUTSTANDING16_MAX_READ_BURST_LENGTH16_MAX_WRITE_BURST_LENGTH16_C_M_AXI_ID_WIDTH1_C_M_AXI_ADDR_WIDTH64_C_M_AXI_DATA_WIDTH64_C_M_AXI_AWUSER_WIDTH1_C_M_AXI_ARUSER_WIDTH1_C_M_AXI_WUSER_WIDTH1_C_M_AXI_RUSER_WIDTH1_C_M_AXI_BUSER_WIDTH1_C_USER_VALUE0_C_PROT_VALUE0_C_CACHE_VALUE3_USER_DW64_USER_AW64_USER_MAXREQS7_USER_RFIFONUM_WIDTH9_128
gmem2_m_axi_U/clk_gate_load_unit_buff_rdata_genblk1_U_fifo_mem_mem_reg_85_       3.9900     0.0      0.0000       3.9900 0.0000 SNPS_CLOCK_GATE_HIGH_tinytpu_isa_gmem2_m_axi_CONSERVATIVE1_NUM_READ_OUTSTANDING16_NUM_WRITE_OUTSTANDING16_MAX_READ_BURST_LENGTH16_MAX_WRITE_BURST_LENGTH16_C_M_AXI_ID_WIDTH1_C_M_AXI_ADDR_WIDTH64_C_M_AXI_DATA_WIDTH64_C_M_AXI_AWUSER_WIDTH1_C_M_AXI_ARUSER_WIDTH1_C_M_AXI_WUSER_WIDTH1_C_M_AXI_RUSER_WIDTH1_C_M_AXI_BUSER_WIDTH1_C_USER_VALUE0_C_PROT_VALUE0_C_CACHE_VALUE3_USER_DW64_USER_AW64_USER_MAXREQS7_USER_RFIFONUM_WIDTH9_129
gmem2_m_axi_U/clk_gate_load_unit_buff_rdata_genblk1_U_fifo_mem_mem_reg_86_       3.9900     0.0      0.0000       3.9900 0.0000 SNPS_CLOCK_GATE_HIGH_tinytpu_isa_gmem2_m_axi_CONSERVATIVE1_NUM_READ_OUTSTANDING16_NUM_WRITE_OUTSTANDING16_MAX_READ_BURST_LENGTH16_MAX_WRITE_BURST_LENGTH16_C_M_AXI_ID_WIDTH1_C_M_AXI_ADDR_WIDTH64_C_M_AXI_DATA_WIDTH64_C_M_AXI_AWUSER_WIDTH1_C_M_AXI_ARUSER_WIDTH1_C_M_AXI_WUSER_WIDTH1_C_M_AXI_RUSER_WIDTH1_C_M_AXI_BUSER_WIDTH1_C_USER_VALUE0_C_PROT_VALUE0_C_CACHE_VALUE3_USER_DW64_USER_AW64_USER_MAXREQS7_USER_RFIFONUM_WIDTH9_130
gmem2_m_axi_U/clk_gate_load_unit_buff_rdata_genblk1_U_fifo_mem_mem_reg_87_       3.9900     0.0      0.0000       3.9900 0.0000 SNPS_CLOCK_GATE_HIGH_tinytpu_isa_gmem2_m_axi_CONSERVATIVE1_NUM_READ_OUTSTANDING16_NUM_WRITE_OUTSTANDING16_MAX_READ_BURST_LENGTH16_MAX_WRITE_BURST_LENGTH16_C_M_AXI_ID_WIDTH1_C_M_AXI_ADDR_WIDTH64_C_M_AXI_DATA_WIDTH64_C_M_AXI_AWUSER_WIDTH1_C_M_AXI_ARUSER_WIDTH1_C_M_AXI_WUSER_WIDTH1_C_M_AXI_RUSER_WIDTH1_C_M_AXI_BUSER_WIDTH1_C_USER_VALUE0_C_PROT_VALUE0_C_CACHE_VALUE3_USER_DW64_USER_AW64_USER_MAXREQS7_USER_RFIFONUM_WIDTH9_131
gmem2_m_axi_U/clk_gate_load_unit_buff_rdata_genblk1_U_fifo_mem_mem_reg_88_       3.9900     0.0      0.0000       3.9900 0.0000 SNPS_CLOCK_GATE_HIGH_tinytpu_isa_gmem2_m_axi_CONSERVATIVE1_NUM_READ_OUTSTANDING16_NUM_WRITE_OUTSTANDING16_MAX_READ_BURST_LENGTH16_MAX_WRITE_BURST_LENGTH16_C_M_AXI_ID_WIDTH1_C_M_AXI_ADDR_WIDTH64_C_M_AXI_DATA_WIDTH64_C_M_AXI_AWUSER_WIDTH1_C_M_AXI_ARUSER_WIDTH1_C_M_AXI_WUSER_WIDTH1_C_M_AXI_RUSER_WIDTH1_C_M_AXI_BUSER_WIDTH1_C_USER_VALUE0_C_PROT_VALUE0_C_CACHE_VALUE3_USER_DW64_USER_AW64_USER_MAXREQS7_USER_RFIFONUM_WIDTH9_132
gmem2_m_axi_U/clk_gate_load_unit_buff_rdata_genblk1_U_fifo_mem_mem_reg_89_       3.9900     0.0      0.0000       3.9900 0.0000 SNPS_CLOCK_GATE_HIGH_tinytpu_isa_gmem2_m_axi_CONSERVATIVE1_NUM_READ_OUTSTANDING16_NUM_WRITE_OUTSTANDING16_MAX_READ_BURST_LENGTH16_MAX_WRITE_BURST_LENGTH16_C_M_AXI_ID_WIDTH1_C_M_AXI_ADDR_WIDTH64_C_M_AXI_DATA_WIDTH64_C_M_AXI_AWUSER_WIDTH1_C_M_AXI_ARUSER_WIDTH1_C_M_AXI_WUSER_WIDTH1_C_M_AXI_RUSER_WIDTH1_C_M_AXI_BUSER_WIDTH1_C_USER_VALUE0_C_PROT_VALUE0_C_CACHE_VALUE3_USER_DW64_USER_AW64_USER_MAXREQS7_USER_RFIFONUM_WIDTH9_133
gmem2_m_axi_U/clk_gate_load_unit_buff_rdata_genblk1_U_fifo_mem_mem_reg_8_       3.9900     0.0      0.0000       3.9900 0.0000 SNPS_CLOCK_GATE_HIGH_tinytpu_isa_gmem2_m_axi_CONSERVATIVE1_NUM_READ_OUTSTANDING16_NUM_WRITE_OUTSTANDING16_MAX_READ_BURST_LENGTH16_MAX_WRITE_BURST_LENGTH16_C_M_AXI_ID_WIDTH1_C_M_AXI_ADDR_WIDTH64_C_M_AXI_DATA_WIDTH64_C_M_AXI_AWUSER_WIDTH1_C_M_AXI_ARUSER_WIDTH1_C_M_AXI_WUSER_WIDTH1_C_M_AXI_RUSER_WIDTH1_C_M_AXI_BUSER_WIDTH1_C_USER_VALUE0_C_PROT_VALUE0_C_CACHE_VALUE3_USER_DW64_USER_AW64_USER_MAXREQS7_USER_RFIFONUM_WIDTH9_52
gmem2_m_axi_U/clk_gate_load_unit_buff_rdata_genblk1_U_fifo_mem_mem_reg_90_       3.9900     0.0      0.0000       3.9900 0.0000 SNPS_CLOCK_GATE_HIGH_tinytpu_isa_gmem2_m_axi_CONSERVATIVE1_NUM_READ_OUTSTANDING16_NUM_WRITE_OUTSTANDING16_MAX_READ_BURST_LENGTH16_MAX_WRITE_BURST_LENGTH16_C_M_AXI_ID_WIDTH1_C_M_AXI_ADDR_WIDTH64_C_M_AXI_DATA_WIDTH64_C_M_AXI_AWUSER_WIDTH1_C_M_AXI_ARUSER_WIDTH1_C_M_AXI_WUSER_WIDTH1_C_M_AXI_RUSER_WIDTH1_C_M_AXI_BUSER_WIDTH1_C_USER_VALUE0_C_PROT_VALUE0_C_CACHE_VALUE3_USER_DW64_USER_AW64_USER_MAXREQS7_USER_RFIFONUM_WIDTH9_134
gmem2_m_axi_U/clk_gate_load_unit_buff_rdata_genblk1_U_fifo_mem_mem_reg_91_       3.9900     0.0      0.0000       3.9900 0.0000 SNPS_CLOCK_GATE_HIGH_tinytpu_isa_gmem2_m_axi_CONSERVATIVE1_NUM_READ_OUTSTANDING16_NUM_WRITE_OUTSTANDING16_MAX_READ_BURST_LENGTH16_MAX_WRITE_BURST_LENGTH16_C_M_AXI_ID_WIDTH1_C_M_AXI_ADDR_WIDTH64_C_M_AXI_DATA_WIDTH64_C_M_AXI_AWUSER_WIDTH1_C_M_AXI_ARUSER_WIDTH1_C_M_AXI_WUSER_WIDTH1_C_M_AXI_RUSER_WIDTH1_C_M_AXI_BUSER_WIDTH1_C_USER_VALUE0_C_PROT_VALUE0_C_CACHE_VALUE3_USER_DW64_USER_AW64_USER_MAXREQS7_USER_RFIFONUM_WIDTH9_135
gmem2_m_axi_U/clk_gate_load_unit_buff_rdata_genblk1_U_fifo_mem_mem_reg_92_       3.9900     0.0      0.0000       3.9900 0.0000 SNPS_CLOCK_GATE_HIGH_tinytpu_isa_gmem2_m_axi_CONSERVATIVE1_NUM_READ_OUTSTANDING16_NUM_WRITE_OUTSTANDING16_MAX_READ_BURST_LENGTH16_MAX_WRITE_BURST_LENGTH16_C_M_AXI_ID_WIDTH1_C_M_AXI_ADDR_WIDTH64_C_M_AXI_DATA_WIDTH64_C_M_AXI_AWUSER_WIDTH1_C_M_AXI_ARUSER_WIDTH1_C_M_AXI_WUSER_WIDTH1_C_M_AXI_RUSER_WIDTH1_C_M_AXI_BUSER_WIDTH1_C_USER_VALUE0_C_PROT_VALUE0_C_CACHE_VALUE3_USER_DW64_USER_AW64_USER_MAXREQS7_USER_RFIFONUM_WIDTH9_136
gmem2_m_axi_U/clk_gate_load_unit_buff_rdata_genblk1_U_fifo_mem_mem_reg_93_       3.9900     0.0      0.0000       3.9900 0.0000 SNPS_CLOCK_GATE_HIGH_tinytpu_isa_gmem2_m_axi_CONSERVATIVE1_NUM_READ_OUTSTANDING16_NUM_WRITE_OUTSTANDING16_MAX_READ_BURST_LENGTH16_MAX_WRITE_BURST_LENGTH16_C_M_AXI_ID_WIDTH1_C_M_AXI_ADDR_WIDTH64_C_M_AXI_DATA_WIDTH64_C_M_AXI_AWUSER_WIDTH1_C_M_AXI_ARUSER_WIDTH1_C_M_AXI_WUSER_WIDTH1_C_M_AXI_RUSER_WIDTH1_C_M_AXI_BUSER_WIDTH1_C_USER_VALUE0_C_PROT_VALUE0_C_CACHE_VALUE3_USER_DW64_USER_AW64_USER_MAXREQS7_USER_RFIFONUM_WIDTH9_137
gmem2_m_axi_U/clk_gate_load_unit_buff_rdata_genblk1_U_fifo_mem_mem_reg_94_       3.9900     0.0      0.0000       3.9900 0.0000 SNPS_CLOCK_GATE_HIGH_tinytpu_isa_gmem2_m_axi_CONSERVATIVE1_NUM_READ_OUTSTANDING16_NUM_WRITE_OUTSTANDING16_MAX_READ_BURST_LENGTH16_MAX_WRITE_BURST_LENGTH16_C_M_AXI_ID_WIDTH1_C_M_AXI_ADDR_WIDTH64_C_M_AXI_DATA_WIDTH64_C_M_AXI_AWUSER_WIDTH1_C_M_AXI_ARUSER_WIDTH1_C_M_AXI_WUSER_WIDTH1_C_M_AXI_RUSER_WIDTH1_C_M_AXI_BUSER_WIDTH1_C_USER_VALUE0_C_PROT_VALUE0_C_CACHE_VALUE3_USER_DW64_USER_AW64_USER_MAXREQS7_USER_RFIFONUM_WIDTH9_138
gmem2_m_axi_U/clk_gate_load_unit_buff_rdata_genblk1_U_fifo_mem_mem_reg_95_       3.9900     0.0      0.0000       3.9900 0.0000 SNPS_CLOCK_GATE_HIGH_tinytpu_isa_gmem2_m_axi_CONSERVATIVE1_NUM_READ_OUTSTANDING16_NUM_WRITE_OUTSTANDING16_MAX_READ_BURST_LENGTH16_MAX_WRITE_BURST_LENGTH16_C_M_AXI_ID_WIDTH1_C_M_AXI_ADDR_WIDTH64_C_M_AXI_DATA_WIDTH64_C_M_AXI_AWUSER_WIDTH1_C_M_AXI_ARUSER_WIDTH1_C_M_AXI_WUSER_WIDTH1_C_M_AXI_RUSER_WIDTH1_C_M_AXI_BUSER_WIDTH1_C_USER_VALUE0_C_PROT_VALUE0_C_CACHE_VALUE3_USER_DW64_USER_AW64_USER_MAXREQS7_USER_RFIFONUM_WIDTH9_139
gmem2_m_axi_U/clk_gate_load_unit_buff_rdata_genblk1_U_fifo_mem_mem_reg_96_       3.9900     0.0      0.0000       3.9900 0.0000 SNPS_CLOCK_GATE_HIGH_tinytpu_isa_gmem2_m_axi_CONSERVATIVE1_NUM_READ_OUTSTANDING16_NUM_WRITE_OUTSTANDING16_MAX_READ_BURST_LENGTH16_MAX_WRITE_BURST_LENGTH16_C_M_AXI_ID_WIDTH1_C_M_AXI_ADDR_WIDTH64_C_M_AXI_DATA_WIDTH64_C_M_AXI_AWUSER_WIDTH1_C_M_AXI_ARUSER_WIDTH1_C_M_AXI_WUSER_WIDTH1_C_M_AXI_RUSER_WIDTH1_C_M_AXI_BUSER_WIDTH1_C_USER_VALUE0_C_PROT_VALUE0_C_CACHE_VALUE3_USER_DW64_USER_AW64_USER_MAXREQS7_USER_RFIFONUM_WIDTH9_140
gmem2_m_axi_U/clk_gate_load_unit_buff_rdata_genblk1_U_fifo_mem_mem_reg_97_       3.9900     0.0      0.0000       3.9900 0.0000 SNPS_CLOCK_GATE_HIGH_tinytpu_isa_gmem2_m_axi_CONSERVATIVE1_NUM_READ_OUTSTANDING16_NUM_WRITE_OUTSTANDING16_MAX_READ_BURST_LENGTH16_MAX_WRITE_BURST_LENGTH16_C_M_AXI_ID_WIDTH1_C_M_AXI_ADDR_WIDTH64_C_M_AXI_DATA_WIDTH64_C_M_AXI_AWUSER_WIDTH1_C_M_AXI_ARUSER_WIDTH1_C_M_AXI_WUSER_WIDTH1_C_M_AXI_RUSER_WIDTH1_C_M_AXI_BUSER_WIDTH1_C_USER_VALUE0_C_PROT_VALUE0_C_CACHE_VALUE3_USER_DW64_USER_AW64_USER_MAXREQS7_USER_RFIFONUM_WIDTH9_141
gmem2_m_axi_U/clk_gate_load_unit_buff_rdata_genblk1_U_fifo_mem_mem_reg_98_       3.9900     0.0      0.0000       3.9900 0.0000 SNPS_CLOCK_GATE_HIGH_tinytpu_isa_gmem2_m_axi_CONSERVATIVE1_NUM_READ_OUTSTANDING16_NUM_WRITE_OUTSTANDING16_MAX_READ_BURST_LENGTH16_MAX_WRITE_BURST_LENGTH16_C_M_AXI_ID_WIDTH1_C_M_AXI_ADDR_WIDTH64_C_M_AXI_DATA_WIDTH64_C_M_AXI_AWUSER_WIDTH1_C_M_AXI_ARUSER_WIDTH1_C_M_AXI_WUSER_WIDTH1_C_M_AXI_RUSER_WIDTH1_C_M_AXI_BUSER_WIDTH1_C_USER_VALUE0_C_PROT_VALUE0_C_CACHE_VALUE3_USER_DW64_USER_AW64_USER_MAXREQS7_USER_RFIFONUM_WIDTH9_142
gmem2_m_axi_U/clk_gate_load_unit_buff_rdata_genblk1_U_fifo_mem_mem_reg_99_       3.9900     0.0      0.0000       3.9900 0.0000 SNPS_CLOCK_GATE_HIGH_tinytpu_isa_gmem2_m_axi_CONSERVATIVE1_NUM_READ_OUTSTANDING16_NUM_WRITE_OUTSTANDING16_MAX_READ_BURST_LENGTH16_MAX_WRITE_BURST_LENGTH16_C_M_AXI_ID_WIDTH1_C_M_AXI_ADDR_WIDTH64_C_M_AXI_DATA_WIDTH64_C_M_AXI_AWUSER_WIDTH1_C_M_AXI_ARUSER_WIDTH1_C_M_AXI_WUSER_WIDTH1_C_M_AXI_RUSER_WIDTH1_C_M_AXI_BUSER_WIDTH1_C_USER_VALUE0_C_PROT_VALUE0_C_CACHE_VALUE3_USER_DW64_USER_AW64_USER_MAXREQS7_USER_RFIFONUM_WIDTH9_143
gmem2_m_axi_U/clk_gate_load_unit_buff_rdata_genblk1_U_fifo_mem_mem_reg_9_       3.9900     0.0      0.0000       3.9900 0.0000 SNPS_CLOCK_GATE_HIGH_tinytpu_isa_gmem2_m_axi_CONSERVATIVE1_NUM_READ_OUTSTANDING16_NUM_WRITE_OUTSTANDING16_MAX_READ_BURST_LENGTH16_MAX_WRITE_BURST_LENGTH16_C_M_AXI_ID_WIDTH1_C_M_AXI_ADDR_WIDTH64_C_M_AXI_DATA_WIDTH64_C_M_AXI_AWUSER_WIDTH1_C_M_AXI_ARUSER_WIDTH1_C_M_AXI_WUSER_WIDTH1_C_M_AXI_RUSER_WIDTH1_C_M_AXI_BUSER_WIDTH1_C_USER_VALUE0_C_PROT_VALUE0_C_CACHE_VALUE3_USER_DW64_USER_AW64_USER_MAXREQS7_USER_RFIFONUM_WIDTH9_53
gmem2_m_axi_U/clk_gate_load_unit_buff_rdata_genblk1_waddr_reg       3.9900     0.0      0.0000       3.9900 0.0000 SNPS_CLOCK_GATE_HIGH_tinytpu_isa_gmem2_m_axi_CONSERVATIVE1_NUM_READ_OUTSTANDING16_NUM_WRITE_OUTSTANDING16_MAX_READ_BURST_LENGTH16_MAX_WRITE_BURST_LENGTH16_C_M_AXI_ID_WIDTH1_C_M_AXI_ADDR_WIDTH64_C_M_AXI_DATA_WIDTH64_C_M_AXI_AWUSER_WIDTH1_C_M_AXI_ARUSER_WIDTH1_C_M_AXI_WUSER_WIDTH1_C_M_AXI_RUSER_WIDTH1_C_M_AXI_BUSER_WIDTH1_C_USER_VALUE0_C_PROT_VALUE0_C_CACHE_VALUE3_USER_DW64_USER_AW64_USER_MAXREQS7_USER_RFIFONUM_WIDTH9_300
gmem2_m_axi_U/clk_gate_load_unit_fifo_rreq_empty_n_reg       3.9900     0.0      0.0000       3.9900 0.0000 SNPS_CLOCK_GATE_HIGH_tinytpu_isa_gmem2_m_axi_CONSERVATIVE1_NUM_READ_OUTSTANDING16_NUM_WRITE_OUTSTANDING16_MAX_READ_BURST_LENGTH16_MAX_WRITE_BURST_LENGTH16_C_M_AXI_ID_WIDTH1_C_M_AXI_ADDR_WIDTH64_C_M_AXI_DATA_WIDTH64_C_M_AXI_AWUSER_WIDTH1_C_M_AXI_ARUSER_WIDTH1_C_M_AXI_WUSER_WIDTH1_C_M_AXI_RUSER_WIDTH1_C_M_AXI_BUSER_WIDTH1_C_USER_VALUE0_C_PROT_VALUE0_C_CACHE_VALUE3_USER_DW64_USER_AW64_USER_MAXREQS7_USER_RFIFONUM_WIDTH9_305
gmem2_m_axi_U/clk_gate_load_unit_fifo_rreq_genblk1_U_fifo_srl_dout_reg       3.9900     0.0      0.0000       3.9900 0.0000 SNPS_CLOCK_GATE_HIGH_tinytpu_isa_gmem2_m_axi_CONSERVATIVE1_NUM_READ_OUTSTANDING16_NUM_WRITE_OUTSTANDING16_MAX_READ_BURST_LENGTH16_MAX_WRITE_BURST_LENGTH16_C_M_AXI_ID_WIDTH1_C_M_AXI_ADDR_WIDTH64_C_M_AXI_DATA_WIDTH64_C_M_AXI_AWUSER_WIDTH1_C_M_AXI_ARUSER_WIDTH1_C_M_AXI_WUSER_WIDTH1_C_M_AXI_RUSER_WIDTH1_C_M_AXI_BUSER_WIDTH1_C_USER_VALUE0_C_PROT_VALUE0_C_CACHE_VALUE3_USER_DW64_USER_AW64_USER_MAXREQS7_USER_RFIFONUM_WIDTH9_303
gmem2_m_axi_U/clk_gate_load_unit_fifo_rreq_genblk1_U_fifo_srl_genblk1_mem_reg_5_       3.9900     0.0      0.0000       3.9900 0.0000 SNPS_CLOCK_GATE_HIGH_tinytpu_isa_gmem2_m_axi_CONSERVATIVE1_NUM_READ_OUTSTANDING16_NUM_WRITE_OUTSTANDING16_MAX_READ_BURST_LENGTH16_MAX_WRITE_BURST_LENGTH16_C_M_AXI_ID_WIDTH1_C_M_AXI_ADDR_WIDTH64_C_M_AXI_DATA_WIDTH64_C_M_AXI_AWUSER_WIDTH1_C_M_AXI_ARUSER_WIDTH1_C_M_AXI_WUSER_WIDTH1_C_M_AXI_RUSER_WIDTH1_C_M_AXI_BUSER_WIDTH1_C_USER_VALUE0_C_PROT_VALUE0_C_CACHE_VALUE3_USER_DW64_USER_AW64_USER_MAXREQS7_USER_RFIFONUM_WIDTH9_302
gmem2_m_axi_U/clk_gate_load_unit_fifo_rreq_genblk1_raddr_reg       3.9900     0.0      0.0000       3.9900 0.0000 SNPS_CLOCK_GATE_HIGH_tinytpu_isa_gmem2_m_axi_CONSERVATIVE1_NUM_READ_OUTSTANDING16_NUM_WRITE_OUTSTANDING16_MAX_READ_BURST_LENGTH16_MAX_WRITE_BURST_LENGTH16_C_M_AXI_ID_WIDTH1_C_M_AXI_ADDR_WIDTH64_C_M_AXI_DATA_WIDTH64_C_M_AXI_AWUSER_WIDTH1_C_M_AXI_ARUSER_WIDTH1_C_M_AXI_WUSER_WIDTH1_C_M_AXI_RUSER_WIDTH1_C_M_AXI_BUSER_WIDTH1_C_USER_VALUE0_C_PROT_VALUE0_C_CACHE_VALUE3_USER_DW64_USER_AW64_USER_MAXREQS7_USER_RFIFONUM_WIDTH9_304
gmem2_m_axi_U/clk_gate_load_unit_tmp_len_reg       3.9900     0.0      0.0000       3.9900 0.0000 SNPS_CLOCK_GATE_HIGH_tinytpu_isa_gmem2_m_axi_CONSERVATIVE1_NUM_READ_OUTSTANDING16_NUM_WRITE_OUTSTANDING16_MAX_READ_BURST_LENGTH16_MAX_WRITE_BURST_LENGTH16_C_M_AXI_ID_WIDTH1_C_M_AXI_ADDR_WIDTH64_C_M_AXI_DATA_WIDTH64_C_M_AXI_AWUSER_WIDTH1_C_M_AXI_ARUSER_WIDTH1_C_M_AXI_WUSER_WIDTH1_C_M_AXI_RUSER_WIDTH1_C_M_AXI_BUSER_WIDTH1_C_USER_VALUE0_C_PROT_VALUE0_C_CACHE_VALUE3_USER_DW64_USER_AW64_USER_MAXREQS7_USER_RFIFONUM_WIDTH9_308
gmem3_m_axi_U                       27333.6273      1.2    6416.4521    20701.7152  0.0000  tinytpu_isa_gmem3_m_axi_CONSERVATIVE1_NUM_READ_OUTSTANDING16_NUM_WRITE_OUTSTANDING16_MAX_READ_BURST_LENGTH16_MAX_WRITE_BURST_LENGTH16_C_M_AXI_ID_WIDTH1_C_M_AXI_ADDR_WIDTH64_C_M_AXI_DATA_WIDTH64_C_M_AXI_AWUSER_WIDTH1_C_M_AXI_ARUSER_WIDTH1_C_M_AXI_WUSER_WIDTH1_C_M_AXI_RUSER_WIDTH1_C_M_AXI_BUSER_WIDTH1_C_USER_VALUE0_C_PROT_VALUE0_C_CACHE_VALUE3_USER_DW64_USER_AW64_USER_MAXREQS4_USER_RFIFONUM_WIDTH9
gmem3_m_axi_U/clk_gate_bus_read_rreq_burst_conv_could_multi_bursts_addr_step_reg       3.9900     0.0      0.0000       3.9900 0.0000 SNPS_CLOCK_GATE_HIGH_tinytpu_isa_gmem3_m_axi_CONSERVATIVE1_NUM_READ_OUTSTANDING16_NUM_WRITE_OUTSTANDING16_MAX_READ_BURST_LENGTH16_MAX_WRITE_BURST_LENGTH16_C_M_AXI_ID_WIDTH1_C_M_AXI_ADDR_WIDTH64_C_M_AXI_DATA_WIDTH64_C_M_AXI_AWUSER_WIDTH1_C_M_AXI_ARUSER_WIDTH1_C_M_AXI_WUSER_WIDTH1_C_M_AXI_RUSER_WIDTH1_C_M_AXI_BUSER_WIDTH1_C_USER_VALUE0_C_PROT_VALUE0_C_CACHE_VALUE3_USER_DW64_USER_AW64_USER_MAXREQS4_USER_RFIFONUM_WIDTH9_20
gmem3_m_axi_U/clk_gate_bus_write_fifo_burst_empty_n_reg       3.9900     0.0      0.0000       3.9900 0.0000 SNPS_CLOCK_GATE_HIGH_tinytpu_isa_gmem3_m_axi_CONSERVATIVE1_NUM_READ_OUTSTANDING16_NUM_WRITE_OUTSTANDING16_MAX_READ_BURST_LENGTH16_MAX_WRITE_BURST_LENGTH16_C_M_AXI_ID_WIDTH1_C_M_AXI_ADDR_WIDTH64_C_M_AXI_DATA_WIDTH64_C_M_AXI_AWUSER_WIDTH1_C_M_AXI_ARUSER_WIDTH1_C_M_AXI_WUSER_WIDTH1_C_M_AXI_RUSER_WIDTH1_C_M_AXI_BUSER_WIDTH1_C_USER_VALUE0_C_PROT_VALUE0_C_CACHE_VALUE3_USER_DW64_USER_AW64_USER_MAXREQS4_USER_RFIFONUM_WIDTH9_40
gmem3_m_axi_U/clk_gate_bus_write_fifo_burst_genblk1_U_fifo_srl_dout_reg       3.9900     0.0      0.0000       3.9900 0.0000 SNPS_CLOCK_GATE_HIGH_tinytpu_isa_gmem3_m_axi_CONSERVATIVE1_NUM_READ_OUTSTANDING16_NUM_WRITE_OUTSTANDING16_MAX_READ_BURST_LENGTH16_MAX_WRITE_BURST_LENGTH16_C_M_AXI_ID_WIDTH1_C_M_AXI_ADDR_WIDTH64_C_M_AXI_DATA_WIDTH64_C_M_AXI_AWUSER_WIDTH1_C_M_AXI_ARUSER_WIDTH1_C_M_AXI_WUSER_WIDTH1_C_M_AXI_RUSER_WIDTH1_C_M_AXI_BUSER_WIDTH1_C_USER_VALUE0_C_PROT_VALUE0_C_CACHE_VALUE3_USER_DW64_USER_AW64_USER_MAXREQS4_USER_RFIFONUM_WIDTH9_38
gmem3_m_axi_U/clk_gate_bus_write_fifo_burst_genblk1_U_fifo_srl_genblk1_mem_reg_14_       3.9900     0.0      0.0000       3.9900 0.0000 SNPS_CLOCK_GATE_HIGH_tinytpu_isa_gmem3_m_axi_CONSERVATIVE1_NUM_READ_OUTSTANDING16_NUM_WRITE_OUTSTANDING16_MAX_READ_BURST_LENGTH16_MAX_WRITE_BURST_LENGTH16_C_M_AXI_ID_WIDTH1_C_M_AXI_ADDR_WIDTH64_C_M_AXI_DATA_WIDTH64_C_M_AXI_AWUSER_WIDTH1_C_M_AXI_ARUSER_WIDTH1_C_M_AXI_WUSER_WIDTH1_C_M_AXI_RUSER_WIDTH1_C_M_AXI_BUSER_WIDTH1_C_USER_VALUE0_C_PROT_VALUE0_C_CACHE_VALUE3_USER_DW64_USER_AW64_USER_MAXREQS4_USER_RFIFONUM_WIDTH9_37
gmem3_m_axi_U/clk_gate_bus_write_fifo_burst_genblk1_raddr_reg       3.9900     0.0      0.0000       3.9900 0.0000 SNPS_CLOCK_GATE_HIGH_tinytpu_isa_gmem3_m_axi_CONSERVATIVE1_NUM_READ_OUTSTANDING16_NUM_WRITE_OUTSTANDING16_MAX_READ_BURST_LENGTH16_MAX_WRITE_BURST_LENGTH16_C_M_AXI_ID_WIDTH1_C_M_AXI_ADDR_WIDTH64_C_M_AXI_DATA_WIDTH64_C_M_AXI_AWUSER_WIDTH1_C_M_AXI_ARUSER_WIDTH1_C_M_AXI_WUSER_WIDTH1_C_M_AXI_RUSER_WIDTH1_C_M_AXI_BUSER_WIDTH1_C_USER_VALUE0_C_PROT_VALUE0_C_CACHE_VALUE3_USER_DW64_USER_AW64_USER_MAXREQS4_USER_RFIFONUM_WIDTH9_39
gmem3_m_axi_U/clk_gate_bus_write_fifo_resp_empty_n_reg       3.9900     0.0      0.0000       3.9900 0.0000 SNPS_CLOCK_GATE_HIGH_tinytpu_isa_gmem3_m_axi_CONSERVATIVE1_NUM_READ_OUTSTANDING16_NUM_WRITE_OUTSTANDING16_MAX_READ_BURST_LENGTH16_MAX_WRITE_BURST_LENGTH16_C_M_AXI_ID_WIDTH1_C_M_AXI_ADDR_WIDTH64_C_M_AXI_DATA_WIDTH64_C_M_AXI_AWUSER_WIDTH1_C_M_AXI_ARUSER_WIDTH1_C_M_AXI_WUSER_WIDTH1_C_M_AXI_RUSER_WIDTH1_C_M_AXI_BUSER_WIDTH1_C_USER_VALUE0_C_PROT_VALUE0_C_CACHE_VALUE3_USER_DW64_USER_AW64_USER_MAXREQS4_USER_RFIFONUM_WIDTH9_8
gmem3_m_axi_U/clk_gate_bus_write_fifo_resp_genblk1_U_fifo_srl_genblk1_mem_reg_14_       3.9900     0.0      0.0000       3.9900 0.0000 SNPS_CLOCK_GATE_HIGH_tinytpu_isa_gmem3_m_axi_CONSERVATIVE1_NUM_READ_OUTSTANDING16_NUM_WRITE_OUTSTANDING16_MAX_READ_BURST_LENGTH16_MAX_WRITE_BURST_LENGTH16_C_M_AXI_ID_WIDTH1_C_M_AXI_ADDR_WIDTH64_C_M_AXI_DATA_WIDTH64_C_M_AXI_AWUSER_WIDTH1_C_M_AXI_ARUSER_WIDTH1_C_M_AXI_WUSER_WIDTH1_C_M_AXI_RUSER_WIDTH1_C_M_AXI_BUSER_WIDTH1_C_USER_VALUE0_C_PROT_VALUE0_C_CACHE_VALUE3_USER_DW64_USER_AW64_USER_MAXREQS4_USER_RFIFONUM_WIDTH9_1
gmem3_m_axi_U/clk_gate_bus_write_fifo_resp_genblk1_raddr_reg       3.9900     0.0      0.0000       3.9900 0.0000 SNPS_CLOCK_GATE_HIGH_tinytpu_isa_gmem3_m_axi_CONSERVATIVE1_NUM_READ_OUTSTANDING16_NUM_WRITE_OUTSTANDING16_MAX_READ_BURST_LENGTH16_MAX_WRITE_BURST_LENGTH16_C_M_AXI_ID_WIDTH1_C_M_AXI_ADDR_WIDTH64_C_M_AXI_DATA_WIDTH64_C_M_AXI_AWUSER_WIDTH1_C_M_AXI_ARUSER_WIDTH1_C_M_AXI_WUSER_WIDTH1_C_M_AXI_RUSER_WIDTH1_C_M_AXI_BUSER_WIDTH1_C_USER_VALUE0_C_PROT_VALUE0_C_CACHE_VALUE3_USER_DW64_USER_AW64_USER_MAXREQS4_USER_RFIFONUM_WIDTH9_7
gmem3_m_axi_U/clk_gate_bus_write_len_cnt_reg       3.9900     0.0      0.0000       3.9900 0.0000 SNPS_CLOCK_GATE_HIGH_tinytpu_isa_gmem3_m_axi_CONSERVATIVE1_NUM_READ_OUTSTANDING16_NUM_WRITE_OUTSTANDING16_MAX_READ_BURST_LENGTH16_MAX_WRITE_BURST_LENGTH16_C_M_AXI_ID_WIDTH1_C_M_AXI_ADDR_WIDTH64_C_M_AXI_DATA_WIDTH64_C_M_AXI_AWUSER_WIDTH1_C_M_AXI_ARUSER_WIDTH1_C_M_AXI_WUSER_WIDTH1_C_M_AXI_RUSER_WIDTH1_C_M_AXI_BUSER_WIDTH1_C_USER_VALUE0_C_PROT_VALUE0_C_CACHE_VALUE3_USER_DW64_USER_AW64_USER_MAXREQS4_USER_RFIFONUM_WIDTH9_41
gmem3_m_axi_U/clk_gate_bus_write_wreq_burst_conv_could_multi_bursts_addr_step_reg       3.9900     0.0      0.0000       3.9900 0.0000 SNPS_CLOCK_GATE_HIGH_tinytpu_isa_gmem3_m_axi_CONSERVATIVE1_NUM_READ_OUTSTANDING16_NUM_WRITE_OUTSTANDING16_MAX_READ_BURST_LENGTH16_MAX_WRITE_BURST_LENGTH16_C_M_AXI_ID_WIDTH1_C_M_AXI_ADDR_WIDTH64_C_M_AXI_DATA_WIDTH64_C_M_AXI_AWUSER_WIDTH1_C_M_AXI_ARUSER_WIDTH1_C_M_AXI_WUSER_WIDTH1_C_M_AXI_RUSER_WIDTH1_C_M_AXI_BUSER_WIDTH1_C_USER_VALUE0_C_PROT_VALUE0_C_CACHE_VALUE3_USER_DW64_USER_AW64_USER_MAXREQS4_USER_RFIFONUM_WIDTH9_25
gmem3_m_axi_U/clk_gate_bus_write_wreq_burst_conv_could_multi_bursts_last_loop_reg       3.9900     0.0      0.0000       3.9900 0.0000 SNPS_CLOCK_GATE_HIGH_tinytpu_isa_gmem3_m_axi_CONSERVATIVE1_NUM_READ_OUTSTANDING16_NUM_WRITE_OUTSTANDING16_MAX_READ_BURST_LENGTH16_MAX_WRITE_BURST_LENGTH16_C_M_AXI_ID_WIDTH1_C_M_AXI_ADDR_WIDTH64_C_M_AXI_DATA_WIDTH64_C_M_AXI_AWUSER_WIDTH1_C_M_AXI_ARUSER_WIDTH1_C_M_AXI_WUSER_WIDTH1_C_M_AXI_RUSER_WIDTH1_C_M_AXI_BUSER_WIDTH1_C_USER_VALUE0_C_PROT_VALUE0_C_CACHE_VALUE3_USER_DW64_USER_AW64_USER_MAXREQS4_USER_RFIFONUM_WIDTH9_24
gmem3_m_axi_U/clk_gate_bus_write_wreq_burst_conv_end_from_4k_reg       3.9900     0.0      0.0000       3.9900 0.0000 SNPS_CLOCK_GATE_HIGH_tinytpu_isa_gmem3_m_axi_CONSERVATIVE1_NUM_READ_OUTSTANDING16_NUM_WRITE_OUTSTANDING16_MAX_READ_BURST_LENGTH16_MAX_WRITE_BURST_LENGTH16_C_M_AXI_ID_WIDTH1_C_M_AXI_ADDR_WIDTH64_C_M_AXI_DATA_WIDTH64_C_M_AXI_AWUSER_WIDTH1_C_M_AXI_ARUSER_WIDTH1_C_M_AXI_WUSER_WIDTH1_C_M_AXI_RUSER_WIDTH1_C_M_AXI_BUSER_WIDTH1_C_USER_VALUE0_C_PROT_VALUE0_C_CACHE_VALUE3_USER_DW64_USER_AW64_USER_MAXREQS4_USER_RFIFONUM_WIDTH9_21
gmem3_m_axi_U/clk_gate_bus_write_wreq_burst_conv_last_sect_buf_reg       3.9900     0.0      0.0000       3.9900 0.0000 SNPS_CLOCK_GATE_HIGH_tinytpu_isa_gmem3_m_axi_CONSERVATIVE1_NUM_READ_OUTSTANDING16_NUM_WRITE_OUTSTANDING16_MAX_READ_BURST_LENGTH16_MAX_WRITE_BURST_LENGTH16_C_M_AXI_ID_WIDTH1_C_M_AXI_ADDR_WIDTH64_C_M_AXI_DATA_WIDTH64_C_M_AXI_AWUSER_WIDTH1_C_M_AXI_ARUSER_WIDTH1_C_M_AXI_WUSER_WIDTH1_C_M_AXI_RUSER_WIDTH1_C_M_AXI_BUSER_WIDTH1_C_USER_VALUE0_C_PROT_VALUE0_C_CACHE_VALUE3_USER_DW64_USER_AW64_USER_MAXREQS4_USER_RFIFONUM_WIDTH9_23
gmem3_m_axi_U/clk_gate_bus_write_wreq_burst_conv_last_sect_reg       3.9900     0.0      0.0000       3.9900 0.0000 SNPS_CLOCK_GATE_HIGH_tinytpu_isa_gmem3_m_axi_CONSERVATIVE1_NUM_READ_OUTSTANDING16_NUM_WRITE_OUTSTANDING16_MAX_READ_BURST_LENGTH16_MAX_WRITE_BURST_LENGTH16_C_M_AXI_ID_WIDTH1_C_M_AXI_ADDR_WIDTH64_C_M_AXI_DATA_WIDTH64_C_M_AXI_AWUSER_WIDTH1_C_M_AXI_ARUSER_WIDTH1_C_M_AXI_WUSER_WIDTH1_C_M_AXI_RUSER_WIDTH1_C_M_AXI_BUSER_WIDTH1_C_USER_VALUE0_C_PROT_VALUE0_C_CACHE_VALUE3_USER_DW64_USER_AW64_USER_MAXREQS4_USER_RFIFONUM_WIDTH9_22
gmem3_m_axi_U/clk_gate_bus_write_wreq_burst_conv_rs_req_data_p1_reg       3.9900     0.0      0.0000       3.9900 0.0000 SNPS_CLOCK_GATE_HIGH_tinytpu_isa_gmem3_m_axi_CONSERVATIVE1_NUM_READ_OUTSTANDING16_NUM_WRITE_OUTSTANDING16_MAX_READ_BURST_LENGTH16_MAX_WRITE_BURST_LENGTH16_C_M_AXI_ID_WIDTH1_C_M_AXI_ADDR_WIDTH64_C_M_AXI_DATA_WIDTH64_C_M_AXI_AWUSER_WIDTH1_C_M_AXI_ARUSER_WIDTH1_C_M_AXI_WUSER_WIDTH1_C_M_AXI_RUSER_WIDTH1_C_M_AXI_BUSER_WIDTH1_C_USER_VALUE0_C_PROT_VALUE0_C_CACHE_VALUE3_USER_DW64_USER_AW64_USER_MAXREQS4_USER_RFIFONUM_WIDTH9_14
gmem3_m_axi_U/clk_gate_bus_write_wreq_burst_conv_rs_req_data_p2_reg       3.9900     0.0      0.0000       3.9900 0.0000 SNPS_CLOCK_GATE_HIGH_tinytpu_isa_gmem3_m_axi_CONSERVATIVE1_NUM_READ_OUTSTANDING16_NUM_WRITE_OUTSTANDING16_MAX_READ_BURST_LENGTH16_MAX_WRITE_BURST_LENGTH16_C_M_AXI_ID_WIDTH1_C_M_AXI_ADDR_WIDTH64_C_M_AXI_DATA_WIDTH64_C_M_AXI_AWUSER_WIDTH1_C_M_AXI_ARUSER_WIDTH1_C_M_AXI_WUSER_WIDTH1_C_M_AXI_RUSER_WIDTH1_C_M_AXI_BUSER_WIDTH1_C_USER_VALUE0_C_PROT_VALUE0_C_CACHE_VALUE3_USER_DW64_USER_AW64_USER_MAXREQS4_USER_RFIFONUM_WIDTH9_15
gmem3_m_axi_U/clk_gate_bus_write_wreq_throttle_genblk1_data_fifo_empty_n_reg       3.9900     0.0      0.0000       3.9900 0.0000 SNPS_CLOCK_GATE_HIGH_tinytpu_isa_gmem3_m_axi_CONSERVATIVE1_NUM_READ_OUTSTANDING16_NUM_WRITE_OUTSTANDING16_MAX_READ_BURST_LENGTH16_MAX_WRITE_BURST_LENGTH16_C_M_AXI_ID_WIDTH1_C_M_AXI_ADDR_WIDTH64_C_M_AXI_DATA_WIDTH64_C_M_AXI_AWUSER_WIDTH1_C_M_AXI_ARUSER_WIDTH1_C_M_AXI_WUSER_WIDTH1_C_M_AXI_RUSER_WIDTH1_C_M_AXI_BUSER_WIDTH1_C_USER_VALUE0_C_PROT_VALUE0_C_CACHE_VALUE3_USER_DW64_USER_AW64_USER_MAXREQS4_USER_RFIFONUM_WIDTH9_29
gmem3_m_axi_U/clk_gate_bus_write_wreq_throttle_genblk1_data_fifo_genblk1_U_fifo_srl_dout_reg       3.9900     0.0      0.0000       3.9900 0.0000 SNPS_CLOCK_GATE_HIGH_tinytpu_isa_gmem3_m_axi_CONSERVATIVE1_NUM_READ_OUTSTANDING16_NUM_WRITE_OUTSTANDING16_MAX_READ_BURST_LENGTH16_MAX_WRITE_BURST_LENGTH16_C_M_AXI_ID_WIDTH1_C_M_AXI_ADDR_WIDTH64_C_M_AXI_DATA_WIDTH64_C_M_AXI_AWUSER_WIDTH1_C_M_AXI_ARUSER_WIDTH1_C_M_AXI_WUSER_WIDTH1_C_M_AXI_RUSER_WIDTH1_C_M_AXI_BUSER_WIDTH1_C_USER_VALUE0_C_PROT_VALUE0_C_CACHE_VALUE3_USER_DW64_USER_AW64_USER_MAXREQS4_USER_RFIFONUM_WIDTH9_27
gmem3_m_axi_U/clk_gate_bus_write_wreq_throttle_genblk1_data_fifo_genblk1_U_fifo_srl_genblk1_mem_reg_14_       3.9900     0.0      0.0000       3.9900 0.0000 SNPS_CLOCK_GATE_HIGH_tinytpu_isa_gmem3_m_axi_CONSERVATIVE1_NUM_READ_OUTSTANDING16_NUM_WRITE_OUTSTANDING16_MAX_READ_BURST_LENGTH16_MAX_WRITE_BURST_LENGTH16_C_M_AXI_ID_WIDTH1_C_M_AXI_ADDR_WIDTH64_C_M_AXI_DATA_WIDTH64_C_M_AXI_AWUSER_WIDTH1_C_M_AXI_ARUSER_WIDTH1_C_M_AXI_WUSER_WIDTH1_C_M_AXI_RUSER_WIDTH1_C_M_AXI_BUSER_WIDTH1_C_USER_VALUE0_C_PROT_VALUE0_C_CACHE_VALUE3_USER_DW64_USER_AW64_USER_MAXREQS4_USER_RFIFONUM_WIDTH9_26
gmem3_m_axi_U/clk_gate_bus_write_wreq_throttle_genblk1_data_fifo_genblk1_raddr_reg       3.9900     0.0      0.0000       3.9900 0.0000 SNPS_CLOCK_GATE_HIGH_tinytpu_isa_gmem3_m_axi_CONSERVATIVE1_NUM_READ_OUTSTANDING16_NUM_WRITE_OUTSTANDING16_MAX_READ_BURST_LENGTH16_MAX_WRITE_BURST_LENGTH16_C_M_AXI_ID_WIDTH1_C_M_AXI_ADDR_WIDTH64_C_M_AXI_DATA_WIDTH64_C_M_AXI_AWUSER_WIDTH1_C_M_AXI_ARUSER_WIDTH1_C_M_AXI_WUSER_WIDTH1_C_M_AXI_RUSER_WIDTH1_C_M_AXI_BUSER_WIDTH1_C_USER_VALUE0_C_PROT_VALUE0_C_CACHE_VALUE3_USER_DW64_USER_AW64_USER_MAXREQS4_USER_RFIFONUM_WIDTH9_28
gmem3_m_axi_U/clk_gate_bus_write_wreq_throttle_genblk1_last_cnt_reg       3.9900     0.0      0.0000       3.9900 0.0000 SNPS_CLOCK_GATE_HIGH_tinytpu_isa_gmem3_m_axi_CONSERVATIVE1_NUM_READ_OUTSTANDING16_NUM_WRITE_OUTSTANDING16_MAX_READ_BURST_LENGTH16_MAX_WRITE_BURST_LENGTH16_C_M_AXI_ID_WIDTH1_C_M_AXI_ADDR_WIDTH64_C_M_AXI_DATA_WIDTH64_C_M_AXI_AWUSER_WIDTH1_C_M_AXI_ARUSER_WIDTH1_C_M_AXI_WUSER_WIDTH1_C_M_AXI_RUSER_WIDTH1_C_M_AXI_BUSER_WIDTH1_C_USER_VALUE0_C_PROT_VALUE0_C_CACHE_VALUE3_USER_DW64_USER_AW64_USER_MAXREQS4_USER_RFIFONUM_WIDTH9_36
gmem3_m_axi_U/clk_gate_bus_write_wreq_throttle_genblk1_req_fifo_empty_n_reg       3.9900     0.0      0.0000       3.9900 0.0000 SNPS_CLOCK_GATE_HIGH_tinytpu_isa_gmem3_m_axi_CONSERVATIVE1_NUM_READ_OUTSTANDING16_NUM_WRITE_OUTSTANDING16_MAX_READ_BURST_LENGTH16_MAX_WRITE_BURST_LENGTH16_C_M_AXI_ID_WIDTH1_C_M_AXI_ADDR_WIDTH64_C_M_AXI_DATA_WIDTH64_C_M_AXI_AWUSER_WIDTH1_C_M_AXI_ARUSER_WIDTH1_C_M_AXI_WUSER_WIDTH1_C_M_AXI_RUSER_WIDTH1_C_M_AXI_BUSER_WIDTH1_C_USER_VALUE0_C_PROT_VALUE0_C_CACHE_VALUE3_USER_DW64_USER_AW64_USER_MAXREQS4_USER_RFIFONUM_WIDTH9_33
gmem3_m_axi_U/clk_gate_bus_write_wreq_throttle_genblk1_req_fifo_genblk1_U_fifo_srl_dout_reg       3.9900     0.0      0.0000       3.9900 0.0000 SNPS_CLOCK_GATE_HIGH_tinytpu_isa_gmem3_m_axi_CONSERVATIVE1_NUM_READ_OUTSTANDING16_NUM_WRITE_OUTSTANDING16_MAX_READ_BURST_LENGTH16_MAX_WRITE_BURST_LENGTH16_C_M_AXI_ID_WIDTH1_C_M_AXI_ADDR_WIDTH64_C_M_AXI_DATA_WIDTH64_C_M_AXI_AWUSER_WIDTH1_C_M_AXI_ARUSER_WIDTH1_C_M_AXI_WUSER_WIDTH1_C_M_AXI_RUSER_WIDTH1_C_M_AXI_BUSER_WIDTH1_C_USER_VALUE0_C_PROT_VALUE0_C_CACHE_VALUE3_USER_DW64_USER_AW64_USER_MAXREQS4_USER_RFIFONUM_WIDTH9_31
gmem3_m_axi_U/clk_gate_bus_write_wreq_throttle_genblk1_req_fifo_genblk1_U_fifo_srl_genblk1_mem_reg_14_       3.9900     0.0      0.0000       3.9900 0.0000 SNPS_CLOCK_GATE_HIGH_tinytpu_isa_gmem3_m_axi_CONSERVATIVE1_NUM_READ_OUTSTANDING16_NUM_WRITE_OUTSTANDING16_MAX_READ_BURST_LENGTH16_MAX_WRITE_BURST_LENGTH16_C_M_AXI_ID_WIDTH1_C_M_AXI_ADDR_WIDTH64_C_M_AXI_DATA_WIDTH64_C_M_AXI_AWUSER_WIDTH1_C_M_AXI_ARUSER_WIDTH1_C_M_AXI_WUSER_WIDTH1_C_M_AXI_RUSER_WIDTH1_C_M_AXI_BUSER_WIDTH1_C_USER_VALUE0_C_PROT_VALUE0_C_CACHE_VALUE3_USER_DW64_USER_AW64_USER_MAXREQS4_USER_RFIFONUM_WIDTH9_30
gmem3_m_axi_U/clk_gate_bus_write_wreq_throttle_genblk1_req_fifo_genblk1_raddr_reg       3.9900     0.0      0.0000       3.9900 0.0000 SNPS_CLOCK_GATE_HIGH_tinytpu_isa_gmem3_m_axi_CONSERVATIVE1_NUM_READ_OUTSTANDING16_NUM_WRITE_OUTSTANDING16_MAX_READ_BURST_LENGTH16_MAX_WRITE_BURST_LENGTH16_C_M_AXI_ID_WIDTH1_C_M_AXI_ADDR_WIDTH64_C_M_AXI_DATA_WIDTH64_C_M_AXI_AWUSER_WIDTH1_C_M_AXI_ARUSER_WIDTH1_C_M_AXI_WUSER_WIDTH1_C_M_AXI_RUSER_WIDTH1_C_M_AXI_BUSER_WIDTH1_C_USER_VALUE0_C_PROT_VALUE0_C_CACHE_VALUE3_USER_DW64_USER_AW64_USER_MAXREQS4_USER_RFIFONUM_WIDTH9_32
gmem3_m_axi_U/clk_gate_bus_write_wreq_throttle_genblk1_rs_req_data_p1_reg       3.9900     0.0      0.0000       3.9900 0.0000 SNPS_CLOCK_GATE_HIGH_tinytpu_isa_gmem3_m_axi_CONSERVATIVE1_NUM_READ_OUTSTANDING16_NUM_WRITE_OUTSTANDING16_MAX_READ_BURST_LENGTH16_MAX_WRITE_BURST_LENGTH16_C_M_AXI_ID_WIDTH1_C_M_AXI_ADDR_WIDTH64_C_M_AXI_DATA_WIDTH64_C_M_AXI_AWUSER_WIDTH1_C_M_AXI_ARUSER_WIDTH1_C_M_AXI_WUSER_WIDTH1_C_M_AXI_RUSER_WIDTH1_C_M_AXI_BUSER_WIDTH1_C_USER_VALUE0_C_PROT_VALUE0_C_CACHE_VALUE3_USER_DW64_USER_AW64_USER_MAXREQS4_USER_RFIFONUM_WIDTH9_34
gmem3_m_axi_U/clk_gate_bus_write_wreq_throttle_genblk1_rs_req_data_p2_reg       3.9900     0.0      0.0000       3.9900 0.0000 SNPS_CLOCK_GATE_HIGH_tinytpu_isa_gmem3_m_axi_CONSERVATIVE1_NUM_READ_OUTSTANDING16_NUM_WRITE_OUTSTANDING16_MAX_READ_BURST_LENGTH16_MAX_WRITE_BURST_LENGTH16_C_M_AXI_ID_WIDTH1_C_M_AXI_ADDR_WIDTH64_C_M_AXI_DATA_WIDTH64_C_M_AXI_AWUSER_WIDTH1_C_M_AXI_ARUSER_WIDTH1_C_M_AXI_WUSER_WIDTH1_C_M_AXI_RUSER_WIDTH1_C_M_AXI_BUSER_WIDTH1_C_USER_VALUE0_C_PROT_VALUE0_C_CACHE_VALUE3_USER_DW64_USER_AW64_USER_MAXREQS4_USER_RFIFONUM_WIDTH9_35
gmem3_m_axi_U/clk_gate_load_unit_buff_rdata_empty_n_reg       3.9900     0.0      0.0000       3.9900 0.0000 SNPS_CLOCK_GATE_HIGH_tinytpu_isa_gmem3_m_axi_CONSERVATIVE1_NUM_READ_OUTSTANDING16_NUM_WRITE_OUTSTANDING16_MAX_READ_BURST_LENGTH16_MAX_WRITE_BURST_LENGTH16_C_M_AXI_ID_WIDTH1_C_M_AXI_ADDR_WIDTH64_C_M_AXI_DATA_WIDTH64_C_M_AXI_AWUSER_WIDTH1_C_M_AXI_ARUSER_WIDTH1_C_M_AXI_WUSER_WIDTH1_C_M_AXI_RUSER_WIDTH1_C_M_AXI_BUSER_WIDTH1_C_USER_VALUE0_C_PROT_VALUE0_C_CACHE_VALUE3_USER_DW64_USER_AW64_USER_MAXREQS4_USER_RFIFONUM_WIDTH9_43
gmem3_m_axi_U/clk_gate_store_unit_buff_wdata_empty_n_reg       3.9900     0.0      0.0000       3.9900 0.0000 SNPS_CLOCK_GATE_HIGH_tinytpu_isa_gmem3_m_axi_CONSERVATIVE1_NUM_READ_OUTSTANDING16_NUM_WRITE_OUTSTANDING16_MAX_READ_BURST_LENGTH16_MAX_WRITE_BURST_LENGTH16_C_M_AXI_ID_WIDTH1_C_M_AXI_ADDR_WIDTH64_C_M_AXI_DATA_WIDTH64_C_M_AXI_AWUSER_WIDTH1_C_M_AXI_ARUSER_WIDTH1_C_M_AXI_WUSER_WIDTH1_C_M_AXI_RUSER_WIDTH1_C_M_AXI_BUSER_WIDTH1_C_USER_VALUE0_C_PROT_VALUE0_C_CACHE_VALUE3_USER_DW64_USER_AW64_USER_MAXREQS4_USER_RFIFONUM_WIDTH9_67
gmem3_m_axi_U/clk_gate_store_unit_buff_wdata_genblk1_U_fifo_mem_dout_reg       3.9900     0.0      0.0000       3.9900 0.0000 SNPS_CLOCK_GATE_HIGH_tinytpu_isa_gmem3_m_axi_CONSERVATIVE1_NUM_READ_OUTSTANDING16_NUM_WRITE_OUTSTANDING16_MAX_READ_BURST_LENGTH16_MAX_WRITE_BURST_LENGTH16_C_M_AXI_ID_WIDTH1_C_M_AXI_ADDR_WIDTH64_C_M_AXI_DATA_WIDTH64_C_M_AXI_AWUSER_WIDTH1_C_M_AXI_ARUSER_WIDTH1_C_M_AXI_WUSER_WIDTH1_C_M_AXI_RUSER_WIDTH1_C_M_AXI_BUSER_WIDTH1_C_USER_VALUE0_C_PROT_VALUE0_C_CACHE_VALUE3_USER_DW64_USER_AW64_USER_MAXREQS4_USER_RFIFONUM_WIDTH9_65
gmem3_m_axi_U/clk_gate_store_unit_buff_wdata_genblk1_U_fifo_mem_mem_reg_0_       3.9900     0.0      0.0000       3.9900 0.0000 SNPS_CLOCK_GATE_HIGH_tinytpu_isa_gmem3_m_axi_CONSERVATIVE1_NUM_READ_OUTSTANDING16_NUM_WRITE_OUTSTANDING16_MAX_READ_BURST_LENGTH16_MAX_WRITE_BURST_LENGTH16_C_M_AXI_ID_WIDTH1_C_M_AXI_ADDR_WIDTH64_C_M_AXI_DATA_WIDTH64_C_M_AXI_AWUSER_WIDTH1_C_M_AXI_ARUSER_WIDTH1_C_M_AXI_WUSER_WIDTH1_C_M_AXI_RUSER_WIDTH1_C_M_AXI_BUSER_WIDTH1_C_USER_VALUE0_C_PROT_VALUE0_C_CACHE_VALUE3_USER_DW64_USER_AW64_USER_MAXREQS4_USER_RFIFONUM_WIDTH9_50
gmem3_m_axi_U/clk_gate_store_unit_buff_wdata_genblk1_U_fifo_mem_mem_reg_10_       3.9900     0.0      0.0000       3.9900 0.0000 SNPS_CLOCK_GATE_HIGH_tinytpu_isa_gmem3_m_axi_CONSERVATIVE1_NUM_READ_OUTSTANDING16_NUM_WRITE_OUTSTANDING16_MAX_READ_BURST_LENGTH16_MAX_WRITE_BURST_LENGTH16_C_M_AXI_ID_WIDTH1_C_M_AXI_ADDR_WIDTH64_C_M_AXI_DATA_WIDTH64_C_M_AXI_AWUSER_WIDTH1_C_M_AXI_ARUSER_WIDTH1_C_M_AXI_WUSER_WIDTH1_C_M_AXI_RUSER_WIDTH1_C_M_AXI_BUSER_WIDTH1_C_USER_VALUE0_C_PROT_VALUE0_C_CACHE_VALUE3_USER_DW64_USER_AW64_USER_MAXREQS4_USER_RFIFONUM_WIDTH9_60
gmem3_m_axi_U/clk_gate_store_unit_buff_wdata_genblk1_U_fifo_mem_mem_reg_11_       3.9900     0.0      0.0000       3.9900 0.0000 SNPS_CLOCK_GATE_HIGH_tinytpu_isa_gmem3_m_axi_CONSERVATIVE1_NUM_READ_OUTSTANDING16_NUM_WRITE_OUTSTANDING16_MAX_READ_BURST_LENGTH16_MAX_WRITE_BURST_LENGTH16_C_M_AXI_ID_WIDTH1_C_M_AXI_ADDR_WIDTH64_C_M_AXI_DATA_WIDTH64_C_M_AXI_AWUSER_WIDTH1_C_M_AXI_ARUSER_WIDTH1_C_M_AXI_WUSER_WIDTH1_C_M_AXI_RUSER_WIDTH1_C_M_AXI_BUSER_WIDTH1_C_USER_VALUE0_C_PROT_VALUE0_C_CACHE_VALUE3_USER_DW64_USER_AW64_USER_MAXREQS4_USER_RFIFONUM_WIDTH9_61
gmem3_m_axi_U/clk_gate_store_unit_buff_wdata_genblk1_U_fifo_mem_mem_reg_12_       3.9900     0.0      0.0000       3.9900 0.0000 SNPS_CLOCK_GATE_HIGH_tinytpu_isa_gmem3_m_axi_CONSERVATIVE1_NUM_READ_OUTSTANDING16_NUM_WRITE_OUTSTANDING16_MAX_READ_BURST_LENGTH16_MAX_WRITE_BURST_LENGTH16_C_M_AXI_ID_WIDTH1_C_M_AXI_ADDR_WIDTH64_C_M_AXI_DATA_WIDTH64_C_M_AXI_AWUSER_WIDTH1_C_M_AXI_ARUSER_WIDTH1_C_M_AXI_WUSER_WIDTH1_C_M_AXI_RUSER_WIDTH1_C_M_AXI_BUSER_WIDTH1_C_USER_VALUE0_C_PROT_VALUE0_C_CACHE_VALUE3_USER_DW64_USER_AW64_USER_MAXREQS4_USER_RFIFONUM_WIDTH9_62
gmem3_m_axi_U/clk_gate_store_unit_buff_wdata_genblk1_U_fifo_mem_mem_reg_13_       3.9900     0.0      0.0000       3.9900 0.0000 SNPS_CLOCK_GATE_HIGH_tinytpu_isa_gmem3_m_axi_CONSERVATIVE1_NUM_READ_OUTSTANDING16_NUM_WRITE_OUTSTANDING16_MAX_READ_BURST_LENGTH16_MAX_WRITE_BURST_LENGTH16_C_M_AXI_ID_WIDTH1_C_M_AXI_ADDR_WIDTH64_C_M_AXI_DATA_WIDTH64_C_M_AXI_AWUSER_WIDTH1_C_M_AXI_ARUSER_WIDTH1_C_M_AXI_WUSER_WIDTH1_C_M_AXI_RUSER_WIDTH1_C_M_AXI_BUSER_WIDTH1_C_USER_VALUE0_C_PROT_VALUE0_C_CACHE_VALUE3_USER_DW64_USER_AW64_USER_MAXREQS4_USER_RFIFONUM_WIDTH9_63
gmem3_m_axi_U/clk_gate_store_unit_buff_wdata_genblk1_U_fifo_mem_mem_reg_14_       3.9900     0.0      0.0000       3.9900 0.0000 SNPS_CLOCK_GATE_HIGH_tinytpu_isa_gmem3_m_axi_CONSERVATIVE1_NUM_READ_OUTSTANDING16_NUM_WRITE_OUTSTANDING16_MAX_READ_BURST_LENGTH16_MAX_WRITE_BURST_LENGTH16_C_M_AXI_ID_WIDTH1_C_M_AXI_ADDR_WIDTH64_C_M_AXI_DATA_WIDTH64_C_M_AXI_AWUSER_WIDTH1_C_M_AXI_ARUSER_WIDTH1_C_M_AXI_WUSER_WIDTH1_C_M_AXI_RUSER_WIDTH1_C_M_AXI_BUSER_WIDTH1_C_USER_VALUE0_C_PROT_VALUE0_C_CACHE_VALUE3_USER_DW64_USER_AW64_USER_MAXREQS4_USER_RFIFONUM_WIDTH9_64
gmem3_m_axi_U/clk_gate_store_unit_buff_wdata_genblk1_U_fifo_mem_mem_reg_1_       3.9900     0.0      0.0000       3.9900 0.0000 SNPS_CLOCK_GATE_HIGH_tinytpu_isa_gmem3_m_axi_CONSERVATIVE1_NUM_READ_OUTSTANDING16_NUM_WRITE_OUTSTANDING16_MAX_READ_BURST_LENGTH16_MAX_WRITE_BURST_LENGTH16_C_M_AXI_ID_WIDTH1_C_M_AXI_ADDR_WIDTH64_C_M_AXI_DATA_WIDTH64_C_M_AXI_AWUSER_WIDTH1_C_M_AXI_ARUSER_WIDTH1_C_M_AXI_WUSER_WIDTH1_C_M_AXI_RUSER_WIDTH1_C_M_AXI_BUSER_WIDTH1_C_USER_VALUE0_C_PROT_VALUE0_C_CACHE_VALUE3_USER_DW64_USER_AW64_USER_MAXREQS4_USER_RFIFONUM_WIDTH9_51
gmem3_m_axi_U/clk_gate_store_unit_buff_wdata_genblk1_U_fifo_mem_mem_reg_2_       3.9900     0.0      0.0000       3.9900 0.0000 SNPS_CLOCK_GATE_HIGH_tinytpu_isa_gmem3_m_axi_CONSERVATIVE1_NUM_READ_OUTSTANDING16_NUM_WRITE_OUTSTANDING16_MAX_READ_BURST_LENGTH16_MAX_WRITE_BURST_LENGTH16_C_M_AXI_ID_WIDTH1_C_M_AXI_ADDR_WIDTH64_C_M_AXI_DATA_WIDTH64_C_M_AXI_AWUSER_WIDTH1_C_M_AXI_ARUSER_WIDTH1_C_M_AXI_WUSER_WIDTH1_C_M_AXI_RUSER_WIDTH1_C_M_AXI_BUSER_WIDTH1_C_USER_VALUE0_C_PROT_VALUE0_C_CACHE_VALUE3_USER_DW64_USER_AW64_USER_MAXREQS4_USER_RFIFONUM_WIDTH9_52
gmem3_m_axi_U/clk_gate_store_unit_buff_wdata_genblk1_U_fifo_mem_mem_reg_3_       3.9900     0.0      0.0000       3.9900 0.0000 SNPS_CLOCK_GATE_HIGH_tinytpu_isa_gmem3_m_axi_CONSERVATIVE1_NUM_READ_OUTSTANDING16_NUM_WRITE_OUTSTANDING16_MAX_READ_BURST_LENGTH16_MAX_WRITE_BURST_LENGTH16_C_M_AXI_ID_WIDTH1_C_M_AXI_ADDR_WIDTH64_C_M_AXI_DATA_WIDTH64_C_M_AXI_AWUSER_WIDTH1_C_M_AXI_ARUSER_WIDTH1_C_M_AXI_WUSER_WIDTH1_C_M_AXI_RUSER_WIDTH1_C_M_AXI_BUSER_WIDTH1_C_USER_VALUE0_C_PROT_VALUE0_C_CACHE_VALUE3_USER_DW64_USER_AW64_USER_MAXREQS4_USER_RFIFONUM_WIDTH9_53
gmem3_m_axi_U/clk_gate_store_unit_buff_wdata_genblk1_U_fifo_mem_mem_reg_4_       3.9900     0.0      0.0000       3.9900 0.0000 SNPS_CLOCK_GATE_HIGH_tinytpu_isa_gmem3_m_axi_CONSERVATIVE1_NUM_READ_OUTSTANDING16_NUM_WRITE_OUTSTANDING16_MAX_READ_BURST_LENGTH16_MAX_WRITE_BURST_LENGTH16_C_M_AXI_ID_WIDTH1_C_M_AXI_ADDR_WIDTH64_C_M_AXI_DATA_WIDTH64_C_M_AXI_AWUSER_WIDTH1_C_M_AXI_ARUSER_WIDTH1_C_M_AXI_WUSER_WIDTH1_C_M_AXI_RUSER_WIDTH1_C_M_AXI_BUSER_WIDTH1_C_USER_VALUE0_C_PROT_VALUE0_C_CACHE_VALUE3_USER_DW64_USER_AW64_USER_MAXREQS4_USER_RFIFONUM_WIDTH9_54
gmem3_m_axi_U/clk_gate_store_unit_buff_wdata_genblk1_U_fifo_mem_mem_reg_5_       3.9900     0.0      0.0000       3.9900 0.0000 SNPS_CLOCK_GATE_HIGH_tinytpu_isa_gmem3_m_axi_CONSERVATIVE1_NUM_READ_OUTSTANDING16_NUM_WRITE_OUTSTANDING16_MAX_READ_BURST_LENGTH16_MAX_WRITE_BURST_LENGTH16_C_M_AXI_ID_WIDTH1_C_M_AXI_ADDR_WIDTH64_C_M_AXI_DATA_WIDTH64_C_M_AXI_AWUSER_WIDTH1_C_M_AXI_ARUSER_WIDTH1_C_M_AXI_WUSER_WIDTH1_C_M_AXI_RUSER_WIDTH1_C_M_AXI_BUSER_WIDTH1_C_USER_VALUE0_C_PROT_VALUE0_C_CACHE_VALUE3_USER_DW64_USER_AW64_USER_MAXREQS4_USER_RFIFONUM_WIDTH9_55
gmem3_m_axi_U/clk_gate_store_unit_buff_wdata_genblk1_U_fifo_mem_mem_reg_6_       3.9900     0.0      0.0000       3.9900 0.0000 SNPS_CLOCK_GATE_HIGH_tinytpu_isa_gmem3_m_axi_CONSERVATIVE1_NUM_READ_OUTSTANDING16_NUM_WRITE_OUTSTANDING16_MAX_READ_BURST_LENGTH16_MAX_WRITE_BURST_LENGTH16_C_M_AXI_ID_WIDTH1_C_M_AXI_ADDR_WIDTH64_C_M_AXI_DATA_WIDTH64_C_M_AXI_AWUSER_WIDTH1_C_M_AXI_ARUSER_WIDTH1_C_M_AXI_WUSER_WIDTH1_C_M_AXI_RUSER_WIDTH1_C_M_AXI_BUSER_WIDTH1_C_USER_VALUE0_C_PROT_VALUE0_C_CACHE_VALUE3_USER_DW64_USER_AW64_USER_MAXREQS4_USER_RFIFONUM_WIDTH9_56
gmem3_m_axi_U/clk_gate_store_unit_buff_wdata_genblk1_U_fifo_mem_mem_reg_7_       3.9900     0.0      0.0000       3.9900 0.0000 SNPS_CLOCK_GATE_HIGH_tinytpu_isa_gmem3_m_axi_CONSERVATIVE1_NUM_READ_OUTSTANDING16_NUM_WRITE_OUTSTANDING16_MAX_READ_BURST_LENGTH16_MAX_WRITE_BURST_LENGTH16_C_M_AXI_ID_WIDTH1_C_M_AXI_ADDR_WIDTH64_C_M_AXI_DATA_WIDTH64_C_M_AXI_AWUSER_WIDTH1_C_M_AXI_ARUSER_WIDTH1_C_M_AXI_WUSER_WIDTH1_C_M_AXI_RUSER_WIDTH1_C_M_AXI_BUSER_WIDTH1_C_USER_VALUE0_C_PROT_VALUE0_C_CACHE_VALUE3_USER_DW64_USER_AW64_USER_MAXREQS4_USER_RFIFONUM_WIDTH9_57
gmem3_m_axi_U/clk_gate_store_unit_buff_wdata_genblk1_U_fifo_mem_mem_reg_8_       3.9900     0.0      0.0000       3.9900 0.0000 SNPS_CLOCK_GATE_HIGH_tinytpu_isa_gmem3_m_axi_CONSERVATIVE1_NUM_READ_OUTSTANDING16_NUM_WRITE_OUTSTANDING16_MAX_READ_BURST_LENGTH16_MAX_WRITE_BURST_LENGTH16_C_M_AXI_ID_WIDTH1_C_M_AXI_ADDR_WIDTH64_C_M_AXI_DATA_WIDTH64_C_M_AXI_AWUSER_WIDTH1_C_M_AXI_ARUSER_WIDTH1_C_M_AXI_WUSER_WIDTH1_C_M_AXI_RUSER_WIDTH1_C_M_AXI_BUSER_WIDTH1_C_USER_VALUE0_C_PROT_VALUE0_C_CACHE_VALUE3_USER_DW64_USER_AW64_USER_MAXREQS4_USER_RFIFONUM_WIDTH9_58
gmem3_m_axi_U/clk_gate_store_unit_buff_wdata_genblk1_U_fifo_mem_mem_reg_9_       3.9900     0.0      0.0000       3.9900 0.0000 SNPS_CLOCK_GATE_HIGH_tinytpu_isa_gmem3_m_axi_CONSERVATIVE1_NUM_READ_OUTSTANDING16_NUM_WRITE_OUTSTANDING16_MAX_READ_BURST_LENGTH16_MAX_WRITE_BURST_LENGTH16_C_M_AXI_ID_WIDTH1_C_M_AXI_ADDR_WIDTH64_C_M_AXI_DATA_WIDTH64_C_M_AXI_AWUSER_WIDTH1_C_M_AXI_ARUSER_WIDTH1_C_M_AXI_WUSER_WIDTH1_C_M_AXI_RUSER_WIDTH1_C_M_AXI_BUSER_WIDTH1_C_USER_VALUE0_C_PROT_VALUE0_C_CACHE_VALUE3_USER_DW64_USER_AW64_USER_MAXREQS4_USER_RFIFONUM_WIDTH9_59
gmem3_m_axi_U/clk_gate_store_unit_buff_wdata_genblk1_waddr_reg       3.9900     0.0      0.0000       3.9900 0.0000 SNPS_CLOCK_GATE_HIGH_tinytpu_isa_gmem3_m_axi_CONSERVATIVE1_NUM_READ_OUTSTANDING16_NUM_WRITE_OUTSTANDING16_MAX_READ_BURST_LENGTH16_MAX_WRITE_BURST_LENGTH16_C_M_AXI_ID_WIDTH1_C_M_AXI_ADDR_WIDTH64_C_M_AXI_DATA_WIDTH64_C_M_AXI_AWUSER_WIDTH1_C_M_AXI_ARUSER_WIDTH1_C_M_AXI_WUSER_WIDTH1_C_M_AXI_RUSER_WIDTH1_C_M_AXI_BUSER_WIDTH1_C_USER_VALUE0_C_PROT_VALUE0_C_CACHE_VALUE3_USER_DW64_USER_AW64_USER_MAXREQS4_USER_RFIFONUM_WIDTH9_66
gmem3_m_axi_U/clk_gate_store_unit_fifo_wreq_empty_n_reg       3.9900     0.0      0.0000       3.9900 0.0000 SNPS_CLOCK_GATE_HIGH_tinytpu_isa_gmem3_m_axi_CONSERVATIVE1_NUM_READ_OUTSTANDING16_NUM_WRITE_OUTSTANDING16_MAX_READ_BURST_LENGTH16_MAX_WRITE_BURST_LENGTH16_C_M_AXI_ID_WIDTH1_C_M_AXI_ADDR_WIDTH64_C_M_AXI_DATA_WIDTH64_C_M_AXI_AWUSER_WIDTH1_C_M_AXI_ARUSER_WIDTH1_C_M_AXI_WUSER_WIDTH1_C_M_AXI_RUSER_WIDTH1_C_M_AXI_BUSER_WIDTH1_C_USER_VALUE0_C_PROT_VALUE0_C_CACHE_VALUE3_USER_DW64_USER_AW64_USER_MAXREQS4_USER_RFIFONUM_WIDTH9_47
gmem3_m_axi_U/clk_gate_store_unit_fifo_wreq_genblk1_U_fifo_srl_dout_reg       3.9900     0.0      0.0000       3.9900 0.0000 SNPS_CLOCK_GATE_HIGH_tinytpu_isa_gmem3_m_axi_CONSERVATIVE1_NUM_READ_OUTSTANDING16_NUM_WRITE_OUTSTANDING16_MAX_READ_BURST_LENGTH16_MAX_WRITE_BURST_LENGTH16_C_M_AXI_ID_WIDTH1_C_M_AXI_ADDR_WIDTH64_C_M_AXI_DATA_WIDTH64_C_M_AXI_AWUSER_WIDTH1_C_M_AXI_ARUSER_WIDTH1_C_M_AXI_WUSER_WIDTH1_C_M_AXI_RUSER_WIDTH1_C_M_AXI_BUSER_WIDTH1_C_USER_VALUE0_C_PROT_VALUE0_C_CACHE_VALUE3_USER_DW64_USER_AW64_USER_MAXREQS4_USER_RFIFONUM_WIDTH9_45
gmem3_m_axi_U/clk_gate_store_unit_fifo_wreq_genblk1_U_fifo_srl_genblk1_mem_reg_2_       3.9900     0.0      0.0000       3.9900 0.0000 SNPS_CLOCK_GATE_HIGH_tinytpu_isa_gmem3_m_axi_CONSERVATIVE1_NUM_READ_OUTSTANDING16_NUM_WRITE_OUTSTANDING16_MAX_READ_BURST_LENGTH16_MAX_WRITE_BURST_LENGTH16_C_M_AXI_ID_WIDTH1_C_M_AXI_ADDR_WIDTH64_C_M_AXI_DATA_WIDTH64_C_M_AXI_AWUSER_WIDTH1_C_M_AXI_ARUSER_WIDTH1_C_M_AXI_WUSER_WIDTH1_C_M_AXI_RUSER_WIDTH1_C_M_AXI_BUSER_WIDTH1_C_USER_VALUE0_C_PROT_VALUE0_C_CACHE_VALUE3_USER_DW64_USER_AW64_USER_MAXREQS4_USER_RFIFONUM_WIDTH9_44
gmem3_m_axi_U/clk_gate_store_unit_fifo_wrsp_empty_n_reg       3.9900     0.0      0.0000       3.9900 0.0000 SNPS_CLOCK_GATE_HIGH_tinytpu_isa_gmem3_m_axi_CONSERVATIVE1_NUM_READ_OUTSTANDING16_NUM_WRITE_OUTSTANDING16_MAX_READ_BURST_LENGTH16_MAX_WRITE_BURST_LENGTH16_C_M_AXI_ID_WIDTH1_C_M_AXI_ADDR_WIDTH64_C_M_AXI_DATA_WIDTH64_C_M_AXI_AWUSER_WIDTH1_C_M_AXI_ARUSER_WIDTH1_C_M_AXI_WUSER_WIDTH1_C_M_AXI_RUSER_WIDTH1_C_M_AXI_BUSER_WIDTH1_C_USER_VALUE0_C_PROT_VALUE0_C_CACHE_VALUE3_USER_DW64_USER_AW64_USER_MAXREQS4_USER_RFIFONUM_WIDTH9_10
gmem3_m_axi_U/clk_gate_store_unit_fifo_wrsp_genblk1_U_fifo_srl_genblk1_mem_reg_14_       3.9900     0.0      0.0000       3.9900 0.0000 SNPS_CLOCK_GATE_HIGH_tinytpu_isa_gmem3_m_axi_CONSERVATIVE1_NUM_READ_OUTSTANDING16_NUM_WRITE_OUTSTANDING16_MAX_READ_BURST_LENGTH16_MAX_WRITE_BURST_LENGTH16_C_M_AXI_ID_WIDTH1_C_M_AXI_ADDR_WIDTH64_C_M_AXI_DATA_WIDTH64_C_M_AXI_AWUSER_WIDTH1_C_M_AXI_ARUSER_WIDTH1_C_M_AXI_WUSER_WIDTH1_C_M_AXI_RUSER_WIDTH1_C_M_AXI_BUSER_WIDTH1_C_USER_VALUE0_C_PROT_VALUE0_C_CACHE_VALUE3_USER_DW64_USER_AW64_USER_MAXREQS4_USER_RFIFONUM_WIDTH9_2
gmem3_m_axi_U/clk_gate_store_unit_fifo_wrsp_genblk1_raddr_reg       3.9900     0.0      0.0000       3.9900 0.0000 SNPS_CLOCK_GATE_HIGH_tinytpu_isa_gmem3_m_axi_CONSERVATIVE1_NUM_READ_OUTSTANDING16_NUM_WRITE_OUTSTANDING16_MAX_READ_BURST_LENGTH16_MAX_WRITE_BURST_LENGTH16_C_M_AXI_ID_WIDTH1_C_M_AXI_ADDR_WIDTH64_C_M_AXI_DATA_WIDTH64_C_M_AXI_AWUSER_WIDTH1_C_M_AXI_ARUSER_WIDTH1_C_M_AXI_WUSER_WIDTH1_C_M_AXI_RUSER_WIDTH1_C_M_AXI_BUSER_WIDTH1_C_USER_VALUE0_C_PROT_VALUE0_C_CACHE_VALUE3_USER_DW64_USER_AW64_USER_MAXREQS4_USER_RFIFONUM_WIDTH9_9
gmem3_m_axi_U/clk_gate_store_unit_tmp_len_reg       3.9900     0.0      0.0000       3.9900 0.0000 SNPS_CLOCK_GATE_HIGH_tinytpu_isa_gmem3_m_axi_CONSERVATIVE1_NUM_READ_OUTSTANDING16_NUM_WRITE_OUTSTANDING16_MAX_READ_BURST_LENGTH16_MAX_WRITE_BURST_LENGTH16_C_M_AXI_ID_WIDTH1_C_M_AXI_ADDR_WIDTH64_C_M_AXI_DATA_WIDTH64_C_M_AXI_AWUSER_WIDTH1_C_M_AXI_ARUSER_WIDTH1_C_M_AXI_WUSER_WIDTH1_C_M_AXI_RUSER_WIDTH1_C_M_AXI_BUSER_WIDTH1_C_USER_VALUE0_C_PROT_VALUE0_C_CACHE_VALUE3_USER_DW64_USER_AW64_USER_MAXREQS4_USER_RFIFONUM_WIDTH9_0
gmem3_m_axi_U/clk_gate_store_unit_user_resp_empty_n_reg       3.9900     0.0      0.0000       3.9900 0.0000 SNPS_CLOCK_GATE_HIGH_tinytpu_isa_gmem3_m_axi_CONSERVATIVE1_NUM_READ_OUTSTANDING16_NUM_WRITE_OUTSTANDING16_MAX_READ_BURST_LENGTH16_MAX_WRITE_BURST_LENGTH16_C_M_AXI_ID_WIDTH1_C_M_AXI_ADDR_WIDTH64_C_M_AXI_DATA_WIDTH64_C_M_AXI_AWUSER_WIDTH1_C_M_AXI_ARUSER_WIDTH1_C_M_AXI_WUSER_WIDTH1_C_M_AXI_RUSER_WIDTH1_C_M_AXI_BUSER_WIDTH1_C_USER_VALUE0_C_PROT_VALUE0_C_CACHE_VALUE3_USER_DW64_USER_AW64_USER_MAXREQS4_USER_RFIFONUM_WIDTH9_49
pe_0_0_U0_clk_gate_grp_pe_0_0_Pipeline_VITIS_LOOP_6042_1_fu_32_ap_enable_reg_pp0_iter4_reg       3.9900     0.0      0.0000       3.9900 0.0000 SNPS_CLOCK_GATE_HIGH_tinytpu_isa_pe_0_0_1
pe_0_0_U0_clk_gate_grp_pe_0_0_Pipeline_VITIS_LOOP_6042_1_fu_32_v2556_fu_62_reg       3.9900     0.0      0.0000       3.9900 0.0000 SNPS_CLOCK_GATE_HIGH_tinytpu_isa_pe_0_0_2
pe_0_0_U0_clk_gate_grp_pe_0_0_Pipeline_VITIS_LOOP_6042_1_fu_32_v2572_reg_283_pp0_iter3_reg_reg       3.9900     0.0      0.0000       3.9900 0.0000 SNPS_CLOCK_GATE_HIGH_tinytpu_isa_pe_0_0_4
pe_0_0_U0_clk_gate_grp_pe_0_0_Pipeline_VITIS_LOOP_6042_1_fu_32_weight_fu_70_reg       3.9900     0.0      0.0000       3.9900 0.0000 SNPS_CLOCK_GATE_HIGH_tinytpu_isa_pe_0_0_3
pe_0_0_U0_clk_gate_trunc_ln6030_reg_51_reg       3.9900     0.0      0.0000       3.9900 0.0000 SNPS_CLOCK_GATE_HIGH_tinytpu_isa_pe_0_0_0
pe_0_1_U0_clk_gate_grp_pe_0_1_Pipeline_VITIS_LOOP_6133_1_fu_30_ap_enable_reg_pp0_iter4_reg       3.9900     0.0      0.0000       3.9900 0.0000 SNPS_CLOCK_GATE_HIGH_tinytpu_isa_pe_0_1_1
pe_0_1_U0_clk_gate_grp_pe_0_1_Pipeline_VITIS_LOOP_6133_1_fu_30_v2600_fu_58_reg       3.9900     0.0      0.0000       3.9900 0.0000 SNPS_CLOCK_GATE_HIGH_tinytpu_isa_pe_0_1_2
pe_0_1_U0_clk_gate_grp_pe_0_1_Pipeline_VITIS_LOOP_6133_1_fu_30_v2613_reg_263_pp0_iter3_reg_reg       3.9900     0.0      0.0000       3.9900 0.0000 SNPS_CLOCK_GATE_HIGH_tinytpu_isa_pe_0_1_4
pe_0_1_U0_clk_gate_grp_pe_0_1_Pipeline_VITIS_LOOP_6133_1_fu_30_weight1_fu_66_reg       3.9900     0.0      0.0000       3.9900 0.0000 SNPS_CLOCK_GATE_HIGH_tinytpu_isa_pe_0_1_3
pe_0_1_U0_clk_gate_trunc_ln6121_reg_47_reg       3.9900     0.0      0.0000       3.9900 0.0000 SNPS_CLOCK_GATE_HIGH_tinytpu_isa_pe_0_1_0
pe_0_2_U0_clk_gate_grp_pe_0_2_Pipeline_VITIS_LOOP_6216_1_fu_30_ap_enable_reg_pp0_iter4_reg       3.9900     0.0      0.0000       3.9900 0.0000 SNPS_CLOCK_GATE_HIGH_tinytpu_isa_pe_0_2_1
pe_0_2_U0_clk_gate_grp_pe_0_2_Pipeline_VITIS_LOOP_6216_1_fu_30_v2641_fu_58_reg       3.9900     0.0      0.0000       3.9900 0.0000 SNPS_CLOCK_GATE_HIGH_tinytpu_isa_pe_0_2_2
pe_0_2_U0_clk_gate_grp_pe_0_2_Pipeline_VITIS_LOOP_6216_1_fu_30_v2654_reg_263_pp0_iter3_reg_reg       3.9900     0.0      0.0000       3.9900 0.0000 SNPS_CLOCK_GATE_HIGH_tinytpu_isa_pe_0_2_4
pe_0_2_U0_clk_gate_grp_pe_0_2_Pipeline_VITIS_LOOP_6216_1_fu_30_weight2_fu_66_reg       3.9900     0.0      0.0000       3.9900 0.0000 SNPS_CLOCK_GATE_HIGH_tinytpu_isa_pe_0_2_3
pe_0_2_U0_clk_gate_trunc_ln6204_reg_47_reg       3.9900     0.0      0.0000       3.9900 0.0000 SNPS_CLOCK_GATE_HIGH_tinytpu_isa_pe_0_2_0
pe_0_3_U0_clk_gate_grp_pe_0_3_Pipeline_VITIS_LOOP_6299_1_fu_30_ap_enable_reg_pp0_iter4_reg       3.9900     0.0      0.0000       3.9900 0.0000 SNPS_CLOCK_GATE_HIGH_tinytpu_isa_pe_0_3_1
pe_0_3_U0_clk_gate_grp_pe_0_3_Pipeline_VITIS_LOOP_6299_1_fu_30_v2682_fu_58_reg       3.9900     0.0      0.0000       3.9900 0.0000 SNPS_CLOCK_GATE_HIGH_tinytpu_isa_pe_0_3_2
pe_0_3_U0_clk_gate_grp_pe_0_3_Pipeline_VITIS_LOOP_6299_1_fu_30_v2695_reg_263_pp0_iter3_reg_reg       3.9900     0.0      0.0000       3.9900 0.0000 SNPS_CLOCK_GATE_HIGH_tinytpu_isa_pe_0_3_4
pe_0_3_U0_clk_gate_grp_pe_0_3_Pipeline_VITIS_LOOP_6299_1_fu_30_weight3_fu_66_reg       3.9900     0.0      0.0000       3.9900 0.0000 SNPS_CLOCK_GATE_HIGH_tinytpu_isa_pe_0_3_3
pe_0_3_U0_clk_gate_trunc_ln6287_reg_47_reg       3.9900     0.0      0.0000       3.9900 0.0000 SNPS_CLOCK_GATE_HIGH_tinytpu_isa_pe_0_3_0
pe_0_4_U0_clk_gate_grp_pe_0_4_Pipeline_VITIS_LOOP_6382_1_fu_30_ap_enable_reg_pp0_iter4_reg       3.9900     0.0      0.0000       3.9900 0.0000 SNPS_CLOCK_GATE_HIGH_tinytpu_isa_pe_0_4_1
pe_0_4_U0_clk_gate_grp_pe_0_4_Pipeline_VITIS_LOOP_6382_1_fu_30_v2723_fu_58_reg       3.9900     0.0      0.0000       3.9900 0.0000 SNPS_CLOCK_GATE_HIGH_tinytpu_isa_pe_0_4_2
pe_0_4_U0_clk_gate_grp_pe_0_4_Pipeline_VITIS_LOOP_6382_1_fu_30_v2736_reg_263_pp0_iter3_reg_reg       3.9900     0.0      0.0000       3.9900 0.0000 SNPS_CLOCK_GATE_HIGH_tinytpu_isa_pe_0_4_4
pe_0_4_U0_clk_gate_grp_pe_0_4_Pipeline_VITIS_LOOP_6382_1_fu_30_weight4_fu_66_reg       3.9900     0.0      0.0000       3.9900 0.0000 SNPS_CLOCK_GATE_HIGH_tinytpu_isa_pe_0_4_3
pe_0_4_U0_clk_gate_trunc_ln6370_reg_47_reg       3.9900     0.0      0.0000       3.9900 0.0000 SNPS_CLOCK_GATE_HIGH_tinytpu_isa_pe_0_4_0
pe_0_5_U0_clk_gate_grp_pe_0_5_Pipeline_VITIS_LOOP_6465_1_fu_30_ap_enable_reg_pp0_iter4_reg       3.9900     0.0      0.0000       3.9900 0.0000 SNPS_CLOCK_GATE_HIGH_tinytpu_isa_pe_0_5_1
pe_0_5_U0_clk_gate_grp_pe_0_5_Pipeline_VITIS_LOOP_6465_1_fu_30_v2764_fu_58_reg       3.9900     0.0      0.0000       3.9900 0.0000 SNPS_CLOCK_GATE_HIGH_tinytpu_isa_pe_0_5_2
pe_0_5_U0_clk_gate_grp_pe_0_5_Pipeline_VITIS_LOOP_6465_1_fu_30_v2777_reg_263_pp0_iter3_reg_reg       3.9900     0.0      0.0000       3.9900 0.0000 SNPS_CLOCK_GATE_HIGH_tinytpu_isa_pe_0_5_4
pe_0_5_U0_clk_gate_grp_pe_0_5_Pipeline_VITIS_LOOP_6465_1_fu_30_weight5_fu_66_reg       3.9900     0.0      0.0000       3.9900 0.0000 SNPS_CLOCK_GATE_HIGH_tinytpu_isa_pe_0_5_3
pe_0_5_U0_clk_gate_trunc_ln6453_reg_47_reg       3.9900     0.0      0.0000       3.9900 0.0000 SNPS_CLOCK_GATE_HIGH_tinytpu_isa_pe_0_5_0
pe_0_6_U0_clk_gate_grp_pe_0_6_Pipeline_VITIS_LOOP_6548_1_fu_30_ap_enable_reg_pp0_iter4_reg       3.9900     0.0      0.0000       3.9900 0.0000 SNPS_CLOCK_GATE_HIGH_tinytpu_isa_pe_0_6_1
pe_0_6_U0_clk_gate_grp_pe_0_6_Pipeline_VITIS_LOOP_6548_1_fu_30_v2805_fu_58_reg       3.9900     0.0      0.0000       3.9900 0.0000 SNPS_CLOCK_GATE_HIGH_tinytpu_isa_pe_0_6_2
pe_0_6_U0_clk_gate_grp_pe_0_6_Pipeline_VITIS_LOOP_6548_1_fu_30_v2818_reg_263_pp0_iter3_reg_reg       3.9900     0.0      0.0000       3.9900 0.0000 SNPS_CLOCK_GATE_HIGH_tinytpu_isa_pe_0_6_4
pe_0_6_U0_clk_gate_grp_pe_0_6_Pipeline_VITIS_LOOP_6548_1_fu_30_weight6_fu_66_reg       3.9900     0.0      0.0000       3.9900 0.0000 SNPS_CLOCK_GATE_HIGH_tinytpu_isa_pe_0_6_3
pe_0_6_U0_clk_gate_trunc_ln6536_reg_47_reg       3.9900     0.0      0.0000       3.9900 0.0000 SNPS_CLOCK_GATE_HIGH_tinytpu_isa_pe_0_6_0
pe_0_7_U0_clk_gate_grp_pe_0_7_Pipeline_VITIS_LOOP_6630_1_fu_28_ap_enable_reg_pp0_iter4_reg       3.9900     0.0      0.0000       3.9900 0.0000 SNPS_CLOCK_GATE_HIGH_tinytpu_isa_pe_0_7_1
pe_0_7_U0_clk_gate_grp_pe_0_7_Pipeline_VITIS_LOOP_6630_1_fu_28_v2845_fu_54_reg       3.9900     0.0      0.0000       3.9900 0.0000 SNPS_CLOCK_GATE_HIGH_tinytpu_isa_pe_0_7_2
pe_0_7_U0_clk_gate_grp_pe_0_7_Pipeline_VITIS_LOOP_6630_1_fu_28_v2858_reg_252_reg       3.9900     0.0      0.0000       3.9900 0.0000 SNPS_CLOCK_GATE_HIGH_tinytpu_isa_pe_0_7_4
pe_0_7_U0_clk_gate_grp_pe_0_7_Pipeline_VITIS_LOOP_6630_1_fu_28_weight7_fu_62_reg       3.9900     0.0      0.0000       3.9900 0.0000 SNPS_CLOCK_GATE_HIGH_tinytpu_isa_pe_0_7_3
pe_0_7_U0_clk_gate_trunc_ln6618_reg_43_reg       3.9900     0.0      0.0000       3.9900 0.0000 SNPS_CLOCK_GATE_HIGH_tinytpu_isa_pe_0_7_0
pe_1_0_U0_clk_gate_grp_pe_1_0_Pipeline_VITIS_LOOP_6713_1_fu_34_ap_enable_reg_pp0_iter6_reg       3.9900     0.0      0.0000       3.9900 0.0000 SNPS_CLOCK_GATE_HIGH_tinytpu_isa_pe_1_0_1
pe_1_0_U0_clk_gate_grp_pe_1_0_Pipeline_VITIS_LOOP_6713_1_fu_34_v2887_fu_68_reg       3.9900     0.0      0.0000       3.9900 0.0000 SNPS_CLOCK_GATE_HIGH_tinytpu_isa_pe_1_0_3
pe_1_0_U0_clk_gate_grp_pe_1_0_Pipeline_VITIS_LOOP_6713_1_fu_34_v2904_reg_305_reg       3.9900     0.0      0.0000       3.9900 0.0000 SNPS_CLOCK_GATE_HIGH_tinytpu_isa_pe_1_0_6
pe_1_0_U0_clk_gate_grp_pe_1_0_Pipeline_VITIS_LOOP_6713_1_fu_34_weight8_fu_76_reg       3.9900     0.0      0.0000       3.9900 0.0000 SNPS_CLOCK_GATE_HIGH_tinytpu_isa_pe_1_0_4
pe_1_0_U0_clk_gate_trunc_ln6701_reg_55_reg       3.9900     0.0      0.0000       3.9900 0.0000 SNPS_CLOCK_GATE_HIGH_tinytpu_isa_pe_1_0_0
pe_1_1_U0_clk_gate_grp_pe_1_1_Pipeline_VITIS_LOOP_6807_1_fu_32_ap_enable_reg_pp0_iter6_reg       3.9900     0.0      0.0000       3.9900 0.0000 SNPS_CLOCK_GATE_HIGH_tinytpu_isa_pe_1_1_1
pe_1_1_U0_clk_gate_grp_pe_1_1_Pipeline_VITIS_LOOP_6807_1_fu_32_v2933_fu_60_reg       3.9900     0.0      0.0000       3.9900 0.0000 SNPS_CLOCK_GATE_HIGH_tinytpu_isa_pe_1_1_3
pe_1_1_U0_clk_gate_grp_pe_1_1_Pipeline_VITIS_LOOP_6807_1_fu_32_v2947_reg_275_reg       3.9900     0.0      0.0000       3.9900 0.0000 SNPS_CLOCK_GATE_HIGH_tinytpu_isa_pe_1_1_6
pe_1_1_U0_clk_gate_grp_pe_1_1_Pipeline_VITIS_LOOP_6807_1_fu_32_weight9_fu_68_reg       3.9900     0.0      0.0000       3.9900 0.0000 SNPS_CLOCK_GATE_HIGH_tinytpu_isa_pe_1_1_4
pe_1_1_U0_clk_gate_trunc_ln6795_reg_51_reg       3.9900     0.0      0.0000       3.9900 0.0000 SNPS_CLOCK_GATE_HIGH_tinytpu_isa_pe_1_1_0
pe_1_2_U0_clk_gate_grp_pe_1_2_Pipeline_VITIS_LOOP_6893_1_fu_32_ap_enable_reg_pp0_iter6_reg       3.9900     0.0      0.0000       3.9900 0.0000 SNPS_CLOCK_GATE_HIGH_tinytpu_isa_pe_1_2_1
pe_1_2_U0_clk_gate_grp_pe_1_2_Pipeline_VITIS_LOOP_6893_1_fu_32_v2976_fu_60_reg       3.9900     0.0      0.0000       3.9900 0.0000 SNPS_CLOCK_GATE_HIGH_tinytpu_isa_pe_1_2_3
pe_1_2_U0_clk_gate_grp_pe_1_2_Pipeline_VITIS_LOOP_6893_1_fu_32_v2990_reg_275_reg       3.9900     0.0      0.0000       3.9900 0.0000 SNPS_CLOCK_GATE_HIGH_tinytpu_isa_pe_1_2_6
pe_1_2_U0_clk_gate_grp_pe_1_2_Pipeline_VITIS_LOOP_6893_1_fu_32_weight10_fu_68_reg       3.9900     0.0      0.0000       3.9900 0.0000 SNPS_CLOCK_GATE_HIGH_tinytpu_isa_pe_1_2_4
pe_1_2_U0_clk_gate_trunc_ln6881_reg_51_reg       3.9900     0.0      0.0000       3.9900 0.0000 SNPS_CLOCK_GATE_HIGH_tinytpu_isa_pe_1_2_0
pe_1_3_U0_clk_gate_grp_pe_1_3_Pipeline_VITIS_LOOP_6979_1_fu_32_ap_enable_reg_pp0_iter6_reg       3.9900     0.0      0.0000       3.9900 0.0000 SNPS_CLOCK_GATE_HIGH_tinytpu_isa_pe_1_3_1
pe_1_3_U0_clk_gate_grp_pe_1_3_Pipeline_VITIS_LOOP_6979_1_fu_32_v3019_fu_60_reg       3.9900     0.0      0.0000       3.9900 0.0000 SNPS_CLOCK_GATE_HIGH_tinytpu_isa_pe_1_3_3
pe_1_3_U0_clk_gate_grp_pe_1_3_Pipeline_VITIS_LOOP_6979_1_fu_32_v3033_reg_275_reg       3.9900     0.0      0.0000       3.9900 0.0000 SNPS_CLOCK_GATE_HIGH_tinytpu_isa_pe_1_3_6
pe_1_3_U0_clk_gate_grp_pe_1_3_Pipeline_VITIS_LOOP_6979_1_fu_32_weight11_fu_68_reg       3.9900     0.0      0.0000       3.9900 0.0000 SNPS_CLOCK_GATE_HIGH_tinytpu_isa_pe_1_3_4
pe_1_3_U0_clk_gate_trunc_ln6967_reg_51_reg       3.9900     0.0      0.0000       3.9900 0.0000 SNPS_CLOCK_GATE_HIGH_tinytpu_isa_pe_1_3_0
pe_1_4_U0_clk_gate_grp_pe_1_4_Pipeline_VITIS_LOOP_7065_1_fu_32_ap_enable_reg_pp0_iter6_reg       3.9900     0.0      0.0000       3.9900 0.0000 SNPS_CLOCK_GATE_HIGH_tinytpu_isa_pe_1_4_1
pe_1_4_U0_clk_gate_grp_pe_1_4_Pipeline_VITIS_LOOP_7065_1_fu_32_v3062_fu_60_reg       3.9900     0.0      0.0000       3.9900 0.0000 SNPS_CLOCK_GATE_HIGH_tinytpu_isa_pe_1_4_3
pe_1_4_U0_clk_gate_grp_pe_1_4_Pipeline_VITIS_LOOP_7065_1_fu_32_v3076_reg_275_reg       3.9900     0.0      0.0000       3.9900 0.0000 SNPS_CLOCK_GATE_HIGH_tinytpu_isa_pe_1_4_6
pe_1_4_U0_clk_gate_grp_pe_1_4_Pipeline_VITIS_LOOP_7065_1_fu_32_weight12_fu_68_reg       3.9900     0.0      0.0000       3.9900 0.0000 SNPS_CLOCK_GATE_HIGH_tinytpu_isa_pe_1_4_4
pe_1_4_U0_clk_gate_trunc_ln7053_reg_51_reg       3.9900     0.0      0.0000       3.9900 0.0000 SNPS_CLOCK_GATE_HIGH_tinytpu_isa_pe_1_4_0
pe_1_5_U0_clk_gate_grp_pe_1_5_Pipeline_VITIS_LOOP_7151_1_fu_32_ap_enable_reg_pp0_iter6_reg       3.9900     0.0      0.0000       3.9900 0.0000 SNPS_CLOCK_GATE_HIGH_tinytpu_isa_pe_1_5_1
pe_1_5_U0_clk_gate_grp_pe_1_5_Pipeline_VITIS_LOOP_7151_1_fu_32_v3105_fu_60_reg       3.9900     0.0      0.0000       3.9900 0.0000 SNPS_CLOCK_GATE_HIGH_tinytpu_isa_pe_1_5_3
pe_1_5_U0_clk_gate_grp_pe_1_5_Pipeline_VITIS_LOOP_7151_1_fu_32_v3119_reg_275_reg       3.9900     0.0      0.0000       3.9900 0.0000 SNPS_CLOCK_GATE_HIGH_tinytpu_isa_pe_1_5_6
pe_1_5_U0_clk_gate_grp_pe_1_5_Pipeline_VITIS_LOOP_7151_1_fu_32_weight13_fu_68_reg       3.9900     0.0      0.0000       3.9900 0.0000 SNPS_CLOCK_GATE_HIGH_tinytpu_isa_pe_1_5_4
pe_1_5_U0_clk_gate_trunc_ln7139_reg_51_reg       3.9900     0.0      0.0000       3.9900 0.0000 SNPS_CLOCK_GATE_HIGH_tinytpu_isa_pe_1_5_0
pe_1_6_U0_clk_gate_grp_pe_1_6_Pipeline_VITIS_LOOP_7237_1_fu_32_ap_enable_reg_pp0_iter6_reg       3.9900     0.0      0.0000       3.9900 0.0000 SNPS_CLOCK_GATE_HIGH_tinytpu_isa_pe_1_6_1
pe_1_6_U0_clk_gate_grp_pe_1_6_Pipeline_VITIS_LOOP_7237_1_fu_32_v3148_fu_60_reg       3.9900     0.0      0.0000       3.9900 0.0000 SNPS_CLOCK_GATE_HIGH_tinytpu_isa_pe_1_6_3
pe_1_6_U0_clk_gate_grp_pe_1_6_Pipeline_VITIS_LOOP_7237_1_fu_32_v3162_reg_275_reg       3.9900     0.0      0.0000       3.9900 0.0000 SNPS_CLOCK_GATE_HIGH_tinytpu_isa_pe_1_6_6
pe_1_6_U0_clk_gate_grp_pe_1_6_Pipeline_VITIS_LOOP_7237_1_fu_32_weight14_fu_68_reg       3.9900     0.0      0.0000       3.9900 0.0000 SNPS_CLOCK_GATE_HIGH_tinytpu_isa_pe_1_6_4
pe_1_6_U0_clk_gate_trunc_ln7225_reg_51_reg       3.9900     0.0      0.0000       3.9900 0.0000 SNPS_CLOCK_GATE_HIGH_tinytpu_isa_pe_1_6_0
pe_1_7_U0_clk_gate_grp_pe_1_7_Pipeline_VITIS_LOOP_7322_1_fu_30_ap_enable_reg_pp0_iter6_reg       3.9900     0.0      0.0000       3.9900 0.0000 SNPS_CLOCK_GATE_HIGH_tinytpu_isa_pe_1_7_1
pe_1_7_U0_clk_gate_grp_pe_1_7_Pipeline_VITIS_LOOP_7322_1_fu_30_v3190_fu_56_reg       3.9900     0.0      0.0000       3.9900 0.0000 SNPS_CLOCK_GATE_HIGH_tinytpu_isa_pe_1_7_3
pe_1_7_U0_clk_gate_grp_pe_1_7_Pipeline_VITIS_LOOP_7322_1_fu_30_v3204_reg_259_reg       3.9900     0.0      0.0000       3.9900 0.0000 SNPS_CLOCK_GATE_HIGH_tinytpu_isa_pe_1_7_6
pe_1_7_U0_clk_gate_grp_pe_1_7_Pipeline_VITIS_LOOP_7322_1_fu_30_weight15_fu_64_reg       3.9900     0.0      0.0000       3.9900 0.0000 SNPS_CLOCK_GATE_HIGH_tinytpu_isa_pe_1_7_4
pe_1_7_U0_clk_gate_trunc_ln7310_reg_47_reg       3.9900     0.0      0.0000       3.9900 0.0000 SNPS_CLOCK_GATE_HIGH_tinytpu_isa_pe_1_7_0
pe_2_0_U0_clk_gate_grp_pe_2_0_Pipeline_VITIS_LOOP_7407_1_fu_34_ap_enable_reg_pp0_iter6_reg       3.9900     0.0      0.0000       3.9900 0.0000 SNPS_CLOCK_GATE_HIGH_tinytpu_isa_pe_2_0_1
pe_2_0_U0_clk_gate_grp_pe_2_0_Pipeline_VITIS_LOOP_7407_1_fu_34_v3233_fu_70_reg       3.9900     0.0      0.0000       3.9900 0.0000 SNPS_CLOCK_GATE_HIGH_tinytpu_isa_pe_2_0_3
pe_2_0_U0_clk_gate_grp_pe_2_0_Pipeline_VITIS_LOOP_7407_1_fu_34_v3250_reg_307_reg       3.9900     0.0      0.0000       3.9900 0.0000 SNPS_CLOCK_GATE_HIGH_tinytpu_isa_pe_2_0_6
pe_2_0_U0_clk_gate_grp_pe_2_0_Pipeline_VITIS_LOOP_7407_1_fu_34_weight17_fu_78_reg       3.9900     0.0      0.0000       3.9900 0.0000 SNPS_CLOCK_GATE_HIGH_tinytpu_isa_pe_2_0_4
pe_2_0_U0_clk_gate_trunc_ln7395_reg_55_reg       3.9900     0.0      0.0000       3.9900 0.0000 SNPS_CLOCK_GATE_HIGH_tinytpu_isa_pe_2_0_0
pe_2_1_U0_clk_gate_grp_pe_2_1_Pipeline_VITIS_LOOP_7501_1_fu_32_ap_enable_reg_pp0_iter6_reg       3.9900     0.0      0.0000       3.9900 0.0000 SNPS_CLOCK_GATE_HIGH_tinytpu_isa_pe_2_1_1
pe_2_1_U0_clk_gate_grp_pe_2_1_Pipeline_VITIS_LOOP_7501_1_fu_32_v3279_fu_60_reg       3.9900     0.0      0.0000       3.9900 0.0000 SNPS_CLOCK_GATE_HIGH_tinytpu_isa_pe_2_1_3
pe_2_1_U0_clk_gate_grp_pe_2_1_Pipeline_VITIS_LOOP_7501_1_fu_32_v3293_reg_275_reg       3.9900     0.0      0.0000       3.9900 0.0000 SNPS_CLOCK_GATE_HIGH_tinytpu_isa_pe_2_1_6
pe_2_1_U0_clk_gate_grp_pe_2_1_Pipeline_VITIS_LOOP_7501_1_fu_32_weight18_fu_68_reg       3.9900     0.0      0.0000       3.9900 0.0000 SNPS_CLOCK_GATE_HIGH_tinytpu_isa_pe_2_1_4
pe_2_1_U0_clk_gate_trunc_ln7489_reg_51_reg       3.9900     0.0      0.0000       3.9900 0.0000 SNPS_CLOCK_GATE_HIGH_tinytpu_isa_pe_2_1_0
pe_2_2_U0_clk_gate_grp_pe_2_2_Pipeline_VITIS_LOOP_7587_1_fu_32_ap_enable_reg_pp0_iter6_reg       3.9900     0.0      0.0000       3.9900 0.0000 SNPS_CLOCK_GATE_HIGH_tinytpu_isa_pe_2_2_1
pe_2_2_U0_clk_gate_grp_pe_2_2_Pipeline_VITIS_LOOP_7587_1_fu_32_v3322_fu_60_reg       3.9900     0.0      0.0000       3.9900 0.0000 SNPS_CLOCK_GATE_HIGH_tinytpu_isa_pe_2_2_3
pe_2_2_U0_clk_gate_grp_pe_2_2_Pipeline_VITIS_LOOP_7587_1_fu_32_v3336_reg_275_reg       3.9900     0.0      0.0000       3.9900 0.0000 SNPS_CLOCK_GATE_HIGH_tinytpu_isa_pe_2_2_6
pe_2_2_U0_clk_gate_grp_pe_2_2_Pipeline_VITIS_LOOP_7587_1_fu_32_weight19_fu_68_reg       3.9900     0.0      0.0000       3.9900 0.0000 SNPS_CLOCK_GATE_HIGH_tinytpu_isa_pe_2_2_4
pe_2_2_U0_clk_gate_trunc_ln7575_reg_51_reg       3.9900     0.0      0.0000       3.9900 0.0000 SNPS_CLOCK_GATE_HIGH_tinytpu_isa_pe_2_2_0
pe_2_3_U0_clk_gate_grp_pe_2_3_Pipeline_VITIS_LOOP_7673_1_fu_32_ap_enable_reg_pp0_iter6_reg       3.9900     0.0      0.0000       3.9900 0.0000 SNPS_CLOCK_GATE_HIGH_tinytpu_isa_pe_2_3_1
pe_2_3_U0_clk_gate_grp_pe_2_3_Pipeline_VITIS_LOOP_7673_1_fu_32_v3365_fu_60_reg       3.9900     0.0      0.0000       3.9900 0.0000 SNPS_CLOCK_GATE_HIGH_tinytpu_isa_pe_2_3_3
pe_2_3_U0_clk_gate_grp_pe_2_3_Pipeline_VITIS_LOOP_7673_1_fu_32_v3379_reg_275_reg       3.9900     0.0      0.0000       3.9900 0.0000 SNPS_CLOCK_GATE_HIGH_tinytpu_isa_pe_2_3_6
pe_2_3_U0_clk_gate_grp_pe_2_3_Pipeline_VITIS_LOOP_7673_1_fu_32_weight20_fu_68_reg       3.9900     0.0      0.0000       3.9900 0.0000 SNPS_CLOCK_GATE_HIGH_tinytpu_isa_pe_2_3_4
pe_2_3_U0_clk_gate_trunc_ln7661_reg_51_reg       3.9900     0.0      0.0000       3.9900 0.0000 SNPS_CLOCK_GATE_HIGH_tinytpu_isa_pe_2_3_0
pe_2_4_U0_clk_gate_grp_pe_2_4_Pipeline_VITIS_LOOP_7759_1_fu_32_ap_enable_reg_pp0_iter6_reg       3.9900     0.0      0.0000       3.9900 0.0000 SNPS_CLOCK_GATE_HIGH_tinytpu_isa_pe_2_4_1
pe_2_4_U0_clk_gate_grp_pe_2_4_Pipeline_VITIS_LOOP_7759_1_fu_32_v3408_fu_60_reg       3.9900     0.0      0.0000       3.9900 0.0000 SNPS_CLOCK_GATE_HIGH_tinytpu_isa_pe_2_4_3
pe_2_4_U0_clk_gate_grp_pe_2_4_Pipeline_VITIS_LOOP_7759_1_fu_32_v3422_reg_275_reg       3.9900     0.0      0.0000       3.9900 0.0000 SNPS_CLOCK_GATE_HIGH_tinytpu_isa_pe_2_4_6
pe_2_4_U0_clk_gate_grp_pe_2_4_Pipeline_VITIS_LOOP_7759_1_fu_32_weight21_fu_68_reg       3.9900     0.0      0.0000       3.9900 0.0000 SNPS_CLOCK_GATE_HIGH_tinytpu_isa_pe_2_4_4
pe_2_4_U0_clk_gate_trunc_ln7747_reg_51_reg       3.9900     0.0      0.0000       3.9900 0.0000 SNPS_CLOCK_GATE_HIGH_tinytpu_isa_pe_2_4_0
pe_2_5_U0_clk_gate_grp_pe_2_5_Pipeline_VITIS_LOOP_7845_1_fu_32_ap_enable_reg_pp0_iter6_reg       3.9900     0.0      0.0000       3.9900 0.0000 SNPS_CLOCK_GATE_HIGH_tinytpu_isa_pe_2_5_1
pe_2_5_U0_clk_gate_grp_pe_2_5_Pipeline_VITIS_LOOP_7845_1_fu_32_v3451_fu_60_reg       3.9900     0.0      0.0000       3.9900 0.0000 SNPS_CLOCK_GATE_HIGH_tinytpu_isa_pe_2_5_3
pe_2_5_U0_clk_gate_grp_pe_2_5_Pipeline_VITIS_LOOP_7845_1_fu_32_v3465_reg_275_reg       3.9900     0.0      0.0000       3.9900 0.0000 SNPS_CLOCK_GATE_HIGH_tinytpu_isa_pe_2_5_6
pe_2_5_U0_clk_gate_grp_pe_2_5_Pipeline_VITIS_LOOP_7845_1_fu_32_weight22_fu_68_reg       3.9900     0.0      0.0000       3.9900 0.0000 SNPS_CLOCK_GATE_HIGH_tinytpu_isa_pe_2_5_4
pe_2_5_U0_clk_gate_trunc_ln7833_reg_51_reg       3.9900     0.0      0.0000       3.9900 0.0000 SNPS_CLOCK_GATE_HIGH_tinytpu_isa_pe_2_5_0
pe_2_6_U0_clk_gate_grp_pe_2_6_Pipeline_VITIS_LOOP_7931_1_fu_32_ap_enable_reg_pp0_iter6_reg       3.9900     0.0      0.0000       3.9900 0.0000 SNPS_CLOCK_GATE_HIGH_tinytpu_isa_pe_2_6_1
pe_2_6_U0_clk_gate_grp_pe_2_6_Pipeline_VITIS_LOOP_7931_1_fu_32_v3494_fu_60_reg       3.9900     0.0      0.0000       3.9900 0.0000 SNPS_CLOCK_GATE_HIGH_tinytpu_isa_pe_2_6_3
pe_2_6_U0_clk_gate_grp_pe_2_6_Pipeline_VITIS_LOOP_7931_1_fu_32_v3508_reg_275_reg       3.9900     0.0      0.0000       3.9900 0.0000 SNPS_CLOCK_GATE_HIGH_tinytpu_isa_pe_2_6_6
pe_2_6_U0_clk_gate_grp_pe_2_6_Pipeline_VITIS_LOOP_7931_1_fu_32_weight23_fu_68_reg       3.9900     0.0      0.0000       3.9900 0.0000 SNPS_CLOCK_GATE_HIGH_tinytpu_isa_pe_2_6_4
pe_2_6_U0_clk_gate_trunc_ln7919_reg_51_reg       3.9900     0.0      0.0000       3.9900 0.0000 SNPS_CLOCK_GATE_HIGH_tinytpu_isa_pe_2_6_0
pe_2_7_U0_clk_gate_grp_pe_2_7_Pipeline_VITIS_LOOP_8016_1_fu_30_ap_enable_reg_pp0_iter6_reg       3.9900     0.0      0.0000       3.9900 0.0000 SNPS_CLOCK_GATE_HIGH_tinytpu_isa_pe_2_7_1
pe_2_7_U0_clk_gate_grp_pe_2_7_Pipeline_VITIS_LOOP_8016_1_fu_30_v3536_fu_56_reg       3.9900     0.0      0.0000       3.9900 0.0000 SNPS_CLOCK_GATE_HIGH_tinytpu_isa_pe_2_7_3
pe_2_7_U0_clk_gate_grp_pe_2_7_Pipeline_VITIS_LOOP_8016_1_fu_30_v3550_reg_259_reg       3.9900     0.0      0.0000       3.9900 0.0000 SNPS_CLOCK_GATE_HIGH_tinytpu_isa_pe_2_7_6
pe_2_7_U0_clk_gate_grp_pe_2_7_Pipeline_VITIS_LOOP_8016_1_fu_30_weight24_fu_64_reg       3.9900     0.0      0.0000       3.9900 0.0000 SNPS_CLOCK_GATE_HIGH_tinytpu_isa_pe_2_7_4
pe_2_7_U0_clk_gate_trunc_ln8004_reg_47_reg       3.9900     0.0      0.0000       3.9900 0.0000 SNPS_CLOCK_GATE_HIGH_tinytpu_isa_pe_2_7_0
pe_3_0_U0_clk_gate_grp_pe_3_0_Pipeline_VITIS_LOOP_8101_1_fu_34_ap_enable_reg_pp0_iter6_reg       3.9900     0.0      0.0000       3.9900 0.0000 SNPS_CLOCK_GATE_HIGH_tinytpu_isa_pe_3_0_1
pe_3_0_U0_clk_gate_grp_pe_3_0_Pipeline_VITIS_LOOP_8101_1_fu_34_v3579_fu_70_reg       3.9900     0.0      0.0000       3.9900 0.0000 SNPS_CLOCK_GATE_HIGH_tinytpu_isa_pe_3_0_3
pe_3_0_U0_clk_gate_grp_pe_3_0_Pipeline_VITIS_LOOP_8101_1_fu_34_v3596_reg_307_reg       3.9900     0.0      0.0000       3.9900 0.0000 SNPS_CLOCK_GATE_HIGH_tinytpu_isa_pe_3_0_6
pe_3_0_U0_clk_gate_grp_pe_3_0_Pipeline_VITIS_LOOP_8101_1_fu_34_weight25_fu_78_reg       3.9900     0.0      0.0000       3.9900 0.0000 SNPS_CLOCK_GATE_HIGH_tinytpu_isa_pe_3_0_4
pe_3_0_U0_clk_gate_trunc_ln8089_reg_55_reg       3.9900     0.0      0.0000       3.9900 0.0000 SNPS_CLOCK_GATE_HIGH_tinytpu_isa_pe_3_0_0
pe_3_1_U0_clk_gate_grp_pe_3_1_Pipeline_VITIS_LOOP_8195_1_fu_32_ap_enable_reg_pp0_iter6_reg       3.9900     0.0      0.0000       3.9900 0.0000 SNPS_CLOCK_GATE_HIGH_tinytpu_isa_pe_3_1_1
pe_3_1_U0_clk_gate_grp_pe_3_1_Pipeline_VITIS_LOOP_8195_1_fu_32_v3625_fu_60_reg       3.9900     0.0      0.0000       3.9900 0.0000 SNPS_CLOCK_GATE_HIGH_tinytpu_isa_pe_3_1_3
pe_3_1_U0_clk_gate_grp_pe_3_1_Pipeline_VITIS_LOOP_8195_1_fu_32_v3639_reg_275_reg       3.9900     0.0      0.0000       3.9900 0.0000 SNPS_CLOCK_GATE_HIGH_tinytpu_isa_pe_3_1_6
pe_3_1_U0_clk_gate_grp_pe_3_1_Pipeline_VITIS_LOOP_8195_1_fu_32_weight26_fu_68_reg       3.9900     0.0      0.0000       3.9900 0.0000 SNPS_CLOCK_GATE_HIGH_tinytpu_isa_pe_3_1_4
pe_3_1_U0_clk_gate_trunc_ln8183_reg_51_reg       3.9900     0.0      0.0000       3.9900 0.0000 SNPS_CLOCK_GATE_HIGH_tinytpu_isa_pe_3_1_0
pe_3_2_U0_clk_gate_grp_pe_3_2_Pipeline_VITIS_LOOP_8281_1_fu_32_ap_enable_reg_pp0_iter6_reg       3.9900     0.0      0.0000       3.9900 0.0000 SNPS_CLOCK_GATE_HIGH_tinytpu_isa_pe_3_2_1
pe_3_2_U0_clk_gate_grp_pe_3_2_Pipeline_VITIS_LOOP_8281_1_fu_32_v3668_fu_60_reg       3.9900     0.0      0.0000       3.9900 0.0000 SNPS_CLOCK_GATE_HIGH_tinytpu_isa_pe_3_2_3
pe_3_2_U0_clk_gate_grp_pe_3_2_Pipeline_VITIS_LOOP_8281_1_fu_32_v3682_reg_275_reg       3.9900     0.0      0.0000       3.9900 0.0000 SNPS_CLOCK_GATE_HIGH_tinytpu_isa_pe_3_2_6
pe_3_2_U0_clk_gate_grp_pe_3_2_Pipeline_VITIS_LOOP_8281_1_fu_32_weight27_fu_68_reg       3.9900     0.0      0.0000       3.9900 0.0000 SNPS_CLOCK_GATE_HIGH_tinytpu_isa_pe_3_2_4
pe_3_2_U0_clk_gate_trunc_ln8269_reg_51_reg       3.9900     0.0      0.0000       3.9900 0.0000 SNPS_CLOCK_GATE_HIGH_tinytpu_isa_pe_3_2_0
pe_3_3_U0_clk_gate_grp_pe_3_3_Pipeline_VITIS_LOOP_8367_1_fu_32_ap_enable_reg_pp0_iter6_reg       3.9900     0.0      0.0000       3.9900 0.0000 SNPS_CLOCK_GATE_HIGH_tinytpu_isa_pe_3_3_1
pe_3_3_U0_clk_gate_grp_pe_3_3_Pipeline_VITIS_LOOP_8367_1_fu_32_v3711_fu_60_reg       3.9900     0.0      0.0000       3.9900 0.0000 SNPS_CLOCK_GATE_HIGH_tinytpu_isa_pe_3_3_3
pe_3_3_U0_clk_gate_grp_pe_3_3_Pipeline_VITIS_LOOP_8367_1_fu_32_v3725_reg_275_reg       3.9900     0.0      0.0000       3.9900 0.0000 SNPS_CLOCK_GATE_HIGH_tinytpu_isa_pe_3_3_6
pe_3_3_U0_clk_gate_grp_pe_3_3_Pipeline_VITIS_LOOP_8367_1_fu_32_weight28_fu_68_reg       3.9900     0.0      0.0000       3.9900 0.0000 SNPS_CLOCK_GATE_HIGH_tinytpu_isa_pe_3_3_4
pe_3_3_U0_clk_gate_trunc_ln8355_reg_51_reg       3.9900     0.0      0.0000       3.9900 0.0000 SNPS_CLOCK_GATE_HIGH_tinytpu_isa_pe_3_3_0
pe_3_4_U0_clk_gate_grp_pe_3_4_Pipeline_VITIS_LOOP_8453_1_fu_32_ap_enable_reg_pp0_iter6_reg       3.9900     0.0      0.0000       3.9900 0.0000 SNPS_CLOCK_GATE_HIGH_tinytpu_isa_pe_3_4_1
pe_3_4_U0_clk_gate_grp_pe_3_4_Pipeline_VITIS_LOOP_8453_1_fu_32_v3754_fu_60_reg       3.9900     0.0      0.0000       3.9900 0.0000 SNPS_CLOCK_GATE_HIGH_tinytpu_isa_pe_3_4_3
pe_3_4_U0_clk_gate_grp_pe_3_4_Pipeline_VITIS_LOOP_8453_1_fu_32_v3768_reg_275_reg       3.9900     0.0      0.0000       3.9900 0.0000 SNPS_CLOCK_GATE_HIGH_tinytpu_isa_pe_3_4_6
pe_3_4_U0_clk_gate_grp_pe_3_4_Pipeline_VITIS_LOOP_8453_1_fu_32_weight29_fu_68_reg       3.9900     0.0      0.0000       3.9900 0.0000 SNPS_CLOCK_GATE_HIGH_tinytpu_isa_pe_3_4_4
pe_3_4_U0_clk_gate_trunc_ln8441_reg_51_reg       3.9900     0.0      0.0000       3.9900 0.0000 SNPS_CLOCK_GATE_HIGH_tinytpu_isa_pe_3_4_0
pe_3_5_U0_clk_gate_grp_pe_3_5_Pipeline_VITIS_LOOP_8539_1_fu_32_ap_enable_reg_pp0_iter6_reg       3.9900     0.0      0.0000       3.9900 0.0000 SNPS_CLOCK_GATE_HIGH_tinytpu_isa_pe_3_5_1
pe_3_5_U0_clk_gate_grp_pe_3_5_Pipeline_VITIS_LOOP_8539_1_fu_32_v3797_fu_60_reg       3.9900     0.0      0.0000       3.9900 0.0000 SNPS_CLOCK_GATE_HIGH_tinytpu_isa_pe_3_5_3
pe_3_5_U0_clk_gate_grp_pe_3_5_Pipeline_VITIS_LOOP_8539_1_fu_32_v3811_reg_275_reg       3.9900     0.0      0.0000       3.9900 0.0000 SNPS_CLOCK_GATE_HIGH_tinytpu_isa_pe_3_5_6
pe_3_5_U0_clk_gate_grp_pe_3_5_Pipeline_VITIS_LOOP_8539_1_fu_32_weight30_fu_68_reg       3.9900     0.0      0.0000       3.9900 0.0000 SNPS_CLOCK_GATE_HIGH_tinytpu_isa_pe_3_5_4
pe_3_5_U0_clk_gate_trunc_ln8527_reg_51_reg       3.9900     0.0      0.0000       3.9900 0.0000 SNPS_CLOCK_GATE_HIGH_tinytpu_isa_pe_3_5_0
pe_3_6_U0_clk_gate_grp_pe_3_6_Pipeline_VITIS_LOOP_8625_1_fu_32_ap_enable_reg_pp0_iter6_reg       3.9900     0.0      0.0000       3.9900 0.0000 SNPS_CLOCK_GATE_HIGH_tinytpu_isa_pe_3_6_1
pe_3_6_U0_clk_gate_grp_pe_3_6_Pipeline_VITIS_LOOP_8625_1_fu_32_v3840_fu_60_reg       3.9900     0.0      0.0000       3.9900 0.0000 SNPS_CLOCK_GATE_HIGH_tinytpu_isa_pe_3_6_3
pe_3_6_U0_clk_gate_grp_pe_3_6_Pipeline_VITIS_LOOP_8625_1_fu_32_v3854_reg_275_reg       3.9900     0.0      0.0000       3.9900 0.0000 SNPS_CLOCK_GATE_HIGH_tinytpu_isa_pe_3_6_6
pe_3_6_U0_clk_gate_grp_pe_3_6_Pipeline_VITIS_LOOP_8625_1_fu_32_weight31_fu_68_reg       3.9900     0.0      0.0000       3.9900 0.0000 SNPS_CLOCK_GATE_HIGH_tinytpu_isa_pe_3_6_4
pe_3_6_U0_clk_gate_trunc_ln8613_reg_51_reg       3.9900     0.0      0.0000       3.9900 0.0000 SNPS_CLOCK_GATE_HIGH_tinytpu_isa_pe_3_6_0
pe_3_7_U0_clk_gate_grp_pe_3_7_Pipeline_VITIS_LOOP_8710_1_fu_30_ap_enable_reg_pp0_iter6_reg       3.9900     0.0      0.0000       3.9900 0.0000 SNPS_CLOCK_GATE_HIGH_tinytpu_isa_pe_3_7_1
pe_3_7_U0_clk_gate_grp_pe_3_7_Pipeline_VITIS_LOOP_8710_1_fu_30_v3882_fu_56_reg       3.9900     0.0      0.0000       3.9900 0.0000 SNPS_CLOCK_GATE_HIGH_tinytpu_isa_pe_3_7_3
pe_3_7_U0_clk_gate_grp_pe_3_7_Pipeline_VITIS_LOOP_8710_1_fu_30_v3896_reg_259_reg       3.9900     0.0      0.0000       3.9900 0.0000 SNPS_CLOCK_GATE_HIGH_tinytpu_isa_pe_3_7_6
pe_3_7_U0_clk_gate_grp_pe_3_7_Pipeline_VITIS_LOOP_8710_1_fu_30_weight32_fu_64_reg       3.9900     0.0      0.0000       3.9900 0.0000 SNPS_CLOCK_GATE_HIGH_tinytpu_isa_pe_3_7_4
pe_3_7_U0_clk_gate_trunc_ln8698_reg_47_reg       3.9900     0.0      0.0000       3.9900 0.0000 SNPS_CLOCK_GATE_HIGH_tinytpu_isa_pe_3_7_0
pe_4_0_U0_clk_gate_grp_pe_4_0_Pipeline_VITIS_LOOP_8795_1_fu_34_ap_enable_reg_pp0_iter6_reg       3.9900     0.0      0.0000       3.9900 0.0000 SNPS_CLOCK_GATE_HIGH_tinytpu_isa_pe_4_0_1
pe_4_0_U0_clk_gate_grp_pe_4_0_Pipeline_VITIS_LOOP_8795_1_fu_34_v3925_fu_70_reg       3.9900     0.0      0.0000       3.9900 0.0000 SNPS_CLOCK_GATE_HIGH_tinytpu_isa_pe_4_0_3
pe_4_0_U0_clk_gate_grp_pe_4_0_Pipeline_VITIS_LOOP_8795_1_fu_34_v3942_reg_307_reg       3.9900     0.0      0.0000       3.9900 0.0000 SNPS_CLOCK_GATE_HIGH_tinytpu_isa_pe_4_0_6
pe_4_0_U0_clk_gate_grp_pe_4_0_Pipeline_VITIS_LOOP_8795_1_fu_34_weight33_fu_78_reg       3.9900     0.0      0.0000       3.9900 0.0000 SNPS_CLOCK_GATE_HIGH_tinytpu_isa_pe_4_0_4
pe_4_0_U0_clk_gate_trunc_ln8783_reg_55_reg       3.9900     0.0      0.0000       3.9900 0.0000 SNPS_CLOCK_GATE_HIGH_tinytpu_isa_pe_4_0_0
pe_4_1_U0_clk_gate_grp_pe_4_1_Pipeline_VITIS_LOOP_8889_1_fu_32_ap_enable_reg_pp0_iter6_reg       3.9900     0.0      0.0000       3.9900 0.0000 SNPS_CLOCK_GATE_HIGH_tinytpu_isa_pe_4_1_1
pe_4_1_U0_clk_gate_grp_pe_4_1_Pipeline_VITIS_LOOP_8889_1_fu_32_v3971_fu_60_reg       3.9900     0.0      0.0000       3.9900 0.0000 SNPS_CLOCK_GATE_HIGH_tinytpu_isa_pe_4_1_3
pe_4_1_U0_clk_gate_grp_pe_4_1_Pipeline_VITIS_LOOP_8889_1_fu_32_v3985_reg_275_reg       3.9900     0.0      0.0000       3.9900 0.0000 SNPS_CLOCK_GATE_HIGH_tinytpu_isa_pe_4_1_6
pe_4_1_U0_clk_gate_grp_pe_4_1_Pipeline_VITIS_LOOP_8889_1_fu_32_weight34_fu_68_reg       3.9900     0.0      0.0000       3.9900 0.0000 SNPS_CLOCK_GATE_HIGH_tinytpu_isa_pe_4_1_4
pe_4_1_U0_clk_gate_trunc_ln8877_reg_51_reg       3.9900     0.0      0.0000       3.9900 0.0000 SNPS_CLOCK_GATE_HIGH_tinytpu_isa_pe_4_1_0
pe_4_2_U0_clk_gate_grp_pe_4_2_Pipeline_VITIS_LOOP_8975_1_fu_32_ap_enable_reg_pp0_iter6_reg       3.9900     0.0      0.0000       3.9900 0.0000 SNPS_CLOCK_GATE_HIGH_tinytpu_isa_pe_4_2_1
pe_4_2_U0_clk_gate_grp_pe_4_2_Pipeline_VITIS_LOOP_8975_1_fu_32_v4014_fu_60_reg       3.9900     0.0      0.0000       3.9900 0.0000 SNPS_CLOCK_GATE_HIGH_tinytpu_isa_pe_4_2_3
pe_4_2_U0_clk_gate_grp_pe_4_2_Pipeline_VITIS_LOOP_8975_1_fu_32_v4028_reg_275_reg       3.9900     0.0      0.0000       3.9900 0.0000 SNPS_CLOCK_GATE_HIGH_tinytpu_isa_pe_4_2_6
pe_4_2_U0_clk_gate_grp_pe_4_2_Pipeline_VITIS_LOOP_8975_1_fu_32_weight35_fu_68_reg       3.9900     0.0      0.0000       3.9900 0.0000 SNPS_CLOCK_GATE_HIGH_tinytpu_isa_pe_4_2_4
pe_4_2_U0_clk_gate_trunc_ln8963_reg_51_reg       3.9900     0.0      0.0000       3.9900 0.0000 SNPS_CLOCK_GATE_HIGH_tinytpu_isa_pe_4_2_0
pe_4_3_U0_clk_gate_grp_pe_4_3_Pipeline_VITIS_LOOP_9061_1_fu_32_ap_enable_reg_pp0_iter6_reg       3.9900     0.0      0.0000       3.9900 0.0000 SNPS_CLOCK_GATE_HIGH_tinytpu_isa_pe_4_3_1
pe_4_3_U0_clk_gate_grp_pe_4_3_Pipeline_VITIS_LOOP_9061_1_fu_32_v4057_fu_60_reg       3.9900     0.0      0.0000       3.9900 0.0000 SNPS_CLOCK_GATE_HIGH_tinytpu_isa_pe_4_3_3
pe_4_3_U0_clk_gate_grp_pe_4_3_Pipeline_VITIS_LOOP_9061_1_fu_32_v4071_reg_275_reg       3.9900     0.0      0.0000       3.9900 0.0000 SNPS_CLOCK_GATE_HIGH_tinytpu_isa_pe_4_3_6
pe_4_3_U0_clk_gate_grp_pe_4_3_Pipeline_VITIS_LOOP_9061_1_fu_32_weight36_fu_68_reg       3.9900     0.0      0.0000       3.9900 0.0000 SNPS_CLOCK_GATE_HIGH_tinytpu_isa_pe_4_3_4
pe_4_3_U0_clk_gate_trunc_ln9049_reg_51_reg       3.9900     0.0      0.0000       3.9900 0.0000 SNPS_CLOCK_GATE_HIGH_tinytpu_isa_pe_4_3_0
pe_4_4_U0_clk_gate_grp_pe_4_4_Pipeline_VITIS_LOOP_9147_1_fu_32_ap_enable_reg_pp0_iter6_reg       3.9900     0.0      0.0000       3.9900 0.0000 SNPS_CLOCK_GATE_HIGH_tinytpu_isa_pe_4_4_1
pe_4_4_U0_clk_gate_grp_pe_4_4_Pipeline_VITIS_LOOP_9147_1_fu_32_v4100_fu_60_reg       3.9900     0.0      0.0000       3.9900 0.0000 SNPS_CLOCK_GATE_HIGH_tinytpu_isa_pe_4_4_3
pe_4_4_U0_clk_gate_grp_pe_4_4_Pipeline_VITIS_LOOP_9147_1_fu_32_v4114_reg_275_reg       3.9900     0.0      0.0000       3.9900 0.0000 SNPS_CLOCK_GATE_HIGH_tinytpu_isa_pe_4_4_6
pe_4_4_U0_clk_gate_grp_pe_4_4_Pipeline_VITIS_LOOP_9147_1_fu_32_weight37_fu_68_reg       3.9900     0.0      0.0000       3.9900 0.0000 SNPS_CLOCK_GATE_HIGH_tinytpu_isa_pe_4_4_4
pe_4_4_U0_clk_gate_trunc_ln9135_reg_51_reg       3.9900     0.0      0.0000       3.9900 0.0000 SNPS_CLOCK_GATE_HIGH_tinytpu_isa_pe_4_4_0
pe_4_5_U0_clk_gate_grp_pe_4_5_Pipeline_VITIS_LOOP_9233_1_fu_32_ap_enable_reg_pp0_iter6_reg       3.9900     0.0      0.0000       3.9900 0.0000 SNPS_CLOCK_GATE_HIGH_tinytpu_isa_pe_4_5_1
pe_4_5_U0_clk_gate_grp_pe_4_5_Pipeline_VITIS_LOOP_9233_1_fu_32_v4143_fu_60_reg       3.9900     0.0      0.0000       3.9900 0.0000 SNPS_CLOCK_GATE_HIGH_tinytpu_isa_pe_4_5_3
pe_4_5_U0_clk_gate_grp_pe_4_5_Pipeline_VITIS_LOOP_9233_1_fu_32_v4157_reg_275_reg       3.9900     0.0      0.0000       3.9900 0.0000 SNPS_CLOCK_GATE_HIGH_tinytpu_isa_pe_4_5_6
pe_4_5_U0_clk_gate_grp_pe_4_5_Pipeline_VITIS_LOOP_9233_1_fu_32_weight38_fu_68_reg       3.9900     0.0      0.0000       3.9900 0.0000 SNPS_CLOCK_GATE_HIGH_tinytpu_isa_pe_4_5_4
pe_4_5_U0_clk_gate_trunc_ln9221_reg_51_reg       3.9900     0.0      0.0000       3.9900 0.0000 SNPS_CLOCK_GATE_HIGH_tinytpu_isa_pe_4_5_0
pe_4_6_U0_clk_gate_grp_pe_4_6_Pipeline_VITIS_LOOP_9319_1_fu_32_ap_enable_reg_pp0_iter6_reg       3.9900     0.0      0.0000       3.9900 0.0000 SNPS_CLOCK_GATE_HIGH_tinytpu_isa_pe_4_6_1
pe_4_6_U0_clk_gate_grp_pe_4_6_Pipeline_VITIS_LOOP_9319_1_fu_32_v4186_fu_60_reg       3.9900     0.0      0.0000       3.9900 0.0000 SNPS_CLOCK_GATE_HIGH_tinytpu_isa_pe_4_6_3
pe_4_6_U0_clk_gate_grp_pe_4_6_Pipeline_VITIS_LOOP_9319_1_fu_32_v4200_reg_275_reg       3.9900     0.0      0.0000       3.9900 0.0000 SNPS_CLOCK_GATE_HIGH_tinytpu_isa_pe_4_6_6
pe_4_6_U0_clk_gate_grp_pe_4_6_Pipeline_VITIS_LOOP_9319_1_fu_32_weight39_fu_68_reg       3.9900     0.0      0.0000       3.9900 0.0000 SNPS_CLOCK_GATE_HIGH_tinytpu_isa_pe_4_6_4
pe_4_6_U0_clk_gate_trunc_ln9307_reg_51_reg       3.9900     0.0      0.0000       3.9900 0.0000 SNPS_CLOCK_GATE_HIGH_tinytpu_isa_pe_4_6_0
pe_4_7_U0_clk_gate_grp_pe_4_7_Pipeline_VITIS_LOOP_9404_1_fu_30_ap_enable_reg_pp0_iter6_reg       3.9900     0.0      0.0000       3.9900 0.0000 SNPS_CLOCK_GATE_HIGH_tinytpu_isa_pe_4_7_1
pe_4_7_U0_clk_gate_grp_pe_4_7_Pipeline_VITIS_LOOP_9404_1_fu_30_v4228_fu_56_reg       3.9900     0.0      0.0000       3.9900 0.0000 SNPS_CLOCK_GATE_HIGH_tinytpu_isa_pe_4_7_3
pe_4_7_U0_clk_gate_grp_pe_4_7_Pipeline_VITIS_LOOP_9404_1_fu_30_v4242_reg_259_reg       3.9900     0.0      0.0000       3.9900 0.0000 SNPS_CLOCK_GATE_HIGH_tinytpu_isa_pe_4_7_6
pe_4_7_U0_clk_gate_grp_pe_4_7_Pipeline_VITIS_LOOP_9404_1_fu_30_weight40_fu_64_reg       3.9900     0.0      0.0000       3.9900 0.0000 SNPS_CLOCK_GATE_HIGH_tinytpu_isa_pe_4_7_4
pe_4_7_U0_clk_gate_trunc_ln9392_reg_47_reg       3.9900     0.0      0.0000       3.9900 0.0000 SNPS_CLOCK_GATE_HIGH_tinytpu_isa_pe_4_7_0
pe_5_0_U0_clk_gate_grp_pe_5_0_Pipeline_VITIS_LOOP_9489_1_fu_34_ap_enable_reg_pp0_iter6_reg       3.9900     0.0      0.0000       3.9900 0.0000 SNPS_CLOCK_GATE_HIGH_tinytpu_isa_pe_5_0_1
pe_5_0_U0_clk_gate_grp_pe_5_0_Pipeline_VITIS_LOOP_9489_1_fu_34_v4271_fu_70_reg       3.9900     0.0      0.0000       3.9900 0.0000 SNPS_CLOCK_GATE_HIGH_tinytpu_isa_pe_5_0_3
pe_5_0_U0_clk_gate_grp_pe_5_0_Pipeline_VITIS_LOOP_9489_1_fu_34_v4288_reg_307_reg       3.9900     0.0      0.0000       3.9900 0.0000 SNPS_CLOCK_GATE_HIGH_tinytpu_isa_pe_5_0_6
pe_5_0_U0_clk_gate_grp_pe_5_0_Pipeline_VITIS_LOOP_9489_1_fu_34_weight41_fu_78_reg       3.9900     0.0      0.0000       3.9900 0.0000 SNPS_CLOCK_GATE_HIGH_tinytpu_isa_pe_5_0_4
pe_5_0_U0_clk_gate_trunc_ln9477_reg_55_reg       3.9900     0.0      0.0000       3.9900 0.0000 SNPS_CLOCK_GATE_HIGH_tinytpu_isa_pe_5_0_0
pe_5_1_U0_clk_gate_grp_pe_5_1_Pipeline_VITIS_LOOP_9583_1_fu_32_ap_enable_reg_pp0_iter6_reg       3.9900     0.0      0.0000       3.9900 0.0000 SNPS_CLOCK_GATE_HIGH_tinytpu_isa_pe_5_1_1
pe_5_1_U0_clk_gate_grp_pe_5_1_Pipeline_VITIS_LOOP_9583_1_fu_32_v4317_fu_60_reg       3.9900     0.0      0.0000       3.9900 0.0000 SNPS_CLOCK_GATE_HIGH_tinytpu_isa_pe_5_1_3
pe_5_1_U0_clk_gate_grp_pe_5_1_Pipeline_VITIS_LOOP_9583_1_fu_32_v4331_reg_275_reg       3.9900     0.0      0.0000       3.9900 0.0000 SNPS_CLOCK_GATE_HIGH_tinytpu_isa_pe_5_1_6
pe_5_1_U0_clk_gate_grp_pe_5_1_Pipeline_VITIS_LOOP_9583_1_fu_32_weight42_fu_68_reg       3.9900     0.0      0.0000       3.9900 0.0000 SNPS_CLOCK_GATE_HIGH_tinytpu_isa_pe_5_1_4
pe_5_1_U0_clk_gate_trunc_ln9571_reg_51_reg       3.9900     0.0      0.0000       3.9900 0.0000 SNPS_CLOCK_GATE_HIGH_tinytpu_isa_pe_5_1_0
pe_5_2_U0_clk_gate_grp_pe_5_2_Pipeline_VITIS_LOOP_9669_1_fu_32_ap_enable_reg_pp0_iter6_reg       3.9900     0.0      0.0000       3.9900 0.0000 SNPS_CLOCK_GATE_HIGH_tinytpu_isa_pe_5_2_1
pe_5_2_U0_clk_gate_grp_pe_5_2_Pipeline_VITIS_LOOP_9669_1_fu_32_v4360_fu_60_reg       3.9900     0.0      0.0000       3.9900 0.0000 SNPS_CLOCK_GATE_HIGH_tinytpu_isa_pe_5_2_3
pe_5_2_U0_clk_gate_grp_pe_5_2_Pipeline_VITIS_LOOP_9669_1_fu_32_v4374_reg_275_reg       3.9900     0.0      0.0000       3.9900 0.0000 SNPS_CLOCK_GATE_HIGH_tinytpu_isa_pe_5_2_6
pe_5_2_U0_clk_gate_grp_pe_5_2_Pipeline_VITIS_LOOP_9669_1_fu_32_weight43_fu_68_reg       3.9900     0.0      0.0000       3.9900 0.0000 SNPS_CLOCK_GATE_HIGH_tinytpu_isa_pe_5_2_4
pe_5_2_U0_clk_gate_trunc_ln9657_reg_51_reg       3.9900     0.0      0.0000       3.9900 0.0000 SNPS_CLOCK_GATE_HIGH_tinytpu_isa_pe_5_2_0
pe_5_3_U0_clk_gate_grp_pe_5_3_Pipeline_VITIS_LOOP_9755_1_fu_32_ap_enable_reg_pp0_iter6_reg       3.9900     0.0      0.0000       3.9900 0.0000 SNPS_CLOCK_GATE_HIGH_tinytpu_isa_pe_5_3_1
pe_5_3_U0_clk_gate_grp_pe_5_3_Pipeline_VITIS_LOOP_9755_1_fu_32_v4403_fu_60_reg       3.9900     0.0      0.0000       3.9900 0.0000 SNPS_CLOCK_GATE_HIGH_tinytpu_isa_pe_5_3_3
pe_5_3_U0_clk_gate_grp_pe_5_3_Pipeline_VITIS_LOOP_9755_1_fu_32_v4417_reg_275_reg       3.9900     0.0      0.0000       3.9900 0.0000 SNPS_CLOCK_GATE_HIGH_tinytpu_isa_pe_5_3_6
pe_5_3_U0_clk_gate_grp_pe_5_3_Pipeline_VITIS_LOOP_9755_1_fu_32_weight44_fu_68_reg       3.9900     0.0      0.0000       3.9900 0.0000 SNPS_CLOCK_GATE_HIGH_tinytpu_isa_pe_5_3_4
pe_5_3_U0_clk_gate_trunc_ln9743_reg_51_reg       3.9900     0.0      0.0000       3.9900 0.0000 SNPS_CLOCK_GATE_HIGH_tinytpu_isa_pe_5_3_0
pe_5_4_U0_clk_gate_grp_pe_5_4_Pipeline_VITIS_LOOP_9841_1_fu_32_ap_enable_reg_pp0_iter6_reg       3.9900     0.0      0.0000       3.9900 0.0000 SNPS_CLOCK_GATE_HIGH_tinytpu_isa_pe_5_4_1
pe_5_4_U0_clk_gate_grp_pe_5_4_Pipeline_VITIS_LOOP_9841_1_fu_32_v4446_fu_60_reg       3.9900     0.0      0.0000       3.9900 0.0000 SNPS_CLOCK_GATE_HIGH_tinytpu_isa_pe_5_4_3
pe_5_4_U0_clk_gate_grp_pe_5_4_Pipeline_VITIS_LOOP_9841_1_fu_32_v4460_reg_275_reg       3.9900     0.0      0.0000       3.9900 0.0000 SNPS_CLOCK_GATE_HIGH_tinytpu_isa_pe_5_4_6
pe_5_4_U0_clk_gate_grp_pe_5_4_Pipeline_VITIS_LOOP_9841_1_fu_32_weight45_fu_68_reg       3.9900     0.0      0.0000       3.9900 0.0000 SNPS_CLOCK_GATE_HIGH_tinytpu_isa_pe_5_4_4
pe_5_4_U0_clk_gate_trunc_ln9829_reg_51_reg       3.9900     0.0      0.0000       3.9900 0.0000 SNPS_CLOCK_GATE_HIGH_tinytpu_isa_pe_5_4_0
pe_5_5_U0_clk_gate_grp_pe_5_5_Pipeline_VITIS_LOOP_9927_1_fu_32_ap_enable_reg_pp0_iter6_reg       3.9900     0.0      0.0000       3.9900 0.0000 SNPS_CLOCK_GATE_HIGH_tinytpu_isa_pe_5_5_1
pe_5_5_U0_clk_gate_grp_pe_5_5_Pipeline_VITIS_LOOP_9927_1_fu_32_v4489_fu_60_reg       3.9900     0.0      0.0000       3.9900 0.0000 SNPS_CLOCK_GATE_HIGH_tinytpu_isa_pe_5_5_3
pe_5_5_U0_clk_gate_grp_pe_5_5_Pipeline_VITIS_LOOP_9927_1_fu_32_v4503_reg_275_reg       3.9900     0.0      0.0000       3.9900 0.0000 SNPS_CLOCK_GATE_HIGH_tinytpu_isa_pe_5_5_6
pe_5_5_U0_clk_gate_grp_pe_5_5_Pipeline_VITIS_LOOP_9927_1_fu_32_weight46_fu_68_reg       3.9900     0.0      0.0000       3.9900 0.0000 SNPS_CLOCK_GATE_HIGH_tinytpu_isa_pe_5_5_4
pe_5_5_U0_clk_gate_trunc_ln9915_reg_51_reg       3.9900     0.0      0.0000       3.9900 0.0000 SNPS_CLOCK_GATE_HIGH_tinytpu_isa_pe_5_5_0
pe_5_6_U0_clk_gate_grp_pe_5_6_Pipeline_VITIS_LOOP_10013_1_fu_32_ap_enable_reg_pp0_iter6_reg       3.9900     0.0      0.0000       3.9900 0.0000 SNPS_CLOCK_GATE_HIGH_tinytpu_isa_pe_5_6_1
pe_5_6_U0_clk_gate_grp_pe_5_6_Pipeline_VITIS_LOOP_10013_1_fu_32_v4532_fu_60_reg       3.9900     0.0      0.0000       3.9900 0.0000 SNPS_CLOCK_GATE_HIGH_tinytpu_isa_pe_5_6_3
pe_5_6_U0_clk_gate_grp_pe_5_6_Pipeline_VITIS_LOOP_10013_1_fu_32_v4546_reg_275_reg       3.9900     0.0      0.0000       3.9900 0.0000 SNPS_CLOCK_GATE_HIGH_tinytpu_isa_pe_5_6_6
pe_5_6_U0_clk_gate_grp_pe_5_6_Pipeline_VITIS_LOOP_10013_1_fu_32_weight47_fu_68_reg       3.9900     0.0      0.0000       3.9900 0.0000 SNPS_CLOCK_GATE_HIGH_tinytpu_isa_pe_5_6_4
pe_5_6_U0_clk_gate_trunc_ln10001_reg_51_reg       3.9900     0.0      0.0000       3.9900 0.0000 SNPS_CLOCK_GATE_HIGH_tinytpu_isa_pe_5_6_0
pe_5_7_U0_clk_gate_grp_pe_5_7_Pipeline_VITIS_LOOP_10098_1_fu_30_ap_enable_reg_pp0_iter6_reg       3.9900     0.0      0.0000       3.9900 0.0000 SNPS_CLOCK_GATE_HIGH_tinytpu_isa_pe_5_7_1
pe_5_7_U0_clk_gate_grp_pe_5_7_Pipeline_VITIS_LOOP_10098_1_fu_30_v4574_fu_56_reg       3.9900     0.0      0.0000       3.9900 0.0000 SNPS_CLOCK_GATE_HIGH_tinytpu_isa_pe_5_7_3
pe_5_7_U0_clk_gate_grp_pe_5_7_Pipeline_VITIS_LOOP_10098_1_fu_30_v4588_reg_259_reg       3.9900     0.0      0.0000       3.9900 0.0000 SNPS_CLOCK_GATE_HIGH_tinytpu_isa_pe_5_7_6
pe_5_7_U0_clk_gate_grp_pe_5_7_Pipeline_VITIS_LOOP_10098_1_fu_30_weight48_fu_64_reg       3.9900     0.0      0.0000       3.9900 0.0000 SNPS_CLOCK_GATE_HIGH_tinytpu_isa_pe_5_7_4
pe_5_7_U0_clk_gate_trunc_ln10086_reg_47_reg       3.9900     0.0      0.0000       3.9900 0.0000 SNPS_CLOCK_GATE_HIGH_tinytpu_isa_pe_5_7_0
pe_6_0_U0_clk_gate_grp_pe_6_0_Pipeline_VITIS_LOOP_10183_1_fu_34_ap_enable_reg_pp0_iter6_reg       3.9900     0.0      0.0000       3.9900 0.0000 SNPS_CLOCK_GATE_HIGH_tinytpu_isa_pe_6_0_1
pe_6_0_U0_clk_gate_grp_pe_6_0_Pipeline_VITIS_LOOP_10183_1_fu_34_v4617_fu_70_reg       3.9900     0.0      0.0000       3.9900 0.0000 SNPS_CLOCK_GATE_HIGH_tinytpu_isa_pe_6_0_3
pe_6_0_U0_clk_gate_grp_pe_6_0_Pipeline_VITIS_LOOP_10183_1_fu_34_v4634_reg_307_reg       3.9900     0.0      0.0000       3.9900 0.0000 SNPS_CLOCK_GATE_HIGH_tinytpu_isa_pe_6_0_6
pe_6_0_U0_clk_gate_grp_pe_6_0_Pipeline_VITIS_LOOP_10183_1_fu_34_weight49_fu_78_reg       3.9900     0.0      0.0000       3.9900 0.0000 SNPS_CLOCK_GATE_HIGH_tinytpu_isa_pe_6_0_4
pe_6_0_U0_clk_gate_trunc_ln10171_reg_55_reg       3.9900     0.0      0.0000       3.9900 0.0000 SNPS_CLOCK_GATE_HIGH_tinytpu_isa_pe_6_0_0
pe_6_1_U0_clk_gate_grp_pe_6_1_Pipeline_VITIS_LOOP_10277_1_fu_32_ap_enable_reg_pp0_iter6_reg       3.9900     0.0      0.0000       3.9900 0.0000 SNPS_CLOCK_GATE_HIGH_tinytpu_isa_pe_6_1_1
pe_6_1_U0_clk_gate_grp_pe_6_1_Pipeline_VITIS_LOOP_10277_1_fu_32_v4663_fu_60_reg       3.9900     0.0      0.0000       3.9900 0.0000 SNPS_CLOCK_GATE_HIGH_tinytpu_isa_pe_6_1_3
pe_6_1_U0_clk_gate_grp_pe_6_1_Pipeline_VITIS_LOOP_10277_1_fu_32_v4677_reg_275_reg       3.9900     0.0      0.0000       3.9900 0.0000 SNPS_CLOCK_GATE_HIGH_tinytpu_isa_pe_6_1_6
pe_6_1_U0_clk_gate_grp_pe_6_1_Pipeline_VITIS_LOOP_10277_1_fu_32_weight50_fu_68_reg       3.9900     0.0      0.0000       3.9900 0.0000 SNPS_CLOCK_GATE_HIGH_tinytpu_isa_pe_6_1_4
pe_6_1_U0_clk_gate_trunc_ln10265_reg_51_reg       3.9900     0.0      0.0000       3.9900 0.0000 SNPS_CLOCK_GATE_HIGH_tinytpu_isa_pe_6_1_0
pe_6_2_U0_clk_gate_grp_pe_6_2_Pipeline_VITIS_LOOP_10363_1_fu_32_ap_enable_reg_pp0_iter6_reg       3.9900     0.0      0.0000       3.9900 0.0000 SNPS_CLOCK_GATE_HIGH_tinytpu_isa_pe_6_2_1
pe_6_2_U0_clk_gate_grp_pe_6_2_Pipeline_VITIS_LOOP_10363_1_fu_32_v4706_fu_60_reg       3.9900     0.0      0.0000       3.9900 0.0000 SNPS_CLOCK_GATE_HIGH_tinytpu_isa_pe_6_2_3
pe_6_2_U0_clk_gate_grp_pe_6_2_Pipeline_VITIS_LOOP_10363_1_fu_32_v4720_reg_275_reg       3.9900     0.0      0.0000       3.9900 0.0000 SNPS_CLOCK_GATE_HIGH_tinytpu_isa_pe_6_2_6
pe_6_2_U0_clk_gate_grp_pe_6_2_Pipeline_VITIS_LOOP_10363_1_fu_32_weight51_fu_68_reg       3.9900     0.0      0.0000       3.9900 0.0000 SNPS_CLOCK_GATE_HIGH_tinytpu_isa_pe_6_2_4
pe_6_2_U0_clk_gate_trunc_ln10351_reg_51_reg       3.9900     0.0      0.0000       3.9900 0.0000 SNPS_CLOCK_GATE_HIGH_tinytpu_isa_pe_6_2_0
pe_6_3_U0_clk_gate_grp_pe_6_3_Pipeline_VITIS_LOOP_10449_1_fu_32_ap_enable_reg_pp0_iter6_reg       3.9900     0.0      0.0000       3.9900 0.0000 SNPS_CLOCK_GATE_HIGH_tinytpu_isa_pe_6_3_1
pe_6_3_U0_clk_gate_grp_pe_6_3_Pipeline_VITIS_LOOP_10449_1_fu_32_v4749_fu_60_reg       3.9900     0.0      0.0000       3.9900 0.0000 SNPS_CLOCK_GATE_HIGH_tinytpu_isa_pe_6_3_3
pe_6_3_U0_clk_gate_grp_pe_6_3_Pipeline_VITIS_LOOP_10449_1_fu_32_v4763_reg_275_reg       3.9900     0.0      0.0000       3.9900 0.0000 SNPS_CLOCK_GATE_HIGH_tinytpu_isa_pe_6_3_6
pe_6_3_U0_clk_gate_grp_pe_6_3_Pipeline_VITIS_LOOP_10449_1_fu_32_weight52_fu_68_reg       3.9900     0.0      0.0000       3.9900 0.0000 SNPS_CLOCK_GATE_HIGH_tinytpu_isa_pe_6_3_4
pe_6_3_U0_clk_gate_trunc_ln10437_reg_51_reg       3.9900     0.0      0.0000       3.9900 0.0000 SNPS_CLOCK_GATE_HIGH_tinytpu_isa_pe_6_3_0
pe_6_4_U0_clk_gate_grp_pe_6_4_Pipeline_VITIS_LOOP_10535_1_fu_32_ap_enable_reg_pp0_iter6_reg       3.9900     0.0      0.0000       3.9900 0.0000 SNPS_CLOCK_GATE_HIGH_tinytpu_isa_pe_6_4_1
pe_6_4_U0_clk_gate_grp_pe_6_4_Pipeline_VITIS_LOOP_10535_1_fu_32_v4792_fu_60_reg       3.9900     0.0      0.0000       3.9900 0.0000 SNPS_CLOCK_GATE_HIGH_tinytpu_isa_pe_6_4_3
pe_6_4_U0_clk_gate_grp_pe_6_4_Pipeline_VITIS_LOOP_10535_1_fu_32_v4806_reg_275_reg       3.9900     0.0      0.0000       3.9900 0.0000 SNPS_CLOCK_GATE_HIGH_tinytpu_isa_pe_6_4_6
pe_6_4_U0_clk_gate_grp_pe_6_4_Pipeline_VITIS_LOOP_10535_1_fu_32_weight53_fu_68_reg       3.9900     0.0      0.0000       3.9900 0.0000 SNPS_CLOCK_GATE_HIGH_tinytpu_isa_pe_6_4_4
pe_6_4_U0_clk_gate_trunc_ln10523_reg_51_reg       3.9900     0.0      0.0000       3.9900 0.0000 SNPS_CLOCK_GATE_HIGH_tinytpu_isa_pe_6_4_0
pe_6_5_U0_clk_gate_grp_pe_6_5_Pipeline_VITIS_LOOP_10621_1_fu_32_ap_enable_reg_pp0_iter6_reg       3.9900     0.0      0.0000       3.9900 0.0000 SNPS_CLOCK_GATE_HIGH_tinytpu_isa_pe_6_5_1
pe_6_5_U0_clk_gate_grp_pe_6_5_Pipeline_VITIS_LOOP_10621_1_fu_32_v4835_fu_60_reg       3.9900     0.0      0.0000       3.9900 0.0000 SNPS_CLOCK_GATE_HIGH_tinytpu_isa_pe_6_5_3
pe_6_5_U0_clk_gate_grp_pe_6_5_Pipeline_VITIS_LOOP_10621_1_fu_32_v4849_reg_275_reg       3.9900     0.0      0.0000       3.9900 0.0000 SNPS_CLOCK_GATE_HIGH_tinytpu_isa_pe_6_5_6
pe_6_5_U0_clk_gate_grp_pe_6_5_Pipeline_VITIS_LOOP_10621_1_fu_32_weight54_fu_68_reg       3.9900     0.0      0.0000       3.9900 0.0000 SNPS_CLOCK_GATE_HIGH_tinytpu_isa_pe_6_5_4
pe_6_5_U0_clk_gate_trunc_ln10609_reg_51_reg       3.9900     0.0      0.0000       3.9900 0.0000 SNPS_CLOCK_GATE_HIGH_tinytpu_isa_pe_6_5_0
pe_6_6_U0_clk_gate_grp_pe_6_6_Pipeline_VITIS_LOOP_10707_1_fu_32_ap_enable_reg_pp0_iter6_reg       3.9900     0.0      0.0000       3.9900 0.0000 SNPS_CLOCK_GATE_HIGH_tinytpu_isa_pe_6_6_1
pe_6_6_U0_clk_gate_grp_pe_6_6_Pipeline_VITIS_LOOP_10707_1_fu_32_v4878_fu_60_reg       3.9900     0.0      0.0000       3.9900 0.0000 SNPS_CLOCK_GATE_HIGH_tinytpu_isa_pe_6_6_3
pe_6_6_U0_clk_gate_grp_pe_6_6_Pipeline_VITIS_LOOP_10707_1_fu_32_v4892_reg_275_reg       3.9900     0.0      0.0000       3.9900 0.0000 SNPS_CLOCK_GATE_HIGH_tinytpu_isa_pe_6_6_6
pe_6_6_U0_clk_gate_grp_pe_6_6_Pipeline_VITIS_LOOP_10707_1_fu_32_weight55_fu_68_reg       3.9900     0.0      0.0000       3.9900 0.0000 SNPS_CLOCK_GATE_HIGH_tinytpu_isa_pe_6_6_4
pe_6_6_U0_clk_gate_trunc_ln10695_reg_51_reg       3.9900     0.0      0.0000       3.9900 0.0000 SNPS_CLOCK_GATE_HIGH_tinytpu_isa_pe_6_6_0
pe_6_7_U0_clk_gate_grp_pe_6_7_Pipeline_VITIS_LOOP_10792_1_fu_30_ap_enable_reg_pp0_iter6_reg       3.9900     0.0      0.0000       3.9900 0.0000 SNPS_CLOCK_GATE_HIGH_tinytpu_isa_pe_6_7_1
pe_6_7_U0_clk_gate_grp_pe_6_7_Pipeline_VITIS_LOOP_10792_1_fu_30_v4920_fu_56_reg       3.9900     0.0      0.0000       3.9900 0.0000 SNPS_CLOCK_GATE_HIGH_tinytpu_isa_pe_6_7_3
pe_6_7_U0_clk_gate_grp_pe_6_7_Pipeline_VITIS_LOOP_10792_1_fu_30_v4934_reg_259_reg       3.9900     0.0      0.0000       3.9900 0.0000 SNPS_CLOCK_GATE_HIGH_tinytpu_isa_pe_6_7_6
pe_6_7_U0_clk_gate_grp_pe_6_7_Pipeline_VITIS_LOOP_10792_1_fu_30_weight56_fu_64_reg       3.9900     0.0      0.0000       3.9900 0.0000 SNPS_CLOCK_GATE_HIGH_tinytpu_isa_pe_6_7_4
pe_6_7_U0_clk_gate_trunc_ln10780_reg_47_reg       3.9900     0.0      0.0000       3.9900 0.0000 SNPS_CLOCK_GATE_HIGH_tinytpu_isa_pe_6_7_0
pe_7_0_U0_clk_gate_grp_pe_7_0_Pipeline_VITIS_LOOP_10876_1_fu_32_ap_enable_reg_pp0_iter6_reg       3.9900     0.0      0.0000       3.9900 0.0000 SNPS_CLOCK_GATE_HIGH_tinytpu_isa_pe_7_0_1
pe_7_0_U0_clk_gate_grp_pe_7_0_Pipeline_VITIS_LOOP_10876_1_fu_32_v4962_fu_66_reg       3.9900     0.0      0.0000       3.9900 0.0000 SNPS_CLOCK_GATE_HIGH_tinytpu_isa_pe_7_0_3
pe_7_0_U0_clk_gate_grp_pe_7_0_Pipeline_VITIS_LOOP_10876_1_fu_32_v4978_reg_295_reg       3.9900     0.0      0.0000       3.9900 0.0000 SNPS_CLOCK_GATE_HIGH_tinytpu_isa_pe_7_0_6
pe_7_0_U0_clk_gate_grp_pe_7_0_Pipeline_VITIS_LOOP_10876_1_fu_32_weight57_fu_74_reg       3.9900     0.0      0.0000       3.9900 0.0000 SNPS_CLOCK_GATE_HIGH_tinytpu_isa_pe_7_0_4
pe_7_0_U0_clk_gate_trunc_ln10864_reg_51_reg       3.9900     0.0      0.0000       3.9900 0.0000 SNPS_CLOCK_GATE_HIGH_tinytpu_isa_pe_7_0_0
pe_7_1_U0_clk_gate_grp_pe_7_1_Pipeline_VITIS_LOOP_10978_1_fu_34_ap_enable_reg_pp0_iter6_reg       3.9900     0.0      0.0000       3.9900 0.0000 SNPS_CLOCK_GATE_HIGH_tinytpu_isa_pe_7_1_1
pe_7_1_U0_clk_gate_grp_pe_7_1_Pipeline_VITIS_LOOP_10978_1_fu_34_v5011_fu_70_reg       3.9900     0.0      0.0000       3.9900 0.0000 SNPS_CLOCK_GATE_HIGH_tinytpu_isa_pe_7_1_3
pe_7_1_U0_clk_gate_grp_pe_7_1_Pipeline_VITIS_LOOP_10978_1_fu_34_v5042_reg_317_pp0_iter4_reg_reg       3.9900     0.0      0.0000       3.9900 0.0000 SNPS_CLOCK_GATE_HIGH_tinytpu_isa_pe_7_1_6
pe_7_1_U0_clk_gate_grp_pe_7_1_Pipeline_VITIS_LOOP_10978_1_fu_34_weight58_fu_78_reg       3.9900     0.0      0.0000       3.9900 0.0000 SNPS_CLOCK_GATE_HIGH_tinytpu_isa_pe_7_1_4
pe_7_1_U0_clk_gate_trunc_ln10966_reg_55_reg       3.9900     0.0      0.0000       3.9900 0.0000 SNPS_CLOCK_GATE_HIGH_tinytpu_isa_pe_7_1_0
pe_7_2_U0_clk_gate_grp_pe_7_2_Pipeline_VITIS_LOOP_11076_1_fu_34_ap_enable_reg_pp0_iter6_reg       3.9900     0.0      0.0000       3.9900 0.0000 SNPS_CLOCK_GATE_HIGH_tinytpu_isa_pe_7_2_1
pe_7_2_U0_clk_gate_grp_pe_7_2_Pipeline_VITIS_LOOP_11076_1_fu_34_v5059_fu_70_reg       3.9900     0.0      0.0000       3.9900 0.0000 SNPS_CLOCK_GATE_HIGH_tinytpu_isa_pe_7_2_3
pe_7_2_U0_clk_gate_grp_pe_7_2_Pipeline_VITIS_LOOP_11076_1_fu_34_v5090_reg_317_pp0_iter4_reg_reg       3.9900     0.0      0.0000       3.9900 0.0000 SNPS_CLOCK_GATE_HIGH_tinytpu_isa_pe_7_2_6
pe_7_2_U0_clk_gate_grp_pe_7_2_Pipeline_VITIS_LOOP_11076_1_fu_34_weight59_fu_78_reg       3.9900     0.0      0.0000       3.9900 0.0000 SNPS_CLOCK_GATE_HIGH_tinytpu_isa_pe_7_2_4
pe_7_2_U0_clk_gate_trunc_ln11064_reg_55_reg       3.9900     0.0      0.0000       3.9900 0.0000 SNPS_CLOCK_GATE_HIGH_tinytpu_isa_pe_7_2_0
pe_7_3_U0_clk_gate_grp_pe_7_3_Pipeline_VITIS_LOOP_11174_1_fu_34_ap_enable_reg_pp0_iter6_reg       3.9900     0.0      0.0000       3.9900 0.0000 SNPS_CLOCK_GATE_HIGH_tinytpu_isa_pe_7_3_1
pe_7_3_U0_clk_gate_grp_pe_7_3_Pipeline_VITIS_LOOP_11174_1_fu_34_v5107_fu_70_reg       3.9900     0.0      0.0000       3.9900 0.0000 SNPS_CLOCK_GATE_HIGH_tinytpu_isa_pe_7_3_3
pe_7_3_U0_clk_gate_grp_pe_7_3_Pipeline_VITIS_LOOP_11174_1_fu_34_v5138_reg_317_pp0_iter4_reg_reg       3.9900     0.0      0.0000       3.9900 0.0000 SNPS_CLOCK_GATE_HIGH_tinytpu_isa_pe_7_3_6
pe_7_3_U0_clk_gate_grp_pe_7_3_Pipeline_VITIS_LOOP_11174_1_fu_34_weight60_fu_78_reg       3.9900     0.0      0.0000       3.9900 0.0000 SNPS_CLOCK_GATE_HIGH_tinytpu_isa_pe_7_3_4
pe_7_3_U0_clk_gate_trunc_ln11162_reg_55_reg       3.9900     0.0      0.0000       3.9900 0.0000 SNPS_CLOCK_GATE_HIGH_tinytpu_isa_pe_7_3_0
pe_7_4_U0_clk_gate_grp_pe_7_4_Pipeline_VITIS_LOOP_11272_1_fu_34_ap_enable_reg_pp0_iter6_reg       3.9900     0.0      0.0000       3.9900 0.0000 SNPS_CLOCK_GATE_HIGH_tinytpu_isa_pe_7_4_1
pe_7_4_U0_clk_gate_grp_pe_7_4_Pipeline_VITIS_LOOP_11272_1_fu_34_v5155_fu_70_reg       3.9900     0.0      0.0000       3.9900 0.0000 SNPS_CLOCK_GATE_HIGH_tinytpu_isa_pe_7_4_3
pe_7_4_U0_clk_gate_grp_pe_7_4_Pipeline_VITIS_LOOP_11272_1_fu_34_v5186_reg_317_pp0_iter4_reg_reg       3.9900     0.0      0.0000       3.9900 0.0000 SNPS_CLOCK_GATE_HIGH_tinytpu_isa_pe_7_4_6
pe_7_4_U0_clk_gate_grp_pe_7_4_Pipeline_VITIS_LOOP_11272_1_fu_34_weight61_fu_78_reg       3.9900     0.0      0.0000       3.9900 0.0000 SNPS_CLOCK_GATE_HIGH_tinytpu_isa_pe_7_4_4
pe_7_4_U0_clk_gate_trunc_ln11260_reg_55_reg       3.9900     0.0      0.0000       3.9900 0.0000 SNPS_CLOCK_GATE_HIGH_tinytpu_isa_pe_7_4_0
pe_7_5_U0_clk_gate_grp_pe_7_5_Pipeline_VITIS_LOOP_11370_1_fu_34_ap_enable_reg_pp0_iter6_reg       3.9900     0.0      0.0000       3.9900 0.0000 SNPS_CLOCK_GATE_HIGH_tinytpu_isa_pe_7_5_1
pe_7_5_U0_clk_gate_grp_pe_7_5_Pipeline_VITIS_LOOP_11370_1_fu_34_v5203_fu_70_reg       3.9900     0.0      0.0000       3.9900 0.0000 SNPS_CLOCK_GATE_HIGH_tinytpu_isa_pe_7_5_3
pe_7_5_U0_clk_gate_grp_pe_7_5_Pipeline_VITIS_LOOP_11370_1_fu_34_v5234_reg_317_pp0_iter4_reg_reg       3.9900     0.0      0.0000       3.9900 0.0000 SNPS_CLOCK_GATE_HIGH_tinytpu_isa_pe_7_5_6
pe_7_5_U0_clk_gate_grp_pe_7_5_Pipeline_VITIS_LOOP_11370_1_fu_34_weight62_fu_78_reg       3.9900     0.0      0.0000       3.9900 0.0000 SNPS_CLOCK_GATE_HIGH_tinytpu_isa_pe_7_5_4
pe_7_5_U0_clk_gate_trunc_ln11358_reg_55_reg       3.9900     0.0      0.0000       3.9900 0.0000 SNPS_CLOCK_GATE_HIGH_tinytpu_isa_pe_7_5_0
pe_7_6_U0_clk_gate_grp_pe_7_6_Pipeline_VITIS_LOOP_11468_1_fu_34_ap_enable_reg_pp0_iter6_reg       3.9900     0.0      0.0000       3.9900 0.0000 SNPS_CLOCK_GATE_HIGH_tinytpu_isa_pe_7_6_1
pe_7_6_U0_clk_gate_grp_pe_7_6_Pipeline_VITIS_LOOP_11468_1_fu_34_v5251_fu_70_reg       3.9900     0.0      0.0000       3.9900 0.0000 SNPS_CLOCK_GATE_HIGH_tinytpu_isa_pe_7_6_3
pe_7_6_U0_clk_gate_grp_pe_7_6_Pipeline_VITIS_LOOP_11468_1_fu_34_v5282_reg_317_pp0_iter4_reg_reg       3.9900     0.0      0.0000       3.9900 0.0000 SNPS_CLOCK_GATE_HIGH_tinytpu_isa_pe_7_6_6
pe_7_6_U0_clk_gate_grp_pe_7_6_Pipeline_VITIS_LOOP_11468_1_fu_34_weight63_fu_78_reg       3.9900     0.0      0.0000       3.9900 0.0000 SNPS_CLOCK_GATE_HIGH_tinytpu_isa_pe_7_6_4
pe_7_6_U0_clk_gate_trunc_ln11456_reg_55_reg       3.9900     0.0      0.0000       3.9900 0.0000 SNPS_CLOCK_GATE_HIGH_tinytpu_isa_pe_7_6_0
pe_7_7_U0_clk_gate_grp_pe_7_7_Pipeline_VITIS_LOOP_11565_1_fu_32_ap_enable_reg_pp0_iter6_reg       3.9900     0.0      0.0000       3.9900 0.0000 SNPS_CLOCK_GATE_HIGH_tinytpu_isa_pe_7_7_1
pe_7_7_U0_clk_gate_grp_pe_7_7_Pipeline_VITIS_LOOP_11565_1_fu_32_v5298_fu_66_reg       3.9900     0.0      0.0000       3.9900 0.0000 SNPS_CLOCK_GATE_HIGH_tinytpu_isa_pe_7_7_3
pe_7_7_U0_clk_gate_grp_pe_7_7_Pipeline_VITIS_LOOP_11565_1_fu_32_v5329_reg_301_pp0_iter4_reg_reg       3.9900     0.0      0.0000       3.9900 0.0000 SNPS_CLOCK_GATE_HIGH_tinytpu_isa_pe_7_7_6
pe_7_7_U0_clk_gate_grp_pe_7_7_Pipeline_VITIS_LOOP_11565_1_fu_32_weight64_fu_74_reg       3.9900     0.0      0.0000       3.9900 0.0000 SNPS_CLOCK_GATE_HIGH_tinytpu_isa_pe_7_7_4
pe_7_7_U0_clk_gate_trunc_ln11553_reg_51_reg       3.9900     0.0      0.0000       3.9900 0.0000 SNPS_CLOCK_GATE_HIGH_tinytpu_isa_pe_7_7_0
sequencer_0_1_U0                    33515.7332      1.5    7877.0581    25427.2051  0.0000  tinytpu_isa_sequencer_0_1
sequencer_0_1_U0/clk_gate_grp_sequencer_0_1_Pipeline_VITIS_LOOP_74_1_fu_286_v25_fu_28_reg       3.9900     0.0      0.0000       3.9900 0.0000 SNPS_CLOCK_GATE_HIGH_tinytpu_isa_sequencer_0_1_14
sequencer_0_1_U0/clk_gate_grp_sequencer_0_1_Pipeline_VITIS_LOOP_78_2_fu_291_v26_fu_28_reg       3.9900     0.0      0.0000       3.9900 0.0000 SNPS_CLOCK_GATE_HIGH_tinytpu_isa_sequencer_0_1_13
sequencer_0_1_U0/clk_gate_grp_sequencer_0_1_Pipeline_VITIS_LOOP_82_3_fu_296_v27_fu_30_reg       3.9900     0.0      0.0000       3.9900 0.0000 SNPS_CLOCK_GATE_HIGH_tinytpu_isa_sequencer_0_1_12
sequencer_0_1_U0/clk_gate_grp_sequencer_0_1_Pipeline_VITIS_LOOP_86_4_fu_301_v28_fu_28_reg       3.9900     0.0      0.0000       3.9900 0.0000 SNPS_CLOCK_GATE_HIGH_tinytpu_isa_sequencer_0_1_11
sequencer_0_1_U0/clk_gate_grp_sequencer_0_1_Pipeline_VITIS_LOOP_95_5_fu_306_mul_32s_12ns_32_2_1_U17_buff0_reg       3.9900     0.0      0.0000       3.9900 0.0000 SNPS_CLOCK_GATE_HIGH_tinytpu_isa_sequencer_0_1_1
sequencer_0_1_U0/clk_gate_grp_sequencer_0_1_Pipeline_VITIS_LOOP_95_5_fu_306_reg_484_reg       3.9900     0.0      0.0000       3.9900 0.0000 SNPS_CLOCK_GATE_HIGH_tinytpu_isa_sequencer_0_1_8
sequencer_0_1_U0/clk_gate_grp_sequencer_0_1_Pipeline_VITIS_LOOP_95_5_fu_306_trunc_ln272_reg_1394_reg       3.9900     0.0      0.0000       3.9900 0.0000 SNPS_CLOCK_GATE_HIGH_tinytpu_isa_sequencer_0_1_6
sequencer_0_1_U0/clk_gate_grp_sequencer_0_1_Pipeline_VITIS_LOOP_95_5_fu_306_v188_reg_1365_reg       3.9900     0.0      0.0000       3.9900 0.0000 SNPS_CLOCK_GATE_HIGH_tinytpu_isa_sequencer_0_1_9
sequencer_0_1_U0/clk_gate_grp_sequencer_0_1_Pipeline_VITIS_LOOP_95_5_fu_306_v237_reg_1389_reg       3.9900     0.0      0.0000       3.9900 0.0000 SNPS_CLOCK_GATE_HIGH_tinytpu_isa_sequencer_0_1_10
sequencer_0_1_U0/clk_gate_grp_sequencer_0_1_Pipeline_VITIS_LOOP_95_5_fu_306_v296_reg_1524_reg       3.9900     0.0      0.0000       3.9900 0.0000 SNPS_CLOCK_GATE_HIGH_tinytpu_isa_sequencer_0_1_5
sequencer_0_1_U0/clk_gate_grp_sequencer_0_1_Pipeline_VITIS_LOOP_95_5_fu_306_v332_fu_196_reg       3.9900     0.0      0.0000       3.9900 0.0000 SNPS_CLOCK_GATE_HIGH_tinytpu_isa_sequencer_0_1_3
sequencer_0_1_U0/clk_gate_grp_sequencer_0_1_Pipeline_VITIS_LOOP_95_5_fu_306_v55_reg_1196_reg       3.9900     0.0      0.0000       3.9900 0.0000 SNPS_CLOCK_GATE_HIGH_tinytpu_isa_sequencer_0_1_7
sequencer_0_1_U0/clk_gate_grp_sequencer_0_1_Pipeline_VITIS_LOOP_95_5_fu_306_v97_reg_1273_reg       3.9900     0.0      0.0000       3.9900 0.0000 SNPS_CLOCK_GATE_HIGH_tinytpu_isa_sequencer_0_1_4
sequencer_0_1_U0/clk_gate_grp_sequencer_0_1_Pipeline_l_S_group_0_group_fu_271_group_fu_92_reg       3.9900     0.0      0.0000       3.9900 0.0000 SNPS_CLOCK_GATE_HIGH_tinytpu_isa_sequencer_0_1_15
sequencer_0_1_U0/clk_gate_grp_sequencer_0_1_Pipeline_l_S_group_0_group_fu_271_v8_reg_362_reg       3.9900     0.0      0.0000       3.9900 0.0000 SNPS_CLOCK_GATE_HIGH_tinytpu_isa_sequencer_0_1_16
sequencer_0_1_U0/clk_gate_live_iv_U_q0_reg       3.9900     0.0      0.0000       3.9900 0.0000 SNPS_CLOCK_GATE_HIGH_tinytpu_isa_sequencer_0_1_17
sequencer_0_1_U0/clk_gate_live_iv_U_q1_reg       3.9900     0.0      0.0000       3.9900 0.0000 SNPS_CLOCK_GATE_HIGH_tinytpu_isa_sequencer_0_1_22
sequencer_0_1_U0/clk_gate_live_iv_U_ram0_reg_0_       3.9900     0.0      0.0000       3.9900 0.0000 SNPS_CLOCK_GATE_HIGH_tinytpu_isa_sequencer_0_1_18
sequencer_0_1_U0/clk_gate_live_iv_U_ram0_reg_1_       3.9900     0.0      0.0000       3.9900 0.0000 SNPS_CLOCK_GATE_HIGH_tinytpu_isa_sequencer_0_1_19
sequencer_0_1_U0/clk_gate_live_iv_U_ram0_reg_2_       3.9900     0.0      0.0000       3.9900 0.0000 SNPS_CLOCK_GATE_HIGH_tinytpu_isa_sequencer_0_1_20
sequencer_0_1_U0/clk_gate_live_iv_U_ram0_reg_3_       3.9900     0.0      0.0000       3.9900 0.0000 SNPS_CLOCK_GATE_HIGH_tinytpu_isa_sequencer_0_1_21
sequencer_0_1_U0/clk_gate_loop_body_U_q0_reg       3.9900     0.0      0.0000       3.9900 0.0000 SNPS_CLOCK_GATE_HIGH_tinytpu_isa_sequencer_0_1_33
sequencer_0_1_U0/clk_gate_loop_body_U_ram_reg_0_       3.9900     0.0      0.0000       3.9900 0.0000 SNPS_CLOCK_GATE_HIGH_tinytpu_isa_sequencer_0_1_34
sequencer_0_1_U0/clk_gate_loop_body_U_ram_reg_1_       3.9900     0.0      0.0000       3.9900 0.0000 SNPS_CLOCK_GATE_HIGH_tinytpu_isa_sequencer_0_1_35
sequencer_0_1_U0/clk_gate_loop_body_U_ram_reg_2_       3.9900     0.0      0.0000       3.9900 0.0000 SNPS_CLOCK_GATE_HIGH_tinytpu_isa_sequencer_0_1_36
sequencer_0_1_U0/clk_gate_loop_body_U_ram_reg_3_       3.9900     0.0      0.0000       3.9900 0.0000 SNPS_CLOCK_GATE_HIGH_tinytpu_isa_sequencer_0_1_37
sequencer_0_1_U0/clk_gate_loop_iter_U_q0_reg       3.9900     0.0      0.0000       3.9900 0.0000 SNPS_CLOCK_GATE_HIGH_tinytpu_isa_sequencer_0_1_28
sequencer_0_1_U0/clk_gate_loop_iter_U_ram_reg_0_       3.9900     0.0      0.0000       3.9900 0.0000 SNPS_CLOCK_GATE_HIGH_tinytpu_isa_sequencer_0_1_29
sequencer_0_1_U0/clk_gate_loop_iter_U_ram_reg_1_       3.9900     0.0      0.0000       3.9900 0.0000 SNPS_CLOCK_GATE_HIGH_tinytpu_isa_sequencer_0_1_30
sequencer_0_1_U0/clk_gate_loop_iter_U_ram_reg_2_       3.9900     0.0      0.0000       3.9900 0.0000 SNPS_CLOCK_GATE_HIGH_tinytpu_isa_sequencer_0_1_31
sequencer_0_1_U0/clk_gate_loop_iter_U_ram_reg_3_       3.9900     0.0      0.0000       3.9900 0.0000 SNPS_CLOCK_GATE_HIGH_tinytpu_isa_sequencer_0_1_32
sequencer_0_1_U0/clk_gate_loop_trip_U_q0_reg       3.9900     0.0      0.0000       3.9900 0.0000 SNPS_CLOCK_GATE_HIGH_tinytpu_isa_sequencer_0_1_23
sequencer_0_1_U0/clk_gate_loop_trip_U_ram_reg_0_       3.9900     0.0      0.0000       3.9900 0.0000 SNPS_CLOCK_GATE_HIGH_tinytpu_isa_sequencer_0_1_24
sequencer_0_1_U0/clk_gate_loop_trip_U_ram_reg_1_       3.9900     0.0      0.0000       3.9900 0.0000 SNPS_CLOCK_GATE_HIGH_tinytpu_isa_sequencer_0_1_25
sequencer_0_1_U0/clk_gate_loop_trip_U_ram_reg_2_       3.9900     0.0      0.0000       3.9900 0.0000 SNPS_CLOCK_GATE_HIGH_tinytpu_isa_sequencer_0_1_26
sequencer_0_1_U0/clk_gate_loop_trip_U_ram_reg_3_       3.9900     0.0      0.0000       3.9900 0.0000 SNPS_CLOCK_GATE_HIGH_tinytpu_isa_sequencer_0_1_27
sequencer_0_1_U0/clk_gate_program_1_U_q0_reg       3.9900     0.0      0.0000       3.9900 0.0000 SNPS_CLOCK_GATE_HIGH_tinytpu_isa_sequencer_0_1_38
sequencer_0_1_U0/clk_gate_program_1_U_ram_reg_0_       3.9900     0.0      0.0000       3.9900 0.0000 SNPS_CLOCK_GATE_HIGH_tinytpu_isa_sequencer_0_1_39
sequencer_0_1_U0/clk_gate_program_1_U_ram_reg_1_       3.9900     0.0      0.0000       3.9900 0.0000 SNPS_CLOCK_GATE_HIGH_tinytpu_isa_sequencer_0_1_40
sequencer_0_1_U0/clk_gate_program_1_U_ram_reg_2_       3.9900     0.0      0.0000       3.9900 0.0000 SNPS_CLOCK_GATE_HIGH_tinytpu_isa_sequencer_0_1_41
sequencer_0_1_U0/clk_gate_program_1_U_ram_reg_3_       3.9900     0.0      0.0000       3.9900 0.0000 SNPS_CLOCK_GATE_HIGH_tinytpu_isa_sequencer_0_1_42
sequencer_0_1_U0/clk_gate_program_1_U_ram_reg_4_       3.9900     0.0      0.0000       3.9900 0.0000 SNPS_CLOCK_GATE_HIGH_tinytpu_isa_sequencer_0_1_43
sequencer_0_1_U0/clk_gate_program_1_U_ram_reg_5_       3.9900     0.0      0.0000       3.9900 0.0000 SNPS_CLOCK_GATE_HIGH_tinytpu_isa_sequencer_0_1_44
sequencer_0_1_U0/clk_gate_program_1_U_ram_reg_6_       3.9900     0.0      0.0000       3.9900 0.0000 SNPS_CLOCK_GATE_HIGH_tinytpu_isa_sequencer_0_1_45
sequencer_0_1_U0/clk_gate_program_U_q0_reg       3.9900     0.0      0.0000       3.9900 0.0000 SNPS_CLOCK_GATE_HIGH_tinytpu_isa_sequencer_0_1_46
sequencer_0_1_U0/clk_gate_program_U_ram_reg_0_       3.9900     0.0      0.0000       3.9900 0.0000 SNPS_CLOCK_GATE_HIGH_tinytpu_isa_sequencer_0_1_47
sequencer_0_1_U0/clk_gate_program_U_ram_reg_1_       3.9900     0.0      0.0000       3.9900 0.0000 SNPS_CLOCK_GATE_HIGH_tinytpu_isa_sequencer_0_1_48
sequencer_0_1_U0/clk_gate_program_U_ram_reg_2_       3.9900     0.0      0.0000       3.9900 0.0000 SNPS_CLOCK_GATE_HIGH_tinytpu_isa_sequencer_0_1_49
sequencer_0_1_U0/clk_gate_program_U_ram_reg_3_       3.9900     0.0      0.0000       3.9900 0.0000 SNPS_CLOCK_GATE_HIGH_tinytpu_isa_sequencer_0_1_50
sequencer_0_1_U0/clk_gate_program_U_ram_reg_4_       3.9900     0.0      0.0000       3.9900 0.0000 SNPS_CLOCK_GATE_HIGH_tinytpu_isa_sequencer_0_1_51
sequencer_0_1_U0/clk_gate_program_U_ram_reg_5_       3.9900     0.0      0.0000       3.9900 0.0000 SNPS_CLOCK_GATE_HIGH_tinytpu_isa_sequencer_0_1_52
sequencer_0_1_U0/clk_gate_program_U_ram_reg_6_       3.9900     0.0      0.0000       3.9900 0.0000 SNPS_CLOCK_GATE_HIGH_tinytpu_isa_sequencer_0_1_53
sequencer_0_1_U0/clk_gate_v16_reg_408_reg       3.9900     0.0      0.0000       3.9900 0.0000 SNPS_CLOCK_GATE_HIGH_tinytpu_isa_sequencer_0_1_0
spm_0_U0                             1799.7560      0.1     622.7060     1153.1100  0.0000  tinytpu_isa_spm_0
spm_0_U0/clk_gate_grp_spm_0_Pipeline_VITIS_LOOP_1010_1_fu_39_ap_enable_reg_pp0_iter6_reg       3.9900     0.0      0.0000       3.9900 0.0000 SNPS_CLOCK_GATE_HIGH_tinytpu_isa_spm_0_1
spm_0_U0/clk_gate_grp_spm_0_Pipeline_VITIS_LOOP_1010_1_fu_39_v546_fu_70_reg       3.9900     0.0      0.0000       3.9900 0.0000 SNPS_CLOCK_GATE_HIGH_tinytpu_isa_spm_0_3
spm_0_U0/clk_gate_grp_spm_0_Pipeline_VITIS_LOOP_1010_1_fu_39_v551_fu_90_reg       3.9900     0.0      0.0000       3.9900 0.0000 SNPS_CLOCK_GATE_HIGH_tinytpu_isa_spm_0_4
spm_0_U0/clk_gate_grp_spm_0_Pipeline_VITIS_LOOP_1010_1_fu_39_v599_reg_502_reg       3.9900     0.0      0.0000       3.9900 0.0000 SNPS_CLOCK_GATE_HIGH_tinytpu_isa_spm_0_6
spm_0_U0/clk_gate_grp_spm_0_Pipeline_VITIS_LOOP_1010_1_fu_39_v604_reg_487_pp0_iter4_reg_reg       3.9900     0.0      0.0000       3.9900 0.0000 SNPS_CLOCK_GATE_HIGH_tinytpu_isa_spm_0_5
spm_0_U0/clk_gate_v535_reg_65_reg       3.9900      0.0       0.0000        3.9900  0.0000  SNPS_CLOCK_GATE_HIGH_tinytpu_isa_spm_0_0
start_for_accu_0_U0_U_clk_gate_mOutPtr_reg       3.9900     0.0      0.0000       3.9900 0.0000 SNPS_CLOCK_GATE_HIGH_tinytpu_isa_start_for_accu_0_U0
start_for_dma_st_0_1_U0_U_clk_gate_mOutPtr_reg       3.9900     0.0      0.0000       3.9900 0.0000 SNPS_CLOCK_GATE_HIGH_tinytpu_isa_start_for_dma_st_0_1_U0
start_for_spm_0_U0_U_clk_gate_mOutPtr_reg       3.9900     0.0      0.0000       3.9900 0.0000 SNPS_CLOCK_GATE_HIGH_tinytpu_isa_start_for_spm_0_U0
start_for_vru_0_U0_U_clk_gate_mOutPtr_reg       3.9900     0.0      0.0000       3.9900 0.0000 SNPS_CLOCK_GATE_HIGH_tinytpu_isa_start_for_vru_0_U0
v5978_c_U                            7797.7898      0.3    1516.4660     6181.5738  0.0000  tinytpu_isa_fifo_w64_d22_A
v5978_c_U/clk_gate_U_tinytpu_isa_fifo_w64_d22_A_ram_mem_reg_0_       3.9900     0.0      0.0000       3.9900 0.0000 SNPS_CLOCK_GATE_HIGH_tinytpu_isa_fifo_w64_d22_A_1
v5978_c_U/clk_gate_U_tinytpu_isa_fifo_w64_d22_A_ram_mem_reg_10_       3.9900     0.0      0.0000       3.9900 0.0000 SNPS_CLOCK_GATE_HIGH_tinytpu_isa_fifo_w64_d22_A_11
v5978_c_U/clk_gate_U_tinytpu_isa_fifo_w64_d22_A_ram_mem_reg_11_       3.9900     0.0      0.0000       3.9900 0.0000 SNPS_CLOCK_GATE_HIGH_tinytpu_isa_fifo_w64_d22_A_12
v5978_c_U/clk_gate_U_tinytpu_isa_fifo_w64_d22_A_ram_mem_reg_12_       3.9900     0.0      0.0000       3.9900 0.0000 SNPS_CLOCK_GATE_HIGH_tinytpu_isa_fifo_w64_d22_A_13
v5978_c_U/clk_gate_U_tinytpu_isa_fifo_w64_d22_A_ram_mem_reg_13_       3.9900     0.0      0.0000       3.9900 0.0000 SNPS_CLOCK_GATE_HIGH_tinytpu_isa_fifo_w64_d22_A_14
v5978_c_U/clk_gate_U_tinytpu_isa_fifo_w64_d22_A_ram_mem_reg_14_       3.9900     0.0      0.0000       3.9900 0.0000 SNPS_CLOCK_GATE_HIGH_tinytpu_isa_fifo_w64_d22_A_15
v5978_c_U/clk_gate_U_tinytpu_isa_fifo_w64_d22_A_ram_mem_reg_15_       3.9900     0.0      0.0000       3.9900 0.0000 SNPS_CLOCK_GATE_HIGH_tinytpu_isa_fifo_w64_d22_A_16
v5978_c_U/clk_gate_U_tinytpu_isa_fifo_w64_d22_A_ram_mem_reg_16_       3.9900     0.0      0.0000       3.9900 0.0000 SNPS_CLOCK_GATE_HIGH_tinytpu_isa_fifo_w64_d22_A_17
v5978_c_U/clk_gate_U_tinytpu_isa_fifo_w64_d22_A_ram_mem_reg_17_       3.9900     0.0      0.0000       3.9900 0.0000 SNPS_CLOCK_GATE_HIGH_tinytpu_isa_fifo_w64_d22_A_18
v5978_c_U/clk_gate_U_tinytpu_isa_fifo_w64_d22_A_ram_mem_reg_18_       3.9900     0.0      0.0000       3.9900 0.0000 SNPS_CLOCK_GATE_HIGH_tinytpu_isa_fifo_w64_d22_A_19
v5978_c_U/clk_gate_U_tinytpu_isa_fifo_w64_d22_A_ram_mem_reg_19_       3.9900     0.0      0.0000       3.9900 0.0000 SNPS_CLOCK_GATE_HIGH_tinytpu_isa_fifo_w64_d22_A_20
v5978_c_U/clk_gate_U_tinytpu_isa_fifo_w64_d22_A_ram_mem_reg_1_       3.9900     0.0      0.0000       3.9900 0.0000 SNPS_CLOCK_GATE_HIGH_tinytpu_isa_fifo_w64_d22_A_2
v5978_c_U/clk_gate_U_tinytpu_isa_fifo_w64_d22_A_ram_mem_reg_20_       3.9900     0.0      0.0000       3.9900 0.0000 SNPS_CLOCK_GATE_HIGH_tinytpu_isa_fifo_w64_d22_A_21
v5978_c_U/clk_gate_U_tinytpu_isa_fifo_w64_d22_A_ram_mem_reg_2_       3.9900     0.0      0.0000       3.9900 0.0000 SNPS_CLOCK_GATE_HIGH_tinytpu_isa_fifo_w64_d22_A_3
v5978_c_U/clk_gate_U_tinytpu_isa_fifo_w64_d22_A_ram_mem_reg_3_       3.9900     0.0      0.0000       3.9900 0.0000 SNPS_CLOCK_GATE_HIGH_tinytpu_isa_fifo_w64_d22_A_4
v5978_c_U/clk_gate_U_tinytpu_isa_fifo_w64_d22_A_ram_mem_reg_4_       3.9900     0.0      0.0000       3.9900 0.0000 SNPS_CLOCK_GATE_HIGH_tinytpu_isa_fifo_w64_d22_A_5
v5978_c_U/clk_gate_U_tinytpu_isa_fifo_w64_d22_A_ram_mem_reg_5_       3.9900     0.0      0.0000       3.9900 0.0000 SNPS_CLOCK_GATE_HIGH_tinytpu_isa_fifo_w64_d22_A_6
v5978_c_U/clk_gate_U_tinytpu_isa_fifo_w64_d22_A_ram_mem_reg_6_       3.9900     0.0      0.0000       3.9900 0.0000 SNPS_CLOCK_GATE_HIGH_tinytpu_isa_fifo_w64_d22_A_7
v5978_c_U/clk_gate_U_tinytpu_isa_fifo_w64_d22_A_ram_mem_reg_7_       3.9900     0.0      0.0000       3.9900 0.0000 SNPS_CLOCK_GATE_HIGH_tinytpu_isa_fifo_w64_d22_A_8
v5978_c_U/clk_gate_U_tinytpu_isa_fifo_w64_d22_A_ram_mem_reg_8_       3.9900     0.0      0.0000       3.9900 0.0000 SNPS_CLOCK_GATE_HIGH_tinytpu_isa_fifo_w64_d22_A_9
v5978_c_U/clk_gate_U_tinytpu_isa_fifo_w64_d22_A_ram_mem_reg_9_       3.9900     0.0      0.0000       3.9900 0.0000 SNPS_CLOCK_GATE_HIGH_tinytpu_isa_fifo_w64_d22_A_10
v5978_c_U/clk_gate_mOutPtr_reg          3.9900      0.0       0.0000        3.9900  0.0000  SNPS_CLOCK_GATE_HIGH_tinytpu_isa_fifo_w64_d22_A_23
v5978_c_U/clk_gate_num_data_cnt_reg       3.9900     0.0      0.0000        3.9900  0.0000  SNPS_CLOCK_GATE_HIGH_tinytpu_isa_fifo_w64_d22_A_22
v5978_c_U/clk_gate_raddr_reg            3.9900      0.0       0.0000        3.9900  0.0000  SNPS_CLOCK_GATE_HIGH_tinytpu_isa_fifo_w64_d22_A_24
v5978_c_U/clk_gate_waddr_reg            3.9900      0.0       0.0000        3.9900  0.0000  SNPS_CLOCK_GATE_HIGH_tinytpu_isa_fifo_w64_d22_A_0
v5979_U_clk_gate_U_tinytpu_isa_fifo_w64_d16_S_ShiftReg_SRL_SIG_reg_15_       3.9900     0.0      0.0000       3.9900 0.0000 SNPS_CLOCK_GATE_HIGH_tinytpu_isa_fifo_w64_d16_S_80_1
v5979_U_clk_gate_mOutPtr_reg            3.9900      0.0       0.0000        3.9900  0.0000  SNPS_CLOCK_GATE_HIGH_tinytpu_isa_fifo_w64_d16_S_80_0
v5980_U_clk_gate_U_tinytpu_isa_fifo_w64_d16_S_ShiftReg_SRL_SIG_reg_15_       3.9900     0.0      0.0000       3.9900 0.0000 SNPS_CLOCK_GATE_HIGH_tinytpu_isa_fifo_w64_d16_S_79_1
v5980_U_clk_gate_mOutPtr_reg            3.9900      0.0       0.0000        3.9900  0.0000  SNPS_CLOCK_GATE_HIGH_tinytpu_isa_fifo_w64_d16_S_79_0
v5981_U_clk_gate_U_tinytpu_isa_fifo_w64_d16_S_ShiftReg_SRL_SIG_reg_15_       3.9900     0.0      0.0000       3.9900 0.0000 SNPS_CLOCK_GATE_HIGH_tinytpu_isa_fifo_w64_d16_S_78_1
v5981_U_clk_gate_mOutPtr_reg            3.9900      0.0       0.0000        3.9900  0.0000  SNPS_CLOCK_GATE_HIGH_tinytpu_isa_fifo_w64_d16_S_78_0
v5982_U_clk_gate_U_tinytpu_isa_fifo_w64_d16_S_ShiftReg_SRL_SIG_reg_15_       3.9900     0.0      0.0000       3.9900 0.0000 SNPS_CLOCK_GATE_HIGH_tinytpu_isa_fifo_w64_d16_S_77_1
v5982_U_clk_gate_mOutPtr_reg            3.9900      0.0       0.0000        3.9900  0.0000  SNPS_CLOCK_GATE_HIGH_tinytpu_isa_fifo_w64_d16_S_77_0
v5983_U_clk_gate_U_tinytpu_isa_fifo_w64_d16_S_ShiftReg_SRL_SIG_reg_15_       3.9900     0.0      0.0000       3.9900 0.0000 SNPS_CLOCK_GATE_HIGH_tinytpu_isa_fifo_w64_d16_S_76_1
v5983_U_clk_gate_mOutPtr_reg            3.9900      0.0       0.0000        3.9900  0.0000  SNPS_CLOCK_GATE_HIGH_tinytpu_isa_fifo_w64_d16_S_76_0
v5984_U_clk_gate_U_tinytpu_isa_fifo_w64_d16_S_ShiftReg_SRL_SIG_reg_15_       3.9900     0.0      0.0000       3.9900 0.0000 SNPS_CLOCK_GATE_HIGH_tinytpu_isa_fifo_w64_d16_S_0_112
v5984_U_clk_gate_mOutPtr_reg            3.9900      0.0       0.0000        3.9900  0.0000  SNPS_CLOCK_GATE_HIGH_tinytpu_isa_fifo_w64_d16_S_0_113
v5985_U_clk_gate_U_tinytpu_isa_fifo_w64_d16_S_ShiftReg_SRL_SIG_reg_15_       3.9900     0.0      0.0000       3.9900 0.0000 SNPS_CLOCK_GATE_HIGH_tinytpu_isa_fifo_w64_d16_S_0_114
v5985_U_clk_gate_mOutPtr_reg            3.9900      0.0       0.0000        3.9900  0.0000  SNPS_CLOCK_GATE_HIGH_tinytpu_isa_fifo_w64_d16_S_0_115
v5986_U_clk_gate_U_tinytpu_isa_fifo_w64_d16_S_ShiftReg_SRL_SIG_reg_15_       3.9900     0.0      0.0000       3.9900 0.0000 SNPS_CLOCK_GATE_HIGH_tinytpu_isa_fifo_w64_d16_S_22_16
v5986_U_clk_gate_mOutPtr_reg            3.9900      0.0       0.0000        3.9900  0.0000  SNPS_CLOCK_GATE_HIGH_tinytpu_isa_fifo_w64_d16_S_22_17
v5987_U_clk_gate_U_tinytpu_isa_fifo_w64_d16_S_ShiftReg_SRL_SIG_reg_15_       3.9900     0.0      0.0000       3.9900 0.0000 SNPS_CLOCK_GATE_HIGH_tinytpu_isa_fifo_w64_d16_S_0_1
v5987_U_clk_gate_mOutPtr_reg            3.9900      0.0       0.0000        3.9900  0.0000  SNPS_CLOCK_GATE_HIGH_tinytpu_isa_fifo_w64_d16_S_0_0
v5988_U_clk_gate_U_tinytpu_isa_fifo_w64_d16_S_ShiftReg_SRL_SIG_reg_15_       3.9900     0.0      0.0000       3.9900 0.0000 SNPS_CLOCK_GATE_HIGH_tinytpu_isa_fifo_w64_d16_S_0_110
v5988_U_clk_gate_mOutPtr_reg            3.9900      0.0       0.0000        3.9900  0.0000  SNPS_CLOCK_GATE_HIGH_tinytpu_isa_fifo_w64_d16_S_0_111
v5989_U_clk_gate_U_tinytpu_isa_fifo_w64_d16_S_ShiftReg_SRL_SIG_reg_15_       3.9900     0.0      0.0000       3.9900 0.0000 SNPS_CLOCK_GATE_HIGH_tinytpu_isa_fifo_w64_d16_S_22_12
v5989_U_clk_gate_mOutPtr_reg            3.9900      0.0       0.0000        3.9900  0.0000  SNPS_CLOCK_GATE_HIGH_tinytpu_isa_fifo_w64_d16_S_22_13
v5990_U_clk_gate_U_tinytpu_isa_fifo_w64_d16_S_ShiftReg_SRL_SIG_reg_15_       3.9900     0.0      0.0000       3.9900 0.0000 SNPS_CLOCK_GATE_HIGH_tinytpu_isa_fifo_w64_d16_S_22_10
v5990_U_clk_gate_mOutPtr_reg            3.9900      0.0       0.0000        3.9900  0.0000  SNPS_CLOCK_GATE_HIGH_tinytpu_isa_fifo_w64_d16_S_22_11
v5991_U_clk_gate_U_tinytpu_isa_fifo_w64_d16_S_ShiftReg_SRL_SIG_reg_15_       3.9900     0.0      0.0000       3.9900 0.0000 SNPS_CLOCK_GATE_HIGH_tinytpu_isa_fifo_w64_d16_S_22_8
v5991_U_clk_gate_mOutPtr_reg            3.9900      0.0       0.0000        3.9900  0.0000  SNPS_CLOCK_GATE_HIGH_tinytpu_isa_fifo_w64_d16_S_22_9
v5992_U_clk_gate_U_tinytpu_isa_fifo_w64_d16_S_ShiftReg_SRL_SIG_reg_15_       3.9900     0.0      0.0000       3.9900 0.0000 SNPS_CLOCK_GATE_HIGH_tinytpu_isa_fifo_w64_d16_S_22_6
v5992_U_clk_gate_mOutPtr_reg            3.9900      0.0       0.0000        3.9900  0.0000  SNPS_CLOCK_GATE_HIGH_tinytpu_isa_fifo_w64_d16_S_22_7
v5993_U_clk_gate_U_tinytpu_isa_fifo_w64_d16_S_ShiftReg_SRL_SIG_reg_15_       3.9900     0.0      0.0000       3.9900 0.0000 SNPS_CLOCK_GATE_HIGH_tinytpu_isa_fifo_w64_d16_S_22_4
v5993_U_clk_gate_mOutPtr_reg            3.9900      0.0       0.0000        3.9900  0.0000  SNPS_CLOCK_GATE_HIGH_tinytpu_isa_fifo_w64_d16_S_22_5
v5994_U_clk_gate_U_tinytpu_isa_fifo_w64_d16_S_ShiftReg_SRL_SIG_reg_15_       3.9900     0.0      0.0000       3.9900 0.0000 SNPS_CLOCK_GATE_HIGH_tinytpu_isa_fifo_w64_d16_S_22_2
v5994_U_clk_gate_mOutPtr_reg            3.9900      0.0       0.0000        3.9900  0.0000  SNPS_CLOCK_GATE_HIGH_tinytpu_isa_fifo_w64_d16_S_22_3
v5995_U_clk_gate_mOutPtr_reg            3.9900      0.0       0.0000        3.9900  0.0000  SNPS_CLOCK_GATE_HIGH_tinytpu_isa_fifo_w64_d16_S_22_0
v5996_U_clk_gate_U_tinytpu_isa_fifo_w64_d16_S_ShiftReg_SRL_SIG_reg_15_       3.9900     0.0      0.0000       3.9900 0.0000 SNPS_CLOCK_GATE_HIGH_tinytpu_isa_fifo_w64_d16_S_0_108
v5996_U_clk_gate_mOutPtr_reg            3.9900      0.0       0.0000        3.9900  0.0000  SNPS_CLOCK_GATE_HIGH_tinytpu_isa_fifo_w64_d16_S_0_109
v5997_U_clk_gate_U_tinytpu_isa_fifo_w64_d16_S_ShiftReg_SRL_SIG_reg_15_       3.9900     0.0      0.0000       3.9900 0.0000 SNPS_CLOCK_GATE_HIGH_tinytpu_isa_fifo_w64_d16_S_0_106
v5997_U_clk_gate_mOutPtr_reg            3.9900      0.0       0.0000        3.9900  0.0000  SNPS_CLOCK_GATE_HIGH_tinytpu_isa_fifo_w64_d16_S_0_107
v5998_U_clk_gate_U_tinytpu_isa_fifo_w64_d16_S_ShiftReg_SRL_SIG_reg_15_       3.9900     0.0      0.0000       3.9900 0.0000 SNPS_CLOCK_GATE_HIGH_tinytpu_isa_fifo_w64_d16_S_0_104
v5998_U_clk_gate_mOutPtr_reg            3.9900      0.0       0.0000        3.9900  0.0000  SNPS_CLOCK_GATE_HIGH_tinytpu_isa_fifo_w64_d16_S_0_105
v5999_U_clk_gate_U_tinytpu_isa_fifo_w64_d16_S_ShiftReg_SRL_SIG_reg_15_       3.9900     0.0      0.0000       3.9900 0.0000 SNPS_CLOCK_GATE_HIGH_tinytpu_isa_fifo_w64_d16_S_0_102
v5999_U_clk_gate_mOutPtr_reg            3.9900      0.0       0.0000        3.9900  0.0000  SNPS_CLOCK_GATE_HIGH_tinytpu_isa_fifo_w64_d16_S_0_103
v6000_U_clk_gate_U_tinytpu_isa_fifo_w64_d16_S_ShiftReg_SRL_SIG_reg_15_       3.9900     0.0      0.0000       3.9900 0.0000 SNPS_CLOCK_GATE_HIGH_tinytpu_isa_fifo_w64_d16_S_0_100
v6000_U_clk_gate_mOutPtr_reg            3.9900      0.0       0.0000        3.9900  0.0000  SNPS_CLOCK_GATE_HIGH_tinytpu_isa_fifo_w64_d16_S_0_101
v6001_U_clk_gate_U_tinytpu_isa_fifo_w64_d16_S_ShiftReg_SRL_SIG_reg_15_       3.9900     0.0      0.0000       3.9900 0.0000 SNPS_CLOCK_GATE_HIGH_tinytpu_isa_fifo_w64_d16_S_0_98
v6001_U_clk_gate_mOutPtr_reg            3.9900      0.0       0.0000        3.9900  0.0000  SNPS_CLOCK_GATE_HIGH_tinytpu_isa_fifo_w64_d16_S_0_99
v6002_U_clk_gate_U_tinytpu_isa_fifo_w64_d16_S_ShiftReg_SRL_SIG_reg_15_       3.9900     0.0      0.0000       3.9900 0.0000 SNPS_CLOCK_GATE_HIGH_tinytpu_isa_fifo_w64_d16_S_8_14
v6002_U_clk_gate_mOutPtr_reg            3.9900      0.0       0.0000        3.9900  0.0000  SNPS_CLOCK_GATE_HIGH_tinytpu_isa_fifo_w64_d16_S_8_15
v6004_U_clk_gate_U_tinytpu_isa_fifo_w64_d16_S_ShiftReg_SRL_SIG_reg_15_       3.9900     0.0      0.0000       3.9900 0.0000 SNPS_CLOCK_GATE_HIGH_tinytpu_isa_fifo_w64_d16_S_0_96
v6004_U_clk_gate_mOutPtr_reg            3.9900      0.0       0.0000        3.9900  0.0000  SNPS_CLOCK_GATE_HIGH_tinytpu_isa_fifo_w64_d16_S_0_97
v6005_U_clk_gate_U_tinytpu_isa_fifo_w64_d16_S_ShiftReg_SRL_SIG_reg_15_       3.9900     0.0      0.0000       3.9900 0.0000 SNPS_CLOCK_GATE_HIGH_tinytpu_isa_fifo_w64_d16_S_0_94
v6005_U_clk_gate_mOutPtr_reg            3.9900      0.0       0.0000        3.9900  0.0000  SNPS_CLOCK_GATE_HIGH_tinytpu_isa_fifo_w64_d16_S_0_95
v6006_U_clk_gate_U_tinytpu_isa_fifo_w64_d16_S_ShiftReg_SRL_SIG_reg_15_       3.9900     0.0      0.0000       3.9900 0.0000 SNPS_CLOCK_GATE_HIGH_tinytpu_isa_fifo_w64_d16_S_0_92
v6006_U_clk_gate_mOutPtr_reg            3.9900      0.0       0.0000        3.9900  0.0000  SNPS_CLOCK_GATE_HIGH_tinytpu_isa_fifo_w64_d16_S_0_93
v6007_U_clk_gate_U_tinytpu_isa_fifo_w64_d16_S_ShiftReg_SRL_SIG_reg_15_       3.9900     0.0      0.0000       3.9900 0.0000 SNPS_CLOCK_GATE_HIGH_tinytpu_isa_fifo_w64_d16_S_0_90
v6007_U_clk_gate_mOutPtr_reg            3.9900      0.0       0.0000        3.9900  0.0000  SNPS_CLOCK_GATE_HIGH_tinytpu_isa_fifo_w64_d16_S_0_91
v6008_U_clk_gate_U_tinytpu_isa_fifo_w64_d16_S_ShiftReg_SRL_SIG_reg_15_       3.9900     0.0      0.0000       3.9900 0.0000 SNPS_CLOCK_GATE_HIGH_tinytpu_isa_fifo_w64_d16_S_0_88
v6008_U_clk_gate_mOutPtr_reg            3.9900      0.0       0.0000        3.9900  0.0000  SNPS_CLOCK_GATE_HIGH_tinytpu_isa_fifo_w64_d16_S_0_89
v6009_U_clk_gate_U_tinytpu_isa_fifo_w64_d16_S_ShiftReg_SRL_SIG_reg_15_       3.9900     0.0      0.0000       3.9900 0.0000 SNPS_CLOCK_GATE_HIGH_tinytpu_isa_fifo_w64_d16_S_0_86
v6009_U_clk_gate_mOutPtr_reg            3.9900      0.0       0.0000        3.9900  0.0000  SNPS_CLOCK_GATE_HIGH_tinytpu_isa_fifo_w64_d16_S_0_87
v6010_U_clk_gate_U_tinytpu_isa_fifo_w64_d16_S_ShiftReg_SRL_SIG_reg_15_       3.9900     0.0      0.0000       3.9900 0.0000 SNPS_CLOCK_GATE_HIGH_tinytpu_isa_fifo_w64_d16_S_8_12
v6010_U_clk_gate_mOutPtr_reg            3.9900      0.0       0.0000        3.9900  0.0000  SNPS_CLOCK_GATE_HIGH_tinytpu_isa_fifo_w64_d16_S_8_13
v6012_U_clk_gate_U_tinytpu_isa_fifo_w64_d16_S_ShiftReg_SRL_SIG_reg_15_       3.9900     0.0      0.0000       3.9900 0.0000 SNPS_CLOCK_GATE_HIGH_tinytpu_isa_fifo_w64_d16_S_0_84
v6012_U_clk_gate_mOutPtr_reg            3.9900      0.0       0.0000        3.9900  0.0000  SNPS_CLOCK_GATE_HIGH_tinytpu_isa_fifo_w64_d16_S_0_85
v6013_U_clk_gate_U_tinytpu_isa_fifo_w64_d16_S_ShiftReg_SRL_SIG_reg_15_       3.9900     0.0      0.0000       3.9900 0.0000 SNPS_CLOCK_GATE_HIGH_tinytpu_isa_fifo_w64_d16_S_0_82
v6013_U_clk_gate_mOutPtr_reg            3.9900      0.0       0.0000        3.9900  0.0000  SNPS_CLOCK_GATE_HIGH_tinytpu_isa_fifo_w64_d16_S_0_83
v6014_U_clk_gate_U_tinytpu_isa_fifo_w64_d16_S_ShiftReg_SRL_SIG_reg_15_       3.9900     0.0      0.0000       3.9900 0.0000 SNPS_CLOCK_GATE_HIGH_tinytpu_isa_fifo_w64_d16_S_0_80
v6014_U_clk_gate_mOutPtr_reg            3.9900      0.0       0.0000        3.9900  0.0000  SNPS_CLOCK_GATE_HIGH_tinytpu_isa_fifo_w64_d16_S_0_81
v6015_U_clk_gate_U_tinytpu_isa_fifo_w64_d16_S_ShiftReg_SRL_SIG_reg_15_       3.9900     0.0      0.0000       3.9900 0.0000 SNPS_CLOCK_GATE_HIGH_tinytpu_isa_fifo_w64_d16_S_0_78
v6015_U_clk_gate_mOutPtr_reg            3.9900      0.0       0.0000        3.9900  0.0000  SNPS_CLOCK_GATE_HIGH_tinytpu_isa_fifo_w64_d16_S_0_79
v6016_U_clk_gate_U_tinytpu_isa_fifo_w64_d16_S_ShiftReg_SRL_SIG_reg_15_       3.9900     0.0      0.0000       3.9900 0.0000 SNPS_CLOCK_GATE_HIGH_tinytpu_isa_fifo_w64_d16_S_0_76
v6016_U_clk_gate_mOutPtr_reg            3.9900      0.0       0.0000        3.9900  0.0000  SNPS_CLOCK_GATE_HIGH_tinytpu_isa_fifo_w64_d16_S_0_77
v6017_U_clk_gate_U_tinytpu_isa_fifo_w64_d16_S_ShiftReg_SRL_SIG_reg_15_       3.9900     0.0      0.0000       3.9900 0.0000 SNPS_CLOCK_GATE_HIGH_tinytpu_isa_fifo_w64_d16_S_0_74
v6017_U_clk_gate_mOutPtr_reg            3.9900      0.0       0.0000        3.9900  0.0000  SNPS_CLOCK_GATE_HIGH_tinytpu_isa_fifo_w64_d16_S_0_75
v6018_U_clk_gate_U_tinytpu_isa_fifo_w64_d16_S_ShiftReg_SRL_SIG_reg_15_       3.9900     0.0      0.0000       3.9900 0.0000 SNPS_CLOCK_GATE_HIGH_tinytpu_isa_fifo_w64_d16_S_8_10
v6018_U_clk_gate_mOutPtr_reg            3.9900      0.0       0.0000        3.9900  0.0000  SNPS_CLOCK_GATE_HIGH_tinytpu_isa_fifo_w64_d16_S_8_11
v6020_U_clk_gate_U_tinytpu_isa_fifo_w64_d16_S_ShiftReg_SRL_SIG_reg_15_       3.9900     0.0      0.0000       3.9900 0.0000 SNPS_CLOCK_GATE_HIGH_tinytpu_isa_fifo_w64_d16_S_0_72
v6020_U_clk_gate_mOutPtr_reg            3.9900      0.0       0.0000        3.9900  0.0000  SNPS_CLOCK_GATE_HIGH_tinytpu_isa_fifo_w64_d16_S_0_73
v6021_U_clk_gate_U_tinytpu_isa_fifo_w64_d16_S_ShiftReg_SRL_SIG_reg_15_       3.9900     0.0      0.0000       3.9900 0.0000 SNPS_CLOCK_GATE_HIGH_tinytpu_isa_fifo_w64_d16_S_0_70
v6021_U_clk_gate_mOutPtr_reg            3.9900      0.0       0.0000        3.9900  0.0000  SNPS_CLOCK_GATE_HIGH_tinytpu_isa_fifo_w64_d16_S_0_71
v6022_U_clk_gate_U_tinytpu_isa_fifo_w64_d16_S_ShiftReg_SRL_SIG_reg_15_       3.9900     0.0      0.0000       3.9900 0.0000 SNPS_CLOCK_GATE_HIGH_tinytpu_isa_fifo_w64_d16_S_0_68
v6022_U_clk_gate_mOutPtr_reg            3.9900      0.0       0.0000        3.9900  0.0000  SNPS_CLOCK_GATE_HIGH_tinytpu_isa_fifo_w64_d16_S_0_69
v6023_U_clk_gate_U_tinytpu_isa_fifo_w64_d16_S_ShiftReg_SRL_SIG_reg_15_       3.9900     0.0      0.0000       3.9900 0.0000 SNPS_CLOCK_GATE_HIGH_tinytpu_isa_fifo_w64_d16_S_0_66
v6023_U_clk_gate_mOutPtr_reg            3.9900      0.0       0.0000        3.9900  0.0000  SNPS_CLOCK_GATE_HIGH_tinytpu_isa_fifo_w64_d16_S_0_67
v6024_U_clk_gate_U_tinytpu_isa_fifo_w64_d16_S_ShiftReg_SRL_SIG_reg_15_       3.9900     0.0      0.0000       3.9900 0.0000 SNPS_CLOCK_GATE_HIGH_tinytpu_isa_fifo_w64_d16_S_0_64
v6024_U_clk_gate_mOutPtr_reg            3.9900      0.0       0.0000        3.9900  0.0000  SNPS_CLOCK_GATE_HIGH_tinytpu_isa_fifo_w64_d16_S_0_65
v6025_U_clk_gate_U_tinytpu_isa_fifo_w64_d16_S_ShiftReg_SRL_SIG_reg_15_       3.9900     0.0      0.0000       3.9900 0.0000 SNPS_CLOCK_GATE_HIGH_tinytpu_isa_fifo_w64_d16_S_0_62
v6025_U_clk_gate_mOutPtr_reg            3.9900      0.0       0.0000        3.9900  0.0000  SNPS_CLOCK_GATE_HIGH_tinytpu_isa_fifo_w64_d16_S_0_63
v6026_U_clk_gate_U_tinytpu_isa_fifo_w64_d16_S_ShiftReg_SRL_SIG_reg_15_       3.9900     0.0      0.0000       3.9900 0.0000 SNPS_CLOCK_GATE_HIGH_tinytpu_isa_fifo_w64_d16_S_8_8
v6026_U_clk_gate_mOutPtr_reg            3.9900      0.0       0.0000        3.9900  0.0000  SNPS_CLOCK_GATE_HIGH_tinytpu_isa_fifo_w64_d16_S_8_9
v6028_U_clk_gate_U_tinytpu_isa_fifo_w64_d16_S_ShiftReg_SRL_SIG_reg_15_       3.9900     0.0      0.0000       3.9900 0.0000 SNPS_CLOCK_GATE_HIGH_tinytpu_isa_fifo_w64_d16_S_0_60
v6028_U_clk_gate_mOutPtr_reg            3.9900      0.0       0.0000        3.9900  0.0000  SNPS_CLOCK_GATE_HIGH_tinytpu_isa_fifo_w64_d16_S_0_61
v6029_U_clk_gate_U_tinytpu_isa_fifo_w64_d16_S_ShiftReg_SRL_SIG_reg_15_       3.9900     0.0      0.0000       3.9900 0.0000 SNPS_CLOCK_GATE_HIGH_tinytpu_isa_fifo_w64_d16_S_0_58
v6029_U_clk_gate_mOutPtr_reg            3.9900      0.0       0.0000        3.9900  0.0000  SNPS_CLOCK_GATE_HIGH_tinytpu_isa_fifo_w64_d16_S_0_59
v6030_U_clk_gate_U_tinytpu_isa_fifo_w64_d16_S_ShiftReg_SRL_SIG_reg_15_       3.9900     0.0      0.0000       3.9900 0.0000 SNPS_CLOCK_GATE_HIGH_tinytpu_isa_fifo_w64_d16_S_0_56
v6030_U_clk_gate_mOutPtr_reg            3.9900      0.0       0.0000        3.9900  0.0000  SNPS_CLOCK_GATE_HIGH_tinytpu_isa_fifo_w64_d16_S_0_57
v6031_U_clk_gate_U_tinytpu_isa_fifo_w64_d16_S_ShiftReg_SRL_SIG_reg_15_       3.9900     0.0      0.0000       3.9900 0.0000 SNPS_CLOCK_GATE_HIGH_tinytpu_isa_fifo_w64_d16_S_0_54
v6031_U_clk_gate_mOutPtr_reg            3.9900      0.0       0.0000        3.9900  0.0000  SNPS_CLOCK_GATE_HIGH_tinytpu_isa_fifo_w64_d16_S_0_55
v6032_U_clk_gate_U_tinytpu_isa_fifo_w64_d16_S_ShiftReg_SRL_SIG_reg_15_       3.9900     0.0      0.0000       3.9900 0.0000 SNPS_CLOCK_GATE_HIGH_tinytpu_isa_fifo_w64_d16_S_0_52
v6032_U_clk_gate_mOutPtr_reg            3.9900      0.0       0.0000        3.9900  0.0000  SNPS_CLOCK_GATE_HIGH_tinytpu_isa_fifo_w64_d16_S_0_53
v6033_U_clk_gate_U_tinytpu_isa_fifo_w64_d16_S_ShiftReg_SRL_SIG_reg_15_       3.9900     0.0      0.0000       3.9900 0.0000 SNPS_CLOCK_GATE_HIGH_tinytpu_isa_fifo_w64_d16_S_0_50
v6033_U_clk_gate_mOutPtr_reg            3.9900      0.0       0.0000        3.9900  0.0000  SNPS_CLOCK_GATE_HIGH_tinytpu_isa_fifo_w64_d16_S_0_51
v6034_U_clk_gate_U_tinytpu_isa_fifo_w64_d16_S_ShiftReg_SRL_SIG_reg_15_       3.9900     0.0      0.0000       3.9900 0.0000 SNPS_CLOCK_GATE_HIGH_tinytpu_isa_fifo_w64_d16_S_8_6
v6034_U_clk_gate_mOutPtr_reg            3.9900      0.0       0.0000        3.9900  0.0000  SNPS_CLOCK_GATE_HIGH_tinytpu_isa_fifo_w64_d16_S_8_7
v6036_U_clk_gate_U_tinytpu_isa_fifo_w64_d16_S_ShiftReg_SRL_SIG_reg_15_       3.9900     0.0      0.0000       3.9900 0.0000 SNPS_CLOCK_GATE_HIGH_tinytpu_isa_fifo_w64_d16_S_0_48
v6036_U_clk_gate_mOutPtr_reg            3.9900      0.0       0.0000        3.9900  0.0000  SNPS_CLOCK_GATE_HIGH_tinytpu_isa_fifo_w64_d16_S_0_49
v6037_U_clk_gate_U_tinytpu_isa_fifo_w64_d16_S_ShiftReg_SRL_SIG_reg_15_       3.9900     0.0      0.0000       3.9900 0.0000 SNPS_CLOCK_GATE_HIGH_tinytpu_isa_fifo_w64_d16_S_0_46
v6037_U_clk_gate_mOutPtr_reg            3.9900      0.0       0.0000        3.9900  0.0000  SNPS_CLOCK_GATE_HIGH_tinytpu_isa_fifo_w64_d16_S_0_47
v6038_U_clk_gate_U_tinytpu_isa_fifo_w64_d16_S_ShiftReg_SRL_SIG_reg_15_       3.9900     0.0      0.0000       3.9900 0.0000 SNPS_CLOCK_GATE_HIGH_tinytpu_isa_fifo_w64_d16_S_0_44
v6038_U_clk_gate_mOutPtr_reg            3.9900      0.0       0.0000        3.9900  0.0000  SNPS_CLOCK_GATE_HIGH_tinytpu_isa_fifo_w64_d16_S_0_45
v6039_U_clk_gate_U_tinytpu_isa_fifo_w64_d16_S_ShiftReg_SRL_SIG_reg_15_       3.9900     0.0      0.0000       3.9900 0.0000 SNPS_CLOCK_GATE_HIGH_tinytpu_isa_fifo_w64_d16_S_0_42
v6039_U_clk_gate_mOutPtr_reg            3.9900      0.0       0.0000        3.9900  0.0000  SNPS_CLOCK_GATE_HIGH_tinytpu_isa_fifo_w64_d16_S_0_43
v6040_U_clk_gate_U_tinytpu_isa_fifo_w64_d16_S_ShiftReg_SRL_SIG_reg_15_       3.9900     0.0      0.0000       3.9900 0.0000 SNPS_CLOCK_GATE_HIGH_tinytpu_isa_fifo_w64_d16_S_0_40
v6040_U_clk_gate_mOutPtr_reg            3.9900      0.0       0.0000        3.9900  0.0000  SNPS_CLOCK_GATE_HIGH_tinytpu_isa_fifo_w64_d16_S_0_41
v6041_U_clk_gate_U_tinytpu_isa_fifo_w64_d16_S_ShiftReg_SRL_SIG_reg_15_       3.9900     0.0      0.0000       3.9900 0.0000 SNPS_CLOCK_GATE_HIGH_tinytpu_isa_fifo_w64_d16_S_0_38
v6041_U_clk_gate_mOutPtr_reg            3.9900      0.0       0.0000        3.9900  0.0000  SNPS_CLOCK_GATE_HIGH_tinytpu_isa_fifo_w64_d16_S_0_39
v6042_U_clk_gate_U_tinytpu_isa_fifo_w64_d16_S_ShiftReg_SRL_SIG_reg_15_       3.9900     0.0      0.0000       3.9900 0.0000 SNPS_CLOCK_GATE_HIGH_tinytpu_isa_fifo_w64_d16_S_8_4
v6042_U_clk_gate_mOutPtr_reg            3.9900      0.0       0.0000        3.9900  0.0000  SNPS_CLOCK_GATE_HIGH_tinytpu_isa_fifo_w64_d16_S_8_5
v6044_U_clk_gate_U_tinytpu_isa_fifo_w64_d16_S_ShiftReg_SRL_SIG_reg_15_       3.9900     0.0      0.0000       3.9900 0.0000 SNPS_CLOCK_GATE_HIGH_tinytpu_isa_fifo_w64_d16_S_0_36
v6044_U_clk_gate_mOutPtr_reg            3.9900      0.0       0.0000        3.9900  0.0000  SNPS_CLOCK_GATE_HIGH_tinytpu_isa_fifo_w64_d16_S_0_37
v6045_U_clk_gate_U_tinytpu_isa_fifo_w64_d16_S_ShiftReg_SRL_SIG_reg_15_       3.9900     0.0      0.0000       3.9900 0.0000 SNPS_CLOCK_GATE_HIGH_tinytpu_isa_fifo_w64_d16_S_0_34
v6045_U_clk_gate_mOutPtr_reg            3.9900      0.0       0.0000        3.9900  0.0000  SNPS_CLOCK_GATE_HIGH_tinytpu_isa_fifo_w64_d16_S_0_35
v6046_U_clk_gate_U_tinytpu_isa_fifo_w64_d16_S_ShiftReg_SRL_SIG_reg_15_       3.9900     0.0      0.0000       3.9900 0.0000 SNPS_CLOCK_GATE_HIGH_tinytpu_isa_fifo_w64_d16_S_0_32
v6046_U_clk_gate_mOutPtr_reg            3.9900      0.0       0.0000        3.9900  0.0000  SNPS_CLOCK_GATE_HIGH_tinytpu_isa_fifo_w64_d16_S_0_33
v6047_U_clk_gate_U_tinytpu_isa_fifo_w64_d16_S_ShiftReg_SRL_SIG_reg_15_       3.9900     0.0      0.0000       3.9900 0.0000 SNPS_CLOCK_GATE_HIGH_tinytpu_isa_fifo_w64_d16_S_0_30
v6047_U_clk_gate_mOutPtr_reg            3.9900      0.0       0.0000        3.9900  0.0000  SNPS_CLOCK_GATE_HIGH_tinytpu_isa_fifo_w64_d16_S_0_31
v6048_U_clk_gate_U_tinytpu_isa_fifo_w64_d16_S_ShiftReg_SRL_SIG_reg_15_       3.9900     0.0      0.0000       3.9900 0.0000 SNPS_CLOCK_GATE_HIGH_tinytpu_isa_fifo_w64_d16_S_0_28
v6048_U_clk_gate_mOutPtr_reg            3.9900      0.0       0.0000        3.9900  0.0000  SNPS_CLOCK_GATE_HIGH_tinytpu_isa_fifo_w64_d16_S_0_29
v6049_U_clk_gate_U_tinytpu_isa_fifo_w64_d16_S_ShiftReg_SRL_SIG_reg_15_       3.9900     0.0      0.0000       3.9900 0.0000 SNPS_CLOCK_GATE_HIGH_tinytpu_isa_fifo_w64_d16_S_0_26
v6049_U_clk_gate_mOutPtr_reg            3.9900      0.0       0.0000        3.9900  0.0000  SNPS_CLOCK_GATE_HIGH_tinytpu_isa_fifo_w64_d16_S_0_27
v6050_U_clk_gate_U_tinytpu_isa_fifo_w64_d16_S_ShiftReg_SRL_SIG_reg_15_       3.9900     0.0      0.0000       3.9900 0.0000 SNPS_CLOCK_GATE_HIGH_tinytpu_isa_fifo_w64_d16_S_8_2
v6050_U_clk_gate_mOutPtr_reg            3.9900      0.0       0.0000        3.9900  0.0000  SNPS_CLOCK_GATE_HIGH_tinytpu_isa_fifo_w64_d16_S_8_3
v6052_U_clk_gate_U_tinytpu_isa_fifo_w64_d16_S_ShiftReg_SRL_SIG_reg_15_       3.9900     0.0      0.0000       3.9900 0.0000 SNPS_CLOCK_GATE_HIGH_tinytpu_isa_fifo_w64_d16_S_0_24
v6052_U_clk_gate_mOutPtr_reg            3.9900      0.0       0.0000        3.9900  0.0000  SNPS_CLOCK_GATE_HIGH_tinytpu_isa_fifo_w64_d16_S_0_25
v6053_U_clk_gate_U_tinytpu_isa_fifo_w64_d16_S_ShiftReg_SRL_SIG_reg_15_       3.9900     0.0      0.0000       3.9900 0.0000 SNPS_CLOCK_GATE_HIGH_tinytpu_isa_fifo_w64_d16_S_0_22
v6053_U_clk_gate_mOutPtr_reg            3.9900      0.0       0.0000        3.9900  0.0000  SNPS_CLOCK_GATE_HIGH_tinytpu_isa_fifo_w64_d16_S_0_23
v6054_U_clk_gate_U_tinytpu_isa_fifo_w64_d16_S_ShiftReg_SRL_SIG_reg_15_       3.9900     0.0      0.0000       3.9900 0.0000 SNPS_CLOCK_GATE_HIGH_tinytpu_isa_fifo_w64_d16_S_0_20
v6054_U_clk_gate_mOutPtr_reg            3.9900      0.0       0.0000        3.9900  0.0000  SNPS_CLOCK_GATE_HIGH_tinytpu_isa_fifo_w64_d16_S_0_21
v6055_U_clk_gate_U_tinytpu_isa_fifo_w64_d16_S_ShiftReg_SRL_SIG_reg_15_       3.9900     0.0      0.0000       3.9900 0.0000 SNPS_CLOCK_GATE_HIGH_tinytpu_isa_fifo_w64_d16_S_0_18
v6055_U_clk_gate_mOutPtr_reg            3.9900      0.0       0.0000        3.9900  0.0000  SNPS_CLOCK_GATE_HIGH_tinytpu_isa_fifo_w64_d16_S_0_19
v6056_U_clk_gate_U_tinytpu_isa_fifo_w64_d16_S_ShiftReg_SRL_SIG_reg_15_       3.9900     0.0      0.0000       3.9900 0.0000 SNPS_CLOCK_GATE_HIGH_tinytpu_isa_fifo_w64_d16_S_0_16
v6056_U_clk_gate_mOutPtr_reg            3.9900      0.0       0.0000        3.9900  0.0000  SNPS_CLOCK_GATE_HIGH_tinytpu_isa_fifo_w64_d16_S_0_17
v6057_U_clk_gate_U_tinytpu_isa_fifo_w64_d16_S_ShiftReg_SRL_SIG_reg_15_       3.9900     0.0      0.0000       3.9900 0.0000 SNPS_CLOCK_GATE_HIGH_tinytpu_isa_fifo_w64_d16_S_0_14
v6057_U_clk_gate_mOutPtr_reg            3.9900      0.0       0.0000        3.9900  0.0000  SNPS_CLOCK_GATE_HIGH_tinytpu_isa_fifo_w64_d16_S_0_15
v6058_U_clk_gate_U_tinytpu_isa_fifo_w64_d16_S_ShiftReg_SRL_SIG_reg_15_       3.9900     0.0      0.0000       3.9900 0.0000 SNPS_CLOCK_GATE_HIGH_tinytpu_isa_fifo_w64_d16_S_8_1
v6058_U_clk_gate_mOutPtr_reg            3.9900      0.0       0.0000        3.9900  0.0000  SNPS_CLOCK_GATE_HIGH_tinytpu_isa_fifo_w64_d16_S_8_0
v6060_U_clk_gate_U_tinytpu_isa_fifo_w64_d16_S_ShiftReg_SRL_SIG_reg_15_       3.9900     0.0      0.0000       3.9900 0.0000 SNPS_CLOCK_GATE_HIGH_tinytpu_isa_fifo_w64_d16_S_22_14
v6060_U_clk_gate_mOutPtr_reg            3.9900      0.0       0.0000        3.9900  0.0000  SNPS_CLOCK_GATE_HIGH_tinytpu_isa_fifo_w64_d16_S_22_15
v6061_U_clk_gate_U_tinytpu_isa_fifo_w64_d16_S_ShiftReg_SRL_SIG_reg_15_       3.9900     0.0      0.0000       3.9900 0.0000 SNPS_CLOCK_GATE_HIGH_tinytpu_isa_fifo_w64_d16_S_0_12
v6061_U_clk_gate_mOutPtr_reg            3.9900      0.0       0.0000        3.9900  0.0000  SNPS_CLOCK_GATE_HIGH_tinytpu_isa_fifo_w64_d16_S_0_13
v6062_U_clk_gate_U_tinytpu_isa_fifo_w64_d16_S_ShiftReg_SRL_SIG_reg_15_       3.9900     0.0      0.0000       3.9900 0.0000 SNPS_CLOCK_GATE_HIGH_tinytpu_isa_fifo_w64_d16_S_0_10
v6062_U_clk_gate_mOutPtr_reg            3.9900      0.0       0.0000        3.9900  0.0000  SNPS_CLOCK_GATE_HIGH_tinytpu_isa_fifo_w64_d16_S_0_11
v6063_U_clk_gate_U_tinytpu_isa_fifo_w64_d16_S_ShiftReg_SRL_SIG_reg_15_       3.9900     0.0      0.0000       3.9900 0.0000 SNPS_CLOCK_GATE_HIGH_tinytpu_isa_fifo_w64_d16_S_0_8
v6063_U_clk_gate_mOutPtr_reg            3.9900      0.0       0.0000        3.9900  0.0000  SNPS_CLOCK_GATE_HIGH_tinytpu_isa_fifo_w64_d16_S_0_9
v6064_U_clk_gate_U_tinytpu_isa_fifo_w64_d16_S_ShiftReg_SRL_SIG_reg_15_       3.9900     0.0      0.0000       3.9900 0.0000 SNPS_CLOCK_GATE_HIGH_tinytpu_isa_fifo_w64_d16_S_0_6
v6064_U_clk_gate_mOutPtr_reg            3.9900      0.0       0.0000        3.9900  0.0000  SNPS_CLOCK_GATE_HIGH_tinytpu_isa_fifo_w64_d16_S_0_7
v6065_U_clk_gate_mOutPtr_reg            3.9900      0.0       0.0000        3.9900  0.0000  SNPS_CLOCK_GATE_HIGH_tinytpu_isa_fifo_w64_d16_S_0_5
v6066_U_clk_gate_mOutPtr_reg            3.9900      0.0       0.0000        3.9900  0.0000  SNPS_CLOCK_GATE_HIGH_tinytpu_isa_fifo_w64_d16_S_0_3
v6067_U_clk_gate_mOutPtr_reg            3.9900      0.0       0.0000        3.9900  0.0000  SNPS_CLOCK_GATE_HIGH_tinytpu_isa_fifo_w64_d16_S_1_0
v6068_U_clk_gate_mOutPtr_reg            3.9900      0.0       0.0000        3.9900  0.0000  SNPS_CLOCK_GATE_HIGH_tinytpu_isa_fifo_w8_d16_S_0_111
v6069_U_clk_gate_mOutPtr_reg            3.9900      0.0       0.0000        3.9900  0.0000  SNPS_CLOCK_GATE_HIGH_tinytpu_isa_fifo_w8_d16_S_0_109
v6070_U_clk_gate_mOutPtr_reg            3.9900      0.0       0.0000        3.9900  0.0000  SNPS_CLOCK_GATE_HIGH_tinytpu_isa_fifo_w8_d16_S_0_107
v6071_U_clk_gate_mOutPtr_reg            3.9900      0.0       0.0000        3.9900  0.0000  SNPS_CLOCK_GATE_HIGH_tinytpu_isa_fifo_w8_d16_S_0_105
v6072_U_clk_gate_mOutPtr_reg            3.9900      0.0       0.0000        3.9900  0.0000  SNPS_CLOCK_GATE_HIGH_tinytpu_isa_fifo_w8_d16_S_0_103
v6073_U_clk_gate_mOutPtr_reg            3.9900      0.0       0.0000        3.9900  0.0000  SNPS_CLOCK_GATE_HIGH_tinytpu_isa_fifo_w8_d16_S_0_101
v6074_U_clk_gate_mOutPtr_reg            3.9900      0.0       0.0000        3.9900  0.0000  SNPS_CLOCK_GATE_HIGH_tinytpu_isa_fifo_w8_d16_S_0_99
v6076_U_clk_gate_mOutPtr_reg            3.9900      0.0       0.0000        3.9900  0.0000  SNPS_CLOCK_GATE_HIGH_tinytpu_isa_fifo_w8_d16_S_0_97
v6077_U_clk_gate_mOutPtr_reg            3.9900      0.0       0.0000        3.9900  0.0000  SNPS_CLOCK_GATE_HIGH_tinytpu_isa_fifo_w8_d16_S_0_95
v6078_U_clk_gate_mOutPtr_reg            3.9900      0.0       0.0000        3.9900  0.0000  SNPS_CLOCK_GATE_HIGH_tinytpu_isa_fifo_w8_d16_S_0_93
v6079_U_clk_gate_mOutPtr_reg            3.9900      0.0       0.0000        3.9900  0.0000  SNPS_CLOCK_GATE_HIGH_tinytpu_isa_fifo_w8_d16_S_0_91
v6080_U_clk_gate_mOutPtr_reg            3.9900      0.0       0.0000        3.9900  0.0000  SNPS_CLOCK_GATE_HIGH_tinytpu_isa_fifo_w8_d16_S_0_89
v6081_U_clk_gate_mOutPtr_reg            3.9900      0.0       0.0000        3.9900  0.0000  SNPS_CLOCK_GATE_HIGH_tinytpu_isa_fifo_w8_d16_S_0_87
v6082_U_clk_gate_mOutPtr_reg            3.9900      0.0       0.0000        3.9900  0.0000  SNPS_CLOCK_GATE_HIGH_tinytpu_isa_fifo_w8_d16_S_0_85
v6084_U_clk_gate_mOutPtr_reg            3.9900      0.0       0.0000        3.9900  0.0000  SNPS_CLOCK_GATE_HIGH_tinytpu_isa_fifo_w8_d16_S_0_83
v6085_U_clk_gate_mOutPtr_reg            3.9900      0.0       0.0000        3.9900  0.0000  SNPS_CLOCK_GATE_HIGH_tinytpu_isa_fifo_w8_d16_S_0_81
v6086_U_clk_gate_mOutPtr_reg            3.9900      0.0       0.0000        3.9900  0.0000  SNPS_CLOCK_GATE_HIGH_tinytpu_isa_fifo_w8_d16_S_0_79
v6087_U_clk_gate_mOutPtr_reg            3.9900      0.0       0.0000        3.9900  0.0000  SNPS_CLOCK_GATE_HIGH_tinytpu_isa_fifo_w8_d16_S_0_77
v6088_U_clk_gate_mOutPtr_reg            3.9900      0.0       0.0000        3.9900  0.0000  SNPS_CLOCK_GATE_HIGH_tinytpu_isa_fifo_w8_d16_S_0_75
v6089_U_clk_gate_mOutPtr_reg            3.9900      0.0       0.0000        3.9900  0.0000  SNPS_CLOCK_GATE_HIGH_tinytpu_isa_fifo_w8_d16_S_0_73
v6090_U_clk_gate_mOutPtr_reg            3.9900      0.0       0.0000        3.9900  0.0000  SNPS_CLOCK_GATE_HIGH_tinytpu_isa_fifo_w8_d16_S_0_71
v6092_U_clk_gate_mOutPtr_reg            3.9900      0.0       0.0000        3.9900  0.0000  SNPS_CLOCK_GATE_HIGH_tinytpu_isa_fifo_w8_d16_S_0_69
v6093_U_clk_gate_mOutPtr_reg            3.9900      0.0       0.0000        3.9900  0.0000  SNPS_CLOCK_GATE_HIGH_tinytpu_isa_fifo_w8_d16_S_0_67
v6094_U_clk_gate_mOutPtr_reg            3.9900      0.0       0.0000        3.9900  0.0000  SNPS_CLOCK_GATE_HIGH_tinytpu_isa_fifo_w8_d16_S_0_65
v6095_U_clk_gate_mOutPtr_reg            3.9900      0.0       0.0000        3.9900  0.0000  SNPS_CLOCK_GATE_HIGH_tinytpu_isa_fifo_w8_d16_S_0_63
v6096_U_clk_gate_mOutPtr_reg            3.9900      0.0       0.0000        3.9900  0.0000  SNPS_CLOCK_GATE_HIGH_tinytpu_isa_fifo_w8_d16_S_0_61
v6097_U_clk_gate_mOutPtr_reg            3.9900      0.0       0.0000        3.9900  0.0000  SNPS_CLOCK_GATE_HIGH_tinytpu_isa_fifo_w8_d16_S_0_59
v6098_U_clk_gate_mOutPtr_reg            3.9900      0.0       0.0000        3.9900  0.0000  SNPS_CLOCK_GATE_HIGH_tinytpu_isa_fifo_w8_d16_S_0_57
v6100_U_clk_gate_mOutPtr_reg            3.9900      0.0       0.0000        3.9900  0.0000  SNPS_CLOCK_GATE_HIGH_tinytpu_isa_fifo_w8_d16_S_0_55
v6101_U_clk_gate_mOutPtr_reg            3.9900      0.0       0.0000        3.9900  0.0000  SNPS_CLOCK_GATE_HIGH_tinytpu_isa_fifo_w8_d16_S_0_53
v6102_U_clk_gate_mOutPtr_reg            3.9900      0.0       0.0000        3.9900  0.0000  SNPS_CLOCK_GATE_HIGH_tinytpu_isa_fifo_w8_d16_S_0_51
v6103_U_clk_gate_mOutPtr_reg            3.9900      0.0       0.0000        3.9900  0.0000  SNPS_CLOCK_GATE_HIGH_tinytpu_isa_fifo_w8_d16_S_0_49
v6104_U_clk_gate_mOutPtr_reg            3.9900      0.0       0.0000        3.9900  0.0000  SNPS_CLOCK_GATE_HIGH_tinytpu_isa_fifo_w8_d16_S_0_47
v6105_U_clk_gate_mOutPtr_reg            3.9900      0.0       0.0000        3.9900  0.0000  SNPS_CLOCK_GATE_HIGH_tinytpu_isa_fifo_w8_d16_S_0_45
v6106_U_clk_gate_mOutPtr_reg            3.9900      0.0       0.0000        3.9900  0.0000  SNPS_CLOCK_GATE_HIGH_tinytpu_isa_fifo_w8_d16_S_0_43
v6108_U_clk_gate_mOutPtr_reg            3.9900      0.0       0.0000        3.9900  0.0000  SNPS_CLOCK_GATE_HIGH_tinytpu_isa_fifo_w8_d16_S_0_41
v6109_U_clk_gate_mOutPtr_reg            3.9900      0.0       0.0000        3.9900  0.0000  SNPS_CLOCK_GATE_HIGH_tinytpu_isa_fifo_w8_d16_S_0_39
v6110_U_clk_gate_mOutPtr_reg            3.9900      0.0       0.0000        3.9900  0.0000  SNPS_CLOCK_GATE_HIGH_tinytpu_isa_fifo_w8_d16_S_0_37
v6111_U_clk_gate_mOutPtr_reg            3.9900      0.0       0.0000        3.9900  0.0000  SNPS_CLOCK_GATE_HIGH_tinytpu_isa_fifo_w8_d16_S_0_35
v6112_U_clk_gate_mOutPtr_reg            3.9900      0.0       0.0000        3.9900  0.0000  SNPS_CLOCK_GATE_HIGH_tinytpu_isa_fifo_w8_d16_S_0_33
v6113_U_clk_gate_mOutPtr_reg            3.9900      0.0       0.0000        3.9900  0.0000  SNPS_CLOCK_GATE_HIGH_tinytpu_isa_fifo_w8_d16_S_0_31
v6114_U_clk_gate_mOutPtr_reg            3.9900      0.0       0.0000        3.9900  0.0000  SNPS_CLOCK_GATE_HIGH_tinytpu_isa_fifo_w8_d16_S_0_29
v6116_U_clk_gate_mOutPtr_reg            3.9900      0.0       0.0000        3.9900  0.0000  SNPS_CLOCK_GATE_HIGH_tinytpu_isa_fifo_w8_d16_S_0_27
v6117_U_clk_gate_mOutPtr_reg            3.9900      0.0       0.0000        3.9900  0.0000  SNPS_CLOCK_GATE_HIGH_tinytpu_isa_fifo_w8_d16_S_0_25
v6118_U_clk_gate_mOutPtr_reg            3.9900      0.0       0.0000        3.9900  0.0000  SNPS_CLOCK_GATE_HIGH_tinytpu_isa_fifo_w8_d16_S_0_23
v6119_U_clk_gate_mOutPtr_reg            3.9900      0.0       0.0000        3.9900  0.0000  SNPS_CLOCK_GATE_HIGH_tinytpu_isa_fifo_w8_d16_S_0_21
v6120_U_clk_gate_mOutPtr_reg            3.9900      0.0       0.0000        3.9900  0.0000  SNPS_CLOCK_GATE_HIGH_tinytpu_isa_fifo_w8_d16_S_0_19
v6121_U_clk_gate_mOutPtr_reg            3.9900      0.0       0.0000        3.9900  0.0000  SNPS_CLOCK_GATE_HIGH_tinytpu_isa_fifo_w8_d16_S_0_17
v6122_U_clk_gate_mOutPtr_reg            3.9900      0.0       0.0000        3.9900  0.0000  SNPS_CLOCK_GATE_HIGH_tinytpu_isa_fifo_w8_d16_S_0_15
v6124_U_clk_gate_U_tinytpu_isa_fifo_w8_d16_S_ShiftReg_SRL_SIG_reg_15_       3.9900     0.0      0.0000       3.9900 0.0000 SNPS_CLOCK_GATE_HIGH_tinytpu_isa_fifo_w8_d16_S_0_12
v6124_U_clk_gate_mOutPtr_reg            3.9900      0.0       0.0000        3.9900  0.0000  SNPS_CLOCK_GATE_HIGH_tinytpu_isa_fifo_w8_d16_S_0_13
v6125_U_clk_gate_U_tinytpu_isa_fifo_w8_d16_S_ShiftReg_SRL_SIG_reg_15_       3.9900     0.0      0.0000       3.9900 0.0000 SNPS_CLOCK_GATE_HIGH_tinytpu_isa_fifo_w8_d16_S_0_10
v6125_U_clk_gate_mOutPtr_reg            3.9900      0.0       0.0000        3.9900  0.0000  SNPS_CLOCK_GATE_HIGH_tinytpu_isa_fifo_w8_d16_S_0_11
v6126_U_clk_gate_U_tinytpu_isa_fifo_w8_d16_S_ShiftReg_SRL_SIG_reg_15_       3.9900     0.0      0.0000       3.9900 0.0000 SNPS_CLOCK_GATE_HIGH_tinytpu_isa_fifo_w8_d16_S_0_8
v6126_U_clk_gate_mOutPtr_reg            3.9900      0.0       0.0000        3.9900  0.0000  SNPS_CLOCK_GATE_HIGH_tinytpu_isa_fifo_w8_d16_S_0_9
v6127_U_clk_gate_U_tinytpu_isa_fifo_w8_d16_S_ShiftReg_SRL_SIG_reg_15_       3.9900     0.0      0.0000       3.9900 0.0000 SNPS_CLOCK_GATE_HIGH_tinytpu_isa_fifo_w8_d16_S_0_6
v6127_U_clk_gate_mOutPtr_reg            3.9900      0.0       0.0000        3.9900  0.0000  SNPS_CLOCK_GATE_HIGH_tinytpu_isa_fifo_w8_d16_S_0_7
v6128_U_clk_gate_U_tinytpu_isa_fifo_w8_d16_S_ShiftReg_SRL_SIG_reg_15_       3.9900     0.0      0.0000       3.9900 0.0000 SNPS_CLOCK_GATE_HIGH_tinytpu_isa_fifo_w8_d16_S_0_4
v6128_U_clk_gate_mOutPtr_reg            3.9900      0.0       0.0000        3.9900  0.0000  SNPS_CLOCK_GATE_HIGH_tinytpu_isa_fifo_w8_d16_S_0_5
v6129_U_clk_gate_U_tinytpu_isa_fifo_w8_d16_S_ShiftReg_SRL_SIG_reg_15_       3.9900     0.0      0.0000       3.9900 0.0000 SNPS_CLOCK_GATE_HIGH_tinytpu_isa_fifo_w8_d16_S_0_2
v6129_U_clk_gate_mOutPtr_reg            3.9900      0.0       0.0000        3.9900  0.0000  SNPS_CLOCK_GATE_HIGH_tinytpu_isa_fifo_w8_d16_S_0_3
v6130_U_clk_gate_U_tinytpu_isa_fifo_w8_d16_S_ShiftReg_SRL_SIG_reg_15_       3.9900     0.0      0.0000       3.9900 0.0000 SNPS_CLOCK_GATE_HIGH_tinytpu_isa_fifo_w8_d16_S_0_1
v6130_U_clk_gate_mOutPtr_reg            3.9900      0.0       0.0000        3.9900  0.0000  SNPS_CLOCK_GATE_HIGH_tinytpu_isa_fifo_w8_d16_S_0_0
v6132_U_clk_gate_mOutPtr_reg            3.9900      0.0       0.0000        3.9900  0.0000  SNPS_CLOCK_GATE_HIGH_tinytpu_isa_fifo_w32_d16_S_0_111
v6133_U_clk_gate_U_tinytpu_isa_fifo_w32_d16_S_ShiftReg_SRL_SIG_reg_15_       3.9900     0.0      0.0000       3.9900 0.0000 SNPS_CLOCK_GATE_HIGH_tinytpu_isa_fifo_w32_d16_S_0_108
v6133_U_clk_gate_mOutPtr_reg            3.9900      0.0       0.0000        3.9900  0.0000  SNPS_CLOCK_GATE_HIGH_tinytpu_isa_fifo_w32_d16_S_0_109
v6134_U_clk_gate_U_tinytpu_isa_fifo_w32_d16_S_ShiftReg_SRL_SIG_reg_15_       3.9900     0.0      0.0000       3.9900 0.0000 SNPS_CLOCK_GATE_HIGH_tinytpu_isa_fifo_w32_d16_S_0_106
v6134_U_clk_gate_mOutPtr_reg            3.9900      0.0       0.0000        3.9900  0.0000  SNPS_CLOCK_GATE_HIGH_tinytpu_isa_fifo_w32_d16_S_0_107
v6135_U_clk_gate_U_tinytpu_isa_fifo_w32_d16_S_ShiftReg_SRL_SIG_reg_15_       3.9900     0.0      0.0000       3.9900 0.0000 SNPS_CLOCK_GATE_HIGH_tinytpu_isa_fifo_w32_d16_S_0_104
v6135_U_clk_gate_mOutPtr_reg            3.9900      0.0       0.0000        3.9900  0.0000  SNPS_CLOCK_GATE_HIGH_tinytpu_isa_fifo_w32_d16_S_0_105
v6136_U_clk_gate_U_tinytpu_isa_fifo_w32_d16_S_ShiftReg_SRL_SIG_reg_15_       3.9900     0.0      0.0000       3.9900 0.0000 SNPS_CLOCK_GATE_HIGH_tinytpu_isa_fifo_w32_d16_S_0_102
v6136_U_clk_gate_mOutPtr_reg            3.9900      0.0       0.0000        3.9900  0.0000  SNPS_CLOCK_GATE_HIGH_tinytpu_isa_fifo_w32_d16_S_0_103
v6137_U_clk_gate_U_tinytpu_isa_fifo_w32_d16_S_ShiftReg_SRL_SIG_reg_15_       3.9900     0.0      0.0000       3.9900 0.0000 SNPS_CLOCK_GATE_HIGH_tinytpu_isa_fifo_w32_d16_S_0_100
v6137_U_clk_gate_mOutPtr_reg            3.9900      0.0       0.0000        3.9900  0.0000  SNPS_CLOCK_GATE_HIGH_tinytpu_isa_fifo_w32_d16_S_0_101
v6138_U_clk_gate_U_tinytpu_isa_fifo_w32_d16_S_ShiftReg_SRL_SIG_reg_15_       3.9900     0.0      0.0000       3.9900 0.0000 SNPS_CLOCK_GATE_HIGH_tinytpu_isa_fifo_w32_d16_S_0_98
v6138_U_clk_gate_mOutPtr_reg            3.9900      0.0       0.0000        3.9900  0.0000  SNPS_CLOCK_GATE_HIGH_tinytpu_isa_fifo_w32_d16_S_0_99
v6139_U_clk_gate_U_tinytpu_isa_fifo_w32_d16_S_ShiftReg_SRL_SIG_reg_15_       3.9900     0.0      0.0000       3.9900 0.0000 SNPS_CLOCK_GATE_HIGH_tinytpu_isa_fifo_w32_d16_S_0_96
v6139_U_clk_gate_mOutPtr_reg            3.9900      0.0       0.0000        3.9900  0.0000  SNPS_CLOCK_GATE_HIGH_tinytpu_isa_fifo_w32_d16_S_0_97
v6140_U_clk_gate_mOutPtr_reg            3.9900      0.0       0.0000        3.9900  0.0000  SNPS_CLOCK_GATE_HIGH_tinytpu_isa_fifo_w32_d16_S_0_95
v6141_U_clk_gate_U_tinytpu_isa_fifo_w32_d16_S_ShiftReg_SRL_SIG_reg_15_       3.9900     0.0      0.0000       3.9900 0.0000 SNPS_CLOCK_GATE_HIGH_tinytpu_isa_fifo_w32_d16_S_0_92
v6141_U_clk_gate_mOutPtr_reg            3.9900      0.0       0.0000        3.9900  0.0000  SNPS_CLOCK_GATE_HIGH_tinytpu_isa_fifo_w32_d16_S_0_93
v6142_U_clk_gate_U_tinytpu_isa_fifo_w32_d16_S_ShiftReg_SRL_SIG_reg_15_       3.9900     0.0      0.0000       3.9900 0.0000 SNPS_CLOCK_GATE_HIGH_tinytpu_isa_fifo_w32_d16_S_0_90
v6142_U_clk_gate_mOutPtr_reg            3.9900      0.0       0.0000        3.9900  0.0000  SNPS_CLOCK_GATE_HIGH_tinytpu_isa_fifo_w32_d16_S_0_91
v6143_U_clk_gate_U_tinytpu_isa_fifo_w32_d16_S_ShiftReg_SRL_SIG_reg_15_       3.9900     0.0      0.0000       3.9900 0.0000 SNPS_CLOCK_GATE_HIGH_tinytpu_isa_fifo_w32_d16_S_0_88
v6143_U_clk_gate_mOutPtr_reg            3.9900      0.0       0.0000        3.9900  0.0000  SNPS_CLOCK_GATE_HIGH_tinytpu_isa_fifo_w32_d16_S_0_89
v6144_U_clk_gate_U_tinytpu_isa_fifo_w32_d16_S_ShiftReg_SRL_SIG_reg_15_       3.9900     0.0      0.0000       3.9900 0.0000 SNPS_CLOCK_GATE_HIGH_tinytpu_isa_fifo_w32_d16_S_0_86
v6144_U_clk_gate_mOutPtr_reg            3.9900      0.0       0.0000        3.9900  0.0000  SNPS_CLOCK_GATE_HIGH_tinytpu_isa_fifo_w32_d16_S_0_87
v6145_U_clk_gate_U_tinytpu_isa_fifo_w32_d16_S_ShiftReg_SRL_SIG_reg_15_       3.9900     0.0      0.0000       3.9900 0.0000 SNPS_CLOCK_GATE_HIGH_tinytpu_isa_fifo_w32_d16_S_0_84
v6145_U_clk_gate_mOutPtr_reg            3.9900      0.0       0.0000        3.9900  0.0000  SNPS_CLOCK_GATE_HIGH_tinytpu_isa_fifo_w32_d16_S_0_85
v6146_U_clk_gate_U_tinytpu_isa_fifo_w32_d16_S_ShiftReg_SRL_SIG_reg_15_       3.9900     0.0      0.0000       3.9900 0.0000 SNPS_CLOCK_GATE_HIGH_tinytpu_isa_fifo_w32_d16_S_0_82
v6146_U_clk_gate_mOutPtr_reg            3.9900      0.0       0.0000        3.9900  0.0000  SNPS_CLOCK_GATE_HIGH_tinytpu_isa_fifo_w32_d16_S_0_83
v6147_U_clk_gate_U_tinytpu_isa_fifo_w32_d16_S_ShiftReg_SRL_SIG_reg_15_       3.9900     0.0      0.0000       3.9900 0.0000 SNPS_CLOCK_GATE_HIGH_tinytpu_isa_fifo_w32_d16_S_0_80
v6147_U_clk_gate_mOutPtr_reg            3.9900      0.0       0.0000        3.9900  0.0000  SNPS_CLOCK_GATE_HIGH_tinytpu_isa_fifo_w32_d16_S_0_81
v6148_U_clk_gate_mOutPtr_reg            3.9900      0.0       0.0000        3.9900  0.0000  SNPS_CLOCK_GATE_HIGH_tinytpu_isa_fifo_w32_d16_S_0_79
v6149_U_clk_gate_U_tinytpu_isa_fifo_w32_d16_S_ShiftReg_SRL_SIG_reg_15_       3.9900     0.0      0.0000       3.9900 0.0000 SNPS_CLOCK_GATE_HIGH_tinytpu_isa_fifo_w32_d16_S_0_76
v6149_U_clk_gate_mOutPtr_reg            3.9900      0.0       0.0000        3.9900  0.0000  SNPS_CLOCK_GATE_HIGH_tinytpu_isa_fifo_w32_d16_S_0_77
v6150_U_clk_gate_U_tinytpu_isa_fifo_w32_d16_S_ShiftReg_SRL_SIG_reg_15_       3.9900     0.0      0.0000       3.9900 0.0000 SNPS_CLOCK_GATE_HIGH_tinytpu_isa_fifo_w32_d16_S_0_74
v6150_U_clk_gate_mOutPtr_reg            3.9900      0.0       0.0000        3.9900  0.0000  SNPS_CLOCK_GATE_HIGH_tinytpu_isa_fifo_w32_d16_S_0_75
v6151_U_clk_gate_U_tinytpu_isa_fifo_w32_d16_S_ShiftReg_SRL_SIG_reg_15_       3.9900     0.0      0.0000       3.9900 0.0000 SNPS_CLOCK_GATE_HIGH_tinytpu_isa_fifo_w32_d16_S_0_72
v6151_U_clk_gate_mOutPtr_reg            3.9900      0.0       0.0000        3.9900  0.0000  SNPS_CLOCK_GATE_HIGH_tinytpu_isa_fifo_w32_d16_S_0_73
v6152_U_clk_gate_U_tinytpu_isa_fifo_w32_d16_S_ShiftReg_SRL_SIG_reg_15_       3.9900     0.0      0.0000       3.9900 0.0000 SNPS_CLOCK_GATE_HIGH_tinytpu_isa_fifo_w32_d16_S_0_70
v6152_U_clk_gate_mOutPtr_reg            3.9900      0.0       0.0000        3.9900  0.0000  SNPS_CLOCK_GATE_HIGH_tinytpu_isa_fifo_w32_d16_S_0_71
v6153_U_clk_gate_U_tinytpu_isa_fifo_w32_d16_S_ShiftReg_SRL_SIG_reg_15_       3.9900     0.0      0.0000       3.9900 0.0000 SNPS_CLOCK_GATE_HIGH_tinytpu_isa_fifo_w32_d16_S_0_68
v6153_U_clk_gate_mOutPtr_reg            3.9900      0.0       0.0000        3.9900  0.0000  SNPS_CLOCK_GATE_HIGH_tinytpu_isa_fifo_w32_d16_S_0_69
v6154_U_clk_gate_U_tinytpu_isa_fifo_w32_d16_S_ShiftReg_SRL_SIG_reg_15_       3.9900     0.0      0.0000       3.9900 0.0000 SNPS_CLOCK_GATE_HIGH_tinytpu_isa_fifo_w32_d16_S_0_66
v6154_U_clk_gate_mOutPtr_reg            3.9900      0.0       0.0000        3.9900  0.0000  SNPS_CLOCK_GATE_HIGH_tinytpu_isa_fifo_w32_d16_S_0_67
v6155_U_clk_gate_U_tinytpu_isa_fifo_w32_d16_S_ShiftReg_SRL_SIG_reg_15_       3.9900     0.0      0.0000       3.9900 0.0000 SNPS_CLOCK_GATE_HIGH_tinytpu_isa_fifo_w32_d16_S_0_64
v6155_U_clk_gate_mOutPtr_reg            3.9900      0.0       0.0000        3.9900  0.0000  SNPS_CLOCK_GATE_HIGH_tinytpu_isa_fifo_w32_d16_S_0_65
v6156_U_clk_gate_mOutPtr_reg            3.9900      0.0       0.0000        3.9900  0.0000  SNPS_CLOCK_GATE_HIGH_tinytpu_isa_fifo_w32_d16_S_0_63
v6157_U_clk_gate_U_tinytpu_isa_fifo_w32_d16_S_ShiftReg_SRL_SIG_reg_15_       3.9900     0.0      0.0000       3.9900 0.0000 SNPS_CLOCK_GATE_HIGH_tinytpu_isa_fifo_w32_d16_S_0_60
v6157_U_clk_gate_mOutPtr_reg            3.9900      0.0       0.0000        3.9900  0.0000  SNPS_CLOCK_GATE_HIGH_tinytpu_isa_fifo_w32_d16_S_0_61
v6158_U_clk_gate_U_tinytpu_isa_fifo_w32_d16_S_ShiftReg_SRL_SIG_reg_15_       3.9900     0.0      0.0000       3.9900 0.0000 SNPS_CLOCK_GATE_HIGH_tinytpu_isa_fifo_w32_d16_S_0_58
v6158_U_clk_gate_mOutPtr_reg            3.9900      0.0       0.0000        3.9900  0.0000  SNPS_CLOCK_GATE_HIGH_tinytpu_isa_fifo_w32_d16_S_0_59
v6159_U_clk_gate_U_tinytpu_isa_fifo_w32_d16_S_ShiftReg_SRL_SIG_reg_15_       3.9900     0.0      0.0000       3.9900 0.0000 SNPS_CLOCK_GATE_HIGH_tinytpu_isa_fifo_w32_d16_S_0_56
v6159_U_clk_gate_mOutPtr_reg            3.9900      0.0       0.0000        3.9900  0.0000  SNPS_CLOCK_GATE_HIGH_tinytpu_isa_fifo_w32_d16_S_0_57
v6160_U_clk_gate_U_tinytpu_isa_fifo_w32_d16_S_ShiftReg_SRL_SIG_reg_15_       3.9900     0.0      0.0000       3.9900 0.0000 SNPS_CLOCK_GATE_HIGH_tinytpu_isa_fifo_w32_d16_S_0_54
v6160_U_clk_gate_mOutPtr_reg            3.9900      0.0       0.0000        3.9900  0.0000  SNPS_CLOCK_GATE_HIGH_tinytpu_isa_fifo_w32_d16_S_0_55
v6161_U_clk_gate_U_tinytpu_isa_fifo_w32_d16_S_ShiftReg_SRL_SIG_reg_15_       3.9900     0.0      0.0000       3.9900 0.0000 SNPS_CLOCK_GATE_HIGH_tinytpu_isa_fifo_w32_d16_S_0_52
v6161_U_clk_gate_mOutPtr_reg            3.9900      0.0       0.0000        3.9900  0.0000  SNPS_CLOCK_GATE_HIGH_tinytpu_isa_fifo_w32_d16_S_0_53
v6162_U_clk_gate_U_tinytpu_isa_fifo_w32_d16_S_ShiftReg_SRL_SIG_reg_15_       3.9900     0.0      0.0000       3.9900 0.0000 SNPS_CLOCK_GATE_HIGH_tinytpu_isa_fifo_w32_d16_S_0_50
v6162_U_clk_gate_mOutPtr_reg            3.9900      0.0       0.0000        3.9900  0.0000  SNPS_CLOCK_GATE_HIGH_tinytpu_isa_fifo_w32_d16_S_0_51
v6163_U_clk_gate_U_tinytpu_isa_fifo_w32_d16_S_ShiftReg_SRL_SIG_reg_15_       3.9900     0.0      0.0000       3.9900 0.0000 SNPS_CLOCK_GATE_HIGH_tinytpu_isa_fifo_w32_d16_S_0_48
v6163_U_clk_gate_mOutPtr_reg            3.9900      0.0       0.0000        3.9900  0.0000  SNPS_CLOCK_GATE_HIGH_tinytpu_isa_fifo_w32_d16_S_0_49
v6164_U_clk_gate_U_tinytpu_isa_fifo_w32_d16_S_ShiftReg_SRL_SIG_reg_15_       3.9900     0.0      0.0000       3.9900 0.0000 SNPS_CLOCK_GATE_HIGH_tinytpu_isa_fifo_w32_d16_S_0_46
v6164_U_clk_gate_mOutPtr_reg            3.9900      0.0       0.0000        3.9900  0.0000  SNPS_CLOCK_GATE_HIGH_tinytpu_isa_fifo_w32_d16_S_0_47
v6165_U_clk_gate_U_tinytpu_isa_fifo_w32_d16_S_ShiftReg_SRL_SIG_reg_15_       3.9900     0.0      0.0000       3.9900 0.0000 SNPS_CLOCK_GATE_HIGH_tinytpu_isa_fifo_w32_d16_S_0_44
v6165_U_clk_gate_mOutPtr_reg            3.9900      0.0       0.0000        3.9900  0.0000  SNPS_CLOCK_GATE_HIGH_tinytpu_isa_fifo_w32_d16_S_0_45
v6166_U_clk_gate_U_tinytpu_isa_fifo_w32_d16_S_ShiftReg_SRL_SIG_reg_15_       3.9900     0.0      0.0000       3.9900 0.0000 SNPS_CLOCK_GATE_HIGH_tinytpu_isa_fifo_w32_d16_S_0_42
v6166_U_clk_gate_mOutPtr_reg            3.9900      0.0       0.0000        3.9900  0.0000  SNPS_CLOCK_GATE_HIGH_tinytpu_isa_fifo_w32_d16_S_0_43
v6167_U_clk_gate_U_tinytpu_isa_fifo_w32_d16_S_ShiftReg_SRL_SIG_reg_15_       3.9900     0.0      0.0000       3.9900 0.0000 SNPS_CLOCK_GATE_HIGH_tinytpu_isa_fifo_w32_d16_S_0_40
v6167_U_clk_gate_mOutPtr_reg            3.9900      0.0       0.0000        3.9900  0.0000  SNPS_CLOCK_GATE_HIGH_tinytpu_isa_fifo_w32_d16_S_0_41
v6168_U_clk_gate_U_tinytpu_isa_fifo_w32_d16_S_ShiftReg_SRL_SIG_reg_15_       3.9900     0.0      0.0000       3.9900 0.0000 SNPS_CLOCK_GATE_HIGH_tinytpu_isa_fifo_w32_d16_S_0_38
v6168_U_clk_gate_mOutPtr_reg            3.9900      0.0       0.0000        3.9900  0.0000  SNPS_CLOCK_GATE_HIGH_tinytpu_isa_fifo_w32_d16_S_0_39
v6169_U_clk_gate_U_tinytpu_isa_fifo_w32_d16_S_ShiftReg_SRL_SIG_reg_15_       3.9900     0.0      0.0000       3.9900 0.0000 SNPS_CLOCK_GATE_HIGH_tinytpu_isa_fifo_w32_d16_S_0_36
v6169_U_clk_gate_mOutPtr_reg            3.9900      0.0       0.0000        3.9900  0.0000  SNPS_CLOCK_GATE_HIGH_tinytpu_isa_fifo_w32_d16_S_0_37
v6170_U_clk_gate_U_tinytpu_isa_fifo_w32_d16_S_ShiftReg_SRL_SIG_reg_15_       3.9900     0.0      0.0000       3.9900 0.0000 SNPS_CLOCK_GATE_HIGH_tinytpu_isa_fifo_w32_d16_S_0_34
v6170_U_clk_gate_mOutPtr_reg            3.9900      0.0       0.0000        3.9900  0.0000  SNPS_CLOCK_GATE_HIGH_tinytpu_isa_fifo_w32_d16_S_0_35
v6171_U_clk_gate_U_tinytpu_isa_fifo_w32_d16_S_ShiftReg_SRL_SIG_reg_15_       3.9900     0.0      0.0000       3.9900 0.0000 SNPS_CLOCK_GATE_HIGH_tinytpu_isa_fifo_w32_d16_S_0_32
v6171_U_clk_gate_mOutPtr_reg            3.9900      0.0       0.0000        3.9900  0.0000  SNPS_CLOCK_GATE_HIGH_tinytpu_isa_fifo_w32_d16_S_0_33
v6172_U_clk_gate_U_tinytpu_isa_fifo_w32_d16_S_ShiftReg_SRL_SIG_reg_15_       3.9900     0.0      0.0000       3.9900 0.0000 SNPS_CLOCK_GATE_HIGH_tinytpu_isa_fifo_w32_d16_S_0_30
v6172_U_clk_gate_mOutPtr_reg            3.9900      0.0       0.0000        3.9900  0.0000  SNPS_CLOCK_GATE_HIGH_tinytpu_isa_fifo_w32_d16_S_0_31
v6173_U_clk_gate_U_tinytpu_isa_fifo_w32_d16_S_ShiftReg_SRL_SIG_reg_15_       3.9900     0.0      0.0000       3.9900 0.0000 SNPS_CLOCK_GATE_HIGH_tinytpu_isa_fifo_w32_d16_S_0_28
v6173_U_clk_gate_mOutPtr_reg            3.9900      0.0       0.0000        3.9900  0.0000  SNPS_CLOCK_GATE_HIGH_tinytpu_isa_fifo_w32_d16_S_0_29
v6174_U_clk_gate_U_tinytpu_isa_fifo_w32_d16_S_ShiftReg_SRL_SIG_reg_15_       3.9900     0.0      0.0000       3.9900 0.0000 SNPS_CLOCK_GATE_HIGH_tinytpu_isa_fifo_w32_d16_S_0_26
v6174_U_clk_gate_mOutPtr_reg            3.9900      0.0       0.0000        3.9900  0.0000  SNPS_CLOCK_GATE_HIGH_tinytpu_isa_fifo_w32_d16_S_0_27
v6175_U_clk_gate_U_tinytpu_isa_fifo_w32_d16_S_ShiftReg_SRL_SIG_reg_15_       3.9900     0.0      0.0000       3.9900 0.0000 SNPS_CLOCK_GATE_HIGH_tinytpu_isa_fifo_w32_d16_S_0_24
v6175_U_clk_gate_mOutPtr_reg            3.9900      0.0       0.0000        3.9900  0.0000  SNPS_CLOCK_GATE_HIGH_tinytpu_isa_fifo_w32_d16_S_0_25
v6176_U_clk_gate_U_tinytpu_isa_fifo_w32_d16_S_ShiftReg_SRL_SIG_reg_15_       3.9900     0.0      0.0000       3.9900 0.0000 SNPS_CLOCK_GATE_HIGH_tinytpu_isa_fifo_w32_d16_S_0_22
v6176_U_clk_gate_mOutPtr_reg            3.9900      0.0       0.0000        3.9900  0.0000  SNPS_CLOCK_GATE_HIGH_tinytpu_isa_fifo_w32_d16_S_0_23
v6177_U_clk_gate_U_tinytpu_isa_fifo_w32_d16_S_ShiftReg_SRL_SIG_reg_15_       3.9900     0.0      0.0000       3.9900 0.0000 SNPS_CLOCK_GATE_HIGH_tinytpu_isa_fifo_w32_d16_S_0_20
v6177_U_clk_gate_mOutPtr_reg            3.9900      0.0       0.0000        3.9900  0.0000  SNPS_CLOCK_GATE_HIGH_tinytpu_isa_fifo_w32_d16_S_0_21
v6178_U_clk_gate_U_tinytpu_isa_fifo_w32_d16_S_ShiftReg_SRL_SIG_reg_15_       3.9900     0.0      0.0000       3.9900 0.0000 SNPS_CLOCK_GATE_HIGH_tinytpu_isa_fifo_w32_d16_S_0_18
v6178_U_clk_gate_mOutPtr_reg            3.9900      0.0       0.0000        3.9900  0.0000  SNPS_CLOCK_GATE_HIGH_tinytpu_isa_fifo_w32_d16_S_0_19
v6179_U_clk_gate_U_tinytpu_isa_fifo_w32_d16_S_ShiftReg_SRL_SIG_reg_15_       3.9900     0.0      0.0000       3.9900 0.0000 SNPS_CLOCK_GATE_HIGH_tinytpu_isa_fifo_w32_d16_S_0_16
v6179_U_clk_gate_mOutPtr_reg            3.9900      0.0       0.0000        3.9900  0.0000  SNPS_CLOCK_GATE_HIGH_tinytpu_isa_fifo_w32_d16_S_0_17
v6180_U_clk_gate_U_tinytpu_isa_fifo_w32_d16_S_ShiftReg_SRL_SIG_reg_15_       3.9900     0.0      0.0000       3.9900 0.0000 SNPS_CLOCK_GATE_HIGH_tinytpu_isa_fifo_w32_d16_S_0_14
v6180_U_clk_gate_mOutPtr_reg            3.9900      0.0       0.0000        3.9900  0.0000  SNPS_CLOCK_GATE_HIGH_tinytpu_isa_fifo_w32_d16_S_0_15
v6181_U_clk_gate_U_tinytpu_isa_fifo_w32_d16_S_ShiftReg_SRL_SIG_reg_15_       3.9900     0.0      0.0000       3.9900 0.0000 SNPS_CLOCK_GATE_HIGH_tinytpu_isa_fifo_w32_d16_S_0_12
v6181_U_clk_gate_mOutPtr_reg            3.9900      0.0       0.0000        3.9900  0.0000  SNPS_CLOCK_GATE_HIGH_tinytpu_isa_fifo_w32_d16_S_0_13
v6182_U_clk_gate_U_tinytpu_isa_fifo_w32_d16_S_ShiftReg_SRL_SIG_reg_15_       3.9900     0.0      0.0000       3.9900 0.0000 SNPS_CLOCK_GATE_HIGH_tinytpu_isa_fifo_w32_d16_S_0_10
v6182_U_clk_gate_mOutPtr_reg            3.9900      0.0       0.0000        3.9900  0.0000  SNPS_CLOCK_GATE_HIGH_tinytpu_isa_fifo_w32_d16_S_0_11
v6183_U_clk_gate_U_tinytpu_isa_fifo_w32_d16_S_ShiftReg_SRL_SIG_reg_15_       3.9900     0.0      0.0000       3.9900 0.0000 SNPS_CLOCK_GATE_HIGH_tinytpu_isa_fifo_w32_d16_S_0_8
v6183_U_clk_gate_mOutPtr_reg            3.9900      0.0       0.0000        3.9900  0.0000  SNPS_CLOCK_GATE_HIGH_tinytpu_isa_fifo_w32_d16_S_0_9
v6184_U_clk_gate_U_tinytpu_isa_fifo_w32_d16_S_ShiftReg_SRL_SIG_reg_15_       3.9900     0.0      0.0000       3.9900 0.0000 SNPS_CLOCK_GATE_HIGH_tinytpu_isa_fifo_w32_d16_S_0_6
v6184_U_clk_gate_mOutPtr_reg            3.9900      0.0       0.0000        3.9900  0.0000  SNPS_CLOCK_GATE_HIGH_tinytpu_isa_fifo_w32_d16_S_0_7
v6185_U_clk_gate_U_tinytpu_isa_fifo_w32_d16_S_ShiftReg_SRL_SIG_reg_15_       3.9900     0.0      0.0000       3.9900 0.0000 SNPS_CLOCK_GATE_HIGH_tinytpu_isa_fifo_w32_d16_S_0_4
v6185_U_clk_gate_mOutPtr_reg            3.9900      0.0       0.0000        3.9900  0.0000  SNPS_CLOCK_GATE_HIGH_tinytpu_isa_fifo_w32_d16_S_0_5
v6186_U_clk_gate_U_tinytpu_isa_fifo_w32_d16_S_ShiftReg_SRL_SIG_reg_15_       3.9900     0.0      0.0000       3.9900 0.0000 SNPS_CLOCK_GATE_HIGH_tinytpu_isa_fifo_w32_d16_S_0_2
v6186_U_clk_gate_mOutPtr_reg            3.9900      0.0       0.0000        3.9900  0.0000  SNPS_CLOCK_GATE_HIGH_tinytpu_isa_fifo_w32_d16_S_0_3
v6187_U_clk_gate_U_tinytpu_isa_fifo_w32_d16_S_ShiftReg_SRL_SIG_reg_15_       3.9900     0.0      0.0000       3.9900 0.0000 SNPS_CLOCK_GATE_HIGH_tinytpu_isa_fifo_w32_d16_S_0_1
v6187_U_clk_gate_mOutPtr_reg            3.9900      0.0       0.0000        3.9900  0.0000  SNPS_CLOCK_GATE_HIGH_tinytpu_isa_fifo_w32_d16_S_0_0
v6196_U_clk_gate_U_tinytpu_isa_fifo_w256_d16_A_ram_mem_reg_0_       3.9900     0.0      0.0000       3.9900 0.0000 SNPS_CLOCK_GATE_HIGH_tinytpu_isa_fifo_w256_d16_A_7_1
v6196_U_clk_gate_U_tinytpu_isa_fifo_w256_d16_A_ram_mem_reg_10_       3.9900     0.0      0.0000       3.9900 0.0000 SNPS_CLOCK_GATE_HIGH_tinytpu_isa_fifo_w256_d16_A_7_11
v6196_U_clk_gate_U_tinytpu_isa_fifo_w256_d16_A_ram_mem_reg_11_       3.9900     0.0      0.0000       3.9900 0.0000 SNPS_CLOCK_GATE_HIGH_tinytpu_isa_fifo_w256_d16_A_7_12
v6196_U_clk_gate_U_tinytpu_isa_fifo_w256_d16_A_ram_mem_reg_12_       3.9900     0.0      0.0000       3.9900 0.0000 SNPS_CLOCK_GATE_HIGH_tinytpu_isa_fifo_w256_d16_A_7_13
v6196_U_clk_gate_U_tinytpu_isa_fifo_w256_d16_A_ram_mem_reg_13_       3.9900     0.0      0.0000       3.9900 0.0000 SNPS_CLOCK_GATE_HIGH_tinytpu_isa_fifo_w256_d16_A_7_14
v6196_U_clk_gate_U_tinytpu_isa_fifo_w256_d16_A_ram_mem_reg_14_       3.9900     0.0      0.0000       3.9900 0.0000 SNPS_CLOCK_GATE_HIGH_tinytpu_isa_fifo_w256_d16_A_7_15
v6196_U_clk_gate_U_tinytpu_isa_fifo_w256_d16_A_ram_mem_reg_1_       3.9900     0.0      0.0000       3.9900 0.0000 SNPS_CLOCK_GATE_HIGH_tinytpu_isa_fifo_w256_d16_A_7_2
v6196_U_clk_gate_U_tinytpu_isa_fifo_w256_d16_A_ram_mem_reg_2_       3.9900     0.0      0.0000       3.9900 0.0000 SNPS_CLOCK_GATE_HIGH_tinytpu_isa_fifo_w256_d16_A_7_3
v6196_U_clk_gate_U_tinytpu_isa_fifo_w256_d16_A_ram_mem_reg_3_       3.9900     0.0      0.0000       3.9900 0.0000 SNPS_CLOCK_GATE_HIGH_tinytpu_isa_fifo_w256_d16_A_7_4
v6196_U_clk_gate_U_tinytpu_isa_fifo_w256_d16_A_ram_mem_reg_4_       3.9900     0.0      0.0000       3.9900 0.0000 SNPS_CLOCK_GATE_HIGH_tinytpu_isa_fifo_w256_d16_A_7_5
v6196_U_clk_gate_U_tinytpu_isa_fifo_w256_d16_A_ram_mem_reg_5_       3.9900     0.0      0.0000       3.9900 0.0000 SNPS_CLOCK_GATE_HIGH_tinytpu_isa_fifo_w256_d16_A_7_6
v6196_U_clk_gate_U_tinytpu_isa_fifo_w256_d16_A_ram_mem_reg_6_       3.9900     0.0      0.0000       3.9900 0.0000 SNPS_CLOCK_GATE_HIGH_tinytpu_isa_fifo_w256_d16_A_7_7
v6196_U_clk_gate_U_tinytpu_isa_fifo_w256_d16_A_ram_mem_reg_7_       3.9900     0.0      0.0000       3.9900 0.0000 SNPS_CLOCK_GATE_HIGH_tinytpu_isa_fifo_w256_d16_A_7_8
v6196_U_clk_gate_U_tinytpu_isa_fifo_w256_d16_A_ram_mem_reg_8_       3.9900     0.0      0.0000       3.9900 0.0000 SNPS_CLOCK_GATE_HIGH_tinytpu_isa_fifo_w256_d16_A_7_9
v6196_U_clk_gate_U_tinytpu_isa_fifo_w256_d16_A_ram_mem_reg_9_       3.9900     0.0      0.0000       3.9900 0.0000 SNPS_CLOCK_GATE_HIGH_tinytpu_isa_fifo_w256_d16_A_7_10
v6196_U_clk_gate_mOutPtr_reg            3.9900      0.0       0.0000        3.9900  0.0000  SNPS_CLOCK_GATE_HIGH_tinytpu_isa_fifo_w256_d16_A_7_17
v6196_U_clk_gate_num_data_cnt_reg       3.9900      0.0       0.0000        3.9900  0.0000  SNPS_CLOCK_GATE_HIGH_tinytpu_isa_fifo_w256_d16_A_7_16
v6196_U_clk_gate_raddr_reg              3.9900      0.0       0.0000        3.9900  0.0000  SNPS_CLOCK_GATE_HIGH_tinytpu_isa_fifo_w256_d16_A_7_18
v6196_U_clk_gate_waddr_reg              3.9900      0.0       0.0000        3.9900  0.0000  SNPS_CLOCK_GATE_HIGH_tinytpu_isa_fifo_w256_d16_A_7_0
v6197_U_clk_gate_U_tinytpu_isa_fifo_w256_d16_A_ram_mem_reg_0_       3.9900     0.0      0.0000       3.9900 0.0000 SNPS_CLOCK_GATE_HIGH_tinytpu_isa_fifo_w256_d16_A_6_1
v6197_U_clk_gate_U_tinytpu_isa_fifo_w256_d16_A_ram_mem_reg_10_       3.9900     0.0      0.0000       3.9900 0.0000 SNPS_CLOCK_GATE_HIGH_tinytpu_isa_fifo_w256_d16_A_6_11
v6197_U_clk_gate_U_tinytpu_isa_fifo_w256_d16_A_ram_mem_reg_11_       3.9900     0.0      0.0000       3.9900 0.0000 SNPS_CLOCK_GATE_HIGH_tinytpu_isa_fifo_w256_d16_A_6_12
v6197_U_clk_gate_U_tinytpu_isa_fifo_w256_d16_A_ram_mem_reg_12_       3.9900     0.0      0.0000       3.9900 0.0000 SNPS_CLOCK_GATE_HIGH_tinytpu_isa_fifo_w256_d16_A_6_13
v6197_U_clk_gate_U_tinytpu_isa_fifo_w256_d16_A_ram_mem_reg_13_       3.9900     0.0      0.0000       3.9900 0.0000 SNPS_CLOCK_GATE_HIGH_tinytpu_isa_fifo_w256_d16_A_6_14
v6197_U_clk_gate_U_tinytpu_isa_fifo_w256_d16_A_ram_mem_reg_14_       3.9900     0.0      0.0000       3.9900 0.0000 SNPS_CLOCK_GATE_HIGH_tinytpu_isa_fifo_w256_d16_A_6_15
v6197_U_clk_gate_U_tinytpu_isa_fifo_w256_d16_A_ram_mem_reg_1_       3.9900     0.0      0.0000       3.9900 0.0000 SNPS_CLOCK_GATE_HIGH_tinytpu_isa_fifo_w256_d16_A_6_2
v6197_U_clk_gate_U_tinytpu_isa_fifo_w256_d16_A_ram_mem_reg_2_       3.9900     0.0      0.0000       3.9900 0.0000 SNPS_CLOCK_GATE_HIGH_tinytpu_isa_fifo_w256_d16_A_6_3
v6197_U_clk_gate_U_tinytpu_isa_fifo_w256_d16_A_ram_mem_reg_3_       3.9900     0.0      0.0000       3.9900 0.0000 SNPS_CLOCK_GATE_HIGH_tinytpu_isa_fifo_w256_d16_A_6_4
v6197_U_clk_gate_U_tinytpu_isa_fifo_w256_d16_A_ram_mem_reg_4_       3.9900     0.0      0.0000       3.9900 0.0000 SNPS_CLOCK_GATE_HIGH_tinytpu_isa_fifo_w256_d16_A_6_5
v6197_U_clk_gate_U_tinytpu_isa_fifo_w256_d16_A_ram_mem_reg_5_       3.9900     0.0      0.0000       3.9900 0.0000 SNPS_CLOCK_GATE_HIGH_tinytpu_isa_fifo_w256_d16_A_6_6
v6197_U_clk_gate_U_tinytpu_isa_fifo_w256_d16_A_ram_mem_reg_6_       3.9900     0.0      0.0000       3.9900 0.0000 SNPS_CLOCK_GATE_HIGH_tinytpu_isa_fifo_w256_d16_A_6_7
v6197_U_clk_gate_U_tinytpu_isa_fifo_w256_d16_A_ram_mem_reg_7_       3.9900     0.0      0.0000       3.9900 0.0000 SNPS_CLOCK_GATE_HIGH_tinytpu_isa_fifo_w256_d16_A_6_8
v6197_U_clk_gate_U_tinytpu_isa_fifo_w256_d16_A_ram_mem_reg_8_       3.9900     0.0      0.0000       3.9900 0.0000 SNPS_CLOCK_GATE_HIGH_tinytpu_isa_fifo_w256_d16_A_6_9
v6197_U_clk_gate_U_tinytpu_isa_fifo_w256_d16_A_ram_mem_reg_9_       3.9900     0.0      0.0000       3.9900 0.0000 SNPS_CLOCK_GATE_HIGH_tinytpu_isa_fifo_w256_d16_A_6_10
v6197_U_clk_gate_mOutPtr_reg            3.9900      0.0       0.0000        3.9900  0.0000  SNPS_CLOCK_GATE_HIGH_tinytpu_isa_fifo_w256_d16_A_6_17
v6197_U_clk_gate_num_data_cnt_reg       3.9900      0.0       0.0000        3.9900  0.0000  SNPS_CLOCK_GATE_HIGH_tinytpu_isa_fifo_w256_d16_A_6_16
v6197_U_clk_gate_raddr_reg              3.9900      0.0       0.0000        3.9900  0.0000  SNPS_CLOCK_GATE_HIGH_tinytpu_isa_fifo_w256_d16_A_6_18
v6197_U_clk_gate_waddr_reg              3.9900      0.0       0.0000        3.9900  0.0000  SNPS_CLOCK_GATE_HIGH_tinytpu_isa_fifo_w256_d16_A_6_0
v6198_U                              8781.9898      0.4    1665.4260     7040.7537  0.0000  tinytpu_isa_fifo_w256_d16_A_5
v6198_U/clk_gate_U_tinytpu_isa_fifo_w256_d16_A_ram_mem_reg_0_       3.9900     0.0      0.0000       3.9900 0.0000 SNPS_CLOCK_GATE_HIGH_tinytpu_isa_fifo_w256_d16_A_5_1
v6198_U/clk_gate_U_tinytpu_isa_fifo_w256_d16_A_ram_mem_reg_10_       3.9900     0.0      0.0000       3.9900 0.0000 SNPS_CLOCK_GATE_HIGH_tinytpu_isa_fifo_w256_d16_A_5_11
v6198_U/clk_gate_U_tinytpu_isa_fifo_w256_d16_A_ram_mem_reg_11_       3.9900     0.0      0.0000       3.9900 0.0000 SNPS_CLOCK_GATE_HIGH_tinytpu_isa_fifo_w256_d16_A_5_12
v6198_U/clk_gate_U_tinytpu_isa_fifo_w256_d16_A_ram_mem_reg_12_       3.9900     0.0      0.0000       3.9900 0.0000 SNPS_CLOCK_GATE_HIGH_tinytpu_isa_fifo_w256_d16_A_5_13
v6198_U/clk_gate_U_tinytpu_isa_fifo_w256_d16_A_ram_mem_reg_13_       3.9900     0.0      0.0000       3.9900 0.0000 SNPS_CLOCK_GATE_HIGH_tinytpu_isa_fifo_w256_d16_A_5_14
v6198_U/clk_gate_U_tinytpu_isa_fifo_w256_d16_A_ram_mem_reg_14_       3.9900     0.0      0.0000       3.9900 0.0000 SNPS_CLOCK_GATE_HIGH_tinytpu_isa_fifo_w256_d16_A_5_15
v6198_U/clk_gate_U_tinytpu_isa_fifo_w256_d16_A_ram_mem_reg_1_       3.9900     0.0      0.0000       3.9900 0.0000 SNPS_CLOCK_GATE_HIGH_tinytpu_isa_fifo_w256_d16_A_5_2
v6198_U/clk_gate_U_tinytpu_isa_fifo_w256_d16_A_ram_mem_reg_2_       3.9900     0.0      0.0000       3.9900 0.0000 SNPS_CLOCK_GATE_HIGH_tinytpu_isa_fifo_w256_d16_A_5_3
v6198_U/clk_gate_U_tinytpu_isa_fifo_w256_d16_A_ram_mem_reg_3_       3.9900     0.0      0.0000       3.9900 0.0000 SNPS_CLOCK_GATE_HIGH_tinytpu_isa_fifo_w256_d16_A_5_4
v6198_U/clk_gate_U_tinytpu_isa_fifo_w256_d16_A_ram_mem_reg_4_       3.9900     0.0      0.0000       3.9900 0.0000 SNPS_CLOCK_GATE_HIGH_tinytpu_isa_fifo_w256_d16_A_5_5
v6198_U/clk_gate_U_tinytpu_isa_fifo_w256_d16_A_ram_mem_reg_5_       3.9900     0.0      0.0000       3.9900 0.0000 SNPS_CLOCK_GATE_HIGH_tinytpu_isa_fifo_w256_d16_A_5_6
v6198_U/clk_gate_U_tinytpu_isa_fifo_w256_d16_A_ram_mem_reg_6_       3.9900     0.0      0.0000       3.9900 0.0000 SNPS_CLOCK_GATE_HIGH_tinytpu_isa_fifo_w256_d16_A_5_7
v6198_U/clk_gate_U_tinytpu_isa_fifo_w256_d16_A_ram_mem_reg_7_       3.9900     0.0      0.0000       3.9900 0.0000 SNPS_CLOCK_GATE_HIGH_tinytpu_isa_fifo_w256_d16_A_5_8
v6198_U/clk_gate_U_tinytpu_isa_fifo_w256_d16_A_ram_mem_reg_8_       3.9900     0.0      0.0000       3.9900 0.0000 SNPS_CLOCK_GATE_HIGH_tinytpu_isa_fifo_w256_d16_A_5_9
v6198_U/clk_gate_U_tinytpu_isa_fifo_w256_d16_A_ram_mem_reg_9_       3.9900     0.0      0.0000       3.9900 0.0000 SNPS_CLOCK_GATE_HIGH_tinytpu_isa_fifo_w256_d16_A_5_10
v6198_U/clk_gate_mOutPtr_reg            3.9900      0.0       0.0000        3.9900  0.0000  SNPS_CLOCK_GATE_HIGH_tinytpu_isa_fifo_w256_d16_A_5_17
v6198_U/clk_gate_num_data_cnt_reg       3.9900      0.0       0.0000        3.9900  0.0000  SNPS_CLOCK_GATE_HIGH_tinytpu_isa_fifo_w256_d16_A_5_16
v6198_U/clk_gate_raddr_reg              3.9900      0.0       0.0000        3.9900  0.0000  SNPS_CLOCK_GATE_HIGH_tinytpu_isa_fifo_w256_d16_A_5_18
v6198_U/clk_gate_waddr_reg              3.9900      0.0       0.0000        3.9900  0.0000  SNPS_CLOCK_GATE_HIGH_tinytpu_isa_fifo_w256_d16_A_5_0
v6199_U                             11597.0677      0.5    2165.2400     9356.0177  0.0000  tinytpu_isa_fifo_w256_d16_A_4
v6199_U/clk_gate_U_tinytpu_isa_fifo_w256_d16_A_ram_mem_reg_0_       3.9900     0.0      0.0000       3.9900 0.0000 SNPS_CLOCK_GATE_HIGH_tinytpu_isa_fifo_w256_d16_A_4_1
v6199_U/clk_gate_U_tinytpu_isa_fifo_w256_d16_A_ram_mem_reg_10_       3.9900     0.0      0.0000       3.9900 0.0000 SNPS_CLOCK_GATE_HIGH_tinytpu_isa_fifo_w256_d16_A_4_11
v6199_U/clk_gate_U_tinytpu_isa_fifo_w256_d16_A_ram_mem_reg_11_       3.9900     0.0      0.0000       3.9900 0.0000 SNPS_CLOCK_GATE_HIGH_tinytpu_isa_fifo_w256_d16_A_4_12
v6199_U/clk_gate_U_tinytpu_isa_fifo_w256_d16_A_ram_mem_reg_12_       3.9900     0.0      0.0000       3.9900 0.0000 SNPS_CLOCK_GATE_HIGH_tinytpu_isa_fifo_w256_d16_A_4_13
v6199_U/clk_gate_U_tinytpu_isa_fifo_w256_d16_A_ram_mem_reg_13_       3.9900     0.0      0.0000       3.9900 0.0000 SNPS_CLOCK_GATE_HIGH_tinytpu_isa_fifo_w256_d16_A_4_14
v6199_U/clk_gate_U_tinytpu_isa_fifo_w256_d16_A_ram_mem_reg_14_       3.9900     0.0      0.0000       3.9900 0.0000 SNPS_CLOCK_GATE_HIGH_tinytpu_isa_fifo_w256_d16_A_4_15
v6199_U/clk_gate_U_tinytpu_isa_fifo_w256_d16_A_ram_mem_reg_1_       3.9900     0.0      0.0000       3.9900 0.0000 SNPS_CLOCK_GATE_HIGH_tinytpu_isa_fifo_w256_d16_A_4_2
v6199_U/clk_gate_U_tinytpu_isa_fifo_w256_d16_A_ram_mem_reg_2_       3.9900     0.0      0.0000       3.9900 0.0000 SNPS_CLOCK_GATE_HIGH_tinytpu_isa_fifo_w256_d16_A_4_3
v6199_U/clk_gate_U_tinytpu_isa_fifo_w256_d16_A_ram_mem_reg_3_       3.9900     0.0      0.0000       3.9900 0.0000 SNPS_CLOCK_GATE_HIGH_tinytpu_isa_fifo_w256_d16_A_4_4
v6199_U/clk_gate_U_tinytpu_isa_fifo_w256_d16_A_ram_mem_reg_4_       3.9900     0.0      0.0000       3.9900 0.0000 SNPS_CLOCK_GATE_HIGH_tinytpu_isa_fifo_w256_d16_A_4_5
v6199_U/clk_gate_U_tinytpu_isa_fifo_w256_d16_A_ram_mem_reg_5_       3.9900     0.0      0.0000       3.9900 0.0000 SNPS_CLOCK_GATE_HIGH_tinytpu_isa_fifo_w256_d16_A_4_6
v6199_U/clk_gate_U_tinytpu_isa_fifo_w256_d16_A_ram_mem_reg_6_       3.9900     0.0      0.0000       3.9900 0.0000 SNPS_CLOCK_GATE_HIGH_tinytpu_isa_fifo_w256_d16_A_4_7
v6199_U/clk_gate_U_tinytpu_isa_fifo_w256_d16_A_ram_mem_reg_7_       3.9900     0.0      0.0000       3.9900 0.0000 SNPS_CLOCK_GATE_HIGH_tinytpu_isa_fifo_w256_d16_A_4_8
v6199_U/clk_gate_U_tinytpu_isa_fifo_w256_d16_A_ram_mem_reg_8_       3.9900     0.0      0.0000       3.9900 0.0000 SNPS_CLOCK_GATE_HIGH_tinytpu_isa_fifo_w256_d16_A_4_9
v6199_U/clk_gate_U_tinytpu_isa_fifo_w256_d16_A_ram_mem_reg_9_       3.9900     0.0      0.0000       3.9900 0.0000 SNPS_CLOCK_GATE_HIGH_tinytpu_isa_fifo_w256_d16_A_4_10
v6199_U/clk_gate_mOutPtr_reg            3.9900      0.0       0.0000        3.9900  0.0000  SNPS_CLOCK_GATE_HIGH_tinytpu_isa_fifo_w256_d16_A_4_17
v6199_U/clk_gate_num_data_cnt_reg       3.9900      0.0       0.0000        3.9900  0.0000  SNPS_CLOCK_GATE_HIGH_tinytpu_isa_fifo_w256_d16_A_4_16
v6199_U/clk_gate_raddr_reg              3.9900      0.0       0.0000        3.9900  0.0000  SNPS_CLOCK_GATE_HIGH_tinytpu_isa_fifo_w256_d16_A_4_18
v6199_U/clk_gate_waddr_reg              3.9900      0.0       0.0000        3.9900  0.0000  SNPS_CLOCK_GATE_HIGH_tinytpu_isa_fifo_w256_d16_A_4_0
v6200_U                             14414.5396      0.6    2667.4481    11671.2816  0.0000  tinytpu_isa_fifo_w256_d16_A_3
v6200_U/clk_gate_U_tinytpu_isa_fifo_w256_d16_A_ram_mem_reg_0_       3.9900     0.0      0.0000       3.9900 0.0000 SNPS_CLOCK_GATE_HIGH_tinytpu_isa_fifo_w256_d16_A_3_1
v6200_U/clk_gate_U_tinytpu_isa_fifo_w256_d16_A_ram_mem_reg_10_       3.9900     0.0      0.0000       3.9900 0.0000 SNPS_CLOCK_GATE_HIGH_tinytpu_isa_fifo_w256_d16_A_3_11
v6200_U/clk_gate_U_tinytpu_isa_fifo_w256_d16_A_ram_mem_reg_11_       3.9900     0.0      0.0000       3.9900 0.0000 SNPS_CLOCK_GATE_HIGH_tinytpu_isa_fifo_w256_d16_A_3_12
v6200_U/clk_gate_U_tinytpu_isa_fifo_w256_d16_A_ram_mem_reg_12_       3.9900     0.0      0.0000       3.9900 0.0000 SNPS_CLOCK_GATE_HIGH_tinytpu_isa_fifo_w256_d16_A_3_13
v6200_U/clk_gate_U_tinytpu_isa_fifo_w256_d16_A_ram_mem_reg_13_       3.9900     0.0      0.0000       3.9900 0.0000 SNPS_CLOCK_GATE_HIGH_tinytpu_isa_fifo_w256_d16_A_3_14
v6200_U/clk_gate_U_tinytpu_isa_fifo_w256_d16_A_ram_mem_reg_14_       3.9900     0.0      0.0000       3.9900 0.0000 SNPS_CLOCK_GATE_HIGH_tinytpu_isa_fifo_w256_d16_A_3_15
v6200_U/clk_gate_U_tinytpu_isa_fifo_w256_d16_A_ram_mem_reg_1_       3.9900     0.0      0.0000       3.9900 0.0000 SNPS_CLOCK_GATE_HIGH_tinytpu_isa_fifo_w256_d16_A_3_2
v6200_U/clk_gate_U_tinytpu_isa_fifo_w256_d16_A_ram_mem_reg_2_       3.9900     0.0      0.0000       3.9900 0.0000 SNPS_CLOCK_GATE_HIGH_tinytpu_isa_fifo_w256_d16_A_3_3
v6200_U/clk_gate_U_tinytpu_isa_fifo_w256_d16_A_ram_mem_reg_3_       3.9900     0.0      0.0000       3.9900 0.0000 SNPS_CLOCK_GATE_HIGH_tinytpu_isa_fifo_w256_d16_A_3_4
v6200_U/clk_gate_U_tinytpu_isa_fifo_w256_d16_A_ram_mem_reg_4_       3.9900     0.0      0.0000       3.9900 0.0000 SNPS_CLOCK_GATE_HIGH_tinytpu_isa_fifo_w256_d16_A_3_5
v6200_U/clk_gate_U_tinytpu_isa_fifo_w256_d16_A_ram_mem_reg_5_       3.9900     0.0      0.0000       3.9900 0.0000 SNPS_CLOCK_GATE_HIGH_tinytpu_isa_fifo_w256_d16_A_3_6
v6200_U/clk_gate_U_tinytpu_isa_fifo_w256_d16_A_ram_mem_reg_6_       3.9900     0.0      0.0000       3.9900 0.0000 SNPS_CLOCK_GATE_HIGH_tinytpu_isa_fifo_w256_d16_A_3_7
v6200_U/clk_gate_U_tinytpu_isa_fifo_w256_d16_A_ram_mem_reg_7_       3.9900     0.0      0.0000       3.9900 0.0000 SNPS_CLOCK_GATE_HIGH_tinytpu_isa_fifo_w256_d16_A_3_8
v6200_U/clk_gate_U_tinytpu_isa_fifo_w256_d16_A_ram_mem_reg_8_       3.9900     0.0      0.0000       3.9900 0.0000 SNPS_CLOCK_GATE_HIGH_tinytpu_isa_fifo_w256_d16_A_3_9
v6200_U/clk_gate_U_tinytpu_isa_fifo_w256_d16_A_ram_mem_reg_9_       3.9900     0.0      0.0000       3.9900 0.0000 SNPS_CLOCK_GATE_HIGH_tinytpu_isa_fifo_w256_d16_A_3_10
v6200_U/clk_gate_mOutPtr_reg            3.9900      0.0       0.0000        3.9900  0.0000  SNPS_CLOCK_GATE_HIGH_tinytpu_isa_fifo_w256_d16_A_3_17
v6200_U/clk_gate_num_data_cnt_reg       3.9900      0.0       0.0000        3.9900  0.0000  SNPS_CLOCK_GATE_HIGH_tinytpu_isa_fifo_w256_d16_A_3_16
v6200_U/clk_gate_raddr_reg              3.9900      0.0       0.0000        3.9900  0.0000  SNPS_CLOCK_GATE_HIGH_tinytpu_isa_fifo_w256_d16_A_3_18
v6200_U/clk_gate_waddr_reg              3.9900      0.0       0.0000        3.9900  0.0000  SNPS_CLOCK_GATE_HIGH_tinytpu_isa_fifo_w256_d16_A_3_0
v6201_U                             17245.3116      0.8    3182.9561    13986.5455  0.0000  tinytpu_isa_fifo_w256_d16_A_2
v6201_U/clk_gate_U_tinytpu_isa_fifo_w256_d16_A_ram_mem_reg_0_       3.9900     0.0      0.0000       3.9900 0.0000 SNPS_CLOCK_GATE_HIGH_tinytpu_isa_fifo_w256_d16_A_2_1
v6201_U/clk_gate_U_tinytpu_isa_fifo_w256_d16_A_ram_mem_reg_10_       3.9900     0.0      0.0000       3.9900 0.0000 SNPS_CLOCK_GATE_HIGH_tinytpu_isa_fifo_w256_d16_A_2_11
v6201_U/clk_gate_U_tinytpu_isa_fifo_w256_d16_A_ram_mem_reg_11_       3.9900     0.0      0.0000       3.9900 0.0000 SNPS_CLOCK_GATE_HIGH_tinytpu_isa_fifo_w256_d16_A_2_12
v6201_U/clk_gate_U_tinytpu_isa_fifo_w256_d16_A_ram_mem_reg_12_       3.9900     0.0      0.0000       3.9900 0.0000 SNPS_CLOCK_GATE_HIGH_tinytpu_isa_fifo_w256_d16_A_2_13
v6201_U/clk_gate_U_tinytpu_isa_fifo_w256_d16_A_ram_mem_reg_13_       3.9900     0.0      0.0000       3.9900 0.0000 SNPS_CLOCK_GATE_HIGH_tinytpu_isa_fifo_w256_d16_A_2_14
v6201_U/clk_gate_U_tinytpu_isa_fifo_w256_d16_A_ram_mem_reg_14_       3.9900     0.0      0.0000       3.9900 0.0000 SNPS_CLOCK_GATE_HIGH_tinytpu_isa_fifo_w256_d16_A_2_15
v6201_U/clk_gate_U_tinytpu_isa_fifo_w256_d16_A_ram_mem_reg_1_       3.9900     0.0      0.0000       3.9900 0.0000 SNPS_CLOCK_GATE_HIGH_tinytpu_isa_fifo_w256_d16_A_2_2
v6201_U/clk_gate_U_tinytpu_isa_fifo_w256_d16_A_ram_mem_reg_2_       3.9900     0.0      0.0000       3.9900 0.0000 SNPS_CLOCK_GATE_HIGH_tinytpu_isa_fifo_w256_d16_A_2_3
v6201_U/clk_gate_U_tinytpu_isa_fifo_w256_d16_A_ram_mem_reg_3_       3.9900     0.0      0.0000       3.9900 0.0000 SNPS_CLOCK_GATE_HIGH_tinytpu_isa_fifo_w256_d16_A_2_4
v6201_U/clk_gate_U_tinytpu_isa_fifo_w256_d16_A_ram_mem_reg_4_       3.9900     0.0      0.0000       3.9900 0.0000 SNPS_CLOCK_GATE_HIGH_tinytpu_isa_fifo_w256_d16_A_2_5
v6201_U/clk_gate_U_tinytpu_isa_fifo_w256_d16_A_ram_mem_reg_5_       3.9900     0.0      0.0000       3.9900 0.0000 SNPS_CLOCK_GATE_HIGH_tinytpu_isa_fifo_w256_d16_A_2_6
v6201_U/clk_gate_U_tinytpu_isa_fifo_w256_d16_A_ram_mem_reg_6_       3.9900     0.0      0.0000       3.9900 0.0000 SNPS_CLOCK_GATE_HIGH_tinytpu_isa_fifo_w256_d16_A_2_7
v6201_U/clk_gate_U_tinytpu_isa_fifo_w256_d16_A_ram_mem_reg_7_       3.9900     0.0      0.0000       3.9900 0.0000 SNPS_CLOCK_GATE_HIGH_tinytpu_isa_fifo_w256_d16_A_2_8
v6201_U/clk_gate_U_tinytpu_isa_fifo_w256_d16_A_ram_mem_reg_8_       3.9900     0.0      0.0000       3.9900 0.0000 SNPS_CLOCK_GATE_HIGH_tinytpu_isa_fifo_w256_d16_A_2_9
v6201_U/clk_gate_U_tinytpu_isa_fifo_w256_d16_A_ram_mem_reg_9_       3.9900     0.0      0.0000       3.9900 0.0000 SNPS_CLOCK_GATE_HIGH_tinytpu_isa_fifo_w256_d16_A_2_10
v6201_U/clk_gate_mOutPtr_reg            3.9900      0.0       0.0000        3.9900  0.0000  SNPS_CLOCK_GATE_HIGH_tinytpu_isa_fifo_w256_d16_A_2_17
v6201_U/clk_gate_num_data_cnt_reg       3.9900      0.0       0.0000        3.9900  0.0000  SNPS_CLOCK_GATE_HIGH_tinytpu_isa_fifo_w256_d16_A_2_16
v6201_U/clk_gate_raddr_reg              3.9900      0.0       0.0000        3.9900  0.0000  SNPS_CLOCK_GATE_HIGH_tinytpu_isa_fifo_w256_d16_A_2_18
v6201_U/clk_gate_waddr_reg              3.9900      0.0       0.0000        3.9900  0.0000  SNPS_CLOCK_GATE_HIGH_tinytpu_isa_fifo_w256_d16_A_2_0
v6202_U                             20064.1135      0.9    3686.4941    16301.8094  0.0000  tinytpu_isa_fifo_w256_d16_A_1
v6202_U/clk_gate_U_tinytpu_isa_fifo_w256_d16_A_ram_mem_reg_0_       3.9900     0.0      0.0000       3.9900 0.0000 SNPS_CLOCK_GATE_HIGH_tinytpu_isa_fifo_w256_d16_A_1_1
v6202_U/clk_gate_U_tinytpu_isa_fifo_w256_d16_A_ram_mem_reg_10_       3.9900     0.0      0.0000       3.9900 0.0000 SNPS_CLOCK_GATE_HIGH_tinytpu_isa_fifo_w256_d16_A_1_11
v6202_U/clk_gate_U_tinytpu_isa_fifo_w256_d16_A_ram_mem_reg_11_       3.9900     0.0      0.0000       3.9900 0.0000 SNPS_CLOCK_GATE_HIGH_tinytpu_isa_fifo_w256_d16_A_1_12
v6202_U/clk_gate_U_tinytpu_isa_fifo_w256_d16_A_ram_mem_reg_12_       3.9900     0.0      0.0000       3.9900 0.0000 SNPS_CLOCK_GATE_HIGH_tinytpu_isa_fifo_w256_d16_A_1_13
v6202_U/clk_gate_U_tinytpu_isa_fifo_w256_d16_A_ram_mem_reg_13_       3.9900     0.0      0.0000       3.9900 0.0000 SNPS_CLOCK_GATE_HIGH_tinytpu_isa_fifo_w256_d16_A_1_14
v6202_U/clk_gate_U_tinytpu_isa_fifo_w256_d16_A_ram_mem_reg_14_       3.9900     0.0      0.0000       3.9900 0.0000 SNPS_CLOCK_GATE_HIGH_tinytpu_isa_fifo_w256_d16_A_1_15
v6202_U/clk_gate_U_tinytpu_isa_fifo_w256_d16_A_ram_mem_reg_1_       3.9900     0.0      0.0000       3.9900 0.0000 SNPS_CLOCK_GATE_HIGH_tinytpu_isa_fifo_w256_d16_A_1_2
v6202_U/clk_gate_U_tinytpu_isa_fifo_w256_d16_A_ram_mem_reg_2_       3.9900     0.0      0.0000       3.9900 0.0000 SNPS_CLOCK_GATE_HIGH_tinytpu_isa_fifo_w256_d16_A_1_3
v6202_U/clk_gate_U_tinytpu_isa_fifo_w256_d16_A_ram_mem_reg_3_       3.9900     0.0      0.0000       3.9900 0.0000 SNPS_CLOCK_GATE_HIGH_tinytpu_isa_fifo_w256_d16_A_1_4
v6202_U/clk_gate_U_tinytpu_isa_fifo_w256_d16_A_ram_mem_reg_4_       3.9900     0.0      0.0000       3.9900 0.0000 SNPS_CLOCK_GATE_HIGH_tinytpu_isa_fifo_w256_d16_A_1_5
v6202_U/clk_gate_U_tinytpu_isa_fifo_w256_d16_A_ram_mem_reg_5_       3.9900     0.0      0.0000       3.9900 0.0000 SNPS_CLOCK_GATE_HIGH_tinytpu_isa_fifo_w256_d16_A_1_6
v6202_U/clk_gate_U_tinytpu_isa_fifo_w256_d16_A_ram_mem_reg_6_       3.9900     0.0      0.0000       3.9900 0.0000 SNPS_CLOCK_GATE_HIGH_tinytpu_isa_fifo_w256_d16_A_1_7
v6202_U/clk_gate_U_tinytpu_isa_fifo_w256_d16_A_ram_mem_reg_7_       3.9900     0.0      0.0000       3.9900 0.0000 SNPS_CLOCK_GATE_HIGH_tinytpu_isa_fifo_w256_d16_A_1_8
v6202_U/clk_gate_U_tinytpu_isa_fifo_w256_d16_A_ram_mem_reg_8_       3.9900     0.0      0.0000       3.9900 0.0000 SNPS_CLOCK_GATE_HIGH_tinytpu_isa_fifo_w256_d16_A_1_9
v6202_U/clk_gate_U_tinytpu_isa_fifo_w256_d16_A_ram_mem_reg_9_       3.9900     0.0      0.0000       3.9900 0.0000 SNPS_CLOCK_GATE_HIGH_tinytpu_isa_fifo_w256_d16_A_1_10
v6202_U/clk_gate_mOutPtr_reg            3.9900      0.0       0.0000        3.9900  0.0000  SNPS_CLOCK_GATE_HIGH_tinytpu_isa_fifo_w256_d16_A_1_17
v6202_U/clk_gate_num_data_cnt_reg       3.9900      0.0       0.0000        3.9900  0.0000  SNPS_CLOCK_GATE_HIGH_tinytpu_isa_fifo_w256_d16_A_1_16
v6202_U/clk_gate_raddr_reg              3.9900      0.0       0.0000        3.9900  0.0000  SNPS_CLOCK_GATE_HIGH_tinytpu_isa_fifo_w256_d16_A_1_18
v6202_U/clk_gate_waddr_reg              3.9900      0.0       0.0000        3.9900  0.0000  SNPS_CLOCK_GATE_HIGH_tinytpu_isa_fifo_w256_d16_A_1_0
v6203_U                             22859.7734      1.0    4166.8901    18617.0733  0.0000  tinytpu_isa_fifo_w256_d16_A_0
v6203_U/clk_gate_U_tinytpu_isa_fifo_w256_d16_A_ram_mem_reg_0_       3.9900     0.0      0.0000       3.9900 0.0000 SNPS_CLOCK_GATE_HIGH_tinytpu_isa_fifo_w256_d16_A_0_1
v6203_U/clk_gate_U_tinytpu_isa_fifo_w256_d16_A_ram_mem_reg_10_       3.9900     0.0      0.0000       3.9900 0.0000 SNPS_CLOCK_GATE_HIGH_tinytpu_isa_fifo_w256_d16_A_0_11
v6203_U/clk_gate_U_tinytpu_isa_fifo_w256_d16_A_ram_mem_reg_11_       3.9900     0.0      0.0000       3.9900 0.0000 SNPS_CLOCK_GATE_HIGH_tinytpu_isa_fifo_w256_d16_A_0_12
v6203_U/clk_gate_U_tinytpu_isa_fifo_w256_d16_A_ram_mem_reg_12_       3.9900     0.0      0.0000       3.9900 0.0000 SNPS_CLOCK_GATE_HIGH_tinytpu_isa_fifo_w256_d16_A_0_13
v6203_U/clk_gate_U_tinytpu_isa_fifo_w256_d16_A_ram_mem_reg_13_       3.9900     0.0      0.0000       3.9900 0.0000 SNPS_CLOCK_GATE_HIGH_tinytpu_isa_fifo_w256_d16_A_0_14
v6203_U/clk_gate_U_tinytpu_isa_fifo_w256_d16_A_ram_mem_reg_14_       3.9900     0.0      0.0000       3.9900 0.0000 SNPS_CLOCK_GATE_HIGH_tinytpu_isa_fifo_w256_d16_A_0_15
v6203_U/clk_gate_U_tinytpu_isa_fifo_w256_d16_A_ram_mem_reg_1_       3.9900     0.0      0.0000       3.9900 0.0000 SNPS_CLOCK_GATE_HIGH_tinytpu_isa_fifo_w256_d16_A_0_2
v6203_U/clk_gate_U_tinytpu_isa_fifo_w256_d16_A_ram_mem_reg_2_       3.9900     0.0      0.0000       3.9900 0.0000 SNPS_CLOCK_GATE_HIGH_tinytpu_isa_fifo_w256_d16_A_0_3
v6203_U/clk_gate_U_tinytpu_isa_fifo_w256_d16_A_ram_mem_reg_3_       3.9900     0.0      0.0000       3.9900 0.0000 SNPS_CLOCK_GATE_HIGH_tinytpu_isa_fifo_w256_d16_A_0_4
v6203_U/clk_gate_U_tinytpu_isa_fifo_w256_d16_A_ram_mem_reg_4_       3.9900     0.0      0.0000       3.9900 0.0000 SNPS_CLOCK_GATE_HIGH_tinytpu_isa_fifo_w256_d16_A_0_5
v6203_U/clk_gate_U_tinytpu_isa_fifo_w256_d16_A_ram_mem_reg_5_       3.9900     0.0      0.0000       3.9900 0.0000 SNPS_CLOCK_GATE_HIGH_tinytpu_isa_fifo_w256_d16_A_0_6
v6203_U/clk_gate_U_tinytpu_isa_fifo_w256_d16_A_ram_mem_reg_6_       3.9900     0.0      0.0000       3.9900 0.0000 SNPS_CLOCK_GATE_HIGH_tinytpu_isa_fifo_w256_d16_A_0_7
v6203_U/clk_gate_U_tinytpu_isa_fifo_w256_d16_A_ram_mem_reg_7_       3.9900     0.0      0.0000       3.9900 0.0000 SNPS_CLOCK_GATE_HIGH_tinytpu_isa_fifo_w256_d16_A_0_8
v6203_U/clk_gate_U_tinytpu_isa_fifo_w256_d16_A_ram_mem_reg_8_       3.9900     0.0      0.0000       3.9900 0.0000 SNPS_CLOCK_GATE_HIGH_tinytpu_isa_fifo_w256_d16_A_0_9
v6203_U/clk_gate_U_tinytpu_isa_fifo_w256_d16_A_ram_mem_reg_9_       3.9900     0.0      0.0000       3.9900 0.0000 SNPS_CLOCK_GATE_HIGH_tinytpu_isa_fifo_w256_d16_A_0_10
v6203_U/clk_gate_mOutPtr_reg            3.9900      0.0       0.0000        3.9900  0.0000  SNPS_CLOCK_GATE_HIGH_tinytpu_isa_fifo_w256_d16_A_0_17
v6203_U/clk_gate_num_data_cnt_reg       3.9900      0.0       0.0000        3.9900  0.0000  SNPS_CLOCK_GATE_HIGH_tinytpu_isa_fifo_w256_d16_A_0_16
v6203_U/clk_gate_raddr_reg              3.9900      0.0       0.0000        3.9900  0.0000  SNPS_CLOCK_GATE_HIGH_tinytpu_isa_fifo_w256_d16_A_0_18
v6203_U/clk_gate_waddr_reg              3.9900      0.0       0.0000        3.9900  0.0000  SNPS_CLOCK_GATE_HIGH_tinytpu_isa_fifo_w256_d16_A_0_0
v6204_U_clk_gate_U_tinytpu_isa_fifo_w32_d4_S_ShiftReg_SRL_SIG_reg_3_       3.9900     0.0      0.0000       3.9900 0.0000 SNPS_CLOCK_GATE_HIGH_tinytpu_isa_fifo_w32_d4_S_0_126
v6204_U_clk_gate_mOutPtr_reg            3.9900      0.0       0.0000        3.9900  0.0000  SNPS_CLOCK_GATE_HIGH_tinytpu_isa_fifo_w32_d4_S_0_125
v6205_U_clk_gate_U_tinytpu_isa_fifo_w32_d4_S_ShiftReg_SRL_SIG_reg_3_       3.9900     0.0      0.0000       3.9900 0.0000 SNPS_CLOCK_GATE_HIGH_tinytpu_isa_fifo_w32_d4_S_0_124
v6205_U_clk_gate_mOutPtr_reg            3.9900      0.0       0.0000        3.9900  0.0000  SNPS_CLOCK_GATE_HIGH_tinytpu_isa_fifo_w32_d4_S_0_123
v6206_U_clk_gate_U_tinytpu_isa_fifo_w32_d4_S_ShiftReg_SRL_SIG_reg_3_       3.9900     0.0      0.0000       3.9900 0.0000 SNPS_CLOCK_GATE_HIGH_tinytpu_isa_fifo_w32_d4_S_0_122
v6206_U_clk_gate_mOutPtr_reg            3.9900      0.0       0.0000        3.9900  0.0000  SNPS_CLOCK_GATE_HIGH_tinytpu_isa_fifo_w32_d4_S_0_121
v6207_U_clk_gate_U_tinytpu_isa_fifo_w32_d4_S_ShiftReg_SRL_SIG_reg_3_       3.9900     0.0      0.0000       3.9900 0.0000 SNPS_CLOCK_GATE_HIGH_tinytpu_isa_fifo_w32_d4_S_0_120
v6207_U_clk_gate_mOutPtr_reg            3.9900      0.0       0.0000        3.9900  0.0000  SNPS_CLOCK_GATE_HIGH_tinytpu_isa_fifo_w32_d4_S_0_119
v6208_U_clk_gate_U_tinytpu_isa_fifo_w32_d4_S_ShiftReg_SRL_SIG_reg_3_       3.9900     0.0      0.0000       3.9900 0.0000 SNPS_CLOCK_GATE_HIGH_tinytpu_isa_fifo_w32_d4_S_0_118
v6208_U_clk_gate_mOutPtr_reg            3.9900      0.0       0.0000        3.9900  0.0000  SNPS_CLOCK_GATE_HIGH_tinytpu_isa_fifo_w32_d4_S_0_117
v6209_U_clk_gate_U_tinytpu_isa_fifo_w32_d4_S_ShiftReg_SRL_SIG_reg_3_       3.9900     0.0      0.0000       3.9900 0.0000 SNPS_CLOCK_GATE_HIGH_tinytpu_isa_fifo_w32_d4_S_0_116
v6209_U_clk_gate_mOutPtr_reg            3.9900      0.0       0.0000        3.9900  0.0000  SNPS_CLOCK_GATE_HIGH_tinytpu_isa_fifo_w32_d4_S_0_115
v6210_U_clk_gate_U_tinytpu_isa_fifo_w32_d4_S_ShiftReg_SRL_SIG_reg_3_       3.9900     0.0      0.0000       3.9900 0.0000 SNPS_CLOCK_GATE_HIGH_tinytpu_isa_fifo_w32_d4_S_0_114
v6210_U_clk_gate_mOutPtr_reg            3.9900      0.0       0.0000        3.9900  0.0000  SNPS_CLOCK_GATE_HIGH_tinytpu_isa_fifo_w32_d4_S_0_113
v6211_U_clk_gate_U_tinytpu_isa_fifo_w32_d4_S_ShiftReg_SRL_SIG_reg_3_       3.9900     0.0      0.0000       3.9900 0.0000 SNPS_CLOCK_GATE_HIGH_tinytpu_isa_fifo_w32_d4_S_0_112
v6211_U_clk_gate_mOutPtr_reg            3.9900      0.0       0.0000        3.9900  0.0000  SNPS_CLOCK_GATE_HIGH_tinytpu_isa_fifo_w32_d4_S_0_111
v6212_U_clk_gate_U_tinytpu_isa_fifo_w32_d4_S_ShiftReg_SRL_SIG_reg_3_       3.9900     0.0      0.0000       3.9900 0.0000 SNPS_CLOCK_GATE_HIGH_tinytpu_isa_fifo_w32_d4_S_0_110
v6212_U_clk_gate_mOutPtr_reg            3.9900      0.0       0.0000        3.9900  0.0000  SNPS_CLOCK_GATE_HIGH_tinytpu_isa_fifo_w32_d4_S_0_109
v6213_U_clk_gate_U_tinytpu_isa_fifo_w32_d4_S_ShiftReg_SRL_SIG_reg_3_       3.9900     0.0      0.0000       3.9900 0.0000 SNPS_CLOCK_GATE_HIGH_tinytpu_isa_fifo_w32_d4_S_0_108
v6213_U_clk_gate_mOutPtr_reg            3.9900      0.0       0.0000        3.9900  0.0000  SNPS_CLOCK_GATE_HIGH_tinytpu_isa_fifo_w32_d4_S_0_107
v6214_U_clk_gate_U_tinytpu_isa_fifo_w32_d4_S_ShiftReg_SRL_SIG_reg_3_       3.9900     0.0      0.0000       3.9900 0.0000 SNPS_CLOCK_GATE_HIGH_tinytpu_isa_fifo_w32_d4_S_0_106
v6214_U_clk_gate_mOutPtr_reg            3.9900      0.0       0.0000        3.9900  0.0000  SNPS_CLOCK_GATE_HIGH_tinytpu_isa_fifo_w32_d4_S_0_105
v6215_U_clk_gate_U_tinytpu_isa_fifo_w32_d4_S_ShiftReg_SRL_SIG_reg_3_       3.9900     0.0      0.0000       3.9900 0.0000 SNPS_CLOCK_GATE_HIGH_tinytpu_isa_fifo_w32_d4_S_0_104
v6215_U_clk_gate_mOutPtr_reg            3.9900      0.0       0.0000        3.9900  0.0000  SNPS_CLOCK_GATE_HIGH_tinytpu_isa_fifo_w32_d4_S_0_103
v6216_U_clk_gate_U_tinytpu_isa_fifo_w32_d4_S_ShiftReg_SRL_SIG_reg_3_       3.9900     0.0      0.0000       3.9900 0.0000 SNPS_CLOCK_GATE_HIGH_tinytpu_isa_fifo_w32_d4_S_0_102
v6216_U_clk_gate_mOutPtr_reg            3.9900      0.0       0.0000        3.9900  0.0000  SNPS_CLOCK_GATE_HIGH_tinytpu_isa_fifo_w32_d4_S_0_101
v6217_U_clk_gate_U_tinytpu_isa_fifo_w32_d4_S_ShiftReg_SRL_SIG_reg_3_       3.9900     0.0      0.0000       3.9900 0.0000 SNPS_CLOCK_GATE_HIGH_tinytpu_isa_fifo_w32_d4_S_0_100
v6217_U_clk_gate_mOutPtr_reg            3.9900      0.0       0.0000        3.9900  0.0000  SNPS_CLOCK_GATE_HIGH_tinytpu_isa_fifo_w32_d4_S_0_99
v6218_U_clk_gate_U_tinytpu_isa_fifo_w32_d4_S_ShiftReg_SRL_SIG_reg_3_       3.9900     0.0      0.0000       3.9900 0.0000 SNPS_CLOCK_GATE_HIGH_tinytpu_isa_fifo_w32_d4_S_0_98
v6218_U_clk_gate_mOutPtr_reg            3.9900      0.0       0.0000        3.9900  0.0000  SNPS_CLOCK_GATE_HIGH_tinytpu_isa_fifo_w32_d4_S_0_97
v6219_U_clk_gate_U_tinytpu_isa_fifo_w32_d4_S_ShiftReg_SRL_SIG_reg_3_       3.9900     0.0      0.0000       3.9900 0.0000 SNPS_CLOCK_GATE_HIGH_tinytpu_isa_fifo_w32_d4_S_0_96
v6219_U_clk_gate_mOutPtr_reg            3.9900      0.0       0.0000        3.9900  0.0000  SNPS_CLOCK_GATE_HIGH_tinytpu_isa_fifo_w32_d4_S_0_95
v6220_U_clk_gate_U_tinytpu_isa_fifo_w32_d4_S_ShiftReg_SRL_SIG_reg_3_       3.9900     0.0      0.0000       3.9900 0.0000 SNPS_CLOCK_GATE_HIGH_tinytpu_isa_fifo_w32_d4_S_0_94
v6220_U_clk_gate_mOutPtr_reg            3.9900      0.0       0.0000        3.9900  0.0000  SNPS_CLOCK_GATE_HIGH_tinytpu_isa_fifo_w32_d4_S_0_93
v6221_U_clk_gate_U_tinytpu_isa_fifo_w32_d4_S_ShiftReg_SRL_SIG_reg_3_       3.9900     0.0      0.0000       3.9900 0.0000 SNPS_CLOCK_GATE_HIGH_tinytpu_isa_fifo_w32_d4_S_0_92
v6221_U_clk_gate_mOutPtr_reg            3.9900      0.0       0.0000        3.9900  0.0000  SNPS_CLOCK_GATE_HIGH_tinytpu_isa_fifo_w32_d4_S_0_91
v6222_U_clk_gate_U_tinytpu_isa_fifo_w32_d4_S_ShiftReg_SRL_SIG_reg_3_       3.9900     0.0      0.0000       3.9900 0.0000 SNPS_CLOCK_GATE_HIGH_tinytpu_isa_fifo_w32_d4_S_0_90
v6222_U_clk_gate_mOutPtr_reg            3.9900      0.0       0.0000        3.9900  0.0000  SNPS_CLOCK_GATE_HIGH_tinytpu_isa_fifo_w32_d4_S_0_89
v6223_U_clk_gate_U_tinytpu_isa_fifo_w32_d4_S_ShiftReg_SRL_SIG_reg_3_       3.9900     0.0      0.0000       3.9900 0.0000 SNPS_CLOCK_GATE_HIGH_tinytpu_isa_fifo_w32_d4_S_0_87
v6223_U_clk_gate_mOutPtr_reg            3.9900      0.0       0.0000        3.9900  0.0000  SNPS_CLOCK_GATE_HIGH_tinytpu_isa_fifo_w32_d4_S_0_88
v6224_U_clk_gate_U_tinytpu_isa_fifo_w32_d4_S_ShiftReg_SRL_SIG_reg_3_       3.9900     0.0      0.0000       3.9900 0.0000 SNPS_CLOCK_GATE_HIGH_tinytpu_isa_fifo_w32_d4_S_0_85
v6224_U_clk_gate_mOutPtr_reg            3.9900      0.0       0.0000        3.9900  0.0000  SNPS_CLOCK_GATE_HIGH_tinytpu_isa_fifo_w32_d4_S_0_86
v6225_U_clk_gate_U_tinytpu_isa_fifo_w32_d4_S_ShiftReg_SRL_SIG_reg_3_       3.9900     0.0      0.0000       3.9900 0.0000 SNPS_CLOCK_GATE_HIGH_tinytpu_isa_fifo_w32_d4_S_0_83
v6225_U_clk_gate_mOutPtr_reg            3.9900      0.0       0.0000        3.9900  0.0000  SNPS_CLOCK_GATE_HIGH_tinytpu_isa_fifo_w32_d4_S_0_84
v6226_U_clk_gate_U_tinytpu_isa_fifo_w32_d4_S_ShiftReg_SRL_SIG_reg_3_       3.9900     0.0      0.0000       3.9900 0.0000 SNPS_CLOCK_GATE_HIGH_tinytpu_isa_fifo_w32_d4_S_0_81
v6226_U_clk_gate_mOutPtr_reg            3.9900      0.0       0.0000        3.9900  0.0000  SNPS_CLOCK_GATE_HIGH_tinytpu_isa_fifo_w32_d4_S_0_82
v6227_U_clk_gate_U_tinytpu_isa_fifo_w32_d4_S_ShiftReg_SRL_SIG_reg_3_       3.9900     0.0      0.0000       3.9900 0.0000 SNPS_CLOCK_GATE_HIGH_tinytpu_isa_fifo_w32_d4_S_0_79
v6227_U_clk_gate_mOutPtr_reg            3.9900      0.0       0.0000        3.9900  0.0000  SNPS_CLOCK_GATE_HIGH_tinytpu_isa_fifo_w32_d4_S_0_80
v6228_U_clk_gate_U_tinytpu_isa_fifo_w32_d4_S_ShiftReg_SRL_SIG_reg_3_       3.9900     0.0      0.0000       3.9900 0.0000 SNPS_CLOCK_GATE_HIGH_tinytpu_isa_fifo_w32_d4_S_0_77
v6228_U_clk_gate_mOutPtr_reg            3.9900      0.0       0.0000        3.9900  0.0000  SNPS_CLOCK_GATE_HIGH_tinytpu_isa_fifo_w32_d4_S_0_78
v6229_U_clk_gate_U_tinytpu_isa_fifo_w32_d4_S_ShiftReg_SRL_SIG_reg_3_       3.9900     0.0      0.0000       3.9900 0.0000 SNPS_CLOCK_GATE_HIGH_tinytpu_isa_fifo_w32_d4_S_0_75
v6229_U_clk_gate_mOutPtr_reg            3.9900      0.0       0.0000        3.9900  0.0000  SNPS_CLOCK_GATE_HIGH_tinytpu_isa_fifo_w32_d4_S_0_76
v6230_U_clk_gate_U_tinytpu_isa_fifo_w32_d4_S_ShiftReg_SRL_SIG_reg_3_       3.9900     0.0      0.0000       3.9900 0.0000 SNPS_CLOCK_GATE_HIGH_tinytpu_isa_fifo_w32_d4_S_0_73
v6230_U_clk_gate_mOutPtr_reg            3.9900      0.0       0.0000        3.9900  0.0000  SNPS_CLOCK_GATE_HIGH_tinytpu_isa_fifo_w32_d4_S_0_74
v6231_U_clk_gate_U_tinytpu_isa_fifo_w32_d4_S_ShiftReg_SRL_SIG_reg_3_       3.9900     0.0      0.0000       3.9900 0.0000 SNPS_CLOCK_GATE_HIGH_tinytpu_isa_fifo_w32_d4_S_0_71
v6231_U_clk_gate_mOutPtr_reg            3.9900      0.0       0.0000        3.9900  0.0000  SNPS_CLOCK_GATE_HIGH_tinytpu_isa_fifo_w32_d4_S_0_72
v6232_U_clk_gate_U_tinytpu_isa_fifo_w32_d4_S_ShiftReg_SRL_SIG_reg_3_       3.9900     0.0      0.0000       3.9900 0.0000 SNPS_CLOCK_GATE_HIGH_tinytpu_isa_fifo_w32_d4_S_0_69
v6232_U_clk_gate_mOutPtr_reg            3.9900      0.0       0.0000        3.9900  0.0000  SNPS_CLOCK_GATE_HIGH_tinytpu_isa_fifo_w32_d4_S_0_70
v6233_U_clk_gate_U_tinytpu_isa_fifo_w32_d4_S_ShiftReg_SRL_SIG_reg_3_       3.9900     0.0      0.0000       3.9900 0.0000 SNPS_CLOCK_GATE_HIGH_tinytpu_isa_fifo_w32_d4_S_0_67
v6233_U_clk_gate_mOutPtr_reg            3.9900      0.0       0.0000        3.9900  0.0000  SNPS_CLOCK_GATE_HIGH_tinytpu_isa_fifo_w32_d4_S_0_68
v6234_U_clk_gate_U_tinytpu_isa_fifo_w32_d4_S_ShiftReg_SRL_SIG_reg_3_       3.9900     0.0      0.0000       3.9900 0.0000 SNPS_CLOCK_GATE_HIGH_tinytpu_isa_fifo_w32_d4_S_0_65
v6234_U_clk_gate_mOutPtr_reg            3.9900      0.0       0.0000        3.9900  0.0000  SNPS_CLOCK_GATE_HIGH_tinytpu_isa_fifo_w32_d4_S_0_66
v6235_U_clk_gate_U_tinytpu_isa_fifo_w32_d4_S_ShiftReg_SRL_SIG_reg_3_       3.9900     0.0      0.0000       3.9900 0.0000 SNPS_CLOCK_GATE_HIGH_tinytpu_isa_fifo_w32_d4_S_0_63
v6235_U_clk_gate_mOutPtr_reg            3.9900      0.0       0.0000        3.9900  0.0000  SNPS_CLOCK_GATE_HIGH_tinytpu_isa_fifo_w32_d4_S_0_64
v6236_U_clk_gate_U_tinytpu_isa_fifo_w32_d4_S_ShiftReg_SRL_SIG_reg_3_       3.9900     0.0      0.0000       3.9900 0.0000 SNPS_CLOCK_GATE_HIGH_tinytpu_isa_fifo_w32_d4_S_0_61
v6236_U_clk_gate_mOutPtr_reg            3.9900      0.0       0.0000        3.9900  0.0000  SNPS_CLOCK_GATE_HIGH_tinytpu_isa_fifo_w32_d4_S_0_62
v6237_U_clk_gate_U_tinytpu_isa_fifo_w32_d4_S_ShiftReg_SRL_SIG_reg_3_       3.9900     0.0      0.0000       3.9900 0.0000 SNPS_CLOCK_GATE_HIGH_tinytpu_isa_fifo_w32_d4_S_0_59
v6237_U_clk_gate_mOutPtr_reg            3.9900      0.0       0.0000        3.9900  0.0000  SNPS_CLOCK_GATE_HIGH_tinytpu_isa_fifo_w32_d4_S_0_60
v6238_U_clk_gate_U_tinytpu_isa_fifo_w32_d4_S_ShiftReg_SRL_SIG_reg_3_       3.9900     0.0      0.0000       3.9900 0.0000 SNPS_CLOCK_GATE_HIGH_tinytpu_isa_fifo_w32_d4_S_0_57
v6238_U_clk_gate_mOutPtr_reg            3.9900      0.0       0.0000        3.9900  0.0000  SNPS_CLOCK_GATE_HIGH_tinytpu_isa_fifo_w32_d4_S_0_58
v6239_U_clk_gate_U_tinytpu_isa_fifo_w32_d4_S_ShiftReg_SRL_SIG_reg_3_       3.9900     0.0      0.0000       3.9900 0.0000 SNPS_CLOCK_GATE_HIGH_tinytpu_isa_fifo_w32_d4_S_0_55
v6239_U_clk_gate_mOutPtr_reg            3.9900      0.0       0.0000        3.9900  0.0000  SNPS_CLOCK_GATE_HIGH_tinytpu_isa_fifo_w32_d4_S_0_56
v6240_U_clk_gate_U_tinytpu_isa_fifo_w32_d4_S_ShiftReg_SRL_SIG_reg_3_       3.9900     0.0      0.0000       3.9900 0.0000 SNPS_CLOCK_GATE_HIGH_tinytpu_isa_fifo_w32_d4_S_0_53
v6240_U_clk_gate_mOutPtr_reg            3.9900      0.0       0.0000        3.9900  0.0000  SNPS_CLOCK_GATE_HIGH_tinytpu_isa_fifo_w32_d4_S_0_54
v6241_U_clk_gate_U_tinytpu_isa_fifo_w32_d4_S_ShiftReg_SRL_SIG_reg_3_       3.9900     0.0      0.0000       3.9900 0.0000 SNPS_CLOCK_GATE_HIGH_tinytpu_isa_fifo_w32_d4_S_0_51
v6241_U_clk_gate_mOutPtr_reg            3.9900      0.0       0.0000        3.9900  0.0000  SNPS_CLOCK_GATE_HIGH_tinytpu_isa_fifo_w32_d4_S_0_52
v6242_U_clk_gate_U_tinytpu_isa_fifo_w32_d4_S_ShiftReg_SRL_SIG_reg_3_       3.9900     0.0      0.0000       3.9900 0.0000 SNPS_CLOCK_GATE_HIGH_tinytpu_isa_fifo_w32_d4_S_0_49
v6242_U_clk_gate_mOutPtr_reg            3.9900      0.0       0.0000        3.9900  0.0000  SNPS_CLOCK_GATE_HIGH_tinytpu_isa_fifo_w32_d4_S_0_50
v6243_U_clk_gate_U_tinytpu_isa_fifo_w32_d4_S_ShiftReg_SRL_SIG_reg_3_       3.9900     0.0      0.0000       3.9900 0.0000 SNPS_CLOCK_GATE_HIGH_tinytpu_isa_fifo_w32_d4_S_0_47
v6243_U_clk_gate_mOutPtr_reg            3.9900      0.0       0.0000        3.9900  0.0000  SNPS_CLOCK_GATE_HIGH_tinytpu_isa_fifo_w32_d4_S_0_48
v6244_U_clk_gate_U_tinytpu_isa_fifo_w32_d4_S_ShiftReg_SRL_SIG_reg_3_       3.9900     0.0      0.0000       3.9900 0.0000 SNPS_CLOCK_GATE_HIGH_tinytpu_isa_fifo_w32_d4_S_0_45
v6244_U_clk_gate_mOutPtr_reg            3.9900      0.0       0.0000        3.9900  0.0000  SNPS_CLOCK_GATE_HIGH_tinytpu_isa_fifo_w32_d4_S_0_46
v6245_U_clk_gate_U_tinytpu_isa_fifo_w32_d4_S_ShiftReg_SRL_SIG_reg_3_       3.9900     0.0      0.0000       3.9900 0.0000 SNPS_CLOCK_GATE_HIGH_tinytpu_isa_fifo_w32_d4_S_0_43
v6245_U_clk_gate_mOutPtr_reg            3.9900      0.0       0.0000        3.9900  0.0000  SNPS_CLOCK_GATE_HIGH_tinytpu_isa_fifo_w32_d4_S_0_44
v6246_U_clk_gate_U_tinytpu_isa_fifo_w32_d4_S_ShiftReg_SRL_SIG_reg_3_       3.9900     0.0      0.0000       3.9900 0.0000 SNPS_CLOCK_GATE_HIGH_tinytpu_isa_fifo_w32_d4_S_0_41
v6246_U_clk_gate_mOutPtr_reg            3.9900      0.0       0.0000        3.9900  0.0000  SNPS_CLOCK_GATE_HIGH_tinytpu_isa_fifo_w32_d4_S_0_42
v6247_U_clk_gate_U_tinytpu_isa_fifo_w32_d4_S_ShiftReg_SRL_SIG_reg_3_       3.9900     0.0      0.0000       3.9900 0.0000 SNPS_CLOCK_GATE_HIGH_tinytpu_isa_fifo_w32_d4_S_0_39
v6247_U_clk_gate_mOutPtr_reg            3.9900      0.0       0.0000        3.9900  0.0000  SNPS_CLOCK_GATE_HIGH_tinytpu_isa_fifo_w32_d4_S_0_40
v6248_U_clk_gate_U_tinytpu_isa_fifo_w32_d4_S_ShiftReg_SRL_SIG_reg_3_       3.9900     0.0      0.0000       3.9900 0.0000 SNPS_CLOCK_GATE_HIGH_tinytpu_isa_fifo_w32_d4_S_0_37
v6248_U_clk_gate_mOutPtr_reg            3.9900      0.0       0.0000        3.9900  0.0000  SNPS_CLOCK_GATE_HIGH_tinytpu_isa_fifo_w32_d4_S_0_38
v6249_U_clk_gate_U_tinytpu_isa_fifo_w32_d4_S_ShiftReg_SRL_SIG_reg_3_       3.9900     0.0      0.0000       3.9900 0.0000 SNPS_CLOCK_GATE_HIGH_tinytpu_isa_fifo_w32_d4_S_0_35
v6249_U_clk_gate_mOutPtr_reg            3.9900      0.0       0.0000        3.9900  0.0000  SNPS_CLOCK_GATE_HIGH_tinytpu_isa_fifo_w32_d4_S_0_36
v6250_U_clk_gate_U_tinytpu_isa_fifo_w32_d4_S_ShiftReg_SRL_SIG_reg_3_       3.9900     0.0      0.0000       3.9900 0.0000 SNPS_CLOCK_GATE_HIGH_tinytpu_isa_fifo_w32_d4_S_0_33
v6250_U_clk_gate_mOutPtr_reg            3.9900      0.0       0.0000        3.9900  0.0000  SNPS_CLOCK_GATE_HIGH_tinytpu_isa_fifo_w32_d4_S_0_34
v6251_U_clk_gate_U_tinytpu_isa_fifo_w32_d4_S_ShiftReg_SRL_SIG_reg_3_       3.9900     0.0      0.0000       3.9900 0.0000 SNPS_CLOCK_GATE_HIGH_tinytpu_isa_fifo_w32_d4_S_0_31
v6251_U_clk_gate_mOutPtr_reg            3.9900      0.0       0.0000        3.9900  0.0000  SNPS_CLOCK_GATE_HIGH_tinytpu_isa_fifo_w32_d4_S_0_32
v6252_U_clk_gate_U_tinytpu_isa_fifo_w32_d4_S_ShiftReg_SRL_SIG_reg_3_       3.9900     0.0      0.0000       3.9900 0.0000 SNPS_CLOCK_GATE_HIGH_tinytpu_isa_fifo_w32_d4_S_0_29
v6252_U_clk_gate_mOutPtr_reg            3.9900      0.0       0.0000        3.9900  0.0000  SNPS_CLOCK_GATE_HIGH_tinytpu_isa_fifo_w32_d4_S_0_30
v6253_U_clk_gate_U_tinytpu_isa_fifo_w32_d4_S_ShiftReg_SRL_SIG_reg_3_       3.9900     0.0      0.0000       3.9900 0.0000 SNPS_CLOCK_GATE_HIGH_tinytpu_isa_fifo_w32_d4_S_0_27
v6253_U_clk_gate_mOutPtr_reg            3.9900      0.0       0.0000        3.9900  0.0000  SNPS_CLOCK_GATE_HIGH_tinytpu_isa_fifo_w32_d4_S_0_28
v6254_U_clk_gate_U_tinytpu_isa_fifo_w32_d4_S_ShiftReg_SRL_SIG_reg_3_       3.9900     0.0      0.0000       3.9900 0.0000 SNPS_CLOCK_GATE_HIGH_tinytpu_isa_fifo_w32_d4_S_0_25
v6254_U_clk_gate_mOutPtr_reg            3.9900      0.0       0.0000        3.9900  0.0000  SNPS_CLOCK_GATE_HIGH_tinytpu_isa_fifo_w32_d4_S_0_26
v6255_U_clk_gate_U_tinytpu_isa_fifo_w32_d4_S_ShiftReg_SRL_SIG_reg_3_       3.9900     0.0      0.0000       3.9900 0.0000 SNPS_CLOCK_GATE_HIGH_tinytpu_isa_fifo_w32_d4_S_0_23
v6255_U_clk_gate_mOutPtr_reg            3.9900      0.0       0.0000        3.9900  0.0000  SNPS_CLOCK_GATE_HIGH_tinytpu_isa_fifo_w32_d4_S_0_24
v6256_U_clk_gate_U_tinytpu_isa_fifo_w32_d4_S_ShiftReg_SRL_SIG_reg_3_       3.9900     0.0      0.0000       3.9900 0.0000 SNPS_CLOCK_GATE_HIGH_tinytpu_isa_fifo_w32_d4_S_0_21
v6256_U_clk_gate_mOutPtr_reg            3.9900      0.0       0.0000        3.9900  0.0000  SNPS_CLOCK_GATE_HIGH_tinytpu_isa_fifo_w32_d4_S_0_22
v6257_U_clk_gate_U_tinytpu_isa_fifo_w32_d4_S_ShiftReg_SRL_SIG_reg_3_       3.9900     0.0      0.0000       3.9900 0.0000 SNPS_CLOCK_GATE_HIGH_tinytpu_isa_fifo_w32_d4_S_0_19
v6257_U_clk_gate_mOutPtr_reg            3.9900      0.0       0.0000        3.9900  0.0000  SNPS_CLOCK_GATE_HIGH_tinytpu_isa_fifo_w32_d4_S_0_20
v6258_U_clk_gate_U_tinytpu_isa_fifo_w32_d4_S_ShiftReg_SRL_SIG_reg_3_       3.9900     0.0      0.0000       3.9900 0.0000 SNPS_CLOCK_GATE_HIGH_tinytpu_isa_fifo_w32_d4_S_0_17
v6258_U_clk_gate_mOutPtr_reg            3.9900      0.0       0.0000        3.9900  0.0000  SNPS_CLOCK_GATE_HIGH_tinytpu_isa_fifo_w32_d4_S_0_18
v6259_U_clk_gate_U_tinytpu_isa_fifo_w32_d4_S_ShiftReg_SRL_SIG_reg_3_       3.9900     0.0      0.0000       3.9900 0.0000 SNPS_CLOCK_GATE_HIGH_tinytpu_isa_fifo_w32_d4_S_0_15
v6259_U_clk_gate_mOutPtr_reg            3.9900      0.0       0.0000        3.9900  0.0000  SNPS_CLOCK_GATE_HIGH_tinytpu_isa_fifo_w32_d4_S_0_16
v6260_U_clk_gate_U_tinytpu_isa_fifo_w32_d4_S_ShiftReg_SRL_SIG_reg_3_       3.9900     0.0      0.0000       3.9900 0.0000 SNPS_CLOCK_GATE_HIGH_tinytpu_isa_fifo_w32_d4_S_0_13
v6260_U_clk_gate_mOutPtr_reg            3.9900      0.0       0.0000        3.9900  0.0000  SNPS_CLOCK_GATE_HIGH_tinytpu_isa_fifo_w32_d4_S_0_14
v6261_U_clk_gate_U_tinytpu_isa_fifo_w32_d4_S_ShiftReg_SRL_SIG_reg_3_       3.9900     0.0      0.0000       3.9900 0.0000 SNPS_CLOCK_GATE_HIGH_tinytpu_isa_fifo_w32_d4_S_0_11
v6261_U_clk_gate_mOutPtr_reg            3.9900      0.0       0.0000        3.9900  0.0000  SNPS_CLOCK_GATE_HIGH_tinytpu_isa_fifo_w32_d4_S_0_12
v6262_U_clk_gate_U_tinytpu_isa_fifo_w32_d4_S_ShiftReg_SRL_SIG_reg_3_       3.9900     0.0      0.0000       3.9900 0.0000 SNPS_CLOCK_GATE_HIGH_tinytpu_isa_fifo_w32_d4_S_0_9
v6262_U_clk_gate_mOutPtr_reg            3.9900      0.0       0.0000        3.9900  0.0000  SNPS_CLOCK_GATE_HIGH_tinytpu_isa_fifo_w32_d4_S_0_10
v6263_U_clk_gate_U_tinytpu_isa_fifo_w32_d4_S_ShiftReg_SRL_SIG_reg_3_       3.9900     0.0      0.0000       3.9900 0.0000 SNPS_CLOCK_GATE_HIGH_tinytpu_isa_fifo_w32_d4_S_0_7
v6263_U_clk_gate_mOutPtr_reg            3.9900      0.0       0.0000        3.9900  0.0000  SNPS_CLOCK_GATE_HIGH_tinytpu_isa_fifo_w32_d4_S_0_8
v6264_U_clk_gate_U_tinytpu_isa_fifo_w32_d4_S_ShiftReg_SRL_SIG_reg_3_       3.9900     0.0      0.0000       3.9900 0.0000 SNPS_CLOCK_GATE_HIGH_tinytpu_isa_fifo_w32_d4_S_0_5
v6264_U_clk_gate_mOutPtr_reg            3.9900      0.0       0.0000        3.9900  0.0000  SNPS_CLOCK_GATE_HIGH_tinytpu_isa_fifo_w32_d4_S_0_6
v6265_U_clk_gate_U_tinytpu_isa_fifo_w32_d4_S_ShiftReg_SRL_SIG_reg_3_       3.9900     0.0      0.0000       3.9900 0.0000 SNPS_CLOCK_GATE_HIGH_tinytpu_isa_fifo_w32_d4_S_0_3
v6265_U_clk_gate_mOutPtr_reg            3.9900      0.0       0.0000        3.9900  0.0000  SNPS_CLOCK_GATE_HIGH_tinytpu_isa_fifo_w32_d4_S_0_4
v6266_U_clk_gate_U_tinytpu_isa_fifo_w32_d4_S_ShiftReg_SRL_SIG_reg_3_       3.9900     0.0      0.0000       3.9900 0.0000 SNPS_CLOCK_GATE_HIGH_tinytpu_isa_fifo_w32_d4_S_0_1
v6266_U_clk_gate_mOutPtr_reg            3.9900      0.0       0.0000        3.9900  0.0000  SNPS_CLOCK_GATE_HIGH_tinytpu_isa_fifo_w32_d4_S_0_2
v6267_U_clk_gate_U_tinytpu_isa_fifo_w32_d4_S_ShiftReg_SRL_SIG_reg_3_       3.9900     0.0      0.0000       3.9900 0.0000 SNPS_CLOCK_GATE_HIGH_tinytpu_isa_fifo_w32_d4_S_0_127
v6267_U_clk_gate_mOutPtr_reg            3.9900      0.0       0.0000        3.9900  0.0000  SNPS_CLOCK_GATE_HIGH_tinytpu_isa_fifo_w32_d4_S_0_0
vru_0_U0_clk_gate_grp_vru_0_Pipeline_VITIS_LOOP_1154_1_fu_30_ap_enable_reg_pp0_iter6_reg       3.9900     0.0      0.0000       3.9900 0.0000 SNPS_CLOCK_GATE_HIGH_tinytpu_isa_vru_0_1
vru_0_U0_clk_gate_grp_vru_0_Pipeline_VITIS_LOOP_1154_1_fu_30_ap_phi_reg_pp0_iter4_write_word_reg_147_reg       3.9900     0.0      0.0000       3.9900 0.0000 SNPS_CLOCK_GATE_HIGH_tinytpu_isa_vru_0_10
vru_0_U0_clk_gate_grp_vru_0_Pipeline_VITIS_LOOP_1154_1_fu_30_v620_fu_68_reg       3.9900     0.0      0.0000       3.9900 0.0000 SNPS_CLOCK_GATE_HIGH_tinytpu_isa_vru_0_3
vru_0_U0_clk_gate_grp_vru_0_Pipeline_VITIS_LOOP_1154_1_fu_30_v647_reg_430_pp0_iter4_reg_reg       3.9900     0.0      0.0000       3.9900 0.0000 SNPS_CLOCK_GATE_HIGH_tinytpu_isa_vru_0_6
vru_0_U0_clk_gate_grp_vru_0_Pipeline_VITIS_LOOP_1154_1_fu_30_v669_reg_157_reg       3.9900     0.0      0.0000       3.9900 0.0000 SNPS_CLOCK_GATE_HIGH_tinytpu_isa_vru_0_11
vru_0_U0_clk_gate_grp_vru_0_Pipeline_VITIS_LOOP_1154_1_fu_30_vr_base_fu_80_reg       3.9900     0.0      0.0000       3.9900 0.0000 SNPS_CLOCK_GATE_HIGH_tinytpu_isa_vru_0_4
vru_0_U0_clk_gate_v615_reg_47_reg       3.9900      0.0       0.0000        3.9900  0.0000  SNPS_CLOCK_GATE_HIGH_tinytpu_isa_vru_0_0
wld_0_0_U0_clk_gate_grp_wld_0_0_Pipeline_VITIS_LOOP_1283_1_fu_63_icmp_ln1283_reg_145_reg       3.9900     0.0      0.0000       3.9900 0.0000 SNPS_CLOCK_GATE_HIGH_tinytpu_isa_wld_0_0_2
wld_0_0_U0_clk_gate_grp_wld_0_0_Pipeline_VITIS_LOOP_1283_1_fu_63_reg_88_reg       3.9900     0.0      0.0000       3.9900 0.0000 SNPS_CLOCK_GATE_HIGH_tinytpu_isa_wld_0_0_3
wld_0_0_U0_clk_gate_grp_wld_0_0_Pipeline_VITIS_LOOP_1283_1_fu_63_v688_fu_50_reg       3.9900     0.0      0.0000       3.9900 0.0000 SNPS_CLOCK_GATE_HIGH_tinytpu_isa_wld_0_0_1
wld_0_0_U0_clk_gate_grp_wld_0_0_Pipeline_VITIS_LOOP_1283_1_fu_63_v706_reg_154_reg       3.9900     0.0      0.0000       3.9900 0.0000 SNPS_CLOCK_GATE_HIGH_tinytpu_isa_wld_0_0_4
wld_0_0_U0_clk_gate_v679_reg_95_reg       3.9900     0.0      0.0000        3.9900  0.0000  SNPS_CLOCK_GATE_HIGH_tinytpu_isa_wld_0_0_0
wld_0_1_U0_clk_gate_grp_wld_0_1_Pipeline_VITIS_LOOP_1373_1_fu_53_icmp_ln1373_reg_142_reg       3.9900     0.0      0.0000       3.9900 0.0000 SNPS_CLOCK_GATE_HIGH_tinytpu_isa_wld_0_1_2
wld_0_1_U0_clk_gate_grp_wld_0_1_Pipeline_VITIS_LOOP_1373_1_fu_53_v725_fu_54_reg       3.9900     0.0      0.0000       3.9900 0.0000 SNPS_CLOCK_GATE_HIGH_tinytpu_isa_wld_0_1_1
wld_0_1_U0_clk_gate_grp_wld_0_1_Pipeline_VITIS_LOOP_1373_1_fu_53_v735_reg_151_reg       3.9900     0.0      0.0000       3.9900 0.0000 SNPS_CLOCK_GATE_HIGH_tinytpu_isa_wld_0_1_3
wld_0_1_U0_clk_gate_v716_reg_83_reg       3.9900     0.0      0.0000        3.9900  0.0000  SNPS_CLOCK_GATE_HIGH_tinytpu_isa_wld_0_1_0
wld_0_2_U0_clk_gate_grp_wld_0_2_Pipeline_VITIS_LOOP_1447_1_fu_53_icmp_ln1447_reg_142_reg       3.9900     0.0      0.0000       3.9900 0.0000 SNPS_CLOCK_GATE_HIGH_tinytpu_isa_wld_0_2_2
wld_0_2_U0_clk_gate_grp_wld_0_2_Pipeline_VITIS_LOOP_1447_1_fu_53_v754_fu_54_reg       3.9900     0.0      0.0000       3.9900 0.0000 SNPS_CLOCK_GATE_HIGH_tinytpu_isa_wld_0_2_1
wld_0_2_U0_clk_gate_grp_wld_0_2_Pipeline_VITIS_LOOP_1447_1_fu_53_v764_reg_151_reg       3.9900     0.0      0.0000       3.9900 0.0000 SNPS_CLOCK_GATE_HIGH_tinytpu_isa_wld_0_2_3
wld_0_2_U0_clk_gate_v745_reg_83_reg       3.9900     0.0      0.0000        3.9900  0.0000  SNPS_CLOCK_GATE_HIGH_tinytpu_isa_wld_0_2_0
wld_0_3_U0_clk_gate_grp_wld_0_3_Pipeline_VITIS_LOOP_1521_1_fu_53_icmp_ln1521_reg_142_reg       3.9900     0.0      0.0000       3.9900 0.0000 SNPS_CLOCK_GATE_HIGH_tinytpu_isa_wld_0_3_2
wld_0_3_U0_clk_gate_grp_wld_0_3_Pipeline_VITIS_LOOP_1521_1_fu_53_v783_fu_54_reg       3.9900     0.0      0.0000       3.9900 0.0000 SNPS_CLOCK_GATE_HIGH_tinytpu_isa_wld_0_3_1
wld_0_3_U0_clk_gate_grp_wld_0_3_Pipeline_VITIS_LOOP_1521_1_fu_53_v793_reg_151_reg       3.9900     0.0      0.0000       3.9900 0.0000 SNPS_CLOCK_GATE_HIGH_tinytpu_isa_wld_0_3_3
wld_0_3_U0_clk_gate_v774_reg_83_reg       3.9900     0.0      0.0000        3.9900  0.0000  SNPS_CLOCK_GATE_HIGH_tinytpu_isa_wld_0_3_0
wld_0_4_U0_clk_gate_grp_wld_0_4_Pipeline_VITIS_LOOP_1595_1_fu_53_icmp_ln1595_reg_142_reg       3.9900     0.0      0.0000       3.9900 0.0000 SNPS_CLOCK_GATE_HIGH_tinytpu_isa_wld_0_4_2
wld_0_4_U0_clk_gate_grp_wld_0_4_Pipeline_VITIS_LOOP_1595_1_fu_53_v812_fu_54_reg       3.9900     0.0      0.0000       3.9900 0.0000 SNPS_CLOCK_GATE_HIGH_tinytpu_isa_wld_0_4_1
wld_0_4_U0_clk_gate_grp_wld_0_4_Pipeline_VITIS_LOOP_1595_1_fu_53_v822_reg_151_reg       3.9900     0.0      0.0000       3.9900 0.0000 SNPS_CLOCK_GATE_HIGH_tinytpu_isa_wld_0_4_3
wld_0_4_U0_clk_gate_v803_reg_83_reg       3.9900     0.0      0.0000        3.9900  0.0000  SNPS_CLOCK_GATE_HIGH_tinytpu_isa_wld_0_4_0
wld_0_5_U0_clk_gate_grp_wld_0_5_Pipeline_VITIS_LOOP_1669_1_fu_53_icmp_ln1669_reg_142_reg       3.9900     0.0      0.0000       3.9900 0.0000 SNPS_CLOCK_GATE_HIGH_tinytpu_isa_wld_0_5_2
wld_0_5_U0_clk_gate_grp_wld_0_5_Pipeline_VITIS_LOOP_1669_1_fu_53_v841_fu_54_reg       3.9900     0.0      0.0000       3.9900 0.0000 SNPS_CLOCK_GATE_HIGH_tinytpu_isa_wld_0_5_1
wld_0_5_U0_clk_gate_grp_wld_0_5_Pipeline_VITIS_LOOP_1669_1_fu_53_v851_reg_151_reg       3.9900     0.0      0.0000       3.9900 0.0000 SNPS_CLOCK_GATE_HIGH_tinytpu_isa_wld_0_5_3
wld_0_5_U0_clk_gate_v832_reg_83_reg       3.9900     0.0      0.0000        3.9900  0.0000  SNPS_CLOCK_GATE_HIGH_tinytpu_isa_wld_0_5_0
wld_0_6_U0_clk_gate_grp_wld_0_6_Pipeline_VITIS_LOOP_1743_1_fu_53_icmp_ln1743_reg_142_reg       3.9900     0.0      0.0000       3.9900 0.0000 SNPS_CLOCK_GATE_HIGH_tinytpu_isa_wld_0_6_2
wld_0_6_U0_clk_gate_grp_wld_0_6_Pipeline_VITIS_LOOP_1743_1_fu_53_v870_fu_54_reg       3.9900     0.0      0.0000       3.9900 0.0000 SNPS_CLOCK_GATE_HIGH_tinytpu_isa_wld_0_6_1
wld_0_6_U0_clk_gate_grp_wld_0_6_Pipeline_VITIS_LOOP_1743_1_fu_53_v880_reg_151_reg       3.9900     0.0      0.0000       3.9900 0.0000 SNPS_CLOCK_GATE_HIGH_tinytpu_isa_wld_0_6_3
wld_0_6_U0_clk_gate_v861_reg_83_reg       3.9900     0.0      0.0000        3.9900  0.0000  SNPS_CLOCK_GATE_HIGH_tinytpu_isa_wld_0_6_0
wld_0_7_U0_clk_gate_grp_wld_0_7_Pipeline_VITIS_LOOP_1814_1_fu_41_icmp_ln1814_reg_130_reg       3.9900     0.0      0.0000       3.9900 0.0000 SNPS_CLOCK_GATE_HIGH_tinytpu_isa_wld_0_7_2
wld_0_7_U0_clk_gate_grp_wld_0_7_Pipeline_VITIS_LOOP_1814_1_fu_41_v897_fu_50_reg       3.9900     0.0      0.0000       3.9900 0.0000 SNPS_CLOCK_GATE_HIGH_tinytpu_isa_wld_0_7_3
wld_0_7_U0_clk_gate_grp_wld_0_7_Pipeline_VITIS_LOOP_1814_1_fu_41_v905_reg_139_reg       3.9900     0.0      0.0000       3.9900 0.0000 SNPS_CLOCK_GATE_HIGH_tinytpu_isa_wld_0_7_1
wld_0_7_U0_clk_gate_v888_reg_69_reg       3.9900     0.0      0.0000        3.9900  0.0000  SNPS_CLOCK_GATE_HIGH_tinytpu_isa_wld_0_7_0
wld_1_0_U0_clk_gate_grp_wld_1_0_Pipeline_VITIS_LOOP_1887_1_fu_63_icmp_ln1887_reg_145_reg       3.9900     0.0      0.0000       3.9900 0.0000 SNPS_CLOCK_GATE_HIGH_tinytpu_isa_wld_1_0_2
wld_1_0_U0_clk_gate_grp_wld_1_0_Pipeline_VITIS_LOOP_1887_1_fu_63_reg_88_reg       3.9900     0.0      0.0000       3.9900 0.0000 SNPS_CLOCK_GATE_HIGH_tinytpu_isa_wld_1_0_3
wld_1_0_U0_clk_gate_grp_wld_1_0_Pipeline_VITIS_LOOP_1887_1_fu_63_v926_fu_50_reg       3.9900     0.0      0.0000       3.9900 0.0000 SNPS_CLOCK_GATE_HIGH_tinytpu_isa_wld_1_0_1
wld_1_0_U0_clk_gate_grp_wld_1_0_Pipeline_VITIS_LOOP_1887_1_fu_63_v943_reg_154_reg       3.9900     0.0      0.0000       3.9900 0.0000 SNPS_CLOCK_GATE_HIGH_tinytpu_isa_wld_1_0_4
wld_1_0_U0_clk_gate_v917_reg_95_reg       3.9900     0.0      0.0000        3.9900  0.0000  SNPS_CLOCK_GATE_HIGH_tinytpu_isa_wld_1_0_0
wld_1_1_U0_clk_gate_grp_wld_1_1_Pipeline_VITIS_LOOP_1975_1_fu_53_icmp_ln1975_reg_142_reg       3.9900     0.0      0.0000       3.9900 0.0000 SNPS_CLOCK_GATE_HIGH_tinytpu_isa_wld_1_1_2
wld_1_1_U0_clk_gate_grp_wld_1_1_Pipeline_VITIS_LOOP_1975_1_fu_53_v962_fu_54_reg       3.9900     0.0      0.0000       3.9900 0.0000 SNPS_CLOCK_GATE_HIGH_tinytpu_isa_wld_1_1_1
wld_1_1_U0_clk_gate_grp_wld_1_1_Pipeline_VITIS_LOOP_1975_1_fu_53_v972_reg_151_reg       3.9900     0.0      0.0000       3.9900 0.0000 SNPS_CLOCK_GATE_HIGH_tinytpu_isa_wld_1_1_3
wld_1_1_U0_clk_gate_v953_reg_83_reg       3.9900     0.0      0.0000        3.9900  0.0000  SNPS_CLOCK_GATE_HIGH_tinytpu_isa_wld_1_1_0
wld_1_2_U0_clk_gate_grp_wld_1_2_Pipeline_VITIS_LOOP_2049_1_fu_53_icmp_ln2049_reg_142_reg       3.9900     0.0      0.0000       3.9900 0.0000 SNPS_CLOCK_GATE_HIGH_tinytpu_isa_wld_1_2_2
wld_1_2_U0_clk_gate_grp_wld_1_2_Pipeline_VITIS_LOOP_2049_1_fu_53_v1001_reg_151_reg       3.9900     0.0      0.0000       3.9900 0.0000 SNPS_CLOCK_GATE_HIGH_tinytpu_isa_wld_1_2_3
wld_1_2_U0_clk_gate_grp_wld_1_2_Pipeline_VITIS_LOOP_2049_1_fu_53_v991_fu_54_reg       3.9900     0.0      0.0000       3.9900 0.0000 SNPS_CLOCK_GATE_HIGH_tinytpu_isa_wld_1_2_1
wld_1_2_U0_clk_gate_v982_reg_83_reg       3.9900     0.0      0.0000        3.9900  0.0000  SNPS_CLOCK_GATE_HIGH_tinytpu_isa_wld_1_2_0
wld_1_3_U0_clk_gate_grp_wld_1_3_Pipeline_VITIS_LOOP_2123_1_fu_53_icmp_ln2123_reg_142_reg       3.9900     0.0      0.0000       3.9900 0.0000 SNPS_CLOCK_GATE_HIGH_tinytpu_isa_wld_1_3_2
wld_1_3_U0_clk_gate_grp_wld_1_3_Pipeline_VITIS_LOOP_2123_1_fu_53_v1020_fu_54_reg       3.9900     0.0      0.0000       3.9900 0.0000 SNPS_CLOCK_GATE_HIGH_tinytpu_isa_wld_1_3_1
wld_1_3_U0_clk_gate_grp_wld_1_3_Pipeline_VITIS_LOOP_2123_1_fu_53_v1030_reg_151_reg       3.9900     0.0      0.0000       3.9900 0.0000 SNPS_CLOCK_GATE_HIGH_tinytpu_isa_wld_1_3_3
wld_1_3_U0_clk_gate_v1011_reg_83_reg       3.9900     0.0      0.0000       3.9900  0.0000  SNPS_CLOCK_GATE_HIGH_tinytpu_isa_wld_1_3_0
wld_1_4_U0_clk_gate_grp_wld_1_4_Pipeline_VITIS_LOOP_2197_1_fu_53_icmp_ln2197_reg_142_reg       3.9900     0.0      0.0000       3.9900 0.0000 SNPS_CLOCK_GATE_HIGH_tinytpu_isa_wld_1_4_2
wld_1_4_U0_clk_gate_grp_wld_1_4_Pipeline_VITIS_LOOP_2197_1_fu_53_v1049_fu_54_reg       3.9900     0.0      0.0000       3.9900 0.0000 SNPS_CLOCK_GATE_HIGH_tinytpu_isa_wld_1_4_1
wld_1_4_U0_clk_gate_grp_wld_1_4_Pipeline_VITIS_LOOP_2197_1_fu_53_v1059_reg_151_reg       3.9900     0.0      0.0000       3.9900 0.0000 SNPS_CLOCK_GATE_HIGH_tinytpu_isa_wld_1_4_3
wld_1_4_U0_clk_gate_v1040_reg_83_reg       3.9900     0.0      0.0000       3.9900  0.0000  SNPS_CLOCK_GATE_HIGH_tinytpu_isa_wld_1_4_0
wld_1_5_U0_clk_gate_grp_wld_1_5_Pipeline_VITIS_LOOP_2271_1_fu_53_icmp_ln2271_reg_142_reg       3.9900     0.0      0.0000       3.9900 0.0000 SNPS_CLOCK_GATE_HIGH_tinytpu_isa_wld_1_5_2
wld_1_5_U0_clk_gate_grp_wld_1_5_Pipeline_VITIS_LOOP_2271_1_fu_53_v1078_fu_54_reg       3.9900     0.0      0.0000       3.9900 0.0000 SNPS_CLOCK_GATE_HIGH_tinytpu_isa_wld_1_5_1
wld_1_5_U0_clk_gate_grp_wld_1_5_Pipeline_VITIS_LOOP_2271_1_fu_53_v1088_reg_151_reg       3.9900     0.0      0.0000       3.9900 0.0000 SNPS_CLOCK_GATE_HIGH_tinytpu_isa_wld_1_5_3
wld_1_5_U0_clk_gate_v1069_reg_83_reg       3.9900     0.0      0.0000       3.9900  0.0000  SNPS_CLOCK_GATE_HIGH_tinytpu_isa_wld_1_5_0
wld_1_6_U0_clk_gate_grp_wld_1_6_Pipeline_VITIS_LOOP_2345_1_fu_53_icmp_ln2345_reg_142_reg       3.9900     0.0      0.0000       3.9900 0.0000 SNPS_CLOCK_GATE_HIGH_tinytpu_isa_wld_1_6_2
wld_1_6_U0_clk_gate_grp_wld_1_6_Pipeline_VITIS_LOOP_2345_1_fu_53_v1107_fu_54_reg       3.9900     0.0      0.0000       3.9900 0.0000 SNPS_CLOCK_GATE_HIGH_tinytpu_isa_wld_1_6_1
wld_1_6_U0_clk_gate_grp_wld_1_6_Pipeline_VITIS_LOOP_2345_1_fu_53_v1117_reg_151_reg       3.9900     0.0      0.0000       3.9900 0.0000 SNPS_CLOCK_GATE_HIGH_tinytpu_isa_wld_1_6_3
wld_1_6_U0_clk_gate_v1098_reg_83_reg       3.9900     0.0      0.0000       3.9900  0.0000  SNPS_CLOCK_GATE_HIGH_tinytpu_isa_wld_1_6_0
wld_1_7_U0_clk_gate_grp_wld_1_7_Pipeline_VITIS_LOOP_2416_1_fu_41_icmp_ln2416_reg_130_reg       3.9900     0.0      0.0000       3.9900 0.0000 SNPS_CLOCK_GATE_HIGH_tinytpu_isa_wld_1_7_2
wld_1_7_U0_clk_gate_grp_wld_1_7_Pipeline_VITIS_LOOP_2416_1_fu_41_v1134_fu_50_reg       3.9900     0.0      0.0000       3.9900 0.0000 SNPS_CLOCK_GATE_HIGH_tinytpu_isa_wld_1_7_3
wld_1_7_U0_clk_gate_grp_wld_1_7_Pipeline_VITIS_LOOP_2416_1_fu_41_v1142_reg_139_reg       3.9900     0.0      0.0000       3.9900 0.0000 SNPS_CLOCK_GATE_HIGH_tinytpu_isa_wld_1_7_1
wld_1_7_U0_clk_gate_v1125_reg_69_reg       3.9900     0.0      0.0000       3.9900  0.0000  SNPS_CLOCK_GATE_HIGH_tinytpu_isa_wld_1_7_0
wld_2_0_U0_clk_gate_grp_wld_2_0_Pipeline_VITIS_LOOP_2489_1_fu_63_icmp_ln2489_reg_145_reg       3.9900     0.0      0.0000       3.9900 0.0000 SNPS_CLOCK_GATE_HIGH_tinytpu_isa_wld_2_0_2
wld_2_0_U0_clk_gate_grp_wld_2_0_Pipeline_VITIS_LOOP_2489_1_fu_63_reg_88_reg       3.9900     0.0      0.0000       3.9900 0.0000 SNPS_CLOCK_GATE_HIGH_tinytpu_isa_wld_2_0_3
wld_2_0_U0_clk_gate_grp_wld_2_0_Pipeline_VITIS_LOOP_2489_1_fu_63_v1163_fu_50_reg       3.9900     0.0      0.0000       3.9900 0.0000 SNPS_CLOCK_GATE_HIGH_tinytpu_isa_wld_2_0_1
wld_2_0_U0_clk_gate_grp_wld_2_0_Pipeline_VITIS_LOOP_2489_1_fu_63_v1179_reg_154_reg       3.9900     0.0      0.0000       3.9900 0.0000 SNPS_CLOCK_GATE_HIGH_tinytpu_isa_wld_2_0_4
wld_2_0_U0_clk_gate_v1154_reg_95_reg       3.9900     0.0      0.0000       3.9900  0.0000  SNPS_CLOCK_GATE_HIGH_tinytpu_isa_wld_2_0_0
wld_2_1_U0_clk_gate_grp_wld_2_1_Pipeline_VITIS_LOOP_2575_1_fu_53_icmp_ln2575_reg_142_reg       3.9900     0.0      0.0000       3.9900 0.0000 SNPS_CLOCK_GATE_HIGH_tinytpu_isa_wld_2_1_2
wld_2_1_U0_clk_gate_grp_wld_2_1_Pipeline_VITIS_LOOP_2575_1_fu_53_v1198_fu_54_reg       3.9900     0.0      0.0000       3.9900 0.0000 SNPS_CLOCK_GATE_HIGH_tinytpu_isa_wld_2_1_1
wld_2_1_U0_clk_gate_grp_wld_2_1_Pipeline_VITIS_LOOP_2575_1_fu_53_v1208_reg_151_reg       3.9900     0.0      0.0000       3.9900 0.0000 SNPS_CLOCK_GATE_HIGH_tinytpu_isa_wld_2_1_3
wld_2_1_U0_clk_gate_v1189_reg_83_reg       3.9900     0.0      0.0000       3.9900  0.0000  SNPS_CLOCK_GATE_HIGH_tinytpu_isa_wld_2_1_0
wld_2_2_U0_clk_gate_grp_wld_2_2_Pipeline_VITIS_LOOP_2649_1_fu_53_icmp_ln2649_reg_142_reg       3.9900     0.0      0.0000       3.9900 0.0000 SNPS_CLOCK_GATE_HIGH_tinytpu_isa_wld_2_2_2
wld_2_2_U0_clk_gate_grp_wld_2_2_Pipeline_VITIS_LOOP_2649_1_fu_53_v1227_fu_54_reg       3.9900     0.0      0.0000       3.9900 0.0000 SNPS_CLOCK_GATE_HIGH_tinytpu_isa_wld_2_2_1
wld_2_2_U0_clk_gate_grp_wld_2_2_Pipeline_VITIS_LOOP_2649_1_fu_53_v1237_reg_151_reg       3.9900     0.0      0.0000       3.9900 0.0000 SNPS_CLOCK_GATE_HIGH_tinytpu_isa_wld_2_2_3
wld_2_2_U0_clk_gate_v1218_reg_83_reg       3.9900     0.0      0.0000       3.9900  0.0000  SNPS_CLOCK_GATE_HIGH_tinytpu_isa_wld_2_2_0
wld_2_3_U0_clk_gate_grp_wld_2_3_Pipeline_VITIS_LOOP_2723_1_fu_53_icmp_ln2723_reg_142_reg       3.9900     0.0      0.0000       3.9900 0.0000 SNPS_CLOCK_GATE_HIGH_tinytpu_isa_wld_2_3_2
wld_2_3_U0_clk_gate_grp_wld_2_3_Pipeline_VITIS_LOOP_2723_1_fu_53_v1256_fu_54_reg       3.9900     0.0      0.0000       3.9900 0.0000 SNPS_CLOCK_GATE_HIGH_tinytpu_isa_wld_2_3_1
wld_2_3_U0_clk_gate_grp_wld_2_3_Pipeline_VITIS_LOOP_2723_1_fu_53_v1266_reg_151_reg       3.9900     0.0      0.0000       3.9900 0.0000 SNPS_CLOCK_GATE_HIGH_tinytpu_isa_wld_2_3_3
wld_2_3_U0_clk_gate_v1247_reg_83_reg       3.9900     0.0      0.0000       3.9900  0.0000  SNPS_CLOCK_GATE_HIGH_tinytpu_isa_wld_2_3_0
wld_2_4_U0_clk_gate_grp_wld_2_4_Pipeline_VITIS_LOOP_2797_1_fu_53_icmp_ln2797_reg_142_reg       3.9900     0.0      0.0000       3.9900 0.0000 SNPS_CLOCK_GATE_HIGH_tinytpu_isa_wld_2_4_2
wld_2_4_U0_clk_gate_grp_wld_2_4_Pipeline_VITIS_LOOP_2797_1_fu_53_v1285_fu_54_reg       3.9900     0.0      0.0000       3.9900 0.0000 SNPS_CLOCK_GATE_HIGH_tinytpu_isa_wld_2_4_1
wld_2_4_U0_clk_gate_grp_wld_2_4_Pipeline_VITIS_LOOP_2797_1_fu_53_v1295_reg_151_reg       3.9900     0.0      0.0000       3.9900 0.0000 SNPS_CLOCK_GATE_HIGH_tinytpu_isa_wld_2_4_3
wld_2_4_U0_clk_gate_v1276_reg_83_reg       3.9900     0.0      0.0000       3.9900  0.0000  SNPS_CLOCK_GATE_HIGH_tinytpu_isa_wld_2_4_0
wld_2_5_U0_clk_gate_grp_wld_2_5_Pipeline_VITIS_LOOP_2871_1_fu_53_icmp_ln2871_reg_142_reg       3.9900     0.0      0.0000       3.9900 0.0000 SNPS_CLOCK_GATE_HIGH_tinytpu_isa_wld_2_5_2
wld_2_5_U0_clk_gate_grp_wld_2_5_Pipeline_VITIS_LOOP_2871_1_fu_53_v1314_fu_54_reg       3.9900     0.0      0.0000       3.9900 0.0000 SNPS_CLOCK_GATE_HIGH_tinytpu_isa_wld_2_5_1
wld_2_5_U0_clk_gate_grp_wld_2_5_Pipeline_VITIS_LOOP_2871_1_fu_53_v1324_reg_151_reg       3.9900     0.0      0.0000       3.9900 0.0000 SNPS_CLOCK_GATE_HIGH_tinytpu_isa_wld_2_5_3
wld_2_5_U0_clk_gate_v1305_reg_83_reg       3.9900     0.0      0.0000       3.9900  0.0000  SNPS_CLOCK_GATE_HIGH_tinytpu_isa_wld_2_5_0
wld_2_6_U0_clk_gate_grp_wld_2_6_Pipeline_VITIS_LOOP_2945_1_fu_53_icmp_ln2945_reg_142_reg       3.9900     0.0      0.0000       3.9900 0.0000 SNPS_CLOCK_GATE_HIGH_tinytpu_isa_wld_2_6_2
wld_2_6_U0_clk_gate_grp_wld_2_6_Pipeline_VITIS_LOOP_2945_1_fu_53_v1343_fu_54_reg       3.9900     0.0      0.0000       3.9900 0.0000 SNPS_CLOCK_GATE_HIGH_tinytpu_isa_wld_2_6_1
wld_2_6_U0_clk_gate_grp_wld_2_6_Pipeline_VITIS_LOOP_2945_1_fu_53_v1353_reg_151_reg       3.9900     0.0      0.0000       3.9900 0.0000 SNPS_CLOCK_GATE_HIGH_tinytpu_isa_wld_2_6_3
wld_2_6_U0_clk_gate_v1334_reg_83_reg       3.9900     0.0      0.0000       3.9900  0.0000  SNPS_CLOCK_GATE_HIGH_tinytpu_isa_wld_2_6_0
wld_2_7_U0_clk_gate_grp_wld_2_7_Pipeline_VITIS_LOOP_3016_1_fu_41_icmp_ln3016_reg_130_reg       3.9900     0.0      0.0000       3.9900 0.0000 SNPS_CLOCK_GATE_HIGH_tinytpu_isa_wld_2_7_2
wld_2_7_U0_clk_gate_grp_wld_2_7_Pipeline_VITIS_LOOP_3016_1_fu_41_v1370_fu_50_reg       3.9900     0.0      0.0000       3.9900 0.0000 SNPS_CLOCK_GATE_HIGH_tinytpu_isa_wld_2_7_3
wld_2_7_U0_clk_gate_grp_wld_2_7_Pipeline_VITIS_LOOP_3016_1_fu_41_v1378_reg_139_reg       3.9900     0.0      0.0000       3.9900 0.0000 SNPS_CLOCK_GATE_HIGH_tinytpu_isa_wld_2_7_1
wld_2_7_U0_clk_gate_v1361_reg_69_reg       3.9900     0.0      0.0000       3.9900  0.0000  SNPS_CLOCK_GATE_HIGH_tinytpu_isa_wld_2_7_0
wld_3_0_U0_clk_gate_grp_wld_3_0_Pipeline_VITIS_LOOP_3089_1_fu_63_icmp_ln3089_reg_145_reg       3.9900     0.0      0.0000       3.9900 0.0000 SNPS_CLOCK_GATE_HIGH_tinytpu_isa_wld_3_0_2
wld_3_0_U0_clk_gate_grp_wld_3_0_Pipeline_VITIS_LOOP_3089_1_fu_63_reg_88_reg       3.9900     0.0      0.0000       3.9900 0.0000 SNPS_CLOCK_GATE_HIGH_tinytpu_isa_wld_3_0_3
wld_3_0_U0_clk_gate_grp_wld_3_0_Pipeline_VITIS_LOOP_3089_1_fu_63_v1399_fu_50_reg       3.9900     0.0      0.0000       3.9900 0.0000 SNPS_CLOCK_GATE_HIGH_tinytpu_isa_wld_3_0_1
wld_3_0_U0_clk_gate_grp_wld_3_0_Pipeline_VITIS_LOOP_3089_1_fu_63_v1414_reg_154_reg       3.9900     0.0      0.0000       3.9900 0.0000 SNPS_CLOCK_GATE_HIGH_tinytpu_isa_wld_3_0_4
wld_3_0_U0_clk_gate_v1390_reg_95_reg       3.9900     0.0      0.0000       3.9900  0.0000  SNPS_CLOCK_GATE_HIGH_tinytpu_isa_wld_3_0_0
wld_3_1_U0_clk_gate_grp_wld_3_1_Pipeline_VITIS_LOOP_3173_1_fu_53_icmp_ln3173_reg_142_reg       3.9900     0.0      0.0000       3.9900 0.0000 SNPS_CLOCK_GATE_HIGH_tinytpu_isa_wld_3_1_2
wld_3_1_U0_clk_gate_grp_wld_3_1_Pipeline_VITIS_LOOP_3173_1_fu_53_v1433_fu_54_reg       3.9900     0.0      0.0000       3.9900 0.0000 SNPS_CLOCK_GATE_HIGH_tinytpu_isa_wld_3_1_1
wld_3_1_U0_clk_gate_grp_wld_3_1_Pipeline_VITIS_LOOP_3173_1_fu_53_v1443_reg_151_reg       3.9900     0.0      0.0000       3.9900 0.0000 SNPS_CLOCK_GATE_HIGH_tinytpu_isa_wld_3_1_3
wld_3_1_U0_clk_gate_v1424_reg_83_reg       3.9900     0.0      0.0000       3.9900  0.0000  SNPS_CLOCK_GATE_HIGH_tinytpu_isa_wld_3_1_0
wld_3_2_U0_clk_gate_grp_wld_3_2_Pipeline_VITIS_LOOP_3247_1_fu_53_icmp_ln3247_reg_142_reg       3.9900     0.0      0.0000       3.9900 0.0000 SNPS_CLOCK_GATE_HIGH_tinytpu_isa_wld_3_2_2
wld_3_2_U0_clk_gate_grp_wld_3_2_Pipeline_VITIS_LOOP_3247_1_fu_53_v1462_fu_54_reg       3.9900     0.0      0.0000       3.9900 0.0000 SNPS_CLOCK_GATE_HIGH_tinytpu_isa_wld_3_2_1
wld_3_2_U0_clk_gate_grp_wld_3_2_Pipeline_VITIS_LOOP_3247_1_fu_53_v1472_reg_151_reg       3.9900     0.0      0.0000       3.9900 0.0000 SNPS_CLOCK_GATE_HIGH_tinytpu_isa_wld_3_2_3
wld_3_2_U0_clk_gate_v1453_reg_83_reg       3.9900     0.0      0.0000       3.9900  0.0000  SNPS_CLOCK_GATE_HIGH_tinytpu_isa_wld_3_2_0
wld_3_3_U0_clk_gate_grp_wld_3_3_Pipeline_VITIS_LOOP_3321_1_fu_53_icmp_ln3321_reg_142_reg       3.9900     0.0      0.0000       3.9900 0.0000 SNPS_CLOCK_GATE_HIGH_tinytpu_isa_wld_3_3_2
wld_3_3_U0_clk_gate_grp_wld_3_3_Pipeline_VITIS_LOOP_3321_1_fu_53_v1491_fu_54_reg       3.9900     0.0      0.0000       3.9900 0.0000 SNPS_CLOCK_GATE_HIGH_tinytpu_isa_wld_3_3_1
wld_3_3_U0_clk_gate_grp_wld_3_3_Pipeline_VITIS_LOOP_3321_1_fu_53_v1501_reg_151_reg       3.9900     0.0      0.0000       3.9900 0.0000 SNPS_CLOCK_GATE_HIGH_tinytpu_isa_wld_3_3_3
wld_3_3_U0_clk_gate_v1482_reg_83_reg       3.9900     0.0      0.0000       3.9900  0.0000  SNPS_CLOCK_GATE_HIGH_tinytpu_isa_wld_3_3_0
wld_3_4_U0_clk_gate_grp_wld_3_4_Pipeline_VITIS_LOOP_3395_1_fu_53_icmp_ln3395_reg_142_reg       3.9900     0.0      0.0000       3.9900 0.0000 SNPS_CLOCK_GATE_HIGH_tinytpu_isa_wld_3_4_2
wld_3_4_U0_clk_gate_grp_wld_3_4_Pipeline_VITIS_LOOP_3395_1_fu_53_v1520_fu_54_reg       3.9900     0.0      0.0000       3.9900 0.0000 SNPS_CLOCK_GATE_HIGH_tinytpu_isa_wld_3_4_1
wld_3_4_U0_clk_gate_grp_wld_3_4_Pipeline_VITIS_LOOP_3395_1_fu_53_v1530_reg_151_reg       3.9900     0.0      0.0000       3.9900 0.0000 SNPS_CLOCK_GATE_HIGH_tinytpu_isa_wld_3_4_3
wld_3_4_U0_clk_gate_v1511_reg_83_reg       3.9900     0.0      0.0000       3.9900  0.0000  SNPS_CLOCK_GATE_HIGH_tinytpu_isa_wld_3_4_0
wld_3_5_U0_clk_gate_grp_wld_3_5_Pipeline_VITIS_LOOP_3469_1_fu_53_icmp_ln3469_reg_142_reg       3.9900     0.0      0.0000       3.9900 0.0000 SNPS_CLOCK_GATE_HIGH_tinytpu_isa_wld_3_5_2
wld_3_5_U0_clk_gate_grp_wld_3_5_Pipeline_VITIS_LOOP_3469_1_fu_53_v1549_fu_54_reg       3.9900     0.0      0.0000       3.9900 0.0000 SNPS_CLOCK_GATE_HIGH_tinytpu_isa_wld_3_5_1
wld_3_5_U0_clk_gate_grp_wld_3_5_Pipeline_VITIS_LOOP_3469_1_fu_53_v1559_reg_151_reg       3.9900     0.0      0.0000       3.9900 0.0000 SNPS_CLOCK_GATE_HIGH_tinytpu_isa_wld_3_5_3
wld_3_5_U0_clk_gate_v1540_reg_83_reg       3.9900     0.0      0.0000       3.9900  0.0000  SNPS_CLOCK_GATE_HIGH_tinytpu_isa_wld_3_5_0
wld_3_6_U0_clk_gate_grp_wld_3_6_Pipeline_VITIS_LOOP_3543_1_fu_53_icmp_ln3543_reg_142_reg       3.9900     0.0      0.0000       3.9900 0.0000 SNPS_CLOCK_GATE_HIGH_tinytpu_isa_wld_3_6_2
wld_3_6_U0_clk_gate_grp_wld_3_6_Pipeline_VITIS_LOOP_3543_1_fu_53_v1578_fu_54_reg       3.9900     0.0      0.0000       3.9900 0.0000 SNPS_CLOCK_GATE_HIGH_tinytpu_isa_wld_3_6_1
wld_3_6_U0_clk_gate_grp_wld_3_6_Pipeline_VITIS_LOOP_3543_1_fu_53_v1588_reg_151_reg       3.9900     0.0      0.0000       3.9900 0.0000 SNPS_CLOCK_GATE_HIGH_tinytpu_isa_wld_3_6_3
wld_3_6_U0_clk_gate_v1569_reg_83_reg       3.9900     0.0      0.0000       3.9900  0.0000  SNPS_CLOCK_GATE_HIGH_tinytpu_isa_wld_3_6_0
wld_3_7_U0_clk_gate_grp_wld_3_7_Pipeline_VITIS_LOOP_3614_1_fu_41_icmp_ln3614_reg_130_reg       3.9900     0.0      0.0000       3.9900 0.0000 SNPS_CLOCK_GATE_HIGH_tinytpu_isa_wld_3_7_2
wld_3_7_U0_clk_gate_grp_wld_3_7_Pipeline_VITIS_LOOP_3614_1_fu_41_v1605_fu_50_reg       3.9900     0.0      0.0000       3.9900 0.0000 SNPS_CLOCK_GATE_HIGH_tinytpu_isa_wld_3_7_3
wld_3_7_U0_clk_gate_grp_wld_3_7_Pipeline_VITIS_LOOP_3614_1_fu_41_v1613_reg_139_reg       3.9900     0.0      0.0000       3.9900 0.0000 SNPS_CLOCK_GATE_HIGH_tinytpu_isa_wld_3_7_1
wld_3_7_U0_clk_gate_v1596_reg_69_reg       3.9900     0.0      0.0000       3.9900  0.0000  SNPS_CLOCK_GATE_HIGH_tinytpu_isa_wld_3_7_0
wld_4_0_U0_clk_gate_grp_wld_4_0_Pipeline_VITIS_LOOP_3687_1_fu_63_icmp_ln3687_reg_145_reg       3.9900     0.0      0.0000       3.9900 0.0000 SNPS_CLOCK_GATE_HIGH_tinytpu_isa_wld_4_0_2
wld_4_0_U0_clk_gate_grp_wld_4_0_Pipeline_VITIS_LOOP_3687_1_fu_63_reg_88_reg       3.9900     0.0      0.0000       3.9900 0.0000 SNPS_CLOCK_GATE_HIGH_tinytpu_isa_wld_4_0_3
wld_4_0_U0_clk_gate_grp_wld_4_0_Pipeline_VITIS_LOOP_3687_1_fu_63_v1634_fu_50_reg       3.9900     0.0      0.0000       3.9900 0.0000 SNPS_CLOCK_GATE_HIGH_tinytpu_isa_wld_4_0_1
wld_4_0_U0_clk_gate_grp_wld_4_0_Pipeline_VITIS_LOOP_3687_1_fu_63_v1648_reg_154_reg       3.9900     0.0      0.0000       3.9900 0.0000 SNPS_CLOCK_GATE_HIGH_tinytpu_isa_wld_4_0_4
wld_4_0_U0_clk_gate_v1625_reg_95_reg       3.9900     0.0      0.0000       3.9900  0.0000  SNPS_CLOCK_GATE_HIGH_tinytpu_isa_wld_4_0_0
wld_4_1_U0_clk_gate_grp_wld_4_1_Pipeline_VITIS_LOOP_3769_1_fu_53_icmp_ln3769_reg_142_reg       3.9900     0.0      0.0000       3.9900 0.0000 SNPS_CLOCK_GATE_HIGH_tinytpu_isa_wld_4_1_2
wld_4_1_U0_clk_gate_grp_wld_4_1_Pipeline_VITIS_LOOP_3769_1_fu_53_v1667_fu_54_reg       3.9900     0.0      0.0000       3.9900 0.0000 SNPS_CLOCK_GATE_HIGH_tinytpu_isa_wld_4_1_1
wld_4_1_U0_clk_gate_grp_wld_4_1_Pipeline_VITIS_LOOP_3769_1_fu_53_v1677_reg_151_reg       3.9900     0.0      0.0000       3.9900 0.0000 SNPS_CLOCK_GATE_HIGH_tinytpu_isa_wld_4_1_3
wld_4_1_U0_clk_gate_v1658_reg_83_reg       3.9900     0.0      0.0000       3.9900  0.0000  SNPS_CLOCK_GATE_HIGH_tinytpu_isa_wld_4_1_0
wld_4_2_U0_clk_gate_grp_wld_4_2_Pipeline_VITIS_LOOP_3843_1_fu_53_icmp_ln3843_reg_142_reg       3.9900     0.0      0.0000       3.9900 0.0000 SNPS_CLOCK_GATE_HIGH_tinytpu_isa_wld_4_2_2
wld_4_2_U0_clk_gate_grp_wld_4_2_Pipeline_VITIS_LOOP_3843_1_fu_53_v1696_fu_54_reg       3.9900     0.0      0.0000       3.9900 0.0000 SNPS_CLOCK_GATE_HIGH_tinytpu_isa_wld_4_2_1
wld_4_2_U0_clk_gate_grp_wld_4_2_Pipeline_VITIS_LOOP_3843_1_fu_53_v1706_reg_151_reg       3.9900     0.0      0.0000       3.9900 0.0000 SNPS_CLOCK_GATE_HIGH_tinytpu_isa_wld_4_2_3
wld_4_2_U0_clk_gate_v1687_reg_83_reg       3.9900     0.0      0.0000       3.9900  0.0000  SNPS_CLOCK_GATE_HIGH_tinytpu_isa_wld_4_2_0
wld_4_3_U0_clk_gate_grp_wld_4_3_Pipeline_VITIS_LOOP_3917_1_fu_53_icmp_ln3917_reg_142_reg       3.9900     0.0      0.0000       3.9900 0.0000 SNPS_CLOCK_GATE_HIGH_tinytpu_isa_wld_4_3_2
wld_4_3_U0_clk_gate_grp_wld_4_3_Pipeline_VITIS_LOOP_3917_1_fu_53_v1725_fu_54_reg       3.9900     0.0      0.0000       3.9900 0.0000 SNPS_CLOCK_GATE_HIGH_tinytpu_isa_wld_4_3_1
wld_4_3_U0_clk_gate_grp_wld_4_3_Pipeline_VITIS_LOOP_3917_1_fu_53_v1735_reg_151_reg       3.9900     0.0      0.0000       3.9900 0.0000 SNPS_CLOCK_GATE_HIGH_tinytpu_isa_wld_4_3_3
wld_4_3_U0_clk_gate_v1716_reg_83_reg       3.9900     0.0      0.0000       3.9900  0.0000  SNPS_CLOCK_GATE_HIGH_tinytpu_isa_wld_4_3_0
wld_4_4_U0_clk_gate_grp_wld_4_4_Pipeline_VITIS_LOOP_3991_1_fu_53_icmp_ln3991_reg_142_reg       3.9900     0.0      0.0000       3.9900 0.0000 SNPS_CLOCK_GATE_HIGH_tinytpu_isa_wld_4_4_2
wld_4_4_U0_clk_gate_grp_wld_4_4_Pipeline_VITIS_LOOP_3991_1_fu_53_v1754_fu_54_reg       3.9900     0.0      0.0000       3.9900 0.0000 SNPS_CLOCK_GATE_HIGH_tinytpu_isa_wld_4_4_1
wld_4_4_U0_clk_gate_grp_wld_4_4_Pipeline_VITIS_LOOP_3991_1_fu_53_v1764_reg_151_reg       3.9900     0.0      0.0000       3.9900 0.0000 SNPS_CLOCK_GATE_HIGH_tinytpu_isa_wld_4_4_3
wld_4_4_U0_clk_gate_v1745_reg_83_reg       3.9900     0.0      0.0000       3.9900  0.0000  SNPS_CLOCK_GATE_HIGH_tinytpu_isa_wld_4_4_0
wld_4_5_U0_clk_gate_grp_wld_4_5_Pipeline_VITIS_LOOP_4065_1_fu_53_icmp_ln4065_reg_142_reg       3.9900     0.0      0.0000       3.9900 0.0000 SNPS_CLOCK_GATE_HIGH_tinytpu_isa_wld_4_5_2
wld_4_5_U0_clk_gate_grp_wld_4_5_Pipeline_VITIS_LOOP_4065_1_fu_53_v1783_fu_54_reg       3.9900     0.0      0.0000       3.9900 0.0000 SNPS_CLOCK_GATE_HIGH_tinytpu_isa_wld_4_5_1
wld_4_5_U0_clk_gate_grp_wld_4_5_Pipeline_VITIS_LOOP_4065_1_fu_53_v1793_reg_151_reg       3.9900     0.0      0.0000       3.9900 0.0000 SNPS_CLOCK_GATE_HIGH_tinytpu_isa_wld_4_5_3
wld_4_5_U0_clk_gate_v1774_reg_83_reg       3.9900     0.0      0.0000       3.9900  0.0000  SNPS_CLOCK_GATE_HIGH_tinytpu_isa_wld_4_5_0
wld_4_6_U0_clk_gate_grp_wld_4_6_Pipeline_VITIS_LOOP_4139_1_fu_53_icmp_ln4139_reg_142_reg       3.9900     0.0      0.0000       3.9900 0.0000 SNPS_CLOCK_GATE_HIGH_tinytpu_isa_wld_4_6_2
wld_4_6_U0_clk_gate_grp_wld_4_6_Pipeline_VITIS_LOOP_4139_1_fu_53_v1812_fu_54_reg       3.9900     0.0      0.0000       3.9900 0.0000 SNPS_CLOCK_GATE_HIGH_tinytpu_isa_wld_4_6_1
wld_4_6_U0_clk_gate_grp_wld_4_6_Pipeline_VITIS_LOOP_4139_1_fu_53_v1822_reg_151_reg       3.9900     0.0      0.0000       3.9900 0.0000 SNPS_CLOCK_GATE_HIGH_tinytpu_isa_wld_4_6_3
wld_4_6_U0_clk_gate_v1803_reg_83_reg       3.9900     0.0      0.0000       3.9900  0.0000  SNPS_CLOCK_GATE_HIGH_tinytpu_isa_wld_4_6_0
wld_4_7_U0_clk_gate_grp_wld_4_7_Pipeline_VITIS_LOOP_4210_1_fu_41_icmp_ln4210_reg_130_reg       3.9900     0.0      0.0000       3.9900 0.0000 SNPS_CLOCK_GATE_HIGH_tinytpu_isa_wld_4_7_2
wld_4_7_U0_clk_gate_grp_wld_4_7_Pipeline_VITIS_LOOP_4210_1_fu_41_v1839_fu_50_reg       3.9900     0.0      0.0000       3.9900 0.0000 SNPS_CLOCK_GATE_HIGH_tinytpu_isa_wld_4_7_3
wld_4_7_U0_clk_gate_grp_wld_4_7_Pipeline_VITIS_LOOP_4210_1_fu_41_v1847_reg_139_reg       3.9900     0.0      0.0000       3.9900 0.0000 SNPS_CLOCK_GATE_HIGH_tinytpu_isa_wld_4_7_1
wld_4_7_U0_clk_gate_v1830_reg_69_reg       3.9900     0.0      0.0000       3.9900  0.0000  SNPS_CLOCK_GATE_HIGH_tinytpu_isa_wld_4_7_0
wld_5_0_U0_clk_gate_grp_wld_5_0_Pipeline_VITIS_LOOP_4283_1_fu_63_icmp_ln4283_reg_145_reg       3.9900     0.0      0.0000       3.9900 0.0000 SNPS_CLOCK_GATE_HIGH_tinytpu_isa_wld_5_0_2
wld_5_0_U0_clk_gate_grp_wld_5_0_Pipeline_VITIS_LOOP_4283_1_fu_63_reg_88_reg       3.9900     0.0      0.0000       3.9900 0.0000 SNPS_CLOCK_GATE_HIGH_tinytpu_isa_wld_5_0_3
wld_5_0_U0_clk_gate_grp_wld_5_0_Pipeline_VITIS_LOOP_4283_1_fu_63_v1868_fu_50_reg       3.9900     0.0      0.0000       3.9900 0.0000 SNPS_CLOCK_GATE_HIGH_tinytpu_isa_wld_5_0_1
wld_5_0_U0_clk_gate_grp_wld_5_0_Pipeline_VITIS_LOOP_4283_1_fu_63_v1881_reg_154_reg       3.9900     0.0      0.0000       3.9900 0.0000 SNPS_CLOCK_GATE_HIGH_tinytpu_isa_wld_5_0_4
wld_5_0_U0_clk_gate_v1859_reg_95_reg       3.9900     0.0      0.0000       3.9900  0.0000  SNPS_CLOCK_GATE_HIGH_tinytpu_isa_wld_5_0_0
wld_5_1_U0_clk_gate_grp_wld_5_1_Pipeline_VITIS_LOOP_4363_1_fu_53_icmp_ln4363_reg_142_reg       3.9900     0.0      0.0000       3.9900 0.0000 SNPS_CLOCK_GATE_HIGH_tinytpu_isa_wld_5_1_2
wld_5_1_U0_clk_gate_grp_wld_5_1_Pipeline_VITIS_LOOP_4363_1_fu_53_v1900_fu_54_reg       3.9900     0.0      0.0000       3.9900 0.0000 SNPS_CLOCK_GATE_HIGH_tinytpu_isa_wld_5_1_1
wld_5_1_U0_clk_gate_grp_wld_5_1_Pipeline_VITIS_LOOP_4363_1_fu_53_v1910_reg_151_reg       3.9900     0.0      0.0000       3.9900 0.0000 SNPS_CLOCK_GATE_HIGH_tinytpu_isa_wld_5_1_3
wld_5_1_U0_clk_gate_v1891_reg_83_reg       3.9900     0.0      0.0000       3.9900  0.0000  SNPS_CLOCK_GATE_HIGH_tinytpu_isa_wld_5_1_0
wld_5_2_U0_clk_gate_grp_wld_5_2_Pipeline_VITIS_LOOP_4437_1_fu_53_icmp_ln4437_reg_142_reg       3.9900     0.0      0.0000       3.9900 0.0000 SNPS_CLOCK_GATE_HIGH_tinytpu_isa_wld_5_2_2
wld_5_2_U0_clk_gate_grp_wld_5_2_Pipeline_VITIS_LOOP_4437_1_fu_53_v1929_fu_54_reg       3.9900     0.0      0.0000       3.9900 0.0000 SNPS_CLOCK_GATE_HIGH_tinytpu_isa_wld_5_2_1
wld_5_2_U0_clk_gate_grp_wld_5_2_Pipeline_VITIS_LOOP_4437_1_fu_53_v1939_reg_151_reg       3.9900     0.0      0.0000       3.9900 0.0000 SNPS_CLOCK_GATE_HIGH_tinytpu_isa_wld_5_2_3
wld_5_2_U0_clk_gate_v1920_reg_83_reg       3.9900     0.0      0.0000       3.9900  0.0000  SNPS_CLOCK_GATE_HIGH_tinytpu_isa_wld_5_2_0
wld_5_3_U0_clk_gate_grp_wld_5_3_Pipeline_VITIS_LOOP_4511_1_fu_53_icmp_ln4511_reg_142_reg       3.9900     0.0      0.0000       3.9900 0.0000 SNPS_CLOCK_GATE_HIGH_tinytpu_isa_wld_5_3_2
wld_5_3_U0_clk_gate_grp_wld_5_3_Pipeline_VITIS_LOOP_4511_1_fu_53_v1958_fu_54_reg       3.9900     0.0      0.0000       3.9900 0.0000 SNPS_CLOCK_GATE_HIGH_tinytpu_isa_wld_5_3_1
wld_5_3_U0_clk_gate_grp_wld_5_3_Pipeline_VITIS_LOOP_4511_1_fu_53_v1968_reg_151_reg       3.9900     0.0      0.0000       3.9900 0.0000 SNPS_CLOCK_GATE_HIGH_tinytpu_isa_wld_5_3_3
wld_5_3_U0_clk_gate_v1949_reg_83_reg       3.9900     0.0      0.0000       3.9900  0.0000  SNPS_CLOCK_GATE_HIGH_tinytpu_isa_wld_5_3_0
wld_5_4_U0_clk_gate_grp_wld_5_4_Pipeline_VITIS_LOOP_4585_1_fu_53_icmp_ln4585_reg_142_reg       3.9900     0.0      0.0000       3.9900 0.0000 SNPS_CLOCK_GATE_HIGH_tinytpu_isa_wld_5_4_2
wld_5_4_U0_clk_gate_grp_wld_5_4_Pipeline_VITIS_LOOP_4585_1_fu_53_v1987_fu_54_reg       3.9900     0.0      0.0000       3.9900 0.0000 SNPS_CLOCK_GATE_HIGH_tinytpu_isa_wld_5_4_1
wld_5_4_U0_clk_gate_grp_wld_5_4_Pipeline_VITIS_LOOP_4585_1_fu_53_v1997_reg_151_reg       3.9900     0.0      0.0000       3.9900 0.0000 SNPS_CLOCK_GATE_HIGH_tinytpu_isa_wld_5_4_3
wld_5_4_U0_clk_gate_v1978_reg_83_reg       3.9900     0.0      0.0000       3.9900  0.0000  SNPS_CLOCK_GATE_HIGH_tinytpu_isa_wld_5_4_0
wld_5_5_U0_clk_gate_grp_wld_5_5_Pipeline_VITIS_LOOP_4659_1_fu_53_icmp_ln4659_reg_142_reg       3.9900     0.0      0.0000       3.9900 0.0000 SNPS_CLOCK_GATE_HIGH_tinytpu_isa_wld_5_5_2
wld_5_5_U0_clk_gate_grp_wld_5_5_Pipeline_VITIS_LOOP_4659_1_fu_53_v2016_fu_54_reg       3.9900     0.0      0.0000       3.9900 0.0000 SNPS_CLOCK_GATE_HIGH_tinytpu_isa_wld_5_5_1
wld_5_5_U0_clk_gate_grp_wld_5_5_Pipeline_VITIS_LOOP_4659_1_fu_53_v2026_reg_151_reg       3.9900     0.0      0.0000       3.9900 0.0000 SNPS_CLOCK_GATE_HIGH_tinytpu_isa_wld_5_5_3
wld_5_5_U0_clk_gate_v2007_reg_83_reg       3.9900     0.0      0.0000       3.9900  0.0000  SNPS_CLOCK_GATE_HIGH_tinytpu_isa_wld_5_5_0
wld_5_6_U0_clk_gate_grp_wld_5_6_Pipeline_VITIS_LOOP_4733_1_fu_53_icmp_ln4733_reg_142_reg       3.9900     0.0      0.0000       3.9900 0.0000 SNPS_CLOCK_GATE_HIGH_tinytpu_isa_wld_5_6_2
wld_5_6_U0_clk_gate_grp_wld_5_6_Pipeline_VITIS_LOOP_4733_1_fu_53_v2045_fu_54_reg       3.9900     0.0      0.0000       3.9900 0.0000 SNPS_CLOCK_GATE_HIGH_tinytpu_isa_wld_5_6_1
wld_5_6_U0_clk_gate_grp_wld_5_6_Pipeline_VITIS_LOOP_4733_1_fu_53_v2055_reg_151_reg       3.9900     0.0      0.0000       3.9900 0.0000 SNPS_CLOCK_GATE_HIGH_tinytpu_isa_wld_5_6_3
wld_5_6_U0_clk_gate_v2036_reg_83_reg       3.9900     0.0      0.0000       3.9900  0.0000  SNPS_CLOCK_GATE_HIGH_tinytpu_isa_wld_5_6_0
wld_5_7_U0_clk_gate_grp_wld_5_7_Pipeline_VITIS_LOOP_4804_1_fu_41_icmp_ln4804_reg_130_reg       3.9900     0.0      0.0000       3.9900 0.0000 SNPS_CLOCK_GATE_HIGH_tinytpu_isa_wld_5_7_2
wld_5_7_U0_clk_gate_grp_wld_5_7_Pipeline_VITIS_LOOP_4804_1_fu_41_v2072_fu_50_reg       3.9900     0.0      0.0000       3.9900 0.0000 SNPS_CLOCK_GATE_HIGH_tinytpu_isa_wld_5_7_3
wld_5_7_U0_clk_gate_grp_wld_5_7_Pipeline_VITIS_LOOP_4804_1_fu_41_v2080_reg_139_reg       3.9900     0.0      0.0000       3.9900 0.0000 SNPS_CLOCK_GATE_HIGH_tinytpu_isa_wld_5_7_1
wld_5_7_U0_clk_gate_v2063_reg_69_reg       3.9900     0.0      0.0000       3.9900  0.0000  SNPS_CLOCK_GATE_HIGH_tinytpu_isa_wld_5_7_0
wld_6_0_U0_clk_gate_grp_wld_6_0_Pipeline_VITIS_LOOP_4877_1_fu_63_icmp_ln4877_reg_145_reg       3.9900     0.0      0.0000       3.9900 0.0000 SNPS_CLOCK_GATE_HIGH_tinytpu_isa_wld_6_0_2
wld_6_0_U0_clk_gate_grp_wld_6_0_Pipeline_VITIS_LOOP_4877_1_fu_63_reg_88_reg       3.9900     0.0      0.0000       3.9900 0.0000 SNPS_CLOCK_GATE_HIGH_tinytpu_isa_wld_6_0_3
wld_6_0_U0_clk_gate_grp_wld_6_0_Pipeline_VITIS_LOOP_4877_1_fu_63_v2101_fu_50_reg       3.9900     0.0      0.0000       3.9900 0.0000 SNPS_CLOCK_GATE_HIGH_tinytpu_isa_wld_6_0_1
wld_6_0_U0_clk_gate_grp_wld_6_0_Pipeline_VITIS_LOOP_4877_1_fu_63_v2113_reg_154_reg       3.9900     0.0      0.0000       3.9900 0.0000 SNPS_CLOCK_GATE_HIGH_tinytpu_isa_wld_6_0_4
wld_6_0_U0_clk_gate_v2092_reg_95_reg       3.9900     0.0      0.0000       3.9900  0.0000  SNPS_CLOCK_GATE_HIGH_tinytpu_isa_wld_6_0_0
wld_6_1_U0_clk_gate_grp_wld_6_1_Pipeline_VITIS_LOOP_4955_1_fu_53_icmp_ln4955_reg_142_reg       3.9900     0.0      0.0000       3.9900 0.0000 SNPS_CLOCK_GATE_HIGH_tinytpu_isa_wld_6_1_2
wld_6_1_U0_clk_gate_grp_wld_6_1_Pipeline_VITIS_LOOP_4955_1_fu_53_v2132_fu_54_reg       3.9900     0.0      0.0000       3.9900 0.0000 SNPS_CLOCK_GATE_HIGH_tinytpu_isa_wld_6_1_1
wld_6_1_U0_clk_gate_grp_wld_6_1_Pipeline_VITIS_LOOP_4955_1_fu_53_v2142_reg_151_reg       3.9900     0.0      0.0000       3.9900 0.0000 SNPS_CLOCK_GATE_HIGH_tinytpu_isa_wld_6_1_3
wld_6_1_U0_clk_gate_v2123_reg_83_reg       3.9900     0.0      0.0000       3.9900  0.0000  SNPS_CLOCK_GATE_HIGH_tinytpu_isa_wld_6_1_0
wld_6_2_U0_clk_gate_grp_wld_6_2_Pipeline_VITIS_LOOP_5029_1_fu_53_icmp_ln5029_reg_142_reg       3.9900     0.0      0.0000       3.9900 0.0000 SNPS_CLOCK_GATE_HIGH_tinytpu_isa_wld_6_2_2
wld_6_2_U0_clk_gate_grp_wld_6_2_Pipeline_VITIS_LOOP_5029_1_fu_53_v2161_fu_54_reg       3.9900     0.0      0.0000       3.9900 0.0000 SNPS_CLOCK_GATE_HIGH_tinytpu_isa_wld_6_2_1
wld_6_2_U0_clk_gate_grp_wld_6_2_Pipeline_VITIS_LOOP_5029_1_fu_53_v2171_reg_151_reg       3.9900     0.0      0.0000       3.9900 0.0000 SNPS_CLOCK_GATE_HIGH_tinytpu_isa_wld_6_2_3
wld_6_2_U0_clk_gate_v2152_reg_83_reg       3.9900     0.0      0.0000       3.9900  0.0000  SNPS_CLOCK_GATE_HIGH_tinytpu_isa_wld_6_2_0
wld_6_3_U0_clk_gate_grp_wld_6_3_Pipeline_VITIS_LOOP_5103_1_fu_53_icmp_ln5103_reg_142_reg       3.9900     0.0      0.0000       3.9900 0.0000 SNPS_CLOCK_GATE_HIGH_tinytpu_isa_wld_6_3_2
wld_6_3_U0_clk_gate_grp_wld_6_3_Pipeline_VITIS_LOOP_5103_1_fu_53_v2190_fu_54_reg       3.9900     0.0      0.0000       3.9900 0.0000 SNPS_CLOCK_GATE_HIGH_tinytpu_isa_wld_6_3_1
wld_6_3_U0_clk_gate_grp_wld_6_3_Pipeline_VITIS_LOOP_5103_1_fu_53_v2200_reg_151_reg       3.9900     0.0      0.0000       3.9900 0.0000 SNPS_CLOCK_GATE_HIGH_tinytpu_isa_wld_6_3_3
wld_6_3_U0_clk_gate_v2181_reg_83_reg       3.9900     0.0      0.0000       3.9900  0.0000  SNPS_CLOCK_GATE_HIGH_tinytpu_isa_wld_6_3_0
wld_6_4_U0_clk_gate_grp_wld_6_4_Pipeline_VITIS_LOOP_5177_1_fu_53_icmp_ln5177_reg_142_reg       3.9900     0.0      0.0000       3.9900 0.0000 SNPS_CLOCK_GATE_HIGH_tinytpu_isa_wld_6_4_2
wld_6_4_U0_clk_gate_grp_wld_6_4_Pipeline_VITIS_LOOP_5177_1_fu_53_v2219_fu_54_reg       3.9900     0.0      0.0000       3.9900 0.0000 SNPS_CLOCK_GATE_HIGH_tinytpu_isa_wld_6_4_1
wld_6_4_U0_clk_gate_grp_wld_6_4_Pipeline_VITIS_LOOP_5177_1_fu_53_v2229_reg_151_reg       3.9900     0.0      0.0000       3.9900 0.0000 SNPS_CLOCK_GATE_HIGH_tinytpu_isa_wld_6_4_3
wld_6_4_U0_clk_gate_v2210_reg_83_reg       3.9900     0.0      0.0000       3.9900  0.0000  SNPS_CLOCK_GATE_HIGH_tinytpu_isa_wld_6_4_0
wld_6_5_U0_clk_gate_grp_wld_6_5_Pipeline_VITIS_LOOP_5251_1_fu_53_icmp_ln5251_reg_142_reg       3.9900     0.0      0.0000       3.9900 0.0000 SNPS_CLOCK_GATE_HIGH_tinytpu_isa_wld_6_5_2
wld_6_5_U0_clk_gate_grp_wld_6_5_Pipeline_VITIS_LOOP_5251_1_fu_53_v2248_fu_54_reg       3.9900     0.0      0.0000       3.9900 0.0000 SNPS_CLOCK_GATE_HIGH_tinytpu_isa_wld_6_5_1
wld_6_5_U0_clk_gate_grp_wld_6_5_Pipeline_VITIS_LOOP_5251_1_fu_53_v2258_reg_151_reg       3.9900     0.0      0.0000       3.9900 0.0000 SNPS_CLOCK_GATE_HIGH_tinytpu_isa_wld_6_5_3
wld_6_5_U0_clk_gate_v2239_reg_83_reg       3.9900     0.0      0.0000       3.9900  0.0000  SNPS_CLOCK_GATE_HIGH_tinytpu_isa_wld_6_5_0
wld_6_6_U0_clk_gate_grp_wld_6_6_Pipeline_VITIS_LOOP_5325_1_fu_53_icmp_ln5325_reg_142_reg       3.9900     0.0      0.0000       3.9900 0.0000 SNPS_CLOCK_GATE_HIGH_tinytpu_isa_wld_6_6_2
wld_6_6_U0_clk_gate_grp_wld_6_6_Pipeline_VITIS_LOOP_5325_1_fu_53_v2277_fu_54_reg       3.9900     0.0      0.0000       3.9900 0.0000 SNPS_CLOCK_GATE_HIGH_tinytpu_isa_wld_6_6_1
wld_6_6_U0_clk_gate_grp_wld_6_6_Pipeline_VITIS_LOOP_5325_1_fu_53_v2287_reg_151_reg       3.9900     0.0      0.0000       3.9900 0.0000 SNPS_CLOCK_GATE_HIGH_tinytpu_isa_wld_6_6_3
wld_6_6_U0_clk_gate_v2268_reg_83_reg       3.9900     0.0      0.0000       3.9900  0.0000  SNPS_CLOCK_GATE_HIGH_tinytpu_isa_wld_6_6_0
wld_6_7_U0_clk_gate_grp_wld_6_7_Pipeline_VITIS_LOOP_5396_1_fu_41_icmp_ln5396_reg_130_reg       3.9900     0.0      0.0000       3.9900 0.0000 SNPS_CLOCK_GATE_HIGH_tinytpu_isa_wld_6_7_2
wld_6_7_U0_clk_gate_grp_wld_6_7_Pipeline_VITIS_LOOP_5396_1_fu_41_v2304_fu_50_reg       3.9900     0.0      0.0000       3.9900 0.0000 SNPS_CLOCK_GATE_HIGH_tinytpu_isa_wld_6_7_3
wld_6_7_U0_clk_gate_grp_wld_6_7_Pipeline_VITIS_LOOP_5396_1_fu_41_v2312_reg_139_reg       3.9900     0.0      0.0000       3.9900 0.0000 SNPS_CLOCK_GATE_HIGH_tinytpu_isa_wld_6_7_1
wld_6_7_U0_clk_gate_v2295_reg_69_reg       3.9900     0.0      0.0000       3.9900  0.0000  SNPS_CLOCK_GATE_HIGH_tinytpu_isa_wld_6_7_0
wld_7_0_U0_clk_gate_grp_wld_7_0_Pipeline_VITIS_LOOP_5466_1_fu_53_icmp_ln5466_reg_130_reg       3.9900     0.0      0.0000       3.9900 0.0000 SNPS_CLOCK_GATE_HIGH_tinytpu_isa_wld_7_0_2
wld_7_0_U0_clk_gate_grp_wld_7_0_Pipeline_VITIS_LOOP_5466_1_fu_53_v2331_fu_48_reg       3.9900     0.0      0.0000       3.9900 0.0000 SNPS_CLOCK_GATE_HIGH_tinytpu_isa_wld_7_0_1
wld_7_0_U0_clk_gate_grp_wld_7_0_Pipeline_VITIS_LOOP_5466_1_fu_53_v2341_reg_139_reg       3.9900     0.0      0.0000       3.9900 0.0000 SNPS_CLOCK_GATE_HIGH_tinytpu_isa_wld_7_0_3
wld_7_0_U0_clk_gate_v2322_reg_83_reg       3.9900     0.0      0.0000       3.9900  0.0000  SNPS_CLOCK_GATE_HIGH_tinytpu_isa_wld_7_0_0
wld_7_1_U0_clk_gate_grp_wld_7_1_Pipeline_VITIS_LOOP_5540_1_fu_53_icmp_ln5540_reg_142_reg       3.9900     0.0      0.0000       3.9900 0.0000 SNPS_CLOCK_GATE_HIGH_tinytpu_isa_wld_7_1_2
wld_7_1_U0_clk_gate_grp_wld_7_1_Pipeline_VITIS_LOOP_5540_1_fu_53_v2360_fu_54_reg       3.9900     0.0      0.0000       3.9900 0.0000 SNPS_CLOCK_GATE_HIGH_tinytpu_isa_wld_7_1_1
wld_7_1_U0_clk_gate_grp_wld_7_1_Pipeline_VITIS_LOOP_5540_1_fu_53_v2370_reg_151_reg       3.9900     0.0      0.0000       3.9900 0.0000 SNPS_CLOCK_GATE_HIGH_tinytpu_isa_wld_7_1_3
wld_7_1_U0_clk_gate_v2351_reg_83_reg       3.9900     0.0      0.0000       3.9900  0.0000  SNPS_CLOCK_GATE_HIGH_tinytpu_isa_wld_7_1_0
wld_7_2_U0_clk_gate_grp_wld_7_2_Pipeline_VITIS_LOOP_5614_1_fu_53_icmp_ln5614_reg_142_reg       3.9900     0.0      0.0000       3.9900 0.0000 SNPS_CLOCK_GATE_HIGH_tinytpu_isa_wld_7_2_2
wld_7_2_U0_clk_gate_grp_wld_7_2_Pipeline_VITIS_LOOP_5614_1_fu_53_v2389_fu_54_reg       3.9900     0.0      0.0000       3.9900 0.0000 SNPS_CLOCK_GATE_HIGH_tinytpu_isa_wld_7_2_1
wld_7_2_U0_clk_gate_grp_wld_7_2_Pipeline_VITIS_LOOP_5614_1_fu_53_v2399_reg_151_reg       3.9900     0.0      0.0000       3.9900 0.0000 SNPS_CLOCK_GATE_HIGH_tinytpu_isa_wld_7_2_3
wld_7_2_U0_clk_gate_v2380_reg_83_reg       3.9900     0.0      0.0000       3.9900  0.0000  SNPS_CLOCK_GATE_HIGH_tinytpu_isa_wld_7_2_0
wld_7_3_U0_clk_gate_grp_wld_7_3_Pipeline_VITIS_LOOP_5688_1_fu_53_icmp_ln5688_reg_142_reg       3.9900     0.0      0.0000       3.9900 0.0000 SNPS_CLOCK_GATE_HIGH_tinytpu_isa_wld_7_3_2
wld_7_3_U0_clk_gate_grp_wld_7_3_Pipeline_VITIS_LOOP_5688_1_fu_53_v2418_fu_54_reg       3.9900     0.0      0.0000       3.9900 0.0000 SNPS_CLOCK_GATE_HIGH_tinytpu_isa_wld_7_3_1
wld_7_3_U0_clk_gate_grp_wld_7_3_Pipeline_VITIS_LOOP_5688_1_fu_53_v2428_reg_151_reg       3.9900     0.0      0.0000       3.9900 0.0000 SNPS_CLOCK_GATE_HIGH_tinytpu_isa_wld_7_3_3
wld_7_3_U0_clk_gate_v2409_reg_83_reg       3.9900     0.0      0.0000       3.9900  0.0000  SNPS_CLOCK_GATE_HIGH_tinytpu_isa_wld_7_3_0
wld_7_4_U0_clk_gate_grp_wld_7_4_Pipeline_VITIS_LOOP_5762_1_fu_53_icmp_ln5762_reg_142_reg       3.9900     0.0      0.0000       3.9900 0.0000 SNPS_CLOCK_GATE_HIGH_tinytpu_isa_wld_7_4_2
wld_7_4_U0_clk_gate_grp_wld_7_4_Pipeline_VITIS_LOOP_5762_1_fu_53_v2447_fu_54_reg       3.9900     0.0      0.0000       3.9900 0.0000 SNPS_CLOCK_GATE_HIGH_tinytpu_isa_wld_7_4_1
wld_7_4_U0_clk_gate_grp_wld_7_4_Pipeline_VITIS_LOOP_5762_1_fu_53_v2457_reg_151_reg       3.9900     0.0      0.0000       3.9900 0.0000 SNPS_CLOCK_GATE_HIGH_tinytpu_isa_wld_7_4_3
wld_7_4_U0_clk_gate_v2438_reg_83_reg       3.9900     0.0      0.0000       3.9900  0.0000  SNPS_CLOCK_GATE_HIGH_tinytpu_isa_wld_7_4_0
wld_7_5_U0_clk_gate_grp_wld_7_5_Pipeline_VITIS_LOOP_5836_1_fu_53_icmp_ln5836_reg_142_reg       3.9900     0.0      0.0000       3.9900 0.0000 SNPS_CLOCK_GATE_HIGH_tinytpu_isa_wld_7_5_2
wld_7_5_U0_clk_gate_grp_wld_7_5_Pipeline_VITIS_LOOP_5836_1_fu_53_v2476_fu_54_reg       3.9900     0.0      0.0000       3.9900 0.0000 SNPS_CLOCK_GATE_HIGH_tinytpu_isa_wld_7_5_1
wld_7_5_U0_clk_gate_grp_wld_7_5_Pipeline_VITIS_LOOP_5836_1_fu_53_v2486_reg_151_reg       3.9900     0.0      0.0000       3.9900 0.0000 SNPS_CLOCK_GATE_HIGH_tinytpu_isa_wld_7_5_3
wld_7_5_U0_clk_gate_v2467_reg_83_reg       3.9900     0.0      0.0000       3.9900  0.0000  SNPS_CLOCK_GATE_HIGH_tinytpu_isa_wld_7_5_0
wld_7_6_U0_clk_gate_grp_wld_7_6_Pipeline_VITIS_LOOP_5910_1_fu_53_icmp_ln5910_reg_142_reg       3.9900     0.0      0.0000       3.9900 0.0000 SNPS_CLOCK_GATE_HIGH_tinytpu_isa_wld_7_6_2
wld_7_6_U0_clk_gate_grp_wld_7_6_Pipeline_VITIS_LOOP_5910_1_fu_53_v2505_fu_54_reg       3.9900     0.0      0.0000       3.9900 0.0000 SNPS_CLOCK_GATE_HIGH_tinytpu_isa_wld_7_6_1
wld_7_6_U0_clk_gate_grp_wld_7_6_Pipeline_VITIS_LOOP_5910_1_fu_53_v2515_reg_151_reg       3.9900     0.0      0.0000       3.9900 0.0000 SNPS_CLOCK_GATE_HIGH_tinytpu_isa_wld_7_6_3
wld_7_6_U0_clk_gate_v2496_reg_83_reg       3.9900     0.0      0.0000       3.9900  0.0000  SNPS_CLOCK_GATE_HIGH_tinytpu_isa_wld_7_6_0
wld_7_7_U0_clk_gate_grp_wld_7_7_Pipeline_VITIS_LOOP_5981_1_fu_41_icmp_ln5981_reg_130_reg       3.9900     0.0      0.0000       3.9900 0.0000 SNPS_CLOCK_GATE_HIGH_tinytpu_isa_wld_7_7_2
wld_7_7_U0_clk_gate_grp_wld_7_7_Pipeline_VITIS_LOOP_5981_1_fu_41_v2532_fu_50_reg       3.9900     0.0      0.0000       3.9900 0.0000 SNPS_CLOCK_GATE_HIGH_tinytpu_isa_wld_7_7_3
wld_7_7_U0_clk_gate_grp_wld_7_7_Pipeline_VITIS_LOOP_5981_1_fu_41_v2540_reg_139_reg       3.9900     0.0      0.0000       3.9900 0.0000 SNPS_CLOCK_GATE_HIGH_tinytpu_isa_wld_7_7_1
wld_7_7_U0_clk_gate_v2523_reg_69_reg       3.9900     0.0      0.0000       3.9900  0.0000  SNPS_CLOCK_GATE_HIGH_tinytpu_isa_wld_7_7_0
--------------------------------  ------------  -------  -----------  ------------  ------  -----------------------------------------------------------------------------------------------------------------------------------------------------------------------------------------------------------------------------------------------------------------------------------------------------------------------------------------------------------------------------------------------------------------------------------------
Total                                                    463055.2033  1809516.8049  0.0000

1
