

================================================================
== Synthesis Summary Report of 'tinytpu_ws'
================================================================
+ General Information: 
    * Date:           Wed Sep  9 14:32:25 2026
    * Version:        2023.2 (Build 4023990 on Oct 11 2023)
    * Project:        out.prj
    * Solution:       solution1 (Vivado IP Flow Target)
    * Product family: virtexuplusHBM
    * Target device:  xcu280-fsvh2892-2L-e
    

+ Performance & Resource Estimates: 
    
    PS: '+' for module; 'o' for loop; '*' for dataflow
    +------------------------------------------------------------+--------+-------+---------+-----------+----------+---------+------+----------+----------+----------+-------------+------------+-----+
    |                           Modules                          |  Issue |       | Latency |  Latency  | Iteration|         | Trip |          |          |          |             |            |     |
    |                           & Loops                          |  Type  | Slack | (cycles)|    (ns)   |  Latency | Interval| Count| Pipelined|   BRAM   |    DSP   |      FF     |     LUT    | URAM|
    +------------------------------------------------------------+--------+-------+---------+-----------+----------+---------+------+----------+----------+----------+-------------+------------+-----+
    |+ tinytpu_ws*                                               |  Timing|  -0.17|     1020|  3.397e+03|         -|      330|     -|  dataflow|  27 (~0%)|  192 (2%)|  18331 (~0%)|  39184 (3%)|    -|
    | + entry_proc                                               |       -|   1.22|        0|      0.000|         -|        0|     -|        no|         -|         -|      2 (~0%)|    20 (~0%)|    -|
    | + load_buf0_1                                              |  Timing|  -0.00|       74|    246.420|         -|       64|     -|    rewind|         -|         -|    443 (~0%)|   241 (~0%)|    -|
    |  o l_S_load_buf0_load_buf0_l_0                             |       -|   2.43|       73|    243.090|        11|        1|    64|       yes|         -|         -|            -|           -|    -|
    | + load_buf1_1                                              |  Timing|  -0.00|      266|    885.780|         -|      256|     -|    rewind|         -|         -|    370 (~0%)|   287 (~0%)|    -|
    |  o l_S_load_buf1_load_buf1_l_0_l_load_buf1_l_1             |       -|   2.43|      265|    882.450|        11|        1|   256|       yes|         -|         -|            -|           -|    -|
    | + load_buf2_1                                              |  Timing|  -0.00|      266|    885.780|         -|      256|     -|    rewind|         -|         -|    370 (~0%)|   287 (~0%)|    -|
    |  o l_S_load_buf2_load_buf2_l_0_l_load_buf2_l_1             |       -|   2.43|      265|    882.450|        11|        1|   256|       yes|         -|         -|            -|           -|    -|
    | + sequencer_0                                              |       -|   0.54|       34|    113.220|         -|       34|     -|        no|         -|         -|     16 (~0%)|   181 (~0%)|    -|
    |  o l_S_c_0_c                                               |      II|   2.43|       32|    106.560|         3|        2|    16|       yes|         -|         -|            -|           -|    -|
    | + wloader_0                                                |       -|   0.35|       69|    229.770|         -|       69|     -|        no|         -|         -|     93 (~0%)|   488 (~0%)|    -|
    |  o l_S_c_0_c1                                              |      II|   2.43|       67|    223.110|         8|        4|    16|       yes|         -|         -|            -|           -|    -|
    | + loader_0                                                 |       -|   0.45|      259|    862.470|         -|      259|     -|        no|         -|         -|    293 (~0%)|  1163 (~0%)|    -|
    |  o l_S_c_0_c2                                              |      II|   2.43|      257|    855.810|        18|       16|    16|       yes|         -|         -|            -|           -|    -|
    | + pe_0_0                                                   |       -|   0.88|      263|    875.790|         -|      263|     -|        no|         -|         -|    382 (~0%)|  1033 (~0%)|    -|
    |  o l_S_c_0_c3                                              |      II|   2.43|      261|    869.130|        22|       16|    16|       yes|         -|         -|            -|           -|    -|
    | + pe_0_1                                                   |       -|   0.88|      263|    875.790|         -|      263|     -|        no|         -|         -|    383 (~0%)|  1042 (~0%)|    -|
    |  o l_S_c_0_c4                                              |      II|   2.43|      261|    869.130|        22|       16|    16|       yes|         -|         -|            -|           -|    -|
    | + pe_1_0                                                   |       -|   0.27|      263|    875.790|         -|      263|     -|        no|         -|  16 (~0%)|    302 (~0%)|   396 (~0%)|    -|
    |  o l_S_c_0_c7                                              |      II|   2.43|      261|    869.130|        22|       16|    16|       yes|         -|         -|            -|           -|    -|
    | + pe_0_2                                                   |       -|   0.88|      263|    875.790|         -|      263|     -|        no|         -|         -|    383 (~0%)|  1042 (~0%)|    -|
    |  o l_S_c_0_c5                                              |      II|   2.43|      261|    869.130|        22|       16|    16|       yes|         -|         -|            -|           -|    -|
    | + pe_1_1                                                   |       -|   0.27|      263|    875.790|         -|      263|     -|        no|         -|  16 (~0%)|    302 (~0%)|   396 (~0%)|    -|
    |  o l_S_c_0_c8                                              |      II|   2.43|      261|    869.130|        22|       16|    16|       yes|         -|         -|            -|           -|    -|
    | + pe_2_0                                                   |       -|   0.27|      262|    872.460|         -|      262|     -|        no|         -|  16 (~0%)|    215 (~0%)|   380 (~0%)|    -|
    |  o l_S_c_0_c11                                             |      II|   2.43|      260|    865.800|        21|       16|    16|       yes|         -|         -|            -|           -|    -|
    | + pe_0_3                                                   |       -|   0.88|      263|    875.790|         -|      263|     -|        no|         -|         -|    367 (~0%)|   994 (~0%)|    -|
    |  o l_S_c_0_c6                                              |      II|   2.43|      261|    869.130|        22|       16|    16|       yes|         -|         -|            -|           -|    -|
    | + pe_1_2                                                   |       -|   0.27|      263|    875.790|         -|      263|     -|        no|         -|  16 (~0%)|    303 (~0%)|   405 (~0%)|    -|
    |  o l_S_c_0_c9                                              |      II|   2.43|      261|    869.130|        22|       16|    16|       yes|         -|         -|            -|           -|    -|
    | + pe_2_1                                                   |       -|   0.27|      262|    872.460|         -|      262|     -|        no|         -|  16 (~0%)|    214 (~0%)|   371 (~0%)|    -|
    |  o l_S_c_0_c12                                             |      II|   2.43|      260|    865.800|        21|       16|    16|       yes|         -|         -|            -|           -|    -|
    | + pe_3_0                                                   |       -|   0.27|      261|    869.130|         -|      261|     -|        no|         -|  16 (~0%)|    207 (~0%)|   369 (~0%)|    -|
    |  o l_S_c_0_c15                                             |      II|   2.43|      259|    862.470|        20|       16|    16|       yes|         -|         -|            -|           -|    -|
    | + pe_1_3                                                   |       -|   0.27|      263|    875.790|         -|      263|     -|        no|         -|  16 (~0%)|    271 (~0%)|   357 (~0%)|    -|
    |  o l_S_c_0_c10                                             |      II|   2.43|      261|    869.130|        22|       16|    16|       yes|         -|         -|            -|           -|    -|
    | + pe_2_2                                                   |       -|   0.27|      262|    872.460|         -|      262|     -|        no|         -|  16 (~0%)|    214 (~0%)|   371 (~0%)|    -|
    |  o l_S_c_0_c13                                             |      II|   2.43|      260|    865.800|        21|       16|    16|       yes|         -|         -|            -|           -|    -|
    | + pe_3_1                                                   |       -|   0.27|      261|    869.130|         -|      261|     -|        no|         -|  16 (~0%)|    207 (~0%)|   369 (~0%)|    -|
    |  o l_S_c_0_c16                                             |      II|   2.43|      259|    862.470|        20|       16|    16|       yes|         -|         -|            -|           -|    -|
    | + pe_2_3                                                   |       -|   0.27|      262|    872.460|         -|      262|     -|        no|         -|  16 (~0%)|    191 (~0%)|   343 (~0%)|    -|
    |  o l_S_c_0_c14                                             |      II|   2.43|      260|    865.800|        21|       16|    16|       yes|         -|         -|            -|           -|    -|
    | + pe_3_2                                                   |       -|   0.27|      261|    869.130|         -|      261|     -|        no|         -|  16 (~0%)|    206 (~0%)|   360 (~0%)|    -|
    |  o l_S_c_0_c17                                             |      II|   2.43|      259|    862.470|        20|       16|    16|       yes|         -|         -|            -|           -|    -|
    | + pe_3_3                                                   |       -|   0.27|      261|    869.130|         -|      261|     -|        no|         -|  16 (~0%)|    174 (~0%)|   323 (~0%)|    -|
    |  o l_S_c_0_c18                                             |      II|   2.43|      259|    862.470|        20|       16|    16|       yes|         -|         -|            -|           -|    -|
    | + drainer_0                                                |  Timing|  -0.17|      329|  1.096e+03|         -|      329|     -|        no|         -|         -|   5365 (~0%)|  18969 (1%)|    -|
    |  + drainer_0_Pipeline_VITIS_LOOP_1028_1_VITIS_LOOP_1029_2  |  Timing|  -0.17|       66|    219.780|         -|       66|     -|        no|         -|         -|     17 (~0%)|   134 (~0%)|    -|
    |   o VITIS_LOOP_1028_1_VITIS_LOOP_1029_2                    |       -|   2.43|       64|    213.120|         1|        1|    64|       yes|         -|         -|            -|           -|    -|
    |  + drainer_0_Pipeline_l_S_c_0_c19                          |       -|   0.35|      260|    865.800|         -|      260|     -|        no|         -|         -|   5213 (~0%)|  18325 (1%)|    -|
    |   o l_S_c_0_c19                                            |      II|   2.43|      258|    859.140|        19|       16|    16|       yes|         -|         -|            -|           -|    -|
    | + store_res3_1                                             |  Timing|  -0.00|      264|    879.120|         -|      256|     -|    rewind|         -|         -|    453 (~0%)|   371 (~0%)|    -|
    |  o l_S_store_res3_store_res3_l_0_l_store_res3_l_1          |       -|   2.43|      263|    875.790|         9|        1|   256|       yes|         -|         -|            -|           -|    -|
    +------------------------------------------------------------+--------+-------+---------+-----------+----------+---------+------+----------+----------+----------+-------------+------------+-----+


================================================================
== HW Interfaces
================================================================
* M_AXI
+-------------+------------+---------------+---------+--------+----------+-----------+--------------+--------------+-------------+-------------+-------------------+
| Interface   | Data Width | Address Width | Latency | Offset | Register | Max Widen | Max Read     | Max Write    | Num Read    | Num Write   | Resource Estimate |
|             | (SW->HW)   |               |         |        |          | Bitwidth  | Burst Length | Burst Length | Outstanding | Outstanding |                   |
+-------------+------------+---------------+---------+--------+----------+-----------+--------------+--------------+-------------+-------------+-------------------+
| m_axi_gmem0 | 32 -> 32   | 64            | 0       | slave  | 0        | 0         | 16           | 16           | 16          | 16          | BRAM=2            |
| m_axi_gmem1 | 8 -> 8     | 64            | 0       | slave  | 0        | 0         | 16           | 16           | 16          | 16          | BRAM=2            |
| m_axi_gmem2 | 8 -> 8     | 64            | 0       | slave  | 0        | 0         | 16           | 16           | 16          | 16          | BRAM=2            |
| m_axi_gmem3 | 8 -> 8     | 64            | 0       | slave  | 0        | 0         | 16           | 16           | 16          | 16          | BRAM=2            |
+-------------+------------+---------------+---------+--------+----------+-----------+--------------+--------------+-------------+-------------+-------------------+

* S_AXILITE Interfaces
+---------------+------------+---------------+--------+----------+
| Interface     | Data Width | Address Width | Offset | Register |
+---------------+------------+---------------+--------+----------+
| s_axi_control | 32         | 6             | 16     | 0        |
+---------------+------------+---------------+--------+----------+

* S_AXILITE Registers
+---------------+----------+--------+-------+--------+---------------------+
| Interface     | Register | Offset | Width | Access | Description         |
+---------------+----------+--------+-------+--------+---------------------+
| s_axi_control | v842_1   | 0x10   | 32    | W      | Data signal of v842 |
| s_axi_control | v842_2   | 0x14   | 32    | W      | Data signal of v842 |
| s_axi_control | v843_1   | 0x1c   | 32    | W      | Data signal of v843 |
| s_axi_control | v843_2   | 0x20   | 32    | W      | Data signal of v843 |
| s_axi_control | v844_1   | 0x28   | 32    | W      | Data signal of v844 |
| s_axi_control | v844_2   | 0x2c   | 32    | W      | Data signal of v844 |
| s_axi_control | v845_1   | 0x34   | 32    | W      | Data signal of v845 |
| s_axi_control | v845_2   | 0x38   | 32    | W      | Data signal of v845 |
+---------------+----------+--------+-------+--------+---------------------+

* TOP LEVEL CONTROL
+-----------+------------+-----------------------------------+
| Interface | Type       | Ports                             |
+-----------+------------+-----------------------------------+
| ap_clk    | clock      | ap_clk                            |
| ap_rst_n  | reset      | ap_rst_n                          |
| ap_ctrl   | ap_ctrl_hs | ap_done ap_idle ap_ready ap_start |
+-----------+------------+-----------------------------------+


================================================================
== SW I/O Information
================================================================
* Top Function Arguments
+----------+-----------+--------------+
| Argument | Direction | Datatype     |
+----------+-----------+--------------+
| v842     | in        | int*         |
| v843     | in        | signed char* |
| v844     | in        | signed char* |
| v845     | out       | signed char* |
+----------+-----------+--------------+

* SW-to-HW Mapping
+----------+---------------+-----------+----------+----------------------------------+
| Argument | HW Interface  | HW Type   | HW Usage | HW Info                          |
+----------+---------------+-----------+----------+----------------------------------+
| v842     | m_axi_gmem0   | interface |          |                                  |
| v842     | s_axi_control | register  | offset   | name=v842_1 offset=0x10 range=32 |
| v842     | s_axi_control | register  | offset   | name=v842_2 offset=0x14 range=32 |
| v843     | m_axi_gmem1   | interface |          |                                  |
| v843     | s_axi_control | register  | offset   | name=v843_1 offset=0x1c range=32 |
| v843     | s_axi_control | register  | offset   | name=v843_2 offset=0x20 range=32 |
| v844     | m_axi_gmem2   | interface |          |                                  |
| v844     | s_axi_control | register  | offset   | name=v844_1 offset=0x28 range=32 |
| v844     | s_axi_control | register  | offset   | name=v844_2 offset=0x2c range=32 |
| v845     | m_axi_gmem3   | interface |          |                                  |
| v845     | s_axi_control | register  | offset   | name=v845_1 offset=0x34 range=32 |
| v845     | s_axi_control | register  | offset   | name=v845_2 offset=0x38 range=32 |
+----------+---------------+-----------+----------+----------------------------------+


================================================================
== M_AXI Burst Information
================================================================
 Note: All burst requests might be further partitioned into multiple requests during RTL generation based on max_read_burst_length or max_write_burst_length settings.

* Inferred Burst Summary
+--------------+-----------+--------+-------+-------------------------------+--------------------+
| HW Interface | Direction | Length | Width | Loop                          | Loop Location      |
+--------------+-----------+--------+-------+-------------------------------+--------------------+
| m_axi_gmem0  | read      | 64     | 32    | l_S_load_buf0_load_buf0_l_0   | kernel.cpp:1277:32 |
| m_axi_gmem1  | read      | 256    | 8     | l_S_load_buf1_load_buf1_l_0   | kernel.cpp:1290:31 |
| m_axi_gmem2  | read      | 256    | 8     | l_S_load_buf2_load_buf2_l_0   | kernel.cpp:1305:31 |
| m_axi_gmem3  | write     | 256    | 8     | l_S_store_res3_store_res3_l_0 | kernel.cpp:1320:33 |
+--------------+-----------+--------+-------+-------------------------------+--------------------+

* All M_AXI Variable Accesses
+--------------+----------+--------------------+-----------+--------------+--------+-------------------------------+--------------------+------------+-------------------------------------------------------------------------------------------------------+
| HW Interface | Variable | Access Location    | Direction | Burst Status | Length | Loop                          | Loop Location      | Resolution | Problem                                                                                               |
+--------------+----------+--------------------+-----------+--------------+--------+-------------------------------+--------------------+------------+-------------------------------------------------------------------------------------------------------+
| m_axi_gmem0  | v823     | kernel.cpp:1279:17 | read      | Widen Fail   |        | l_S_load_buf0_load_buf0_l_0   | kernel.cpp:1277:32 | 214-353    | Could not widen since type i32 size is greater than or equal to the max_widen_bitwidth threshold of 0 |
| m_axi_gmem0  | v823     | kernel.cpp:1279:17 | read      | Inferred     | 64     | l_S_load_buf0_load_buf0_l_0   | kernel.cpp:1277:32 |            |                                                                                                       |
| m_axi_gmem1  | v827     | kernel.cpp:1293:16 | read      | Widen Fail   |        | l_load_buf1_l_1               | kernel.cpp:1291:22 | 214-353    | Could not widen since type i8 size is greater than or equal to the max_widen_bitwidth threshold of 0  |
| m_axi_gmem1  | v827     | kernel.cpp:1293:16 | read      | Inferred     | 256    | l_S_load_buf1_load_buf1_l_0   | kernel.cpp:1290:31 |            |                                                                                                       |
| m_axi_gmem2  | v832     | kernel.cpp:1293:16 | read      | Inferred     | 256    | l_S_load_buf2_load_buf2_l_0   | kernel.cpp:1305:31 |            |                                                                                                       |
| m_axi_gmem2  | v832     | kernel.cpp:1308:16 | read      | Widen Fail   |        | l_load_buf2_l_1               | kernel.cpp:1306:22 | 214-353    | Could not widen since type i8 size is greater than or equal to the max_widen_bitwidth threshold of 0  |
| m_axi_gmem3  | v838     | kernel.cpp:1324:54 | write     | Widen Fail   |        | l_store_res3_l_1              | kernel.cpp:1321:23 | 214-353    | Could not widen since type i8 size is greater than or equal to the max_widen_bitwidth threshold of 0  |
| m_axi_gmem3  | v838     | kernel.cpp:1324:54 | write     | Inferred     | 256    | l_S_store_res3_store_res3_l_0 | kernel.cpp:1320:33 |            |                                                                                                       |
+--------------+----------+--------------------+-----------+--------------+--------+-------------------------------+--------------------+------------+-------------------------------------------------------------------------------------------------------+

    * Resolution URL: docs.xilinx.com/access/sources/dita/topic?Doc_Version=2023.2%20English&url=ug1448-hls-guidance&resourceid=XXX-YYY.html (replace XXX-YYY with column value)

================================================================
== Bind Op Report
================================================================
+------------------------------------------------------------+-----+--------+----------------+-----+-----------+---------+
| Name                                                       | DSP | Pragma | Variable       | Op  | Impl      | Latency |
+------------------------------------------------------------+-----+--------+----------------+-----+-----------+---------+
| + tinytpu_ws                                               | 192 |        |                |     |           |         |
|  + load_buf0_1                                             | 0   |        |                |     |           |         |
|    load_buf0_l_0_fu_162_p2                                 |     |        | load_buf0_l_0  | add | fabric    | 0       |
|  + load_buf1_1                                             | 0   |        |                |     |           |         |
|    add_ln1290_fu_272_p2                                    |     |        | add_ln1290     | add | fabric    | 0       |
|    add_ln1290_1_fu_248_p2                                  |     |        | add_ln1290_1   | add | fabric    | 0       |
|    load_buf1_l_1_fu_328_p2                                 |     |        | load_buf1_l_1  | add | fabric    | 0       |
|  + load_buf2_1                                             | 0   |        |                |     |           |         |
|    add_ln1305_fu_272_p2                                    |     |        | add_ln1305     | add | fabric    | 0       |
|    add_ln1305_1_fu_248_p2                                  |     |        | add_ln1305_1   | add | fabric    | 0       |
|    load_buf2_l_1_fu_328_p2                                 |     |        | load_buf2_l_1  | add | fabric    | 0       |
|  + sequencer_0                                             | 0   |        |                |     |           |         |
|    add_ln26_fu_124_p2                                      |     |        | add_ln26       | add | fabric    | 0       |
|  + wloader_0                                               | 0   |        |                |     |           |         |
|    c1_2_fu_310_p2                                          |     |        | c1_2           | add | fabric    | 0       |
|    add_ln82_fu_349_p2                                      |     |        | add_ln82       | add | fabric    | 0       |
|    v38_1_fu_362_p2                                         |     |        | v38_1          | add | fabric    | 0       |
|    add_ln82_1_fu_376_p2                                    |     |        | add_ln82_1     | add | fabric    | 0       |
|    v38_2_fu_389_p2                                         |     |        | v38_2          | add | fabric    | 0       |
|    add_ln82_2_fu_402_p2                                    |     |        | add_ln82_2     | add | fabric    | 0       |
|    v38_3_fu_415_p2                                         |     |        | v38_3          | add | fabric    | 0       |
|    add_ln82_3_fu_428_p2                                    |     |        | add_ln82_3     | add | fabric    | 0       |
|  + loader_0                                                | 0   |        |                |     |           |         |
|    c2_2_fu_758_p2                                          |     |        | c2_2           | add | fabric    | 0       |
|    add_ln161_fu_794_p2                                     |     |        | add_ln161      | add | fabric    | 0       |
|    add_ln161_1_fu_807_p2                                   |     |        | add_ln161_1    | add | fabric    | 0       |
|    add_ln161_2_fu_820_p2                                   |     |        | add_ln161_2    | add | fabric    | 0       |
|    add_ln161_3_fu_833_p2                                   |     |        | add_ln161_3    | add | fabric    | 0       |
|    add_ln161_4_fu_846_p2                                   |     |        | add_ln161_4    | add | fabric    | 0       |
|    add_ln161_5_fu_859_p2                                   |     |        | add_ln161_5    | add | fabric    | 0       |
|    add_ln161_6_fu_872_p2                                   |     |        | add_ln161_6    | add | fabric    | 0       |
|    add_ln161_7_fu_885_p2                                   |     |        | add_ln161_7    | add | fabric    | 0       |
|    add_ln161_8_fu_898_p2                                   |     |        | add_ln161_8    | add | fabric    | 0       |
|    add_ln161_9_fu_911_p2                                   |     |        | add_ln161_9    | add | fabric    | 0       |
|    add_ln161_10_fu_924_p2                                  |     |        | add_ln161_10   | add | fabric    | 0       |
|    add_ln161_11_fu_937_p2                                  |     |        | add_ln161_11   | add | fabric    | 0       |
|    add_ln161_12_fu_950_p2                                  |     |        | add_ln161_12   | add | fabric    | 0       |
|    add_ln161_13_fu_963_p2                                  |     |        | add_ln161_13   | add | fabric    | 0       |
|  + pe_0_0                                                  | 0   |        |                |     |           |         |
|    c3_2_fu_120_p2                                          |     |        | c3_2           | add | fabric    | 0       |
|    mul_8s_8s_16_1_1_U40                                    |     |        | v158           | mul | auto      | 0       |
|    mul_8s_8s_16_1_1_U41                                    |     |        | v158_1         | mul | auto      | 0       |
|    mul_8s_8s_16_1_1_U42                                    |     |        | v158_2         | mul | auto      | 0       |
|    mul_8s_8s_16_1_1_U43                                    |     |        | v158_3         | mul | auto      | 0       |
|    mul_8s_8s_16_1_1_U44                                    |     |        | v158_4         | mul | auto      | 0       |
|    mul_8s_8s_16_1_1_U45                                    |     |        | v158_5         | mul | auto      | 0       |
|    mul_8s_8s_16_1_1_U46                                    |     |        | v158_6         | mul | auto      | 0       |
|    mul_8s_8s_16_1_1_U47                                    |     |        | v158_7         | mul | auto      | 0       |
|    mul_8s_8s_16_1_1_U48                                    |     |        | v158_8         | mul | auto      | 0       |
|    mul_8s_8s_16_1_1_U49                                    |     |        | v158_9         | mul | auto      | 0       |
|    mul_8s_8s_16_1_1_U50                                    |     |        | v158_10        | mul | auto      | 0       |
|    mul_8s_8s_16_1_1_U51                                    |     |        | v158_11        | mul | auto      | 0       |
|    mul_8s_8s_16_1_1_U52                                    |     |        | v158_12        | mul | auto      | 0       |
|    mul_8s_8s_16_1_1_U53                                    |     |        | v158_13        | mul | auto      | 0       |
|    mul_8s_8s_16_1_1_U54                                    |     |        | v158_14        | mul | auto      | 0       |
|    mul_8s_8s_16_1_1_U55                                    |     |        | v158_15        | mul | auto      | 0       |
|  + pe_0_1                                                  | 0   |        |                |     |           |         |
|    c4_2_fu_120_p2                                          |     |        | c4_2           | add | fabric    | 0       |
|    mul_8s_8s_16_1_1_U62                                    |     |        | v192           | mul | auto      | 0       |
|    mul_8s_8s_16_1_1_U63                                    |     |        | v192_1         | mul | auto      | 0       |
|    mul_8s_8s_16_1_1_U64                                    |     |        | v192_2         | mul | auto      | 0       |
|    mul_8s_8s_16_1_1_U65                                    |     |        | v192_3         | mul | auto      | 0       |
|    mul_8s_8s_16_1_1_U66                                    |     |        | v192_4         | mul | auto      | 0       |
|    mul_8s_8s_16_1_1_U67                                    |     |        | v192_5         | mul | auto      | 0       |
|    mul_8s_8s_16_1_1_U68                                    |     |        | v192_6         | mul | auto      | 0       |
|    mul_8s_8s_16_1_1_U69                                    |     |        | v192_7         | mul | auto      | 0       |
|    mul_8s_8s_16_1_1_U70                                    |     |        | v192_8         | mul | auto      | 0       |
|    mul_8s_8s_16_1_1_U71                                    |     |        | v192_9         | mul | auto      | 0       |
|    mul_8s_8s_16_1_1_U72                                    |     |        | v192_10        | mul | auto      | 0       |
|    mul_8s_8s_16_1_1_U73                                    |     |        | v192_11        | mul | auto      | 0       |
|    mul_8s_8s_16_1_1_U74                                    |     |        | v192_12        | mul | auto      | 0       |
|    mul_8s_8s_16_1_1_U75                                    |     |        | v192_13        | mul | auto      | 0       |
|    mul_8s_8s_16_1_1_U76                                    |     |        | v192_14        | mul | auto      | 0       |
|    mul_8s_8s_16_1_1_U77                                    |     |        | v192_15        | mul | auto      | 0       |
|  + pe_1_0                                                  | 16  |        |                |     |           |         |
|    c7_2_fu_150_p2                                          |     |        | c7_2           | add | fabric    | 0       |
|    mac_muladd_8s_8s_32s_32_4_1_U124                        | 1   |        | v293           | mul | dsp_slice | 3       |
|    mac_muladd_8s_8s_32s_32_4_1_U124                        | 1   |        | v297           | add | dsp_slice | 3       |
|    mac_muladd_8s_8s_32s_32_4_1_U125                        | 1   |        | v293_1         | mul | dsp_slice | 3       |
|    mac_muladd_8s_8s_32s_32_4_1_U125                        | 1   |        | v297_1         | add | dsp_slice | 3       |
|    mac_muladd_8s_8s_32s_32_4_1_U126                        | 1   |        | v293_2         | mul | dsp_slice | 3       |
|    mac_muladd_8s_8s_32s_32_4_1_U126                        | 1   |        | v297_2         | add | dsp_slice | 3       |
|    mac_muladd_8s_8s_32s_32_4_1_U127                        | 1   |        | v293_3         | mul | dsp_slice | 3       |
|    mac_muladd_8s_8s_32s_32_4_1_U127                        | 1   |        | v297_3         | add | dsp_slice | 3       |
|    mac_muladd_8s_8s_32s_32_4_1_U128                        | 1   |        | v293_4         | mul | dsp_slice | 3       |
|    mac_muladd_8s_8s_32s_32_4_1_U128                        | 1   |        | v297_4         | add | dsp_slice | 3       |
|    mac_muladd_8s_8s_32s_32_4_1_U129                        | 1   |        | v293_5         | mul | dsp_slice | 3       |
|    mac_muladd_8s_8s_32s_32_4_1_U129                        | 1   |        | v297_5         | add | dsp_slice | 3       |
|    mac_muladd_8s_8s_32s_32_4_1_U130                        | 1   |        | v293_6         | mul | dsp_slice | 3       |
|    mac_muladd_8s_8s_32s_32_4_1_U130                        | 1   |        | v297_6         | add | dsp_slice | 3       |
|    mac_muladd_8s_8s_32s_32_4_1_U131                        | 1   |        | v293_7         | mul | dsp_slice | 3       |
|    mac_muladd_8s_8s_32s_32_4_1_U131                        | 1   |        | v297_7         | add | dsp_slice | 3       |
|    mac_muladd_8s_8s_32s_32_4_1_U132                        | 1   |        | v293_8         | mul | dsp_slice | 3       |
|    mac_muladd_8s_8s_32s_32_4_1_U132                        | 1   |        | v297_8         | add | dsp_slice | 3       |
|    mac_muladd_8s_8s_32s_32_4_1_U133                        | 1   |        | v293_9         | mul | dsp_slice | 3       |
|    mac_muladd_8s_8s_32s_32_4_1_U133                        | 1   |        | v297_9         | add | dsp_slice | 3       |
|    mac_muladd_8s_8s_32s_32_4_1_U134                        | 1   |        | v293_10        | mul | dsp_slice | 3       |
|    mac_muladd_8s_8s_32s_32_4_1_U134                        | 1   |        | v297_10        | add | dsp_slice | 3       |
|    mac_muladd_8s_8s_32s_32_4_1_U135                        | 1   |        | v293_11        | mul | dsp_slice | 3       |
|    mac_muladd_8s_8s_32s_32_4_1_U135                        | 1   |        | v297_11        | add | dsp_slice | 3       |
|    mac_muladd_8s_8s_32s_32_4_1_U136                        | 1   |        | v293_12        | mul | dsp_slice | 3       |
|    mac_muladd_8s_8s_32s_32_4_1_U136                        | 1   |        | v297_12        | add | dsp_slice | 3       |
|    mac_muladd_8s_8s_32s_32_4_1_U137                        | 1   |        | v293_13        | mul | dsp_slice | 3       |
|    mac_muladd_8s_8s_32s_32_4_1_U137                        | 1   |        | v297_13        | add | dsp_slice | 3       |
|    mac_muladd_8s_8s_32s_32_4_1_U138                        | 1   |        | v293_14        | mul | dsp_slice | 3       |
|    mac_muladd_8s_8s_32s_32_4_1_U138                        | 1   |        | v297_14        | add | dsp_slice | 3       |
|    mac_muladd_8s_8s_32s_32_4_1_U139                        | 1   |        | v293_15        | mul | dsp_slice | 3       |
|    mac_muladd_8s_8s_32s_32_4_1_U139                        | 1   |        | v297_15        | add | dsp_slice | 3       |
|  + pe_0_2                                                  | 0   |        |                |     |           |         |
|    c5_2_fu_120_p2                                          |     |        | c5_2           | add | fabric    | 0       |
|    mul_8s_8s_16_1_1_U83                                    |     |        | v226           | mul | auto      | 0       |
|    mul_8s_8s_16_1_1_U84                                    |     |        | v226_1         | mul | auto      | 0       |
|    mul_8s_8s_16_1_1_U85                                    |     |        | v226_2         | mul | auto      | 0       |
|    mul_8s_8s_16_1_1_U86                                    |     |        | v226_3         | mul | auto      | 0       |
|    mul_8s_8s_16_1_1_U87                                    |     |        | v226_4         | mul | auto      | 0       |
|    mul_8s_8s_16_1_1_U88                                    |     |        | v226_5         | mul | auto      | 0       |
|    mul_8s_8s_16_1_1_U89                                    |     |        | v226_6         | mul | auto      | 0       |
|    mul_8s_8s_16_1_1_U90                                    |     |        | v226_7         | mul | auto      | 0       |
|    mul_8s_8s_16_1_1_U91                                    |     |        | v226_8         | mul | auto      | 0       |
|    mul_8s_8s_16_1_1_U92                                    |     |        | v226_9         | mul | auto      | 0       |
|    mul_8s_8s_16_1_1_U93                                    |     |        | v226_10        | mul | auto      | 0       |
|    mul_8s_8s_16_1_1_U94                                    |     |        | v226_11        | mul | auto      | 0       |
|    mul_8s_8s_16_1_1_U95                                    |     |        | v226_12        | mul | auto      | 0       |
|    mul_8s_8s_16_1_1_U96                                    |     |        | v226_13        | mul | auto      | 0       |
|    mul_8s_8s_16_1_1_U97                                    |     |        | v226_14        | mul | auto      | 0       |
|    mul_8s_8s_16_1_1_U98                                    |     |        | v226_15        | mul | auto      | 0       |
|  + pe_1_1                                                  | 16  |        |                |     |           |         |
|    c8_2_fu_150_p2                                          |     |        | c8_2           | add | fabric    | 0       |
|    mac_muladd_8s_8s_32s_32_4_1_U147                        | 1   |        | v328           | mul | dsp_slice | 3       |
|    mac_muladd_8s_8s_32s_32_4_1_U147                        | 1   |        | v332           | add | dsp_slice | 3       |
|    mac_muladd_8s_8s_32s_32_4_1_U148                        | 1   |        | v328_1         | mul | dsp_slice | 3       |
|    mac_muladd_8s_8s_32s_32_4_1_U148                        | 1   |        | v332_1         | add | dsp_slice | 3       |
|    mac_muladd_8s_8s_32s_32_4_1_U149                        | 1   |        | v328_2         | mul | dsp_slice | 3       |
|    mac_muladd_8s_8s_32s_32_4_1_U149                        | 1   |        | v332_2         | add | dsp_slice | 3       |
|    mac_muladd_8s_8s_32s_32_4_1_U150                        | 1   |        | v328_3         | mul | dsp_slice | 3       |
|    mac_muladd_8s_8s_32s_32_4_1_U150                        | 1   |        | v332_3         | add | dsp_slice | 3       |
|    mac_muladd_8s_8s_32s_32_4_1_U151                        | 1   |        | v328_4         | mul | dsp_slice | 3       |
|    mac_muladd_8s_8s_32s_32_4_1_U151                        | 1   |        | v332_4         | add | dsp_slice | 3       |
|    mac_muladd_8s_8s_32s_32_4_1_U152                        | 1   |        | v328_5         | mul | dsp_slice | 3       |
|    mac_muladd_8s_8s_32s_32_4_1_U152                        | 1   |        | v332_5         | add | dsp_slice | 3       |
|    mac_muladd_8s_8s_32s_32_4_1_U153                        | 1   |        | v328_6         | mul | dsp_slice | 3       |
|    mac_muladd_8s_8s_32s_32_4_1_U153                        | 1   |        | v332_6         | add | dsp_slice | 3       |
|    mac_muladd_8s_8s_32s_32_4_1_U154                        | 1   |        | v328_7         | mul | dsp_slice | 3       |
|    mac_muladd_8s_8s_32s_32_4_1_U154                        | 1   |        | v332_7         | add | dsp_slice | 3       |
|    mac_muladd_8s_8s_32s_32_4_1_U155                        | 1   |        | v328_8         | mul | dsp_slice | 3       |
|    mac_muladd_8s_8s_32s_32_4_1_U155                        | 1   |        | v332_8         | add | dsp_slice | 3       |
|    mac_muladd_8s_8s_32s_32_4_1_U156                        | 1   |        | v328_9         | mul | dsp_slice | 3       |
|    mac_muladd_8s_8s_32s_32_4_1_U156                        | 1   |        | v332_9         | add | dsp_slice | 3       |
|    mac_muladd_8s_8s_32s_32_4_1_U157                        | 1   |        | v328_10        | mul | dsp_slice | 3       |
|    mac_muladd_8s_8s_32s_32_4_1_U157                        | 1   |        | v332_10        | add | dsp_slice | 3       |
|    mac_muladd_8s_8s_32s_32_4_1_U158                        | 1   |        | v328_11        | mul | dsp_slice | 3       |
|    mac_muladd_8s_8s_32s_32_4_1_U158                        | 1   |        | v332_11        | add | dsp_slice | 3       |
|    mac_muladd_8s_8s_32s_32_4_1_U159                        | 1   |        | v328_12        | mul | dsp_slice | 3       |
|    mac_muladd_8s_8s_32s_32_4_1_U159                        | 1   |        | v332_12        | add | dsp_slice | 3       |
|    mac_muladd_8s_8s_32s_32_4_1_U160                        | 1   |        | v328_13        | mul | dsp_slice | 3       |
|    mac_muladd_8s_8s_32s_32_4_1_U160                        | 1   |        | v332_13        | add | dsp_slice | 3       |
|    mac_muladd_8s_8s_32s_32_4_1_U161                        | 1   |        | v328_14        | mul | dsp_slice | 3       |
|    mac_muladd_8s_8s_32s_32_4_1_U161                        | 1   |        | v332_14        | add | dsp_slice | 3       |
|    mac_muladd_8s_8s_32s_32_4_1_U162                        | 1   |        | v328_15        | mul | dsp_slice | 3       |
|    mac_muladd_8s_8s_32s_32_4_1_U162                        | 1   |        | v332_15        | add | dsp_slice | 3       |
|  + pe_2_0                                                  | 16  |        |                |     |           |         |
|    c11_2_fu_141_p2                                         |     |        | c11_2          | add | fabric    | 0       |
|    mac_muladd_8s_8s_32s_32_4_1_U212                        | 1   |        | v430           | mul | dsp_slice | 3       |
|    mac_muladd_8s_8s_32s_32_4_1_U212                        | 1   |        | v434           | add | dsp_slice | 3       |
|    mac_muladd_8s_8s_32s_32_4_1_U213                        | 1   |        | v430_1         | mul | dsp_slice | 3       |
|    mac_muladd_8s_8s_32s_32_4_1_U213                        | 1   |        | v434_1         | add | dsp_slice | 3       |
|    mac_muladd_8s_8s_32s_32_4_1_U214                        | 1   |        | v430_2         | mul | dsp_slice | 3       |
|    mac_muladd_8s_8s_32s_32_4_1_U214                        | 1   |        | v434_2         | add | dsp_slice | 3       |
|    mac_muladd_8s_8s_32s_32_4_1_U215                        | 1   |        | v430_3         | mul | dsp_slice | 3       |
|    mac_muladd_8s_8s_32s_32_4_1_U215                        | 1   |        | v434_3         | add | dsp_slice | 3       |
|    mac_muladd_8s_8s_32s_32_4_1_U216                        | 1   |        | v430_4         | mul | dsp_slice | 3       |
|    mac_muladd_8s_8s_32s_32_4_1_U216                        | 1   |        | v434_4         | add | dsp_slice | 3       |
|    mac_muladd_8s_8s_32s_32_4_1_U217                        | 1   |        | v430_5         | mul | dsp_slice | 3       |
|    mac_muladd_8s_8s_32s_32_4_1_U217                        | 1   |        | v434_5         | add | dsp_slice | 3       |
|    mac_muladd_8s_8s_32s_32_4_1_U218                        | 1   |        | v430_6         | mul | dsp_slice | 3       |
|    mac_muladd_8s_8s_32s_32_4_1_U218                        | 1   |        | v434_6         | add | dsp_slice | 3       |
|    mac_muladd_8s_8s_32s_32_4_1_U219                        | 1   |        | v430_7         | mul | dsp_slice | 3       |
|    mac_muladd_8s_8s_32s_32_4_1_U219                        | 1   |        | v434_7         | add | dsp_slice | 3       |
|    mac_muladd_8s_8s_32s_32_4_1_U220                        | 1   |        | v430_8         | mul | dsp_slice | 3       |
|    mac_muladd_8s_8s_32s_32_4_1_U220                        | 1   |        | v434_8         | add | dsp_slice | 3       |
|    mac_muladd_8s_8s_32s_32_4_1_U221                        | 1   |        | v430_9         | mul | dsp_slice | 3       |
|    mac_muladd_8s_8s_32s_32_4_1_U221                        | 1   |        | v434_9         | add | dsp_slice | 3       |
|    mac_muladd_8s_8s_32s_32_4_1_U222                        | 1   |        | v430_10        | mul | dsp_slice | 3       |
|    mac_muladd_8s_8s_32s_32_4_1_U222                        | 1   |        | v434_10        | add | dsp_slice | 3       |
|    mac_muladd_8s_8s_32s_32_4_1_U223                        | 1   |        | v430_11        | mul | dsp_slice | 3       |
|    mac_muladd_8s_8s_32s_32_4_1_U223                        | 1   |        | v434_11        | add | dsp_slice | 3       |
|    mac_muladd_8s_8s_32s_32_4_1_U224                        | 1   |        | v430_12        | mul | dsp_slice | 3       |
|    mac_muladd_8s_8s_32s_32_4_1_U224                        | 1   |        | v434_12        | add | dsp_slice | 3       |
|    mac_muladd_8s_8s_32s_32_4_1_U225                        | 1   |        | v430_13        | mul | dsp_slice | 3       |
|    mac_muladd_8s_8s_32s_32_4_1_U225                        | 1   |        | v434_13        | add | dsp_slice | 3       |
|    mac_muladd_8s_8s_32s_32_4_1_U226                        | 1   |        | v430_14        | mul | dsp_slice | 3       |
|    mac_muladd_8s_8s_32s_32_4_1_U226                        | 1   |        | v434_14        | add | dsp_slice | 3       |
|    mac_muladd_8s_8s_32s_32_4_1_U227                        | 1   |        | v430_15        | mul | dsp_slice | 3       |
|    mac_muladd_8s_8s_32s_32_4_1_U227                        | 1   |        | v434_15        | add | dsp_slice | 3       |
|  + pe_0_3                                                  | 0   |        |                |     |           |         |
|    c6_2_fu_102_p2                                          |     |        | c6_2           | add | fabric    | 0       |
|    mul_8s_8s_16_1_1_U104                                   |     |        | v258           | mul | auto      | 0       |
|    mul_8s_8s_16_1_1_U105                                   |     |        | v258_1         | mul | auto      | 0       |
|    mul_8s_8s_16_1_1_U106                                   |     |        | v258_2         | mul | auto      | 0       |
|    mul_8s_8s_16_1_1_U107                                   |     |        | v258_3         | mul | auto      | 0       |
|    mul_8s_8s_16_1_1_U108                                   |     |        | v258_4         | mul | auto      | 0       |
|    mul_8s_8s_16_1_1_U109                                   |     |        | v258_5         | mul | auto      | 0       |
|    mul_8s_8s_16_1_1_U110                                   |     |        | v258_6         | mul | auto      | 0       |
|    mul_8s_8s_16_1_1_U111                                   |     |        | v258_7         | mul | auto      | 0       |
|    mul_8s_8s_16_1_1_U112                                   |     |        | v258_8         | mul | auto      | 0       |
|    mul_8s_8s_16_1_1_U113                                   |     |        | v258_9         | mul | auto      | 0       |
|    mul_8s_8s_16_1_1_U114                                   |     |        | v258_10        | mul | auto      | 0       |
|    mul_8s_8s_16_1_1_U115                                   |     |        | v258_11        | mul | auto      | 0       |
|    mul_8s_8s_16_1_1_U116                                   |     |        | v258_12        | mul | auto      | 0       |
|    mul_8s_8s_16_1_1_U117                                   |     |        | v258_13        | mul | auto      | 0       |
|    mul_8s_8s_16_1_1_U118                                   |     |        | v258_14        | mul | auto      | 0       |
|    mul_8s_8s_16_1_1_U119                                   |     |        | v258_15        | mul | auto      | 0       |
|  + pe_1_2                                                  | 16  |        |                |     |           |         |
|    c9_2_fu_150_p2                                          |     |        | c9_2           | add | fabric    | 0       |
|    mac_muladd_8s_8s_32s_32_4_1_U169                        | 1   |        | v363           | mul | dsp_slice | 3       |
|    mac_muladd_8s_8s_32s_32_4_1_U169                        | 1   |        | v367           | add | dsp_slice | 3       |
|    mac_muladd_8s_8s_32s_32_4_1_U170                        | 1   |        | v363_1         | mul | dsp_slice | 3       |
|    mac_muladd_8s_8s_32s_32_4_1_U170                        | 1   |        | v367_1         | add | dsp_slice | 3       |
|    mac_muladd_8s_8s_32s_32_4_1_U171                        | 1   |        | v363_2         | mul | dsp_slice | 3       |
|    mac_muladd_8s_8s_32s_32_4_1_U171                        | 1   |        | v367_2         | add | dsp_slice | 3       |
|    mac_muladd_8s_8s_32s_32_4_1_U172                        | 1   |        | v363_3         | mul | dsp_slice | 3       |
|    mac_muladd_8s_8s_32s_32_4_1_U172                        | 1   |        | v367_3         | add | dsp_slice | 3       |
|    mac_muladd_8s_8s_32s_32_4_1_U173                        | 1   |        | v363_4         | mul | dsp_slice | 3       |
|    mac_muladd_8s_8s_32s_32_4_1_U173                        | 1   |        | v367_4         | add | dsp_slice | 3       |
|    mac_muladd_8s_8s_32s_32_4_1_U174                        | 1   |        | v363_5         | mul | dsp_slice | 3       |
|    mac_muladd_8s_8s_32s_32_4_1_U174                        | 1   |        | v367_5         | add | dsp_slice | 3       |
|    mac_muladd_8s_8s_32s_32_4_1_U175                        | 1   |        | v363_6         | mul | dsp_slice | 3       |
|    mac_muladd_8s_8s_32s_32_4_1_U175                        | 1   |        | v367_6         | add | dsp_slice | 3       |
|    mac_muladd_8s_8s_32s_32_4_1_U176                        | 1   |        | v363_7         | mul | dsp_slice | 3       |
|    mac_muladd_8s_8s_32s_32_4_1_U176                        | 1   |        | v367_7         | add | dsp_slice | 3       |
|    mac_muladd_8s_8s_32s_32_4_1_U177                        | 1   |        | v363_8         | mul | dsp_slice | 3       |
|    mac_muladd_8s_8s_32s_32_4_1_U177                        | 1   |        | v367_8         | add | dsp_slice | 3       |
|    mac_muladd_8s_8s_32s_32_4_1_U178                        | 1   |        | v363_9         | mul | dsp_slice | 3       |
|    mac_muladd_8s_8s_32s_32_4_1_U178                        | 1   |        | v367_9         | add | dsp_slice | 3       |
|    mac_muladd_8s_8s_32s_32_4_1_U179                        | 1   |        | v363_10        | mul | dsp_slice | 3       |
|    mac_muladd_8s_8s_32s_32_4_1_U179                        | 1   |        | v367_10        | add | dsp_slice | 3       |
|    mac_muladd_8s_8s_32s_32_4_1_U180                        | 1   |        | v363_11        | mul | dsp_slice | 3       |
|    mac_muladd_8s_8s_32s_32_4_1_U180                        | 1   |        | v367_11        | add | dsp_slice | 3       |
|    mac_muladd_8s_8s_32s_32_4_1_U181                        | 1   |        | v363_12        | mul | dsp_slice | 3       |
|    mac_muladd_8s_8s_32s_32_4_1_U181                        | 1   |        | v367_12        | add | dsp_slice | 3       |
|    mac_muladd_8s_8s_32s_32_4_1_U182                        | 1   |        | v363_13        | mul | dsp_slice | 3       |
|    mac_muladd_8s_8s_32s_32_4_1_U182                        | 1   |        | v367_13        | add | dsp_slice | 3       |
|    mac_muladd_8s_8s_32s_32_4_1_U183                        | 1   |        | v363_14        | mul | dsp_slice | 3       |
|    mac_muladd_8s_8s_32s_32_4_1_U183                        | 1   |        | v367_14        | add | dsp_slice | 3       |
|    mac_muladd_8s_8s_32s_32_4_1_U184                        | 1   |        | v363_15        | mul | dsp_slice | 3       |
|    mac_muladd_8s_8s_32s_32_4_1_U184                        | 1   |        | v367_15        | add | dsp_slice | 3       |
|  + pe_2_1                                                  | 16  |        |                |     |           |         |
|    c12_2_fu_141_p2                                         |     |        | c12_2          | add | fabric    | 0       |
|    mac_muladd_8s_8s_32s_32_4_1_U234                        | 1   |        | v464           | mul | dsp_slice | 3       |
|    mac_muladd_8s_8s_32s_32_4_1_U234                        | 1   |        | v468           | add | dsp_slice | 3       |
|    mac_muladd_8s_8s_32s_32_4_1_U235                        | 1   |        | v464_1         | mul | dsp_slice | 3       |
|    mac_muladd_8s_8s_32s_32_4_1_U235                        | 1   |        | v468_1         | add | dsp_slice | 3       |
|    mac_muladd_8s_8s_32s_32_4_1_U236                        | 1   |        | v464_2         | mul | dsp_slice | 3       |
|    mac_muladd_8s_8s_32s_32_4_1_U236                        | 1   |        | v468_2         | add | dsp_slice | 3       |
|    mac_muladd_8s_8s_32s_32_4_1_U237                        | 1   |        | v464_3         | mul | dsp_slice | 3       |
|    mac_muladd_8s_8s_32s_32_4_1_U237                        | 1   |        | v468_3         | add | dsp_slice | 3       |
|    mac_muladd_8s_8s_32s_32_4_1_U238                        | 1   |        | v464_4         | mul | dsp_slice | 3       |
|    mac_muladd_8s_8s_32s_32_4_1_U238                        | 1   |        | v468_4         | add | dsp_slice | 3       |
|    mac_muladd_8s_8s_32s_32_4_1_U239                        | 1   |        | v464_5         | mul | dsp_slice | 3       |
|    mac_muladd_8s_8s_32s_32_4_1_U239                        | 1   |        | v468_5         | add | dsp_slice | 3       |
|    mac_muladd_8s_8s_32s_32_4_1_U240                        | 1   |        | v464_6         | mul | dsp_slice | 3       |
|    mac_muladd_8s_8s_32s_32_4_1_U240                        | 1   |        | v468_6         | add | dsp_slice | 3       |
|    mac_muladd_8s_8s_32s_32_4_1_U241                        | 1   |        | v464_7         | mul | dsp_slice | 3       |
|    mac_muladd_8s_8s_32s_32_4_1_U241                        | 1   |        | v468_7         | add | dsp_slice | 3       |
|    mac_muladd_8s_8s_32s_32_4_1_U242                        | 1   |        | v464_8         | mul | dsp_slice | 3       |
|    mac_muladd_8s_8s_32s_32_4_1_U242                        | 1   |        | v468_8         | add | dsp_slice | 3       |
|    mac_muladd_8s_8s_32s_32_4_1_U243                        | 1   |        | v464_9         | mul | dsp_slice | 3       |
|    mac_muladd_8s_8s_32s_32_4_1_U243                        | 1   |        | v468_9         | add | dsp_slice | 3       |
|    mac_muladd_8s_8s_32s_32_4_1_U244                        | 1   |        | v464_10        | mul | dsp_slice | 3       |
|    mac_muladd_8s_8s_32s_32_4_1_U244                        | 1   |        | v468_10        | add | dsp_slice | 3       |
|    mac_muladd_8s_8s_32s_32_4_1_U245                        | 1   |        | v464_11        | mul | dsp_slice | 3       |
|    mac_muladd_8s_8s_32s_32_4_1_U245                        | 1   |        | v468_11        | add | dsp_slice | 3       |
|    mac_muladd_8s_8s_32s_32_4_1_U246                        | 1   |        | v464_12        | mul | dsp_slice | 3       |
|    mac_muladd_8s_8s_32s_32_4_1_U246                        | 1   |        | v468_12        | add | dsp_slice | 3       |
|    mac_muladd_8s_8s_32s_32_4_1_U247                        | 1   |        | v464_13        | mul | dsp_slice | 3       |
|    mac_muladd_8s_8s_32s_32_4_1_U247                        | 1   |        | v468_13        | add | dsp_slice | 3       |
|    mac_muladd_8s_8s_32s_32_4_1_U248                        | 1   |        | v464_14        | mul | dsp_slice | 3       |
|    mac_muladd_8s_8s_32s_32_4_1_U248                        | 1   |        | v468_14        | add | dsp_slice | 3       |
|    mac_muladd_8s_8s_32s_32_4_1_U249                        | 1   |        | v464_15        | mul | dsp_slice | 3       |
|    mac_muladd_8s_8s_32s_32_4_1_U249                        | 1   |        | v468_15        | add | dsp_slice | 3       |
|  + pe_3_0                                                  | 16  |        |                |     |           |         |
|    c15_2_fu_123_p2                                         |     |        | c15_2          | add | fabric    | 0       |
|    mac_muladd_8s_8s_32s_32_4_1_U299                        | 1   |        | v562           | mul | dsp_slice | 3       |
|    mac_muladd_8s_8s_32s_32_4_1_U299                        | 1   |        | v566           | add | dsp_slice | 3       |
|    mac_muladd_8s_8s_32s_32_4_1_U300                        | 1   |        | v562_1         | mul | dsp_slice | 3       |
|    mac_muladd_8s_8s_32s_32_4_1_U300                        | 1   |        | v566_1         | add | dsp_slice | 3       |
|    mac_muladd_8s_8s_32s_32_4_1_U301                        | 1   |        | v562_2         | mul | dsp_slice | 3       |
|    mac_muladd_8s_8s_32s_32_4_1_U301                        | 1   |        | v566_2         | add | dsp_slice | 3       |
|    mac_muladd_8s_8s_32s_32_4_1_U302                        | 1   |        | v562_3         | mul | dsp_slice | 3       |
|    mac_muladd_8s_8s_32s_32_4_1_U302                        | 1   |        | v566_3         | add | dsp_slice | 3       |
|    mac_muladd_8s_8s_32s_32_4_1_U303                        | 1   |        | v562_4         | mul | dsp_slice | 3       |
|    mac_muladd_8s_8s_32s_32_4_1_U303                        | 1   |        | v566_4         | add | dsp_slice | 3       |
|    mac_muladd_8s_8s_32s_32_4_1_U304                        | 1   |        | v562_5         | mul | dsp_slice | 3       |
|    mac_muladd_8s_8s_32s_32_4_1_U304                        | 1   |        | v566_5         | add | dsp_slice | 3       |
|    mac_muladd_8s_8s_32s_32_4_1_U305                        | 1   |        | v562_6         | mul | dsp_slice | 3       |
|    mac_muladd_8s_8s_32s_32_4_1_U305                        | 1   |        | v566_6         | add | dsp_slice | 3       |
|    mac_muladd_8s_8s_32s_32_4_1_U306                        | 1   |        | v562_7         | mul | dsp_slice | 3       |
|    mac_muladd_8s_8s_32s_32_4_1_U306                        | 1   |        | v566_7         | add | dsp_slice | 3       |
|    mac_muladd_8s_8s_32s_32_4_1_U307                        | 1   |        | v562_8         | mul | dsp_slice | 3       |
|    mac_muladd_8s_8s_32s_32_4_1_U307                        | 1   |        | v566_8         | add | dsp_slice | 3       |
|    mac_muladd_8s_8s_32s_32_4_1_U308                        | 1   |        | v562_9         | mul | dsp_slice | 3       |
|    mac_muladd_8s_8s_32s_32_4_1_U308                        | 1   |        | v566_9         | add | dsp_slice | 3       |
|    mac_muladd_8s_8s_32s_32_4_1_U309                        | 1   |        | v562_10        | mul | dsp_slice | 3       |
|    mac_muladd_8s_8s_32s_32_4_1_U309                        | 1   |        | v566_10        | add | dsp_slice | 3       |
|    mac_muladd_8s_8s_32s_32_4_1_U310                        | 1   |        | v562_11        | mul | dsp_slice | 3       |
|    mac_muladd_8s_8s_32s_32_4_1_U310                        | 1   |        | v566_11        | add | dsp_slice | 3       |
|    mac_muladd_8s_8s_32s_32_4_1_U311                        | 1   |        | v562_12        | mul | dsp_slice | 3       |
|    mac_muladd_8s_8s_32s_32_4_1_U311                        | 1   |        | v566_12        | add | dsp_slice | 3       |
|    mac_muladd_8s_8s_32s_32_4_1_U312                        | 1   |        | v562_13        | mul | dsp_slice | 3       |
|    mac_muladd_8s_8s_32s_32_4_1_U312                        | 1   |        | v566_13        | add | dsp_slice | 3       |
|    mac_muladd_8s_8s_32s_32_4_1_U313                        | 1   |        | v562_14        | mul | dsp_slice | 3       |
|    mac_muladd_8s_8s_32s_32_4_1_U313                        | 1   |        | v566_14        | add | dsp_slice | 3       |
|    mac_muladd_8s_8s_32s_32_4_1_U314                        | 1   |        | v562_15        | mul | dsp_slice | 3       |
|    mac_muladd_8s_8s_32s_32_4_1_U314                        | 1   |        | v566_15        | add | dsp_slice | 3       |
|  + pe_1_3                                                  | 16  |        |                |     |           |         |
|    c10_2_fu_124_p2                                         |     |        | c10_2          | add | fabric    | 0       |
|    mac_muladd_8s_8s_32s_32_4_1_U191                        | 1   |        | v396           | mul | dsp_slice | 3       |
|    mac_muladd_8s_8s_32s_32_4_1_U191                        | 1   |        | v400           | add | dsp_slice | 3       |
|    mac_muladd_8s_8s_32s_32_4_1_U192                        | 1   |        | v396_1         | mul | dsp_slice | 3       |
|    mac_muladd_8s_8s_32s_32_4_1_U192                        | 1   |        | v400_1         | add | dsp_slice | 3       |
|    mac_muladd_8s_8s_32s_32_4_1_U193                        | 1   |        | v396_2         | mul | dsp_slice | 3       |
|    mac_muladd_8s_8s_32s_32_4_1_U193                        | 1   |        | v400_2         | add | dsp_slice | 3       |
|    mac_muladd_8s_8s_32s_32_4_1_U194                        | 1   |        | v396_3         | mul | dsp_slice | 3       |
|    mac_muladd_8s_8s_32s_32_4_1_U194                        | 1   |        | v400_3         | add | dsp_slice | 3       |
|    mac_muladd_8s_8s_32s_32_4_1_U195                        | 1   |        | v396_4         | mul | dsp_slice | 3       |
|    mac_muladd_8s_8s_32s_32_4_1_U195                        | 1   |        | v400_4         | add | dsp_slice | 3       |
|    mac_muladd_8s_8s_32s_32_4_1_U196                        | 1   |        | v396_5         | mul | dsp_slice | 3       |
|    mac_muladd_8s_8s_32s_32_4_1_U196                        | 1   |        | v400_5         | add | dsp_slice | 3       |
|    mac_muladd_8s_8s_32s_32_4_1_U197                        | 1   |        | v396_6         | mul | dsp_slice | 3       |
|    mac_muladd_8s_8s_32s_32_4_1_U197                        | 1   |        | v400_6         | add | dsp_slice | 3       |
|    mac_muladd_8s_8s_32s_32_4_1_U198                        | 1   |        | v396_7         | mul | dsp_slice | 3       |
|    mac_muladd_8s_8s_32s_32_4_1_U198                        | 1   |        | v400_7         | add | dsp_slice | 3       |
|    mac_muladd_8s_8s_32s_32_4_1_U199                        | 1   |        | v396_8         | mul | dsp_slice | 3       |
|    mac_muladd_8s_8s_32s_32_4_1_U199                        | 1   |        | v400_8         | add | dsp_slice | 3       |
|    mac_muladd_8s_8s_32s_32_4_1_U200                        | 1   |        | v396_9         | mul | dsp_slice | 3       |
|    mac_muladd_8s_8s_32s_32_4_1_U200                        | 1   |        | v400_9         | add | dsp_slice | 3       |
|    mac_muladd_8s_8s_32s_32_4_1_U201                        | 1   |        | v396_10        | mul | dsp_slice | 3       |
|    mac_muladd_8s_8s_32s_32_4_1_U201                        | 1   |        | v400_10        | add | dsp_slice | 3       |
|    mac_muladd_8s_8s_32s_32_4_1_U202                        | 1   |        | v396_11        | mul | dsp_slice | 3       |
|    mac_muladd_8s_8s_32s_32_4_1_U202                        | 1   |        | v400_11        | add | dsp_slice | 3       |
|    mac_muladd_8s_8s_32s_32_4_1_U203                        | 1   |        | v396_12        | mul | dsp_slice | 3       |
|    mac_muladd_8s_8s_32s_32_4_1_U203                        | 1   |        | v400_12        | add | dsp_slice | 3       |
|    mac_muladd_8s_8s_32s_32_4_1_U204                        | 1   |        | v396_13        | mul | dsp_slice | 3       |
|    mac_muladd_8s_8s_32s_32_4_1_U204                        | 1   |        | v400_13        | add | dsp_slice | 3       |
|    mac_muladd_8s_8s_32s_32_4_1_U205                        | 1   |        | v396_14        | mul | dsp_slice | 3       |
|    mac_muladd_8s_8s_32s_32_4_1_U205                        | 1   |        | v400_14        | add | dsp_slice | 3       |
|    mac_muladd_8s_8s_32s_32_4_1_U206                        | 1   |        | v396_15        | mul | dsp_slice | 3       |
|    mac_muladd_8s_8s_32s_32_4_1_U206                        | 1   |        | v400_15        | add | dsp_slice | 3       |
|  + pe_2_2                                                  | 16  |        |                |     |           |         |
|    c13_2_fu_141_p2                                         |     |        | c13_2          | add | fabric    | 0       |
|    mac_muladd_8s_8s_32s_32_4_1_U256                        | 1   |        | v498           | mul | dsp_slice | 3       |
|    mac_muladd_8s_8s_32s_32_4_1_U256                        | 1   |        | v502           | add | dsp_slice | 3       |
|    mac_muladd_8s_8s_32s_32_4_1_U257                        | 1   |        | v498_1         | mul | dsp_slice | 3       |
|    mac_muladd_8s_8s_32s_32_4_1_U257                        | 1   |        | v502_1         | add | dsp_slice | 3       |
|    mac_muladd_8s_8s_32s_32_4_1_U258                        | 1   |        | v498_2         | mul | dsp_slice | 3       |
|    mac_muladd_8s_8s_32s_32_4_1_U258                        | 1   |        | v502_2         | add | dsp_slice | 3       |
|    mac_muladd_8s_8s_32s_32_4_1_U259                        | 1   |        | v498_3         | mul | dsp_slice | 3       |
|    mac_muladd_8s_8s_32s_32_4_1_U259                        | 1   |        | v502_3         | add | dsp_slice | 3       |
|    mac_muladd_8s_8s_32s_32_4_1_U260                        | 1   |        | v498_4         | mul | dsp_slice | 3       |
|    mac_muladd_8s_8s_32s_32_4_1_U260                        | 1   |        | v502_4         | add | dsp_slice | 3       |
|    mac_muladd_8s_8s_32s_32_4_1_U261                        | 1   |        | v498_5         | mul | dsp_slice | 3       |
|    mac_muladd_8s_8s_32s_32_4_1_U261                        | 1   |        | v502_5         | add | dsp_slice | 3       |
|    mac_muladd_8s_8s_32s_32_4_1_U262                        | 1   |        | v498_6         | mul | dsp_slice | 3       |
|    mac_muladd_8s_8s_32s_32_4_1_U262                        | 1   |        | v502_6         | add | dsp_slice | 3       |
|    mac_muladd_8s_8s_32s_32_4_1_U263                        | 1   |        | v498_7         | mul | dsp_slice | 3       |
|    mac_muladd_8s_8s_32s_32_4_1_U263                        | 1   |        | v502_7         | add | dsp_slice | 3       |
|    mac_muladd_8s_8s_32s_32_4_1_U264                        | 1   |        | v498_8         | mul | dsp_slice | 3       |
|    mac_muladd_8s_8s_32s_32_4_1_U264                        | 1   |        | v502_8         | add | dsp_slice | 3       |
|    mac_muladd_8s_8s_32s_32_4_1_U265                        | 1   |        | v498_9         | mul | dsp_slice | 3       |
|    mac_muladd_8s_8s_32s_32_4_1_U265                        | 1   |        | v502_9         | add | dsp_slice | 3       |
|    mac_muladd_8s_8s_32s_32_4_1_U266                        | 1   |        | v498_10        | mul | dsp_slice | 3       |
|    mac_muladd_8s_8s_32s_32_4_1_U266                        | 1   |        | v502_10        | add | dsp_slice | 3       |
|    mac_muladd_8s_8s_32s_32_4_1_U267                        | 1   |        | v498_11        | mul | dsp_slice | 3       |
|    mac_muladd_8s_8s_32s_32_4_1_U267                        | 1   |        | v502_11        | add | dsp_slice | 3       |
|    mac_muladd_8s_8s_32s_32_4_1_U268                        | 1   |        | v498_12        | mul | dsp_slice | 3       |
|    mac_muladd_8s_8s_32s_32_4_1_U268                        | 1   |        | v502_12        | add | dsp_slice | 3       |
|    mac_muladd_8s_8s_32s_32_4_1_U269                        | 1   |        | v498_13        | mul | dsp_slice | 3       |
|    mac_muladd_8s_8s_32s_32_4_1_U269                        | 1   |        | v502_13        | add | dsp_slice | 3       |
|    mac_muladd_8s_8s_32s_32_4_1_U270                        | 1   |        | v498_14        | mul | dsp_slice | 3       |
|    mac_muladd_8s_8s_32s_32_4_1_U270                        | 1   |        | v502_14        | add | dsp_slice | 3       |
|    mac_muladd_8s_8s_32s_32_4_1_U271                        | 1   |        | v498_15        | mul | dsp_slice | 3       |
|    mac_muladd_8s_8s_32s_32_4_1_U271                        | 1   |        | v502_15        | add | dsp_slice | 3       |
|  + pe_3_1                                                  | 16  |        |                |     |           |         |
|    c16_2_fu_123_p2                                         |     |        | c16_2          | add | fabric    | 0       |
|    mac_muladd_8s_8s_32s_32_4_1_U320                        | 1   |        | v594           | mul | dsp_slice | 3       |
|    mac_muladd_8s_8s_32s_32_4_1_U320                        | 1   |        | v598           | add | dsp_slice | 3       |
|    mac_muladd_8s_8s_32s_32_4_1_U321                        | 1   |        | v594_1         | mul | dsp_slice | 3       |
|    mac_muladd_8s_8s_32s_32_4_1_U321                        | 1   |        | v598_1         | add | dsp_slice | 3       |
|    mac_muladd_8s_8s_32s_32_4_1_U322                        | 1   |        | v594_2         | mul | dsp_slice | 3       |
|    mac_muladd_8s_8s_32s_32_4_1_U322                        | 1   |        | v598_2         | add | dsp_slice | 3       |
|    mac_muladd_8s_8s_32s_32_4_1_U323                        | 1   |        | v594_3         | mul | dsp_slice | 3       |
|    mac_muladd_8s_8s_32s_32_4_1_U323                        | 1   |        | v598_3         | add | dsp_slice | 3       |
|    mac_muladd_8s_8s_32s_32_4_1_U324                        | 1   |        | v594_4         | mul | dsp_slice | 3       |
|    mac_muladd_8s_8s_32s_32_4_1_U324                        | 1   |        | v598_4         | add | dsp_slice | 3       |
|    mac_muladd_8s_8s_32s_32_4_1_U325                        | 1   |        | v594_5         | mul | dsp_slice | 3       |
|    mac_muladd_8s_8s_32s_32_4_1_U325                        | 1   |        | v598_5         | add | dsp_slice | 3       |
|    mac_muladd_8s_8s_32s_32_4_1_U326                        | 1   |        | v594_6         | mul | dsp_slice | 3       |
|    mac_muladd_8s_8s_32s_32_4_1_U326                        | 1   |        | v598_6         | add | dsp_slice | 3       |
|    mac_muladd_8s_8s_32s_32_4_1_U327                        | 1   |        | v594_7         | mul | dsp_slice | 3       |
|    mac_muladd_8s_8s_32s_32_4_1_U327                        | 1   |        | v598_7         | add | dsp_slice | 3       |
|    mac_muladd_8s_8s_32s_32_4_1_U328                        | 1   |        | v594_8         | mul | dsp_slice | 3       |
|    mac_muladd_8s_8s_32s_32_4_1_U328                        | 1   |        | v598_8         | add | dsp_slice | 3       |
|    mac_muladd_8s_8s_32s_32_4_1_U329                        | 1   |        | v594_9         | mul | dsp_slice | 3       |
|    mac_muladd_8s_8s_32s_32_4_1_U329                        | 1   |        | v598_9         | add | dsp_slice | 3       |
|    mac_muladd_8s_8s_32s_32_4_1_U330                        | 1   |        | v594_10        | mul | dsp_slice | 3       |
|    mac_muladd_8s_8s_32s_32_4_1_U330                        | 1   |        | v598_10        | add | dsp_slice | 3       |
|    mac_muladd_8s_8s_32s_32_4_1_U331                        | 1   |        | v594_11        | mul | dsp_slice | 3       |
|    mac_muladd_8s_8s_32s_32_4_1_U331                        | 1   |        | v598_11        | add | dsp_slice | 3       |
|    mac_muladd_8s_8s_32s_32_4_1_U332                        | 1   |        | v594_12        | mul | dsp_slice | 3       |
|    mac_muladd_8s_8s_32s_32_4_1_U332                        | 1   |        | v598_12        | add | dsp_slice | 3       |
|    mac_muladd_8s_8s_32s_32_4_1_U333                        | 1   |        | v594_13        | mul | dsp_slice | 3       |
|    mac_muladd_8s_8s_32s_32_4_1_U333                        | 1   |        | v598_13        | add | dsp_slice | 3       |
|    mac_muladd_8s_8s_32s_32_4_1_U334                        | 1   |        | v594_14        | mul | dsp_slice | 3       |
|    mac_muladd_8s_8s_32s_32_4_1_U334                        | 1   |        | v598_14        | add | dsp_slice | 3       |
|    mac_muladd_8s_8s_32s_32_4_1_U335                        | 1   |        | v594_15        | mul | dsp_slice | 3       |
|    mac_muladd_8s_8s_32s_32_4_1_U335                        | 1   |        | v598_15        | add | dsp_slice | 3       |
|  + pe_2_3                                                  | 16  |        |                |     |           |         |
|    c14_2_fu_116_p2                                         |     |        | c14_2          | add | fabric    | 0       |
|    mac_muladd_8s_8s_32s_32_4_1_U278                        | 1   |        | v530           | mul | dsp_slice | 3       |
|    mac_muladd_8s_8s_32s_32_4_1_U278                        | 1   |        | v534           | add | dsp_slice | 3       |
|    mac_muladd_8s_8s_32s_32_4_1_U279                        | 1   |        | v530_1         | mul | dsp_slice | 3       |
|    mac_muladd_8s_8s_32s_32_4_1_U279                        | 1   |        | v534_1         | add | dsp_slice | 3       |
|    mac_muladd_8s_8s_32s_32_4_1_U280                        | 1   |        | v530_2         | mul | dsp_slice | 3       |
|    mac_muladd_8s_8s_32s_32_4_1_U280                        | 1   |        | v534_2         | add | dsp_slice | 3       |
|    mac_muladd_8s_8s_32s_32_4_1_U281                        | 1   |        | v530_3         | mul | dsp_slice | 3       |
|    mac_muladd_8s_8s_32s_32_4_1_U281                        | 1   |        | v534_3         | add | dsp_slice | 3       |
|    mac_muladd_8s_8s_32s_32_4_1_U282                        | 1   |        | v530_4         | mul | dsp_slice | 3       |
|    mac_muladd_8s_8s_32s_32_4_1_U282                        | 1   |        | v534_4         | add | dsp_slice | 3       |
|    mac_muladd_8s_8s_32s_32_4_1_U283                        | 1   |        | v530_5         | mul | dsp_slice | 3       |
|    mac_muladd_8s_8s_32s_32_4_1_U283                        | 1   |        | v534_5         | add | dsp_slice | 3       |
|    mac_muladd_8s_8s_32s_32_4_1_U284                        | 1   |        | v530_6         | mul | dsp_slice | 3       |
|    mac_muladd_8s_8s_32s_32_4_1_U284                        | 1   |        | v534_6         | add | dsp_slice | 3       |
|    mac_muladd_8s_8s_32s_32_4_1_U285                        | 1   |        | v530_7         | mul | dsp_slice | 3       |
|    mac_muladd_8s_8s_32s_32_4_1_U285                        | 1   |        | v534_7         | add | dsp_slice | 3       |
|    mac_muladd_8s_8s_32s_32_4_1_U286                        | 1   |        | v530_8         | mul | dsp_slice | 3       |
|    mac_muladd_8s_8s_32s_32_4_1_U286                        | 1   |        | v534_8         | add | dsp_slice | 3       |
|    mac_muladd_8s_8s_32s_32_4_1_U287                        | 1   |        | v530_9         | mul | dsp_slice | 3       |
|    mac_muladd_8s_8s_32s_32_4_1_U287                        | 1   |        | v534_9         | add | dsp_slice | 3       |
|    mac_muladd_8s_8s_32s_32_4_1_U288                        | 1   |        | v530_10        | mul | dsp_slice | 3       |
|    mac_muladd_8s_8s_32s_32_4_1_U288                        | 1   |        | v534_10        | add | dsp_slice | 3       |
|    mac_muladd_8s_8s_32s_32_4_1_U289                        | 1   |        | v530_11        | mul | dsp_slice | 3       |
|    mac_muladd_8s_8s_32s_32_4_1_U289                        | 1   |        | v534_11        | add | dsp_slice | 3       |
|    mac_muladd_8s_8s_32s_32_4_1_U290                        | 1   |        | v530_12        | mul | dsp_slice | 3       |
|    mac_muladd_8s_8s_32s_32_4_1_U290                        | 1   |        | v534_12        | add | dsp_slice | 3       |
|    mac_muladd_8s_8s_32s_32_4_1_U291                        | 1   |        | v530_13        | mul | dsp_slice | 3       |
|    mac_muladd_8s_8s_32s_32_4_1_U291                        | 1   |        | v534_13        | add | dsp_slice | 3       |
|    mac_muladd_8s_8s_32s_32_4_1_U292                        | 1   |        | v530_14        | mul | dsp_slice | 3       |
|    mac_muladd_8s_8s_32s_32_4_1_U292                        | 1   |        | v534_14        | add | dsp_slice | 3       |
|    mac_muladd_8s_8s_32s_32_4_1_U293                        | 1   |        | v530_15        | mul | dsp_slice | 3       |
|    mac_muladd_8s_8s_32s_32_4_1_U293                        | 1   |        | v534_15        | add | dsp_slice | 3       |
|  + pe_3_2                                                  | 16  |        |                |     |           |         |
|    c17_2_fu_123_p2                                         |     |        | c17_2          | add | fabric    | 0       |
|    mac_muladd_8s_8s_32s_32_4_1_U341                        | 1   |        | v626           | mul | dsp_slice | 3       |
|    mac_muladd_8s_8s_32s_32_4_1_U341                        | 1   |        | v630           | add | dsp_slice | 3       |
|    mac_muladd_8s_8s_32s_32_4_1_U342                        | 1   |        | v626_1         | mul | dsp_slice | 3       |
|    mac_muladd_8s_8s_32s_32_4_1_U342                        | 1   |        | v630_1         | add | dsp_slice | 3       |
|    mac_muladd_8s_8s_32s_32_4_1_U343                        | 1   |        | v626_2         | mul | dsp_slice | 3       |
|    mac_muladd_8s_8s_32s_32_4_1_U343                        | 1   |        | v630_2         | add | dsp_slice | 3       |
|    mac_muladd_8s_8s_32s_32_4_1_U344                        | 1   |        | v626_3         | mul | dsp_slice | 3       |
|    mac_muladd_8s_8s_32s_32_4_1_U344                        | 1   |        | v630_3         | add | dsp_slice | 3       |
|    mac_muladd_8s_8s_32s_32_4_1_U345                        | 1   |        | v626_4         | mul | dsp_slice | 3       |
|    mac_muladd_8s_8s_32s_32_4_1_U345                        | 1   |        | v630_4         | add | dsp_slice | 3       |
|    mac_muladd_8s_8s_32s_32_4_1_U346                        | 1   |        | v626_5         | mul | dsp_slice | 3       |
|    mac_muladd_8s_8s_32s_32_4_1_U346                        | 1   |        | v630_5         | add | dsp_slice | 3       |
|    mac_muladd_8s_8s_32s_32_4_1_U347                        | 1   |        | v626_6         | mul | dsp_slice | 3       |
|    mac_muladd_8s_8s_32s_32_4_1_U347                        | 1   |        | v630_6         | add | dsp_slice | 3       |
|    mac_muladd_8s_8s_32s_32_4_1_U348                        | 1   |        | v626_7         | mul | dsp_slice | 3       |
|    mac_muladd_8s_8s_32s_32_4_1_U348                        | 1   |        | v630_7         | add | dsp_slice | 3       |
|    mac_muladd_8s_8s_32s_32_4_1_U349                        | 1   |        | v626_8         | mul | dsp_slice | 3       |
|    mac_muladd_8s_8s_32s_32_4_1_U349                        | 1   |        | v630_8         | add | dsp_slice | 3       |
|    mac_muladd_8s_8s_32s_32_4_1_U350                        | 1   |        | v626_9         | mul | dsp_slice | 3       |
|    mac_muladd_8s_8s_32s_32_4_1_U350                        | 1   |        | v630_9         | add | dsp_slice | 3       |
|    mac_muladd_8s_8s_32s_32_4_1_U351                        | 1   |        | v626_10        | mul | dsp_slice | 3       |
|    mac_muladd_8s_8s_32s_32_4_1_U351                        | 1   |        | v630_10        | add | dsp_slice | 3       |
|    mac_muladd_8s_8s_32s_32_4_1_U352                        | 1   |        | v626_11        | mul | dsp_slice | 3       |
|    mac_muladd_8s_8s_32s_32_4_1_U352                        | 1   |        | v630_11        | add | dsp_slice | 3       |
|    mac_muladd_8s_8s_32s_32_4_1_U353                        | 1   |        | v626_12        | mul | dsp_slice | 3       |
|    mac_muladd_8s_8s_32s_32_4_1_U353                        | 1   |        | v630_12        | add | dsp_slice | 3       |
|    mac_muladd_8s_8s_32s_32_4_1_U354                        | 1   |        | v626_13        | mul | dsp_slice | 3       |
|    mac_muladd_8s_8s_32s_32_4_1_U354                        | 1   |        | v630_13        | add | dsp_slice | 3       |
|    mac_muladd_8s_8s_32s_32_4_1_U355                        | 1   |        | v626_14        | mul | dsp_slice | 3       |
|    mac_muladd_8s_8s_32s_32_4_1_U355                        | 1   |        | v630_14        | add | dsp_slice | 3       |
|    mac_muladd_8s_8s_32s_32_4_1_U356                        | 1   |        | v626_15        | mul | dsp_slice | 3       |
|    mac_muladd_8s_8s_32s_32_4_1_U356                        | 1   |        | v630_15        | add | dsp_slice | 3       |
|  + pe_3_3                                                  | 16  |        |                |     |           |         |
|    c18_2_fu_97_p2                                          |     |        | c18_2          | add | fabric    | 0       |
|    mac_muladd_8s_8s_32s_32_4_1_U362                        | 1   |        | v656           | mul | dsp_slice | 3       |
|    mac_muladd_8s_8s_32s_32_4_1_U362                        | 1   |        | v660           | add | dsp_slice | 3       |
|    mac_muladd_8s_8s_32s_32_4_1_U363                        | 1   |        | v656_1         | mul | dsp_slice | 3       |
|    mac_muladd_8s_8s_32s_32_4_1_U363                        | 1   |        | v660_1         | add | dsp_slice | 3       |
|    mac_muladd_8s_8s_32s_32_4_1_U364                        | 1   |        | v656_2         | mul | dsp_slice | 3       |
|    mac_muladd_8s_8s_32s_32_4_1_U364                        | 1   |        | v660_2         | add | dsp_slice | 3       |
|    mac_muladd_8s_8s_32s_32_4_1_U365                        | 1   |        | v656_3         | mul | dsp_slice | 3       |
|    mac_muladd_8s_8s_32s_32_4_1_U365                        | 1   |        | v660_3         | add | dsp_slice | 3       |
|    mac_muladd_8s_8s_32s_32_4_1_U366                        | 1   |        | v656_4         | mul | dsp_slice | 3       |
|    mac_muladd_8s_8s_32s_32_4_1_U366                        | 1   |        | v660_4         | add | dsp_slice | 3       |
|    mac_muladd_8s_8s_32s_32_4_1_U367                        | 1   |        | v656_5         | mul | dsp_slice | 3       |
|    mac_muladd_8s_8s_32s_32_4_1_U367                        | 1   |        | v660_5         | add | dsp_slice | 3       |
|    mac_muladd_8s_8s_32s_32_4_1_U368                        | 1   |        | v656_6         | mul | dsp_slice | 3       |
|    mac_muladd_8s_8s_32s_32_4_1_U368                        | 1   |        | v660_6         | add | dsp_slice | 3       |
|    mac_muladd_8s_8s_32s_32_4_1_U369                        | 1   |        | v656_7         | mul | dsp_slice | 3       |
|    mac_muladd_8s_8s_32s_32_4_1_U369                        | 1   |        | v660_7         | add | dsp_slice | 3       |
|    mac_muladd_8s_8s_32s_32_4_1_U370                        | 1   |        | v656_8         | mul | dsp_slice | 3       |
|    mac_muladd_8s_8s_32s_32_4_1_U370                        | 1   |        | v660_8         | add | dsp_slice | 3       |
|    mac_muladd_8s_8s_32s_32_4_1_U371                        | 1   |        | v656_9         | mul | dsp_slice | 3       |
|    mac_muladd_8s_8s_32s_32_4_1_U371                        | 1   |        | v660_9         | add | dsp_slice | 3       |
|    mac_muladd_8s_8s_32s_32_4_1_U372                        | 1   |        | v656_10        | mul | dsp_slice | 3       |
|    mac_muladd_8s_8s_32s_32_4_1_U372                        | 1   |        | v660_10        | add | dsp_slice | 3       |
|    mac_muladd_8s_8s_32s_32_4_1_U373                        | 1   |        | v656_11        | mul | dsp_slice | 3       |
|    mac_muladd_8s_8s_32s_32_4_1_U373                        | 1   |        | v660_11        | add | dsp_slice | 3       |
|    mac_muladd_8s_8s_32s_32_4_1_U374                        | 1   |        | v656_12        | mul | dsp_slice | 3       |
|    mac_muladd_8s_8s_32s_32_4_1_U374                        | 1   |        | v660_12        | add | dsp_slice | 3       |
|    mac_muladd_8s_8s_32s_32_4_1_U375                        | 1   |        | v656_13        | mul | dsp_slice | 3       |
|    mac_muladd_8s_8s_32s_32_4_1_U375                        | 1   |        | v660_13        | add | dsp_slice | 3       |
|    mac_muladd_8s_8s_32s_32_4_1_U376                        | 1   |        | v656_14        | mul | dsp_slice | 3       |
|    mac_muladd_8s_8s_32s_32_4_1_U376                        | 1   |        | v660_14        | add | dsp_slice | 3       |
|    mac_muladd_8s_8s_32s_32_4_1_U377                        | 1   |        | v656_15        | mul | dsp_slice | 3       |
|    mac_muladd_8s_8s_32s_32_4_1_U377                        | 1   |        | v660_15        | add | dsp_slice | 3       |
|  + drainer_0                                               | 0   |        |                |     |           |         |
|   + drainer_0_Pipeline_VITIS_LOOP_1028_1_VITIS_LOOP_1029_2 | 0   |        |                |     |           |         |
|     add_ln1028_1_fu_142_p2                                 |     |        | add_ln1028_1   | add | fabric    | 0       |
|     add_ln1028_fu_154_p2                                   |     |        | add_ln1028     | add | fabric    | 0       |
|     add_ln1029_fu_194_p2                                   |     |        | add_ln1029     | add | fabric    | 0       |
|   + drainer_0_Pipeline_l_S_c_0_c19                         | 0   |        |                |     |           |         |
|     c19_2_fu_1454_p2                                       |     |        | c19_2          | add | fabric    | 0       |
|     sub_ln1045_fu_1477_p2                                  |     |        | sub_ln1045     | sub | fabric    | 0       |
|     sub_ln1045_1_fu_1526_p2                                |     |        | sub_ln1045_1   | sub | fabric    | 0       |
|     sub_ln1046_fu_1562_p2                                  |     |        | sub_ln1046     | sub | fabric    | 0       |
|     sub_ln1050_fu_1579_p2                                  |     |        | sub_ln1050     | sub | fabric    | 0       |
|     sub_ln1051_fu_1615_p2                                  |     |        | sub_ln1051     | sub | fabric    | 0       |
|     add_ln1105_fu_2128_p2                                  |     |        | add_ln1105     | add | fabric    | 0       |
|     add_ln1105_1_fu_2581_p2                                |     |        | add_ln1105_1   | add | fabric    | 0       |
|     add_ln1105_2_fu_2934_p2                                |     |        | add_ln1105_2   | add | fabric    | 0       |
|     add_ln1105_3_fu_3287_p2                                |     |        | add_ln1105_3   | add | fabric    | 0       |
|     add_ln1105_4_fu_3640_p2                                |     |        | add_ln1105_4   | add | fabric    | 0       |
|     add_ln1105_5_fu_3993_p2                                |     |        | add_ln1105_5   | add | fabric    | 0       |
|     add_ln1105_6_fu_4346_p2                                |     |        | add_ln1105_6   | add | fabric    | 0       |
|     add_ln1105_7_fu_5048_p2                                |     |        | add_ln1105_7   | add | fabric    | 0       |
|     add_ln1105_8_fu_5401_p2                                |     |        | add_ln1105_8   | add | fabric    | 0       |
|     add_ln1105_9_fu_5750_p2                                |     |        | add_ln1105_9   | add | fabric    | 0       |
|     add_ln1105_10_fu_6103_p2                               |     |        | add_ln1105_10  | add | fabric    | 0       |
|     add_ln1105_11_fu_6456_p2                               |     |        | add_ln1105_11  | add | fabric    | 0       |
|     add_ln1105_12_fu_6813_p2                               |     |        | add_ln1105_12  | add | fabric    | 0       |
|     add_ln1105_13_fu_7166_p2                               |     |        | add_ln1105_13  | add | fabric    | 0       |
|     v700_fu_1652_p2                                        |     |        | v700           | add | fabric    | 0       |
|     v732_fu_1669_p2                                        |     |        | v732           | add | fabric    | 0       |
|     v766_fu_1686_p2                                        |     |        | v766           | add | fabric    | 0       |
|     v800_fu_1703_p2                                        |     |        | v800           | add | fabric    | 0       |
|     v700_1_fu_1720_p2                                      |     |        | v700_1         | add | fabric    | 0       |
|     v732_1_fu_1736_p2                                      |     |        | v732_1         | add | fabric    | 0       |
|     v766_1_fu_1752_p2                                      |     |        | v766_1         | add | fabric    | 0       |
|     v800_1_fu_1768_p2                                      |     |        | v800_1         | add | fabric    | 0       |
|     v700_2_fu_2148_p2                                      |     |        | v700_2         | add | fabric    | 0       |
|     v732_2_fu_2165_p2                                      |     |        | v732_2         | add | fabric    | 0       |
|     v766_2_fu_2182_p2                                      |     |        | v766_2         | add | fabric    | 0       |
|     v800_2_fu_2199_p2                                      |     |        | v800_2         | add | fabric    | 0       |
|     v700_3_fu_2601_p2                                      |     |        | v700_3         | add | fabric    | 0       |
|     v732_3_fu_2618_p2                                      |     |        | v732_3         | add | fabric    | 0       |
|     v766_3_fu_2635_p2                                      |     |        | v766_3         | add | fabric    | 0       |
|     v800_3_fu_2652_p2                                      |     |        | v800_3         | add | fabric    | 0       |
|     v700_4_fu_2954_p2                                      |     |        | v700_4         | add | fabric    | 0       |
|     v732_4_fu_2971_p2                                      |     |        | v732_4         | add | fabric    | 0       |
|     v766_4_fu_2988_p2                                      |     |        | v766_4         | add | fabric    | 0       |
|     v800_4_fu_3005_p2                                      |     |        | v800_4         | add | fabric    | 0       |
|     v700_5_fu_3307_p2                                      |     |        | v700_5         | add | fabric    | 0       |
|     v732_5_fu_3324_p2                                      |     |        | v732_5         | add | fabric    | 0       |
|     v766_5_fu_3341_p2                                      |     |        | v766_5         | add | fabric    | 0       |
|     v800_5_fu_3358_p2                                      |     |        | v800_5         | add | fabric    | 0       |
|     v700_6_fu_3660_p2                                      |     |        | v700_6         | add | fabric    | 0       |
|     v732_6_fu_3677_p2                                      |     |        | v732_6         | add | fabric    | 0       |
|     v766_6_fu_3694_p2                                      |     |        | v766_6         | add | fabric    | 0       |
|     v800_6_fu_3711_p2                                      |     |        | v800_6         | add | fabric    | 0       |
|     v700_7_fu_4013_p2                                      |     |        | v700_7         | add | fabric    | 0       |
|     v732_7_fu_4030_p2                                      |     |        | v732_7         | add | fabric    | 0       |
|     v766_7_fu_4047_p2                                      |     |        | v766_7         | add | fabric    | 0       |
|     v800_7_fu_4064_p2                                      |     |        | v800_7         | add | fabric    | 0       |
|     v700_8_fu_4366_p2                                      |     |        | v700_8         | add | fabric    | 0       |
|     v732_8_fu_4383_p2                                      |     |        | v732_8         | add | fabric    | 0       |
|     v766_8_fu_4400_p2                                      |     |        | v766_8         | add | fabric    | 0       |
|     v800_8_fu_4417_p2                                      |     |        | v800_8         | add | fabric    | 0       |
|     v700_9_fu_4718_p2                                      |     |        | v700_9         | add | fabric    | 0       |
|     v732_9_fu_4734_p2                                      |     |        | v732_9         | add | fabric    | 0       |
|     v766_9_fu_4750_p2                                      |     |        | v766_9         | add | fabric    | 0       |
|     v800_9_fu_4766_p2                                      |     |        | v800_9         | add | fabric    | 0       |
|     v700_10_fu_5068_p2                                     |     |        | v700_10        | add | fabric    | 0       |
|     v732_10_fu_5085_p2                                     |     |        | v732_10        | add | fabric    | 0       |
|     v766_10_fu_5102_p2                                     |     |        | v766_10        | add | fabric    | 0       |
|     v800_10_fu_5119_p2                                     |     |        | v800_10        | add | fabric    | 0       |
|     v700_11_fu_5420_p2                                     |     |        | v700_11        | add | fabric    | 0       |
|     v732_11_fu_5436_p2                                     |     |        | v732_11        | add | fabric    | 0       |
|     v766_11_fu_5452_p2                                     |     |        | v766_11        | add | fabric    | 0       |
|     v800_11_fu_5468_p2                                     |     |        | v800_11        | add | fabric    | 0       |
|     v700_12_fu_5770_p2                                     |     |        | v700_12        | add | fabric    | 0       |
|     v732_12_fu_5787_p2                                     |     |        | v732_12        | add | fabric    | 0       |
|     v766_12_fu_5804_p2                                     |     |        | v766_12        | add | fabric    | 0       |
|     v800_12_fu_5821_p2                                     |     |        | v800_12        | add | fabric    | 0       |
|     v700_13_fu_6122_p2                                     |     |        | v700_13        | add | fabric    | 0       |
|     v732_13_fu_6139_p2                                     |     |        | v732_13        | add | fabric    | 0       |
|     v766_13_fu_6156_p2                                     |     |        | v766_13        | add | fabric    | 0       |
|     v800_13_fu_6173_p2                                     |     |        | v800_13        | add | fabric    | 0       |
|     v700_14_fu_6476_p2                                     |     |        | v700_14        | add | fabric    | 0       |
|     v732_14_fu_6494_p2                                     |     |        | v732_14        | add | fabric    | 0       |
|     v766_14_fu_6512_p2                                     |     |        | v766_14        | add | fabric    | 0       |
|     v800_14_fu_6530_p2                                     |     |        | v800_14        | add | fabric    | 0       |
|     v700_15_fu_6832_p2                                     |     |        | v700_15        | add | fabric    | 0       |
|     v732_15_fu_6849_p2                                     |     |        | v732_15        | add | fabric    | 0       |
|     v766_15_fu_6866_p2                                     |     |        | v766_15        | add | fabric    | 0       |
|     v800_15_fu_6883_p2                                     |     |        | v800_15        | add | fabric    | 0       |
|  + store_res3_1                                            | 0   |        |                |     |           |         |
|    add_ln1320_fu_270_p2                                    |     |        | add_ln1320     | add | fabric    | 0       |
|    store_res3_l_1_fu_326_p2                                |     |        | store_res3_l_1 | add | fabric    | 0       |
|    add_ln1320_1_fu_332_p2                                  |     |        | add_ln1320_1   | add | fabric    | 0       |
+------------------------------------------------------------+-----+--------+----------------+-----+-----------+---------+


================================================================
== Storage Report
================================================================
+-------------------+-----------------+-------------+------+------+--------+----------+--------+---------+------------------+
| Name              | Usage           | Type        | BRAM | URAM | Pragma | Variable | Impl   | Latency | Bitwidth, Depth, |
|                   |                 |             |      |      |        |          |        |         | Banks            |
+-------------------+-----------------+-------------+------+------+--------+----------+--------+---------+------------------+
| + tinytpu_ws      |                 |             | 27   | 0    |        |          |        |         |                  |
|   control_s_axi_U | interface       | s_axilite   |      |      |        |          |        |         |                  |
|   gmem0_m_axi_U   | interface       | m_axi       | 2    |      |        |          |        |         |                  |
|   gmem1_m_axi_U   | interface       | m_axi       | 2    |      |        |          |        |         |                  |
|   gmem2_m_axi_U   | interface       | m_axi       | 2    |      |        |          |        |         |                  |
|   gmem3_m_axi_U   | interface       | m_axi       | 2    |      |        |          |        |         |                  |
|   v845_c_U        | fifo channel    | scalar prop |      |      |        | v845_c   | srl    | 0       | 64, 13, 1        |
|   buf0_U          | ram_s2p channel | pipo        |      |      |        | buf0     | auto   | 1       | 32, 64, 2        |
|   buf1_U          | ram_s2p channel | pipo        |      |      |        | buf1     | auto   | 1       | 8, 64, 2         |
|   buf1_1_U        | ram_s2p channel | pipo        |      |      |        | buf1_1   | auto   | 1       | 8, 64, 2         |
|   buf1_2_U        | ram_s2p channel | pipo        |      |      |        | buf1_2   | auto   | 1       | 8, 64, 2         |
|   buf1_3_U        | ram_s2p channel | pipo        |      |      |        | buf1_3   | auto   | 1       | 8, 64, 2         |
|   buf2_U          | ram_s2p channel | pipo        |      |      |        | buf2     | auto   | 1       | 8, 64, 2         |
|   buf2_1_U        | ram_s2p channel | pipo        |      |      |        | buf2_1   | auto   | 1       | 8, 64, 2         |
|   buf2_2_U        | ram_s2p channel | pipo        |      |      |        | buf2_2   | auto   | 1       | 8, 64, 2         |
|   buf2_3_U        | ram_s2p channel | pipo        |      |      |        | buf2_3   | auto   | 1       | 8, 64, 2         |
|   v850_U          | fifo channel    | stream      | 1    |      |        | v850     | memory | 0       | 32, 256, 1       |
|   v851_U          | fifo channel    | stream      | 1    |      |        | v851     | memory | 0       | 32, 256, 1       |
|   v852_U          | fifo channel    | stream      | 1    |      |        | v852     | memory | 0       | 32, 256, 1       |
|   v853_U          | fifo channel    | stream      |      |      |        | v853     | memory | 0       | 8, 256, 1        |
|   v854_U          | fifo channel    | stream      |      |      |        | v854     | memory | 0       | 8, 256, 1        |
|   v855_U          | fifo channel    | stream      |      |      |        | v855     | memory | 0       | 8, 256, 1        |
|   v856_U          | fifo channel    | stream      |      |      |        | v856     | memory | 0       | 8, 256, 1        |
|   v873_U          | fifo channel    | stream      |      |      |        | v873     | memory | 0       | 8, 256, 1        |
|   v874_U          | fifo channel    | stream      |      |      |        | v874     | memory | 0       | 8, 256, 1        |
|   v875_U          | fifo channel    | stream      |      |      |        | v875     | memory | 0       | 8, 256, 1        |
|   v876_U          | fifo channel    | stream      |      |      |        | v876     | memory | 0       | 8, 256, 1        |
|   v857_U          | fifo channel    | stream      |      |      |        | v857     | memory | 0       | 8, 256, 1        |
|   v877_U          | fifo channel    | stream      |      |      |        | v877     | memory | 0       | 8, 256, 1        |
|   v893_U          | fifo channel    | stream      | 1    |      |        | v893     | memory | 0       | 32, 256, 1       |
|   v858_U          | fifo channel    | stream      |      |      |        | v858     | memory | 0       | 8, 256, 1        |
|   v878_U          | fifo channel    | stream      |      |      |        | v878     | memory | 0       | 8, 256, 1        |
|   v894_U          | fifo channel    | stream      | 1    |      |        | v894     | memory | 0       | 32, 256, 1       |
|   v859_U          | fifo channel    | stream      |      |      |        | v859     | memory | 0       | 8, 256, 1        |
|   v879_U          | fifo channel    | stream      |      |      |        | v879     | memory | 0       | 8, 256, 1        |
|   v895_U          | fifo channel    | stream      | 1    |      |        | v895     | memory | 0       | 32, 256, 1       |
|   v860_U          | fifo channel    | stream      |      |      |        | v860     | memory | 0       | 8, 256, 1        |
|   v896_U          | fifo channel    | stream      | 1    |      |        | v896     | memory | 0       | 32, 256, 1       |
|   v861_U          | fifo channel    | stream      |      |      |        | v861     | memory | 0       | 8, 256, 1        |
|   v881_U          | fifo channel    | stream      |      |      |        | v881     | memory | 0       | 8, 256, 1        |
|   v897_U          | fifo channel    | stream      | 1    |      |        | v897     | memory | 0       | 32, 256, 1       |
|   v862_U          | fifo channel    | stream      |      |      |        | v862     | memory | 0       | 8, 256, 1        |
|   v882_U          | fifo channel    | stream      |      |      |        | v882     | memory | 0       | 8, 256, 1        |
|   v898_U          | fifo channel    | stream      | 1    |      |        | v898     | memory | 0       | 32, 256, 1       |
|   v863_U          | fifo channel    | stream      |      |      |        | v863     | memory | 0       | 8, 256, 1        |
|   v883_U          | fifo channel    | stream      |      |      |        | v883     | memory | 0       | 8, 256, 1        |
|   v899_U          | fifo channel    | stream      | 1    |      |        | v899     | memory | 0       | 32, 256, 1       |
|   v864_U          | fifo channel    | stream      |      |      |        | v864     | memory | 0       | 8, 256, 1        |
|   v900_U          | fifo channel    | stream      | 1    |      |        | v900     | memory | 0       | 32, 256, 1       |
|   v865_U          | fifo channel    | stream      |      |      |        | v865     | memory | 0       | 8, 256, 1        |
|   v885_U          | fifo channel    | stream      |      |      |        | v885     | memory | 0       | 8, 256, 1        |
|   v901_U          | fifo channel    | stream      | 1    |      |        | v901     | memory | 0       | 32, 256, 1       |
|   v866_U          | fifo channel    | stream      |      |      |        | v866     | memory | 0       | 8, 256, 1        |
|   v886_U          | fifo channel    | stream      |      |      |        | v886     | memory | 0       | 8, 256, 1        |
|   v902_U          | fifo channel    | stream      | 1    |      |        | v902     | memory | 0       | 32, 256, 1       |
|   v867_U          | fifo channel    | stream      |      |      |        | v867     | memory | 0       | 8, 256, 1        |
|   v887_U          | fifo channel    | stream      |      |      |        | v887     | memory | 0       | 8, 256, 1        |
|   v903_U          | fifo channel    | stream      | 1    |      |        | v903     | memory | 0       | 32, 256, 1       |
|   v868_U          | fifo channel    | stream      |      |      |        | v868     | memory | 0       | 8, 256, 1        |
|   v904_U          | fifo channel    | stream      | 1    |      |        | v904     | memory | 0       | 32, 256, 1       |
|   v889_U          | fifo channel    | stream      |      |      |        | v889     | memory | 0       | 8, 256, 1        |
|   v909_U          | fifo channel    | stream      | 1    |      |        | v909     | memory | 0       | 32, 256, 1       |
|   v890_U          | fifo channel    | stream      |      |      |        | v890     | memory | 0       | 8, 256, 1        |
|   v910_U          | fifo channel    | stream      | 1    |      |        | v910     | memory | 0       | 32, 256, 1       |
|   v891_U          | fifo channel    | stream      |      |      |        | v891     | memory | 0       | 8, 256, 1        |
|   v911_U          | fifo channel    | stream      | 1    |      |        | v911     | memory | 0       | 32, 256, 1       |
|   v912_U          | fifo channel    | stream      | 1    |      |        | v912     | memory | 0       | 32, 256, 1       |
|   buf3_U          | ram_t2p channel | pipo        |      |      |        | buf3     | auto   | 1       | 8, 64, 2         |
|   buf3_1_U        | ram_t2p channel | pipo        |      |      |        | buf3_1   | auto   | 1       | 8, 64, 2         |
|   buf3_2_U        | ram_t2p channel | pipo        |      |      |        | buf3_2   | auto   | 1       | 8, 64, 2         |
|   buf3_3_U        | ram_t2p channel | pipo        |      |      |        | buf3_3   | auto   | 1       | 8, 64, 2         |
|  + drainer_0      |                 |             | 0    | 0    |        |          |        |         |                  |
|    acc_U          | ram_t2p array   |             |      |      |        | acc      | auto   | 1       | 32, 16, 1        |
|    acc_1_U        | ram_t2p array   |             |      |      |        | acc_1    | auto   | 1       | 32, 16, 1        |
|    acc_2_U        | ram_t2p array   |             |      |      |        | acc_2    | auto   | 1       | 32, 16, 1        |
|    acc_3_U        | ram_t2p array   |             |      |      |        | acc_3    | auto   | 1       | 32, 16, 1        |
+-------------------+-----------------+-------------+------+------+--------+----------+--------+---------+------------------+


================================================================
== Pragma Report
================================================================
* Valid Pragma Syntax
+-----------------+-------------------------------------------+-------------------------------------+
| Type            | Options                                   | Location                            |
+-----------------+-------------------------------------------+-------------------------------------+
| array_partition | variable=v16 cyclic dim=2 factor=4        | kernel.cpp:57 in wloader_0, v16     |
| array_partition | variable=v95 cyclic dim=2 factor=4        | kernel.cpp:150 in loader_0, v95     |
| array_partition | variable=v663 cyclic dim=2 factor=4       | kernel.cpp:1023 in drainer_0, v663  |
| array_partition | variable=acc complete dim=2               | kernel.cpp:1026 in drainer_0, acc   |
| pipeline        | II=1 rewind                               | kernel.cpp:1278 in load_buf0        |
| array_partition | variable=v828 cyclic dim=2 factor=4       | kernel.cpp:1288 in load_buf1, v828  |
| pipeline        | II=1 rewind                               | kernel.cpp:1292 in load_buf1        |
| array_partition | variable=v833 cyclic dim=2 factor=4       | kernel.cpp:1303 in load_buf2, v833  |
| pipeline        | II=1 rewind                               | kernel.cpp:1307 in load_buf2        |
| array_partition | variable=v837 cyclic dim=2 factor=4       | kernel.cpp:1318 in store_res3, v837 |
| pipeline        | II=1 rewind                               | kernel.cpp:1322 in store_res3       |
| interface       | m_axi port=v842 offset=slave bundle=gmem0 | kernel.cpp:1336 in tinytpu_ws, v842 |
| interface       | m_axi port=v843 offset=slave bundle=gmem1 | kernel.cpp:1337 in tinytpu_ws, v843 |
| interface       | m_axi port=v844 offset=slave bundle=gmem2 | kernel.cpp:1338 in tinytpu_ws, v844 |
| interface       | m_axi port=v845 offset=slave bundle=gmem3 | kernel.cpp:1339 in tinytpu_ws, v845 |
| dataflow        |                                           | kernel.cpp:1340 in tinytpu_ws       |
| array_partition | variable=buf1 cyclic dim=2 factor=4       | kernel.cpp:1344 in tinytpu_ws, buf1 |
| array_partition | variable=buf2 cyclic dim=2 factor=4       | kernel.cpp:1348 in tinytpu_ws, buf2 |
| array_partition | variable=buf3 cyclic dim=2 factor=4       | kernel.cpp:1352 in tinytpu_ws, buf3 |
| stream          | variable=v850 depth=256                   | kernel.cpp:1355 in tinytpu_ws, v850 |
| stream          | variable=v851 depth=256                   | kernel.cpp:1357 in tinytpu_ws, v851 |
| stream          | variable=v852 depth=256                   | kernel.cpp:1359 in tinytpu_ws, v852 |
| stream          | variable=v853 depth=256                   | kernel.cpp:1361 in tinytpu_ws, v853 |
| stream          | variable=v854 depth=256                   | kernel.cpp:1363 in tinytpu_ws, v854 |
| stream          | variable=v855 depth=256                   | kernel.cpp:1365 in tinytpu_ws, v855 |
| stream          | variable=v856 depth=256                   | kernel.cpp:1367 in tinytpu_ws, v856 |
| stream          | variable=v857 depth=256                   | kernel.cpp:1369 in tinytpu_ws, v857 |
| stream          | variable=v858 depth=256                   | kernel.cpp:1371 in tinytpu_ws, v858 |
| stream          | variable=v859 depth=256                   | kernel.cpp:1373 in tinytpu_ws, v859 |
| stream          | variable=v860 depth=256                   | kernel.cpp:1375 in tinytpu_ws, v860 |
| stream          | variable=v861 depth=256                   | kernel.cpp:1377 in tinytpu_ws, v861 |
| stream          | variable=v862 depth=256                   | kernel.cpp:1379 in tinytpu_ws, v862 |
| stream          | variable=v863 depth=256                   | kernel.cpp:1381 in tinytpu_ws, v863 |
| stream          | variable=v864 depth=256                   | kernel.cpp:1383 in tinytpu_ws, v864 |
| stream          | variable=v865 depth=256                   | kernel.cpp:1385 in tinytpu_ws, v865 |
| stream          | variable=v866 depth=256                   | kernel.cpp:1387 in tinytpu_ws, v866 |
| stream          | variable=v867 depth=256                   | kernel.cpp:1389 in tinytpu_ws, v867 |
| stream          | variable=v868 depth=256                   | kernel.cpp:1391 in tinytpu_ws, v868 |
| stream          | variable=v869 depth=256                   | kernel.cpp:1393 in tinytpu_ws, v869 |
| stream          | variable=v870 depth=256                   | kernel.cpp:1395 in tinytpu_ws, v870 |
| stream          | variable=v871 depth=256                   | kernel.cpp:1397 in tinytpu_ws, v871 |
| stream          | variable=v872 depth=256                   | kernel.cpp:1399 in tinytpu_ws, v872 |
| stream          | variable=v873 depth=256                   | kernel.cpp:1401 in tinytpu_ws, v873 |
| stream          | variable=v874 depth=256                   | kernel.cpp:1403 in tinytpu_ws, v874 |
| stream          | variable=v875 depth=256                   | kernel.cpp:1405 in tinytpu_ws, v875 |
| stream          | variable=v876 depth=256                   | kernel.cpp:1407 in tinytpu_ws, v876 |
| stream          | variable=v877 depth=256                   | kernel.cpp:1409 in tinytpu_ws, v877 |
| stream          | variable=v878 depth=256                   | kernel.cpp:1411 in tinytpu_ws, v878 |
| stream          | variable=v879 depth=256                   | kernel.cpp:1413 in tinytpu_ws, v879 |
| stream          | variable=v880 depth=256                   | kernel.cpp:1415 in tinytpu_ws, v880 |
| stream          | variable=v881 depth=256                   | kernel.cpp:1417 in tinytpu_ws, v881 |
| stream          | variable=v882 depth=256                   | kernel.cpp:1419 in tinytpu_ws, v882 |
| stream          | variable=v883 depth=256                   | kernel.cpp:1421 in tinytpu_ws, v883 |
| stream          | variable=v884 depth=256                   | kernel.cpp:1423 in tinytpu_ws, v884 |
| stream          | variable=v885 depth=256                   | kernel.cpp:1425 in tinytpu_ws, v885 |
| stream          | variable=v886 depth=256                   | kernel.cpp:1427 in tinytpu_ws, v886 |
| stream          | variable=v887 depth=256                   | kernel.cpp:1429 in tinytpu_ws, v887 |
| stream          | variable=v888 depth=256                   | kernel.cpp:1431 in tinytpu_ws, v888 |
| stream          | variable=v889 depth=256                   | kernel.cpp:1433 in tinytpu_ws, v889 |
| stream          | variable=v890 depth=256                   | kernel.cpp:1435 in tinytpu_ws, v890 |
| stream          | variable=v891 depth=256                   | kernel.cpp:1437 in tinytpu_ws, v891 |
| stream          | variable=v892 depth=256                   | kernel.cpp:1439 in tinytpu_ws, v892 |
| stream          | variable=v893 depth=256                   | kernel.cpp:1441 in tinytpu_ws, v893 |
| stream          | variable=v894 depth=256                   | kernel.cpp:1443 in tinytpu_ws, v894 |
| stream          | variable=v895 depth=256                   | kernel.cpp:1445 in tinytpu_ws, v895 |
| stream          | variable=v896 depth=256                   | kernel.cpp:1447 in tinytpu_ws, v896 |
| stream          | variable=v897 depth=256                   | kernel.cpp:1449 in tinytpu_ws, v897 |
| stream          | variable=v898 depth=256                   | kernel.cpp:1451 in tinytpu_ws, v898 |
| stream          | variable=v899 depth=256                   | kernel.cpp:1453 in tinytpu_ws, v899 |
| stream          | variable=v900 depth=256                   | kernel.cpp:1455 in tinytpu_ws, v900 |
| stream          | variable=v901 depth=256                   | kernel.cpp:1457 in tinytpu_ws, v901 |
| stream          | variable=v902 depth=256                   | kernel.cpp:1459 in tinytpu_ws, v902 |
| stream          | variable=v903 depth=256                   | kernel.cpp:1461 in tinytpu_ws, v903 |
| stream          | variable=v904 depth=256                   | kernel.cpp:1463 in tinytpu_ws, v904 |
| stream          | variable=v905 depth=256                   | kernel.cpp:1465 in tinytpu_ws, v905 |
| stream          | variable=v906 depth=256                   | kernel.cpp:1467 in tinytpu_ws, v906 |
| stream          | variable=v907 depth=256                   | kernel.cpp:1469 in tinytpu_ws, v907 |
| stream          | variable=v908 depth=256                   | kernel.cpp:1471 in tinytpu_ws, v908 |
| stream          | variable=v909 depth=256                   | kernel.cpp:1473 in tinytpu_ws, v909 |
| stream          | variable=v910 depth=256                   | kernel.cpp:1475 in tinytpu_ws, v910 |
| stream          | variable=v911 depth=256                   | kernel.cpp:1477 in tinytpu_ws, v911 |
| stream          | variable=v912 depth=256                   | kernel.cpp:1479 in tinytpu_ws, v912 |
+-----------------+-------------------------------------------+-------------------------------------+


