

================================================================
== Synthesis Summary Report of 'tinytpu_isa'
================================================================
+ General Information: 
    * Date:           Tue Sep 22 02:52:13 2026
    * Version:        2023.2 (Build 4023990 on Oct 11 2023)
    * Project:        out.prj
    * Solution:       solution1 (Vivado IP Flow Target)
    * Product family: virtexuplusHBM
    * Target device:  xcu280-fsvh2892-2L-e
    

+ Performance & Resource Estimates: 
    
    PS: '+' for module; 'o' for loop; '*' for dataflow
    +--------------------------------------------+--------+-------+---------+-----------+----------+---------+-------+----------+---------+----------+-------------+------------+-----+
    |                   Modules                  |  Issue |       | Latency |  Latency  | Iteration|         |  Trip |          |         |          |             |            |     |
    |                   & Loops                  |  Type  | Slack | (cycles)|    (ns)   |  Latency | Interval| Count | Pipelined|  BRAM   |    DSP   |      FF     |     LUT    | URAM|
    +--------------------------------------------+--------+-------+---------+-----------+----------+---------+-------+----------+---------+----------+-------------+------------+-----+
    |+ tinytpu_isa*                              |  Timing|  -0.00|        -|          -|         -|        -|      -|  dataflow|  98 (2%)|  14 (~0%)|  24465 (~0%)|  31929 (2%)|    -|
    | + entry_proc                               |       -|   1.22|        0|      0.000|         -|        0|      -|        no|        -|         -|      3 (~0%)|    29 (~0%)|    -|
    | + sequencer_0_1                            |  Timing|  -0.00|        -|          -|         -|        -|      -|        no|        -|   2 (~0%)|   2275 (~0%)|  3313 (~0%)|    -|
    |  + sequencer_0_1_Pipeline_l_S_i_0_i        |  Timing|  -0.00|       10|     33.300|         -|       10|      -|        no|        -|         -|    526 (~0%)|    69 (~0%)|    -|
    |   o l_S_i_0_i                              |       -|   2.43|        8|     26.640|         3|        1|      7|       yes|        -|         -|            -|           -|    -|
    |  + sequencer_0_1_Pipeline_VITIS_LOOP_74_1  |       -|   0.77|        6|     19.980|         -|        6|      -|        no|        -|         -|      5 (~0%)|    49 (~0%)|    -|
    |   o VITIS_LOOP_74_1                        |       -|   2.43|        4|     13.320|         1|        1|      4|       yes|        -|         -|            -|           -|    -|
    |  + sequencer_0_1_Pipeline_VITIS_LOOP_78_2  |       -|   0.77|        6|     19.980|         -|        6|      -|        no|        -|         -|      5 (~0%)|    49 (~0%)|    -|
    |   o VITIS_LOOP_78_2                        |       -|   2.43|        4|     13.320|         1|        1|      4|       yes|        -|         -|            -|           -|    -|
    |  + sequencer_0_1_Pipeline_VITIS_LOOP_82_3  |       -|   0.80|        6|     19.980|         -|        6|      -|        no|        -|         -|      5 (~0%)|    49 (~0%)|    -|
    |   o VITIS_LOOP_82_3                        |       -|   2.43|        4|     13.320|         1|        1|      4|       yes|        -|         -|            -|           -|    -|
    |  + sequencer_0_1_Pipeline_VITIS_LOOP_86_4  |       -|   0.77|        6|     19.980|         -|        6|      -|        no|        -|         -|      5 (~0%)|    49 (~0%)|    -|
    |   o VITIS_LOOP_86_4                        |       -|   2.43|        4|     13.320|         1|        1|      4|       yes|        -|         -|            -|           -|    -|
    |  + sequencer_0_1_Pipeline_VITIS_LOOP_95_5  |       -|   0.11|        -|          -|         -|        -|      -|        no|        -|   2 (~0%)|   1016 (~0%)|  1393 (~0%)|    -|
    |   o VITIS_LOOP_95_5                        |      II|   2.43|        -|          -|         9|        5|      -|       yes|        -|         -|            -|           -|    -|
    | + dma_ld_0_1                               |  Timing|  -0.00|    81940|  2.729e+05|         -|    81940|      -|        no|        -|         -|   1909 (~0%)|  2490 (~0%)|    -|
    |  + dma_ld_0_1_Pipeline_VITIS_LOOP_648_1    |  Timing|  -0.00|    16387|  5.457e+04|         -|    16387|      -|        no|        -|         -|    536 (~0%)|    96 (~0%)|    -|
    |   o VITIS_LOOP_648_1                       |       -|   2.43|    16385|  5.456e+04|         3|        1|  16384|       yes|        -|         -|            -|           -|    -|
    |  + dma_ld_0_1_Pipeline_VITIS_LOOP_1557_2   |  Timing|  -0.00|    16387|  5.457e+04|         -|    16387|      -|        no|        -|         -|    536 (~0%)|    96 (~0%)|    -|
    |   o VITIS_LOOP_1557_2                      |       -|   2.43|    16385|  5.456e+04|         3|        1|  16384|       yes|        -|         -|            -|           -|    -|
    |  + dma_ld_0_1_Pipeline_VITIS_LOOP_2469_3   |       -|   0.13|    65540|  2.182e+05|         -|    65540|      -|        no|        -|         -|    145 (~0%)|   439 (~0%)|    -|
    |   o VITIS_LOOP_2469_3                      |       -|   2.43|    65538|  2.182e+05|         5|        1|  65535|       yes|        -|         -|            -|           -|    -|
    | + spm_0                                    |  Timing|  -0.00|    65544|  2.183e+05|         -|    65544|      -|        no|  1 (~0%)|         -|    452 (~0%)|   812 (~0%)|    -|
    |  + spm_0_Pipeline_VITIS_LOOP_2602_1        |       -|   0.02|    65541|  2.183e+05|         -|    65541|      -|        no|  1 (~0%)|         -|    429 (~0%)|   691 (~0%)|    -|
    |   o VITIS_LOOP_2602_1                      |       -|   2.43|    65539|  2.182e+05|         6|        1|  65535|       yes|        -|         -|            -|           -|    -|
    | + vru_0                                    |       -|   0.02|    65543|  2.183e+05|         -|    65543|      -|        no|  1 (~0%)|         -|    484 (~0%)|   544 (~0%)|    -|
    |  + vru_0_Pipeline_VITIS_LOOP_2746_1        |       -|   0.02|    65541|  2.183e+05|         -|    65541|      -|        no|  1 (~0%)|         -|    462 (~0%)|   454 (~0%)|    -|
    |   o VITIS_LOOP_2746_1                      |       -|   2.43|    65539|  2.182e+05|         6|        1|  65535|       yes|        -|         -|            -|           -|    -|
    | + wld_0_0                                  |  Timing|  -0.00|   327679|  1.091e+06|         -|   327679|      -|        no|        -|         -|    107 (~0%)|   362 (~0%)|    -|
    |  + wld_0_0_Pipeline_VITIS_LOOP_2875_1      |  Timing|  -0.00|   327677|  1.091e+06|         -|   327677|      -|        no|        -|         -|     85 (~0%)|   203 (~0%)|    -|
    |   o VITIS_LOOP_2875_1                      |      II|   2.43|   327675|  1.091e+06|         6|        5|  65535|       yes|        -|         -|            -|           -|    -|
    | + wld_0_1                                  |  Timing|  -0.00|   131074|  4.365e+05|         -|   131074|      -|        no|        -|         -|     72 (~0%)|   278 (~0%)|    -|
    |  + wld_0_1_Pipeline_VITIS_LOOP_2957_1      |  Timing|  -0.00|   131072|  4.365e+05|         -|   131072|      -|        no|        -|         -|     50 (~0%)|   151 (~0%)|    -|
    |   o VITIS_LOOP_2957_1                      |      II|   2.43|   131070|  4.365e+05|         3|        2|  65535|       yes|        -|         -|            -|           -|    -|
    | + wld_1_0                                  |  Timing|  -0.00|   262144|  8.729e+05|         -|   262144|      -|        no|        -|         -|    106 (~0%)|   353 (~0%)|    -|
    |  + wld_1_0_Pipeline_VITIS_LOOP_3175_1      |  Timing|  -0.00|   262142|  8.729e+05|         -|   262142|      -|        no|        -|         -|     84 (~0%)|   194 (~0%)|    -|
    |   o VITIS_LOOP_3175_1                      |      II|   2.43|   262140|  8.729e+05|         5|        4|  65535|       yes|        -|         -|            -|           -|    -|
    | + pe_0_0                                   |       -|   0.13|    65541|  2.183e+05|         -|    65541|      -|        no|        -|         -|    195 (~0%)|   397 (~0%)|    -|
    |  + pe_0_0_Pipeline_VITIS_LOOP_4046_1       |       -|   0.13|    65539|  2.182e+05|         -|    65539|      -|        no|        -|         -|    173 (~0%)|   298 (~0%)|    -|
    |   o VITIS_LOOP_4046_1                      |       -|   2.43|    65537|  2.182e+05|         4|        1|  65535|       yes|        -|         -|            -|           -|    -|
    | + wld_0_2                                  |  Timing|  -0.00|   131074|  4.365e+05|         -|   131074|      -|        no|        -|         -|     72 (~0%)|   278 (~0%)|    -|
    |  + wld_0_2_Pipeline_VITIS_LOOP_3031_1      |  Timing|  -0.00|   131072|  4.365e+05|         -|   131072|      -|        no|        -|         -|     50 (~0%)|   151 (~0%)|    -|
    |   o VITIS_LOOP_3031_1                      |      II|   2.43|   131070|  4.365e+05|         3|        2|  65535|       yes|        -|         -|            -|           -|    -|
    | + wld_1_1                                  |  Timing|  -0.00|   131074|  4.365e+05|         -|   131074|      -|        no|        -|         -|     72 (~0%)|   278 (~0%)|    -|
    |  + wld_1_1_Pipeline_VITIS_LOOP_3255_1      |  Timing|  -0.00|   131072|  4.365e+05|         -|   131072|      -|        no|        -|         -|     50 (~0%)|   151 (~0%)|    -|
    |   o VITIS_LOOP_3255_1                      |      II|   2.43|   131070|  4.365e+05|         3|        2|  65535|       yes|        -|         -|            -|           -|    -|
    | + wld_2_0                                  |  Timing|  -0.00|   196609|  6.547e+05|         -|   196609|      -|        no|        -|         -|    105 (~0%)|   343 (~0%)|    -|
    |  + wld_2_0_Pipeline_VITIS_LOOP_3473_1      |  Timing|  -0.00|   196607|  6.547e+05|         -|   196607|      -|        no|        -|         -|     83 (~0%)|   184 (~0%)|    -|
    |   o VITIS_LOOP_3473_1                      |      II|   2.43|   196605|  6.547e+05|         4|        3|  65535|       yes|        -|         -|            -|           -|    -|
    | + pe_0_1                                   |       -|   0.13|    65541|  2.183e+05|         -|    65541|      -|        no|        -|         -|    131 (~0%)|   379 (~0%)|    -|
    |  + pe_0_1_Pipeline_VITIS_LOOP_4137_1       |       -|   0.13|    65539|  2.182e+05|         -|    65539|      -|        no|        -|         -|    109 (~0%)|   289 (~0%)|    -|
    |   o VITIS_LOOP_4137_1                      |       -|   2.43|    65537|  2.182e+05|         4|        1|  65535|       yes|        -|         -|            -|           -|    -|
    | + pe_1_0                                   |       -|   0.13|    65543|  2.183e+05|         -|    65543|      -|        no|        -|   1 (~0%)|    335 (~0%)|   441 (~0%)|    -|
    |  + pe_1_0_Pipeline_VITIS_LOOP_4385_1       |       -|   0.13|    65541|  2.183e+05|         -|    65541|      -|        no|        -|   1 (~0%)|    313 (~0%)|   333 (~0%)|    -|
    |   o VITIS_LOOP_4385_1                      |       -|   2.43|    65539|  2.182e+05|         6|        1|  65535|       yes|        -|         -|            -|           -|    -|
    | + wld_0_3                                  |  Timing|  -0.00|   131074|  4.365e+05|         -|   131074|      -|        no|        -|         -|     71 (~0%)|   228 (~0%)|    -|
    |  + wld_0_3_Pipeline_VITIS_LOOP_3102_1      |  Timing|  -0.00|   131072|  4.365e+05|         -|   131072|      -|        no|        -|         -|     50 (~0%)|   142 (~0%)|    -|
    |   o VITIS_LOOP_3102_1                      |      II|   2.43|   131070|  4.365e+05|         3|        2|  65535|       yes|        -|         -|            -|           -|    -|
    | + wld_1_2                                  |  Timing|  -0.00|   131074|  4.365e+05|         -|   131074|      -|        no|        -|         -|     72 (~0%)|   278 (~0%)|    -|
    |  + wld_1_2_Pipeline_VITIS_LOOP_3329_1      |  Timing|  -0.00|   131072|  4.365e+05|         -|   131072|      -|        no|        -|         -|     50 (~0%)|   151 (~0%)|    -|
    |   o VITIS_LOOP_3329_1                      |      II|   2.43|   131070|  4.365e+05|         3|        2|  65535|       yes|        -|         -|            -|           -|    -|
    | + wld_2_1                                  |  Timing|  -0.00|   131074|  4.365e+05|         -|   131074|      -|        no|        -|         -|     72 (~0%)|   278 (~0%)|    -|
    |  + wld_2_1_Pipeline_VITIS_LOOP_3551_1      |  Timing|  -0.00|   131072|  4.365e+05|         -|   131072|      -|        no|        -|         -|     50 (~0%)|   151 (~0%)|    -|
    |   o VITIS_LOOP_3551_1                      |      II|   2.43|   131070|  4.365e+05|         3|        2|  65535|       yes|        -|         -|            -|           -|    -|
    | + wld_3_0                                  |  Timing|  -0.00|   131074|  4.365e+05|         -|   131074|      -|        no|        -|         -|     72 (~0%)|   278 (~0%)|    -|
    |  + wld_3_0_Pipeline_VITIS_LOOP_3766_1      |  Timing|  -0.00|   131072|  4.365e+05|         -|   131072|      -|        no|        -|         -|     50 (~0%)|   151 (~0%)|    -|
    |   o VITIS_LOOP_3766_1                      |      II|   2.43|   131070|  4.365e+05|         3|        2|  65535|       yes|        -|         -|            -|           -|    -|
    | + pe_0_2                                   |       -|   0.13|    65541|  2.183e+05|         -|    65541|      -|        no|        -|         -|    131 (~0%)|   379 (~0%)|    -|
    |  + pe_0_2_Pipeline_VITIS_LOOP_4220_1       |       -|   0.13|    65539|  2.182e+05|         -|    65539|      -|        no|        -|         -|    109 (~0%)|   289 (~0%)|    -|
    |   o VITIS_LOOP_4220_1                      |       -|   2.43|    65537|  2.182e+05|         4|        1|  65535|       yes|        -|         -|            -|           -|    -|
    | + pe_1_1                                   |       -|   0.13|    65543|  2.183e+05|         -|    65543|      -|        no|        -|   1 (~0%)|    239 (~0%)|   391 (~0%)|    -|
    |  + pe_1_1_Pipeline_VITIS_LOOP_4479_1       |       -|   0.13|    65541|  2.183e+05|         -|    65541|      -|        no|        -|   1 (~0%)|    217 (~0%)|   292 (~0%)|    -|
    |   o VITIS_LOOP_4479_1                      |       -|   2.43|    65539|  2.182e+05|         6|        1|  65535|       yes|        -|         -|            -|           -|    -|
    | + pe_2_0                                   |       -|   0.13|    65543|  2.183e+05|         -|    65543|      -|        no|        -|   1 (~0%)|    335 (~0%)|   441 (~0%)|    -|
    |  + pe_2_0_Pipeline_VITIS_LOOP_4735_1       |       -|   0.13|    65541|  2.183e+05|         -|    65541|      -|        no|        -|   1 (~0%)|    313 (~0%)|   333 (~0%)|    -|
    |   o VITIS_LOOP_4735_1                      |       -|   2.43|    65539|  2.182e+05|         6|        1|  65535|       yes|        -|         -|            -|           -|    -|
    | + wld_1_3                                  |  Timing|  -0.00|   131074|  4.365e+05|         -|   131074|      -|        no|        -|         -|     71 (~0%)|   228 (~0%)|    -|
    |  + wld_1_3_Pipeline_VITIS_LOOP_3400_1      |  Timing|  -0.00|   131072|  4.365e+05|         -|   131072|      -|        no|        -|         -|     50 (~0%)|   142 (~0%)|    -|
    |   o VITIS_LOOP_3400_1                      |      II|   2.43|   131070|  4.365e+05|         3|        2|  65535|       yes|        -|         -|            -|           -|    -|
    | + wld_2_2                                  |  Timing|  -0.00|   131074|  4.365e+05|         -|   131074|      -|        no|        -|         -|     72 (~0%)|   278 (~0%)|    -|
    |  + wld_2_2_Pipeline_VITIS_LOOP_3625_1      |  Timing|  -0.00|   131072|  4.365e+05|         -|   131072|      -|        no|        -|         -|     50 (~0%)|   151 (~0%)|    -|
    |   o VITIS_LOOP_3625_1                      |      II|   2.43|   131070|  4.365e+05|         3|        2|  65535|       yes|        -|         -|            -|           -|    -|
    | + wld_3_1                                  |  Timing|  -0.00|   131074|  4.365e+05|         -|   131074|      -|        no|        -|         -|     72 (~0%)|   278 (~0%)|    -|
    |  + wld_3_1_Pipeline_VITIS_LOOP_3840_1      |  Timing|  -0.00|   131072|  4.365e+05|         -|   131072|      -|        no|        -|         -|     50 (~0%)|   151 (~0%)|    -|
    |   o VITIS_LOOP_3840_1                      |      II|   2.43|   131070|  4.365e+05|         3|        2|  65535|       yes|        -|         -|            -|           -|    -|
    | + pe_0_3                                   |       -|   0.13|    65541|  2.183e+05|         -|    65541|      -|        no|        -|         -|    123 (~0%)|   359 (~0%)|    -|
    |  + pe_0_3_Pipeline_VITIS_LOOP_4302_1       |       -|   0.13|    65539|  2.182e+05|         -|    65539|      -|        no|        -|         -|    101 (~0%)|   278 (~0%)|    -|
    |   o VITIS_LOOP_4302_1                      |       -|   2.43|    65537|  2.182e+05|         4|        1|  65535|       yes|        -|         -|            -|           -|    -|
    | + pe_1_2                                   |       -|   0.13|    65543|  2.183e+05|         -|    65543|      -|        no|        -|   1 (~0%)|    239 (~0%)|   391 (~0%)|    -|
    |  + pe_1_2_Pipeline_VITIS_LOOP_4565_1       |       -|   0.13|    65541|  2.183e+05|         -|    65541|      -|        no|        -|   1 (~0%)|    217 (~0%)|   292 (~0%)|    -|
    |   o VITIS_LOOP_4565_1                      |       -|   2.43|    65539|  2.182e+05|         6|        1|  65535|       yes|        -|         -|            -|           -|    -|
    | + pe_2_1                                   |       -|   0.13|    65543|  2.183e+05|         -|    65543|      -|        no|        -|   1 (~0%)|    239 (~0%)|   391 (~0%)|    -|
    |  + pe_2_1_Pipeline_VITIS_LOOP_4829_1       |       -|   0.13|    65541|  2.183e+05|         -|    65541|      -|        no|        -|   1 (~0%)|    217 (~0%)|   292 (~0%)|    -|
    |   o VITIS_LOOP_4829_1                      |       -|   2.43|    65539|  2.182e+05|         6|        1|  65535|       yes|        -|         -|            -|           -|    -|
    | + pe_3_0                                   |       -|   0.13|    65543|  2.183e+05|         -|    65543|      -|        no|        -|   1 (~0%)|    238 (~0%)|   382 (~0%)|    -|
    |  + pe_3_0_Pipeline_VITIS_LOOP_5084_1       |       -|   0.13|    65541|  2.183e+05|         -|    65541|      -|        no|        -|   1 (~0%)|    217 (~0%)|   292 (~0%)|    -|
    |   o VITIS_LOOP_5084_1                      |       -|   2.43|    65539|  2.182e+05|         6|        1|  65535|       yes|        -|         -|            -|           -|    -|
    | + wld_2_3                                  |  Timing|  -0.00|   131074|  4.365e+05|         -|   131074|      -|        no|        -|         -|     71 (~0%)|   228 (~0%)|    -|
    |  + wld_2_3_Pipeline_VITIS_LOOP_3696_1      |  Timing|  -0.00|   131072|  4.365e+05|         -|   131072|      -|        no|        -|         -|     50 (~0%)|   142 (~0%)|    -|
    |   o VITIS_LOOP_3696_1                      |      II|   2.43|   131070|  4.365e+05|         3|        2|  65535|       yes|        -|         -|            -|           -|    -|
    | + wld_3_2                                  |  Timing|  -0.00|   131074|  4.365e+05|         -|   131074|      -|        no|        -|         -|     72 (~0%)|   278 (~0%)|    -|
    |  + wld_3_2_Pipeline_VITIS_LOOP_3914_1      |  Timing|  -0.00|   131072|  4.365e+05|         -|   131072|      -|        no|        -|         -|     50 (~0%)|   151 (~0%)|    -|
    |   o VITIS_LOOP_3914_1                      |      II|   2.43|   131070|  4.365e+05|         3|        2|  65535|       yes|        -|         -|            -|           -|    -|
    | + pe_1_3                                   |       -|   0.13|    65543|  2.183e+05|         -|    65543|      -|        no|        -|   1 (~0%)|    167 (~0%)|   339 (~0%)|    -|
    |  + pe_1_3_Pipeline_VITIS_LOOP_4650_1       |       -|   0.13|    65541|  2.183e+05|         -|    65541|      -|        no|        -|   1 (~0%)|    145 (~0%)|   249 (~0%)|    -|
    |   o VITIS_LOOP_4650_1                      |       -|   2.43|    65539|  2.182e+05|         6|        1|  65535|       yes|        -|         -|            -|           -|    -|
    | + pe_2_2                                   |       -|   0.13|    65543|  2.183e+05|         -|    65543|      -|        no|        -|   1 (~0%)|    239 (~0%)|   391 (~0%)|    -|
    |  + pe_2_2_Pipeline_VITIS_LOOP_4915_1       |       -|   0.13|    65541|  2.183e+05|         -|    65541|      -|        no|        -|   1 (~0%)|    217 (~0%)|   292 (~0%)|    -|
    |   o VITIS_LOOP_4915_1                      |       -|   2.43|    65539|  2.182e+05|         6|        1|  65535|       yes|        -|         -|            -|           -|    -|
    | + pe_3_1                                   |       -|   0.13|    65543|  2.183e+05|         -|    65543|      -|        no|        -|   1 (~0%)|    430 (~0%)|   432 (~0%)|    -|
    |  + pe_3_1_Pipeline_VITIS_LOOP_5186_1       |       -|   0.13|    65541|  2.183e+05|         -|    65541|      -|        no|        -|   1 (~0%)|    409 (~0%)|   333 (~0%)|    -|
    |   o VITIS_LOOP_5186_1                      |       -|   2.43|    65539|  2.182e+05|         6|        1|  65535|       yes|        -|         -|            -|           -|    -|
    | + wld_3_3                                  |  Timing|  -0.00|   131074|  4.365e+05|         -|   131074|      -|        no|        -|         -|     71 (~0%)|   228 (~0%)|    -|
    |  + wld_3_3_Pipeline_VITIS_LOOP_3985_1      |  Timing|  -0.00|   131072|  4.365e+05|         -|   131072|      -|        no|        -|         -|     50 (~0%)|   142 (~0%)|    -|
    |   o VITIS_LOOP_3985_1                      |      II|   2.43|   131070|  4.365e+05|         3|        2|  65535|       yes|        -|         -|            -|           -|    -|
    | + pe_2_3                                   |       -|   0.13|    65543|  2.183e+05|         -|    65543|      -|        no|        -|   1 (~0%)|    167 (~0%)|   339 (~0%)|    -|
    |  + pe_2_3_Pipeline_VITIS_LOOP_5000_1       |       -|   0.13|    65541|  2.183e+05|         -|    65541|      -|        no|        -|   1 (~0%)|    145 (~0%)|   249 (~0%)|    -|
    |   o VITIS_LOOP_5000_1                      |       -|   2.43|    65539|  2.182e+05|         6|        1|  65535|       yes|        -|         -|            -|           -|    -|
    | + pe_3_2                                   |       -|   0.13|    65543|  2.183e+05|         -|    65543|      -|        no|        -|   1 (~0%)|    430 (~0%)|   432 (~0%)|    -|
    |  + pe_3_2_Pipeline_VITIS_LOOP_5284_1       |       -|   0.13|    65541|  2.183e+05|         -|    65541|      -|        no|        -|   1 (~0%)|    409 (~0%)|   333 (~0%)|    -|
    |   o VITIS_LOOP_5284_1                      |       -|   2.43|    65539|  2.182e+05|         6|        1|  65535|       yes|        -|         -|            -|           -|    -|
    | + pe_3_3                                   |       -|   0.13|    65543|  2.183e+05|         -|    65543|      -|        no|        -|   1 (~0%)|    358 (~0%)|   380 (~0%)|    -|
    |  + pe_3_3_Pipeline_VITIS_LOOP_5381_1       |       -|   0.13|    65541|  2.183e+05|         -|    65541|      -|        no|        -|   1 (~0%)|    337 (~0%)|   290 (~0%)|    -|
    |   o VITIS_LOOP_5381_1                      |       -|   2.43|    65539|  2.182e+05|         6|        1|  65535|       yes|        -|         -|            -|           -|    -|
    | + accu_0                                   |       -|   0.00|    65543|  2.183e+05|         -|    65543|      -|        no|  4 (~0%)|         -|   1744 (~0%)|  1764 (~0%)|    -|
    |  + accu_0_Pipeline_VITIS_LOOP_5483_1       |       -|   0.00|    65541|  2.183e+05|         -|    65541|      -|        no|  4 (~0%)|         -|   1723 (~0%)|  1692 (~0%)|    -|
    |   o VITIS_LOOP_5483_1                      |       -|   2.43|    65539|  2.182e+05|         6|        1|  65535|       yes|        -|         -|            -|           -|    -|
    | + dma_st_0_1                               |  Timing|  -0.00|    65548|  2.183e+05|         -|    65548|      -|        no|        -|         -|    342 (~0%)|   511 (~0%)|    -|
    |  + dma_st_0_1_Pipeline_VITIS_LOOP_6094_1   |  Timing|  -0.00|    65546|  2.183e+05|         -|    65546|      -|        no|        -|         -|    257 (~0%)|   412 (~0%)|    -|
    |   o VITIS_LOOP_6094_1                      |       -|   2.43|    65544|  2.183e+05|        11|        1|  65535|       yes|        -|         -|            -|           -|    -|
    +--------------------------------------------+--------+-------+---------+-----------+----------+---------+-------+----------+---------+----------+-------------+------------+-----+


================================================================
== HW Interfaces
================================================================
* M_AXI
+-------------+------------+---------------+---------+--------+----------+-----------+--------------+--------------+-------------+-------------+-------------------+
| Interface   | Data Width | Address Width | Latency | Offset | Register | Max Widen | Max Read     | Max Write    | Num Read    | Num Write   | Resource Estimate |
|             | (SW->HW)   |               |         |        |          | Bitwidth  | Burst Length | Burst Length | Outstanding | Outstanding |                   |
+-------------+------------+---------------+---------+--------+----------+-----------+--------------+--------------+-------------+-------------+-------------------+
| m_axi_gmem0 | 64 -> 512  | 64            | 0       | slave  | 0        | 512       | 16           | 16           | 16          | 16          | BRAM=30           |
| m_axi_gmem1 | 8 -> 512   | 64            | 0       | slave  | 0        | 512       | 16           | 16           | 16          | 16          | BRAM=30           |
| m_axi_gmem2 | 8 -> 512   | 64            | 0       | slave  | 0        | 512       | 16           | 16           | 16          | 16          | BRAM=30           |
| m_axi_gmem3 | 8 -> 32    | 64            | 0       | slave  | 0        | 512       | 16           | 16           | 16          | 16          | BRAM=2            |
+-------------+------------+---------------+---------+--------+----------+-----------+--------------+--------------+-------------+-------------+-------------------+

* S_AXILITE Interfaces
+---------------+------------+---------------+--------+----------+
| Interface     | Data Width | Address Width | Offset | Register |
+---------------+------------+---------------+--------+----------+
| s_axi_control | 32         | 6             | 16     | 0        |
+---------------+------------+---------------+--------+----------+

* S_AXILITE Registers
+---------------+----------+--------+-------+--------+----------------------+
| Interface     | Register | Offset | Width | Access | Description          |
+---------------+----------+--------+-------+--------+----------------------+
| s_axi_control | v3055_1  | 0x10   | 32    | W      | Data signal of v3055 |
| s_axi_control | v3055_2  | 0x14   | 32    | W      | Data signal of v3055 |
| s_axi_control | v3056_1  | 0x1c   | 32    | W      | Data signal of v3056 |
| s_axi_control | v3056_2  | 0x20   | 32    | W      | Data signal of v3056 |
| s_axi_control | v3057_1  | 0x28   | 32    | W      | Data signal of v3057 |
| s_axi_control | v3057_2  | 0x2c   | 32    | W      | Data signal of v3057 |
| s_axi_control | v3058_1  | 0x34   | 32    | W      | Data signal of v3058 |
| s_axi_control | v3058_2  | 0x38   | 32    | W      | Data signal of v3058 |
+---------------+----------+--------+-------+--------+----------------------+

* TOP LEVEL CONTROL
+-----------+------------+-----------------------------------+
| Interface | Type       | Ports                             |
+-----------+------------+-----------------------------------+
| ap_clk    | clock      | ap_clk                            |
| ap_rst_n  | reset      | ap_rst_n                          |
| ap_ctrl   | ap_ctrl_hs | ap_done ap_idle ap_ready ap_start |
+-----------+------------+-----------------------------------+


================================================================
== SW I/O Information
================================================================
* Top Function Arguments
+----------+-----------+--------------------+
| Argument | Direction | Datatype           |
+----------+-----------+--------------------+
| v3055    | in        | long unsigned int* |
| v3056    | in        | signed char*       |
| v3057    | in        | signed char*       |
| v3058    | out       | signed char*       |
+----------+-----------+--------------------+

* SW-to-HW Mapping
+----------+---------------+-----------+----------+-----------------------------------+
| Argument | HW Interface  | HW Type   | HW Usage | HW Info                           |
+----------+---------------+-----------+----------+-----------------------------------+
| v3055    | m_axi_gmem0   | interface |          |                                   |
| v3055    | s_axi_control | register  | offset   | name=v3055_1 offset=0x10 range=32 |
| v3055    | s_axi_control | register  | offset   | name=v3055_2 offset=0x14 range=32 |
| v3056    | m_axi_gmem1   | interface |          |                                   |
| v3056    | s_axi_control | register  | offset   | name=v3056_1 offset=0x1c range=32 |
| v3056    | s_axi_control | register  | offset   | name=v3056_2 offset=0x20 range=32 |
| v3057    | m_axi_gmem2   | interface |          |                                   |
| v3057    | s_axi_control | register  | offset   | name=v3057_1 offset=0x28 range=32 |
| v3057    | s_axi_control | register  | offset   | name=v3057_2 offset=0x2c range=32 |
| v3058    | m_axi_gmem3   | interface |          |                                   |
| v3058    | s_axi_control | register  | offset   | name=v3058_1 offset=0x34 range=32 |
| v3058    | s_axi_control | register  | offset   | name=v3058_2 offset=0x38 range=32 |
+----------+---------------+-----------+----------+-----------------------------------+


================================================================
== M_AXI Burst Information
================================================================
 Note: All burst requests might be further partitioned into multiple requests during RTL generation based on max_read_burst_length or max_write_burst_length settings.

* Inferred Burst Summary
+--------------+-----------+----------+-------+-----------+------------------+
| HW Interface | Direction | Length   | Width | Loop      | Loop Location    |
+--------------+-----------+----------+-------+-----------+------------------+
| m_axi_gmem0  | read      | 7        | 512   | l_S_i_0_i | kernel.cpp:31:13 |
| m_axi_gmem1  | read      | variable | 512   |           |                  |
| m_axi_gmem2  | read      | variable | 512   |           |                  |
+--------------+-----------+----------+-------+-----------+------------------+

* All M_AXI Variable Accesses
+--------------+----------+--------------------+-----------+--------------+----------+-------------------+--------------------+------------+----------------------------------------------------------------------------------------------------------+
| HW Interface | Variable | Access Location    | Direction | Burst Status | Length   | Loop              | Loop Location      | Resolution | Problem                                                                                                  |
+--------------+----------+--------------------+-----------+--------------+----------+-------------------+--------------------+------------+----------------------------------------------------------------------------------------------------------+
| m_axi_gmem0  | v0       | kernel.cpp:31:13   | read      | Widen Fail   |          | l_S_i_0_i         | kernel.cpp:31:13   | 214-353    | Could not widen since type i512 size is greater than or equal to the max_widen_bitwidth threshold of 512 |
| m_axi_gmem0  | v0       | kernel.cpp:32:19   | read      | Widened      | 7        | l_S_i_0_i         | kernel.cpp:31:13   |            |                                                                                                          |
| m_axi_gmem0  | v0       | kernel.cpp:32:19   | read      | Inferred     | 56       | l_S_i_0_i         | kernel.cpp:31:13   |            |                                                                                                          |
| m_axi_gmem0  | v0       | kernel.cpp:34:19   | read      | Widened      | 7        | l_S_i_0_i         | kernel.cpp:31:13   |            |                                                                                                          |
| m_axi_gmem0  | v0       | kernel.cpp:34:19   | read      | Inferred     | 56       | l_S_i_0_i         | kernel.cpp:31:13   |            |                                                                                                          |
| m_axi_gmem0  | v0       | kernel.cpp:36:19   | read      | Widened      | 7        | l_S_i_0_i         | kernel.cpp:31:13   |            |                                                                                                          |
| m_axi_gmem0  | v0       | kernel.cpp:36:19   | read      | Inferred     | 56       | l_S_i_0_i         | kernel.cpp:31:13   |            |                                                                                                          |
| m_axi_gmem0  | v0       | kernel.cpp:38:19   | read      | Widened      | 7        | l_S_i_0_i         | kernel.cpp:31:13   |            |                                                                                                          |
| m_axi_gmem0  | v0       | kernel.cpp:38:19   | read      | Inferred     | 56       | l_S_i_0_i         | kernel.cpp:31:13   |            |                                                                                                          |
| m_axi_gmem0  | v0       | kernel.cpp:40:20   | read      | Widened      | 7        | l_S_i_0_i         | kernel.cpp:31:13   |            |                                                                                                          |
| m_axi_gmem0  | v0       | kernel.cpp:40:20   | read      | Inferred     | 56       | l_S_i_0_i         | kernel.cpp:31:13   |            |                                                                                                          |
| m_axi_gmem0  | v0       | kernel.cpp:42:20   | read      | Widened      | 7        | l_S_i_0_i         | kernel.cpp:31:13   |            |                                                                                                          |
| m_axi_gmem0  | v0       | kernel.cpp:42:20   | read      | Inferred     | 56       | l_S_i_0_i         | kernel.cpp:31:13   |            |                                                                                                          |
| m_axi_gmem0  | v0       | kernel.cpp:44:20   | read      | Widened      | 7        | l_S_i_0_i         | kernel.cpp:31:13   |            |                                                                                                          |
| m_axi_gmem0  | v0       | kernel.cpp:44:20   | read      | Inferred     | 56       | l_S_i_0_i         | kernel.cpp:31:13   |            |                                                                                                          |
| m_axi_gmem0  | v0       | kernel.cpp:46:20   | read      | Widened      | 7        | l_S_i_0_i         | kernel.cpp:31:13   |            |                                                                                                          |
| m_axi_gmem0  | v0       | kernel.cpp:46:20   | read      | Inferred     | 56       | l_S_i_0_i         | kernel.cpp:31:13   |            |                                                                                                          |
| m_axi_gmem1  | v339     | kernel.cpp:648:21  | read      | Widen Fail   |          | VITIS_LOOP_648_1  | kernel.cpp:648:21  | 214-353    | Could not widen since type i512 size is greater than or equal to the max_widen_bitwidth threshold of 512 |
| m_axi_gmem1  | v339     | kernel.cpp:656:19  | read      | Widened      | variable | VITIS_LOOP_648_1  | kernel.cpp:648:21  |            |                                                                                                          |
| m_axi_gmem1  | v339     | kernel.cpp:656:19  | read      | Inferred     | variable | VITIS_LOOP_648_1  | kernel.cpp:648:21  |            |                                                                                                          |
| m_axi_gmem1  | v339     | kernel.cpp:669:19  | read      | Widened      | variable | VITIS_LOOP_648_1  | kernel.cpp:648:21  |            |                                                                                                          |
| m_axi_gmem1  | v339     | kernel.cpp:669:19  | read      | Inferred     | variable | VITIS_LOOP_648_1  | kernel.cpp:648:21  |            |                                                                                                          |
| m_axi_gmem1  | v339     | kernel.cpp:681:19  | read      | Widened      | variable | VITIS_LOOP_648_1  | kernel.cpp:648:21  |            |                                                                                                          |
| m_axi_gmem1  | v339     | kernel.cpp:681:19  | read      | Inferred     | variable | VITIS_LOOP_648_1  | kernel.cpp:648:21  |            |                                                                                                          |
| m_axi_gmem1  | v339     | kernel.cpp:693:19  | read      | Widened      | variable | VITIS_LOOP_648_1  | kernel.cpp:648:21  |            |                                                                                                          |
| m_axi_gmem1  | v339     | kernel.cpp:693:19  | read      | Inferred     | variable | VITIS_LOOP_648_1  | kernel.cpp:648:21  |            |                                                                                                          |
| m_axi_gmem1  | v339     | kernel.cpp:713:19  | read      | Widened      | variable | VITIS_LOOP_648_1  | kernel.cpp:648:21  |            |                                                                                                          |
| m_axi_gmem1  | v339     | kernel.cpp:713:19  | read      | Inferred     | variable | VITIS_LOOP_648_1  | kernel.cpp:648:21  |            |                                                                                                          |
| m_axi_gmem1  | v339     | kernel.cpp:726:19  | read      | Widened      | variable | VITIS_LOOP_648_1  | kernel.cpp:648:21  |            |                                                                                                          |
| m_axi_gmem1  | v339     | kernel.cpp:726:19  | read      | Inferred     | variable | VITIS_LOOP_648_1  | kernel.cpp:648:21  |            |                                                                                                          |
| m_axi_gmem1  | v339     | kernel.cpp:738:19  | read      | Widened      | variable | VITIS_LOOP_648_1  | kernel.cpp:648:21  |            |                                                                                                          |
| m_axi_gmem1  | v339     | kernel.cpp:738:19  | read      | Inferred     | variable | VITIS_LOOP_648_1  | kernel.cpp:648:21  |            |                                                                                                          |
| m_axi_gmem1  | v339     | kernel.cpp:750:19  | read      | Widened      | variable | VITIS_LOOP_648_1  | kernel.cpp:648:21  |            |                                                                                                          |
| m_axi_gmem1  | v339     | kernel.cpp:750:19  | read      | Inferred     | variable | VITIS_LOOP_648_1  | kernel.cpp:648:21  |            |                                                                                                          |
| m_axi_gmem1  | v339     | kernel.cpp:769:19  | read      | Widened      | variable | VITIS_LOOP_648_1  | kernel.cpp:648:21  |            |                                                                                                          |
| m_axi_gmem1  | v339     | kernel.cpp:769:19  | read      | Inferred     | variable | VITIS_LOOP_648_1  | kernel.cpp:648:21  |            |                                                                                                          |
| m_axi_gmem1  | v339     | kernel.cpp:782:19  | read      | Widened      | variable | VITIS_LOOP_648_1  | kernel.cpp:648:21  |            |                                                                                                          |
| m_axi_gmem1  | v339     | kernel.cpp:782:19  | read      | Inferred     | variable | VITIS_LOOP_648_1  | kernel.cpp:648:21  |            |                                                                                                          |
| m_axi_gmem1  | v339     | kernel.cpp:794:19  | read      | Widened      | variable | VITIS_LOOP_648_1  | kernel.cpp:648:21  |            |                                                                                                          |
| m_axi_gmem1  | v339     | kernel.cpp:794:19  | read      | Inferred     | variable | VITIS_LOOP_648_1  | kernel.cpp:648:21  |            |                                                                                                          |
| m_axi_gmem1  | v339     | kernel.cpp:806:19  | read      | Widened      | variable | VITIS_LOOP_648_1  | kernel.cpp:648:21  |            |                                                                                                          |
| m_axi_gmem1  | v339     | kernel.cpp:806:19  | read      | Inferred     | variable | VITIS_LOOP_648_1  | kernel.cpp:648:21  |            |                                                                                                          |
| m_axi_gmem1  | v339     | kernel.cpp:825:19  | read      | Widened      | variable | VITIS_LOOP_648_1  | kernel.cpp:648:21  |            |                                                                                                          |
| m_axi_gmem1  | v339     | kernel.cpp:825:19  | read      | Inferred     | variable | VITIS_LOOP_648_1  | kernel.cpp:648:21  |            |                                                                                                          |
| m_axi_gmem1  | v339     | kernel.cpp:838:19  | read      | Widened      | variable | VITIS_LOOP_648_1  | kernel.cpp:648:21  |            |                                                                                                          |
| m_axi_gmem1  | v339     | kernel.cpp:838:19  | read      | Inferred     | variable | VITIS_LOOP_648_1  | kernel.cpp:648:21  |            |                                                                                                          |
| m_axi_gmem1  | v339     | kernel.cpp:850:19  | read      | Widened      | variable | VITIS_LOOP_648_1  | kernel.cpp:648:21  |            |                                                                                                          |
| m_axi_gmem1  | v339     | kernel.cpp:850:19  | read      | Inferred     | variable | VITIS_LOOP_648_1  | kernel.cpp:648:21  |            |                                                                                                          |
| m_axi_gmem1  | v339     | kernel.cpp:862:19  | read      | Widened      | variable | VITIS_LOOP_648_1  | kernel.cpp:648:21  |            |                                                                                                          |
| m_axi_gmem1  | v339     | kernel.cpp:862:19  | read      | Inferred     | variable | VITIS_LOOP_648_1  | kernel.cpp:648:21  |            |                                                                                                          |
| m_axi_gmem1  | v339     | kernel.cpp:881:19  | read      | Widened      | variable | VITIS_LOOP_648_1  | kernel.cpp:648:21  |            |                                                                                                          |
| m_axi_gmem1  | v339     | kernel.cpp:881:19  | read      | Inferred     | variable | VITIS_LOOP_648_1  | kernel.cpp:648:21  |            |                                                                                                          |
| m_axi_gmem1  | v339     | kernel.cpp:894:19  | read      | Widened      | variable | VITIS_LOOP_648_1  | kernel.cpp:648:21  |            |                                                                                                          |
| m_axi_gmem1  | v339     | kernel.cpp:894:19  | read      | Inferred     | variable | VITIS_LOOP_648_1  | kernel.cpp:648:21  |            |                                                                                                          |
| m_axi_gmem1  | v339     | kernel.cpp:906:19  | read      | Widened      | variable | VITIS_LOOP_648_1  | kernel.cpp:648:21  |            |                                                                                                          |
| m_axi_gmem1  | v339     | kernel.cpp:906:19  | read      | Inferred     | variable | VITIS_LOOP_648_1  | kernel.cpp:648:21  |            |                                                                                                          |
| m_axi_gmem1  | v339     | kernel.cpp:918:19  | read      | Widened      | variable | VITIS_LOOP_648_1  | kernel.cpp:648:21  |            |                                                                                                          |
| m_axi_gmem1  | v339     | kernel.cpp:918:19  | read      | Inferred     | variable | VITIS_LOOP_648_1  | kernel.cpp:648:21  |            |                                                                                                          |
| m_axi_gmem1  | v339     | kernel.cpp:937:19  | read      | Widened      | variable | VITIS_LOOP_648_1  | kernel.cpp:648:21  |            |                                                                                                          |
| m_axi_gmem1  | v339     | kernel.cpp:937:19  | read      | Inferred     | variable | VITIS_LOOP_648_1  | kernel.cpp:648:21  |            |                                                                                                          |
| m_axi_gmem1  | v339     | kernel.cpp:950:19  | read      | Widened      | variable | VITIS_LOOP_648_1  | kernel.cpp:648:21  |            |                                                                                                          |
| m_axi_gmem1  | v339     | kernel.cpp:950:19  | read      | Inferred     | variable | VITIS_LOOP_648_1  | kernel.cpp:648:21  |            |                                                                                                          |
| m_axi_gmem1  | v339     | kernel.cpp:962:19  | read      | Widened      | variable | VITIS_LOOP_648_1  | kernel.cpp:648:21  |            |                                                                                                          |
| m_axi_gmem1  | v339     | kernel.cpp:962:19  | read      | Inferred     | variable | VITIS_LOOP_648_1  | kernel.cpp:648:21  |            |                                                                                                          |
| m_axi_gmem1  | v339     | kernel.cpp:974:19  | read      | Widened      | variable | VITIS_LOOP_648_1  | kernel.cpp:648:21  |            |                                                                                                          |
| m_axi_gmem1  | v339     | kernel.cpp:974:19  | read      | Inferred     | variable | VITIS_LOOP_648_1  | kernel.cpp:648:21  |            |                                                                                                          |
| m_axi_gmem1  | v339     | kernel.cpp:993:19  | read      | Widened      | variable | VITIS_LOOP_648_1  | kernel.cpp:648:21  |            |                                                                                                          |
| m_axi_gmem1  | v339     | kernel.cpp:993:19  | read      | Inferred     | variable | VITIS_LOOP_648_1  | kernel.cpp:648:21  |            |                                                                                                          |
| m_axi_gmem1  | v339     | kernel.cpp:1006:19 | read      | Widened      | variable | VITIS_LOOP_648_1  | kernel.cpp:648:21  |            |                                                                                                          |
| m_axi_gmem1  | v339     | kernel.cpp:1006:19 | read      | Inferred     | variable | VITIS_LOOP_648_1  | kernel.cpp:648:21  |            |                                                                                                          |
| m_axi_gmem1  | v339     | kernel.cpp:1018:19 | read      | Widened      | variable | VITIS_LOOP_648_1  | kernel.cpp:648:21  |            |                                                                                                          |
| m_axi_gmem1  | v339     | kernel.cpp:1018:19 | read      | Inferred     | variable | VITIS_LOOP_648_1  | kernel.cpp:648:21  |            |                                                                                                          |
| m_axi_gmem1  | v339     | kernel.cpp:1030:19 | read      | Widened      | variable | VITIS_LOOP_648_1  | kernel.cpp:648:21  |            |                                                                                                          |
| m_axi_gmem1  | v339     | kernel.cpp:1030:19 | read      | Inferred     | variable | VITIS_LOOP_648_1  | kernel.cpp:648:21  |            |                                                                                                          |
| m_axi_gmem1  | v339     | kernel.cpp:1049:19 | read      | Widened      | variable | VITIS_LOOP_648_1  | kernel.cpp:648:21  |            |                                                                                                          |
| m_axi_gmem1  | v339     | kernel.cpp:1049:19 | read      | Inferred     | variable | VITIS_LOOP_648_1  | kernel.cpp:648:21  |            |                                                                                                          |
| m_axi_gmem1  | v339     | kernel.cpp:1062:19 | read      | Widened      | variable | VITIS_LOOP_648_1  | kernel.cpp:648:21  |            |                                                                                                          |
| m_axi_gmem1  | v339     | kernel.cpp:1062:19 | read      | Inferred     | variable | VITIS_LOOP_648_1  | kernel.cpp:648:21  |            |                                                                                                          |
| m_axi_gmem1  | v339     | kernel.cpp:1074:19 | read      | Widened      | variable | VITIS_LOOP_648_1  | kernel.cpp:648:21  |            |                                                                                                          |
| m_axi_gmem1  | v339     | kernel.cpp:1074:19 | read      | Inferred     | variable | VITIS_LOOP_648_1  | kernel.cpp:648:21  |            |                                                                                                          |
| m_axi_gmem1  | v339     | kernel.cpp:1086:19 | read      | Widened      | variable | VITIS_LOOP_648_1  | kernel.cpp:648:21  |            |                                                                                                          |
| m_axi_gmem1  | v339     | kernel.cpp:1086:19 | read      | Inferred     | variable | VITIS_LOOP_648_1  | kernel.cpp:648:21  |            |                                                                                                          |
| m_axi_gmem1  | v339     | kernel.cpp:1105:19 | read      | Widened      | variable | VITIS_LOOP_648_1  | kernel.cpp:648:21  |            |                                                                                                          |
| m_axi_gmem1  | v339     | kernel.cpp:1105:19 | read      | Inferred     | variable | VITIS_LOOP_648_1  | kernel.cpp:648:21  |            |                                                                                                          |
| m_axi_gmem1  | v339     | kernel.cpp:1118:19 | read      | Widened      | variable | VITIS_LOOP_648_1  | kernel.cpp:648:21  |            |                                                                                                          |
| m_axi_gmem1  | v339     | kernel.cpp:1118:19 | read      | Inferred     | variable | VITIS_LOOP_648_1  | kernel.cpp:648:21  |            |                                                                                                          |
| m_axi_gmem1  | v339     | kernel.cpp:1130:19 | read      | Widened      | variable | VITIS_LOOP_648_1  | kernel.cpp:648:21  |            |                                                                                                          |
| m_axi_gmem1  | v339     | kernel.cpp:1130:19 | read      | Inferred     | variable | VITIS_LOOP_648_1  | kernel.cpp:648:21  |            |                                                                                                          |
| m_axi_gmem1  | v339     | kernel.cpp:1142:19 | read      | Widened      | variable | VITIS_LOOP_648_1  | kernel.cpp:648:21  |            |                                                                                                          |
| m_axi_gmem1  | v339     | kernel.cpp:1142:19 | read      | Inferred     | variable | VITIS_LOOP_648_1  | kernel.cpp:648:21  |            |                                                                                                          |
| m_axi_gmem1  | v339     | kernel.cpp:1161:19 | read      | Widened      | variable | VITIS_LOOP_648_1  | kernel.cpp:648:21  |            |                                                                                                          |
| m_axi_gmem1  | v339     | kernel.cpp:1161:19 | read      | Inferred     | variable | VITIS_LOOP_648_1  | kernel.cpp:648:21  |            |                                                                                                          |
| m_axi_gmem1  | v339     | kernel.cpp:1174:19 | read      | Widened      | variable | VITIS_LOOP_648_1  | kernel.cpp:648:21  |            |                                                                                                          |
| m_axi_gmem1  | v339     | kernel.cpp:1174:19 | read      | Inferred     | variable | VITIS_LOOP_648_1  | kernel.cpp:648:21  |            |                                                                                                          |
| m_axi_gmem1  | v339     | kernel.cpp:1186:19 | read      | Widened      | variable | VITIS_LOOP_648_1  | kernel.cpp:648:21  |            |                                                                                                          |
| m_axi_gmem1  | v339     | kernel.cpp:1186:19 | read      | Inferred     | variable | VITIS_LOOP_648_1  | kernel.cpp:648:21  |            |                                                                                                          |
| m_axi_gmem1  | v339     | kernel.cpp:1198:19 | read      | Widened      | variable | VITIS_LOOP_648_1  | kernel.cpp:648:21  |            |                                                                                                          |
| m_axi_gmem1  | v339     | kernel.cpp:1198:19 | read      | Inferred     | variable | VITIS_LOOP_648_1  | kernel.cpp:648:21  |            |                                                                                                          |
| m_axi_gmem1  | v339     | kernel.cpp:1217:19 | read      | Widened      | variable | VITIS_LOOP_648_1  | kernel.cpp:648:21  |            |                                                                                                          |
| m_axi_gmem1  | v339     | kernel.cpp:1217:19 | read      | Inferred     | variable | VITIS_LOOP_648_1  | kernel.cpp:648:21  |            |                                                                                                          |
| m_axi_gmem1  | v339     | kernel.cpp:1230:19 | read      | Widened      | variable | VITIS_LOOP_648_1  | kernel.cpp:648:21  |            |                                                                                                          |
| m_axi_gmem1  | v339     | kernel.cpp:1230:19 | read      | Inferred     | variable | VITIS_LOOP_648_1  | kernel.cpp:648:21  |            |                                                                                                          |
| m_axi_gmem1  | v339     | kernel.cpp:1242:19 | read      | Widened      | variable | VITIS_LOOP_648_1  | kernel.cpp:648:21  |            |                                                                                                          |
| m_axi_gmem1  | v339     | kernel.cpp:1242:19 | read      | Inferred     | variable | VITIS_LOOP_648_1  | kernel.cpp:648:21  |            |                                                                                                          |
| m_axi_gmem1  | v339     | kernel.cpp:1254:19 | read      | Widened      | variable | VITIS_LOOP_648_1  | kernel.cpp:648:21  |            |                                                                                                          |
| m_axi_gmem1  | v339     | kernel.cpp:1254:19 | read      | Inferred     | variable | VITIS_LOOP_648_1  | kernel.cpp:648:21  |            |                                                                                                          |
| m_axi_gmem1  | v339     | kernel.cpp:1273:19 | read      | Widened      | variable | VITIS_LOOP_648_1  | kernel.cpp:648:21  |            |                                                                                                          |
| m_axi_gmem1  | v339     | kernel.cpp:1273:19 | read      | Inferred     | variable | VITIS_LOOP_648_1  | kernel.cpp:648:21  |            |                                                                                                          |
| m_axi_gmem1  | v339     | kernel.cpp:1286:19 | read      | Widened      | variable | VITIS_LOOP_648_1  | kernel.cpp:648:21  |            |                                                                                                          |
| m_axi_gmem1  | v339     | kernel.cpp:1286:19 | read      | Inferred     | variable | VITIS_LOOP_648_1  | kernel.cpp:648:21  |            |                                                                                                          |
| m_axi_gmem1  | v339     | kernel.cpp:1298:19 | read      | Widened      | variable | VITIS_LOOP_648_1  | kernel.cpp:648:21  |            |                                                                                                          |
| m_axi_gmem1  | v339     | kernel.cpp:1298:19 | read      | Inferred     | variable | VITIS_LOOP_648_1  | kernel.cpp:648:21  |            |                                                                                                          |
| m_axi_gmem1  | v339     | kernel.cpp:1310:19 | read      | Widened      | variable | VITIS_LOOP_648_1  | kernel.cpp:648:21  |            |                                                                                                          |
| m_axi_gmem1  | v339     | kernel.cpp:1310:19 | read      | Inferred     | variable | VITIS_LOOP_648_1  | kernel.cpp:648:21  |            |                                                                                                          |
| m_axi_gmem1  | v339     | kernel.cpp:1329:19 | read      | Widened      | variable | VITIS_LOOP_648_1  | kernel.cpp:648:21  |            |                                                                                                          |
| m_axi_gmem1  | v339     | kernel.cpp:1329:19 | read      | Inferred     | variable | VITIS_LOOP_648_1  | kernel.cpp:648:21  |            |                                                                                                          |
| m_axi_gmem1  | v339     | kernel.cpp:1342:19 | read      | Widened      | variable | VITIS_LOOP_648_1  | kernel.cpp:648:21  |            |                                                                                                          |
| m_axi_gmem1  | v339     | kernel.cpp:1342:19 | read      | Inferred     | variable | VITIS_LOOP_648_1  | kernel.cpp:648:21  |            |                                                                                                          |
| m_axi_gmem1  | v339     | kernel.cpp:1354:19 | read      | Widened      | variable | VITIS_LOOP_648_1  | kernel.cpp:648:21  |            |                                                                                                          |
| m_axi_gmem1  | v339     | kernel.cpp:1354:19 | read      | Inferred     | variable | VITIS_LOOP_648_1  | kernel.cpp:648:21  |            |                                                                                                          |
| m_axi_gmem1  | v339     | kernel.cpp:1366:19 | read      | Widened      | variable | VITIS_LOOP_648_1  | kernel.cpp:648:21  |            |                                                                                                          |
| m_axi_gmem1  | v339     | kernel.cpp:1366:19 | read      | Inferred     | variable | VITIS_LOOP_648_1  | kernel.cpp:648:21  |            |                                                                                                          |
| m_axi_gmem1  | v339     | kernel.cpp:1385:19 | read      | Widened      | variable | VITIS_LOOP_648_1  | kernel.cpp:648:21  |            |                                                                                                          |
| m_axi_gmem1  | v339     | kernel.cpp:1385:19 | read      | Inferred     | variable | VITIS_LOOP_648_1  | kernel.cpp:648:21  |            |                                                                                                          |
| m_axi_gmem1  | v339     | kernel.cpp:1398:19 | read      | Widened      | variable | VITIS_LOOP_648_1  | kernel.cpp:648:21  |            |                                                                                                          |
| m_axi_gmem1  | v339     | kernel.cpp:1398:19 | read      | Inferred     | variable | VITIS_LOOP_648_1  | kernel.cpp:648:21  |            |                                                                                                          |
| m_axi_gmem1  | v339     | kernel.cpp:1410:19 | read      | Widened      | variable | VITIS_LOOP_648_1  | kernel.cpp:648:21  |            |                                                                                                          |
| m_axi_gmem1  | v339     | kernel.cpp:1410:19 | read      | Inferred     | variable | VITIS_LOOP_648_1  | kernel.cpp:648:21  |            |                                                                                                          |
| m_axi_gmem1  | v339     | kernel.cpp:1422:19 | read      | Widened      | variable | VITIS_LOOP_648_1  | kernel.cpp:648:21  |            |                                                                                                          |
| m_axi_gmem1  | v339     | kernel.cpp:1422:19 | read      | Inferred     | variable | VITIS_LOOP_648_1  | kernel.cpp:648:21  |            |                                                                                                          |
| m_axi_gmem1  | v339     | kernel.cpp:1441:19 | read      | Widened      | variable | VITIS_LOOP_648_1  | kernel.cpp:648:21  |            |                                                                                                          |
| m_axi_gmem1  | v339     | kernel.cpp:1441:19 | read      | Inferred     | variable | VITIS_LOOP_648_1  | kernel.cpp:648:21  |            |                                                                                                          |
| m_axi_gmem1  | v339     | kernel.cpp:1454:19 | read      | Widened      | variable | VITIS_LOOP_648_1  | kernel.cpp:648:21  |            |                                                                                                          |
| m_axi_gmem1  | v339     | kernel.cpp:1454:19 | read      | Inferred     | variable | VITIS_LOOP_648_1  | kernel.cpp:648:21  |            |                                                                                                          |
| m_axi_gmem1  | v339     | kernel.cpp:1466:19 | read      | Widened      | variable | VITIS_LOOP_648_1  | kernel.cpp:648:21  |            |                                                                                                          |
| m_axi_gmem1  | v339     | kernel.cpp:1466:19 | read      | Inferred     | variable | VITIS_LOOP_648_1  | kernel.cpp:648:21  |            |                                                                                                          |
| m_axi_gmem1  | v339     | kernel.cpp:1478:19 | read      | Widened      | variable | VITIS_LOOP_648_1  | kernel.cpp:648:21  |            |                                                                                                          |
| m_axi_gmem1  | v339     | kernel.cpp:1478:19 | read      | Inferred     | variable | VITIS_LOOP_648_1  | kernel.cpp:648:21  |            |                                                                                                          |
| m_axi_gmem1  | v339     | kernel.cpp:1497:19 | read      | Widened      | variable | VITIS_LOOP_648_1  | kernel.cpp:648:21  |            |                                                                                                          |
| m_axi_gmem1  | v339     | kernel.cpp:1497:19 | read      | Inferred     | variable | VITIS_LOOP_648_1  | kernel.cpp:648:21  |            |                                                                                                          |
| m_axi_gmem1  | v339     | kernel.cpp:1510:19 | read      | Widened      | variable | VITIS_LOOP_648_1  | kernel.cpp:648:21  |            |                                                                                                          |
| m_axi_gmem1  | v339     | kernel.cpp:1510:19 | read      | Inferred     | variable | VITIS_LOOP_648_1  | kernel.cpp:648:21  |            |                                                                                                          |
| m_axi_gmem1  | v339     | kernel.cpp:1522:19 | read      | Widened      | variable | VITIS_LOOP_648_1  | kernel.cpp:648:21  |            |                                                                                                          |
| m_axi_gmem1  | v339     | kernel.cpp:1522:19 | read      | Inferred     | variable | VITIS_LOOP_648_1  | kernel.cpp:648:21  |            |                                                                                                          |
| m_axi_gmem1  | v339     | kernel.cpp:1534:19 | read      | Widened      | variable | VITIS_LOOP_648_1  | kernel.cpp:648:21  |            |                                                                                                          |
| m_axi_gmem1  | v339     | kernel.cpp:1534:19 | read      | Inferred     | variable | VITIS_LOOP_648_1  | kernel.cpp:648:21  |            |                                                                                                          |
| m_axi_gmem2  | v340     | kernel.cpp:31:13   | read      | Widen Fail   |          | VITIS_LOOP_1557_2 | kernel.cpp:1557:22 | 214-353    | Could not widen since type i512 size is greater than or equal to the max_widen_bitwidth threshold of 512 |
| m_axi_gmem2  | v340     | kernel.cpp:1565:19 | read      | Widened      | variable | VITIS_LOOP_1557_2 | kernel.cpp:1557:22 |            |                                                                                                          |
| m_axi_gmem2  | v340     | kernel.cpp:1565:19 | read      | Inferred     | variable | VITIS_LOOP_1557_2 | kernel.cpp:1557:22 |            |                                                                                                          |
| m_axi_gmem2  | v340     | kernel.cpp:1578:19 | read      | Widened      | variable | VITIS_LOOP_1557_2 | kernel.cpp:1557:22 |            |                                                                                                          |
| m_axi_gmem2  | v340     | kernel.cpp:1578:19 | read      | Inferred     | variable | VITIS_LOOP_1557_2 | kernel.cpp:1557:22 |            |                                                                                                          |
| m_axi_gmem2  | v340     | kernel.cpp:1590:19 | read      | Widened      | variable | VITIS_LOOP_1557_2 | kernel.cpp:1557:22 |            |                                                                                                          |
| m_axi_gmem2  | v340     | kernel.cpp:1590:19 | read      | Inferred     | variable | VITIS_LOOP_1557_2 | kernel.cpp:1557:22 |            |                                                                                                          |
| m_axi_gmem2  | v340     | kernel.cpp:1602:19 | read      | Widened      | variable | VITIS_LOOP_1557_2 | kernel.cpp:1557:22 |            |                                                                                                          |
| m_axi_gmem2  | v340     | kernel.cpp:1602:19 | read      | Inferred     | variable | VITIS_LOOP_1557_2 | kernel.cpp:1557:22 |            |                                                                                                          |
| m_axi_gmem2  | v340     | kernel.cpp:1622:19 | read      | Widened      | variable | VITIS_LOOP_1557_2 | kernel.cpp:1557:22 |            |                                                                                                          |
| m_axi_gmem2  | v340     | kernel.cpp:1622:19 | read      | Inferred     | variable | VITIS_LOOP_1557_2 | kernel.cpp:1557:22 |            |                                                                                                          |
| m_axi_gmem2  | v340     | kernel.cpp:1635:19 | read      | Widened      | variable | VITIS_LOOP_1557_2 | kernel.cpp:1557:22 |            |                                                                                                          |
| m_axi_gmem2  | v340     | kernel.cpp:1635:19 | read      | Inferred     | variable | VITIS_LOOP_1557_2 | kernel.cpp:1557:22 |            |                                                                                                          |
| m_axi_gmem2  | v340     | kernel.cpp:1647:19 | read      | Widened      | variable | VITIS_LOOP_1557_2 | kernel.cpp:1557:22 |            |                                                                                                          |
| m_axi_gmem2  | v340     | kernel.cpp:1647:19 | read      | Inferred     | variable | VITIS_LOOP_1557_2 | kernel.cpp:1557:22 |            |                                                                                                          |
| m_axi_gmem2  | v340     | kernel.cpp:1659:19 | read      | Widened      | variable | VITIS_LOOP_1557_2 | kernel.cpp:1557:22 |            |                                                                                                          |
| m_axi_gmem2  | v340     | kernel.cpp:1659:19 | read      | Inferred     | variable | VITIS_LOOP_1557_2 | kernel.cpp:1557:22 |            |                                                                                                          |
| m_axi_gmem2  | v340     | kernel.cpp:1678:19 | read      | Widened      | variable | VITIS_LOOP_1557_2 | kernel.cpp:1557:22 |            |                                                                                                          |
| m_axi_gmem2  | v340     | kernel.cpp:1678:19 | read      | Inferred     | variable | VITIS_LOOP_1557_2 | kernel.cpp:1557:22 |            |                                                                                                          |
| m_axi_gmem2  | v340     | kernel.cpp:1691:19 | read      | Widened      | variable | VITIS_LOOP_1557_2 | kernel.cpp:1557:22 |            |                                                                                                          |
| m_axi_gmem2  | v340     | kernel.cpp:1691:19 | read      | Inferred     | variable | VITIS_LOOP_1557_2 | kernel.cpp:1557:22 |            |                                                                                                          |
| m_axi_gmem2  | v340     | kernel.cpp:1703:19 | read      | Widened      | variable | VITIS_LOOP_1557_2 | kernel.cpp:1557:22 |            |                                                                                                          |
| m_axi_gmem2  | v340     | kernel.cpp:1703:19 | read      | Inferred     | variable | VITIS_LOOP_1557_2 | kernel.cpp:1557:22 |            |                                                                                                          |
| m_axi_gmem2  | v340     | kernel.cpp:1715:19 | read      | Widened      | variable | VITIS_LOOP_1557_2 | kernel.cpp:1557:22 |            |                                                                                                          |
| m_axi_gmem2  | v340     | kernel.cpp:1715:19 | read      | Inferred     | variable | VITIS_LOOP_1557_2 | kernel.cpp:1557:22 |            |                                                                                                          |
| m_axi_gmem2  | v340     | kernel.cpp:1734:19 | read      | Widened      | variable | VITIS_LOOP_1557_2 | kernel.cpp:1557:22 |            |                                                                                                          |
| m_axi_gmem2  | v340     | kernel.cpp:1734:19 | read      | Inferred     | variable | VITIS_LOOP_1557_2 | kernel.cpp:1557:22 |            |                                                                                                          |
| m_axi_gmem2  | v340     | kernel.cpp:1747:19 | read      | Widened      | variable | VITIS_LOOP_1557_2 | kernel.cpp:1557:22 |            |                                                                                                          |
| m_axi_gmem2  | v340     | kernel.cpp:1747:19 | read      | Inferred     | variable | VITIS_LOOP_1557_2 | kernel.cpp:1557:22 |            |                                                                                                          |
| m_axi_gmem2  | v340     | kernel.cpp:1759:19 | read      | Widened      | variable | VITIS_LOOP_1557_2 | kernel.cpp:1557:22 |            |                                                                                                          |
| m_axi_gmem2  | v340     | kernel.cpp:1759:19 | read      | Inferred     | variable | VITIS_LOOP_1557_2 | kernel.cpp:1557:22 |            |                                                                                                          |
| m_axi_gmem2  | v340     | kernel.cpp:1771:19 | read      | Widened      | variable | VITIS_LOOP_1557_2 | kernel.cpp:1557:22 |            |                                                                                                          |
| m_axi_gmem2  | v340     | kernel.cpp:1771:19 | read      | Inferred     | variable | VITIS_LOOP_1557_2 | kernel.cpp:1557:22 |            |                                                                                                          |
| m_axi_gmem2  | v340     | kernel.cpp:1790:19 | read      | Widened      | variable | VITIS_LOOP_1557_2 | kernel.cpp:1557:22 |            |                                                                                                          |
| m_axi_gmem2  | v340     | kernel.cpp:1790:19 | read      | Inferred     | variable | VITIS_LOOP_1557_2 | kernel.cpp:1557:22 |            |                                                                                                          |
| m_axi_gmem2  | v340     | kernel.cpp:1803:19 | read      | Widened      | variable | VITIS_LOOP_1557_2 | kernel.cpp:1557:22 |            |                                                                                                          |
| m_axi_gmem2  | v340     | kernel.cpp:1803:19 | read      | Inferred     | variable | VITIS_LOOP_1557_2 | kernel.cpp:1557:22 |            |                                                                                                          |
| m_axi_gmem2  | v340     | kernel.cpp:1815:19 | read      | Widened      | variable | VITIS_LOOP_1557_2 | kernel.cpp:1557:22 |            |                                                                                                          |
| m_axi_gmem2  | v340     | kernel.cpp:1815:19 | read      | Inferred     | variable | VITIS_LOOP_1557_2 | kernel.cpp:1557:22 |            |                                                                                                          |
| m_axi_gmem2  | v340     | kernel.cpp:1827:19 | read      | Widened      | variable | VITIS_LOOP_1557_2 | kernel.cpp:1557:22 |            |                                                                                                          |
| m_axi_gmem2  | v340     | kernel.cpp:1827:19 | read      | Inferred     | variable | VITIS_LOOP_1557_2 | kernel.cpp:1557:22 |            |                                                                                                          |
| m_axi_gmem2  | v340     | kernel.cpp:1846:19 | read      | Widened      | variable | VITIS_LOOP_1557_2 | kernel.cpp:1557:22 |            |                                                                                                          |
| m_axi_gmem2  | v340     | kernel.cpp:1846:19 | read      | Inferred     | variable | VITIS_LOOP_1557_2 | kernel.cpp:1557:22 |            |                                                                                                          |
| m_axi_gmem2  | v340     | kernel.cpp:1859:19 | read      | Widened      | variable | VITIS_LOOP_1557_2 | kernel.cpp:1557:22 |            |                                                                                                          |
| m_axi_gmem2  | v340     | kernel.cpp:1859:19 | read      | Inferred     | variable | VITIS_LOOP_1557_2 | kernel.cpp:1557:22 |            |                                                                                                          |
| m_axi_gmem2  | v340     | kernel.cpp:1871:20 | read      | Widened      | variable | VITIS_LOOP_1557_2 | kernel.cpp:1557:22 |            |                                                                                                          |
| m_axi_gmem2  | v340     | kernel.cpp:1871:20 | read      | Inferred     | variable | VITIS_LOOP_1557_2 | kernel.cpp:1557:22 |            |                                                                                                          |
| m_axi_gmem2  | v340     | kernel.cpp:1883:20 | read      | Widened      | variable | VITIS_LOOP_1557_2 | kernel.cpp:1557:22 |            |                                                                                                          |
| m_axi_gmem2  | v340     | kernel.cpp:1883:20 | read      | Inferred     | variable | VITIS_LOOP_1557_2 | kernel.cpp:1557:22 |            |                                                                                                          |
| m_axi_gmem2  | v340     | kernel.cpp:1902:20 | read      | Widened      | variable | VITIS_LOOP_1557_2 | kernel.cpp:1557:22 |            |                                                                                                          |
| m_axi_gmem2  | v340     | kernel.cpp:1902:20 | read      | Inferred     | variable | VITIS_LOOP_1557_2 | kernel.cpp:1557:22 |            |                                                                                                          |
| m_axi_gmem2  | v340     | kernel.cpp:1915:20 | read      | Widened      | variable | VITIS_LOOP_1557_2 | kernel.cpp:1557:22 |            |                                                                                                          |
| m_axi_gmem2  | v340     | kernel.cpp:1915:20 | read      | Inferred     | variable | VITIS_LOOP_1557_2 | kernel.cpp:1557:22 |            |                                                                                                          |
| m_axi_gmem2  | v340     | kernel.cpp:1927:20 | read      | Widened      | variable | VITIS_LOOP_1557_2 | kernel.cpp:1557:22 |            |                                                                                                          |
| m_axi_gmem2  | v340     | kernel.cpp:1927:20 | read      | Inferred     | variable | VITIS_LOOP_1557_2 | kernel.cpp:1557:22 |            |                                                                                                          |
| m_axi_gmem2  | v340     | kernel.cpp:1939:20 | read      | Widened      | variable | VITIS_LOOP_1557_2 | kernel.cpp:1557:22 |            |                                                                                                          |
| m_axi_gmem2  | v340     | kernel.cpp:1939:20 | read      | Inferred     | variable | VITIS_LOOP_1557_2 | kernel.cpp:1557:22 |            |                                                                                                          |
| m_axi_gmem2  | v340     | kernel.cpp:1958:20 | read      | Widened      | variable | VITIS_LOOP_1557_2 | kernel.cpp:1557:22 |            |                                                                                                          |
| m_axi_gmem2  | v340     | kernel.cpp:1958:20 | read      | Inferred     | variable | VITIS_LOOP_1557_2 | kernel.cpp:1557:22 |            |                                                                                                          |
| m_axi_gmem2  | v340     | kernel.cpp:1971:20 | read      | Widened      | variable | VITIS_LOOP_1557_2 | kernel.cpp:1557:22 |            |                                                                                                          |
| m_axi_gmem2  | v340     | kernel.cpp:1971:20 | read      | Inferred     | variable | VITIS_LOOP_1557_2 | kernel.cpp:1557:22 |            |                                                                                                          |
| m_axi_gmem2  | v340     | kernel.cpp:1983:20 | read      | Widened      | variable | VITIS_LOOP_1557_2 | kernel.cpp:1557:22 |            |                                                                                                          |
| m_axi_gmem2  | v340     | kernel.cpp:1983:20 | read      | Inferred     | variable | VITIS_LOOP_1557_2 | kernel.cpp:1557:22 |            |                                                                                                          |
| m_axi_gmem2  | v340     | kernel.cpp:1995:20 | read      | Widened      | variable | VITIS_LOOP_1557_2 | kernel.cpp:1557:22 |            |                                                                                                          |
| m_axi_gmem2  | v340     | kernel.cpp:1995:20 | read      | Inferred     | variable | VITIS_LOOP_1557_2 | kernel.cpp:1557:22 |            |                                                                                                          |
| m_axi_gmem2  | v340     | kernel.cpp:2014:20 | read      | Widened      | variable | VITIS_LOOP_1557_2 | kernel.cpp:1557:22 |            |                                                                                                          |
| m_axi_gmem2  | v340     | kernel.cpp:2014:20 | read      | Inferred     | variable | VITIS_LOOP_1557_2 | kernel.cpp:1557:22 |            |                                                                                                          |
| m_axi_gmem2  | v340     | kernel.cpp:2027:20 | read      | Widened      | variable | VITIS_LOOP_1557_2 | kernel.cpp:1557:22 |            |                                                                                                          |
| m_axi_gmem2  | v340     | kernel.cpp:2027:20 | read      | Inferred     | variable | VITIS_LOOP_1557_2 | kernel.cpp:1557:22 |            |                                                                                                          |
| m_axi_gmem2  | v340     | kernel.cpp:2039:20 | read      | Widened      | variable | VITIS_LOOP_1557_2 | kernel.cpp:1557:22 |            |                                                                                                          |
| m_axi_gmem2  | v340     | kernel.cpp:2039:20 | read      | Inferred     | variable | VITIS_LOOP_1557_2 | kernel.cpp:1557:22 |            |                                                                                                          |
| m_axi_gmem2  | v340     | kernel.cpp:2051:20 | read      | Widened      | variable | VITIS_LOOP_1557_2 | kernel.cpp:1557:22 |            |                                                                                                          |
| m_axi_gmem2  | v340     | kernel.cpp:2051:20 | read      | Inferred     | variable | VITIS_LOOP_1557_2 | kernel.cpp:1557:22 |            |                                                                                                          |
| m_axi_gmem2  | v340     | kernel.cpp:2070:20 | read      | Widened      | variable | VITIS_LOOP_1557_2 | kernel.cpp:1557:22 |            |                                                                                                          |
| m_axi_gmem2  | v340     | kernel.cpp:2070:20 | read      | Inferred     | variable | VITIS_LOOP_1557_2 | kernel.cpp:1557:22 |            |                                                                                                          |
| m_axi_gmem2  | v340     | kernel.cpp:2083:20 | read      | Widened      | variable | VITIS_LOOP_1557_2 | kernel.cpp:1557:22 |            |                                                                                                          |
| m_axi_gmem2  | v340     | kernel.cpp:2083:20 | read      | Inferred     | variable | VITIS_LOOP_1557_2 | kernel.cpp:1557:22 |            |                                                                                                          |
| m_axi_gmem2  | v340     | kernel.cpp:2095:20 | read      | Widened      | variable | VITIS_LOOP_1557_2 | kernel.cpp:1557:22 |            |                                                                                                          |
| m_axi_gmem2  | v340     | kernel.cpp:2095:20 | read      | Inferred     | variable | VITIS_LOOP_1557_2 | kernel.cpp:1557:22 |            |                                                                                                          |
| m_axi_gmem2  | v340     | kernel.cpp:2107:20 | read      | Widened      | variable | VITIS_LOOP_1557_2 | kernel.cpp:1557:22 |            |                                                                                                          |
| m_axi_gmem2  | v340     | kernel.cpp:2107:20 | read      | Inferred     | variable | VITIS_LOOP_1557_2 | kernel.cpp:1557:22 |            |                                                                                                          |
| m_axi_gmem2  | v340     | kernel.cpp:2126:20 | read      | Widened      | variable | VITIS_LOOP_1557_2 | kernel.cpp:1557:22 |            |                                                                                                          |
| m_axi_gmem2  | v340     | kernel.cpp:2126:20 | read      | Inferred     | variable | VITIS_LOOP_1557_2 | kernel.cpp:1557:22 |            |                                                                                                          |
| m_axi_gmem2  | v340     | kernel.cpp:2139:20 | read      | Widened      | variable | VITIS_LOOP_1557_2 | kernel.cpp:1557:22 |            |                                                                                                          |
| m_axi_gmem2  | v340     | kernel.cpp:2139:20 | read      | Inferred     | variable | VITIS_LOOP_1557_2 | kernel.cpp:1557:22 |            |                                                                                                          |
| m_axi_gmem2  | v340     | kernel.cpp:2151:20 | read      | Widened      | variable | VITIS_LOOP_1557_2 | kernel.cpp:1557:22 |            |                                                                                                          |
| m_axi_gmem2  | v340     | kernel.cpp:2151:20 | read      | Inferred     | variable | VITIS_LOOP_1557_2 | kernel.cpp:1557:22 |            |                                                                                                          |
| m_axi_gmem2  | v340     | kernel.cpp:2163:20 | read      | Widened      | variable | VITIS_LOOP_1557_2 | kernel.cpp:1557:22 |            |                                                                                                          |
| m_axi_gmem2  | v340     | kernel.cpp:2163:20 | read      | Inferred     | variable | VITIS_LOOP_1557_2 | kernel.cpp:1557:22 |            |                                                                                                          |
| m_axi_gmem2  | v340     | kernel.cpp:2182:20 | read      | Widened      | variable | VITIS_LOOP_1557_2 | kernel.cpp:1557:22 |            |                                                                                                          |
| m_axi_gmem2  | v340     | kernel.cpp:2182:20 | read      | Inferred     | variable | VITIS_LOOP_1557_2 | kernel.cpp:1557:22 |            |                                                                                                          |
| m_axi_gmem2  | v340     | kernel.cpp:2195:20 | read      | Widened      | variable | VITIS_LOOP_1557_2 | kernel.cpp:1557:22 |            |                                                                                                          |
| m_axi_gmem2  | v340     | kernel.cpp:2195:20 | read      | Inferred     | variable | VITIS_LOOP_1557_2 | kernel.cpp:1557:22 |            |                                                                                                          |
| m_axi_gmem2  | v340     | kernel.cpp:2207:20 | read      | Widened      | variable | VITIS_LOOP_1557_2 | kernel.cpp:1557:22 |            |                                                                                                          |
| m_axi_gmem2  | v340     | kernel.cpp:2207:20 | read      | Inferred     | variable | VITIS_LOOP_1557_2 | kernel.cpp:1557:22 |            |                                                                                                          |
| m_axi_gmem2  | v340     | kernel.cpp:2219:20 | read      | Widened      | variable | VITIS_LOOP_1557_2 | kernel.cpp:1557:22 |            |                                                                                                          |
| m_axi_gmem2  | v340     | kernel.cpp:2219:20 | read      | Inferred     | variable | VITIS_LOOP_1557_2 | kernel.cpp:1557:22 |            |                                                                                                          |
| m_axi_gmem2  | v340     | kernel.cpp:2238:20 | read      | Widened      | variable | VITIS_LOOP_1557_2 | kernel.cpp:1557:22 |            |                                                                                                          |
| m_axi_gmem2  | v340     | kernel.cpp:2238:20 | read      | Inferred     | variable | VITIS_LOOP_1557_2 | kernel.cpp:1557:22 |            |                                                                                                          |
| m_axi_gmem2  | v340     | kernel.cpp:2251:20 | read      | Widened      | variable | VITIS_LOOP_1557_2 | kernel.cpp:1557:22 |            |                                                                                                          |
| m_axi_gmem2  | v340     | kernel.cpp:2251:20 | read      | Inferred     | variable | VITIS_LOOP_1557_2 | kernel.cpp:1557:22 |            |                                                                                                          |
| m_axi_gmem2  | v340     | kernel.cpp:2263:20 | read      | Widened      | variable | VITIS_LOOP_1557_2 | kernel.cpp:1557:22 |            |                                                                                                          |
| m_axi_gmem2  | v340     | kernel.cpp:2263:20 | read      | Inferred     | variable | VITIS_LOOP_1557_2 | kernel.cpp:1557:22 |            |                                                                                                          |
| m_axi_gmem2  | v340     | kernel.cpp:2275:20 | read      | Widened      | variable | VITIS_LOOP_1557_2 | kernel.cpp:1557:22 |            |                                                                                                          |
| m_axi_gmem2  | v340     | kernel.cpp:2275:20 | read      | Inferred     | variable | VITIS_LOOP_1557_2 | kernel.cpp:1557:22 |            |                                                                                                          |
| m_axi_gmem2  | v340     | kernel.cpp:2294:20 | read      | Widened      | variable | VITIS_LOOP_1557_2 | kernel.cpp:1557:22 |            |                                                                                                          |
| m_axi_gmem2  | v340     | kernel.cpp:2294:20 | read      | Inferred     | variable | VITIS_LOOP_1557_2 | kernel.cpp:1557:22 |            |                                                                                                          |
| m_axi_gmem2  | v340     | kernel.cpp:2307:20 | read      | Widened      | variable | VITIS_LOOP_1557_2 | kernel.cpp:1557:22 |            |                                                                                                          |
| m_axi_gmem2  | v340     | kernel.cpp:2307:20 | read      | Inferred     | variable | VITIS_LOOP_1557_2 | kernel.cpp:1557:22 |            |                                                                                                          |
| m_axi_gmem2  | v340     | kernel.cpp:2319:20 | read      | Widened      | variable | VITIS_LOOP_1557_2 | kernel.cpp:1557:22 |            |                                                                                                          |
| m_axi_gmem2  | v340     | kernel.cpp:2319:20 | read      | Inferred     | variable | VITIS_LOOP_1557_2 | kernel.cpp:1557:22 |            |                                                                                                          |
| m_axi_gmem2  | v340     | kernel.cpp:2331:20 | read      | Widened      | variable | VITIS_LOOP_1557_2 | kernel.cpp:1557:22 |            |                                                                                                          |
| m_axi_gmem2  | v340     | kernel.cpp:2331:20 | read      | Inferred     | variable | VITIS_LOOP_1557_2 | kernel.cpp:1557:22 |            |                                                                                                          |
| m_axi_gmem2  | v340     | kernel.cpp:2350:20 | read      | Widened      | variable | VITIS_LOOP_1557_2 | kernel.cpp:1557:22 |            |                                                                                                          |
| m_axi_gmem2  | v340     | kernel.cpp:2350:20 | read      | Inferred     | variable | VITIS_LOOP_1557_2 | kernel.cpp:1557:22 |            |                                                                                                          |
| m_axi_gmem2  | v340     | kernel.cpp:2363:20 | read      | Widened      | variable | VITIS_LOOP_1557_2 | kernel.cpp:1557:22 |            |                                                                                                          |
| m_axi_gmem2  | v340     | kernel.cpp:2363:20 | read      | Inferred     | variable | VITIS_LOOP_1557_2 | kernel.cpp:1557:22 |            |                                                                                                          |
| m_axi_gmem2  | v340     | kernel.cpp:2375:20 | read      | Widened      | variable | VITIS_LOOP_1557_2 | kernel.cpp:1557:22 |            |                                                                                                          |
| m_axi_gmem2  | v340     | kernel.cpp:2375:20 | read      | Inferred     | variable | VITIS_LOOP_1557_2 | kernel.cpp:1557:22 |            |                                                                                                          |
| m_axi_gmem2  | v340     | kernel.cpp:2387:20 | read      | Widened      | variable | VITIS_LOOP_1557_2 | kernel.cpp:1557:22 |            |                                                                                                          |
| m_axi_gmem2  | v340     | kernel.cpp:2387:20 | read      | Inferred     | variable | VITIS_LOOP_1557_2 | kernel.cpp:1557:22 |            |                                                                                                          |
| m_axi_gmem2  | v340     | kernel.cpp:2406:20 | read      | Widened      | variable | VITIS_LOOP_1557_2 | kernel.cpp:1557:22 |            |                                                                                                          |
| m_axi_gmem2  | v340     | kernel.cpp:2406:20 | read      | Inferred     | variable | VITIS_LOOP_1557_2 | kernel.cpp:1557:22 |            |                                                                                                          |
| m_axi_gmem2  | v340     | kernel.cpp:2419:20 | read      | Widened      | variable | VITIS_LOOP_1557_2 | kernel.cpp:1557:22 |            |                                                                                                          |
| m_axi_gmem2  | v340     | kernel.cpp:2419:20 | read      | Inferred     | variable | VITIS_LOOP_1557_2 | kernel.cpp:1557:22 |            |                                                                                                          |
| m_axi_gmem2  | v340     | kernel.cpp:2431:20 | read      | Widened      | variable | VITIS_LOOP_1557_2 | kernel.cpp:1557:22 |            |                                                                                                          |
| m_axi_gmem2  | v340     | kernel.cpp:2431:20 | read      | Inferred     | variable | VITIS_LOOP_1557_2 | kernel.cpp:1557:22 |            |                                                                                                          |
| m_axi_gmem2  | v340     | kernel.cpp:2443:20 | read      | Widened      | variable | VITIS_LOOP_1557_2 | kernel.cpp:1557:22 |            |                                                                                                          |
| m_axi_gmem2  | v340     | kernel.cpp:2443:20 | read      | Inferred     | variable | VITIS_LOOP_1557_2 | kernel.cpp:1557:22 |            |                                                                                                          |
| m_axi_gmem3  | v2953    | kernel.cpp:6151:18 | write     | Widened      | 1        |                   |                    |            |                                                                                                          |
| m_axi_gmem3  | v2953    | kernel.cpp:6151:18 | write     | Fail         |          | VITIS_LOOP_6094_1 | kernel.cpp:6094:22 | 214-229    | Could not analyze pattern                                                                                |
| m_axi_gmem3  | v2953    | kernel.cpp:6151:18 | write     | Inferred     | 4        | VITIS_LOOP_6094_1 | kernel.cpp:6094:22 |            |                                                                                                          |
| m_axi_gmem3  | v2953    | kernel.cpp:6175:18 | write     | Widened      | 1        |                   |                    |            |                                                                                                          |
| m_axi_gmem3  | v2953    | kernel.cpp:6175:18 | write     | Fail         |          | VITIS_LOOP_6094_1 | kernel.cpp:6094:22 | 214-229    | Could not analyze pattern                                                                                |
| m_axi_gmem3  | v2953    | kernel.cpp:6175:18 | write     | Inferred     | 4        | VITIS_LOOP_6094_1 | kernel.cpp:6094:22 |            |                                                                                                          |
| m_axi_gmem3  | v2953    | kernel.cpp:6199:18 | write     | Widened      | 1        |                   |                    |            |                                                                                                          |
| m_axi_gmem3  | v2953    | kernel.cpp:6199:18 | write     | Fail         |          | VITIS_LOOP_6094_1 | kernel.cpp:6094:22 | 214-229    | Could not analyze pattern                                                                                |
| m_axi_gmem3  | v2953    | kernel.cpp:6199:18 | write     | Inferred     | 4        | VITIS_LOOP_6094_1 | kernel.cpp:6094:22 |            |                                                                                                          |
| m_axi_gmem3  | v2953    | kernel.cpp:6223:18 | write     | Widened      | 1        |                   |                    |            |                                                                                                          |
| m_axi_gmem3  | v2953    | kernel.cpp:6223:18 | write     | Fail         |          | VITIS_LOOP_6094_1 | kernel.cpp:6094:22 | 214-229    | Could not analyze pattern                                                                                |
| m_axi_gmem3  | v2953    | kernel.cpp:6223:18 | write     | Inferred     | 4        | VITIS_LOOP_6094_1 | kernel.cpp:6094:22 |            |                                                                                                          |
+--------------+----------+--------------------+-----------+--------------+----------+-------------------+--------------------+------------+----------------------------------------------------------------------------------------------------------+

    * Resolution URL: docs.xilinx.com/access/sources/dita/topic?Doc_Version=2023.2%20English&url=ug1448-hls-guidance&resourceid=XXX-YYY.html (replace XXX-YYY with column value)

================================================================
== Bind Op Report
================================================================
+--------------------------------------------+-----+--------+--------------+-----+-----------+---------+
| Name                                       | DSP | Pragma | Variable     | Op  | Impl      | Latency |
+--------------------------------------------+-----+--------+--------------+-----+-----------+---------+
| + tinytpu_isa                              | 14  |        |              |     |           |         |
|  + sequencer_0_1                           | 2   |        |              |     |           |         |
|   + sequencer_0_1_Pipeline_l_S_i_0_i       | 0   |        |              |     |           |         |
|     add_ln31_fu_229_p2                     |     |        | add_ln31     | add | fabric    | 0       |
|   + sequencer_0_1_Pipeline_VITIS_LOOP_74_1 | 0   |        |              |     |           |         |
|     add_ln74_fu_60_p2                      |     |        | add_ln74     | add | fabric    | 0       |
|   + sequencer_0_1_Pipeline_VITIS_LOOP_78_2 | 0   |        |              |     |           |         |
|     add_ln78_fu_60_p2                      |     |        | add_ln78     | add | fabric    | 0       |
|   + sequencer_0_1_Pipeline_VITIS_LOOP_82_3 | 0   |        |              |     |           |         |
|     add_ln82_fu_62_p2                      |     |        | add_ln82     | add | fabric    | 0       |
|   + sequencer_0_1_Pipeline_VITIS_LOOP_86_4 | 0   |        |              |     |           |         |
|     add_ln86_fu_60_p2                      |     |        | add_ln86     | add | fabric    | 0       |
|   + sequencer_0_1_Pipeline_VITIS_LOOP_95_5 | 2   |        |              |     |           |         |
|     v36_fu_517_p2                          |     |        | v36          | add | fabric    | 0       |
|     v97_fu_634_p2                          |     |        | v97          | add | fabric    | 0       |
|     v93_fu_740_p2                          |     |        | v93          | add | fabric    | 0       |
|     lp_start_d0                            |     |        | v115         | add | fabric    | 0       |
|     lp_start_d0                            |     |        | v58          | add | fabric    | 0       |
|     v71_fu_753_p2                          |     |        | v71          | add | fabric    | 0       |
|     mul_32s_12ns_32_2_1_U17                | 2   |        | v144         | mul | auto      | 1       |
|     v152_fu_856_p2                         |     |        | v152         | add | fabric    | 0       |
|     v160_fu_875_p2                         |     |        | v160         | add | fabric    | 0       |
|     v168_fu_893_p2                         |     |        | v168         | add | fabric    | 0       |
|     v176_fu_911_p2                         |     |        | v176         | add | fabric    | 0       |
|     mul_32s_12ns_32_2_1_U17                | 2   |        | v221         | mul | auto      | 1       |
|     v201_fu_980_p2                         |     |        | v201         | add | fabric    | 0       |
|     f1_6_fu_991_p2                         |     |        | f1_6         | add | fabric    | 0       |
|     v217_fu_1001_p2                        |     |        | v217         | add | fabric    | 0       |
|     f3_6_fu_1011_p2                        |     |        | f3_6         | add | fabric    | 0       |
|     mul_32s_12ns_32_2_1_U17                | 2   |        | v270         | mul | auto      | 1       |
|     v250_fu_1025_p2                        |     |        | v250         | add | fabric    | 0       |
|     f1_7_fu_1036_p2                        |     |        | f1_7         | add | fabric    | 0       |
|     v266_fu_1046_p2                        |     |        | v266         | add | fabric    | 0       |
|     f3_7_fu_1056_p2                        |     |        | f3_7         | add | fabric    | 0       |
|     lp_start_d0                            |     |        | v335         | add | fabric    | 0       |
|  + dma_ld_0_1                              | 0   |        |              |     |           |         |
|    add_ln642_fu_243_p2                     |     |        | add_ln642    | add | fabric    | 0       |
|    add_ln1551_fu_263_p2                    |     |        | add_ln1551   | add | fabric    | 0       |
|   + dma_ld_0_1_Pipeline_VITIS_LOOP_648_1   | 0   |        |              |     |           |         |
|     add_ln648_fu_373_p2                    |     |        | add_ln648    | add | fabric    | 0       |
|   + dma_ld_0_1_Pipeline_VITIS_LOOP_1557_2  | 0   |        |              |     |           |         |
|     add_ln1557_fu_373_p2                   |     |        | add_ln1557   | add | fabric    | 0       |
|   + dma_ld_0_1_Pipeline_VITIS_LOOP_2469_3  | 0   |        |              |     |           |         |
|     v1305_2_fu_428_p2                      |     |        | v1305_2      | add | fabric    | 0       |
|     v1309_fu_440_p2                        |     |        | v1309        | add | fabric    | 0       |
|     add_ln2525_fu_571_p2                   |     |        | add_ln2525   | add | fabric    | 0       |
|     v1353_fu_584_p2                        |     |        | v1353        | add | fabric    | 0       |
|  + spm_0                                   | 0   |        |              |     |           |         |
|   + spm_0_Pipeline_VITIS_LOOP_2602_1       | 0   |        |              |     |           |         |
|     v1375_2_fu_191_p2                      |     |        | v1375_2      | add | fabric    | 0       |
|     v1379_fu_203_p2                        |     |        | v1379        | add | fabric    | 0       |
|     v1401_fu_330_p2                        |     |        | v1401        | add | fabric    | 0       |
|     v1423_fu_383_p2                        |     |        | v1423        | add | fabric    | 0       |
|  + vru_0                                   | 0   |        |              |     |           |         |
|   + vru_0_Pipeline_VITIS_LOOP_2746_1       | 0   |        |              |     |           |         |
|     v1449_2_fu_207_p2                      |     |        | v1449_2      | add | fabric    | 0       |
|     v1453_fu_219_p2                        |     |        | v1453        | add | fabric    | 0       |
|     v1477_fu_340_p2                        |     |        | v1477        | add | fabric    | 0       |
|     v1493_fu_345_p2                        |     |        | v1493        | add | fabric    | 0       |
|  + wld_0_0                                 | 0   |        |              |     |           |         |
|   + wld_0_0_Pipeline_VITIS_LOOP_2875_1     | 0   |        |              |     |           |         |
|     v1518_2_fu_106_p2                      |     |        | v1518_2      | add | fabric    | 0       |
|  + wld_0_1                                 | 0   |        |              |     |           |         |
|   + wld_0_1_Pipeline_VITIS_LOOP_2957_1     | 0   |        |              |     |           |         |
|     v1551_2_fu_97_p2                       |     |        | v1551_2      | add | fabric    | 0       |
|  + wld_1_0                                 | 0   |        |              |     |           |         |
|   + wld_1_0_Pipeline_VITIS_LOOP_3175_1     | 0   |        |              |     |           |         |
|     v1636_2_fu_106_p2                      |     |        | v1636_2      | add | fabric    | 0       |
|  + pe_0_0                                  | 0   |        |              |     |           |         |
|   + pe_0_0_Pipeline_VITIS_LOOP_4046_1      | 0   |        |              |     |           |         |
|     v1975_2_fu_141_p2                      |     |        | v1975_2      | add | fabric    | 0       |
|     v1979_fu_153_p2                        |     |        | v1979        | add | fabric    | 0       |
|     mul_8s_8s_16_1_1_U235                  |     |        | v2002        | mul | auto      | 0       |
|  + wld_0_2                                 | 0   |        |              |     |           |         |
|   + wld_0_2_Pipeline_VITIS_LOOP_3031_1     | 0   |        |              |     |           |         |
|     v1580_2_fu_97_p2                       |     |        | v1580_2      | add | fabric    | 0       |
|  + wld_1_1                                 | 0   |        |              |     |           |         |
|   + wld_1_1_Pipeline_VITIS_LOOP_3255_1     | 0   |        |              |     |           |         |
|     v1668_2_fu_97_p2                       |     |        | v1668_2      | add | fabric    | 0       |
|  + wld_2_0                                 | 0   |        |              |     |           |         |
|   + wld_2_0_Pipeline_VITIS_LOOP_3473_1     | 0   |        |              |     |           |         |
|     v1753_2_fu_106_p2                      |     |        | v1753_2      | add | fabric    | 0       |
|  + pe_0_1                                  | 0   |        |              |     |           |         |
|   + pe_0_1_Pipeline_VITIS_LOOP_4137_1      | 0   |        |              |     |           |         |
|     v2019_2_fu_134_p2                      |     |        | v2019_2      | add | fabric    | 0       |
|     v2023_fu_146_p2                        |     |        | v2023        | add | fabric    | 0       |
|     mul_8s_8s_16_1_1_U248                  |     |        | v2043        | mul | auto      | 0       |
|  + pe_1_0                                  | 1   |        |              |     |           |         |
|   + pe_1_0_Pipeline_VITIS_LOOP_4385_1      | 1   |        |              |     |           |         |
|     v2142_2_fu_153_p2                      |     |        | v2142_2      | add | fabric    | 0       |
|     v2146_fu_165_p2                        |     |        | v2146        | add | fabric    | 0       |
|     mac_muladd_8s_8s_32s_32_4_1_U276       | 1   |        | v2170        | mul | dsp_slice | 3       |
|     mac_muladd_8s_8s_32s_32_4_1_U276       | 1   |        | v2174        | add | dsp_slice | 3       |
|  + wld_0_3                                 | 0   |        |              |     |           |         |
|   + wld_0_3_Pipeline_VITIS_LOOP_3102_1     | 0   |        |              |     |           |         |
|     v1607_2_fu_87_p2                       |     |        | v1607_2      | add | fabric    | 0       |
|  + wld_1_2                                 | 0   |        |              |     |           |         |
|   + wld_1_2_Pipeline_VITIS_LOOP_3329_1     | 0   |        |              |     |           |         |
|     v1697_2_fu_97_p2                       |     |        | v1697_2      | add | fabric    | 0       |
|  + wld_2_1                                 | 0   |        |              |     |           |         |
|   + wld_2_1_Pipeline_VITIS_LOOP_3551_1     | 0   |        |              |     |           |         |
|     v1784_2_fu_97_p2                       |     |        | v1784_2      | add | fabric    | 0       |
|  + wld_3_0                                 | 0   |        |              |     |           |         |
|   + wld_3_0_Pipeline_VITIS_LOOP_3766_1     | 0   |        |              |     |           |         |
|     v1867_2_fu_91_p2                       |     |        | v1867_2      | add | fabric    | 0       |
|  + pe_0_2                                  | 0   |        |              |     |           |         |
|   + pe_0_2_Pipeline_VITIS_LOOP_4220_1      | 0   |        |              |     |           |         |
|     v2060_2_fu_134_p2                      |     |        | v2060_2      | add | fabric    | 0       |
|     v2064_fu_146_p2                        |     |        | v2064        | add | fabric    | 0       |
|     mul_8s_8s_16_1_1_U258                  |     |        | v2084        | mul | auto      | 0       |
|  + pe_1_1                                  | 1   |        |              |     |           |         |
|   + pe_1_1_Pipeline_VITIS_LOOP_4479_1      | 1   |        |              |     |           |         |
|     v2188_2_fu_142_p2                      |     |        | v2188_2      | add | fabric    | 0       |
|     v2192_fu_154_p2                        |     |        | v2192        | add | fabric    | 0       |
|     mac_muladd_8s_8s_32s_32_4_1_U291       | 1   |        | v2213        | mul | dsp_slice | 3       |
|     mac_muladd_8s_8s_32s_32_4_1_U291       | 1   |        | v2217        | add | dsp_slice | 3       |
|  + pe_2_0                                  | 1   |        |              |     |           |         |
|   + pe_2_0_Pipeline_VITIS_LOOP_4735_1      | 1   |        |              |     |           |         |
|     v2316_2_fu_155_p2                      |     |        | v2316_2      | add | fabric    | 0       |
|     v2320_fu_167_p2                        |     |        | v2320        | add | fabric    | 0       |
|     mac_muladd_8s_8s_32s_32_4_1_U325       | 1   |        | v2344        | mul | dsp_slice | 3       |
|     mac_muladd_8s_8s_32s_32_4_1_U325       | 1   |        | v2348        | add | dsp_slice | 3       |
|  + wld_1_3                                 | 0   |        |              |     |           |         |
|   + wld_1_3_Pipeline_VITIS_LOOP_3400_1     | 0   |        |              |     |           |         |
|     v1724_2_fu_87_p2                       |     |        | v1724_2      | add | fabric    | 0       |
|  + wld_2_2                                 | 0   |        |              |     |           |         |
|   + wld_2_2_Pipeline_VITIS_LOOP_3625_1     | 0   |        |              |     |           |         |
|     v1813_2_fu_97_p2                       |     |        | v1813_2      | add | fabric    | 0       |
|  + wld_3_1                                 | 0   |        |              |     |           |         |
|   + wld_3_1_Pipeline_VITIS_LOOP_3840_1     | 0   |        |              |     |           |         |
|     v1896_2_fu_97_p2                       |     |        | v1896_2      | add | fabric    | 0       |
|  + pe_0_3                                  | 0   |        |              |     |           |         |
|   + pe_0_3_Pipeline_VITIS_LOOP_4302_1      | 0   |        |              |     |           |         |
|     v2100_2_fu_123_p2                      |     |        | v2100_2      | add | fabric    | 0       |
|     v2104_fu_135_p2                        |     |        | v2104        | add | fabric    | 0       |
|     mul_8s_8s_16_1_1_U268                  |     |        | v2124        | mul | auto      | 0       |
|  + pe_1_2                                  | 1   |        |              |     |           |         |
|   + pe_1_2_Pipeline_VITIS_LOOP_4565_1      | 1   |        |              |     |           |         |
|     v2231_2_fu_142_p2                      |     |        | v2231_2      | add | fabric    | 0       |
|     v2235_fu_154_p2                        |     |        | v2235        | add | fabric    | 0       |
|     mac_muladd_8s_8s_32s_32_4_1_U303       | 1   |        | v2256        | mul | dsp_slice | 3       |
|     mac_muladd_8s_8s_32s_32_4_1_U303       | 1   |        | v2260        | add | dsp_slice | 3       |
|  + pe_2_1                                  | 1   |        |              |     |           |         |
|   + pe_2_1_Pipeline_VITIS_LOOP_4829_1      | 1   |        |              |     |           |         |
|     v2362_2_fu_142_p2                      |     |        | v2362_2      | add | fabric    | 0       |
|     v2366_fu_154_p2                        |     |        | v2366        | add | fabric    | 0       |
|     mac_muladd_8s_8s_32s_32_4_1_U339       | 1   |        | v2387        | mul | dsp_slice | 3       |
|     mac_muladd_8s_8s_32s_32_4_1_U339       | 1   |        | v2391        | add | dsp_slice | 3       |
|  + pe_3_0                                  | 1   |        |              |     |           |         |
|   + pe_3_0_Pipeline_VITIS_LOOP_5084_1      | 1   |        |              |     |           |         |
|     v2489_2_fu_146_p2                      |     |        | v2489_2      | add | fabric    | 0       |
|     v2493_fu_158_p2                        |     |        | v2493        | add | fabric    | 0       |
|     mac_muladd_8s_8s_32s_32_4_1_U373       | 1   |        | v2516        | mul | dsp_slice | 3       |
|     mac_muladd_8s_8s_32s_32_4_1_U373       | 1   |        | v2520        | add | dsp_slice | 3       |
|  + wld_2_3                                 | 0   |        |              |     |           |         |
|   + wld_2_3_Pipeline_VITIS_LOOP_3696_1     | 0   |        |              |     |           |         |
|     v1840_2_fu_87_p2                       |     |        | v1840_2      | add | fabric    | 0       |
|  + wld_3_2                                 | 0   |        |              |     |           |         |
|   + wld_3_2_Pipeline_VITIS_LOOP_3914_1     | 0   |        |              |     |           |         |
|     v1925_2_fu_97_p2                       |     |        | v1925_2      | add | fabric    | 0       |
|  + pe_1_3                                  | 1   |        |              |     |           |         |
|   + pe_1_3_Pipeline_VITIS_LOOP_4650_1      | 1   |        |              |     |           |         |
|     v2273_2_fu_131_p2                      |     |        | v2273_2      | add | fabric    | 0       |
|     v2277_fu_143_p2                        |     |        | v2277        | add | fabric    | 0       |
|     mac_muladd_8s_8s_32s_32_4_1_U315       | 1   |        | v2298        | mul | dsp_slice | 3       |
|     mac_muladd_8s_8s_32s_32_4_1_U315       | 1   |        | v2302        | add | dsp_slice | 3       |
|  + pe_2_2                                  | 1   |        |              |     |           |         |
|   + pe_2_2_Pipeline_VITIS_LOOP_4915_1      | 1   |        |              |     |           |         |
|     v2405_2_fu_142_p2                      |     |        | v2405_2      | add | fabric    | 0       |
|     v2409_fu_154_p2                        |     |        | v2409        | add | fabric    | 0       |
|     mac_muladd_8s_8s_32s_32_4_1_U351       | 1   |        | v2430        | mul | dsp_slice | 3       |
|     mac_muladd_8s_8s_32s_32_4_1_U351       | 1   |        | v2434        | add | dsp_slice | 3       |
|  + pe_3_1                                  | 1   |        |              |     |           |         |
|   + pe_3_1_Pipeline_VITIS_LOOP_5186_1      | 1   |        |              |     |           |         |
|     v2538_2_fu_158_p2                      |     |        | v2538_2      | add | fabric    | 0       |
|     v2542_fu_170_p2                        |     |        | v2542        | add | fabric    | 0       |
|     mac_muladd_8s_8s_32s_32_4_1_U385       | 1   |        | v2563        | mul | dsp_slice | 3       |
|     mac_muladd_8s_8s_32s_32_4_1_U385       | 1   |        | v2567        | add | dsp_slice | 3       |
|  + wld_3_3                                 | 0   |        |              |     |           |         |
|   + wld_3_3_Pipeline_VITIS_LOOP_3985_1     | 0   |        |              |     |           |         |
|     v1952_2_fu_87_p2                       |     |        | v1952_2      | add | fabric    | 0       |
|  + pe_2_3                                  | 1   |        |              |     |           |         |
|   + pe_2_3_Pipeline_VITIS_LOOP_5000_1      | 1   |        |              |     |           |         |
|     v2447_2_fu_131_p2                      |     |        | v2447_2      | add | fabric    | 0       |
|     v2451_fu_143_p2                        |     |        | v2451        | add | fabric    | 0       |
|     mac_muladd_8s_8s_32s_32_4_1_U363       | 1   |        | v2472        | mul | dsp_slice | 3       |
|     mac_muladd_8s_8s_32s_32_4_1_U363       | 1   |        | v2476        | add | dsp_slice | 3       |
|  + pe_3_2                                  | 1   |        |              |     |           |         |
|   + pe_3_2_Pipeline_VITIS_LOOP_5284_1      | 1   |        |              |     |           |         |
|     v2586_2_fu_158_p2                      |     |        | v2586_2      | add | fabric    | 0       |
|     v2590_fu_170_p2                        |     |        | v2590        | add | fabric    | 0       |
|     mac_muladd_8s_8s_32s_32_4_1_U399       | 1   |        | v2611        | mul | dsp_slice | 3       |
|     mac_muladd_8s_8s_32s_32_4_1_U399       | 1   |        | v2615        | add | dsp_slice | 3       |
|  + pe_3_3                                  | 1   |        |              |     |           |         |
|   + pe_3_3_Pipeline_VITIS_LOOP_5381_1      | 1   |        |              |     |           |         |
|     v2633_2_fu_147_p2                      |     |        | v2633_2      | add | fabric    | 0       |
|     v2637_fu_159_p2                        |     |        | v2637        | add | fabric    | 0       |
|     mac_muladd_8s_8s_32s_32_4_1_U413       | 1   |        | v2658        | mul | dsp_slice | 3       |
|     mac_muladd_8s_8s_32s_32_4_1_U413       | 1   |        | v2662        | add | dsp_slice | 3       |
|  + accu_0                                  | 0   |        |              |     |           |         |
|   + accu_0_Pipeline_VITIS_LOOP_5483_1      | 0   |        |              |     |           |         |
|     v2677_2_fu_300_p2                      |     |        | v2677_2      | add | fabric    | 0       |
|     v2681_fu_312_p2                        |     |        | v2681        | add | fabric    | 0       |
|     v2718_fu_490_p2                        |     |        | v2718        | add | fabric    | 0       |
|     v2724_fu_496_p2                        |     |        | v2724        | add | fabric    | 0       |
|     v2750_fu_530_p2                        |     |        | v2750        | add | fabric    | 0       |
|     v2826_fu_696_p2                        |     |        | v2826        | add | fabric    | 0       |
|     v2839_fu_712_p2                        |     |        | v2839        | add | fabric    | 0       |
|     v2852_fu_728_p2                        |     |        | v2852        | add | fabric    | 0       |
|     v2865_fu_744_p2                        |     |        | v2865        | add | fabric    | 0       |
|     v2769_fu_765_p2                        |     |        | v2769        | add | fabric    | 0       |
|     v2782_fu_791_p2                        |     |        | v2782        | add | fabric    | 0       |
|     v2795_fu_817_p2                        |     |        | v2795        | add | fabric    | 0       |
|     v2808_fu_843_p2                        |     |        | v2808        | add | fabric    | 0       |
|  + dma_st_0_1                              | 0   |        |              |     |           |         |
|   + dma_st_0_1_Pipeline_VITIS_LOOP_6094_1  | 0   |        |              |     |           |         |
|     v2962_2_fu_185_p2                      |     |        | v2962_2      | add | fabric    | 0       |
|     v2966_fu_197_p2                        |     |        | v2966        | add | fabric    | 0       |
|     add_ln6151_fu_298_p2                   |     |        | add_ln6151   | add | fabric    | 0       |
|     add_ln6151_1_fu_317_p2                 |     |        | add_ln6151_1 | add | fabric    | 0       |
|     add_ln6151_2_fu_326_p2                 |     |        | add_ln6151_2 | add | fabric    | 0       |
+--------------------------------------------+-----+--------+--------------+-----+-----------+---------+


================================================================
== Storage Report
================================================================
+---------------------------------------+---------------+-------------+------+------+--------+----------+------+---------+------------------+
| Name                                  | Usage         | Type        | BRAM | URAM | Pragma | Variable | Impl | Latency | Bitwidth, Depth, |
|                                       |               |             |      |      |        |          |      |         | Banks            |
+---------------------------------------+---------------+-------------+------+------+--------+----------+------+---------+------------------+
| + tinytpu_isa                         |               |             | 98   | 0    |        |          |      |         |                  |
|   control_s_axi_U                     | interface     | s_axilite   |      |      |        |          |      |         |                  |
|   gmem0_m_axi_U                       | interface     | m_axi       | 30   |      |        |          |      |         |                  |
|   gmem1_m_axi_U                       | interface     | m_axi       | 30   |      |        |          |      |         |                  |
|   gmem2_m_axi_U                       | interface     | m_axi       | 30   |      |        |          |      |         |                  |
|   gmem3_m_axi_U                       | interface     | m_axi       | 2    |      |        |          |      |         |                  |
|   v3058_c_U                           | fifo channel  | scalar prop |      |      |        | v3058_c  | srl  | 0       | 64, 14, 1        |
|   v3059_U                             | fifo channel  | stream      |      |      |        | v3059    | srl  | 0       | 64, 8, 1         |
|   v3060_U                             | fifo channel  | stream      |      |      |        | v3060    | srl  | 0       | 64, 8, 1         |
|   v3061_U                             | fifo channel  | stream      |      |      |        | v3061    | srl  | 0       | 64, 8, 1         |
|   v3062_U                             | fifo channel  | stream      |      |      |        | v3062    | srl  | 0       | 64, 8, 1         |
|   v3063_U                             | fifo channel  | stream      |      |      |        | v3063    | srl  | 0       | 64, 8, 1         |
|   v3065_U                             | fifo channel  | stream      |      |      |        | v3065    | srl  | 0       | 32, 8, 1         |
|   v3064_U                             | fifo channel  | stream      |      |      |        | v3064    | srl  | 0       | 32, 8, 1         |
|   v3068_U                             | fifo channel  | stream      |      |      |        | v3068    | srl  | 0       | 32, 8, 1         |
|   v3066_U                             | fifo channel  | stream      |      |      |        | v3066    | srl  | 0       | 32, 8, 1         |
|   v3088_U                             | fifo channel  | stream      |      |      |        | v3088    | srl  | 0       | 32, 8, 1         |
|   v3069_U                             | fifo channel  | stream      |      |      |        | v3069    | srl  | 0       | 32, 8, 1         |
|   v3072_U                             | fifo channel  | stream      |      |      |        | v3072    | srl  | 0       | 32, 8, 1         |
|   v3128_U                             | fifo channel  | stream      |      |      |        | v3128    | srl  | 0       | 32, 4, 1         |
|   v3073_U                             | fifo channel  | stream      |      |      |        | v3073    | srl  | 0       | 32, 8, 1         |
|   v3129_U                             | fifo channel  | stream      |      |      |        | v3129    | srl  | 0       | 32, 4, 1         |
|   v3074_U                             | fifo channel  | stream      |      |      |        | v3074    | srl  | 0       | 32, 8, 1         |
|   v3130_U                             | fifo channel  | stream      |      |      |        | v3130    | srl  | 0       | 32, 4, 1         |
|   v3131_U                             | fifo channel  | stream      |      |      |        | v3131    | srl  | 0       | 32, 4, 1         |
|   v3070_U                             | fifo channel  | stream      |      |      |        | v3070    | srl  | 0       | 32, 8, 1         |
|   v3076_U                             | fifo channel  | stream      |      |      |        | v3076    | srl  | 0       | 32, 8, 1         |
|   v3132_U                             | fifo channel  | stream      |      |      |        | v3132    | srl  | 0       | 32, 4, 1         |
|   v3077_U                             | fifo channel  | stream      |      |      |        | v3077    | srl  | 0       | 32, 8, 1         |
|   v3133_U                             | fifo channel  | stream      |      |      |        | v3133    | srl  | 0       | 32, 4, 1         |
|   v3078_U                             | fifo channel  | stream      |      |      |        | v3078    | srl  | 0       | 32, 8, 1         |
|   v3134_U                             | fifo channel  | stream      |      |      |        | v3134    | srl  | 0       | 32, 4, 1         |
|   v3135_U                             | fifo channel  | stream      |      |      |        | v3135    | srl  | 0       | 32, 4, 1         |
|   v3071_U                             | fifo channel  | stream      |      |      |        | v3071    | srl  | 0       | 32, 8, 1         |
|   v3080_U                             | fifo channel  | stream      |      |      |        | v3080    | srl  | 0       | 32, 8, 1         |
|   v3136_U                             | fifo channel  | stream      |      |      |        | v3136    | srl  | 0       | 32, 4, 1         |
|   v3081_U                             | fifo channel  | stream      |      |      |        | v3081    | srl  | 0       | 32, 8, 1         |
|   v3137_U                             | fifo channel  | stream      |      |      |        | v3137    | srl  | 0       | 32, 4, 1         |
|   v3082_U                             | fifo channel  | stream      |      |      |        | v3082    | srl  | 0       | 32, 8, 1         |
|   v3138_U                             | fifo channel  | stream      |      |      |        | v3138    | srl  | 0       | 32, 4, 1         |
|   v3139_U                             | fifo channel  | stream      |      |      |        | v3139    | srl  | 0       | 32, 4, 1         |
|   v3084_U                             | fifo channel  | stream      |      |      |        | v3084    | srl  | 0       | 32, 8, 1         |
|   v3140_U                             | fifo channel  | stream      |      |      |        | v3140    | srl  | 0       | 32, 4, 1         |
|   v3085_U                             | fifo channel  | stream      |      |      |        | v3085    | srl  | 0       | 32, 8, 1         |
|   v3141_U                             | fifo channel  | stream      |      |      |        | v3141    | srl  | 0       | 32, 4, 1         |
|   v3086_U                             | fifo channel  | stream      |      |      |        | v3086    | srl  | 0       | 32, 8, 1         |
|   v3142_U                             | fifo channel  | stream      |      |      |        | v3142    | srl  | 0       | 32, 4, 1         |
|   v3143_U                             | fifo channel  | stream      |      |      |        | v3143    | srl  | 0       | 32, 4, 1         |
|   v3089_U                             | fifo channel  | stream      |      |      |        | v3089    | srl  | 0       | 32, 8, 1         |
|   v3108_U                             | fifo channel  | stream      |      |      |        | v3108    | srl  | 0       | 32, 8, 1         |
|   v3092_U                             | fifo channel  | stream      |      |      |        | v3092    | srl  | 0       | 8, 8, 1          |
|   v3109_U                             | fifo channel  | stream      |      |      |        | v3109    | srl  | 0       | 32, 8, 1         |
|   v3093_U                             | fifo channel  | stream      |      |      |        | v3093    | srl  | 0       | 8, 8, 1          |
|   v3110_U                             | fifo channel  | stream      |      |      |        | v3110    | srl  | 0       | 32, 8, 1         |
|   v3094_U                             | fifo channel  | stream      |      |      |        | v3094    | srl  | 0       | 8, 8, 1          |
|   v3111_U                             | fifo channel  | stream      |      |      |        | v3111    | srl  | 0       | 32, 8, 1         |
|   v3090_U                             | fifo channel  | stream      |      |      |        | v3090    | srl  | 0       | 32, 8, 1         |
|   v3112_U                             | fifo channel  | stream      |      |      |        | v3112    | srl  | 0       | 32, 8, 1         |
|   v3096_U                             | fifo channel  | stream      |      |      |        | v3096    | srl  | 0       | 8, 8, 1          |
|   v3113_U                             | fifo channel  | stream      |      |      |        | v3113    | srl  | 0       | 32, 8, 1         |
|   v3097_U                             | fifo channel  | stream      |      |      |        | v3097    | srl  | 0       | 8, 8, 1          |
|   v3114_U                             | fifo channel  | stream      |      |      |        | v3114    | srl  | 0       | 32, 8, 1         |
|   v3098_U                             | fifo channel  | stream      |      |      |        | v3098    | srl  | 0       | 8, 8, 1          |
|   v3115_U                             | fifo channel  | stream      |      |      |        | v3115    | srl  | 0       | 32, 8, 1         |
|   v3091_U                             | fifo channel  | stream      |      |      |        | v3091    | srl  | 0       | 32, 8, 1         |
|   v3116_U                             | fifo channel  | stream      |      |      |        | v3116    | srl  | 0       | 32, 8, 1         |
|   v3100_U                             | fifo channel  | stream      |      |      |        | v3100    | srl  | 0       | 8, 8, 1          |
|   v3117_U                             | fifo channel  | stream      |      |      |        | v3117    | srl  | 0       | 32, 8, 1         |
|   v3101_U                             | fifo channel  | stream      |      |      |        | v3101    | srl  | 0       | 8, 8, 1          |
|   v3118_U                             | fifo channel  | stream      |      |      |        | v3118    | srl  | 0       | 32, 8, 1         |
|   v3102_U                             | fifo channel  | stream      |      |      |        | v3102    | srl  | 0       | 8, 8, 1          |
|   v3119_U                             | fifo channel  | stream      |      |      |        | v3119    | srl  | 0       | 32, 8, 1         |
|   v3124_U                             | fifo channel  | stream      |      |      |        | v3124    | srl  | 0       | 128, 8, 1        |
|   v3104_U                             | fifo channel  | stream      |      |      |        | v3104    | srl  | 0       | 8, 8, 1          |
|   v3125_U                             | fifo channel  | stream      |      |      |        | v3125    | srl  | 0       | 128, 8, 1        |
|   v3105_U                             | fifo channel  | stream      |      |      |        | v3105    | srl  | 0       | 8, 8, 1          |
|   v3126_U                             | fifo channel  | stream      |      |      |        | v3126    | srl  | 0       | 128, 8, 1        |
|   v3106_U                             | fifo channel  | stream      |      |      |        | v3106    | srl  | 0       | 8, 8, 1          |
|   v3127_U                             | fifo channel  | stream      |      |      |        | v3127    | srl  | 0       | 128, 8, 1        |
|   v3067_U                             | fifo channel  | stream      |      |      |        | v3067    | srl  | 0       | 32, 8, 1         |
|  + sequencer_0_1                      |               |             | 0    | 0    |        |          |      |         |                  |
|    ib_U                               | ram_1p array  |             |      |      |        | ib       | auto | 1       | 64, 7, 1         |
|    ib_1_U                             | ram_1p array  |             |      |      |        | ib_1     | auto | 1       | 64, 7, 1         |
|    ib_2_U                             | ram_1p array  |             |      |      |        | ib_2     | auto | 1       | 64, 7, 1         |
|    ib_3_U                             | ram_1p array  |             |      |      |        | ib_3     | auto | 1       | 64, 7, 1         |
|    ib_4_U                             | ram_1p array  |             |      |      |        | ib_4     | auto | 1       | 64, 7, 1         |
|    ib_5_U                             | ram_1p array  |             |      |      |        | ib_5     | auto | 1       | 64, 7, 1         |
|    ib_6_U                             | ram_1p array  |             |      |      |        | ib_6     | auto | 1       | 64, 7, 1         |
|    ib_7_U                             | ram_1p array  |             |      |      |        | ib_7     | auto | 1       | 64, 7, 1         |
|    lp_start_U                         | ram_1p array  |             |      |      |        | lp_start | auto | 1       | 32, 4, 1         |
|    lp_iv_U                            | ram_1p array  |             |      |      |        | lp_iv    | auto | 1       | 32, 4, 1         |
|    lp_trip_U                          | ram_1p array  |             |      |      |        | lp_trip  | auto | 1       | 8, 4, 1          |
|    iv_now_U                           | rom_np array  |             |      |      |        | iv_now   | auto | 1       | 32, 4, 1         |
|  + dma_ld_0_1                         |               |             | 0    | 0    |        |          |      |         |                  |
|    rbA_U                              | ram_t2p array |             |      |      |        | rbA      | auto | 1       | 32, 8, 1         |
|    rbA_1_U                            | ram_t2p array |             |      |      |        | rbA_1    | auto | 1       | 32, 8, 1         |
|    rbA_2_U                            | ram_t2p array |             |      |      |        | rbA_2    | auto | 1       | 32, 8, 1         |
|    rbA_3_U                            | ram_t2p array |             |      |      |        | rbA_3    | auto | 1       | 32, 8, 1         |
|    rbA_4_U                            | ram_t2p array |             |      |      |        | rbA_4    | auto | 1       | 32, 8, 1         |
|    rbA_5_U                            | ram_t2p array |             |      |      |        | rbA_5    | auto | 1       | 32, 8, 1         |
|    rbA_6_U                            | ram_t2p array |             |      |      |        | rbA_6    | auto | 1       | 32, 8, 1         |
|    rbA_7_U                            | ram_t2p array |             |      |      |        | rbA_7    | auto | 1       | 32, 8, 1         |
|    rbB_U                              | ram_t2p array |             |      |      |        | rbB      | auto | 1       | 32, 8, 1         |
|    rbB_1_U                            | ram_t2p array |             |      |      |        | rbB_1    | auto | 1       | 32, 8, 1         |
|    rbB_2_U                            | ram_t2p array |             |      |      |        | rbB_2    | auto | 1       | 32, 8, 1         |
|    rbB_3_U                            | ram_t2p array |             |      |      |        | rbB_3    | auto | 1       | 32, 8, 1         |
|    rbB_4_U                            | ram_t2p array |             |      |      |        | rbB_4    | auto | 1       | 32, 8, 1         |
|    rbB_5_U                            | ram_t2p array |             |      |      |        | rbB_5    | auto | 1       | 32, 8, 1         |
|    rbB_6_U                            | ram_t2p array |             |      |      |        | rbB_6    | auto | 1       | 32, 8, 1         |
|    rbB_7_U                            | ram_t2p array |             |      |      |        | rbB_7    | auto | 1       | 32, 8, 1         |
|  + spm_0                              |               |             | 1    | 0    |        |          |      |         |                  |
|   + spm_0_Pipeline_VITIS_LOOP_2602_1  |               |             | 1    | 0    |        |          |      |         |                  |
|     spad_U                            | ram_1p array  |             | 1    |      |        | spad     | auto | 1       | 32, 512, 1       |
|  + vru_0                              |               |             | 1    | 0    |        |          |      |         |                  |
|   + vru_0_Pipeline_VITIS_LOOP_2746_1  |               |             | 1    | 0    |        |          |      |         |                  |
|     vr_U                              | ram_1p array  |             | 1    |      |        | vr       | auto | 1       | 32, 256, 1       |
|  + accu_0                             |               |             | 4    | 0    |        |          |      |         |                  |
|   + accu_0_Pipeline_VITIS_LOOP_5483_1 |               |             | 4    | 0    |        |          |      |         |                  |
|     ar_U                              | ram_s2p array |             | 4    |      |        | ar       | auto | 1       | 128, 128, 1      |
+---------------------------------------+---------------+-------------+------+------+--------+----------+------+---------+------------------+


================================================================
== Pragma Report
================================================================
* Valid Pragma Syntax
+-----------------+------------------------------------------------------+---------------------------------------+
| Type            | Options                                              | Location                              |
+-----------------+------------------------------------------------------+---------------------------------------+
| array_partition | variable=ib cyclic dim=1 factor=8                    | kernel.cpp:29 in sequencer_0, ib      |
| dependence      | variable=ar inter false                              | kernel.cpp:5484 in accu_0, ar         |
| interface       | m_axi port=v3055 offset=slave bundle=gmem0 depth=56  | kernel.cpp:6234 in tinytpu_isa, v3055 |
| interface       | m_axi port=v3056 offset=slave bundle=gmem1 depth=256 | kernel.cpp:6235 in tinytpu_isa, v3056 |
| interface       | m_axi port=v3057 offset=slave bundle=gmem2 depth=256 | kernel.cpp:6236 in tinytpu_isa, v3057 |
| interface       | m_axi port=v3058 offset=slave bundle=gmem3 depth=256 | kernel.cpp:6237 in tinytpu_isa, v3058 |
| dataflow        |                                                      | kernel.cpp:6238 in tinytpu_isa        |
| stream          | variable=v3059 depth=8                               | kernel.cpp:6240 in tinytpu_isa, v3059 |
| stream          | variable=v3060 depth=8                               | kernel.cpp:6242 in tinytpu_isa, v3060 |
| stream          | variable=v3061 depth=8                               | kernel.cpp:6244 in tinytpu_isa, v3061 |
| stream          | variable=v3062 depth=8                               | kernel.cpp:6246 in tinytpu_isa, v3062 |
| stream          | variable=v3063 depth=8                               | kernel.cpp:6248 in tinytpu_isa, v3063 |
| stream          | variable=v3064 depth=8                               | kernel.cpp:6250 in tinytpu_isa, v3064 |
| stream          | variable=v3065 depth=8                               | kernel.cpp:6252 in tinytpu_isa, v3065 |
| stream          | variable=v3066 depth=8                               | kernel.cpp:6254 in tinytpu_isa, v3066 |
| stream          | variable=v3067 depth=8                               | kernel.cpp:6256 in tinytpu_isa, v3067 |
| stream          | variable=v3068 depth=8                               | kernel.cpp:6258 in tinytpu_isa, v3068 |
| stream          | variable=v3069 depth=8                               | kernel.cpp:6260 in tinytpu_isa, v3069 |
| stream          | variable=v3070 depth=8                               | kernel.cpp:6262 in tinytpu_isa, v3070 |
| stream          | variable=v3071 depth=8                               | kernel.cpp:6264 in tinytpu_isa, v3071 |
| stream          | variable=v3072 depth=8                               | kernel.cpp:6266 in tinytpu_isa, v3072 |
| stream          | variable=v3073 depth=8                               | kernel.cpp:6268 in tinytpu_isa, v3073 |
| stream          | variable=v3074 depth=8                               | kernel.cpp:6270 in tinytpu_isa, v3074 |
| stream          | variable=v3075 depth=8                               | kernel.cpp:6272 in tinytpu_isa, v3075 |
| stream          | variable=v3076 depth=8                               | kernel.cpp:6274 in tinytpu_isa, v3076 |
| stream          | variable=v3077 depth=8                               | kernel.cpp:6276 in tinytpu_isa, v3077 |
| stream          | variable=v3078 depth=8                               | kernel.cpp:6278 in tinytpu_isa, v3078 |
| stream          | variable=v3079 depth=8                               | kernel.cpp:6280 in tinytpu_isa, v3079 |
| stream          | variable=v3080 depth=8                               | kernel.cpp:6282 in tinytpu_isa, v3080 |
| stream          | variable=v3081 depth=8                               | kernel.cpp:6284 in tinytpu_isa, v3081 |
| stream          | variable=v3082 depth=8                               | kernel.cpp:6286 in tinytpu_isa, v3082 |
| stream          | variable=v3083 depth=8                               | kernel.cpp:6288 in tinytpu_isa, v3083 |
| stream          | variable=v3084 depth=8                               | kernel.cpp:6290 in tinytpu_isa, v3084 |
| stream          | variable=v3085 depth=8                               | kernel.cpp:6292 in tinytpu_isa, v3085 |
| stream          | variable=v3086 depth=8                               | kernel.cpp:6294 in tinytpu_isa, v3086 |
| stream          | variable=v3087 depth=8                               | kernel.cpp:6296 in tinytpu_isa, v3087 |
| stream          | variable=v3088 depth=8                               | kernel.cpp:6298 in tinytpu_isa, v3088 |
| stream          | variable=v3089 depth=8                               | kernel.cpp:6300 in tinytpu_isa, v3089 |
| stream          | variable=v3090 depth=8                               | kernel.cpp:6302 in tinytpu_isa, v3090 |
| stream          | variable=v3091 depth=8                               | kernel.cpp:6304 in tinytpu_isa, v3091 |
| stream          | variable=v3092 depth=8                               | kernel.cpp:6306 in tinytpu_isa, v3092 |
| stream          | variable=v3093 depth=8                               | kernel.cpp:6308 in tinytpu_isa, v3093 |
| stream          | variable=v3094 depth=8                               | kernel.cpp:6310 in tinytpu_isa, v3094 |
| stream          | variable=v3095 depth=8                               | kernel.cpp:6312 in tinytpu_isa, v3095 |
| stream          | variable=v3096 depth=8                               | kernel.cpp:6314 in tinytpu_isa, v3096 |
| stream          | variable=v3097 depth=8                               | kernel.cpp:6316 in tinytpu_isa, v3097 |
| stream          | variable=v3098 depth=8                               | kernel.cpp:6318 in tinytpu_isa, v3098 |
| stream          | variable=v3099 depth=8                               | kernel.cpp:6320 in tinytpu_isa, v3099 |
| stream          | variable=v3100 depth=8                               | kernel.cpp:6322 in tinytpu_isa, v3100 |
| stream          | variable=v3101 depth=8                               | kernel.cpp:6324 in tinytpu_isa, v3101 |
| stream          | variable=v3102 depth=8                               | kernel.cpp:6326 in tinytpu_isa, v3102 |
| stream          | variable=v3103 depth=8                               | kernel.cpp:6328 in tinytpu_isa, v3103 |
| stream          | variable=v3104 depth=8                               | kernel.cpp:6330 in tinytpu_isa, v3104 |
| stream          | variable=v3105 depth=8                               | kernel.cpp:6332 in tinytpu_isa, v3105 |
| stream          | variable=v3106 depth=8                               | kernel.cpp:6334 in tinytpu_isa, v3106 |
| stream          | variable=v3107 depth=8                               | kernel.cpp:6336 in tinytpu_isa, v3107 |
| stream          | variable=v3108 depth=8                               | kernel.cpp:6338 in tinytpu_isa, v3108 |
| stream          | variable=v3109 depth=8                               | kernel.cpp:6340 in tinytpu_isa, v3109 |
| stream          | variable=v3110 depth=8                               | kernel.cpp:6342 in tinytpu_isa, v3110 |
| stream          | variable=v3111 depth=8                               | kernel.cpp:6344 in tinytpu_isa, v3111 |
| stream          | variable=v3112 depth=8                               | kernel.cpp:6346 in tinytpu_isa, v3112 |
| stream          | variable=v3113 depth=8                               | kernel.cpp:6348 in tinytpu_isa, v3113 |
| stream          | variable=v3114 depth=8                               | kernel.cpp:6350 in tinytpu_isa, v3114 |
| stream          | variable=v3115 depth=8                               | kernel.cpp:6352 in tinytpu_isa, v3115 |
| stream          | variable=v3116 depth=8                               | kernel.cpp:6354 in tinytpu_isa, v3116 |
| stream          | variable=v3117 depth=8                               | kernel.cpp:6356 in tinytpu_isa, v3117 |
| stream          | variable=v3118 depth=8                               | kernel.cpp:6358 in tinytpu_isa, v3118 |
| stream          | variable=v3119 depth=8                               | kernel.cpp:6360 in tinytpu_isa, v3119 |
| stream          | variable=v3120 depth=8                               | kernel.cpp:6362 in tinytpu_isa, v3120 |
| stream          | variable=v3121 depth=8                               | kernel.cpp:6364 in tinytpu_isa, v3121 |
| stream          | variable=v3122 depth=8                               | kernel.cpp:6366 in tinytpu_isa, v3122 |
| stream          | variable=v3123 depth=8                               | kernel.cpp:6368 in tinytpu_isa, v3123 |
| stream          | variable=v3124 depth=8                               | kernel.cpp:6370 in tinytpu_isa, v3124 |
| stream          | variable=v3125 depth=8                               | kernel.cpp:6372 in tinytpu_isa, v3125 |
| stream          | variable=v3126 depth=8                               | kernel.cpp:6374 in tinytpu_isa, v3126 |
| stream          | variable=v3127 depth=8                               | kernel.cpp:6376 in tinytpu_isa, v3127 |
| stream          | variable=v3128 depth=4                               | kernel.cpp:6378 in tinytpu_isa, v3128 |
| stream          | variable=v3129 depth=4                               | kernel.cpp:6380 in tinytpu_isa, v3129 |
| stream          | variable=v3130 depth=4                               | kernel.cpp:6382 in tinytpu_isa, v3130 |
| stream          | variable=v3131 depth=4                               | kernel.cpp:6384 in tinytpu_isa, v3131 |
| stream          | variable=v3132 depth=4                               | kernel.cpp:6386 in tinytpu_isa, v3132 |
| stream          | variable=v3133 depth=4                               | kernel.cpp:6388 in tinytpu_isa, v3133 |
| stream          | variable=v3134 depth=4                               | kernel.cpp:6390 in tinytpu_isa, v3134 |
| stream          | variable=v3135 depth=4                               | kernel.cpp:6392 in tinytpu_isa, v3135 |
| stream          | variable=v3136 depth=4                               | kernel.cpp:6394 in tinytpu_isa, v3136 |
| stream          | variable=v3137 depth=4                               | kernel.cpp:6396 in tinytpu_isa, v3137 |
| stream          | variable=v3138 depth=4                               | kernel.cpp:6398 in tinytpu_isa, v3138 |
| stream          | variable=v3139 depth=4                               | kernel.cpp:6400 in tinytpu_isa, v3139 |
| stream          | variable=v3140 depth=4                               | kernel.cpp:6402 in tinytpu_isa, v3140 |
| stream          | variable=v3141 depth=4                               | kernel.cpp:6404 in tinytpu_isa, v3141 |
| stream          | variable=v3142 depth=4                               | kernel.cpp:6406 in tinytpu_isa, v3142 |
| stream          | variable=v3143 depth=4                               | kernel.cpp:6408 in tinytpu_isa, v3143 |
+-----------------+------------------------------------------------------+---------------------------------------+


