 
****************************************
Report : area
Design : tinytpu_isa
Version: W-2024.09
Date   : Tue Sep 22 18:21:54 2026
****************************************

Information: Updating design information... (UID-85)
Warning: Design 'tinytpu_isa' contains 3 high-fanout nets. A fanout number of 1000 will be used for delay calculations involving these nets. (TIM-134)
Library(s) Used:

    NangateOpenCellLibrary (File: /scratch/users/sk3463/builds/t4m64-logic/4-synopsys-dc-synthesis/inputs/adk/stdcells.db)

Number of ports:                        22886
Number of nets:                        494931
Number of cells:                       478410
Number of combinational cells:         226025
Number of sequential cells:            247869
Number of macros/black boxes:               0
Number of buf/inv:                      40845
Number of references:                     370

Combinational area:             277857.753826
Buf/Inv area:                    30279.843427
Noncombinational area:         1119108.243920
Macro/Black Box area:                0.000000
Net Interconnect area:      undefined  (Wire load has zero net area)

Total cell area:               1396965.997746
Total area:                 undefined

Hierarchical area distribution
------------------------------

                                  Global cell area                Local cell area
                                  ---------------------  --------------------------------- 
Hierarchical cell                 Absolute      Percent  Combi-       Noncombi-     Black-
                                  Total         Total    national     national      boxes   Design
--------------------------------  ------------  -------  -----------  ------------  ------  -----------------------------------------------------------------------------------------------------------------------------------------------------------------------------------------------------------------------------------------------------------------------------------------------------------------------------------------------------------------------------------------------------------------------------------------
tinytpu_isa                       1396965.9977    100.0   37958.4664   105902.5762  0.0000  tinytpu_isa
accu_0_U0_clk_gate_grp_accu_0_Pipeline_VITIS_LOOP_3795_1_fu_28_ap_enable_reg_pp0_iter6_reg       3.9900     0.0      0.0000       3.9900 0.0000 SNPS_CLOCK_GATE_HIGH_tinytpu_isa_accu_0_1
accu_0_U0_clk_gate_grp_accu_0_Pipeline_VITIS_LOOP_3795_1_fu_28_ap_phi_reg_pp0_iter6_z_3_ph_reg_212_reg       3.9900     0.0      0.0000       3.9900 0.0000 SNPS_CLOCK_GATE_HIGH_tinytpu_isa_accu_0_2
accu_0_U0_clk_gate_grp_accu_0_Pipeline_VITIS_LOOP_3795_1_fu_28_v1800_fu_132_reg       3.9900     0.0      0.0000       3.9900 0.0000 SNPS_CLOCK_GATE_HIGH_tinytpu_isa_accu_0_4
accu_0_U0_clk_gate_grp_accu_0_Pipeline_VITIS_LOOP_3795_1_fu_28_v1805_fu_140_reg       3.9900     0.0      0.0000       3.9900 0.0000 SNPS_CLOCK_GATE_HIGH_tinytpu_isa_accu_0_5
accu_0_U0_clk_gate_grp_accu_0_Pipeline_VITIS_LOOP_3795_1_fu_28_v1979_tmp_fu_136_reg       3.9900     0.0      0.0000       3.9900 0.0000 SNPS_CLOCK_GATE_HIGH_tinytpu_isa_accu_0_6
accu_0_U0_clk_gate_grp_accu_0_Pipeline_VITIS_LOOP_3795_1_fu_28_wa1_reg_1144_pp0_iter4_reg_reg       3.9900     0.0      0.0000       3.9900 0.0000 SNPS_CLOCK_GATE_HIGH_tinytpu_isa_accu_0_8
accu_0_U0_clk_gate_v1795_reg_43_reg       3.9900     0.0      0.0000        3.9900  0.0000  SNPS_CLOCK_GATE_HIGH_tinytpu_isa_accu_0_0
control_s_axi_U_clk_gate_int_v2177_reg       3.9900     0.0      0.0000       3.9900 0.0000 SNPS_CLOCK_GATE_HIGH_tinytpu_isa_control_s_axi_C_S_AXI_ADDR_WIDTH6_C_S_AXI_DATA_WIDTH32_8
control_s_axi_U_clk_gate_int_v2177_reg_0       3.9900     0.0      0.0000       3.9900 0.0000 SNPS_CLOCK_GATE_HIGH_tinytpu_isa_control_s_axi_C_S_AXI_ADDR_WIDTH6_C_S_AXI_DATA_WIDTH32_7
control_s_axi_U_clk_gate_int_v2178_reg       3.9900     0.0      0.0000       3.9900 0.0000 SNPS_CLOCK_GATE_HIGH_tinytpu_isa_control_s_axi_C_S_AXI_ADDR_WIDTH6_C_S_AXI_DATA_WIDTH32_6
control_s_axi_U_clk_gate_int_v2178_reg_0       3.9900     0.0      0.0000       3.9900 0.0000 SNPS_CLOCK_GATE_HIGH_tinytpu_isa_control_s_axi_C_S_AXI_ADDR_WIDTH6_C_S_AXI_DATA_WIDTH32_5
control_s_axi_U_clk_gate_int_v2179_reg       3.9900     0.0      0.0000       3.9900 0.0000 SNPS_CLOCK_GATE_HIGH_tinytpu_isa_control_s_axi_C_S_AXI_ADDR_WIDTH6_C_S_AXI_DATA_WIDTH32_4
control_s_axi_U_clk_gate_int_v2179_reg_0       3.9900     0.0      0.0000       3.9900 0.0000 SNPS_CLOCK_GATE_HIGH_tinytpu_isa_control_s_axi_C_S_AXI_ADDR_WIDTH6_C_S_AXI_DATA_WIDTH32_3
control_s_axi_U_clk_gate_int_v2180_reg       3.9900     0.0      0.0000       3.9900 0.0000 SNPS_CLOCK_GATE_HIGH_tinytpu_isa_control_s_axi_C_S_AXI_ADDR_WIDTH6_C_S_AXI_DATA_WIDTH32_2
control_s_axi_U_clk_gate_int_v2180_reg_0       3.9900     0.0      0.0000       3.9900 0.0000 SNPS_CLOCK_GATE_HIGH_tinytpu_isa_control_s_axi_C_S_AXI_ADDR_WIDTH6_C_S_AXI_DATA_WIDTH32_1
control_s_axi_U_clk_gate_rdata_reg       3.9900     0.0       0.0000        3.9900  0.0000  SNPS_CLOCK_GATE_HIGH_tinytpu_isa_control_s_axi_C_S_AXI_ADDR_WIDTH6_C_S_AXI_DATA_WIDTH32_9
control_s_axi_U_clk_gate_waddr_reg       3.9900     0.0       0.0000        3.9900  0.0000  SNPS_CLOCK_GATE_HIGH_tinytpu_isa_control_s_axi_C_S_AXI_ADDR_WIDTH6_C_S_AXI_DATA_WIDTH32_0
dma_ld_0_1_U0                      376305.1368     26.9   69354.7136   298719.0532  0.0000  tinytpu_isa_dma_ld_0_1
dma_ld_0_1_U0/clk_gate_grp_dma_ld_0_1_Pipeline_VITIS_LOOP_647_1_fu_104_v361_reg_137_pp0_iter1_reg_reg       3.9900     0.0      0.0000       3.9900 0.0000 SNPS_CLOCK_GATE_HIGH_tinytpu_isa_dma_ld_0_1_8
dma_ld_0_1_U0/clk_gate_grp_dma_ld_0_1_Pipeline_VITIS_LOOP_647_1_fu_104_v362_fu_52_reg       3.9900     0.0      0.0000       3.9900 0.0000 SNPS_CLOCK_GATE_HIGH_tinytpu_isa_dma_ld_0_1_7
dma_ld_0_1_U0/clk_gate_grp_dma_ld_0_1_Pipeline_VITIS_LOOP_712_2_fu_113_v396_reg_137_pp0_iter1_reg_reg       3.9900     0.0      0.0000       3.9900 0.0000 SNPS_CLOCK_GATE_HIGH_tinytpu_isa_dma_ld_0_1_6
dma_ld_0_1_U0/clk_gate_grp_dma_ld_0_1_Pipeline_VITIS_LOOP_712_2_fu_113_v397_fu_52_reg       3.9900     0.0      0.0000       3.9900 0.0000 SNPS_CLOCK_GATE_HIGH_tinytpu_isa_dma_ld_0_1_5
dma_ld_0_1_U0/clk_gate_grp_dma_ld_0_1_Pipeline_VITIS_LOOP_781_3_fu_122_ap_enable_reg_pp0_iter5_reg       3.9900     0.0      0.0000       3.9900 0.0000 SNPS_CLOCK_GATE_HIGH_tinytpu_isa_dma_ld_0_1_1
dma_ld_0_1_U0/clk_gate_grp_dma_ld_0_1_Pipeline_VITIS_LOOP_781_3_fu_122_v428_fu_78_reg       3.9900     0.0      0.0000       3.9900 0.0000 SNPS_CLOCK_GATE_HIGH_tinytpu_isa_dma_ld_0_1_2
dma_ld_0_1_U0/clk_gate_grp_dma_ld_0_1_Pipeline_VITIS_LOOP_781_3_fu_122_v433_fu_98_reg       3.9900     0.0      0.0000       3.9900 0.0000 SNPS_CLOCK_GATE_HIGH_tinytpu_isa_dma_ld_0_1_3
dma_ld_0_1_U0/clk_gate_grp_dma_ld_0_1_Pipeline_VITIS_LOOP_781_3_fu_122_v478_reg_460_pp0_iter4_reg_reg       3.9900     0.0      0.0000       3.9900 0.0000 SNPS_CLOCK_GATE_HIGH_tinytpu_isa_dma_ld_0_1_4
dma_ld_0_1_U0/clk_gate_rbA_U_q0_reg       3.9900     0.0      0.0000        3.9900  0.0000  SNPS_CLOCK_GATE_HIGH_tinytpu_isa_dma_ld_0_1_1035
dma_ld_0_1_U0/clk_gate_rbA_U_ram_reg_0_       3.9900     0.0      0.0000       3.9900 0.0000 SNPS_CLOCK_GATE_HIGH_tinytpu_isa_dma_ld_0_1_1036
dma_ld_0_1_U0/clk_gate_rbA_U_ram_reg_1000_       3.9900     0.0      0.0000       3.9900 0.0000 SNPS_CLOCK_GATE_HIGH_tinytpu_isa_dma_ld_0_1_2036
dma_ld_0_1_U0/clk_gate_rbA_U_ram_reg_1001_       3.9900     0.0      0.0000       3.9900 0.0000 SNPS_CLOCK_GATE_HIGH_tinytpu_isa_dma_ld_0_1_2037
dma_ld_0_1_U0/clk_gate_rbA_U_ram_reg_1002_       3.9900     0.0      0.0000       3.9900 0.0000 SNPS_CLOCK_GATE_HIGH_tinytpu_isa_dma_ld_0_1_2038
dma_ld_0_1_U0/clk_gate_rbA_U_ram_reg_1003_       3.9900     0.0      0.0000       3.9900 0.0000 SNPS_CLOCK_GATE_HIGH_tinytpu_isa_dma_ld_0_1_2039
dma_ld_0_1_U0/clk_gate_rbA_U_ram_reg_1004_       3.9900     0.0      0.0000       3.9900 0.0000 SNPS_CLOCK_GATE_HIGH_tinytpu_isa_dma_ld_0_1_2040
dma_ld_0_1_U0/clk_gate_rbA_U_ram_reg_1005_       3.9900     0.0      0.0000       3.9900 0.0000 SNPS_CLOCK_GATE_HIGH_tinytpu_isa_dma_ld_0_1_2041
dma_ld_0_1_U0/clk_gate_rbA_U_ram_reg_1006_       3.9900     0.0      0.0000       3.9900 0.0000 SNPS_CLOCK_GATE_HIGH_tinytpu_isa_dma_ld_0_1_2042
dma_ld_0_1_U0/clk_gate_rbA_U_ram_reg_1007_       3.9900     0.0      0.0000       3.9900 0.0000 SNPS_CLOCK_GATE_HIGH_tinytpu_isa_dma_ld_0_1_2043
dma_ld_0_1_U0/clk_gate_rbA_U_ram_reg_1008_       3.9900     0.0      0.0000       3.9900 0.0000 SNPS_CLOCK_GATE_HIGH_tinytpu_isa_dma_ld_0_1_2044
dma_ld_0_1_U0/clk_gate_rbA_U_ram_reg_1009_       3.9900     0.0      0.0000       3.9900 0.0000 SNPS_CLOCK_GATE_HIGH_tinytpu_isa_dma_ld_0_1_2045
dma_ld_0_1_U0/clk_gate_rbA_U_ram_reg_100_       3.9900     0.0      0.0000       3.9900 0.0000 SNPS_CLOCK_GATE_HIGH_tinytpu_isa_dma_ld_0_1_1136
dma_ld_0_1_U0/clk_gate_rbA_U_ram_reg_1010_       3.9900     0.0      0.0000       3.9900 0.0000 SNPS_CLOCK_GATE_HIGH_tinytpu_isa_dma_ld_0_1_2046
dma_ld_0_1_U0/clk_gate_rbA_U_ram_reg_1011_       3.9900     0.0      0.0000       3.9900 0.0000 SNPS_CLOCK_GATE_HIGH_tinytpu_isa_dma_ld_0_1_2047
dma_ld_0_1_U0/clk_gate_rbA_U_ram_reg_1012_       3.9900     0.0      0.0000       3.9900 0.0000 SNPS_CLOCK_GATE_HIGH_tinytpu_isa_dma_ld_0_1_2048
dma_ld_0_1_U0/clk_gate_rbA_U_ram_reg_1013_       3.9900     0.0      0.0000       3.9900 0.0000 SNPS_CLOCK_GATE_HIGH_tinytpu_isa_dma_ld_0_1_2049
dma_ld_0_1_U0/clk_gate_rbA_U_ram_reg_1014_       3.9900     0.0      0.0000       3.9900 0.0000 SNPS_CLOCK_GATE_HIGH_tinytpu_isa_dma_ld_0_1_2050
dma_ld_0_1_U0/clk_gate_rbA_U_ram_reg_1015_       3.9900     0.0      0.0000       3.9900 0.0000 SNPS_CLOCK_GATE_HIGH_tinytpu_isa_dma_ld_0_1_2051
dma_ld_0_1_U0/clk_gate_rbA_U_ram_reg_1016_       3.9900     0.0      0.0000       3.9900 0.0000 SNPS_CLOCK_GATE_HIGH_tinytpu_isa_dma_ld_0_1_2052
dma_ld_0_1_U0/clk_gate_rbA_U_ram_reg_1017_       3.9900     0.0      0.0000       3.9900 0.0000 SNPS_CLOCK_GATE_HIGH_tinytpu_isa_dma_ld_0_1_2053
dma_ld_0_1_U0/clk_gate_rbA_U_ram_reg_1018_       3.9900     0.0      0.0000       3.9900 0.0000 SNPS_CLOCK_GATE_HIGH_tinytpu_isa_dma_ld_0_1_2054
dma_ld_0_1_U0/clk_gate_rbA_U_ram_reg_1019_       3.9900     0.0      0.0000       3.9900 0.0000 SNPS_CLOCK_GATE_HIGH_tinytpu_isa_dma_ld_0_1_2055
dma_ld_0_1_U0/clk_gate_rbA_U_ram_reg_101_       3.9900     0.0      0.0000       3.9900 0.0000 SNPS_CLOCK_GATE_HIGH_tinytpu_isa_dma_ld_0_1_1137
dma_ld_0_1_U0/clk_gate_rbA_U_ram_reg_1020_       3.9900     0.0      0.0000       3.9900 0.0000 SNPS_CLOCK_GATE_HIGH_tinytpu_isa_dma_ld_0_1_2056
dma_ld_0_1_U0/clk_gate_rbA_U_ram_reg_1021_       3.9900     0.0      0.0000       3.9900 0.0000 SNPS_CLOCK_GATE_HIGH_tinytpu_isa_dma_ld_0_1_2057
dma_ld_0_1_U0/clk_gate_rbA_U_ram_reg_1022_       3.9900     0.0      0.0000       3.9900 0.0000 SNPS_CLOCK_GATE_HIGH_tinytpu_isa_dma_ld_0_1_2058
dma_ld_0_1_U0/clk_gate_rbA_U_ram_reg_1023_       3.9900     0.0      0.0000       3.9900 0.0000 SNPS_CLOCK_GATE_HIGH_tinytpu_isa_dma_ld_0_1_2059
dma_ld_0_1_U0/clk_gate_rbA_U_ram_reg_1024_       3.9900     0.0      0.0000       3.9900 0.0000 SNPS_CLOCK_GATE_HIGH_tinytpu_isa_dma_ld_0_1_2060
dma_ld_0_1_U0/clk_gate_rbA_U_ram_reg_102_       3.9900     0.0      0.0000       3.9900 0.0000 SNPS_CLOCK_GATE_HIGH_tinytpu_isa_dma_ld_0_1_1138
dma_ld_0_1_U0/clk_gate_rbA_U_ram_reg_103_       3.9900     0.0      0.0000       3.9900 0.0000 SNPS_CLOCK_GATE_HIGH_tinytpu_isa_dma_ld_0_1_1139
dma_ld_0_1_U0/clk_gate_rbA_U_ram_reg_104_       3.9900     0.0      0.0000       3.9900 0.0000 SNPS_CLOCK_GATE_HIGH_tinytpu_isa_dma_ld_0_1_1140
dma_ld_0_1_U0/clk_gate_rbA_U_ram_reg_105_       3.9900     0.0      0.0000       3.9900 0.0000 SNPS_CLOCK_GATE_HIGH_tinytpu_isa_dma_ld_0_1_1141
dma_ld_0_1_U0/clk_gate_rbA_U_ram_reg_106_       3.9900     0.0      0.0000       3.9900 0.0000 SNPS_CLOCK_GATE_HIGH_tinytpu_isa_dma_ld_0_1_1142
dma_ld_0_1_U0/clk_gate_rbA_U_ram_reg_107_       3.9900     0.0      0.0000       3.9900 0.0000 SNPS_CLOCK_GATE_HIGH_tinytpu_isa_dma_ld_0_1_1143
dma_ld_0_1_U0/clk_gate_rbA_U_ram_reg_108_       3.9900     0.0      0.0000       3.9900 0.0000 SNPS_CLOCK_GATE_HIGH_tinytpu_isa_dma_ld_0_1_1144
dma_ld_0_1_U0/clk_gate_rbA_U_ram_reg_109_       3.9900     0.0      0.0000       3.9900 0.0000 SNPS_CLOCK_GATE_HIGH_tinytpu_isa_dma_ld_0_1_1145
dma_ld_0_1_U0/clk_gate_rbA_U_ram_reg_10_       3.9900     0.0      0.0000       3.9900 0.0000 SNPS_CLOCK_GATE_HIGH_tinytpu_isa_dma_ld_0_1_1046
dma_ld_0_1_U0/clk_gate_rbA_U_ram_reg_110_       3.9900     0.0      0.0000       3.9900 0.0000 SNPS_CLOCK_GATE_HIGH_tinytpu_isa_dma_ld_0_1_1146
dma_ld_0_1_U0/clk_gate_rbA_U_ram_reg_111_       3.9900     0.0      0.0000       3.9900 0.0000 SNPS_CLOCK_GATE_HIGH_tinytpu_isa_dma_ld_0_1_1147
dma_ld_0_1_U0/clk_gate_rbA_U_ram_reg_112_       3.9900     0.0      0.0000       3.9900 0.0000 SNPS_CLOCK_GATE_HIGH_tinytpu_isa_dma_ld_0_1_1148
dma_ld_0_1_U0/clk_gate_rbA_U_ram_reg_113_       3.9900     0.0      0.0000       3.9900 0.0000 SNPS_CLOCK_GATE_HIGH_tinytpu_isa_dma_ld_0_1_1149
dma_ld_0_1_U0/clk_gate_rbA_U_ram_reg_114_       3.9900     0.0      0.0000       3.9900 0.0000 SNPS_CLOCK_GATE_HIGH_tinytpu_isa_dma_ld_0_1_1150
dma_ld_0_1_U0/clk_gate_rbA_U_ram_reg_115_       3.9900     0.0      0.0000       3.9900 0.0000 SNPS_CLOCK_GATE_HIGH_tinytpu_isa_dma_ld_0_1_1151
dma_ld_0_1_U0/clk_gate_rbA_U_ram_reg_116_       3.9900     0.0      0.0000       3.9900 0.0000 SNPS_CLOCK_GATE_HIGH_tinytpu_isa_dma_ld_0_1_1152
dma_ld_0_1_U0/clk_gate_rbA_U_ram_reg_117_       3.9900     0.0      0.0000       3.9900 0.0000 SNPS_CLOCK_GATE_HIGH_tinytpu_isa_dma_ld_0_1_1153
dma_ld_0_1_U0/clk_gate_rbA_U_ram_reg_118_       3.9900     0.0      0.0000       3.9900 0.0000 SNPS_CLOCK_GATE_HIGH_tinytpu_isa_dma_ld_0_1_1154
dma_ld_0_1_U0/clk_gate_rbA_U_ram_reg_119_       3.9900     0.0      0.0000       3.9900 0.0000 SNPS_CLOCK_GATE_HIGH_tinytpu_isa_dma_ld_0_1_1155
dma_ld_0_1_U0/clk_gate_rbA_U_ram_reg_11_       3.9900     0.0      0.0000       3.9900 0.0000 SNPS_CLOCK_GATE_HIGH_tinytpu_isa_dma_ld_0_1_1047
dma_ld_0_1_U0/clk_gate_rbA_U_ram_reg_120_       3.9900     0.0      0.0000       3.9900 0.0000 SNPS_CLOCK_GATE_HIGH_tinytpu_isa_dma_ld_0_1_1156
dma_ld_0_1_U0/clk_gate_rbA_U_ram_reg_121_       3.9900     0.0      0.0000       3.9900 0.0000 SNPS_CLOCK_GATE_HIGH_tinytpu_isa_dma_ld_0_1_1157
dma_ld_0_1_U0/clk_gate_rbA_U_ram_reg_122_       3.9900     0.0      0.0000       3.9900 0.0000 SNPS_CLOCK_GATE_HIGH_tinytpu_isa_dma_ld_0_1_1158
dma_ld_0_1_U0/clk_gate_rbA_U_ram_reg_123_       3.9900     0.0      0.0000       3.9900 0.0000 SNPS_CLOCK_GATE_HIGH_tinytpu_isa_dma_ld_0_1_1159
dma_ld_0_1_U0/clk_gate_rbA_U_ram_reg_124_       3.9900     0.0      0.0000       3.9900 0.0000 SNPS_CLOCK_GATE_HIGH_tinytpu_isa_dma_ld_0_1_1160
dma_ld_0_1_U0/clk_gate_rbA_U_ram_reg_125_       3.9900     0.0      0.0000       3.9900 0.0000 SNPS_CLOCK_GATE_HIGH_tinytpu_isa_dma_ld_0_1_1161
dma_ld_0_1_U0/clk_gate_rbA_U_ram_reg_126_       3.9900     0.0      0.0000       3.9900 0.0000 SNPS_CLOCK_GATE_HIGH_tinytpu_isa_dma_ld_0_1_1162
dma_ld_0_1_U0/clk_gate_rbA_U_ram_reg_127_       3.9900     0.0      0.0000       3.9900 0.0000 SNPS_CLOCK_GATE_HIGH_tinytpu_isa_dma_ld_0_1_1163
dma_ld_0_1_U0/clk_gate_rbA_U_ram_reg_128_       3.9900     0.0      0.0000       3.9900 0.0000 SNPS_CLOCK_GATE_HIGH_tinytpu_isa_dma_ld_0_1_1164
dma_ld_0_1_U0/clk_gate_rbA_U_ram_reg_129_       3.9900     0.0      0.0000       3.9900 0.0000 SNPS_CLOCK_GATE_HIGH_tinytpu_isa_dma_ld_0_1_1165
dma_ld_0_1_U0/clk_gate_rbA_U_ram_reg_12_       3.9900     0.0      0.0000       3.9900 0.0000 SNPS_CLOCK_GATE_HIGH_tinytpu_isa_dma_ld_0_1_1048
dma_ld_0_1_U0/clk_gate_rbA_U_ram_reg_130_       3.9900     0.0      0.0000       3.9900 0.0000 SNPS_CLOCK_GATE_HIGH_tinytpu_isa_dma_ld_0_1_1166
dma_ld_0_1_U0/clk_gate_rbA_U_ram_reg_131_       3.9900     0.0      0.0000       3.9900 0.0000 SNPS_CLOCK_GATE_HIGH_tinytpu_isa_dma_ld_0_1_1167
dma_ld_0_1_U0/clk_gate_rbA_U_ram_reg_132_       3.9900     0.0      0.0000       3.9900 0.0000 SNPS_CLOCK_GATE_HIGH_tinytpu_isa_dma_ld_0_1_1168
dma_ld_0_1_U0/clk_gate_rbA_U_ram_reg_133_       3.9900     0.0      0.0000       3.9900 0.0000 SNPS_CLOCK_GATE_HIGH_tinytpu_isa_dma_ld_0_1_1169
dma_ld_0_1_U0/clk_gate_rbA_U_ram_reg_134_       3.9900     0.0      0.0000       3.9900 0.0000 SNPS_CLOCK_GATE_HIGH_tinytpu_isa_dma_ld_0_1_1170
dma_ld_0_1_U0/clk_gate_rbA_U_ram_reg_135_       3.9900     0.0      0.0000       3.9900 0.0000 SNPS_CLOCK_GATE_HIGH_tinytpu_isa_dma_ld_0_1_1171
dma_ld_0_1_U0/clk_gate_rbA_U_ram_reg_136_       3.9900     0.0      0.0000       3.9900 0.0000 SNPS_CLOCK_GATE_HIGH_tinytpu_isa_dma_ld_0_1_1172
dma_ld_0_1_U0/clk_gate_rbA_U_ram_reg_137_       3.9900     0.0      0.0000       3.9900 0.0000 SNPS_CLOCK_GATE_HIGH_tinytpu_isa_dma_ld_0_1_1173
dma_ld_0_1_U0/clk_gate_rbA_U_ram_reg_138_       3.9900     0.0      0.0000       3.9900 0.0000 SNPS_CLOCK_GATE_HIGH_tinytpu_isa_dma_ld_0_1_1174
dma_ld_0_1_U0/clk_gate_rbA_U_ram_reg_139_       3.9900     0.0      0.0000       3.9900 0.0000 SNPS_CLOCK_GATE_HIGH_tinytpu_isa_dma_ld_0_1_1175
dma_ld_0_1_U0/clk_gate_rbA_U_ram_reg_13_       3.9900     0.0      0.0000       3.9900 0.0000 SNPS_CLOCK_GATE_HIGH_tinytpu_isa_dma_ld_0_1_1049
dma_ld_0_1_U0/clk_gate_rbA_U_ram_reg_140_       3.9900     0.0      0.0000       3.9900 0.0000 SNPS_CLOCK_GATE_HIGH_tinytpu_isa_dma_ld_0_1_1176
dma_ld_0_1_U0/clk_gate_rbA_U_ram_reg_141_       3.9900     0.0      0.0000       3.9900 0.0000 SNPS_CLOCK_GATE_HIGH_tinytpu_isa_dma_ld_0_1_1177
dma_ld_0_1_U0/clk_gate_rbA_U_ram_reg_142_       3.9900     0.0      0.0000       3.9900 0.0000 SNPS_CLOCK_GATE_HIGH_tinytpu_isa_dma_ld_0_1_1178
dma_ld_0_1_U0/clk_gate_rbA_U_ram_reg_143_       3.9900     0.0      0.0000       3.9900 0.0000 SNPS_CLOCK_GATE_HIGH_tinytpu_isa_dma_ld_0_1_1179
dma_ld_0_1_U0/clk_gate_rbA_U_ram_reg_144_       3.9900     0.0      0.0000       3.9900 0.0000 SNPS_CLOCK_GATE_HIGH_tinytpu_isa_dma_ld_0_1_1180
dma_ld_0_1_U0/clk_gate_rbA_U_ram_reg_145_       3.9900     0.0      0.0000       3.9900 0.0000 SNPS_CLOCK_GATE_HIGH_tinytpu_isa_dma_ld_0_1_1181
dma_ld_0_1_U0/clk_gate_rbA_U_ram_reg_146_       3.9900     0.0      0.0000       3.9900 0.0000 SNPS_CLOCK_GATE_HIGH_tinytpu_isa_dma_ld_0_1_1182
dma_ld_0_1_U0/clk_gate_rbA_U_ram_reg_147_       3.9900     0.0      0.0000       3.9900 0.0000 SNPS_CLOCK_GATE_HIGH_tinytpu_isa_dma_ld_0_1_1183
dma_ld_0_1_U0/clk_gate_rbA_U_ram_reg_148_       3.9900     0.0      0.0000       3.9900 0.0000 SNPS_CLOCK_GATE_HIGH_tinytpu_isa_dma_ld_0_1_1184
dma_ld_0_1_U0/clk_gate_rbA_U_ram_reg_149_       3.9900     0.0      0.0000       3.9900 0.0000 SNPS_CLOCK_GATE_HIGH_tinytpu_isa_dma_ld_0_1_1185
dma_ld_0_1_U0/clk_gate_rbA_U_ram_reg_14_       3.9900     0.0      0.0000       3.9900 0.0000 SNPS_CLOCK_GATE_HIGH_tinytpu_isa_dma_ld_0_1_1050
dma_ld_0_1_U0/clk_gate_rbA_U_ram_reg_150_       3.9900     0.0      0.0000       3.9900 0.0000 SNPS_CLOCK_GATE_HIGH_tinytpu_isa_dma_ld_0_1_1186
dma_ld_0_1_U0/clk_gate_rbA_U_ram_reg_151_       3.9900     0.0      0.0000       3.9900 0.0000 SNPS_CLOCK_GATE_HIGH_tinytpu_isa_dma_ld_0_1_1187
dma_ld_0_1_U0/clk_gate_rbA_U_ram_reg_152_       3.9900     0.0      0.0000       3.9900 0.0000 SNPS_CLOCK_GATE_HIGH_tinytpu_isa_dma_ld_0_1_1188
dma_ld_0_1_U0/clk_gate_rbA_U_ram_reg_153_       3.9900     0.0      0.0000       3.9900 0.0000 SNPS_CLOCK_GATE_HIGH_tinytpu_isa_dma_ld_0_1_1189
dma_ld_0_1_U0/clk_gate_rbA_U_ram_reg_154_       3.9900     0.0      0.0000       3.9900 0.0000 SNPS_CLOCK_GATE_HIGH_tinytpu_isa_dma_ld_0_1_1190
dma_ld_0_1_U0/clk_gate_rbA_U_ram_reg_155_       3.9900     0.0      0.0000       3.9900 0.0000 SNPS_CLOCK_GATE_HIGH_tinytpu_isa_dma_ld_0_1_1191
dma_ld_0_1_U0/clk_gate_rbA_U_ram_reg_156_       3.9900     0.0      0.0000       3.9900 0.0000 SNPS_CLOCK_GATE_HIGH_tinytpu_isa_dma_ld_0_1_1192
dma_ld_0_1_U0/clk_gate_rbA_U_ram_reg_157_       3.9900     0.0      0.0000       3.9900 0.0000 SNPS_CLOCK_GATE_HIGH_tinytpu_isa_dma_ld_0_1_1193
dma_ld_0_1_U0/clk_gate_rbA_U_ram_reg_158_       3.9900     0.0      0.0000       3.9900 0.0000 SNPS_CLOCK_GATE_HIGH_tinytpu_isa_dma_ld_0_1_1194
dma_ld_0_1_U0/clk_gate_rbA_U_ram_reg_159_       3.9900     0.0      0.0000       3.9900 0.0000 SNPS_CLOCK_GATE_HIGH_tinytpu_isa_dma_ld_0_1_1195
dma_ld_0_1_U0/clk_gate_rbA_U_ram_reg_15_       3.9900     0.0      0.0000       3.9900 0.0000 SNPS_CLOCK_GATE_HIGH_tinytpu_isa_dma_ld_0_1_1051
dma_ld_0_1_U0/clk_gate_rbA_U_ram_reg_160_       3.9900     0.0      0.0000       3.9900 0.0000 SNPS_CLOCK_GATE_HIGH_tinytpu_isa_dma_ld_0_1_1196
dma_ld_0_1_U0/clk_gate_rbA_U_ram_reg_161_       3.9900     0.0      0.0000       3.9900 0.0000 SNPS_CLOCK_GATE_HIGH_tinytpu_isa_dma_ld_0_1_1197
dma_ld_0_1_U0/clk_gate_rbA_U_ram_reg_162_       3.9900     0.0      0.0000       3.9900 0.0000 SNPS_CLOCK_GATE_HIGH_tinytpu_isa_dma_ld_0_1_1198
dma_ld_0_1_U0/clk_gate_rbA_U_ram_reg_163_       3.9900     0.0      0.0000       3.9900 0.0000 SNPS_CLOCK_GATE_HIGH_tinytpu_isa_dma_ld_0_1_1199
dma_ld_0_1_U0/clk_gate_rbA_U_ram_reg_164_       3.9900     0.0      0.0000       3.9900 0.0000 SNPS_CLOCK_GATE_HIGH_tinytpu_isa_dma_ld_0_1_1200
dma_ld_0_1_U0/clk_gate_rbA_U_ram_reg_165_       3.9900     0.0      0.0000       3.9900 0.0000 SNPS_CLOCK_GATE_HIGH_tinytpu_isa_dma_ld_0_1_1201
dma_ld_0_1_U0/clk_gate_rbA_U_ram_reg_166_       3.9900     0.0      0.0000       3.9900 0.0000 SNPS_CLOCK_GATE_HIGH_tinytpu_isa_dma_ld_0_1_1202
dma_ld_0_1_U0/clk_gate_rbA_U_ram_reg_167_       3.9900     0.0      0.0000       3.9900 0.0000 SNPS_CLOCK_GATE_HIGH_tinytpu_isa_dma_ld_0_1_1203
dma_ld_0_1_U0/clk_gate_rbA_U_ram_reg_168_       3.9900     0.0      0.0000       3.9900 0.0000 SNPS_CLOCK_GATE_HIGH_tinytpu_isa_dma_ld_0_1_1204
dma_ld_0_1_U0/clk_gate_rbA_U_ram_reg_169_       3.9900     0.0      0.0000       3.9900 0.0000 SNPS_CLOCK_GATE_HIGH_tinytpu_isa_dma_ld_0_1_1205
dma_ld_0_1_U0/clk_gate_rbA_U_ram_reg_16_       3.9900     0.0      0.0000       3.9900 0.0000 SNPS_CLOCK_GATE_HIGH_tinytpu_isa_dma_ld_0_1_1052
dma_ld_0_1_U0/clk_gate_rbA_U_ram_reg_170_       3.9900     0.0      0.0000       3.9900 0.0000 SNPS_CLOCK_GATE_HIGH_tinytpu_isa_dma_ld_0_1_1206
dma_ld_0_1_U0/clk_gate_rbA_U_ram_reg_171_       3.9900     0.0      0.0000       3.9900 0.0000 SNPS_CLOCK_GATE_HIGH_tinytpu_isa_dma_ld_0_1_1207
dma_ld_0_1_U0/clk_gate_rbA_U_ram_reg_172_       3.9900     0.0      0.0000       3.9900 0.0000 SNPS_CLOCK_GATE_HIGH_tinytpu_isa_dma_ld_0_1_1208
dma_ld_0_1_U0/clk_gate_rbA_U_ram_reg_173_       3.9900     0.0      0.0000       3.9900 0.0000 SNPS_CLOCK_GATE_HIGH_tinytpu_isa_dma_ld_0_1_1209
dma_ld_0_1_U0/clk_gate_rbA_U_ram_reg_174_       3.9900     0.0      0.0000       3.9900 0.0000 SNPS_CLOCK_GATE_HIGH_tinytpu_isa_dma_ld_0_1_1210
dma_ld_0_1_U0/clk_gate_rbA_U_ram_reg_175_       3.9900     0.0      0.0000       3.9900 0.0000 SNPS_CLOCK_GATE_HIGH_tinytpu_isa_dma_ld_0_1_1211
dma_ld_0_1_U0/clk_gate_rbA_U_ram_reg_176_       3.9900     0.0      0.0000       3.9900 0.0000 SNPS_CLOCK_GATE_HIGH_tinytpu_isa_dma_ld_0_1_1212
dma_ld_0_1_U0/clk_gate_rbA_U_ram_reg_177_       3.9900     0.0      0.0000       3.9900 0.0000 SNPS_CLOCK_GATE_HIGH_tinytpu_isa_dma_ld_0_1_1213
dma_ld_0_1_U0/clk_gate_rbA_U_ram_reg_178_       3.9900     0.0      0.0000       3.9900 0.0000 SNPS_CLOCK_GATE_HIGH_tinytpu_isa_dma_ld_0_1_1214
dma_ld_0_1_U0/clk_gate_rbA_U_ram_reg_179_       3.9900     0.0      0.0000       3.9900 0.0000 SNPS_CLOCK_GATE_HIGH_tinytpu_isa_dma_ld_0_1_1215
dma_ld_0_1_U0/clk_gate_rbA_U_ram_reg_17_       3.9900     0.0      0.0000       3.9900 0.0000 SNPS_CLOCK_GATE_HIGH_tinytpu_isa_dma_ld_0_1_1053
dma_ld_0_1_U0/clk_gate_rbA_U_ram_reg_180_       3.9900     0.0      0.0000       3.9900 0.0000 SNPS_CLOCK_GATE_HIGH_tinytpu_isa_dma_ld_0_1_1216
dma_ld_0_1_U0/clk_gate_rbA_U_ram_reg_181_       3.9900     0.0      0.0000       3.9900 0.0000 SNPS_CLOCK_GATE_HIGH_tinytpu_isa_dma_ld_0_1_1217
dma_ld_0_1_U0/clk_gate_rbA_U_ram_reg_182_       3.9900     0.0      0.0000       3.9900 0.0000 SNPS_CLOCK_GATE_HIGH_tinytpu_isa_dma_ld_0_1_1218
dma_ld_0_1_U0/clk_gate_rbA_U_ram_reg_183_       3.9900     0.0      0.0000       3.9900 0.0000 SNPS_CLOCK_GATE_HIGH_tinytpu_isa_dma_ld_0_1_1219
dma_ld_0_1_U0/clk_gate_rbA_U_ram_reg_184_       3.9900     0.0      0.0000       3.9900 0.0000 SNPS_CLOCK_GATE_HIGH_tinytpu_isa_dma_ld_0_1_1220
dma_ld_0_1_U0/clk_gate_rbA_U_ram_reg_185_       3.9900     0.0      0.0000       3.9900 0.0000 SNPS_CLOCK_GATE_HIGH_tinytpu_isa_dma_ld_0_1_1221
dma_ld_0_1_U0/clk_gate_rbA_U_ram_reg_186_       3.9900     0.0      0.0000       3.9900 0.0000 SNPS_CLOCK_GATE_HIGH_tinytpu_isa_dma_ld_0_1_1222
dma_ld_0_1_U0/clk_gate_rbA_U_ram_reg_187_       3.9900     0.0      0.0000       3.9900 0.0000 SNPS_CLOCK_GATE_HIGH_tinytpu_isa_dma_ld_0_1_1223
dma_ld_0_1_U0/clk_gate_rbA_U_ram_reg_188_       3.9900     0.0      0.0000       3.9900 0.0000 SNPS_CLOCK_GATE_HIGH_tinytpu_isa_dma_ld_0_1_1224
dma_ld_0_1_U0/clk_gate_rbA_U_ram_reg_189_       3.9900     0.0      0.0000       3.9900 0.0000 SNPS_CLOCK_GATE_HIGH_tinytpu_isa_dma_ld_0_1_1225
dma_ld_0_1_U0/clk_gate_rbA_U_ram_reg_18_       3.9900     0.0      0.0000       3.9900 0.0000 SNPS_CLOCK_GATE_HIGH_tinytpu_isa_dma_ld_0_1_1054
dma_ld_0_1_U0/clk_gate_rbA_U_ram_reg_190_       3.9900     0.0      0.0000       3.9900 0.0000 SNPS_CLOCK_GATE_HIGH_tinytpu_isa_dma_ld_0_1_1226
dma_ld_0_1_U0/clk_gate_rbA_U_ram_reg_191_       3.9900     0.0      0.0000       3.9900 0.0000 SNPS_CLOCK_GATE_HIGH_tinytpu_isa_dma_ld_0_1_1227
dma_ld_0_1_U0/clk_gate_rbA_U_ram_reg_192_       3.9900     0.0      0.0000       3.9900 0.0000 SNPS_CLOCK_GATE_HIGH_tinytpu_isa_dma_ld_0_1_1228
dma_ld_0_1_U0/clk_gate_rbA_U_ram_reg_193_       3.9900     0.0      0.0000       3.9900 0.0000 SNPS_CLOCK_GATE_HIGH_tinytpu_isa_dma_ld_0_1_1229
dma_ld_0_1_U0/clk_gate_rbA_U_ram_reg_194_       3.9900     0.0      0.0000       3.9900 0.0000 SNPS_CLOCK_GATE_HIGH_tinytpu_isa_dma_ld_0_1_1230
dma_ld_0_1_U0/clk_gate_rbA_U_ram_reg_195_       3.9900     0.0      0.0000       3.9900 0.0000 SNPS_CLOCK_GATE_HIGH_tinytpu_isa_dma_ld_0_1_1231
dma_ld_0_1_U0/clk_gate_rbA_U_ram_reg_196_       3.9900     0.0      0.0000       3.9900 0.0000 SNPS_CLOCK_GATE_HIGH_tinytpu_isa_dma_ld_0_1_1232
dma_ld_0_1_U0/clk_gate_rbA_U_ram_reg_197_       3.9900     0.0      0.0000       3.9900 0.0000 SNPS_CLOCK_GATE_HIGH_tinytpu_isa_dma_ld_0_1_1233
dma_ld_0_1_U0/clk_gate_rbA_U_ram_reg_198_       3.9900     0.0      0.0000       3.9900 0.0000 SNPS_CLOCK_GATE_HIGH_tinytpu_isa_dma_ld_0_1_1234
dma_ld_0_1_U0/clk_gate_rbA_U_ram_reg_199_       3.9900     0.0      0.0000       3.9900 0.0000 SNPS_CLOCK_GATE_HIGH_tinytpu_isa_dma_ld_0_1_1235
dma_ld_0_1_U0/clk_gate_rbA_U_ram_reg_19_       3.9900     0.0      0.0000       3.9900 0.0000 SNPS_CLOCK_GATE_HIGH_tinytpu_isa_dma_ld_0_1_1055
dma_ld_0_1_U0/clk_gate_rbA_U_ram_reg_1_       3.9900     0.0      0.0000       3.9900 0.0000 SNPS_CLOCK_GATE_HIGH_tinytpu_isa_dma_ld_0_1_1037
dma_ld_0_1_U0/clk_gate_rbA_U_ram_reg_200_       3.9900     0.0      0.0000       3.9900 0.0000 SNPS_CLOCK_GATE_HIGH_tinytpu_isa_dma_ld_0_1_1236
dma_ld_0_1_U0/clk_gate_rbA_U_ram_reg_201_       3.9900     0.0      0.0000       3.9900 0.0000 SNPS_CLOCK_GATE_HIGH_tinytpu_isa_dma_ld_0_1_1237
dma_ld_0_1_U0/clk_gate_rbA_U_ram_reg_202_       3.9900     0.0      0.0000       3.9900 0.0000 SNPS_CLOCK_GATE_HIGH_tinytpu_isa_dma_ld_0_1_1238
dma_ld_0_1_U0/clk_gate_rbA_U_ram_reg_203_       3.9900     0.0      0.0000       3.9900 0.0000 SNPS_CLOCK_GATE_HIGH_tinytpu_isa_dma_ld_0_1_1239
dma_ld_0_1_U0/clk_gate_rbA_U_ram_reg_204_       3.9900     0.0      0.0000       3.9900 0.0000 SNPS_CLOCK_GATE_HIGH_tinytpu_isa_dma_ld_0_1_1240
dma_ld_0_1_U0/clk_gate_rbA_U_ram_reg_205_       3.9900     0.0      0.0000       3.9900 0.0000 SNPS_CLOCK_GATE_HIGH_tinytpu_isa_dma_ld_0_1_1241
dma_ld_0_1_U0/clk_gate_rbA_U_ram_reg_206_       3.9900     0.0      0.0000       3.9900 0.0000 SNPS_CLOCK_GATE_HIGH_tinytpu_isa_dma_ld_0_1_1242
dma_ld_0_1_U0/clk_gate_rbA_U_ram_reg_207_       3.9900     0.0      0.0000       3.9900 0.0000 SNPS_CLOCK_GATE_HIGH_tinytpu_isa_dma_ld_0_1_1243
dma_ld_0_1_U0/clk_gate_rbA_U_ram_reg_208_       3.9900     0.0      0.0000       3.9900 0.0000 SNPS_CLOCK_GATE_HIGH_tinytpu_isa_dma_ld_0_1_1244
dma_ld_0_1_U0/clk_gate_rbA_U_ram_reg_209_       3.9900     0.0      0.0000       3.9900 0.0000 SNPS_CLOCK_GATE_HIGH_tinytpu_isa_dma_ld_0_1_1245
dma_ld_0_1_U0/clk_gate_rbA_U_ram_reg_20_       3.9900     0.0      0.0000       3.9900 0.0000 SNPS_CLOCK_GATE_HIGH_tinytpu_isa_dma_ld_0_1_1056
dma_ld_0_1_U0/clk_gate_rbA_U_ram_reg_210_       3.9900     0.0      0.0000       3.9900 0.0000 SNPS_CLOCK_GATE_HIGH_tinytpu_isa_dma_ld_0_1_1246
dma_ld_0_1_U0/clk_gate_rbA_U_ram_reg_211_       3.9900     0.0      0.0000       3.9900 0.0000 SNPS_CLOCK_GATE_HIGH_tinytpu_isa_dma_ld_0_1_1247
dma_ld_0_1_U0/clk_gate_rbA_U_ram_reg_212_       3.9900     0.0      0.0000       3.9900 0.0000 SNPS_CLOCK_GATE_HIGH_tinytpu_isa_dma_ld_0_1_1248
dma_ld_0_1_U0/clk_gate_rbA_U_ram_reg_213_       3.9900     0.0      0.0000       3.9900 0.0000 SNPS_CLOCK_GATE_HIGH_tinytpu_isa_dma_ld_0_1_1249
dma_ld_0_1_U0/clk_gate_rbA_U_ram_reg_214_       3.9900     0.0      0.0000       3.9900 0.0000 SNPS_CLOCK_GATE_HIGH_tinytpu_isa_dma_ld_0_1_1250
dma_ld_0_1_U0/clk_gate_rbA_U_ram_reg_215_       3.9900     0.0      0.0000       3.9900 0.0000 SNPS_CLOCK_GATE_HIGH_tinytpu_isa_dma_ld_0_1_1251
dma_ld_0_1_U0/clk_gate_rbA_U_ram_reg_216_       3.9900     0.0      0.0000       3.9900 0.0000 SNPS_CLOCK_GATE_HIGH_tinytpu_isa_dma_ld_0_1_1252
dma_ld_0_1_U0/clk_gate_rbA_U_ram_reg_217_       3.9900     0.0      0.0000       3.9900 0.0000 SNPS_CLOCK_GATE_HIGH_tinytpu_isa_dma_ld_0_1_1253
dma_ld_0_1_U0/clk_gate_rbA_U_ram_reg_218_       3.9900     0.0      0.0000       3.9900 0.0000 SNPS_CLOCK_GATE_HIGH_tinytpu_isa_dma_ld_0_1_1254
dma_ld_0_1_U0/clk_gate_rbA_U_ram_reg_219_       3.9900     0.0      0.0000       3.9900 0.0000 SNPS_CLOCK_GATE_HIGH_tinytpu_isa_dma_ld_0_1_1255
dma_ld_0_1_U0/clk_gate_rbA_U_ram_reg_21_       3.9900     0.0      0.0000       3.9900 0.0000 SNPS_CLOCK_GATE_HIGH_tinytpu_isa_dma_ld_0_1_1057
dma_ld_0_1_U0/clk_gate_rbA_U_ram_reg_220_       3.9900     0.0      0.0000       3.9900 0.0000 SNPS_CLOCK_GATE_HIGH_tinytpu_isa_dma_ld_0_1_1256
dma_ld_0_1_U0/clk_gate_rbA_U_ram_reg_221_       3.9900     0.0      0.0000       3.9900 0.0000 SNPS_CLOCK_GATE_HIGH_tinytpu_isa_dma_ld_0_1_1257
dma_ld_0_1_U0/clk_gate_rbA_U_ram_reg_222_       3.9900     0.0      0.0000       3.9900 0.0000 SNPS_CLOCK_GATE_HIGH_tinytpu_isa_dma_ld_0_1_1258
dma_ld_0_1_U0/clk_gate_rbA_U_ram_reg_223_       3.9900     0.0      0.0000       3.9900 0.0000 SNPS_CLOCK_GATE_HIGH_tinytpu_isa_dma_ld_0_1_1259
dma_ld_0_1_U0/clk_gate_rbA_U_ram_reg_224_       3.9900     0.0      0.0000       3.9900 0.0000 SNPS_CLOCK_GATE_HIGH_tinytpu_isa_dma_ld_0_1_1260
dma_ld_0_1_U0/clk_gate_rbA_U_ram_reg_225_       3.9900     0.0      0.0000       3.9900 0.0000 SNPS_CLOCK_GATE_HIGH_tinytpu_isa_dma_ld_0_1_1261
dma_ld_0_1_U0/clk_gate_rbA_U_ram_reg_226_       3.9900     0.0      0.0000       3.9900 0.0000 SNPS_CLOCK_GATE_HIGH_tinytpu_isa_dma_ld_0_1_1262
dma_ld_0_1_U0/clk_gate_rbA_U_ram_reg_227_       3.9900     0.0      0.0000       3.9900 0.0000 SNPS_CLOCK_GATE_HIGH_tinytpu_isa_dma_ld_0_1_1263
dma_ld_0_1_U0/clk_gate_rbA_U_ram_reg_228_       3.9900     0.0      0.0000       3.9900 0.0000 SNPS_CLOCK_GATE_HIGH_tinytpu_isa_dma_ld_0_1_1264
dma_ld_0_1_U0/clk_gate_rbA_U_ram_reg_229_       3.9900     0.0      0.0000       3.9900 0.0000 SNPS_CLOCK_GATE_HIGH_tinytpu_isa_dma_ld_0_1_1265
dma_ld_0_1_U0/clk_gate_rbA_U_ram_reg_22_       3.9900     0.0      0.0000       3.9900 0.0000 SNPS_CLOCK_GATE_HIGH_tinytpu_isa_dma_ld_0_1_1058
dma_ld_0_1_U0/clk_gate_rbA_U_ram_reg_230_       3.9900     0.0      0.0000       3.9900 0.0000 SNPS_CLOCK_GATE_HIGH_tinytpu_isa_dma_ld_0_1_1266
dma_ld_0_1_U0/clk_gate_rbA_U_ram_reg_231_       3.9900     0.0      0.0000       3.9900 0.0000 SNPS_CLOCK_GATE_HIGH_tinytpu_isa_dma_ld_0_1_1267
dma_ld_0_1_U0/clk_gate_rbA_U_ram_reg_232_       3.9900     0.0      0.0000       3.9900 0.0000 SNPS_CLOCK_GATE_HIGH_tinytpu_isa_dma_ld_0_1_1268
dma_ld_0_1_U0/clk_gate_rbA_U_ram_reg_233_       3.9900     0.0      0.0000       3.9900 0.0000 SNPS_CLOCK_GATE_HIGH_tinytpu_isa_dma_ld_0_1_1269
dma_ld_0_1_U0/clk_gate_rbA_U_ram_reg_234_       3.9900     0.0      0.0000       3.9900 0.0000 SNPS_CLOCK_GATE_HIGH_tinytpu_isa_dma_ld_0_1_1270
dma_ld_0_1_U0/clk_gate_rbA_U_ram_reg_235_       3.9900     0.0      0.0000       3.9900 0.0000 SNPS_CLOCK_GATE_HIGH_tinytpu_isa_dma_ld_0_1_1271
dma_ld_0_1_U0/clk_gate_rbA_U_ram_reg_236_       3.9900     0.0      0.0000       3.9900 0.0000 SNPS_CLOCK_GATE_HIGH_tinytpu_isa_dma_ld_0_1_1272
dma_ld_0_1_U0/clk_gate_rbA_U_ram_reg_237_       3.9900     0.0      0.0000       3.9900 0.0000 SNPS_CLOCK_GATE_HIGH_tinytpu_isa_dma_ld_0_1_1273
dma_ld_0_1_U0/clk_gate_rbA_U_ram_reg_238_       3.9900     0.0      0.0000       3.9900 0.0000 SNPS_CLOCK_GATE_HIGH_tinytpu_isa_dma_ld_0_1_1274
dma_ld_0_1_U0/clk_gate_rbA_U_ram_reg_239_       3.9900     0.0      0.0000       3.9900 0.0000 SNPS_CLOCK_GATE_HIGH_tinytpu_isa_dma_ld_0_1_1275
dma_ld_0_1_U0/clk_gate_rbA_U_ram_reg_23_       3.9900     0.0      0.0000       3.9900 0.0000 SNPS_CLOCK_GATE_HIGH_tinytpu_isa_dma_ld_0_1_1059
dma_ld_0_1_U0/clk_gate_rbA_U_ram_reg_240_       3.9900     0.0      0.0000       3.9900 0.0000 SNPS_CLOCK_GATE_HIGH_tinytpu_isa_dma_ld_0_1_1276
dma_ld_0_1_U0/clk_gate_rbA_U_ram_reg_241_       3.9900     0.0      0.0000       3.9900 0.0000 SNPS_CLOCK_GATE_HIGH_tinytpu_isa_dma_ld_0_1_1277
dma_ld_0_1_U0/clk_gate_rbA_U_ram_reg_242_       3.9900     0.0      0.0000       3.9900 0.0000 SNPS_CLOCK_GATE_HIGH_tinytpu_isa_dma_ld_0_1_1278
dma_ld_0_1_U0/clk_gate_rbA_U_ram_reg_243_       3.9900     0.0      0.0000       3.9900 0.0000 SNPS_CLOCK_GATE_HIGH_tinytpu_isa_dma_ld_0_1_1279
dma_ld_0_1_U0/clk_gate_rbA_U_ram_reg_244_       3.9900     0.0      0.0000       3.9900 0.0000 SNPS_CLOCK_GATE_HIGH_tinytpu_isa_dma_ld_0_1_1280
dma_ld_0_1_U0/clk_gate_rbA_U_ram_reg_245_       3.9900     0.0      0.0000       3.9900 0.0000 SNPS_CLOCK_GATE_HIGH_tinytpu_isa_dma_ld_0_1_1281
dma_ld_0_1_U0/clk_gate_rbA_U_ram_reg_246_       3.9900     0.0      0.0000       3.9900 0.0000 SNPS_CLOCK_GATE_HIGH_tinytpu_isa_dma_ld_0_1_1282
dma_ld_0_1_U0/clk_gate_rbA_U_ram_reg_247_       3.9900     0.0      0.0000       3.9900 0.0000 SNPS_CLOCK_GATE_HIGH_tinytpu_isa_dma_ld_0_1_1283
dma_ld_0_1_U0/clk_gate_rbA_U_ram_reg_248_       3.9900     0.0      0.0000       3.9900 0.0000 SNPS_CLOCK_GATE_HIGH_tinytpu_isa_dma_ld_0_1_1284
dma_ld_0_1_U0/clk_gate_rbA_U_ram_reg_249_       3.9900     0.0      0.0000       3.9900 0.0000 SNPS_CLOCK_GATE_HIGH_tinytpu_isa_dma_ld_0_1_1285
dma_ld_0_1_U0/clk_gate_rbA_U_ram_reg_24_       3.9900     0.0      0.0000       3.9900 0.0000 SNPS_CLOCK_GATE_HIGH_tinytpu_isa_dma_ld_0_1_1060
dma_ld_0_1_U0/clk_gate_rbA_U_ram_reg_250_       3.9900     0.0      0.0000       3.9900 0.0000 SNPS_CLOCK_GATE_HIGH_tinytpu_isa_dma_ld_0_1_1286
dma_ld_0_1_U0/clk_gate_rbA_U_ram_reg_251_       3.9900     0.0      0.0000       3.9900 0.0000 SNPS_CLOCK_GATE_HIGH_tinytpu_isa_dma_ld_0_1_1287
dma_ld_0_1_U0/clk_gate_rbA_U_ram_reg_252_       3.9900     0.0      0.0000       3.9900 0.0000 SNPS_CLOCK_GATE_HIGH_tinytpu_isa_dma_ld_0_1_1288
dma_ld_0_1_U0/clk_gate_rbA_U_ram_reg_253_       3.9900     0.0      0.0000       3.9900 0.0000 SNPS_CLOCK_GATE_HIGH_tinytpu_isa_dma_ld_0_1_1289
dma_ld_0_1_U0/clk_gate_rbA_U_ram_reg_254_       3.9900     0.0      0.0000       3.9900 0.0000 SNPS_CLOCK_GATE_HIGH_tinytpu_isa_dma_ld_0_1_1290
dma_ld_0_1_U0/clk_gate_rbA_U_ram_reg_255_       3.9900     0.0      0.0000       3.9900 0.0000 SNPS_CLOCK_GATE_HIGH_tinytpu_isa_dma_ld_0_1_1291
dma_ld_0_1_U0/clk_gate_rbA_U_ram_reg_256_       3.9900     0.0      0.0000       3.9900 0.0000 SNPS_CLOCK_GATE_HIGH_tinytpu_isa_dma_ld_0_1_1292
dma_ld_0_1_U0/clk_gate_rbA_U_ram_reg_257_       3.9900     0.0      0.0000       3.9900 0.0000 SNPS_CLOCK_GATE_HIGH_tinytpu_isa_dma_ld_0_1_1293
dma_ld_0_1_U0/clk_gate_rbA_U_ram_reg_258_       3.9900     0.0      0.0000       3.9900 0.0000 SNPS_CLOCK_GATE_HIGH_tinytpu_isa_dma_ld_0_1_1294
dma_ld_0_1_U0/clk_gate_rbA_U_ram_reg_259_       3.9900     0.0      0.0000       3.9900 0.0000 SNPS_CLOCK_GATE_HIGH_tinytpu_isa_dma_ld_0_1_1295
dma_ld_0_1_U0/clk_gate_rbA_U_ram_reg_25_       3.9900     0.0      0.0000       3.9900 0.0000 SNPS_CLOCK_GATE_HIGH_tinytpu_isa_dma_ld_0_1_1061
dma_ld_0_1_U0/clk_gate_rbA_U_ram_reg_260_       3.9900     0.0      0.0000       3.9900 0.0000 SNPS_CLOCK_GATE_HIGH_tinytpu_isa_dma_ld_0_1_1296
dma_ld_0_1_U0/clk_gate_rbA_U_ram_reg_261_       3.9900     0.0      0.0000       3.9900 0.0000 SNPS_CLOCK_GATE_HIGH_tinytpu_isa_dma_ld_0_1_1297
dma_ld_0_1_U0/clk_gate_rbA_U_ram_reg_262_       3.9900     0.0      0.0000       3.9900 0.0000 SNPS_CLOCK_GATE_HIGH_tinytpu_isa_dma_ld_0_1_1298
dma_ld_0_1_U0/clk_gate_rbA_U_ram_reg_263_       3.9900     0.0      0.0000       3.9900 0.0000 SNPS_CLOCK_GATE_HIGH_tinytpu_isa_dma_ld_0_1_1299
dma_ld_0_1_U0/clk_gate_rbA_U_ram_reg_264_       3.9900     0.0      0.0000       3.9900 0.0000 SNPS_CLOCK_GATE_HIGH_tinytpu_isa_dma_ld_0_1_1300
dma_ld_0_1_U0/clk_gate_rbA_U_ram_reg_265_       3.9900     0.0      0.0000       3.9900 0.0000 SNPS_CLOCK_GATE_HIGH_tinytpu_isa_dma_ld_0_1_1301
dma_ld_0_1_U0/clk_gate_rbA_U_ram_reg_266_       3.9900     0.0      0.0000       3.9900 0.0000 SNPS_CLOCK_GATE_HIGH_tinytpu_isa_dma_ld_0_1_1302
dma_ld_0_1_U0/clk_gate_rbA_U_ram_reg_267_       3.9900     0.0      0.0000       3.9900 0.0000 SNPS_CLOCK_GATE_HIGH_tinytpu_isa_dma_ld_0_1_1303
dma_ld_0_1_U0/clk_gate_rbA_U_ram_reg_268_       3.9900     0.0      0.0000       3.9900 0.0000 SNPS_CLOCK_GATE_HIGH_tinytpu_isa_dma_ld_0_1_1304
dma_ld_0_1_U0/clk_gate_rbA_U_ram_reg_269_       3.9900     0.0      0.0000       3.9900 0.0000 SNPS_CLOCK_GATE_HIGH_tinytpu_isa_dma_ld_0_1_1305
dma_ld_0_1_U0/clk_gate_rbA_U_ram_reg_26_       3.9900     0.0      0.0000       3.9900 0.0000 SNPS_CLOCK_GATE_HIGH_tinytpu_isa_dma_ld_0_1_1062
dma_ld_0_1_U0/clk_gate_rbA_U_ram_reg_270_       3.9900     0.0      0.0000       3.9900 0.0000 SNPS_CLOCK_GATE_HIGH_tinytpu_isa_dma_ld_0_1_1306
dma_ld_0_1_U0/clk_gate_rbA_U_ram_reg_271_       3.9900     0.0      0.0000       3.9900 0.0000 SNPS_CLOCK_GATE_HIGH_tinytpu_isa_dma_ld_0_1_1307
dma_ld_0_1_U0/clk_gate_rbA_U_ram_reg_272_       3.9900     0.0      0.0000       3.9900 0.0000 SNPS_CLOCK_GATE_HIGH_tinytpu_isa_dma_ld_0_1_1308
dma_ld_0_1_U0/clk_gate_rbA_U_ram_reg_273_       3.9900     0.0      0.0000       3.9900 0.0000 SNPS_CLOCK_GATE_HIGH_tinytpu_isa_dma_ld_0_1_1309
dma_ld_0_1_U0/clk_gate_rbA_U_ram_reg_274_       3.9900     0.0      0.0000       3.9900 0.0000 SNPS_CLOCK_GATE_HIGH_tinytpu_isa_dma_ld_0_1_1310
dma_ld_0_1_U0/clk_gate_rbA_U_ram_reg_275_       3.9900     0.0      0.0000       3.9900 0.0000 SNPS_CLOCK_GATE_HIGH_tinytpu_isa_dma_ld_0_1_1311
dma_ld_0_1_U0/clk_gate_rbA_U_ram_reg_276_       3.9900     0.0      0.0000       3.9900 0.0000 SNPS_CLOCK_GATE_HIGH_tinytpu_isa_dma_ld_0_1_1312
dma_ld_0_1_U0/clk_gate_rbA_U_ram_reg_277_       3.9900     0.0      0.0000       3.9900 0.0000 SNPS_CLOCK_GATE_HIGH_tinytpu_isa_dma_ld_0_1_1313
dma_ld_0_1_U0/clk_gate_rbA_U_ram_reg_278_       3.9900     0.0      0.0000       3.9900 0.0000 SNPS_CLOCK_GATE_HIGH_tinytpu_isa_dma_ld_0_1_1314
dma_ld_0_1_U0/clk_gate_rbA_U_ram_reg_279_       3.9900     0.0      0.0000       3.9900 0.0000 SNPS_CLOCK_GATE_HIGH_tinytpu_isa_dma_ld_0_1_1315
dma_ld_0_1_U0/clk_gate_rbA_U_ram_reg_27_       3.9900     0.0      0.0000       3.9900 0.0000 SNPS_CLOCK_GATE_HIGH_tinytpu_isa_dma_ld_0_1_1063
dma_ld_0_1_U0/clk_gate_rbA_U_ram_reg_280_       3.9900     0.0      0.0000       3.9900 0.0000 SNPS_CLOCK_GATE_HIGH_tinytpu_isa_dma_ld_0_1_1316
dma_ld_0_1_U0/clk_gate_rbA_U_ram_reg_281_       3.9900     0.0      0.0000       3.9900 0.0000 SNPS_CLOCK_GATE_HIGH_tinytpu_isa_dma_ld_0_1_1317
dma_ld_0_1_U0/clk_gate_rbA_U_ram_reg_282_       3.9900     0.0      0.0000       3.9900 0.0000 SNPS_CLOCK_GATE_HIGH_tinytpu_isa_dma_ld_0_1_1318
dma_ld_0_1_U0/clk_gate_rbA_U_ram_reg_283_       3.9900     0.0      0.0000       3.9900 0.0000 SNPS_CLOCK_GATE_HIGH_tinytpu_isa_dma_ld_0_1_1319
dma_ld_0_1_U0/clk_gate_rbA_U_ram_reg_284_       3.9900     0.0      0.0000       3.9900 0.0000 SNPS_CLOCK_GATE_HIGH_tinytpu_isa_dma_ld_0_1_1320
dma_ld_0_1_U0/clk_gate_rbA_U_ram_reg_285_       3.9900     0.0      0.0000       3.9900 0.0000 SNPS_CLOCK_GATE_HIGH_tinytpu_isa_dma_ld_0_1_1321
dma_ld_0_1_U0/clk_gate_rbA_U_ram_reg_286_       3.9900     0.0      0.0000       3.9900 0.0000 SNPS_CLOCK_GATE_HIGH_tinytpu_isa_dma_ld_0_1_1322
dma_ld_0_1_U0/clk_gate_rbA_U_ram_reg_287_       3.9900     0.0      0.0000       3.9900 0.0000 SNPS_CLOCK_GATE_HIGH_tinytpu_isa_dma_ld_0_1_1323
dma_ld_0_1_U0/clk_gate_rbA_U_ram_reg_288_       3.9900     0.0      0.0000       3.9900 0.0000 SNPS_CLOCK_GATE_HIGH_tinytpu_isa_dma_ld_0_1_1324
dma_ld_0_1_U0/clk_gate_rbA_U_ram_reg_289_       3.9900     0.0      0.0000       3.9900 0.0000 SNPS_CLOCK_GATE_HIGH_tinytpu_isa_dma_ld_0_1_1325
dma_ld_0_1_U0/clk_gate_rbA_U_ram_reg_28_       3.9900     0.0      0.0000       3.9900 0.0000 SNPS_CLOCK_GATE_HIGH_tinytpu_isa_dma_ld_0_1_1064
dma_ld_0_1_U0/clk_gate_rbA_U_ram_reg_290_       3.9900     0.0      0.0000       3.9900 0.0000 SNPS_CLOCK_GATE_HIGH_tinytpu_isa_dma_ld_0_1_1326
dma_ld_0_1_U0/clk_gate_rbA_U_ram_reg_291_       3.9900     0.0      0.0000       3.9900 0.0000 SNPS_CLOCK_GATE_HIGH_tinytpu_isa_dma_ld_0_1_1327
dma_ld_0_1_U0/clk_gate_rbA_U_ram_reg_292_       3.9900     0.0      0.0000       3.9900 0.0000 SNPS_CLOCK_GATE_HIGH_tinytpu_isa_dma_ld_0_1_1328
dma_ld_0_1_U0/clk_gate_rbA_U_ram_reg_293_       3.9900     0.0      0.0000       3.9900 0.0000 SNPS_CLOCK_GATE_HIGH_tinytpu_isa_dma_ld_0_1_1329
dma_ld_0_1_U0/clk_gate_rbA_U_ram_reg_294_       3.9900     0.0      0.0000       3.9900 0.0000 SNPS_CLOCK_GATE_HIGH_tinytpu_isa_dma_ld_0_1_1330
dma_ld_0_1_U0/clk_gate_rbA_U_ram_reg_295_       3.9900     0.0      0.0000       3.9900 0.0000 SNPS_CLOCK_GATE_HIGH_tinytpu_isa_dma_ld_0_1_1331
dma_ld_0_1_U0/clk_gate_rbA_U_ram_reg_296_       3.9900     0.0      0.0000       3.9900 0.0000 SNPS_CLOCK_GATE_HIGH_tinytpu_isa_dma_ld_0_1_1332
dma_ld_0_1_U0/clk_gate_rbA_U_ram_reg_297_       3.9900     0.0      0.0000       3.9900 0.0000 SNPS_CLOCK_GATE_HIGH_tinytpu_isa_dma_ld_0_1_1333
dma_ld_0_1_U0/clk_gate_rbA_U_ram_reg_298_       3.9900     0.0      0.0000       3.9900 0.0000 SNPS_CLOCK_GATE_HIGH_tinytpu_isa_dma_ld_0_1_1334
dma_ld_0_1_U0/clk_gate_rbA_U_ram_reg_299_       3.9900     0.0      0.0000       3.9900 0.0000 SNPS_CLOCK_GATE_HIGH_tinytpu_isa_dma_ld_0_1_1335
dma_ld_0_1_U0/clk_gate_rbA_U_ram_reg_29_       3.9900     0.0      0.0000       3.9900 0.0000 SNPS_CLOCK_GATE_HIGH_tinytpu_isa_dma_ld_0_1_1065
dma_ld_0_1_U0/clk_gate_rbA_U_ram_reg_2_       3.9900     0.0      0.0000       3.9900 0.0000 SNPS_CLOCK_GATE_HIGH_tinytpu_isa_dma_ld_0_1_1038
dma_ld_0_1_U0/clk_gate_rbA_U_ram_reg_300_       3.9900     0.0      0.0000       3.9900 0.0000 SNPS_CLOCK_GATE_HIGH_tinytpu_isa_dma_ld_0_1_1336
dma_ld_0_1_U0/clk_gate_rbA_U_ram_reg_301_       3.9900     0.0      0.0000       3.9900 0.0000 SNPS_CLOCK_GATE_HIGH_tinytpu_isa_dma_ld_0_1_1337
dma_ld_0_1_U0/clk_gate_rbA_U_ram_reg_302_       3.9900     0.0      0.0000       3.9900 0.0000 SNPS_CLOCK_GATE_HIGH_tinytpu_isa_dma_ld_0_1_1338
dma_ld_0_1_U0/clk_gate_rbA_U_ram_reg_303_       3.9900     0.0      0.0000       3.9900 0.0000 SNPS_CLOCK_GATE_HIGH_tinytpu_isa_dma_ld_0_1_1339
dma_ld_0_1_U0/clk_gate_rbA_U_ram_reg_304_       3.9900     0.0      0.0000       3.9900 0.0000 SNPS_CLOCK_GATE_HIGH_tinytpu_isa_dma_ld_0_1_1340
dma_ld_0_1_U0/clk_gate_rbA_U_ram_reg_305_       3.9900     0.0      0.0000       3.9900 0.0000 SNPS_CLOCK_GATE_HIGH_tinytpu_isa_dma_ld_0_1_1341
dma_ld_0_1_U0/clk_gate_rbA_U_ram_reg_306_       3.9900     0.0      0.0000       3.9900 0.0000 SNPS_CLOCK_GATE_HIGH_tinytpu_isa_dma_ld_0_1_1342
dma_ld_0_1_U0/clk_gate_rbA_U_ram_reg_307_       3.9900     0.0      0.0000       3.9900 0.0000 SNPS_CLOCK_GATE_HIGH_tinytpu_isa_dma_ld_0_1_1343
dma_ld_0_1_U0/clk_gate_rbA_U_ram_reg_308_       3.9900     0.0      0.0000       3.9900 0.0000 SNPS_CLOCK_GATE_HIGH_tinytpu_isa_dma_ld_0_1_1344
dma_ld_0_1_U0/clk_gate_rbA_U_ram_reg_309_       3.9900     0.0      0.0000       3.9900 0.0000 SNPS_CLOCK_GATE_HIGH_tinytpu_isa_dma_ld_0_1_1345
dma_ld_0_1_U0/clk_gate_rbA_U_ram_reg_30_       3.9900     0.0      0.0000       3.9900 0.0000 SNPS_CLOCK_GATE_HIGH_tinytpu_isa_dma_ld_0_1_1066
dma_ld_0_1_U0/clk_gate_rbA_U_ram_reg_310_       3.9900     0.0      0.0000       3.9900 0.0000 SNPS_CLOCK_GATE_HIGH_tinytpu_isa_dma_ld_0_1_1346
dma_ld_0_1_U0/clk_gate_rbA_U_ram_reg_311_       3.9900     0.0      0.0000       3.9900 0.0000 SNPS_CLOCK_GATE_HIGH_tinytpu_isa_dma_ld_0_1_1347
dma_ld_0_1_U0/clk_gate_rbA_U_ram_reg_312_       3.9900     0.0      0.0000       3.9900 0.0000 SNPS_CLOCK_GATE_HIGH_tinytpu_isa_dma_ld_0_1_1348
dma_ld_0_1_U0/clk_gate_rbA_U_ram_reg_313_       3.9900     0.0      0.0000       3.9900 0.0000 SNPS_CLOCK_GATE_HIGH_tinytpu_isa_dma_ld_0_1_1349
dma_ld_0_1_U0/clk_gate_rbA_U_ram_reg_314_       3.9900     0.0      0.0000       3.9900 0.0000 SNPS_CLOCK_GATE_HIGH_tinytpu_isa_dma_ld_0_1_1350
dma_ld_0_1_U0/clk_gate_rbA_U_ram_reg_315_       3.9900     0.0      0.0000       3.9900 0.0000 SNPS_CLOCK_GATE_HIGH_tinytpu_isa_dma_ld_0_1_1351
dma_ld_0_1_U0/clk_gate_rbA_U_ram_reg_316_       3.9900     0.0      0.0000       3.9900 0.0000 SNPS_CLOCK_GATE_HIGH_tinytpu_isa_dma_ld_0_1_1352
dma_ld_0_1_U0/clk_gate_rbA_U_ram_reg_317_       3.9900     0.0      0.0000       3.9900 0.0000 SNPS_CLOCK_GATE_HIGH_tinytpu_isa_dma_ld_0_1_1353
dma_ld_0_1_U0/clk_gate_rbA_U_ram_reg_318_       3.9900     0.0      0.0000       3.9900 0.0000 SNPS_CLOCK_GATE_HIGH_tinytpu_isa_dma_ld_0_1_1354
dma_ld_0_1_U0/clk_gate_rbA_U_ram_reg_319_       3.9900     0.0      0.0000       3.9900 0.0000 SNPS_CLOCK_GATE_HIGH_tinytpu_isa_dma_ld_0_1_1355
dma_ld_0_1_U0/clk_gate_rbA_U_ram_reg_31_       3.9900     0.0      0.0000       3.9900 0.0000 SNPS_CLOCK_GATE_HIGH_tinytpu_isa_dma_ld_0_1_1067
dma_ld_0_1_U0/clk_gate_rbA_U_ram_reg_320_       3.9900     0.0      0.0000       3.9900 0.0000 SNPS_CLOCK_GATE_HIGH_tinytpu_isa_dma_ld_0_1_1356
dma_ld_0_1_U0/clk_gate_rbA_U_ram_reg_321_       3.9900     0.0      0.0000       3.9900 0.0000 SNPS_CLOCK_GATE_HIGH_tinytpu_isa_dma_ld_0_1_1357
dma_ld_0_1_U0/clk_gate_rbA_U_ram_reg_322_       3.9900     0.0      0.0000       3.9900 0.0000 SNPS_CLOCK_GATE_HIGH_tinytpu_isa_dma_ld_0_1_1358
dma_ld_0_1_U0/clk_gate_rbA_U_ram_reg_323_       3.9900     0.0      0.0000       3.9900 0.0000 SNPS_CLOCK_GATE_HIGH_tinytpu_isa_dma_ld_0_1_1359
dma_ld_0_1_U0/clk_gate_rbA_U_ram_reg_324_       3.9900     0.0      0.0000       3.9900 0.0000 SNPS_CLOCK_GATE_HIGH_tinytpu_isa_dma_ld_0_1_1360
dma_ld_0_1_U0/clk_gate_rbA_U_ram_reg_325_       3.9900     0.0      0.0000       3.9900 0.0000 SNPS_CLOCK_GATE_HIGH_tinytpu_isa_dma_ld_0_1_1361
dma_ld_0_1_U0/clk_gate_rbA_U_ram_reg_326_       3.9900     0.0      0.0000       3.9900 0.0000 SNPS_CLOCK_GATE_HIGH_tinytpu_isa_dma_ld_0_1_1362
dma_ld_0_1_U0/clk_gate_rbA_U_ram_reg_327_       3.9900     0.0      0.0000       3.9900 0.0000 SNPS_CLOCK_GATE_HIGH_tinytpu_isa_dma_ld_0_1_1363
dma_ld_0_1_U0/clk_gate_rbA_U_ram_reg_328_       3.9900     0.0      0.0000       3.9900 0.0000 SNPS_CLOCK_GATE_HIGH_tinytpu_isa_dma_ld_0_1_1364
dma_ld_0_1_U0/clk_gate_rbA_U_ram_reg_329_       3.9900     0.0      0.0000       3.9900 0.0000 SNPS_CLOCK_GATE_HIGH_tinytpu_isa_dma_ld_0_1_1365
dma_ld_0_1_U0/clk_gate_rbA_U_ram_reg_32_       3.9900     0.0      0.0000       3.9900 0.0000 SNPS_CLOCK_GATE_HIGH_tinytpu_isa_dma_ld_0_1_1068
dma_ld_0_1_U0/clk_gate_rbA_U_ram_reg_330_       3.9900     0.0      0.0000       3.9900 0.0000 SNPS_CLOCK_GATE_HIGH_tinytpu_isa_dma_ld_0_1_1366
dma_ld_0_1_U0/clk_gate_rbA_U_ram_reg_331_       3.9900     0.0      0.0000       3.9900 0.0000 SNPS_CLOCK_GATE_HIGH_tinytpu_isa_dma_ld_0_1_1367
dma_ld_0_1_U0/clk_gate_rbA_U_ram_reg_332_       3.9900     0.0      0.0000       3.9900 0.0000 SNPS_CLOCK_GATE_HIGH_tinytpu_isa_dma_ld_0_1_1368
dma_ld_0_1_U0/clk_gate_rbA_U_ram_reg_333_       3.9900     0.0      0.0000       3.9900 0.0000 SNPS_CLOCK_GATE_HIGH_tinytpu_isa_dma_ld_0_1_1369
dma_ld_0_1_U0/clk_gate_rbA_U_ram_reg_334_       3.9900     0.0      0.0000       3.9900 0.0000 SNPS_CLOCK_GATE_HIGH_tinytpu_isa_dma_ld_0_1_1370
dma_ld_0_1_U0/clk_gate_rbA_U_ram_reg_335_       3.9900     0.0      0.0000       3.9900 0.0000 SNPS_CLOCK_GATE_HIGH_tinytpu_isa_dma_ld_0_1_1371
dma_ld_0_1_U0/clk_gate_rbA_U_ram_reg_336_       3.9900     0.0      0.0000       3.9900 0.0000 SNPS_CLOCK_GATE_HIGH_tinytpu_isa_dma_ld_0_1_1372
dma_ld_0_1_U0/clk_gate_rbA_U_ram_reg_337_       3.9900     0.0      0.0000       3.9900 0.0000 SNPS_CLOCK_GATE_HIGH_tinytpu_isa_dma_ld_0_1_1373
dma_ld_0_1_U0/clk_gate_rbA_U_ram_reg_338_       3.9900     0.0      0.0000       3.9900 0.0000 SNPS_CLOCK_GATE_HIGH_tinytpu_isa_dma_ld_0_1_1374
dma_ld_0_1_U0/clk_gate_rbA_U_ram_reg_339_       3.9900     0.0      0.0000       3.9900 0.0000 SNPS_CLOCK_GATE_HIGH_tinytpu_isa_dma_ld_0_1_1375
dma_ld_0_1_U0/clk_gate_rbA_U_ram_reg_33_       3.9900     0.0      0.0000       3.9900 0.0000 SNPS_CLOCK_GATE_HIGH_tinytpu_isa_dma_ld_0_1_1069
dma_ld_0_1_U0/clk_gate_rbA_U_ram_reg_340_       3.9900     0.0      0.0000       3.9900 0.0000 SNPS_CLOCK_GATE_HIGH_tinytpu_isa_dma_ld_0_1_1376
dma_ld_0_1_U0/clk_gate_rbA_U_ram_reg_341_       3.9900     0.0      0.0000       3.9900 0.0000 SNPS_CLOCK_GATE_HIGH_tinytpu_isa_dma_ld_0_1_1377
dma_ld_0_1_U0/clk_gate_rbA_U_ram_reg_342_       3.9900     0.0      0.0000       3.9900 0.0000 SNPS_CLOCK_GATE_HIGH_tinytpu_isa_dma_ld_0_1_1378
dma_ld_0_1_U0/clk_gate_rbA_U_ram_reg_343_       3.9900     0.0      0.0000       3.9900 0.0000 SNPS_CLOCK_GATE_HIGH_tinytpu_isa_dma_ld_0_1_1379
dma_ld_0_1_U0/clk_gate_rbA_U_ram_reg_344_       3.9900     0.0      0.0000       3.9900 0.0000 SNPS_CLOCK_GATE_HIGH_tinytpu_isa_dma_ld_0_1_1380
dma_ld_0_1_U0/clk_gate_rbA_U_ram_reg_345_       3.9900     0.0      0.0000       3.9900 0.0000 SNPS_CLOCK_GATE_HIGH_tinytpu_isa_dma_ld_0_1_1381
dma_ld_0_1_U0/clk_gate_rbA_U_ram_reg_346_       3.9900     0.0      0.0000       3.9900 0.0000 SNPS_CLOCK_GATE_HIGH_tinytpu_isa_dma_ld_0_1_1382
dma_ld_0_1_U0/clk_gate_rbA_U_ram_reg_347_       3.9900     0.0      0.0000       3.9900 0.0000 SNPS_CLOCK_GATE_HIGH_tinytpu_isa_dma_ld_0_1_1383
dma_ld_0_1_U0/clk_gate_rbA_U_ram_reg_348_       3.9900     0.0      0.0000       3.9900 0.0000 SNPS_CLOCK_GATE_HIGH_tinytpu_isa_dma_ld_0_1_1384
dma_ld_0_1_U0/clk_gate_rbA_U_ram_reg_349_       3.9900     0.0      0.0000       3.9900 0.0000 SNPS_CLOCK_GATE_HIGH_tinytpu_isa_dma_ld_0_1_1385
dma_ld_0_1_U0/clk_gate_rbA_U_ram_reg_34_       3.9900     0.0      0.0000       3.9900 0.0000 SNPS_CLOCK_GATE_HIGH_tinytpu_isa_dma_ld_0_1_1070
dma_ld_0_1_U0/clk_gate_rbA_U_ram_reg_350_       3.9900     0.0      0.0000       3.9900 0.0000 SNPS_CLOCK_GATE_HIGH_tinytpu_isa_dma_ld_0_1_1386
dma_ld_0_1_U0/clk_gate_rbA_U_ram_reg_351_       3.9900     0.0      0.0000       3.9900 0.0000 SNPS_CLOCK_GATE_HIGH_tinytpu_isa_dma_ld_0_1_1387
dma_ld_0_1_U0/clk_gate_rbA_U_ram_reg_352_       3.9900     0.0      0.0000       3.9900 0.0000 SNPS_CLOCK_GATE_HIGH_tinytpu_isa_dma_ld_0_1_1388
dma_ld_0_1_U0/clk_gate_rbA_U_ram_reg_353_       3.9900     0.0      0.0000       3.9900 0.0000 SNPS_CLOCK_GATE_HIGH_tinytpu_isa_dma_ld_0_1_1389
dma_ld_0_1_U0/clk_gate_rbA_U_ram_reg_354_       3.9900     0.0      0.0000       3.9900 0.0000 SNPS_CLOCK_GATE_HIGH_tinytpu_isa_dma_ld_0_1_1390
dma_ld_0_1_U0/clk_gate_rbA_U_ram_reg_355_       3.9900     0.0      0.0000       3.9900 0.0000 SNPS_CLOCK_GATE_HIGH_tinytpu_isa_dma_ld_0_1_1391
dma_ld_0_1_U0/clk_gate_rbA_U_ram_reg_356_       3.9900     0.0      0.0000       3.9900 0.0000 SNPS_CLOCK_GATE_HIGH_tinytpu_isa_dma_ld_0_1_1392
dma_ld_0_1_U0/clk_gate_rbA_U_ram_reg_357_       3.9900     0.0      0.0000       3.9900 0.0000 SNPS_CLOCK_GATE_HIGH_tinytpu_isa_dma_ld_0_1_1393
dma_ld_0_1_U0/clk_gate_rbA_U_ram_reg_358_       3.9900     0.0      0.0000       3.9900 0.0000 SNPS_CLOCK_GATE_HIGH_tinytpu_isa_dma_ld_0_1_1394
dma_ld_0_1_U0/clk_gate_rbA_U_ram_reg_359_       3.9900     0.0      0.0000       3.9900 0.0000 SNPS_CLOCK_GATE_HIGH_tinytpu_isa_dma_ld_0_1_1395
dma_ld_0_1_U0/clk_gate_rbA_U_ram_reg_35_       3.9900     0.0      0.0000       3.9900 0.0000 SNPS_CLOCK_GATE_HIGH_tinytpu_isa_dma_ld_0_1_1071
dma_ld_0_1_U0/clk_gate_rbA_U_ram_reg_360_       3.9900     0.0      0.0000       3.9900 0.0000 SNPS_CLOCK_GATE_HIGH_tinytpu_isa_dma_ld_0_1_1396
dma_ld_0_1_U0/clk_gate_rbA_U_ram_reg_361_       3.9900     0.0      0.0000       3.9900 0.0000 SNPS_CLOCK_GATE_HIGH_tinytpu_isa_dma_ld_0_1_1397
dma_ld_0_1_U0/clk_gate_rbA_U_ram_reg_362_       3.9900     0.0      0.0000       3.9900 0.0000 SNPS_CLOCK_GATE_HIGH_tinytpu_isa_dma_ld_0_1_1398
dma_ld_0_1_U0/clk_gate_rbA_U_ram_reg_363_       3.9900     0.0      0.0000       3.9900 0.0000 SNPS_CLOCK_GATE_HIGH_tinytpu_isa_dma_ld_0_1_1399
dma_ld_0_1_U0/clk_gate_rbA_U_ram_reg_364_       3.9900     0.0      0.0000       3.9900 0.0000 SNPS_CLOCK_GATE_HIGH_tinytpu_isa_dma_ld_0_1_1400
dma_ld_0_1_U0/clk_gate_rbA_U_ram_reg_365_       3.9900     0.0      0.0000       3.9900 0.0000 SNPS_CLOCK_GATE_HIGH_tinytpu_isa_dma_ld_0_1_1401
dma_ld_0_1_U0/clk_gate_rbA_U_ram_reg_366_       3.9900     0.0      0.0000       3.9900 0.0000 SNPS_CLOCK_GATE_HIGH_tinytpu_isa_dma_ld_0_1_1402
dma_ld_0_1_U0/clk_gate_rbA_U_ram_reg_367_       3.9900     0.0      0.0000       3.9900 0.0000 SNPS_CLOCK_GATE_HIGH_tinytpu_isa_dma_ld_0_1_1403
dma_ld_0_1_U0/clk_gate_rbA_U_ram_reg_368_       3.9900     0.0      0.0000       3.9900 0.0000 SNPS_CLOCK_GATE_HIGH_tinytpu_isa_dma_ld_0_1_1404
dma_ld_0_1_U0/clk_gate_rbA_U_ram_reg_369_       3.9900     0.0      0.0000       3.9900 0.0000 SNPS_CLOCK_GATE_HIGH_tinytpu_isa_dma_ld_0_1_1405
dma_ld_0_1_U0/clk_gate_rbA_U_ram_reg_36_       3.9900     0.0      0.0000       3.9900 0.0000 SNPS_CLOCK_GATE_HIGH_tinytpu_isa_dma_ld_0_1_1072
dma_ld_0_1_U0/clk_gate_rbA_U_ram_reg_370_       3.9900     0.0      0.0000       3.9900 0.0000 SNPS_CLOCK_GATE_HIGH_tinytpu_isa_dma_ld_0_1_1406
dma_ld_0_1_U0/clk_gate_rbA_U_ram_reg_371_       3.9900     0.0      0.0000       3.9900 0.0000 SNPS_CLOCK_GATE_HIGH_tinytpu_isa_dma_ld_0_1_1407
dma_ld_0_1_U0/clk_gate_rbA_U_ram_reg_372_       3.9900     0.0      0.0000       3.9900 0.0000 SNPS_CLOCK_GATE_HIGH_tinytpu_isa_dma_ld_0_1_1408
dma_ld_0_1_U0/clk_gate_rbA_U_ram_reg_373_       3.9900     0.0      0.0000       3.9900 0.0000 SNPS_CLOCK_GATE_HIGH_tinytpu_isa_dma_ld_0_1_1409
dma_ld_0_1_U0/clk_gate_rbA_U_ram_reg_374_       3.9900     0.0      0.0000       3.9900 0.0000 SNPS_CLOCK_GATE_HIGH_tinytpu_isa_dma_ld_0_1_1410
dma_ld_0_1_U0/clk_gate_rbA_U_ram_reg_375_       3.9900     0.0      0.0000       3.9900 0.0000 SNPS_CLOCK_GATE_HIGH_tinytpu_isa_dma_ld_0_1_1411
dma_ld_0_1_U0/clk_gate_rbA_U_ram_reg_376_       3.9900     0.0      0.0000       3.9900 0.0000 SNPS_CLOCK_GATE_HIGH_tinytpu_isa_dma_ld_0_1_1412
dma_ld_0_1_U0/clk_gate_rbA_U_ram_reg_377_       3.9900     0.0      0.0000       3.9900 0.0000 SNPS_CLOCK_GATE_HIGH_tinytpu_isa_dma_ld_0_1_1413
dma_ld_0_1_U0/clk_gate_rbA_U_ram_reg_378_       3.9900     0.0      0.0000       3.9900 0.0000 SNPS_CLOCK_GATE_HIGH_tinytpu_isa_dma_ld_0_1_1414
dma_ld_0_1_U0/clk_gate_rbA_U_ram_reg_379_       3.9900     0.0      0.0000       3.9900 0.0000 SNPS_CLOCK_GATE_HIGH_tinytpu_isa_dma_ld_0_1_1415
dma_ld_0_1_U0/clk_gate_rbA_U_ram_reg_37_       3.9900     0.0      0.0000       3.9900 0.0000 SNPS_CLOCK_GATE_HIGH_tinytpu_isa_dma_ld_0_1_1073
dma_ld_0_1_U0/clk_gate_rbA_U_ram_reg_380_       3.9900     0.0      0.0000       3.9900 0.0000 SNPS_CLOCK_GATE_HIGH_tinytpu_isa_dma_ld_0_1_1416
dma_ld_0_1_U0/clk_gate_rbA_U_ram_reg_381_       3.9900     0.0      0.0000       3.9900 0.0000 SNPS_CLOCK_GATE_HIGH_tinytpu_isa_dma_ld_0_1_1417
dma_ld_0_1_U0/clk_gate_rbA_U_ram_reg_382_       3.9900     0.0      0.0000       3.9900 0.0000 SNPS_CLOCK_GATE_HIGH_tinytpu_isa_dma_ld_0_1_1418
dma_ld_0_1_U0/clk_gate_rbA_U_ram_reg_383_       3.9900     0.0      0.0000       3.9900 0.0000 SNPS_CLOCK_GATE_HIGH_tinytpu_isa_dma_ld_0_1_1419
dma_ld_0_1_U0/clk_gate_rbA_U_ram_reg_384_       3.9900     0.0      0.0000       3.9900 0.0000 SNPS_CLOCK_GATE_HIGH_tinytpu_isa_dma_ld_0_1_1420
dma_ld_0_1_U0/clk_gate_rbA_U_ram_reg_385_       3.9900     0.0      0.0000       3.9900 0.0000 SNPS_CLOCK_GATE_HIGH_tinytpu_isa_dma_ld_0_1_1421
dma_ld_0_1_U0/clk_gate_rbA_U_ram_reg_386_       3.9900     0.0      0.0000       3.9900 0.0000 SNPS_CLOCK_GATE_HIGH_tinytpu_isa_dma_ld_0_1_1422
dma_ld_0_1_U0/clk_gate_rbA_U_ram_reg_387_       3.9900     0.0      0.0000       3.9900 0.0000 SNPS_CLOCK_GATE_HIGH_tinytpu_isa_dma_ld_0_1_1423
dma_ld_0_1_U0/clk_gate_rbA_U_ram_reg_388_       3.9900     0.0      0.0000       3.9900 0.0000 SNPS_CLOCK_GATE_HIGH_tinytpu_isa_dma_ld_0_1_1424
dma_ld_0_1_U0/clk_gate_rbA_U_ram_reg_389_       3.9900     0.0      0.0000       3.9900 0.0000 SNPS_CLOCK_GATE_HIGH_tinytpu_isa_dma_ld_0_1_1425
dma_ld_0_1_U0/clk_gate_rbA_U_ram_reg_38_       3.9900     0.0      0.0000       3.9900 0.0000 SNPS_CLOCK_GATE_HIGH_tinytpu_isa_dma_ld_0_1_1074
dma_ld_0_1_U0/clk_gate_rbA_U_ram_reg_390_       3.9900     0.0      0.0000       3.9900 0.0000 SNPS_CLOCK_GATE_HIGH_tinytpu_isa_dma_ld_0_1_1426
dma_ld_0_1_U0/clk_gate_rbA_U_ram_reg_391_       3.9900     0.0      0.0000       3.9900 0.0000 SNPS_CLOCK_GATE_HIGH_tinytpu_isa_dma_ld_0_1_1427
dma_ld_0_1_U0/clk_gate_rbA_U_ram_reg_392_       3.9900     0.0      0.0000       3.9900 0.0000 SNPS_CLOCK_GATE_HIGH_tinytpu_isa_dma_ld_0_1_1428
dma_ld_0_1_U0/clk_gate_rbA_U_ram_reg_393_       3.9900     0.0      0.0000       3.9900 0.0000 SNPS_CLOCK_GATE_HIGH_tinytpu_isa_dma_ld_0_1_1429
dma_ld_0_1_U0/clk_gate_rbA_U_ram_reg_394_       3.9900     0.0      0.0000       3.9900 0.0000 SNPS_CLOCK_GATE_HIGH_tinytpu_isa_dma_ld_0_1_1430
dma_ld_0_1_U0/clk_gate_rbA_U_ram_reg_395_       3.9900     0.0      0.0000       3.9900 0.0000 SNPS_CLOCK_GATE_HIGH_tinytpu_isa_dma_ld_0_1_1431
dma_ld_0_1_U0/clk_gate_rbA_U_ram_reg_396_       3.9900     0.0      0.0000       3.9900 0.0000 SNPS_CLOCK_GATE_HIGH_tinytpu_isa_dma_ld_0_1_1432
dma_ld_0_1_U0/clk_gate_rbA_U_ram_reg_397_       3.9900     0.0      0.0000       3.9900 0.0000 SNPS_CLOCK_GATE_HIGH_tinytpu_isa_dma_ld_0_1_1433
dma_ld_0_1_U0/clk_gate_rbA_U_ram_reg_398_       3.9900     0.0      0.0000       3.9900 0.0000 SNPS_CLOCK_GATE_HIGH_tinytpu_isa_dma_ld_0_1_1434
dma_ld_0_1_U0/clk_gate_rbA_U_ram_reg_399_       3.9900     0.0      0.0000       3.9900 0.0000 SNPS_CLOCK_GATE_HIGH_tinytpu_isa_dma_ld_0_1_1435
dma_ld_0_1_U0/clk_gate_rbA_U_ram_reg_39_       3.9900     0.0      0.0000       3.9900 0.0000 SNPS_CLOCK_GATE_HIGH_tinytpu_isa_dma_ld_0_1_1075
dma_ld_0_1_U0/clk_gate_rbA_U_ram_reg_3_       3.9900     0.0      0.0000       3.9900 0.0000 SNPS_CLOCK_GATE_HIGH_tinytpu_isa_dma_ld_0_1_1039
dma_ld_0_1_U0/clk_gate_rbA_U_ram_reg_400_       3.9900     0.0      0.0000       3.9900 0.0000 SNPS_CLOCK_GATE_HIGH_tinytpu_isa_dma_ld_0_1_1436
dma_ld_0_1_U0/clk_gate_rbA_U_ram_reg_401_       3.9900     0.0      0.0000       3.9900 0.0000 SNPS_CLOCK_GATE_HIGH_tinytpu_isa_dma_ld_0_1_1437
dma_ld_0_1_U0/clk_gate_rbA_U_ram_reg_402_       3.9900     0.0      0.0000       3.9900 0.0000 SNPS_CLOCK_GATE_HIGH_tinytpu_isa_dma_ld_0_1_1438
dma_ld_0_1_U0/clk_gate_rbA_U_ram_reg_403_       3.9900     0.0      0.0000       3.9900 0.0000 SNPS_CLOCK_GATE_HIGH_tinytpu_isa_dma_ld_0_1_1439
dma_ld_0_1_U0/clk_gate_rbA_U_ram_reg_404_       3.9900     0.0      0.0000       3.9900 0.0000 SNPS_CLOCK_GATE_HIGH_tinytpu_isa_dma_ld_0_1_1440
dma_ld_0_1_U0/clk_gate_rbA_U_ram_reg_405_       3.9900     0.0      0.0000       3.9900 0.0000 SNPS_CLOCK_GATE_HIGH_tinytpu_isa_dma_ld_0_1_1441
dma_ld_0_1_U0/clk_gate_rbA_U_ram_reg_406_       3.9900     0.0      0.0000       3.9900 0.0000 SNPS_CLOCK_GATE_HIGH_tinytpu_isa_dma_ld_0_1_1442
dma_ld_0_1_U0/clk_gate_rbA_U_ram_reg_407_       3.9900     0.0      0.0000       3.9900 0.0000 SNPS_CLOCK_GATE_HIGH_tinytpu_isa_dma_ld_0_1_1443
dma_ld_0_1_U0/clk_gate_rbA_U_ram_reg_408_       3.9900     0.0      0.0000       3.9900 0.0000 SNPS_CLOCK_GATE_HIGH_tinytpu_isa_dma_ld_0_1_1444
dma_ld_0_1_U0/clk_gate_rbA_U_ram_reg_409_       3.9900     0.0      0.0000       3.9900 0.0000 SNPS_CLOCK_GATE_HIGH_tinytpu_isa_dma_ld_0_1_1445
dma_ld_0_1_U0/clk_gate_rbA_U_ram_reg_40_       3.9900     0.0      0.0000       3.9900 0.0000 SNPS_CLOCK_GATE_HIGH_tinytpu_isa_dma_ld_0_1_1076
dma_ld_0_1_U0/clk_gate_rbA_U_ram_reg_410_       3.9900     0.0      0.0000       3.9900 0.0000 SNPS_CLOCK_GATE_HIGH_tinytpu_isa_dma_ld_0_1_1446
dma_ld_0_1_U0/clk_gate_rbA_U_ram_reg_411_       3.9900     0.0      0.0000       3.9900 0.0000 SNPS_CLOCK_GATE_HIGH_tinytpu_isa_dma_ld_0_1_1447
dma_ld_0_1_U0/clk_gate_rbA_U_ram_reg_412_       3.9900     0.0      0.0000       3.9900 0.0000 SNPS_CLOCK_GATE_HIGH_tinytpu_isa_dma_ld_0_1_1448
dma_ld_0_1_U0/clk_gate_rbA_U_ram_reg_413_       3.9900     0.0      0.0000       3.9900 0.0000 SNPS_CLOCK_GATE_HIGH_tinytpu_isa_dma_ld_0_1_1449
dma_ld_0_1_U0/clk_gate_rbA_U_ram_reg_414_       3.9900     0.0      0.0000       3.9900 0.0000 SNPS_CLOCK_GATE_HIGH_tinytpu_isa_dma_ld_0_1_1450
dma_ld_0_1_U0/clk_gate_rbA_U_ram_reg_415_       3.9900     0.0      0.0000       3.9900 0.0000 SNPS_CLOCK_GATE_HIGH_tinytpu_isa_dma_ld_0_1_1451
dma_ld_0_1_U0/clk_gate_rbA_U_ram_reg_416_       3.9900     0.0      0.0000       3.9900 0.0000 SNPS_CLOCK_GATE_HIGH_tinytpu_isa_dma_ld_0_1_1452
dma_ld_0_1_U0/clk_gate_rbA_U_ram_reg_417_       3.9900     0.0      0.0000       3.9900 0.0000 SNPS_CLOCK_GATE_HIGH_tinytpu_isa_dma_ld_0_1_1453
dma_ld_0_1_U0/clk_gate_rbA_U_ram_reg_418_       3.9900     0.0      0.0000       3.9900 0.0000 SNPS_CLOCK_GATE_HIGH_tinytpu_isa_dma_ld_0_1_1454
dma_ld_0_1_U0/clk_gate_rbA_U_ram_reg_419_       3.9900     0.0      0.0000       3.9900 0.0000 SNPS_CLOCK_GATE_HIGH_tinytpu_isa_dma_ld_0_1_1455
dma_ld_0_1_U0/clk_gate_rbA_U_ram_reg_41_       3.9900     0.0      0.0000       3.9900 0.0000 SNPS_CLOCK_GATE_HIGH_tinytpu_isa_dma_ld_0_1_1077
dma_ld_0_1_U0/clk_gate_rbA_U_ram_reg_420_       3.9900     0.0      0.0000       3.9900 0.0000 SNPS_CLOCK_GATE_HIGH_tinytpu_isa_dma_ld_0_1_1456
dma_ld_0_1_U0/clk_gate_rbA_U_ram_reg_421_       3.9900     0.0      0.0000       3.9900 0.0000 SNPS_CLOCK_GATE_HIGH_tinytpu_isa_dma_ld_0_1_1457
dma_ld_0_1_U0/clk_gate_rbA_U_ram_reg_422_       3.9900     0.0      0.0000       3.9900 0.0000 SNPS_CLOCK_GATE_HIGH_tinytpu_isa_dma_ld_0_1_1458
dma_ld_0_1_U0/clk_gate_rbA_U_ram_reg_423_       3.9900     0.0      0.0000       3.9900 0.0000 SNPS_CLOCK_GATE_HIGH_tinytpu_isa_dma_ld_0_1_1459
dma_ld_0_1_U0/clk_gate_rbA_U_ram_reg_424_       3.9900     0.0      0.0000       3.9900 0.0000 SNPS_CLOCK_GATE_HIGH_tinytpu_isa_dma_ld_0_1_1460
dma_ld_0_1_U0/clk_gate_rbA_U_ram_reg_425_       3.9900     0.0      0.0000       3.9900 0.0000 SNPS_CLOCK_GATE_HIGH_tinytpu_isa_dma_ld_0_1_1461
dma_ld_0_1_U0/clk_gate_rbA_U_ram_reg_426_       3.9900     0.0      0.0000       3.9900 0.0000 SNPS_CLOCK_GATE_HIGH_tinytpu_isa_dma_ld_0_1_1462
dma_ld_0_1_U0/clk_gate_rbA_U_ram_reg_427_       3.9900     0.0      0.0000       3.9900 0.0000 SNPS_CLOCK_GATE_HIGH_tinytpu_isa_dma_ld_0_1_1463
dma_ld_0_1_U0/clk_gate_rbA_U_ram_reg_428_       3.9900     0.0      0.0000       3.9900 0.0000 SNPS_CLOCK_GATE_HIGH_tinytpu_isa_dma_ld_0_1_1464
dma_ld_0_1_U0/clk_gate_rbA_U_ram_reg_429_       3.9900     0.0      0.0000       3.9900 0.0000 SNPS_CLOCK_GATE_HIGH_tinytpu_isa_dma_ld_0_1_1465
dma_ld_0_1_U0/clk_gate_rbA_U_ram_reg_42_       3.9900     0.0      0.0000       3.9900 0.0000 SNPS_CLOCK_GATE_HIGH_tinytpu_isa_dma_ld_0_1_1078
dma_ld_0_1_U0/clk_gate_rbA_U_ram_reg_430_       3.9900     0.0      0.0000       3.9900 0.0000 SNPS_CLOCK_GATE_HIGH_tinytpu_isa_dma_ld_0_1_1466
dma_ld_0_1_U0/clk_gate_rbA_U_ram_reg_431_       3.9900     0.0      0.0000       3.9900 0.0000 SNPS_CLOCK_GATE_HIGH_tinytpu_isa_dma_ld_0_1_1467
dma_ld_0_1_U0/clk_gate_rbA_U_ram_reg_432_       3.9900     0.0      0.0000       3.9900 0.0000 SNPS_CLOCK_GATE_HIGH_tinytpu_isa_dma_ld_0_1_1468
dma_ld_0_1_U0/clk_gate_rbA_U_ram_reg_433_       3.9900     0.0      0.0000       3.9900 0.0000 SNPS_CLOCK_GATE_HIGH_tinytpu_isa_dma_ld_0_1_1469
dma_ld_0_1_U0/clk_gate_rbA_U_ram_reg_434_       3.9900     0.0      0.0000       3.9900 0.0000 SNPS_CLOCK_GATE_HIGH_tinytpu_isa_dma_ld_0_1_1470
dma_ld_0_1_U0/clk_gate_rbA_U_ram_reg_435_       3.9900     0.0      0.0000       3.9900 0.0000 SNPS_CLOCK_GATE_HIGH_tinytpu_isa_dma_ld_0_1_1471
dma_ld_0_1_U0/clk_gate_rbA_U_ram_reg_436_       3.9900     0.0      0.0000       3.9900 0.0000 SNPS_CLOCK_GATE_HIGH_tinytpu_isa_dma_ld_0_1_1472
dma_ld_0_1_U0/clk_gate_rbA_U_ram_reg_437_       3.9900     0.0      0.0000       3.9900 0.0000 SNPS_CLOCK_GATE_HIGH_tinytpu_isa_dma_ld_0_1_1473
dma_ld_0_1_U0/clk_gate_rbA_U_ram_reg_438_       3.9900     0.0      0.0000       3.9900 0.0000 SNPS_CLOCK_GATE_HIGH_tinytpu_isa_dma_ld_0_1_1474
dma_ld_0_1_U0/clk_gate_rbA_U_ram_reg_439_       3.9900     0.0      0.0000       3.9900 0.0000 SNPS_CLOCK_GATE_HIGH_tinytpu_isa_dma_ld_0_1_1475
dma_ld_0_1_U0/clk_gate_rbA_U_ram_reg_43_       3.9900     0.0      0.0000       3.9900 0.0000 SNPS_CLOCK_GATE_HIGH_tinytpu_isa_dma_ld_0_1_1079
dma_ld_0_1_U0/clk_gate_rbA_U_ram_reg_440_       3.9900     0.0      0.0000       3.9900 0.0000 SNPS_CLOCK_GATE_HIGH_tinytpu_isa_dma_ld_0_1_1476
dma_ld_0_1_U0/clk_gate_rbA_U_ram_reg_441_       3.9900     0.0      0.0000       3.9900 0.0000 SNPS_CLOCK_GATE_HIGH_tinytpu_isa_dma_ld_0_1_1477
dma_ld_0_1_U0/clk_gate_rbA_U_ram_reg_442_       3.9900     0.0      0.0000       3.9900 0.0000 SNPS_CLOCK_GATE_HIGH_tinytpu_isa_dma_ld_0_1_1478
dma_ld_0_1_U0/clk_gate_rbA_U_ram_reg_443_       3.9900     0.0      0.0000       3.9900 0.0000 SNPS_CLOCK_GATE_HIGH_tinytpu_isa_dma_ld_0_1_1479
dma_ld_0_1_U0/clk_gate_rbA_U_ram_reg_444_       3.9900     0.0      0.0000       3.9900 0.0000 SNPS_CLOCK_GATE_HIGH_tinytpu_isa_dma_ld_0_1_1480
dma_ld_0_1_U0/clk_gate_rbA_U_ram_reg_445_       3.9900     0.0      0.0000       3.9900 0.0000 SNPS_CLOCK_GATE_HIGH_tinytpu_isa_dma_ld_0_1_1481
dma_ld_0_1_U0/clk_gate_rbA_U_ram_reg_446_       3.9900     0.0      0.0000       3.9900 0.0000 SNPS_CLOCK_GATE_HIGH_tinytpu_isa_dma_ld_0_1_1482
dma_ld_0_1_U0/clk_gate_rbA_U_ram_reg_447_       3.9900     0.0      0.0000       3.9900 0.0000 SNPS_CLOCK_GATE_HIGH_tinytpu_isa_dma_ld_0_1_1483
dma_ld_0_1_U0/clk_gate_rbA_U_ram_reg_448_       3.9900     0.0      0.0000       3.9900 0.0000 SNPS_CLOCK_GATE_HIGH_tinytpu_isa_dma_ld_0_1_1484
dma_ld_0_1_U0/clk_gate_rbA_U_ram_reg_449_       3.9900     0.0      0.0000       3.9900 0.0000 SNPS_CLOCK_GATE_HIGH_tinytpu_isa_dma_ld_0_1_1485
dma_ld_0_1_U0/clk_gate_rbA_U_ram_reg_44_       3.9900     0.0      0.0000       3.9900 0.0000 SNPS_CLOCK_GATE_HIGH_tinytpu_isa_dma_ld_0_1_1080
dma_ld_0_1_U0/clk_gate_rbA_U_ram_reg_450_       3.9900     0.0      0.0000       3.9900 0.0000 SNPS_CLOCK_GATE_HIGH_tinytpu_isa_dma_ld_0_1_1486
dma_ld_0_1_U0/clk_gate_rbA_U_ram_reg_451_       3.9900     0.0      0.0000       3.9900 0.0000 SNPS_CLOCK_GATE_HIGH_tinytpu_isa_dma_ld_0_1_1487
dma_ld_0_1_U0/clk_gate_rbA_U_ram_reg_452_       3.9900     0.0      0.0000       3.9900 0.0000 SNPS_CLOCK_GATE_HIGH_tinytpu_isa_dma_ld_0_1_1488
dma_ld_0_1_U0/clk_gate_rbA_U_ram_reg_453_       3.9900     0.0      0.0000       3.9900 0.0000 SNPS_CLOCK_GATE_HIGH_tinytpu_isa_dma_ld_0_1_1489
dma_ld_0_1_U0/clk_gate_rbA_U_ram_reg_454_       3.9900     0.0      0.0000       3.9900 0.0000 SNPS_CLOCK_GATE_HIGH_tinytpu_isa_dma_ld_0_1_1490
dma_ld_0_1_U0/clk_gate_rbA_U_ram_reg_455_       3.9900     0.0      0.0000       3.9900 0.0000 SNPS_CLOCK_GATE_HIGH_tinytpu_isa_dma_ld_0_1_1491
dma_ld_0_1_U0/clk_gate_rbA_U_ram_reg_456_       3.9900     0.0      0.0000       3.9900 0.0000 SNPS_CLOCK_GATE_HIGH_tinytpu_isa_dma_ld_0_1_1492
dma_ld_0_1_U0/clk_gate_rbA_U_ram_reg_457_       3.9900     0.0      0.0000       3.9900 0.0000 SNPS_CLOCK_GATE_HIGH_tinytpu_isa_dma_ld_0_1_1493
dma_ld_0_1_U0/clk_gate_rbA_U_ram_reg_458_       3.9900     0.0      0.0000       3.9900 0.0000 SNPS_CLOCK_GATE_HIGH_tinytpu_isa_dma_ld_0_1_1494
dma_ld_0_1_U0/clk_gate_rbA_U_ram_reg_459_       3.9900     0.0      0.0000       3.9900 0.0000 SNPS_CLOCK_GATE_HIGH_tinytpu_isa_dma_ld_0_1_1495
dma_ld_0_1_U0/clk_gate_rbA_U_ram_reg_45_       3.9900     0.0      0.0000       3.9900 0.0000 SNPS_CLOCK_GATE_HIGH_tinytpu_isa_dma_ld_0_1_1081
dma_ld_0_1_U0/clk_gate_rbA_U_ram_reg_460_       3.9900     0.0      0.0000       3.9900 0.0000 SNPS_CLOCK_GATE_HIGH_tinytpu_isa_dma_ld_0_1_1496
dma_ld_0_1_U0/clk_gate_rbA_U_ram_reg_461_       3.9900     0.0      0.0000       3.9900 0.0000 SNPS_CLOCK_GATE_HIGH_tinytpu_isa_dma_ld_0_1_1497
dma_ld_0_1_U0/clk_gate_rbA_U_ram_reg_462_       3.9900     0.0      0.0000       3.9900 0.0000 SNPS_CLOCK_GATE_HIGH_tinytpu_isa_dma_ld_0_1_1498
dma_ld_0_1_U0/clk_gate_rbA_U_ram_reg_463_       3.9900     0.0      0.0000       3.9900 0.0000 SNPS_CLOCK_GATE_HIGH_tinytpu_isa_dma_ld_0_1_1499
dma_ld_0_1_U0/clk_gate_rbA_U_ram_reg_464_       3.9900     0.0      0.0000       3.9900 0.0000 SNPS_CLOCK_GATE_HIGH_tinytpu_isa_dma_ld_0_1_1500
dma_ld_0_1_U0/clk_gate_rbA_U_ram_reg_465_       3.9900     0.0      0.0000       3.9900 0.0000 SNPS_CLOCK_GATE_HIGH_tinytpu_isa_dma_ld_0_1_1501
dma_ld_0_1_U0/clk_gate_rbA_U_ram_reg_466_       3.9900     0.0      0.0000       3.9900 0.0000 SNPS_CLOCK_GATE_HIGH_tinytpu_isa_dma_ld_0_1_1502
dma_ld_0_1_U0/clk_gate_rbA_U_ram_reg_467_       3.9900     0.0      0.0000       3.9900 0.0000 SNPS_CLOCK_GATE_HIGH_tinytpu_isa_dma_ld_0_1_1503
dma_ld_0_1_U0/clk_gate_rbA_U_ram_reg_468_       3.9900     0.0      0.0000       3.9900 0.0000 SNPS_CLOCK_GATE_HIGH_tinytpu_isa_dma_ld_0_1_1504
dma_ld_0_1_U0/clk_gate_rbA_U_ram_reg_469_       3.9900     0.0      0.0000       3.9900 0.0000 SNPS_CLOCK_GATE_HIGH_tinytpu_isa_dma_ld_0_1_1505
dma_ld_0_1_U0/clk_gate_rbA_U_ram_reg_46_       3.9900     0.0      0.0000       3.9900 0.0000 SNPS_CLOCK_GATE_HIGH_tinytpu_isa_dma_ld_0_1_1082
dma_ld_0_1_U0/clk_gate_rbA_U_ram_reg_470_       3.9900     0.0      0.0000       3.9900 0.0000 SNPS_CLOCK_GATE_HIGH_tinytpu_isa_dma_ld_0_1_1506
dma_ld_0_1_U0/clk_gate_rbA_U_ram_reg_471_       3.9900     0.0      0.0000       3.9900 0.0000 SNPS_CLOCK_GATE_HIGH_tinytpu_isa_dma_ld_0_1_1507
dma_ld_0_1_U0/clk_gate_rbA_U_ram_reg_472_       3.9900     0.0      0.0000       3.9900 0.0000 SNPS_CLOCK_GATE_HIGH_tinytpu_isa_dma_ld_0_1_1508
dma_ld_0_1_U0/clk_gate_rbA_U_ram_reg_473_       3.9900     0.0      0.0000       3.9900 0.0000 SNPS_CLOCK_GATE_HIGH_tinytpu_isa_dma_ld_0_1_1509
dma_ld_0_1_U0/clk_gate_rbA_U_ram_reg_474_       3.9900     0.0      0.0000       3.9900 0.0000 SNPS_CLOCK_GATE_HIGH_tinytpu_isa_dma_ld_0_1_1510
dma_ld_0_1_U0/clk_gate_rbA_U_ram_reg_475_       3.9900     0.0      0.0000       3.9900 0.0000 SNPS_CLOCK_GATE_HIGH_tinytpu_isa_dma_ld_0_1_1511
dma_ld_0_1_U0/clk_gate_rbA_U_ram_reg_476_       3.9900     0.0      0.0000       3.9900 0.0000 SNPS_CLOCK_GATE_HIGH_tinytpu_isa_dma_ld_0_1_1512
dma_ld_0_1_U0/clk_gate_rbA_U_ram_reg_477_       3.9900     0.0      0.0000       3.9900 0.0000 SNPS_CLOCK_GATE_HIGH_tinytpu_isa_dma_ld_0_1_1513
dma_ld_0_1_U0/clk_gate_rbA_U_ram_reg_478_       3.9900     0.0      0.0000       3.9900 0.0000 SNPS_CLOCK_GATE_HIGH_tinytpu_isa_dma_ld_0_1_1514
dma_ld_0_1_U0/clk_gate_rbA_U_ram_reg_479_       3.9900     0.0      0.0000       3.9900 0.0000 SNPS_CLOCK_GATE_HIGH_tinytpu_isa_dma_ld_0_1_1515
dma_ld_0_1_U0/clk_gate_rbA_U_ram_reg_47_       3.9900     0.0      0.0000       3.9900 0.0000 SNPS_CLOCK_GATE_HIGH_tinytpu_isa_dma_ld_0_1_1083
dma_ld_0_1_U0/clk_gate_rbA_U_ram_reg_480_       3.9900     0.0      0.0000       3.9900 0.0000 SNPS_CLOCK_GATE_HIGH_tinytpu_isa_dma_ld_0_1_1516
dma_ld_0_1_U0/clk_gate_rbA_U_ram_reg_481_       3.9900     0.0      0.0000       3.9900 0.0000 SNPS_CLOCK_GATE_HIGH_tinytpu_isa_dma_ld_0_1_1517
dma_ld_0_1_U0/clk_gate_rbA_U_ram_reg_482_       3.9900     0.0      0.0000       3.9900 0.0000 SNPS_CLOCK_GATE_HIGH_tinytpu_isa_dma_ld_0_1_1518
dma_ld_0_1_U0/clk_gate_rbA_U_ram_reg_483_       3.9900     0.0      0.0000       3.9900 0.0000 SNPS_CLOCK_GATE_HIGH_tinytpu_isa_dma_ld_0_1_1519
dma_ld_0_1_U0/clk_gate_rbA_U_ram_reg_484_       3.9900     0.0      0.0000       3.9900 0.0000 SNPS_CLOCK_GATE_HIGH_tinytpu_isa_dma_ld_0_1_1520
dma_ld_0_1_U0/clk_gate_rbA_U_ram_reg_485_       3.9900     0.0      0.0000       3.9900 0.0000 SNPS_CLOCK_GATE_HIGH_tinytpu_isa_dma_ld_0_1_1521
dma_ld_0_1_U0/clk_gate_rbA_U_ram_reg_486_       3.9900     0.0      0.0000       3.9900 0.0000 SNPS_CLOCK_GATE_HIGH_tinytpu_isa_dma_ld_0_1_1522
dma_ld_0_1_U0/clk_gate_rbA_U_ram_reg_487_       3.9900     0.0      0.0000       3.9900 0.0000 SNPS_CLOCK_GATE_HIGH_tinytpu_isa_dma_ld_0_1_1523
dma_ld_0_1_U0/clk_gate_rbA_U_ram_reg_488_       3.9900     0.0      0.0000       3.9900 0.0000 SNPS_CLOCK_GATE_HIGH_tinytpu_isa_dma_ld_0_1_1524
dma_ld_0_1_U0/clk_gate_rbA_U_ram_reg_489_       3.9900     0.0      0.0000       3.9900 0.0000 SNPS_CLOCK_GATE_HIGH_tinytpu_isa_dma_ld_0_1_1525
dma_ld_0_1_U0/clk_gate_rbA_U_ram_reg_48_       3.9900     0.0      0.0000       3.9900 0.0000 SNPS_CLOCK_GATE_HIGH_tinytpu_isa_dma_ld_0_1_1084
dma_ld_0_1_U0/clk_gate_rbA_U_ram_reg_490_       3.9900     0.0      0.0000       3.9900 0.0000 SNPS_CLOCK_GATE_HIGH_tinytpu_isa_dma_ld_0_1_1526
dma_ld_0_1_U0/clk_gate_rbA_U_ram_reg_491_       3.9900     0.0      0.0000       3.9900 0.0000 SNPS_CLOCK_GATE_HIGH_tinytpu_isa_dma_ld_0_1_1527
dma_ld_0_1_U0/clk_gate_rbA_U_ram_reg_492_       3.9900     0.0      0.0000       3.9900 0.0000 SNPS_CLOCK_GATE_HIGH_tinytpu_isa_dma_ld_0_1_1528
dma_ld_0_1_U0/clk_gate_rbA_U_ram_reg_493_       3.9900     0.0      0.0000       3.9900 0.0000 SNPS_CLOCK_GATE_HIGH_tinytpu_isa_dma_ld_0_1_1529
dma_ld_0_1_U0/clk_gate_rbA_U_ram_reg_494_       3.9900     0.0      0.0000       3.9900 0.0000 SNPS_CLOCK_GATE_HIGH_tinytpu_isa_dma_ld_0_1_1530
dma_ld_0_1_U0/clk_gate_rbA_U_ram_reg_495_       3.9900     0.0      0.0000       3.9900 0.0000 SNPS_CLOCK_GATE_HIGH_tinytpu_isa_dma_ld_0_1_1531
dma_ld_0_1_U0/clk_gate_rbA_U_ram_reg_496_       3.9900     0.0      0.0000       3.9900 0.0000 SNPS_CLOCK_GATE_HIGH_tinytpu_isa_dma_ld_0_1_1532
dma_ld_0_1_U0/clk_gate_rbA_U_ram_reg_497_       3.9900     0.0      0.0000       3.9900 0.0000 SNPS_CLOCK_GATE_HIGH_tinytpu_isa_dma_ld_0_1_1533
dma_ld_0_1_U0/clk_gate_rbA_U_ram_reg_498_       3.9900     0.0      0.0000       3.9900 0.0000 SNPS_CLOCK_GATE_HIGH_tinytpu_isa_dma_ld_0_1_1534
dma_ld_0_1_U0/clk_gate_rbA_U_ram_reg_499_       3.9900     0.0      0.0000       3.9900 0.0000 SNPS_CLOCK_GATE_HIGH_tinytpu_isa_dma_ld_0_1_1535
dma_ld_0_1_U0/clk_gate_rbA_U_ram_reg_49_       3.9900     0.0      0.0000       3.9900 0.0000 SNPS_CLOCK_GATE_HIGH_tinytpu_isa_dma_ld_0_1_1085
dma_ld_0_1_U0/clk_gate_rbA_U_ram_reg_4_       3.9900     0.0      0.0000       3.9900 0.0000 SNPS_CLOCK_GATE_HIGH_tinytpu_isa_dma_ld_0_1_1040
dma_ld_0_1_U0/clk_gate_rbA_U_ram_reg_500_       3.9900     0.0      0.0000       3.9900 0.0000 SNPS_CLOCK_GATE_HIGH_tinytpu_isa_dma_ld_0_1_1536
dma_ld_0_1_U0/clk_gate_rbA_U_ram_reg_501_       3.9900     0.0      0.0000       3.9900 0.0000 SNPS_CLOCK_GATE_HIGH_tinytpu_isa_dma_ld_0_1_1537
dma_ld_0_1_U0/clk_gate_rbA_U_ram_reg_502_       3.9900     0.0      0.0000       3.9900 0.0000 SNPS_CLOCK_GATE_HIGH_tinytpu_isa_dma_ld_0_1_1538
dma_ld_0_1_U0/clk_gate_rbA_U_ram_reg_503_       3.9900     0.0      0.0000       3.9900 0.0000 SNPS_CLOCK_GATE_HIGH_tinytpu_isa_dma_ld_0_1_1539
dma_ld_0_1_U0/clk_gate_rbA_U_ram_reg_504_       3.9900     0.0      0.0000       3.9900 0.0000 SNPS_CLOCK_GATE_HIGH_tinytpu_isa_dma_ld_0_1_1540
dma_ld_0_1_U0/clk_gate_rbA_U_ram_reg_505_       3.9900     0.0      0.0000       3.9900 0.0000 SNPS_CLOCK_GATE_HIGH_tinytpu_isa_dma_ld_0_1_1541
dma_ld_0_1_U0/clk_gate_rbA_U_ram_reg_506_       3.9900     0.0      0.0000       3.9900 0.0000 SNPS_CLOCK_GATE_HIGH_tinytpu_isa_dma_ld_0_1_1542
dma_ld_0_1_U0/clk_gate_rbA_U_ram_reg_507_       3.9900     0.0      0.0000       3.9900 0.0000 SNPS_CLOCK_GATE_HIGH_tinytpu_isa_dma_ld_0_1_1543
dma_ld_0_1_U0/clk_gate_rbA_U_ram_reg_508_       3.9900     0.0      0.0000       3.9900 0.0000 SNPS_CLOCK_GATE_HIGH_tinytpu_isa_dma_ld_0_1_1544
dma_ld_0_1_U0/clk_gate_rbA_U_ram_reg_509_       3.9900     0.0      0.0000       3.9900 0.0000 SNPS_CLOCK_GATE_HIGH_tinytpu_isa_dma_ld_0_1_1545
dma_ld_0_1_U0/clk_gate_rbA_U_ram_reg_50_       3.9900     0.0      0.0000       3.9900 0.0000 SNPS_CLOCK_GATE_HIGH_tinytpu_isa_dma_ld_0_1_1086
dma_ld_0_1_U0/clk_gate_rbA_U_ram_reg_510_       3.9900     0.0      0.0000       3.9900 0.0000 SNPS_CLOCK_GATE_HIGH_tinytpu_isa_dma_ld_0_1_1546
dma_ld_0_1_U0/clk_gate_rbA_U_ram_reg_511_       3.9900     0.0      0.0000       3.9900 0.0000 SNPS_CLOCK_GATE_HIGH_tinytpu_isa_dma_ld_0_1_1547
dma_ld_0_1_U0/clk_gate_rbA_U_ram_reg_512_       3.9900     0.0      0.0000       3.9900 0.0000 SNPS_CLOCK_GATE_HIGH_tinytpu_isa_dma_ld_0_1_1548
dma_ld_0_1_U0/clk_gate_rbA_U_ram_reg_513_       3.9900     0.0      0.0000       3.9900 0.0000 SNPS_CLOCK_GATE_HIGH_tinytpu_isa_dma_ld_0_1_1549
dma_ld_0_1_U0/clk_gate_rbA_U_ram_reg_514_       3.9900     0.0      0.0000       3.9900 0.0000 SNPS_CLOCK_GATE_HIGH_tinytpu_isa_dma_ld_0_1_1550
dma_ld_0_1_U0/clk_gate_rbA_U_ram_reg_515_       3.9900     0.0      0.0000       3.9900 0.0000 SNPS_CLOCK_GATE_HIGH_tinytpu_isa_dma_ld_0_1_1551
dma_ld_0_1_U0/clk_gate_rbA_U_ram_reg_516_       3.9900     0.0      0.0000       3.9900 0.0000 SNPS_CLOCK_GATE_HIGH_tinytpu_isa_dma_ld_0_1_1552
dma_ld_0_1_U0/clk_gate_rbA_U_ram_reg_517_       3.9900     0.0      0.0000       3.9900 0.0000 SNPS_CLOCK_GATE_HIGH_tinytpu_isa_dma_ld_0_1_1553
dma_ld_0_1_U0/clk_gate_rbA_U_ram_reg_518_       3.9900     0.0      0.0000       3.9900 0.0000 SNPS_CLOCK_GATE_HIGH_tinytpu_isa_dma_ld_0_1_1554
dma_ld_0_1_U0/clk_gate_rbA_U_ram_reg_519_       3.9900     0.0      0.0000       3.9900 0.0000 SNPS_CLOCK_GATE_HIGH_tinytpu_isa_dma_ld_0_1_1555
dma_ld_0_1_U0/clk_gate_rbA_U_ram_reg_51_       3.9900     0.0      0.0000       3.9900 0.0000 SNPS_CLOCK_GATE_HIGH_tinytpu_isa_dma_ld_0_1_1087
dma_ld_0_1_U0/clk_gate_rbA_U_ram_reg_520_       3.9900     0.0      0.0000       3.9900 0.0000 SNPS_CLOCK_GATE_HIGH_tinytpu_isa_dma_ld_0_1_1556
dma_ld_0_1_U0/clk_gate_rbA_U_ram_reg_521_       3.9900     0.0      0.0000       3.9900 0.0000 SNPS_CLOCK_GATE_HIGH_tinytpu_isa_dma_ld_0_1_1557
dma_ld_0_1_U0/clk_gate_rbA_U_ram_reg_522_       3.9900     0.0      0.0000       3.9900 0.0000 SNPS_CLOCK_GATE_HIGH_tinytpu_isa_dma_ld_0_1_1558
dma_ld_0_1_U0/clk_gate_rbA_U_ram_reg_523_       3.9900     0.0      0.0000       3.9900 0.0000 SNPS_CLOCK_GATE_HIGH_tinytpu_isa_dma_ld_0_1_1559
dma_ld_0_1_U0/clk_gate_rbA_U_ram_reg_524_       3.9900     0.0      0.0000       3.9900 0.0000 SNPS_CLOCK_GATE_HIGH_tinytpu_isa_dma_ld_0_1_1560
dma_ld_0_1_U0/clk_gate_rbA_U_ram_reg_525_       3.9900     0.0      0.0000       3.9900 0.0000 SNPS_CLOCK_GATE_HIGH_tinytpu_isa_dma_ld_0_1_1561
dma_ld_0_1_U0/clk_gate_rbA_U_ram_reg_526_       3.9900     0.0      0.0000       3.9900 0.0000 SNPS_CLOCK_GATE_HIGH_tinytpu_isa_dma_ld_0_1_1562
dma_ld_0_1_U0/clk_gate_rbA_U_ram_reg_527_       3.9900     0.0      0.0000       3.9900 0.0000 SNPS_CLOCK_GATE_HIGH_tinytpu_isa_dma_ld_0_1_1563
dma_ld_0_1_U0/clk_gate_rbA_U_ram_reg_528_       3.9900     0.0      0.0000       3.9900 0.0000 SNPS_CLOCK_GATE_HIGH_tinytpu_isa_dma_ld_0_1_1564
dma_ld_0_1_U0/clk_gate_rbA_U_ram_reg_529_       3.9900     0.0      0.0000       3.9900 0.0000 SNPS_CLOCK_GATE_HIGH_tinytpu_isa_dma_ld_0_1_1565
dma_ld_0_1_U0/clk_gate_rbA_U_ram_reg_52_       3.9900     0.0      0.0000       3.9900 0.0000 SNPS_CLOCK_GATE_HIGH_tinytpu_isa_dma_ld_0_1_1088
dma_ld_0_1_U0/clk_gate_rbA_U_ram_reg_530_       3.9900     0.0      0.0000       3.9900 0.0000 SNPS_CLOCK_GATE_HIGH_tinytpu_isa_dma_ld_0_1_1566
dma_ld_0_1_U0/clk_gate_rbA_U_ram_reg_531_       3.9900     0.0      0.0000       3.9900 0.0000 SNPS_CLOCK_GATE_HIGH_tinytpu_isa_dma_ld_0_1_1567
dma_ld_0_1_U0/clk_gate_rbA_U_ram_reg_532_       3.9900     0.0      0.0000       3.9900 0.0000 SNPS_CLOCK_GATE_HIGH_tinytpu_isa_dma_ld_0_1_1568
dma_ld_0_1_U0/clk_gate_rbA_U_ram_reg_533_       3.9900     0.0      0.0000       3.9900 0.0000 SNPS_CLOCK_GATE_HIGH_tinytpu_isa_dma_ld_0_1_1569
dma_ld_0_1_U0/clk_gate_rbA_U_ram_reg_534_       3.9900     0.0      0.0000       3.9900 0.0000 SNPS_CLOCK_GATE_HIGH_tinytpu_isa_dma_ld_0_1_1570
dma_ld_0_1_U0/clk_gate_rbA_U_ram_reg_535_       3.9900     0.0      0.0000       3.9900 0.0000 SNPS_CLOCK_GATE_HIGH_tinytpu_isa_dma_ld_0_1_1571
dma_ld_0_1_U0/clk_gate_rbA_U_ram_reg_536_       3.9900     0.0      0.0000       3.9900 0.0000 SNPS_CLOCK_GATE_HIGH_tinytpu_isa_dma_ld_0_1_1572
dma_ld_0_1_U0/clk_gate_rbA_U_ram_reg_537_       3.9900     0.0      0.0000       3.9900 0.0000 SNPS_CLOCK_GATE_HIGH_tinytpu_isa_dma_ld_0_1_1573
dma_ld_0_1_U0/clk_gate_rbA_U_ram_reg_538_       3.9900     0.0      0.0000       3.9900 0.0000 SNPS_CLOCK_GATE_HIGH_tinytpu_isa_dma_ld_0_1_1574
dma_ld_0_1_U0/clk_gate_rbA_U_ram_reg_539_       3.9900     0.0      0.0000       3.9900 0.0000 SNPS_CLOCK_GATE_HIGH_tinytpu_isa_dma_ld_0_1_1575
dma_ld_0_1_U0/clk_gate_rbA_U_ram_reg_53_       3.9900     0.0      0.0000       3.9900 0.0000 SNPS_CLOCK_GATE_HIGH_tinytpu_isa_dma_ld_0_1_1089
dma_ld_0_1_U0/clk_gate_rbA_U_ram_reg_540_       3.9900     0.0      0.0000       3.9900 0.0000 SNPS_CLOCK_GATE_HIGH_tinytpu_isa_dma_ld_0_1_1576
dma_ld_0_1_U0/clk_gate_rbA_U_ram_reg_541_       3.9900     0.0      0.0000       3.9900 0.0000 SNPS_CLOCK_GATE_HIGH_tinytpu_isa_dma_ld_0_1_1577
dma_ld_0_1_U0/clk_gate_rbA_U_ram_reg_542_       3.9900     0.0      0.0000       3.9900 0.0000 SNPS_CLOCK_GATE_HIGH_tinytpu_isa_dma_ld_0_1_1578
dma_ld_0_1_U0/clk_gate_rbA_U_ram_reg_543_       3.9900     0.0      0.0000       3.9900 0.0000 SNPS_CLOCK_GATE_HIGH_tinytpu_isa_dma_ld_0_1_1579
dma_ld_0_1_U0/clk_gate_rbA_U_ram_reg_544_       3.9900     0.0      0.0000       3.9900 0.0000 SNPS_CLOCK_GATE_HIGH_tinytpu_isa_dma_ld_0_1_1580
dma_ld_0_1_U0/clk_gate_rbA_U_ram_reg_545_       3.9900     0.0      0.0000       3.9900 0.0000 SNPS_CLOCK_GATE_HIGH_tinytpu_isa_dma_ld_0_1_1581
dma_ld_0_1_U0/clk_gate_rbA_U_ram_reg_546_       3.9900     0.0      0.0000       3.9900 0.0000 SNPS_CLOCK_GATE_HIGH_tinytpu_isa_dma_ld_0_1_1582
dma_ld_0_1_U0/clk_gate_rbA_U_ram_reg_547_       3.9900     0.0      0.0000       3.9900 0.0000 SNPS_CLOCK_GATE_HIGH_tinytpu_isa_dma_ld_0_1_1583
dma_ld_0_1_U0/clk_gate_rbA_U_ram_reg_548_       3.9900     0.0      0.0000       3.9900 0.0000 SNPS_CLOCK_GATE_HIGH_tinytpu_isa_dma_ld_0_1_1584
dma_ld_0_1_U0/clk_gate_rbA_U_ram_reg_549_       3.9900     0.0      0.0000       3.9900 0.0000 SNPS_CLOCK_GATE_HIGH_tinytpu_isa_dma_ld_0_1_1585
dma_ld_0_1_U0/clk_gate_rbA_U_ram_reg_54_       3.9900     0.0      0.0000       3.9900 0.0000 SNPS_CLOCK_GATE_HIGH_tinytpu_isa_dma_ld_0_1_1090
dma_ld_0_1_U0/clk_gate_rbA_U_ram_reg_550_       3.9900     0.0      0.0000       3.9900 0.0000 SNPS_CLOCK_GATE_HIGH_tinytpu_isa_dma_ld_0_1_1586
dma_ld_0_1_U0/clk_gate_rbA_U_ram_reg_551_       3.9900     0.0      0.0000       3.9900 0.0000 SNPS_CLOCK_GATE_HIGH_tinytpu_isa_dma_ld_0_1_1587
dma_ld_0_1_U0/clk_gate_rbA_U_ram_reg_552_       3.9900     0.0      0.0000       3.9900 0.0000 SNPS_CLOCK_GATE_HIGH_tinytpu_isa_dma_ld_0_1_1588
dma_ld_0_1_U0/clk_gate_rbA_U_ram_reg_553_       3.9900     0.0      0.0000       3.9900 0.0000 SNPS_CLOCK_GATE_HIGH_tinytpu_isa_dma_ld_0_1_1589
dma_ld_0_1_U0/clk_gate_rbA_U_ram_reg_554_       3.9900     0.0      0.0000       3.9900 0.0000 SNPS_CLOCK_GATE_HIGH_tinytpu_isa_dma_ld_0_1_1590
dma_ld_0_1_U0/clk_gate_rbA_U_ram_reg_555_       3.9900     0.0      0.0000       3.9900 0.0000 SNPS_CLOCK_GATE_HIGH_tinytpu_isa_dma_ld_0_1_1591
dma_ld_0_1_U0/clk_gate_rbA_U_ram_reg_556_       3.9900     0.0      0.0000       3.9900 0.0000 SNPS_CLOCK_GATE_HIGH_tinytpu_isa_dma_ld_0_1_1592
dma_ld_0_1_U0/clk_gate_rbA_U_ram_reg_557_       3.9900     0.0      0.0000       3.9900 0.0000 SNPS_CLOCK_GATE_HIGH_tinytpu_isa_dma_ld_0_1_1593
dma_ld_0_1_U0/clk_gate_rbA_U_ram_reg_558_       3.9900     0.0      0.0000       3.9900 0.0000 SNPS_CLOCK_GATE_HIGH_tinytpu_isa_dma_ld_0_1_1594
dma_ld_0_1_U0/clk_gate_rbA_U_ram_reg_559_       3.9900     0.0      0.0000       3.9900 0.0000 SNPS_CLOCK_GATE_HIGH_tinytpu_isa_dma_ld_0_1_1595
dma_ld_0_1_U0/clk_gate_rbA_U_ram_reg_55_       3.9900     0.0      0.0000       3.9900 0.0000 SNPS_CLOCK_GATE_HIGH_tinytpu_isa_dma_ld_0_1_1091
dma_ld_0_1_U0/clk_gate_rbA_U_ram_reg_560_       3.9900     0.0      0.0000       3.9900 0.0000 SNPS_CLOCK_GATE_HIGH_tinytpu_isa_dma_ld_0_1_1596
dma_ld_0_1_U0/clk_gate_rbA_U_ram_reg_561_       3.9900     0.0      0.0000       3.9900 0.0000 SNPS_CLOCK_GATE_HIGH_tinytpu_isa_dma_ld_0_1_1597
dma_ld_0_1_U0/clk_gate_rbA_U_ram_reg_562_       3.9900     0.0      0.0000       3.9900 0.0000 SNPS_CLOCK_GATE_HIGH_tinytpu_isa_dma_ld_0_1_1598
dma_ld_0_1_U0/clk_gate_rbA_U_ram_reg_563_       3.9900     0.0      0.0000       3.9900 0.0000 SNPS_CLOCK_GATE_HIGH_tinytpu_isa_dma_ld_0_1_1599
dma_ld_0_1_U0/clk_gate_rbA_U_ram_reg_564_       3.9900     0.0      0.0000       3.9900 0.0000 SNPS_CLOCK_GATE_HIGH_tinytpu_isa_dma_ld_0_1_1600
dma_ld_0_1_U0/clk_gate_rbA_U_ram_reg_565_       3.9900     0.0      0.0000       3.9900 0.0000 SNPS_CLOCK_GATE_HIGH_tinytpu_isa_dma_ld_0_1_1601
dma_ld_0_1_U0/clk_gate_rbA_U_ram_reg_566_       3.9900     0.0      0.0000       3.9900 0.0000 SNPS_CLOCK_GATE_HIGH_tinytpu_isa_dma_ld_0_1_1602
dma_ld_0_1_U0/clk_gate_rbA_U_ram_reg_567_       3.9900     0.0      0.0000       3.9900 0.0000 SNPS_CLOCK_GATE_HIGH_tinytpu_isa_dma_ld_0_1_1603
dma_ld_0_1_U0/clk_gate_rbA_U_ram_reg_568_       3.9900     0.0      0.0000       3.9900 0.0000 SNPS_CLOCK_GATE_HIGH_tinytpu_isa_dma_ld_0_1_1604
dma_ld_0_1_U0/clk_gate_rbA_U_ram_reg_569_       3.9900     0.0      0.0000       3.9900 0.0000 SNPS_CLOCK_GATE_HIGH_tinytpu_isa_dma_ld_0_1_1605
dma_ld_0_1_U0/clk_gate_rbA_U_ram_reg_56_       3.9900     0.0      0.0000       3.9900 0.0000 SNPS_CLOCK_GATE_HIGH_tinytpu_isa_dma_ld_0_1_1092
dma_ld_0_1_U0/clk_gate_rbA_U_ram_reg_570_       3.9900     0.0      0.0000       3.9900 0.0000 SNPS_CLOCK_GATE_HIGH_tinytpu_isa_dma_ld_0_1_1606
dma_ld_0_1_U0/clk_gate_rbA_U_ram_reg_571_       3.9900     0.0      0.0000       3.9900 0.0000 SNPS_CLOCK_GATE_HIGH_tinytpu_isa_dma_ld_0_1_1607
dma_ld_0_1_U0/clk_gate_rbA_U_ram_reg_572_       3.9900     0.0      0.0000       3.9900 0.0000 SNPS_CLOCK_GATE_HIGH_tinytpu_isa_dma_ld_0_1_1608
dma_ld_0_1_U0/clk_gate_rbA_U_ram_reg_573_       3.9900     0.0      0.0000       3.9900 0.0000 SNPS_CLOCK_GATE_HIGH_tinytpu_isa_dma_ld_0_1_1609
dma_ld_0_1_U0/clk_gate_rbA_U_ram_reg_574_       3.9900     0.0      0.0000       3.9900 0.0000 SNPS_CLOCK_GATE_HIGH_tinytpu_isa_dma_ld_0_1_1610
dma_ld_0_1_U0/clk_gate_rbA_U_ram_reg_575_       3.9900     0.0      0.0000       3.9900 0.0000 SNPS_CLOCK_GATE_HIGH_tinytpu_isa_dma_ld_0_1_1611
dma_ld_0_1_U0/clk_gate_rbA_U_ram_reg_576_       3.9900     0.0      0.0000       3.9900 0.0000 SNPS_CLOCK_GATE_HIGH_tinytpu_isa_dma_ld_0_1_1612
dma_ld_0_1_U0/clk_gate_rbA_U_ram_reg_577_       3.9900     0.0      0.0000       3.9900 0.0000 SNPS_CLOCK_GATE_HIGH_tinytpu_isa_dma_ld_0_1_1613
dma_ld_0_1_U0/clk_gate_rbA_U_ram_reg_578_       3.9900     0.0      0.0000       3.9900 0.0000 SNPS_CLOCK_GATE_HIGH_tinytpu_isa_dma_ld_0_1_1614
dma_ld_0_1_U0/clk_gate_rbA_U_ram_reg_579_       3.9900     0.0      0.0000       3.9900 0.0000 SNPS_CLOCK_GATE_HIGH_tinytpu_isa_dma_ld_0_1_1615
dma_ld_0_1_U0/clk_gate_rbA_U_ram_reg_57_       3.9900     0.0      0.0000       3.9900 0.0000 SNPS_CLOCK_GATE_HIGH_tinytpu_isa_dma_ld_0_1_1093
dma_ld_0_1_U0/clk_gate_rbA_U_ram_reg_580_       3.9900     0.0      0.0000       3.9900 0.0000 SNPS_CLOCK_GATE_HIGH_tinytpu_isa_dma_ld_0_1_1616
dma_ld_0_1_U0/clk_gate_rbA_U_ram_reg_581_       3.9900     0.0      0.0000       3.9900 0.0000 SNPS_CLOCK_GATE_HIGH_tinytpu_isa_dma_ld_0_1_1617
dma_ld_0_1_U0/clk_gate_rbA_U_ram_reg_582_       3.9900     0.0      0.0000       3.9900 0.0000 SNPS_CLOCK_GATE_HIGH_tinytpu_isa_dma_ld_0_1_1618
dma_ld_0_1_U0/clk_gate_rbA_U_ram_reg_583_       3.9900     0.0      0.0000       3.9900 0.0000 SNPS_CLOCK_GATE_HIGH_tinytpu_isa_dma_ld_0_1_1619
dma_ld_0_1_U0/clk_gate_rbA_U_ram_reg_584_       3.9900     0.0      0.0000       3.9900 0.0000 SNPS_CLOCK_GATE_HIGH_tinytpu_isa_dma_ld_0_1_1620
dma_ld_0_1_U0/clk_gate_rbA_U_ram_reg_585_       3.9900     0.0      0.0000       3.9900 0.0000 SNPS_CLOCK_GATE_HIGH_tinytpu_isa_dma_ld_0_1_1621
dma_ld_0_1_U0/clk_gate_rbA_U_ram_reg_586_       3.9900     0.0      0.0000       3.9900 0.0000 SNPS_CLOCK_GATE_HIGH_tinytpu_isa_dma_ld_0_1_1622
dma_ld_0_1_U0/clk_gate_rbA_U_ram_reg_587_       3.9900     0.0      0.0000       3.9900 0.0000 SNPS_CLOCK_GATE_HIGH_tinytpu_isa_dma_ld_0_1_1623
dma_ld_0_1_U0/clk_gate_rbA_U_ram_reg_588_       3.9900     0.0      0.0000       3.9900 0.0000 SNPS_CLOCK_GATE_HIGH_tinytpu_isa_dma_ld_0_1_1624
dma_ld_0_1_U0/clk_gate_rbA_U_ram_reg_589_       3.9900     0.0      0.0000       3.9900 0.0000 SNPS_CLOCK_GATE_HIGH_tinytpu_isa_dma_ld_0_1_1625
dma_ld_0_1_U0/clk_gate_rbA_U_ram_reg_58_       3.9900     0.0      0.0000       3.9900 0.0000 SNPS_CLOCK_GATE_HIGH_tinytpu_isa_dma_ld_0_1_1094
dma_ld_0_1_U0/clk_gate_rbA_U_ram_reg_590_       3.9900     0.0      0.0000       3.9900 0.0000 SNPS_CLOCK_GATE_HIGH_tinytpu_isa_dma_ld_0_1_1626
dma_ld_0_1_U0/clk_gate_rbA_U_ram_reg_591_       3.9900     0.0      0.0000       3.9900 0.0000 SNPS_CLOCK_GATE_HIGH_tinytpu_isa_dma_ld_0_1_1627
dma_ld_0_1_U0/clk_gate_rbA_U_ram_reg_592_       3.9900     0.0      0.0000       3.9900 0.0000 SNPS_CLOCK_GATE_HIGH_tinytpu_isa_dma_ld_0_1_1628
dma_ld_0_1_U0/clk_gate_rbA_U_ram_reg_593_       3.9900     0.0      0.0000       3.9900 0.0000 SNPS_CLOCK_GATE_HIGH_tinytpu_isa_dma_ld_0_1_1629
dma_ld_0_1_U0/clk_gate_rbA_U_ram_reg_594_       3.9900     0.0      0.0000       3.9900 0.0000 SNPS_CLOCK_GATE_HIGH_tinytpu_isa_dma_ld_0_1_1630
dma_ld_0_1_U0/clk_gate_rbA_U_ram_reg_595_       3.9900     0.0      0.0000       3.9900 0.0000 SNPS_CLOCK_GATE_HIGH_tinytpu_isa_dma_ld_0_1_1631
dma_ld_0_1_U0/clk_gate_rbA_U_ram_reg_596_       3.9900     0.0      0.0000       3.9900 0.0000 SNPS_CLOCK_GATE_HIGH_tinytpu_isa_dma_ld_0_1_1632
dma_ld_0_1_U0/clk_gate_rbA_U_ram_reg_597_       3.9900     0.0      0.0000       3.9900 0.0000 SNPS_CLOCK_GATE_HIGH_tinytpu_isa_dma_ld_0_1_1633
dma_ld_0_1_U0/clk_gate_rbA_U_ram_reg_598_       3.9900     0.0      0.0000       3.9900 0.0000 SNPS_CLOCK_GATE_HIGH_tinytpu_isa_dma_ld_0_1_1634
dma_ld_0_1_U0/clk_gate_rbA_U_ram_reg_599_       3.9900     0.0      0.0000       3.9900 0.0000 SNPS_CLOCK_GATE_HIGH_tinytpu_isa_dma_ld_0_1_1635
dma_ld_0_1_U0/clk_gate_rbA_U_ram_reg_59_       3.9900     0.0      0.0000       3.9900 0.0000 SNPS_CLOCK_GATE_HIGH_tinytpu_isa_dma_ld_0_1_1095
dma_ld_0_1_U0/clk_gate_rbA_U_ram_reg_5_       3.9900     0.0      0.0000       3.9900 0.0000 SNPS_CLOCK_GATE_HIGH_tinytpu_isa_dma_ld_0_1_1041
dma_ld_0_1_U0/clk_gate_rbA_U_ram_reg_600_       3.9900     0.0      0.0000       3.9900 0.0000 SNPS_CLOCK_GATE_HIGH_tinytpu_isa_dma_ld_0_1_1636
dma_ld_0_1_U0/clk_gate_rbA_U_ram_reg_601_       3.9900     0.0      0.0000       3.9900 0.0000 SNPS_CLOCK_GATE_HIGH_tinytpu_isa_dma_ld_0_1_1637
dma_ld_0_1_U0/clk_gate_rbA_U_ram_reg_602_       3.9900     0.0      0.0000       3.9900 0.0000 SNPS_CLOCK_GATE_HIGH_tinytpu_isa_dma_ld_0_1_1638
dma_ld_0_1_U0/clk_gate_rbA_U_ram_reg_603_       3.9900     0.0      0.0000       3.9900 0.0000 SNPS_CLOCK_GATE_HIGH_tinytpu_isa_dma_ld_0_1_1639
dma_ld_0_1_U0/clk_gate_rbA_U_ram_reg_604_       3.9900     0.0      0.0000       3.9900 0.0000 SNPS_CLOCK_GATE_HIGH_tinytpu_isa_dma_ld_0_1_1640
dma_ld_0_1_U0/clk_gate_rbA_U_ram_reg_605_       3.9900     0.0      0.0000       3.9900 0.0000 SNPS_CLOCK_GATE_HIGH_tinytpu_isa_dma_ld_0_1_1641
dma_ld_0_1_U0/clk_gate_rbA_U_ram_reg_606_       3.9900     0.0      0.0000       3.9900 0.0000 SNPS_CLOCK_GATE_HIGH_tinytpu_isa_dma_ld_0_1_1642
dma_ld_0_1_U0/clk_gate_rbA_U_ram_reg_607_       3.9900     0.0      0.0000       3.9900 0.0000 SNPS_CLOCK_GATE_HIGH_tinytpu_isa_dma_ld_0_1_1643
dma_ld_0_1_U0/clk_gate_rbA_U_ram_reg_608_       3.9900     0.0      0.0000       3.9900 0.0000 SNPS_CLOCK_GATE_HIGH_tinytpu_isa_dma_ld_0_1_1644
dma_ld_0_1_U0/clk_gate_rbA_U_ram_reg_609_       3.9900     0.0      0.0000       3.9900 0.0000 SNPS_CLOCK_GATE_HIGH_tinytpu_isa_dma_ld_0_1_1645
dma_ld_0_1_U0/clk_gate_rbA_U_ram_reg_60_       3.9900     0.0      0.0000       3.9900 0.0000 SNPS_CLOCK_GATE_HIGH_tinytpu_isa_dma_ld_0_1_1096
dma_ld_0_1_U0/clk_gate_rbA_U_ram_reg_610_       3.9900     0.0      0.0000       3.9900 0.0000 SNPS_CLOCK_GATE_HIGH_tinytpu_isa_dma_ld_0_1_1646
dma_ld_0_1_U0/clk_gate_rbA_U_ram_reg_611_       3.9900     0.0      0.0000       3.9900 0.0000 SNPS_CLOCK_GATE_HIGH_tinytpu_isa_dma_ld_0_1_1647
dma_ld_0_1_U0/clk_gate_rbA_U_ram_reg_612_       3.9900     0.0      0.0000       3.9900 0.0000 SNPS_CLOCK_GATE_HIGH_tinytpu_isa_dma_ld_0_1_1648
dma_ld_0_1_U0/clk_gate_rbA_U_ram_reg_613_       3.9900     0.0      0.0000       3.9900 0.0000 SNPS_CLOCK_GATE_HIGH_tinytpu_isa_dma_ld_0_1_1649
dma_ld_0_1_U0/clk_gate_rbA_U_ram_reg_614_       3.9900     0.0      0.0000       3.9900 0.0000 SNPS_CLOCK_GATE_HIGH_tinytpu_isa_dma_ld_0_1_1650
dma_ld_0_1_U0/clk_gate_rbA_U_ram_reg_615_       3.9900     0.0      0.0000       3.9900 0.0000 SNPS_CLOCK_GATE_HIGH_tinytpu_isa_dma_ld_0_1_1651
dma_ld_0_1_U0/clk_gate_rbA_U_ram_reg_616_       3.9900     0.0      0.0000       3.9900 0.0000 SNPS_CLOCK_GATE_HIGH_tinytpu_isa_dma_ld_0_1_1652
dma_ld_0_1_U0/clk_gate_rbA_U_ram_reg_617_       3.9900     0.0      0.0000       3.9900 0.0000 SNPS_CLOCK_GATE_HIGH_tinytpu_isa_dma_ld_0_1_1653
dma_ld_0_1_U0/clk_gate_rbA_U_ram_reg_618_       3.9900     0.0      0.0000       3.9900 0.0000 SNPS_CLOCK_GATE_HIGH_tinytpu_isa_dma_ld_0_1_1654
dma_ld_0_1_U0/clk_gate_rbA_U_ram_reg_619_       3.9900     0.0      0.0000       3.9900 0.0000 SNPS_CLOCK_GATE_HIGH_tinytpu_isa_dma_ld_0_1_1655
dma_ld_0_1_U0/clk_gate_rbA_U_ram_reg_61_       3.9900     0.0      0.0000       3.9900 0.0000 SNPS_CLOCK_GATE_HIGH_tinytpu_isa_dma_ld_0_1_1097
dma_ld_0_1_U0/clk_gate_rbA_U_ram_reg_620_       3.9900     0.0      0.0000       3.9900 0.0000 SNPS_CLOCK_GATE_HIGH_tinytpu_isa_dma_ld_0_1_1656
dma_ld_0_1_U0/clk_gate_rbA_U_ram_reg_621_       3.9900     0.0      0.0000       3.9900 0.0000 SNPS_CLOCK_GATE_HIGH_tinytpu_isa_dma_ld_0_1_1657
dma_ld_0_1_U0/clk_gate_rbA_U_ram_reg_622_       3.9900     0.0      0.0000       3.9900 0.0000 SNPS_CLOCK_GATE_HIGH_tinytpu_isa_dma_ld_0_1_1658
dma_ld_0_1_U0/clk_gate_rbA_U_ram_reg_623_       3.9900     0.0      0.0000       3.9900 0.0000 SNPS_CLOCK_GATE_HIGH_tinytpu_isa_dma_ld_0_1_1659
dma_ld_0_1_U0/clk_gate_rbA_U_ram_reg_624_       3.9900     0.0      0.0000       3.9900 0.0000 SNPS_CLOCK_GATE_HIGH_tinytpu_isa_dma_ld_0_1_1660
dma_ld_0_1_U0/clk_gate_rbA_U_ram_reg_625_       3.9900     0.0      0.0000       3.9900 0.0000 SNPS_CLOCK_GATE_HIGH_tinytpu_isa_dma_ld_0_1_1661
dma_ld_0_1_U0/clk_gate_rbA_U_ram_reg_626_       3.9900     0.0      0.0000       3.9900 0.0000 SNPS_CLOCK_GATE_HIGH_tinytpu_isa_dma_ld_0_1_1662
dma_ld_0_1_U0/clk_gate_rbA_U_ram_reg_627_       3.9900     0.0      0.0000       3.9900 0.0000 SNPS_CLOCK_GATE_HIGH_tinytpu_isa_dma_ld_0_1_1663
dma_ld_0_1_U0/clk_gate_rbA_U_ram_reg_628_       3.9900     0.0      0.0000       3.9900 0.0000 SNPS_CLOCK_GATE_HIGH_tinytpu_isa_dma_ld_0_1_1664
dma_ld_0_1_U0/clk_gate_rbA_U_ram_reg_629_       3.9900     0.0      0.0000       3.9900 0.0000 SNPS_CLOCK_GATE_HIGH_tinytpu_isa_dma_ld_0_1_1665
dma_ld_0_1_U0/clk_gate_rbA_U_ram_reg_62_       3.9900     0.0      0.0000       3.9900 0.0000 SNPS_CLOCK_GATE_HIGH_tinytpu_isa_dma_ld_0_1_1098
dma_ld_0_1_U0/clk_gate_rbA_U_ram_reg_630_       3.9900     0.0      0.0000       3.9900 0.0000 SNPS_CLOCK_GATE_HIGH_tinytpu_isa_dma_ld_0_1_1666
dma_ld_0_1_U0/clk_gate_rbA_U_ram_reg_631_       3.9900     0.0      0.0000       3.9900 0.0000 SNPS_CLOCK_GATE_HIGH_tinytpu_isa_dma_ld_0_1_1667
dma_ld_0_1_U0/clk_gate_rbA_U_ram_reg_632_       3.9900     0.0      0.0000       3.9900 0.0000 SNPS_CLOCK_GATE_HIGH_tinytpu_isa_dma_ld_0_1_1668
dma_ld_0_1_U0/clk_gate_rbA_U_ram_reg_633_       3.9900     0.0      0.0000       3.9900 0.0000 SNPS_CLOCK_GATE_HIGH_tinytpu_isa_dma_ld_0_1_1669
dma_ld_0_1_U0/clk_gate_rbA_U_ram_reg_634_       3.9900     0.0      0.0000       3.9900 0.0000 SNPS_CLOCK_GATE_HIGH_tinytpu_isa_dma_ld_0_1_1670
dma_ld_0_1_U0/clk_gate_rbA_U_ram_reg_635_       3.9900     0.0      0.0000       3.9900 0.0000 SNPS_CLOCK_GATE_HIGH_tinytpu_isa_dma_ld_0_1_1671
dma_ld_0_1_U0/clk_gate_rbA_U_ram_reg_636_       3.9900     0.0      0.0000       3.9900 0.0000 SNPS_CLOCK_GATE_HIGH_tinytpu_isa_dma_ld_0_1_1672
dma_ld_0_1_U0/clk_gate_rbA_U_ram_reg_637_       3.9900     0.0      0.0000       3.9900 0.0000 SNPS_CLOCK_GATE_HIGH_tinytpu_isa_dma_ld_0_1_1673
dma_ld_0_1_U0/clk_gate_rbA_U_ram_reg_638_       3.9900     0.0      0.0000       3.9900 0.0000 SNPS_CLOCK_GATE_HIGH_tinytpu_isa_dma_ld_0_1_1674
dma_ld_0_1_U0/clk_gate_rbA_U_ram_reg_639_       3.9900     0.0      0.0000       3.9900 0.0000 SNPS_CLOCK_GATE_HIGH_tinytpu_isa_dma_ld_0_1_1675
dma_ld_0_1_U0/clk_gate_rbA_U_ram_reg_63_       3.9900     0.0      0.0000       3.9900 0.0000 SNPS_CLOCK_GATE_HIGH_tinytpu_isa_dma_ld_0_1_1099
dma_ld_0_1_U0/clk_gate_rbA_U_ram_reg_640_       3.9900     0.0      0.0000       3.9900 0.0000 SNPS_CLOCK_GATE_HIGH_tinytpu_isa_dma_ld_0_1_1676
dma_ld_0_1_U0/clk_gate_rbA_U_ram_reg_641_       3.9900     0.0      0.0000       3.9900 0.0000 SNPS_CLOCK_GATE_HIGH_tinytpu_isa_dma_ld_0_1_1677
dma_ld_0_1_U0/clk_gate_rbA_U_ram_reg_642_       3.9900     0.0      0.0000       3.9900 0.0000 SNPS_CLOCK_GATE_HIGH_tinytpu_isa_dma_ld_0_1_1678
dma_ld_0_1_U0/clk_gate_rbA_U_ram_reg_643_       3.9900     0.0      0.0000       3.9900 0.0000 SNPS_CLOCK_GATE_HIGH_tinytpu_isa_dma_ld_0_1_1679
dma_ld_0_1_U0/clk_gate_rbA_U_ram_reg_644_       3.9900     0.0      0.0000       3.9900 0.0000 SNPS_CLOCK_GATE_HIGH_tinytpu_isa_dma_ld_0_1_1680
dma_ld_0_1_U0/clk_gate_rbA_U_ram_reg_645_       3.9900     0.0      0.0000       3.9900 0.0000 SNPS_CLOCK_GATE_HIGH_tinytpu_isa_dma_ld_0_1_1681
dma_ld_0_1_U0/clk_gate_rbA_U_ram_reg_646_       3.9900     0.0      0.0000       3.9900 0.0000 SNPS_CLOCK_GATE_HIGH_tinytpu_isa_dma_ld_0_1_1682
dma_ld_0_1_U0/clk_gate_rbA_U_ram_reg_647_       3.9900     0.0      0.0000       3.9900 0.0000 SNPS_CLOCK_GATE_HIGH_tinytpu_isa_dma_ld_0_1_1683
dma_ld_0_1_U0/clk_gate_rbA_U_ram_reg_648_       3.9900     0.0      0.0000       3.9900 0.0000 SNPS_CLOCK_GATE_HIGH_tinytpu_isa_dma_ld_0_1_1684
dma_ld_0_1_U0/clk_gate_rbA_U_ram_reg_649_       3.9900     0.0      0.0000       3.9900 0.0000 SNPS_CLOCK_GATE_HIGH_tinytpu_isa_dma_ld_0_1_1685
dma_ld_0_1_U0/clk_gate_rbA_U_ram_reg_64_       3.9900     0.0      0.0000       3.9900 0.0000 SNPS_CLOCK_GATE_HIGH_tinytpu_isa_dma_ld_0_1_1100
dma_ld_0_1_U0/clk_gate_rbA_U_ram_reg_650_       3.9900     0.0      0.0000       3.9900 0.0000 SNPS_CLOCK_GATE_HIGH_tinytpu_isa_dma_ld_0_1_1686
dma_ld_0_1_U0/clk_gate_rbA_U_ram_reg_651_       3.9900     0.0      0.0000       3.9900 0.0000 SNPS_CLOCK_GATE_HIGH_tinytpu_isa_dma_ld_0_1_1687
dma_ld_0_1_U0/clk_gate_rbA_U_ram_reg_652_       3.9900     0.0      0.0000       3.9900 0.0000 SNPS_CLOCK_GATE_HIGH_tinytpu_isa_dma_ld_0_1_1688
dma_ld_0_1_U0/clk_gate_rbA_U_ram_reg_653_       3.9900     0.0      0.0000       3.9900 0.0000 SNPS_CLOCK_GATE_HIGH_tinytpu_isa_dma_ld_0_1_1689
dma_ld_0_1_U0/clk_gate_rbA_U_ram_reg_654_       3.9900     0.0      0.0000       3.9900 0.0000 SNPS_CLOCK_GATE_HIGH_tinytpu_isa_dma_ld_0_1_1690
dma_ld_0_1_U0/clk_gate_rbA_U_ram_reg_655_       3.9900     0.0      0.0000       3.9900 0.0000 SNPS_CLOCK_GATE_HIGH_tinytpu_isa_dma_ld_0_1_1691
dma_ld_0_1_U0/clk_gate_rbA_U_ram_reg_656_       3.9900     0.0      0.0000       3.9900 0.0000 SNPS_CLOCK_GATE_HIGH_tinytpu_isa_dma_ld_0_1_1692
dma_ld_0_1_U0/clk_gate_rbA_U_ram_reg_657_       3.9900     0.0      0.0000       3.9900 0.0000 SNPS_CLOCK_GATE_HIGH_tinytpu_isa_dma_ld_0_1_1693
dma_ld_0_1_U0/clk_gate_rbA_U_ram_reg_658_       3.9900     0.0      0.0000       3.9900 0.0000 SNPS_CLOCK_GATE_HIGH_tinytpu_isa_dma_ld_0_1_1694
dma_ld_0_1_U0/clk_gate_rbA_U_ram_reg_659_       3.9900     0.0      0.0000       3.9900 0.0000 SNPS_CLOCK_GATE_HIGH_tinytpu_isa_dma_ld_0_1_1695
dma_ld_0_1_U0/clk_gate_rbA_U_ram_reg_65_       3.9900     0.0      0.0000       3.9900 0.0000 SNPS_CLOCK_GATE_HIGH_tinytpu_isa_dma_ld_0_1_1101
dma_ld_0_1_U0/clk_gate_rbA_U_ram_reg_660_       3.9900     0.0      0.0000       3.9900 0.0000 SNPS_CLOCK_GATE_HIGH_tinytpu_isa_dma_ld_0_1_1696
dma_ld_0_1_U0/clk_gate_rbA_U_ram_reg_661_       3.9900     0.0      0.0000       3.9900 0.0000 SNPS_CLOCK_GATE_HIGH_tinytpu_isa_dma_ld_0_1_1697
dma_ld_0_1_U0/clk_gate_rbA_U_ram_reg_662_       3.9900     0.0      0.0000       3.9900 0.0000 SNPS_CLOCK_GATE_HIGH_tinytpu_isa_dma_ld_0_1_1698
dma_ld_0_1_U0/clk_gate_rbA_U_ram_reg_663_       3.9900     0.0      0.0000       3.9900 0.0000 SNPS_CLOCK_GATE_HIGH_tinytpu_isa_dma_ld_0_1_1699
dma_ld_0_1_U0/clk_gate_rbA_U_ram_reg_664_       3.9900     0.0      0.0000       3.9900 0.0000 SNPS_CLOCK_GATE_HIGH_tinytpu_isa_dma_ld_0_1_1700
dma_ld_0_1_U0/clk_gate_rbA_U_ram_reg_665_       3.9900     0.0      0.0000       3.9900 0.0000 SNPS_CLOCK_GATE_HIGH_tinytpu_isa_dma_ld_0_1_1701
dma_ld_0_1_U0/clk_gate_rbA_U_ram_reg_666_       3.9900     0.0      0.0000       3.9900 0.0000 SNPS_CLOCK_GATE_HIGH_tinytpu_isa_dma_ld_0_1_1702
dma_ld_0_1_U0/clk_gate_rbA_U_ram_reg_667_       3.9900     0.0      0.0000       3.9900 0.0000 SNPS_CLOCK_GATE_HIGH_tinytpu_isa_dma_ld_0_1_1703
dma_ld_0_1_U0/clk_gate_rbA_U_ram_reg_668_       3.9900     0.0      0.0000       3.9900 0.0000 SNPS_CLOCK_GATE_HIGH_tinytpu_isa_dma_ld_0_1_1704
dma_ld_0_1_U0/clk_gate_rbA_U_ram_reg_669_       3.9900     0.0      0.0000       3.9900 0.0000 SNPS_CLOCK_GATE_HIGH_tinytpu_isa_dma_ld_0_1_1705
dma_ld_0_1_U0/clk_gate_rbA_U_ram_reg_66_       3.9900     0.0      0.0000       3.9900 0.0000 SNPS_CLOCK_GATE_HIGH_tinytpu_isa_dma_ld_0_1_1102
dma_ld_0_1_U0/clk_gate_rbA_U_ram_reg_670_       3.9900     0.0      0.0000       3.9900 0.0000 SNPS_CLOCK_GATE_HIGH_tinytpu_isa_dma_ld_0_1_1706
dma_ld_0_1_U0/clk_gate_rbA_U_ram_reg_671_       3.9900     0.0      0.0000       3.9900 0.0000 SNPS_CLOCK_GATE_HIGH_tinytpu_isa_dma_ld_0_1_1707
dma_ld_0_1_U0/clk_gate_rbA_U_ram_reg_672_       3.9900     0.0      0.0000       3.9900 0.0000 SNPS_CLOCK_GATE_HIGH_tinytpu_isa_dma_ld_0_1_1708
dma_ld_0_1_U0/clk_gate_rbA_U_ram_reg_673_       3.9900     0.0      0.0000       3.9900 0.0000 SNPS_CLOCK_GATE_HIGH_tinytpu_isa_dma_ld_0_1_1709
dma_ld_0_1_U0/clk_gate_rbA_U_ram_reg_674_       3.9900     0.0      0.0000       3.9900 0.0000 SNPS_CLOCK_GATE_HIGH_tinytpu_isa_dma_ld_0_1_1710
dma_ld_0_1_U0/clk_gate_rbA_U_ram_reg_675_       3.9900     0.0      0.0000       3.9900 0.0000 SNPS_CLOCK_GATE_HIGH_tinytpu_isa_dma_ld_0_1_1711
dma_ld_0_1_U0/clk_gate_rbA_U_ram_reg_676_       3.9900     0.0      0.0000       3.9900 0.0000 SNPS_CLOCK_GATE_HIGH_tinytpu_isa_dma_ld_0_1_1712
dma_ld_0_1_U0/clk_gate_rbA_U_ram_reg_677_       3.9900     0.0      0.0000       3.9900 0.0000 SNPS_CLOCK_GATE_HIGH_tinytpu_isa_dma_ld_0_1_1713
dma_ld_0_1_U0/clk_gate_rbA_U_ram_reg_678_       3.9900     0.0      0.0000       3.9900 0.0000 SNPS_CLOCK_GATE_HIGH_tinytpu_isa_dma_ld_0_1_1714
dma_ld_0_1_U0/clk_gate_rbA_U_ram_reg_679_       3.9900     0.0      0.0000       3.9900 0.0000 SNPS_CLOCK_GATE_HIGH_tinytpu_isa_dma_ld_0_1_1715
dma_ld_0_1_U0/clk_gate_rbA_U_ram_reg_67_       3.9900     0.0      0.0000       3.9900 0.0000 SNPS_CLOCK_GATE_HIGH_tinytpu_isa_dma_ld_0_1_1103
dma_ld_0_1_U0/clk_gate_rbA_U_ram_reg_680_       3.9900     0.0      0.0000       3.9900 0.0000 SNPS_CLOCK_GATE_HIGH_tinytpu_isa_dma_ld_0_1_1716
dma_ld_0_1_U0/clk_gate_rbA_U_ram_reg_681_       3.9900     0.0      0.0000       3.9900 0.0000 SNPS_CLOCK_GATE_HIGH_tinytpu_isa_dma_ld_0_1_1717
dma_ld_0_1_U0/clk_gate_rbA_U_ram_reg_682_       3.9900     0.0      0.0000       3.9900 0.0000 SNPS_CLOCK_GATE_HIGH_tinytpu_isa_dma_ld_0_1_1718
dma_ld_0_1_U0/clk_gate_rbA_U_ram_reg_683_       3.9900     0.0      0.0000       3.9900 0.0000 SNPS_CLOCK_GATE_HIGH_tinytpu_isa_dma_ld_0_1_1719
dma_ld_0_1_U0/clk_gate_rbA_U_ram_reg_684_       3.9900     0.0      0.0000       3.9900 0.0000 SNPS_CLOCK_GATE_HIGH_tinytpu_isa_dma_ld_0_1_1720
dma_ld_0_1_U0/clk_gate_rbA_U_ram_reg_685_       3.9900     0.0      0.0000       3.9900 0.0000 SNPS_CLOCK_GATE_HIGH_tinytpu_isa_dma_ld_0_1_1721
dma_ld_0_1_U0/clk_gate_rbA_U_ram_reg_686_       3.9900     0.0      0.0000       3.9900 0.0000 SNPS_CLOCK_GATE_HIGH_tinytpu_isa_dma_ld_0_1_1722
dma_ld_0_1_U0/clk_gate_rbA_U_ram_reg_687_       3.9900     0.0      0.0000       3.9900 0.0000 SNPS_CLOCK_GATE_HIGH_tinytpu_isa_dma_ld_0_1_1723
dma_ld_0_1_U0/clk_gate_rbA_U_ram_reg_688_       3.9900     0.0      0.0000       3.9900 0.0000 SNPS_CLOCK_GATE_HIGH_tinytpu_isa_dma_ld_0_1_1724
dma_ld_0_1_U0/clk_gate_rbA_U_ram_reg_689_       3.9900     0.0      0.0000       3.9900 0.0000 SNPS_CLOCK_GATE_HIGH_tinytpu_isa_dma_ld_0_1_1725
dma_ld_0_1_U0/clk_gate_rbA_U_ram_reg_68_       3.9900     0.0      0.0000       3.9900 0.0000 SNPS_CLOCK_GATE_HIGH_tinytpu_isa_dma_ld_0_1_1104
dma_ld_0_1_U0/clk_gate_rbA_U_ram_reg_690_       3.9900     0.0      0.0000       3.9900 0.0000 SNPS_CLOCK_GATE_HIGH_tinytpu_isa_dma_ld_0_1_1726
dma_ld_0_1_U0/clk_gate_rbA_U_ram_reg_691_       3.9900     0.0      0.0000       3.9900 0.0000 SNPS_CLOCK_GATE_HIGH_tinytpu_isa_dma_ld_0_1_1727
dma_ld_0_1_U0/clk_gate_rbA_U_ram_reg_692_       3.9900     0.0      0.0000       3.9900 0.0000 SNPS_CLOCK_GATE_HIGH_tinytpu_isa_dma_ld_0_1_1728
dma_ld_0_1_U0/clk_gate_rbA_U_ram_reg_693_       3.9900     0.0      0.0000       3.9900 0.0000 SNPS_CLOCK_GATE_HIGH_tinytpu_isa_dma_ld_0_1_1729
dma_ld_0_1_U0/clk_gate_rbA_U_ram_reg_694_       3.9900     0.0      0.0000       3.9900 0.0000 SNPS_CLOCK_GATE_HIGH_tinytpu_isa_dma_ld_0_1_1730
dma_ld_0_1_U0/clk_gate_rbA_U_ram_reg_695_       3.9900     0.0      0.0000       3.9900 0.0000 SNPS_CLOCK_GATE_HIGH_tinytpu_isa_dma_ld_0_1_1731
dma_ld_0_1_U0/clk_gate_rbA_U_ram_reg_696_       3.9900     0.0      0.0000       3.9900 0.0000 SNPS_CLOCK_GATE_HIGH_tinytpu_isa_dma_ld_0_1_1732
dma_ld_0_1_U0/clk_gate_rbA_U_ram_reg_697_       3.9900     0.0      0.0000       3.9900 0.0000 SNPS_CLOCK_GATE_HIGH_tinytpu_isa_dma_ld_0_1_1733
dma_ld_0_1_U0/clk_gate_rbA_U_ram_reg_698_       3.9900     0.0      0.0000       3.9900 0.0000 SNPS_CLOCK_GATE_HIGH_tinytpu_isa_dma_ld_0_1_1734
dma_ld_0_1_U0/clk_gate_rbA_U_ram_reg_699_       3.9900     0.0      0.0000       3.9900 0.0000 SNPS_CLOCK_GATE_HIGH_tinytpu_isa_dma_ld_0_1_1735
dma_ld_0_1_U0/clk_gate_rbA_U_ram_reg_69_       3.9900     0.0      0.0000       3.9900 0.0000 SNPS_CLOCK_GATE_HIGH_tinytpu_isa_dma_ld_0_1_1105
dma_ld_0_1_U0/clk_gate_rbA_U_ram_reg_6_       3.9900     0.0      0.0000       3.9900 0.0000 SNPS_CLOCK_GATE_HIGH_tinytpu_isa_dma_ld_0_1_1042
dma_ld_0_1_U0/clk_gate_rbA_U_ram_reg_700_       3.9900     0.0      0.0000       3.9900 0.0000 SNPS_CLOCK_GATE_HIGH_tinytpu_isa_dma_ld_0_1_1736
dma_ld_0_1_U0/clk_gate_rbA_U_ram_reg_701_       3.9900     0.0      0.0000       3.9900 0.0000 SNPS_CLOCK_GATE_HIGH_tinytpu_isa_dma_ld_0_1_1737
dma_ld_0_1_U0/clk_gate_rbA_U_ram_reg_702_       3.9900     0.0      0.0000       3.9900 0.0000 SNPS_CLOCK_GATE_HIGH_tinytpu_isa_dma_ld_0_1_1738
dma_ld_0_1_U0/clk_gate_rbA_U_ram_reg_703_       3.9900     0.0      0.0000       3.9900 0.0000 SNPS_CLOCK_GATE_HIGH_tinytpu_isa_dma_ld_0_1_1739
dma_ld_0_1_U0/clk_gate_rbA_U_ram_reg_704_       3.9900     0.0      0.0000       3.9900 0.0000 SNPS_CLOCK_GATE_HIGH_tinytpu_isa_dma_ld_0_1_1740
dma_ld_0_1_U0/clk_gate_rbA_U_ram_reg_705_       3.9900     0.0      0.0000       3.9900 0.0000 SNPS_CLOCK_GATE_HIGH_tinytpu_isa_dma_ld_0_1_1741
dma_ld_0_1_U0/clk_gate_rbA_U_ram_reg_706_       3.9900     0.0      0.0000       3.9900 0.0000 SNPS_CLOCK_GATE_HIGH_tinytpu_isa_dma_ld_0_1_1742
dma_ld_0_1_U0/clk_gate_rbA_U_ram_reg_707_       3.9900     0.0      0.0000       3.9900 0.0000 SNPS_CLOCK_GATE_HIGH_tinytpu_isa_dma_ld_0_1_1743
dma_ld_0_1_U0/clk_gate_rbA_U_ram_reg_708_       3.9900     0.0      0.0000       3.9900 0.0000 SNPS_CLOCK_GATE_HIGH_tinytpu_isa_dma_ld_0_1_1744
dma_ld_0_1_U0/clk_gate_rbA_U_ram_reg_709_       3.9900     0.0      0.0000       3.9900 0.0000 SNPS_CLOCK_GATE_HIGH_tinytpu_isa_dma_ld_0_1_1745
dma_ld_0_1_U0/clk_gate_rbA_U_ram_reg_70_       3.9900     0.0      0.0000       3.9900 0.0000 SNPS_CLOCK_GATE_HIGH_tinytpu_isa_dma_ld_0_1_1106
dma_ld_0_1_U0/clk_gate_rbA_U_ram_reg_710_       3.9900     0.0      0.0000       3.9900 0.0000 SNPS_CLOCK_GATE_HIGH_tinytpu_isa_dma_ld_0_1_1746
dma_ld_0_1_U0/clk_gate_rbA_U_ram_reg_711_       3.9900     0.0      0.0000       3.9900 0.0000 SNPS_CLOCK_GATE_HIGH_tinytpu_isa_dma_ld_0_1_1747
dma_ld_0_1_U0/clk_gate_rbA_U_ram_reg_712_       3.9900     0.0      0.0000       3.9900 0.0000 SNPS_CLOCK_GATE_HIGH_tinytpu_isa_dma_ld_0_1_1748
dma_ld_0_1_U0/clk_gate_rbA_U_ram_reg_713_       3.9900     0.0      0.0000       3.9900 0.0000 SNPS_CLOCK_GATE_HIGH_tinytpu_isa_dma_ld_0_1_1749
dma_ld_0_1_U0/clk_gate_rbA_U_ram_reg_714_       3.9900     0.0      0.0000       3.9900 0.0000 SNPS_CLOCK_GATE_HIGH_tinytpu_isa_dma_ld_0_1_1750
dma_ld_0_1_U0/clk_gate_rbA_U_ram_reg_715_       3.9900     0.0      0.0000       3.9900 0.0000 SNPS_CLOCK_GATE_HIGH_tinytpu_isa_dma_ld_0_1_1751
dma_ld_0_1_U0/clk_gate_rbA_U_ram_reg_716_       3.9900     0.0      0.0000       3.9900 0.0000 SNPS_CLOCK_GATE_HIGH_tinytpu_isa_dma_ld_0_1_1752
dma_ld_0_1_U0/clk_gate_rbA_U_ram_reg_717_       3.9900     0.0      0.0000       3.9900 0.0000 SNPS_CLOCK_GATE_HIGH_tinytpu_isa_dma_ld_0_1_1753
dma_ld_0_1_U0/clk_gate_rbA_U_ram_reg_718_       3.9900     0.0      0.0000       3.9900 0.0000 SNPS_CLOCK_GATE_HIGH_tinytpu_isa_dma_ld_0_1_1754
dma_ld_0_1_U0/clk_gate_rbA_U_ram_reg_719_       3.9900     0.0      0.0000       3.9900 0.0000 SNPS_CLOCK_GATE_HIGH_tinytpu_isa_dma_ld_0_1_1755
dma_ld_0_1_U0/clk_gate_rbA_U_ram_reg_71_       3.9900     0.0      0.0000       3.9900 0.0000 SNPS_CLOCK_GATE_HIGH_tinytpu_isa_dma_ld_0_1_1107
dma_ld_0_1_U0/clk_gate_rbA_U_ram_reg_720_       3.9900     0.0      0.0000       3.9900 0.0000 SNPS_CLOCK_GATE_HIGH_tinytpu_isa_dma_ld_0_1_1756
dma_ld_0_1_U0/clk_gate_rbA_U_ram_reg_721_       3.9900     0.0      0.0000       3.9900 0.0000 SNPS_CLOCK_GATE_HIGH_tinytpu_isa_dma_ld_0_1_1757
dma_ld_0_1_U0/clk_gate_rbA_U_ram_reg_722_       3.9900     0.0      0.0000       3.9900 0.0000 SNPS_CLOCK_GATE_HIGH_tinytpu_isa_dma_ld_0_1_1758
dma_ld_0_1_U0/clk_gate_rbA_U_ram_reg_723_       3.9900     0.0      0.0000       3.9900 0.0000 SNPS_CLOCK_GATE_HIGH_tinytpu_isa_dma_ld_0_1_1759
dma_ld_0_1_U0/clk_gate_rbA_U_ram_reg_724_       3.9900     0.0      0.0000       3.9900 0.0000 SNPS_CLOCK_GATE_HIGH_tinytpu_isa_dma_ld_0_1_1760
dma_ld_0_1_U0/clk_gate_rbA_U_ram_reg_725_       3.9900     0.0      0.0000       3.9900 0.0000 SNPS_CLOCK_GATE_HIGH_tinytpu_isa_dma_ld_0_1_1761
dma_ld_0_1_U0/clk_gate_rbA_U_ram_reg_726_       3.9900     0.0      0.0000       3.9900 0.0000 SNPS_CLOCK_GATE_HIGH_tinytpu_isa_dma_ld_0_1_1762
dma_ld_0_1_U0/clk_gate_rbA_U_ram_reg_727_       3.9900     0.0      0.0000       3.9900 0.0000 SNPS_CLOCK_GATE_HIGH_tinytpu_isa_dma_ld_0_1_1763
dma_ld_0_1_U0/clk_gate_rbA_U_ram_reg_728_       3.9900     0.0      0.0000       3.9900 0.0000 SNPS_CLOCK_GATE_HIGH_tinytpu_isa_dma_ld_0_1_1764
dma_ld_0_1_U0/clk_gate_rbA_U_ram_reg_729_       3.9900     0.0      0.0000       3.9900 0.0000 SNPS_CLOCK_GATE_HIGH_tinytpu_isa_dma_ld_0_1_1765
dma_ld_0_1_U0/clk_gate_rbA_U_ram_reg_72_       3.9900     0.0      0.0000       3.9900 0.0000 SNPS_CLOCK_GATE_HIGH_tinytpu_isa_dma_ld_0_1_1108
dma_ld_0_1_U0/clk_gate_rbA_U_ram_reg_730_       3.9900     0.0      0.0000       3.9900 0.0000 SNPS_CLOCK_GATE_HIGH_tinytpu_isa_dma_ld_0_1_1766
dma_ld_0_1_U0/clk_gate_rbA_U_ram_reg_731_       3.9900     0.0      0.0000       3.9900 0.0000 SNPS_CLOCK_GATE_HIGH_tinytpu_isa_dma_ld_0_1_1767
dma_ld_0_1_U0/clk_gate_rbA_U_ram_reg_732_       3.9900     0.0      0.0000       3.9900 0.0000 SNPS_CLOCK_GATE_HIGH_tinytpu_isa_dma_ld_0_1_1768
dma_ld_0_1_U0/clk_gate_rbA_U_ram_reg_733_       3.9900     0.0      0.0000       3.9900 0.0000 SNPS_CLOCK_GATE_HIGH_tinytpu_isa_dma_ld_0_1_1769
dma_ld_0_1_U0/clk_gate_rbA_U_ram_reg_734_       3.9900     0.0      0.0000       3.9900 0.0000 SNPS_CLOCK_GATE_HIGH_tinytpu_isa_dma_ld_0_1_1770
dma_ld_0_1_U0/clk_gate_rbA_U_ram_reg_735_       3.9900     0.0      0.0000       3.9900 0.0000 SNPS_CLOCK_GATE_HIGH_tinytpu_isa_dma_ld_0_1_1771
dma_ld_0_1_U0/clk_gate_rbA_U_ram_reg_736_       3.9900     0.0      0.0000       3.9900 0.0000 SNPS_CLOCK_GATE_HIGH_tinytpu_isa_dma_ld_0_1_1772
dma_ld_0_1_U0/clk_gate_rbA_U_ram_reg_737_       3.9900     0.0      0.0000       3.9900 0.0000 SNPS_CLOCK_GATE_HIGH_tinytpu_isa_dma_ld_0_1_1773
dma_ld_0_1_U0/clk_gate_rbA_U_ram_reg_738_       3.9900     0.0      0.0000       3.9900 0.0000 SNPS_CLOCK_GATE_HIGH_tinytpu_isa_dma_ld_0_1_1774
dma_ld_0_1_U0/clk_gate_rbA_U_ram_reg_739_       3.9900     0.0      0.0000       3.9900 0.0000 SNPS_CLOCK_GATE_HIGH_tinytpu_isa_dma_ld_0_1_1775
dma_ld_0_1_U0/clk_gate_rbA_U_ram_reg_73_       3.9900     0.0      0.0000       3.9900 0.0000 SNPS_CLOCK_GATE_HIGH_tinytpu_isa_dma_ld_0_1_1109
dma_ld_0_1_U0/clk_gate_rbA_U_ram_reg_740_       3.9900     0.0      0.0000       3.9900 0.0000 SNPS_CLOCK_GATE_HIGH_tinytpu_isa_dma_ld_0_1_1776
dma_ld_0_1_U0/clk_gate_rbA_U_ram_reg_741_       3.9900     0.0      0.0000       3.9900 0.0000 SNPS_CLOCK_GATE_HIGH_tinytpu_isa_dma_ld_0_1_1777
dma_ld_0_1_U0/clk_gate_rbA_U_ram_reg_742_       3.9900     0.0      0.0000       3.9900 0.0000 SNPS_CLOCK_GATE_HIGH_tinytpu_isa_dma_ld_0_1_1778
dma_ld_0_1_U0/clk_gate_rbA_U_ram_reg_743_       3.9900     0.0      0.0000       3.9900 0.0000 SNPS_CLOCK_GATE_HIGH_tinytpu_isa_dma_ld_0_1_1779
dma_ld_0_1_U0/clk_gate_rbA_U_ram_reg_744_       3.9900     0.0      0.0000       3.9900 0.0000 SNPS_CLOCK_GATE_HIGH_tinytpu_isa_dma_ld_0_1_1780
dma_ld_0_1_U0/clk_gate_rbA_U_ram_reg_745_       3.9900     0.0      0.0000       3.9900 0.0000 SNPS_CLOCK_GATE_HIGH_tinytpu_isa_dma_ld_0_1_1781
dma_ld_0_1_U0/clk_gate_rbA_U_ram_reg_746_       3.9900     0.0      0.0000       3.9900 0.0000 SNPS_CLOCK_GATE_HIGH_tinytpu_isa_dma_ld_0_1_1782
dma_ld_0_1_U0/clk_gate_rbA_U_ram_reg_747_       3.9900     0.0      0.0000       3.9900 0.0000 SNPS_CLOCK_GATE_HIGH_tinytpu_isa_dma_ld_0_1_1783
dma_ld_0_1_U0/clk_gate_rbA_U_ram_reg_748_       3.9900     0.0      0.0000       3.9900 0.0000 SNPS_CLOCK_GATE_HIGH_tinytpu_isa_dma_ld_0_1_1784
dma_ld_0_1_U0/clk_gate_rbA_U_ram_reg_749_       3.9900     0.0      0.0000       3.9900 0.0000 SNPS_CLOCK_GATE_HIGH_tinytpu_isa_dma_ld_0_1_1785
dma_ld_0_1_U0/clk_gate_rbA_U_ram_reg_74_       3.9900     0.0      0.0000       3.9900 0.0000 SNPS_CLOCK_GATE_HIGH_tinytpu_isa_dma_ld_0_1_1110
dma_ld_0_1_U0/clk_gate_rbA_U_ram_reg_750_       3.9900     0.0      0.0000       3.9900 0.0000 SNPS_CLOCK_GATE_HIGH_tinytpu_isa_dma_ld_0_1_1786
dma_ld_0_1_U0/clk_gate_rbA_U_ram_reg_751_       3.9900     0.0      0.0000       3.9900 0.0000 SNPS_CLOCK_GATE_HIGH_tinytpu_isa_dma_ld_0_1_1787
dma_ld_0_1_U0/clk_gate_rbA_U_ram_reg_752_       3.9900     0.0      0.0000       3.9900 0.0000 SNPS_CLOCK_GATE_HIGH_tinytpu_isa_dma_ld_0_1_1788
dma_ld_0_1_U0/clk_gate_rbA_U_ram_reg_753_       3.9900     0.0      0.0000       3.9900 0.0000 SNPS_CLOCK_GATE_HIGH_tinytpu_isa_dma_ld_0_1_1789
dma_ld_0_1_U0/clk_gate_rbA_U_ram_reg_754_       3.9900     0.0      0.0000       3.9900 0.0000 SNPS_CLOCK_GATE_HIGH_tinytpu_isa_dma_ld_0_1_1790
dma_ld_0_1_U0/clk_gate_rbA_U_ram_reg_755_       3.9900     0.0      0.0000       3.9900 0.0000 SNPS_CLOCK_GATE_HIGH_tinytpu_isa_dma_ld_0_1_1791
dma_ld_0_1_U0/clk_gate_rbA_U_ram_reg_756_       3.9900     0.0      0.0000       3.9900 0.0000 SNPS_CLOCK_GATE_HIGH_tinytpu_isa_dma_ld_0_1_1792
dma_ld_0_1_U0/clk_gate_rbA_U_ram_reg_757_       3.9900     0.0      0.0000       3.9900 0.0000 SNPS_CLOCK_GATE_HIGH_tinytpu_isa_dma_ld_0_1_1793
dma_ld_0_1_U0/clk_gate_rbA_U_ram_reg_758_       3.9900     0.0      0.0000       3.9900 0.0000 SNPS_CLOCK_GATE_HIGH_tinytpu_isa_dma_ld_0_1_1794
dma_ld_0_1_U0/clk_gate_rbA_U_ram_reg_759_       3.9900     0.0      0.0000       3.9900 0.0000 SNPS_CLOCK_GATE_HIGH_tinytpu_isa_dma_ld_0_1_1795
dma_ld_0_1_U0/clk_gate_rbA_U_ram_reg_75_       3.9900     0.0      0.0000       3.9900 0.0000 SNPS_CLOCK_GATE_HIGH_tinytpu_isa_dma_ld_0_1_1111
dma_ld_0_1_U0/clk_gate_rbA_U_ram_reg_760_       3.9900     0.0      0.0000       3.9900 0.0000 SNPS_CLOCK_GATE_HIGH_tinytpu_isa_dma_ld_0_1_1796
dma_ld_0_1_U0/clk_gate_rbA_U_ram_reg_761_       3.9900     0.0      0.0000       3.9900 0.0000 SNPS_CLOCK_GATE_HIGH_tinytpu_isa_dma_ld_0_1_1797
dma_ld_0_1_U0/clk_gate_rbA_U_ram_reg_762_       3.9900     0.0      0.0000       3.9900 0.0000 SNPS_CLOCK_GATE_HIGH_tinytpu_isa_dma_ld_0_1_1798
dma_ld_0_1_U0/clk_gate_rbA_U_ram_reg_763_       3.9900     0.0      0.0000       3.9900 0.0000 SNPS_CLOCK_GATE_HIGH_tinytpu_isa_dma_ld_0_1_1799
dma_ld_0_1_U0/clk_gate_rbA_U_ram_reg_764_       3.9900     0.0      0.0000       3.9900 0.0000 SNPS_CLOCK_GATE_HIGH_tinytpu_isa_dma_ld_0_1_1800
dma_ld_0_1_U0/clk_gate_rbA_U_ram_reg_765_       3.9900     0.0      0.0000       3.9900 0.0000 SNPS_CLOCK_GATE_HIGH_tinytpu_isa_dma_ld_0_1_1801
dma_ld_0_1_U0/clk_gate_rbA_U_ram_reg_766_       3.9900     0.0      0.0000       3.9900 0.0000 SNPS_CLOCK_GATE_HIGH_tinytpu_isa_dma_ld_0_1_1802
dma_ld_0_1_U0/clk_gate_rbA_U_ram_reg_767_       3.9900     0.0      0.0000       3.9900 0.0000 SNPS_CLOCK_GATE_HIGH_tinytpu_isa_dma_ld_0_1_1803
dma_ld_0_1_U0/clk_gate_rbA_U_ram_reg_768_       3.9900     0.0      0.0000       3.9900 0.0000 SNPS_CLOCK_GATE_HIGH_tinytpu_isa_dma_ld_0_1_1804
dma_ld_0_1_U0/clk_gate_rbA_U_ram_reg_769_       3.9900     0.0      0.0000       3.9900 0.0000 SNPS_CLOCK_GATE_HIGH_tinytpu_isa_dma_ld_0_1_1805
dma_ld_0_1_U0/clk_gate_rbA_U_ram_reg_76_       3.9900     0.0      0.0000       3.9900 0.0000 SNPS_CLOCK_GATE_HIGH_tinytpu_isa_dma_ld_0_1_1112
dma_ld_0_1_U0/clk_gate_rbA_U_ram_reg_770_       3.9900     0.0      0.0000       3.9900 0.0000 SNPS_CLOCK_GATE_HIGH_tinytpu_isa_dma_ld_0_1_1806
dma_ld_0_1_U0/clk_gate_rbA_U_ram_reg_771_       3.9900     0.0      0.0000       3.9900 0.0000 SNPS_CLOCK_GATE_HIGH_tinytpu_isa_dma_ld_0_1_1807
dma_ld_0_1_U0/clk_gate_rbA_U_ram_reg_772_       3.9900     0.0      0.0000       3.9900 0.0000 SNPS_CLOCK_GATE_HIGH_tinytpu_isa_dma_ld_0_1_1808
dma_ld_0_1_U0/clk_gate_rbA_U_ram_reg_773_       3.9900     0.0      0.0000       3.9900 0.0000 SNPS_CLOCK_GATE_HIGH_tinytpu_isa_dma_ld_0_1_1809
dma_ld_0_1_U0/clk_gate_rbA_U_ram_reg_774_       3.9900     0.0      0.0000       3.9900 0.0000 SNPS_CLOCK_GATE_HIGH_tinytpu_isa_dma_ld_0_1_1810
dma_ld_0_1_U0/clk_gate_rbA_U_ram_reg_775_       3.9900     0.0      0.0000       3.9900 0.0000 SNPS_CLOCK_GATE_HIGH_tinytpu_isa_dma_ld_0_1_1811
dma_ld_0_1_U0/clk_gate_rbA_U_ram_reg_776_       3.9900     0.0      0.0000       3.9900 0.0000 SNPS_CLOCK_GATE_HIGH_tinytpu_isa_dma_ld_0_1_1812
dma_ld_0_1_U0/clk_gate_rbA_U_ram_reg_777_       3.9900     0.0      0.0000       3.9900 0.0000 SNPS_CLOCK_GATE_HIGH_tinytpu_isa_dma_ld_0_1_1813
dma_ld_0_1_U0/clk_gate_rbA_U_ram_reg_778_       3.9900     0.0      0.0000       3.9900 0.0000 SNPS_CLOCK_GATE_HIGH_tinytpu_isa_dma_ld_0_1_1814
dma_ld_0_1_U0/clk_gate_rbA_U_ram_reg_779_       3.9900     0.0      0.0000       3.9900 0.0000 SNPS_CLOCK_GATE_HIGH_tinytpu_isa_dma_ld_0_1_1815
dma_ld_0_1_U0/clk_gate_rbA_U_ram_reg_77_       3.9900     0.0      0.0000       3.9900 0.0000 SNPS_CLOCK_GATE_HIGH_tinytpu_isa_dma_ld_0_1_1113
dma_ld_0_1_U0/clk_gate_rbA_U_ram_reg_780_       3.9900     0.0      0.0000       3.9900 0.0000 SNPS_CLOCK_GATE_HIGH_tinytpu_isa_dma_ld_0_1_1816
dma_ld_0_1_U0/clk_gate_rbA_U_ram_reg_781_       3.9900     0.0      0.0000       3.9900 0.0000 SNPS_CLOCK_GATE_HIGH_tinytpu_isa_dma_ld_0_1_1817
dma_ld_0_1_U0/clk_gate_rbA_U_ram_reg_782_       3.9900     0.0      0.0000       3.9900 0.0000 SNPS_CLOCK_GATE_HIGH_tinytpu_isa_dma_ld_0_1_1818
dma_ld_0_1_U0/clk_gate_rbA_U_ram_reg_783_       3.9900     0.0      0.0000       3.9900 0.0000 SNPS_CLOCK_GATE_HIGH_tinytpu_isa_dma_ld_0_1_1819
dma_ld_0_1_U0/clk_gate_rbA_U_ram_reg_784_       3.9900     0.0      0.0000       3.9900 0.0000 SNPS_CLOCK_GATE_HIGH_tinytpu_isa_dma_ld_0_1_1820
dma_ld_0_1_U0/clk_gate_rbA_U_ram_reg_785_       3.9900     0.0      0.0000       3.9900 0.0000 SNPS_CLOCK_GATE_HIGH_tinytpu_isa_dma_ld_0_1_1821
dma_ld_0_1_U0/clk_gate_rbA_U_ram_reg_786_       3.9900     0.0      0.0000       3.9900 0.0000 SNPS_CLOCK_GATE_HIGH_tinytpu_isa_dma_ld_0_1_1822
dma_ld_0_1_U0/clk_gate_rbA_U_ram_reg_787_       3.9900     0.0      0.0000       3.9900 0.0000 SNPS_CLOCK_GATE_HIGH_tinytpu_isa_dma_ld_0_1_1823
dma_ld_0_1_U0/clk_gate_rbA_U_ram_reg_788_       3.9900     0.0      0.0000       3.9900 0.0000 SNPS_CLOCK_GATE_HIGH_tinytpu_isa_dma_ld_0_1_1824
dma_ld_0_1_U0/clk_gate_rbA_U_ram_reg_789_       3.9900     0.0      0.0000       3.9900 0.0000 SNPS_CLOCK_GATE_HIGH_tinytpu_isa_dma_ld_0_1_1825
dma_ld_0_1_U0/clk_gate_rbA_U_ram_reg_78_       3.9900     0.0      0.0000       3.9900 0.0000 SNPS_CLOCK_GATE_HIGH_tinytpu_isa_dma_ld_0_1_1114
dma_ld_0_1_U0/clk_gate_rbA_U_ram_reg_790_       3.9900     0.0      0.0000       3.9900 0.0000 SNPS_CLOCK_GATE_HIGH_tinytpu_isa_dma_ld_0_1_1826
dma_ld_0_1_U0/clk_gate_rbA_U_ram_reg_791_       3.9900     0.0      0.0000       3.9900 0.0000 SNPS_CLOCK_GATE_HIGH_tinytpu_isa_dma_ld_0_1_1827
dma_ld_0_1_U0/clk_gate_rbA_U_ram_reg_792_       3.9900     0.0      0.0000       3.9900 0.0000 SNPS_CLOCK_GATE_HIGH_tinytpu_isa_dma_ld_0_1_1828
dma_ld_0_1_U0/clk_gate_rbA_U_ram_reg_793_       3.9900     0.0      0.0000       3.9900 0.0000 SNPS_CLOCK_GATE_HIGH_tinytpu_isa_dma_ld_0_1_1829
dma_ld_0_1_U0/clk_gate_rbA_U_ram_reg_794_       3.9900     0.0      0.0000       3.9900 0.0000 SNPS_CLOCK_GATE_HIGH_tinytpu_isa_dma_ld_0_1_1830
dma_ld_0_1_U0/clk_gate_rbA_U_ram_reg_795_       3.9900     0.0      0.0000       3.9900 0.0000 SNPS_CLOCK_GATE_HIGH_tinytpu_isa_dma_ld_0_1_1831
dma_ld_0_1_U0/clk_gate_rbA_U_ram_reg_796_       3.9900     0.0      0.0000       3.9900 0.0000 SNPS_CLOCK_GATE_HIGH_tinytpu_isa_dma_ld_0_1_1832
dma_ld_0_1_U0/clk_gate_rbA_U_ram_reg_797_       3.9900     0.0      0.0000       3.9900 0.0000 SNPS_CLOCK_GATE_HIGH_tinytpu_isa_dma_ld_0_1_1833
dma_ld_0_1_U0/clk_gate_rbA_U_ram_reg_798_       3.9900     0.0      0.0000       3.9900 0.0000 SNPS_CLOCK_GATE_HIGH_tinytpu_isa_dma_ld_0_1_1834
dma_ld_0_1_U0/clk_gate_rbA_U_ram_reg_799_       3.9900     0.0      0.0000       3.9900 0.0000 SNPS_CLOCK_GATE_HIGH_tinytpu_isa_dma_ld_0_1_1835
dma_ld_0_1_U0/clk_gate_rbA_U_ram_reg_79_       3.9900     0.0      0.0000       3.9900 0.0000 SNPS_CLOCK_GATE_HIGH_tinytpu_isa_dma_ld_0_1_1115
dma_ld_0_1_U0/clk_gate_rbA_U_ram_reg_7_       3.9900     0.0      0.0000       3.9900 0.0000 SNPS_CLOCK_GATE_HIGH_tinytpu_isa_dma_ld_0_1_1043
dma_ld_0_1_U0/clk_gate_rbA_U_ram_reg_800_       3.9900     0.0      0.0000       3.9900 0.0000 SNPS_CLOCK_GATE_HIGH_tinytpu_isa_dma_ld_0_1_1836
dma_ld_0_1_U0/clk_gate_rbA_U_ram_reg_801_       3.9900     0.0      0.0000       3.9900 0.0000 SNPS_CLOCK_GATE_HIGH_tinytpu_isa_dma_ld_0_1_1837
dma_ld_0_1_U0/clk_gate_rbA_U_ram_reg_802_       3.9900     0.0      0.0000       3.9900 0.0000 SNPS_CLOCK_GATE_HIGH_tinytpu_isa_dma_ld_0_1_1838
dma_ld_0_1_U0/clk_gate_rbA_U_ram_reg_803_       3.9900     0.0      0.0000       3.9900 0.0000 SNPS_CLOCK_GATE_HIGH_tinytpu_isa_dma_ld_0_1_1839
dma_ld_0_1_U0/clk_gate_rbA_U_ram_reg_804_       3.9900     0.0      0.0000       3.9900 0.0000 SNPS_CLOCK_GATE_HIGH_tinytpu_isa_dma_ld_0_1_1840
dma_ld_0_1_U0/clk_gate_rbA_U_ram_reg_805_       3.9900     0.0      0.0000       3.9900 0.0000 SNPS_CLOCK_GATE_HIGH_tinytpu_isa_dma_ld_0_1_1841
dma_ld_0_1_U0/clk_gate_rbA_U_ram_reg_806_       3.9900     0.0      0.0000       3.9900 0.0000 SNPS_CLOCK_GATE_HIGH_tinytpu_isa_dma_ld_0_1_1842
dma_ld_0_1_U0/clk_gate_rbA_U_ram_reg_807_       3.9900     0.0      0.0000       3.9900 0.0000 SNPS_CLOCK_GATE_HIGH_tinytpu_isa_dma_ld_0_1_1843
dma_ld_0_1_U0/clk_gate_rbA_U_ram_reg_808_       3.9900     0.0      0.0000       3.9900 0.0000 SNPS_CLOCK_GATE_HIGH_tinytpu_isa_dma_ld_0_1_1844
dma_ld_0_1_U0/clk_gate_rbA_U_ram_reg_809_       3.9900     0.0      0.0000       3.9900 0.0000 SNPS_CLOCK_GATE_HIGH_tinytpu_isa_dma_ld_0_1_1845
dma_ld_0_1_U0/clk_gate_rbA_U_ram_reg_80_       3.9900     0.0      0.0000       3.9900 0.0000 SNPS_CLOCK_GATE_HIGH_tinytpu_isa_dma_ld_0_1_1116
dma_ld_0_1_U0/clk_gate_rbA_U_ram_reg_810_       3.9900     0.0      0.0000       3.9900 0.0000 SNPS_CLOCK_GATE_HIGH_tinytpu_isa_dma_ld_0_1_1846
dma_ld_0_1_U0/clk_gate_rbA_U_ram_reg_811_       3.9900     0.0      0.0000       3.9900 0.0000 SNPS_CLOCK_GATE_HIGH_tinytpu_isa_dma_ld_0_1_1847
dma_ld_0_1_U0/clk_gate_rbA_U_ram_reg_812_       3.9900     0.0      0.0000       3.9900 0.0000 SNPS_CLOCK_GATE_HIGH_tinytpu_isa_dma_ld_0_1_1848
dma_ld_0_1_U0/clk_gate_rbA_U_ram_reg_813_       3.9900     0.0      0.0000       3.9900 0.0000 SNPS_CLOCK_GATE_HIGH_tinytpu_isa_dma_ld_0_1_1849
dma_ld_0_1_U0/clk_gate_rbA_U_ram_reg_814_       3.9900     0.0      0.0000       3.9900 0.0000 SNPS_CLOCK_GATE_HIGH_tinytpu_isa_dma_ld_0_1_1850
dma_ld_0_1_U0/clk_gate_rbA_U_ram_reg_815_       3.9900     0.0      0.0000       3.9900 0.0000 SNPS_CLOCK_GATE_HIGH_tinytpu_isa_dma_ld_0_1_1851
dma_ld_0_1_U0/clk_gate_rbA_U_ram_reg_816_       3.9900     0.0      0.0000       3.9900 0.0000 SNPS_CLOCK_GATE_HIGH_tinytpu_isa_dma_ld_0_1_1852
dma_ld_0_1_U0/clk_gate_rbA_U_ram_reg_817_       3.9900     0.0      0.0000       3.9900 0.0000 SNPS_CLOCK_GATE_HIGH_tinytpu_isa_dma_ld_0_1_1853
dma_ld_0_1_U0/clk_gate_rbA_U_ram_reg_818_       3.9900     0.0      0.0000       3.9900 0.0000 SNPS_CLOCK_GATE_HIGH_tinytpu_isa_dma_ld_0_1_1854
dma_ld_0_1_U0/clk_gate_rbA_U_ram_reg_819_       3.9900     0.0      0.0000       3.9900 0.0000 SNPS_CLOCK_GATE_HIGH_tinytpu_isa_dma_ld_0_1_1855
dma_ld_0_1_U0/clk_gate_rbA_U_ram_reg_81_       3.9900     0.0      0.0000       3.9900 0.0000 SNPS_CLOCK_GATE_HIGH_tinytpu_isa_dma_ld_0_1_1117
dma_ld_0_1_U0/clk_gate_rbA_U_ram_reg_820_       3.9900     0.0      0.0000       3.9900 0.0000 SNPS_CLOCK_GATE_HIGH_tinytpu_isa_dma_ld_0_1_1856
dma_ld_0_1_U0/clk_gate_rbA_U_ram_reg_821_       3.9900     0.0      0.0000       3.9900 0.0000 SNPS_CLOCK_GATE_HIGH_tinytpu_isa_dma_ld_0_1_1857
dma_ld_0_1_U0/clk_gate_rbA_U_ram_reg_822_       3.9900     0.0      0.0000       3.9900 0.0000 SNPS_CLOCK_GATE_HIGH_tinytpu_isa_dma_ld_0_1_1858
dma_ld_0_1_U0/clk_gate_rbA_U_ram_reg_823_       3.9900     0.0      0.0000       3.9900 0.0000 SNPS_CLOCK_GATE_HIGH_tinytpu_isa_dma_ld_0_1_1859
dma_ld_0_1_U0/clk_gate_rbA_U_ram_reg_824_       3.9900     0.0      0.0000       3.9900 0.0000 SNPS_CLOCK_GATE_HIGH_tinytpu_isa_dma_ld_0_1_1860
dma_ld_0_1_U0/clk_gate_rbA_U_ram_reg_825_       3.9900     0.0      0.0000       3.9900 0.0000 SNPS_CLOCK_GATE_HIGH_tinytpu_isa_dma_ld_0_1_1861
dma_ld_0_1_U0/clk_gate_rbA_U_ram_reg_826_       3.9900     0.0      0.0000       3.9900 0.0000 SNPS_CLOCK_GATE_HIGH_tinytpu_isa_dma_ld_0_1_1862
dma_ld_0_1_U0/clk_gate_rbA_U_ram_reg_827_       3.9900     0.0      0.0000       3.9900 0.0000 SNPS_CLOCK_GATE_HIGH_tinytpu_isa_dma_ld_0_1_1863
dma_ld_0_1_U0/clk_gate_rbA_U_ram_reg_828_       3.9900     0.0      0.0000       3.9900 0.0000 SNPS_CLOCK_GATE_HIGH_tinytpu_isa_dma_ld_0_1_1864
dma_ld_0_1_U0/clk_gate_rbA_U_ram_reg_829_       3.9900     0.0      0.0000       3.9900 0.0000 SNPS_CLOCK_GATE_HIGH_tinytpu_isa_dma_ld_0_1_1865
dma_ld_0_1_U0/clk_gate_rbA_U_ram_reg_82_       3.9900     0.0      0.0000       3.9900 0.0000 SNPS_CLOCK_GATE_HIGH_tinytpu_isa_dma_ld_0_1_1118
dma_ld_0_1_U0/clk_gate_rbA_U_ram_reg_830_       3.9900     0.0      0.0000       3.9900 0.0000 SNPS_CLOCK_GATE_HIGH_tinytpu_isa_dma_ld_0_1_1866
dma_ld_0_1_U0/clk_gate_rbA_U_ram_reg_831_       3.9900     0.0      0.0000       3.9900 0.0000 SNPS_CLOCK_GATE_HIGH_tinytpu_isa_dma_ld_0_1_1867
dma_ld_0_1_U0/clk_gate_rbA_U_ram_reg_832_       3.9900     0.0      0.0000       3.9900 0.0000 SNPS_CLOCK_GATE_HIGH_tinytpu_isa_dma_ld_0_1_1868
dma_ld_0_1_U0/clk_gate_rbA_U_ram_reg_833_       3.9900     0.0      0.0000       3.9900 0.0000 SNPS_CLOCK_GATE_HIGH_tinytpu_isa_dma_ld_0_1_1869
dma_ld_0_1_U0/clk_gate_rbA_U_ram_reg_834_       3.9900     0.0      0.0000       3.9900 0.0000 SNPS_CLOCK_GATE_HIGH_tinytpu_isa_dma_ld_0_1_1870
dma_ld_0_1_U0/clk_gate_rbA_U_ram_reg_835_       3.9900     0.0      0.0000       3.9900 0.0000 SNPS_CLOCK_GATE_HIGH_tinytpu_isa_dma_ld_0_1_1871
dma_ld_0_1_U0/clk_gate_rbA_U_ram_reg_836_       3.9900     0.0      0.0000       3.9900 0.0000 SNPS_CLOCK_GATE_HIGH_tinytpu_isa_dma_ld_0_1_1872
dma_ld_0_1_U0/clk_gate_rbA_U_ram_reg_837_       3.9900     0.0      0.0000       3.9900 0.0000 SNPS_CLOCK_GATE_HIGH_tinytpu_isa_dma_ld_0_1_1873
dma_ld_0_1_U0/clk_gate_rbA_U_ram_reg_838_       3.9900     0.0      0.0000       3.9900 0.0000 SNPS_CLOCK_GATE_HIGH_tinytpu_isa_dma_ld_0_1_1874
dma_ld_0_1_U0/clk_gate_rbA_U_ram_reg_839_       3.9900     0.0      0.0000       3.9900 0.0000 SNPS_CLOCK_GATE_HIGH_tinytpu_isa_dma_ld_0_1_1875
dma_ld_0_1_U0/clk_gate_rbA_U_ram_reg_83_       3.9900     0.0      0.0000       3.9900 0.0000 SNPS_CLOCK_GATE_HIGH_tinytpu_isa_dma_ld_0_1_1119
dma_ld_0_1_U0/clk_gate_rbA_U_ram_reg_840_       3.9900     0.0      0.0000       3.9900 0.0000 SNPS_CLOCK_GATE_HIGH_tinytpu_isa_dma_ld_0_1_1876
dma_ld_0_1_U0/clk_gate_rbA_U_ram_reg_841_       3.9900     0.0      0.0000       3.9900 0.0000 SNPS_CLOCK_GATE_HIGH_tinytpu_isa_dma_ld_0_1_1877
dma_ld_0_1_U0/clk_gate_rbA_U_ram_reg_842_       3.9900     0.0      0.0000       3.9900 0.0000 SNPS_CLOCK_GATE_HIGH_tinytpu_isa_dma_ld_0_1_1878
dma_ld_0_1_U0/clk_gate_rbA_U_ram_reg_843_       3.9900     0.0      0.0000       3.9900 0.0000 SNPS_CLOCK_GATE_HIGH_tinytpu_isa_dma_ld_0_1_1879
dma_ld_0_1_U0/clk_gate_rbA_U_ram_reg_844_       3.9900     0.0      0.0000       3.9900 0.0000 SNPS_CLOCK_GATE_HIGH_tinytpu_isa_dma_ld_0_1_1880
dma_ld_0_1_U0/clk_gate_rbA_U_ram_reg_845_       3.9900     0.0      0.0000       3.9900 0.0000 SNPS_CLOCK_GATE_HIGH_tinytpu_isa_dma_ld_0_1_1881
dma_ld_0_1_U0/clk_gate_rbA_U_ram_reg_846_       3.9900     0.0      0.0000       3.9900 0.0000 SNPS_CLOCK_GATE_HIGH_tinytpu_isa_dma_ld_0_1_1882
dma_ld_0_1_U0/clk_gate_rbA_U_ram_reg_847_       3.9900     0.0      0.0000       3.9900 0.0000 SNPS_CLOCK_GATE_HIGH_tinytpu_isa_dma_ld_0_1_1883
dma_ld_0_1_U0/clk_gate_rbA_U_ram_reg_848_       3.9900     0.0      0.0000       3.9900 0.0000 SNPS_CLOCK_GATE_HIGH_tinytpu_isa_dma_ld_0_1_1884
dma_ld_0_1_U0/clk_gate_rbA_U_ram_reg_849_       3.9900     0.0      0.0000       3.9900 0.0000 SNPS_CLOCK_GATE_HIGH_tinytpu_isa_dma_ld_0_1_1885
dma_ld_0_1_U0/clk_gate_rbA_U_ram_reg_84_       3.9900     0.0      0.0000       3.9900 0.0000 SNPS_CLOCK_GATE_HIGH_tinytpu_isa_dma_ld_0_1_1120
dma_ld_0_1_U0/clk_gate_rbA_U_ram_reg_850_       3.9900     0.0      0.0000       3.9900 0.0000 SNPS_CLOCK_GATE_HIGH_tinytpu_isa_dma_ld_0_1_1886
dma_ld_0_1_U0/clk_gate_rbA_U_ram_reg_851_       3.9900     0.0      0.0000       3.9900 0.0000 SNPS_CLOCK_GATE_HIGH_tinytpu_isa_dma_ld_0_1_1887
dma_ld_0_1_U0/clk_gate_rbA_U_ram_reg_852_       3.9900     0.0      0.0000       3.9900 0.0000 SNPS_CLOCK_GATE_HIGH_tinytpu_isa_dma_ld_0_1_1888
dma_ld_0_1_U0/clk_gate_rbA_U_ram_reg_853_       3.9900     0.0      0.0000       3.9900 0.0000 SNPS_CLOCK_GATE_HIGH_tinytpu_isa_dma_ld_0_1_1889
dma_ld_0_1_U0/clk_gate_rbA_U_ram_reg_854_       3.9900     0.0      0.0000       3.9900 0.0000 SNPS_CLOCK_GATE_HIGH_tinytpu_isa_dma_ld_0_1_1890
dma_ld_0_1_U0/clk_gate_rbA_U_ram_reg_855_       3.9900     0.0      0.0000       3.9900 0.0000 SNPS_CLOCK_GATE_HIGH_tinytpu_isa_dma_ld_0_1_1891
dma_ld_0_1_U0/clk_gate_rbA_U_ram_reg_856_       3.9900     0.0      0.0000       3.9900 0.0000 SNPS_CLOCK_GATE_HIGH_tinytpu_isa_dma_ld_0_1_1892
dma_ld_0_1_U0/clk_gate_rbA_U_ram_reg_857_       3.9900     0.0      0.0000       3.9900 0.0000 SNPS_CLOCK_GATE_HIGH_tinytpu_isa_dma_ld_0_1_1893
dma_ld_0_1_U0/clk_gate_rbA_U_ram_reg_858_       3.9900     0.0      0.0000       3.9900 0.0000 SNPS_CLOCK_GATE_HIGH_tinytpu_isa_dma_ld_0_1_1894
dma_ld_0_1_U0/clk_gate_rbA_U_ram_reg_859_       3.9900     0.0      0.0000       3.9900 0.0000 SNPS_CLOCK_GATE_HIGH_tinytpu_isa_dma_ld_0_1_1895
dma_ld_0_1_U0/clk_gate_rbA_U_ram_reg_85_       3.9900     0.0      0.0000       3.9900 0.0000 SNPS_CLOCK_GATE_HIGH_tinytpu_isa_dma_ld_0_1_1121
dma_ld_0_1_U0/clk_gate_rbA_U_ram_reg_860_       3.9900     0.0      0.0000       3.9900 0.0000 SNPS_CLOCK_GATE_HIGH_tinytpu_isa_dma_ld_0_1_1896
dma_ld_0_1_U0/clk_gate_rbA_U_ram_reg_861_       3.9900     0.0      0.0000       3.9900 0.0000 SNPS_CLOCK_GATE_HIGH_tinytpu_isa_dma_ld_0_1_1897
dma_ld_0_1_U0/clk_gate_rbA_U_ram_reg_862_       3.9900     0.0      0.0000       3.9900 0.0000 SNPS_CLOCK_GATE_HIGH_tinytpu_isa_dma_ld_0_1_1898
dma_ld_0_1_U0/clk_gate_rbA_U_ram_reg_863_       3.9900     0.0      0.0000       3.9900 0.0000 SNPS_CLOCK_GATE_HIGH_tinytpu_isa_dma_ld_0_1_1899
dma_ld_0_1_U0/clk_gate_rbA_U_ram_reg_864_       3.9900     0.0      0.0000       3.9900 0.0000 SNPS_CLOCK_GATE_HIGH_tinytpu_isa_dma_ld_0_1_1900
dma_ld_0_1_U0/clk_gate_rbA_U_ram_reg_865_       3.9900     0.0      0.0000       3.9900 0.0000 SNPS_CLOCK_GATE_HIGH_tinytpu_isa_dma_ld_0_1_1901
dma_ld_0_1_U0/clk_gate_rbA_U_ram_reg_866_       3.9900     0.0      0.0000       3.9900 0.0000 SNPS_CLOCK_GATE_HIGH_tinytpu_isa_dma_ld_0_1_1902
dma_ld_0_1_U0/clk_gate_rbA_U_ram_reg_867_       3.9900     0.0      0.0000       3.9900 0.0000 SNPS_CLOCK_GATE_HIGH_tinytpu_isa_dma_ld_0_1_1903
dma_ld_0_1_U0/clk_gate_rbA_U_ram_reg_868_       3.9900     0.0      0.0000       3.9900 0.0000 SNPS_CLOCK_GATE_HIGH_tinytpu_isa_dma_ld_0_1_1904
dma_ld_0_1_U0/clk_gate_rbA_U_ram_reg_869_       3.9900     0.0      0.0000       3.9900 0.0000 SNPS_CLOCK_GATE_HIGH_tinytpu_isa_dma_ld_0_1_1905
dma_ld_0_1_U0/clk_gate_rbA_U_ram_reg_86_       3.9900     0.0      0.0000       3.9900 0.0000 SNPS_CLOCK_GATE_HIGH_tinytpu_isa_dma_ld_0_1_1122
dma_ld_0_1_U0/clk_gate_rbA_U_ram_reg_870_       3.9900     0.0      0.0000       3.9900 0.0000 SNPS_CLOCK_GATE_HIGH_tinytpu_isa_dma_ld_0_1_1906
dma_ld_0_1_U0/clk_gate_rbA_U_ram_reg_871_       3.9900     0.0      0.0000       3.9900 0.0000 SNPS_CLOCK_GATE_HIGH_tinytpu_isa_dma_ld_0_1_1907
dma_ld_0_1_U0/clk_gate_rbA_U_ram_reg_872_       3.9900     0.0      0.0000       3.9900 0.0000 SNPS_CLOCK_GATE_HIGH_tinytpu_isa_dma_ld_0_1_1908
dma_ld_0_1_U0/clk_gate_rbA_U_ram_reg_873_       3.9900     0.0      0.0000       3.9900 0.0000 SNPS_CLOCK_GATE_HIGH_tinytpu_isa_dma_ld_0_1_1909
dma_ld_0_1_U0/clk_gate_rbA_U_ram_reg_874_       3.9900     0.0      0.0000       3.9900 0.0000 SNPS_CLOCK_GATE_HIGH_tinytpu_isa_dma_ld_0_1_1910
dma_ld_0_1_U0/clk_gate_rbA_U_ram_reg_875_       3.9900     0.0      0.0000       3.9900 0.0000 SNPS_CLOCK_GATE_HIGH_tinytpu_isa_dma_ld_0_1_1911
dma_ld_0_1_U0/clk_gate_rbA_U_ram_reg_876_       3.9900     0.0      0.0000       3.9900 0.0000 SNPS_CLOCK_GATE_HIGH_tinytpu_isa_dma_ld_0_1_1912
dma_ld_0_1_U0/clk_gate_rbA_U_ram_reg_877_       3.9900     0.0      0.0000       3.9900 0.0000 SNPS_CLOCK_GATE_HIGH_tinytpu_isa_dma_ld_0_1_1913
dma_ld_0_1_U0/clk_gate_rbA_U_ram_reg_878_       3.9900     0.0      0.0000       3.9900 0.0000 SNPS_CLOCK_GATE_HIGH_tinytpu_isa_dma_ld_0_1_1914
dma_ld_0_1_U0/clk_gate_rbA_U_ram_reg_879_       3.9900     0.0      0.0000       3.9900 0.0000 SNPS_CLOCK_GATE_HIGH_tinytpu_isa_dma_ld_0_1_1915
dma_ld_0_1_U0/clk_gate_rbA_U_ram_reg_87_       3.9900     0.0      0.0000       3.9900 0.0000 SNPS_CLOCK_GATE_HIGH_tinytpu_isa_dma_ld_0_1_1123
dma_ld_0_1_U0/clk_gate_rbA_U_ram_reg_880_       3.9900     0.0      0.0000       3.9900 0.0000 SNPS_CLOCK_GATE_HIGH_tinytpu_isa_dma_ld_0_1_1916
dma_ld_0_1_U0/clk_gate_rbA_U_ram_reg_881_       3.9900     0.0      0.0000       3.9900 0.0000 SNPS_CLOCK_GATE_HIGH_tinytpu_isa_dma_ld_0_1_1917
dma_ld_0_1_U0/clk_gate_rbA_U_ram_reg_882_       3.9900     0.0      0.0000       3.9900 0.0000 SNPS_CLOCK_GATE_HIGH_tinytpu_isa_dma_ld_0_1_1918
dma_ld_0_1_U0/clk_gate_rbA_U_ram_reg_883_       3.9900     0.0      0.0000       3.9900 0.0000 SNPS_CLOCK_GATE_HIGH_tinytpu_isa_dma_ld_0_1_1919
dma_ld_0_1_U0/clk_gate_rbA_U_ram_reg_884_       3.9900     0.0      0.0000       3.9900 0.0000 SNPS_CLOCK_GATE_HIGH_tinytpu_isa_dma_ld_0_1_1920
dma_ld_0_1_U0/clk_gate_rbA_U_ram_reg_885_       3.9900     0.0      0.0000       3.9900 0.0000 SNPS_CLOCK_GATE_HIGH_tinytpu_isa_dma_ld_0_1_1921
dma_ld_0_1_U0/clk_gate_rbA_U_ram_reg_886_       3.9900     0.0      0.0000       3.9900 0.0000 SNPS_CLOCK_GATE_HIGH_tinytpu_isa_dma_ld_0_1_1922
dma_ld_0_1_U0/clk_gate_rbA_U_ram_reg_887_       3.9900     0.0      0.0000       3.9900 0.0000 SNPS_CLOCK_GATE_HIGH_tinytpu_isa_dma_ld_0_1_1923
dma_ld_0_1_U0/clk_gate_rbA_U_ram_reg_888_       3.9900     0.0      0.0000       3.9900 0.0000 SNPS_CLOCK_GATE_HIGH_tinytpu_isa_dma_ld_0_1_1924
dma_ld_0_1_U0/clk_gate_rbA_U_ram_reg_889_       3.9900     0.0      0.0000       3.9900 0.0000 SNPS_CLOCK_GATE_HIGH_tinytpu_isa_dma_ld_0_1_1925
dma_ld_0_1_U0/clk_gate_rbA_U_ram_reg_88_       3.9900     0.0      0.0000       3.9900 0.0000 SNPS_CLOCK_GATE_HIGH_tinytpu_isa_dma_ld_0_1_1124
dma_ld_0_1_U0/clk_gate_rbA_U_ram_reg_890_       3.9900     0.0      0.0000       3.9900 0.0000 SNPS_CLOCK_GATE_HIGH_tinytpu_isa_dma_ld_0_1_1926
dma_ld_0_1_U0/clk_gate_rbA_U_ram_reg_891_       3.9900     0.0      0.0000       3.9900 0.0000 SNPS_CLOCK_GATE_HIGH_tinytpu_isa_dma_ld_0_1_1927
dma_ld_0_1_U0/clk_gate_rbA_U_ram_reg_892_       3.9900     0.0      0.0000       3.9900 0.0000 SNPS_CLOCK_GATE_HIGH_tinytpu_isa_dma_ld_0_1_1928
dma_ld_0_1_U0/clk_gate_rbA_U_ram_reg_893_       3.9900     0.0      0.0000       3.9900 0.0000 SNPS_CLOCK_GATE_HIGH_tinytpu_isa_dma_ld_0_1_1929
dma_ld_0_1_U0/clk_gate_rbA_U_ram_reg_894_       3.9900     0.0      0.0000       3.9900 0.0000 SNPS_CLOCK_GATE_HIGH_tinytpu_isa_dma_ld_0_1_1930
dma_ld_0_1_U0/clk_gate_rbA_U_ram_reg_895_       3.9900     0.0      0.0000       3.9900 0.0000 SNPS_CLOCK_GATE_HIGH_tinytpu_isa_dma_ld_0_1_1931
dma_ld_0_1_U0/clk_gate_rbA_U_ram_reg_896_       3.9900     0.0      0.0000       3.9900 0.0000 SNPS_CLOCK_GATE_HIGH_tinytpu_isa_dma_ld_0_1_1932
dma_ld_0_1_U0/clk_gate_rbA_U_ram_reg_897_       3.9900     0.0      0.0000       3.9900 0.0000 SNPS_CLOCK_GATE_HIGH_tinytpu_isa_dma_ld_0_1_1933
dma_ld_0_1_U0/clk_gate_rbA_U_ram_reg_898_       3.9900     0.0      0.0000       3.9900 0.0000 SNPS_CLOCK_GATE_HIGH_tinytpu_isa_dma_ld_0_1_1934
dma_ld_0_1_U0/clk_gate_rbA_U_ram_reg_899_       3.9900     0.0      0.0000       3.9900 0.0000 SNPS_CLOCK_GATE_HIGH_tinytpu_isa_dma_ld_0_1_1935
dma_ld_0_1_U0/clk_gate_rbA_U_ram_reg_89_       3.9900     0.0      0.0000       3.9900 0.0000 SNPS_CLOCK_GATE_HIGH_tinytpu_isa_dma_ld_0_1_1125
dma_ld_0_1_U0/clk_gate_rbA_U_ram_reg_8_       3.9900     0.0      0.0000       3.9900 0.0000 SNPS_CLOCK_GATE_HIGH_tinytpu_isa_dma_ld_0_1_1044
dma_ld_0_1_U0/clk_gate_rbA_U_ram_reg_900_       3.9900     0.0      0.0000       3.9900 0.0000 SNPS_CLOCK_GATE_HIGH_tinytpu_isa_dma_ld_0_1_1936
dma_ld_0_1_U0/clk_gate_rbA_U_ram_reg_901_       3.9900     0.0      0.0000       3.9900 0.0000 SNPS_CLOCK_GATE_HIGH_tinytpu_isa_dma_ld_0_1_1937
dma_ld_0_1_U0/clk_gate_rbA_U_ram_reg_902_       3.9900     0.0      0.0000       3.9900 0.0000 SNPS_CLOCK_GATE_HIGH_tinytpu_isa_dma_ld_0_1_1938
dma_ld_0_1_U0/clk_gate_rbA_U_ram_reg_903_       3.9900     0.0      0.0000       3.9900 0.0000 SNPS_CLOCK_GATE_HIGH_tinytpu_isa_dma_ld_0_1_1939
dma_ld_0_1_U0/clk_gate_rbA_U_ram_reg_904_       3.9900     0.0      0.0000       3.9900 0.0000 SNPS_CLOCK_GATE_HIGH_tinytpu_isa_dma_ld_0_1_1940
dma_ld_0_1_U0/clk_gate_rbA_U_ram_reg_905_       3.9900     0.0      0.0000       3.9900 0.0000 SNPS_CLOCK_GATE_HIGH_tinytpu_isa_dma_ld_0_1_1941
dma_ld_0_1_U0/clk_gate_rbA_U_ram_reg_906_       3.9900     0.0      0.0000       3.9900 0.0000 SNPS_CLOCK_GATE_HIGH_tinytpu_isa_dma_ld_0_1_1942
dma_ld_0_1_U0/clk_gate_rbA_U_ram_reg_907_       3.9900     0.0      0.0000       3.9900 0.0000 SNPS_CLOCK_GATE_HIGH_tinytpu_isa_dma_ld_0_1_1943
dma_ld_0_1_U0/clk_gate_rbA_U_ram_reg_908_       3.9900     0.0      0.0000       3.9900 0.0000 SNPS_CLOCK_GATE_HIGH_tinytpu_isa_dma_ld_0_1_1944
dma_ld_0_1_U0/clk_gate_rbA_U_ram_reg_909_       3.9900     0.0      0.0000       3.9900 0.0000 SNPS_CLOCK_GATE_HIGH_tinytpu_isa_dma_ld_0_1_1945
dma_ld_0_1_U0/clk_gate_rbA_U_ram_reg_90_       3.9900     0.0      0.0000       3.9900 0.0000 SNPS_CLOCK_GATE_HIGH_tinytpu_isa_dma_ld_0_1_1126
dma_ld_0_1_U0/clk_gate_rbA_U_ram_reg_910_       3.9900     0.0      0.0000       3.9900 0.0000 SNPS_CLOCK_GATE_HIGH_tinytpu_isa_dma_ld_0_1_1946
dma_ld_0_1_U0/clk_gate_rbA_U_ram_reg_911_       3.9900     0.0      0.0000       3.9900 0.0000 SNPS_CLOCK_GATE_HIGH_tinytpu_isa_dma_ld_0_1_1947
dma_ld_0_1_U0/clk_gate_rbA_U_ram_reg_912_       3.9900     0.0      0.0000       3.9900 0.0000 SNPS_CLOCK_GATE_HIGH_tinytpu_isa_dma_ld_0_1_1948
dma_ld_0_1_U0/clk_gate_rbA_U_ram_reg_913_       3.9900     0.0      0.0000       3.9900 0.0000 SNPS_CLOCK_GATE_HIGH_tinytpu_isa_dma_ld_0_1_1949
dma_ld_0_1_U0/clk_gate_rbA_U_ram_reg_914_       3.9900     0.0      0.0000       3.9900 0.0000 SNPS_CLOCK_GATE_HIGH_tinytpu_isa_dma_ld_0_1_1950
dma_ld_0_1_U0/clk_gate_rbA_U_ram_reg_915_       3.9900     0.0      0.0000       3.9900 0.0000 SNPS_CLOCK_GATE_HIGH_tinytpu_isa_dma_ld_0_1_1951
dma_ld_0_1_U0/clk_gate_rbA_U_ram_reg_916_       3.9900     0.0      0.0000       3.9900 0.0000 SNPS_CLOCK_GATE_HIGH_tinytpu_isa_dma_ld_0_1_1952
dma_ld_0_1_U0/clk_gate_rbA_U_ram_reg_917_       3.9900     0.0      0.0000       3.9900 0.0000 SNPS_CLOCK_GATE_HIGH_tinytpu_isa_dma_ld_0_1_1953
dma_ld_0_1_U0/clk_gate_rbA_U_ram_reg_918_       3.9900     0.0      0.0000       3.9900 0.0000 SNPS_CLOCK_GATE_HIGH_tinytpu_isa_dma_ld_0_1_1954
dma_ld_0_1_U0/clk_gate_rbA_U_ram_reg_919_       3.9900     0.0      0.0000       3.9900 0.0000 SNPS_CLOCK_GATE_HIGH_tinytpu_isa_dma_ld_0_1_1955
dma_ld_0_1_U0/clk_gate_rbA_U_ram_reg_91_       3.9900     0.0      0.0000       3.9900 0.0000 SNPS_CLOCK_GATE_HIGH_tinytpu_isa_dma_ld_0_1_1127
dma_ld_0_1_U0/clk_gate_rbA_U_ram_reg_920_       3.9900     0.0      0.0000       3.9900 0.0000 SNPS_CLOCK_GATE_HIGH_tinytpu_isa_dma_ld_0_1_1956
dma_ld_0_1_U0/clk_gate_rbA_U_ram_reg_921_       3.9900     0.0      0.0000       3.9900 0.0000 SNPS_CLOCK_GATE_HIGH_tinytpu_isa_dma_ld_0_1_1957
dma_ld_0_1_U0/clk_gate_rbA_U_ram_reg_922_       3.9900     0.0      0.0000       3.9900 0.0000 SNPS_CLOCK_GATE_HIGH_tinytpu_isa_dma_ld_0_1_1958
dma_ld_0_1_U0/clk_gate_rbA_U_ram_reg_923_       3.9900     0.0      0.0000       3.9900 0.0000 SNPS_CLOCK_GATE_HIGH_tinytpu_isa_dma_ld_0_1_1959
dma_ld_0_1_U0/clk_gate_rbA_U_ram_reg_924_       3.9900     0.0      0.0000       3.9900 0.0000 SNPS_CLOCK_GATE_HIGH_tinytpu_isa_dma_ld_0_1_1960
dma_ld_0_1_U0/clk_gate_rbA_U_ram_reg_925_       3.9900     0.0      0.0000       3.9900 0.0000 SNPS_CLOCK_GATE_HIGH_tinytpu_isa_dma_ld_0_1_1961
dma_ld_0_1_U0/clk_gate_rbA_U_ram_reg_926_       3.9900     0.0      0.0000       3.9900 0.0000 SNPS_CLOCK_GATE_HIGH_tinytpu_isa_dma_ld_0_1_1962
dma_ld_0_1_U0/clk_gate_rbA_U_ram_reg_927_       3.9900     0.0      0.0000       3.9900 0.0000 SNPS_CLOCK_GATE_HIGH_tinytpu_isa_dma_ld_0_1_1963
dma_ld_0_1_U0/clk_gate_rbA_U_ram_reg_928_       3.9900     0.0      0.0000       3.9900 0.0000 SNPS_CLOCK_GATE_HIGH_tinytpu_isa_dma_ld_0_1_1964
dma_ld_0_1_U0/clk_gate_rbA_U_ram_reg_929_       3.9900     0.0      0.0000       3.9900 0.0000 SNPS_CLOCK_GATE_HIGH_tinytpu_isa_dma_ld_0_1_1965
dma_ld_0_1_U0/clk_gate_rbA_U_ram_reg_92_       3.9900     0.0      0.0000       3.9900 0.0000 SNPS_CLOCK_GATE_HIGH_tinytpu_isa_dma_ld_0_1_1128
dma_ld_0_1_U0/clk_gate_rbA_U_ram_reg_930_       3.9900     0.0      0.0000       3.9900 0.0000 SNPS_CLOCK_GATE_HIGH_tinytpu_isa_dma_ld_0_1_1966
dma_ld_0_1_U0/clk_gate_rbA_U_ram_reg_931_       3.9900     0.0      0.0000       3.9900 0.0000 SNPS_CLOCK_GATE_HIGH_tinytpu_isa_dma_ld_0_1_1967
dma_ld_0_1_U0/clk_gate_rbA_U_ram_reg_932_       3.9900     0.0      0.0000       3.9900 0.0000 SNPS_CLOCK_GATE_HIGH_tinytpu_isa_dma_ld_0_1_1968
dma_ld_0_1_U0/clk_gate_rbA_U_ram_reg_933_       3.9900     0.0      0.0000       3.9900 0.0000 SNPS_CLOCK_GATE_HIGH_tinytpu_isa_dma_ld_0_1_1969
dma_ld_0_1_U0/clk_gate_rbA_U_ram_reg_934_       3.9900     0.0      0.0000       3.9900 0.0000 SNPS_CLOCK_GATE_HIGH_tinytpu_isa_dma_ld_0_1_1970
dma_ld_0_1_U0/clk_gate_rbA_U_ram_reg_935_       3.9900     0.0      0.0000       3.9900 0.0000 SNPS_CLOCK_GATE_HIGH_tinytpu_isa_dma_ld_0_1_1971
dma_ld_0_1_U0/clk_gate_rbA_U_ram_reg_936_       3.9900     0.0      0.0000       3.9900 0.0000 SNPS_CLOCK_GATE_HIGH_tinytpu_isa_dma_ld_0_1_1972
dma_ld_0_1_U0/clk_gate_rbA_U_ram_reg_937_       3.9900     0.0      0.0000       3.9900 0.0000 SNPS_CLOCK_GATE_HIGH_tinytpu_isa_dma_ld_0_1_1973
dma_ld_0_1_U0/clk_gate_rbA_U_ram_reg_938_       3.9900     0.0      0.0000       3.9900 0.0000 SNPS_CLOCK_GATE_HIGH_tinytpu_isa_dma_ld_0_1_1974
dma_ld_0_1_U0/clk_gate_rbA_U_ram_reg_939_       3.9900     0.0      0.0000       3.9900 0.0000 SNPS_CLOCK_GATE_HIGH_tinytpu_isa_dma_ld_0_1_1975
dma_ld_0_1_U0/clk_gate_rbA_U_ram_reg_93_       3.9900     0.0      0.0000       3.9900 0.0000 SNPS_CLOCK_GATE_HIGH_tinytpu_isa_dma_ld_0_1_1129
dma_ld_0_1_U0/clk_gate_rbA_U_ram_reg_940_       3.9900     0.0      0.0000       3.9900 0.0000 SNPS_CLOCK_GATE_HIGH_tinytpu_isa_dma_ld_0_1_1976
dma_ld_0_1_U0/clk_gate_rbA_U_ram_reg_941_       3.9900     0.0      0.0000       3.9900 0.0000 SNPS_CLOCK_GATE_HIGH_tinytpu_isa_dma_ld_0_1_1977
dma_ld_0_1_U0/clk_gate_rbA_U_ram_reg_942_       3.9900     0.0      0.0000       3.9900 0.0000 SNPS_CLOCK_GATE_HIGH_tinytpu_isa_dma_ld_0_1_1978
dma_ld_0_1_U0/clk_gate_rbA_U_ram_reg_943_       3.9900     0.0      0.0000       3.9900 0.0000 SNPS_CLOCK_GATE_HIGH_tinytpu_isa_dma_ld_0_1_1979
dma_ld_0_1_U0/clk_gate_rbA_U_ram_reg_944_       3.9900     0.0      0.0000       3.9900 0.0000 SNPS_CLOCK_GATE_HIGH_tinytpu_isa_dma_ld_0_1_1980
dma_ld_0_1_U0/clk_gate_rbA_U_ram_reg_945_       3.9900     0.0      0.0000       3.9900 0.0000 SNPS_CLOCK_GATE_HIGH_tinytpu_isa_dma_ld_0_1_1981
dma_ld_0_1_U0/clk_gate_rbA_U_ram_reg_946_       3.9900     0.0      0.0000       3.9900 0.0000 SNPS_CLOCK_GATE_HIGH_tinytpu_isa_dma_ld_0_1_1982
dma_ld_0_1_U0/clk_gate_rbA_U_ram_reg_947_       3.9900     0.0      0.0000       3.9900 0.0000 SNPS_CLOCK_GATE_HIGH_tinytpu_isa_dma_ld_0_1_1983
dma_ld_0_1_U0/clk_gate_rbA_U_ram_reg_948_       3.9900     0.0      0.0000       3.9900 0.0000 SNPS_CLOCK_GATE_HIGH_tinytpu_isa_dma_ld_0_1_1984
dma_ld_0_1_U0/clk_gate_rbA_U_ram_reg_949_       3.9900     0.0      0.0000       3.9900 0.0000 SNPS_CLOCK_GATE_HIGH_tinytpu_isa_dma_ld_0_1_1985
dma_ld_0_1_U0/clk_gate_rbA_U_ram_reg_94_       3.9900     0.0      0.0000       3.9900 0.0000 SNPS_CLOCK_GATE_HIGH_tinytpu_isa_dma_ld_0_1_1130
dma_ld_0_1_U0/clk_gate_rbA_U_ram_reg_950_       3.9900     0.0      0.0000       3.9900 0.0000 SNPS_CLOCK_GATE_HIGH_tinytpu_isa_dma_ld_0_1_1986
dma_ld_0_1_U0/clk_gate_rbA_U_ram_reg_951_       3.9900     0.0      0.0000       3.9900 0.0000 SNPS_CLOCK_GATE_HIGH_tinytpu_isa_dma_ld_0_1_1987
dma_ld_0_1_U0/clk_gate_rbA_U_ram_reg_952_       3.9900     0.0      0.0000       3.9900 0.0000 SNPS_CLOCK_GATE_HIGH_tinytpu_isa_dma_ld_0_1_1988
dma_ld_0_1_U0/clk_gate_rbA_U_ram_reg_953_       3.9900     0.0      0.0000       3.9900 0.0000 SNPS_CLOCK_GATE_HIGH_tinytpu_isa_dma_ld_0_1_1989
dma_ld_0_1_U0/clk_gate_rbA_U_ram_reg_954_       3.9900     0.0      0.0000       3.9900 0.0000 SNPS_CLOCK_GATE_HIGH_tinytpu_isa_dma_ld_0_1_1990
dma_ld_0_1_U0/clk_gate_rbA_U_ram_reg_955_       3.9900     0.0      0.0000       3.9900 0.0000 SNPS_CLOCK_GATE_HIGH_tinytpu_isa_dma_ld_0_1_1991
dma_ld_0_1_U0/clk_gate_rbA_U_ram_reg_956_       3.9900     0.0      0.0000       3.9900 0.0000 SNPS_CLOCK_GATE_HIGH_tinytpu_isa_dma_ld_0_1_1992
dma_ld_0_1_U0/clk_gate_rbA_U_ram_reg_957_       3.9900     0.0      0.0000       3.9900 0.0000 SNPS_CLOCK_GATE_HIGH_tinytpu_isa_dma_ld_0_1_1993
dma_ld_0_1_U0/clk_gate_rbA_U_ram_reg_958_       3.9900     0.0      0.0000       3.9900 0.0000 SNPS_CLOCK_GATE_HIGH_tinytpu_isa_dma_ld_0_1_1994
dma_ld_0_1_U0/clk_gate_rbA_U_ram_reg_959_       3.9900     0.0      0.0000       3.9900 0.0000 SNPS_CLOCK_GATE_HIGH_tinytpu_isa_dma_ld_0_1_1995
dma_ld_0_1_U0/clk_gate_rbA_U_ram_reg_95_       3.9900     0.0      0.0000       3.9900 0.0000 SNPS_CLOCK_GATE_HIGH_tinytpu_isa_dma_ld_0_1_1131
dma_ld_0_1_U0/clk_gate_rbA_U_ram_reg_960_       3.9900     0.0      0.0000       3.9900 0.0000 SNPS_CLOCK_GATE_HIGH_tinytpu_isa_dma_ld_0_1_1996
dma_ld_0_1_U0/clk_gate_rbA_U_ram_reg_961_       3.9900     0.0      0.0000       3.9900 0.0000 SNPS_CLOCK_GATE_HIGH_tinytpu_isa_dma_ld_0_1_1997
dma_ld_0_1_U0/clk_gate_rbA_U_ram_reg_962_       3.9900     0.0      0.0000       3.9900 0.0000 SNPS_CLOCK_GATE_HIGH_tinytpu_isa_dma_ld_0_1_1998
dma_ld_0_1_U0/clk_gate_rbA_U_ram_reg_963_       3.9900     0.0      0.0000       3.9900 0.0000 SNPS_CLOCK_GATE_HIGH_tinytpu_isa_dma_ld_0_1_1999
dma_ld_0_1_U0/clk_gate_rbA_U_ram_reg_964_       3.9900     0.0      0.0000       3.9900 0.0000 SNPS_CLOCK_GATE_HIGH_tinytpu_isa_dma_ld_0_1_2000
dma_ld_0_1_U0/clk_gate_rbA_U_ram_reg_965_       3.9900     0.0      0.0000       3.9900 0.0000 SNPS_CLOCK_GATE_HIGH_tinytpu_isa_dma_ld_0_1_2001
dma_ld_0_1_U0/clk_gate_rbA_U_ram_reg_966_       3.9900     0.0      0.0000       3.9900 0.0000 SNPS_CLOCK_GATE_HIGH_tinytpu_isa_dma_ld_0_1_2002
dma_ld_0_1_U0/clk_gate_rbA_U_ram_reg_967_       3.9900     0.0      0.0000       3.9900 0.0000 SNPS_CLOCK_GATE_HIGH_tinytpu_isa_dma_ld_0_1_2003
dma_ld_0_1_U0/clk_gate_rbA_U_ram_reg_968_       3.9900     0.0      0.0000       3.9900 0.0000 SNPS_CLOCK_GATE_HIGH_tinytpu_isa_dma_ld_0_1_2004
dma_ld_0_1_U0/clk_gate_rbA_U_ram_reg_969_       3.9900     0.0      0.0000       3.9900 0.0000 SNPS_CLOCK_GATE_HIGH_tinytpu_isa_dma_ld_0_1_2005
dma_ld_0_1_U0/clk_gate_rbA_U_ram_reg_96_       3.9900     0.0      0.0000       3.9900 0.0000 SNPS_CLOCK_GATE_HIGH_tinytpu_isa_dma_ld_0_1_1132
dma_ld_0_1_U0/clk_gate_rbA_U_ram_reg_970_       3.9900     0.0      0.0000       3.9900 0.0000 SNPS_CLOCK_GATE_HIGH_tinytpu_isa_dma_ld_0_1_2006
dma_ld_0_1_U0/clk_gate_rbA_U_ram_reg_971_       3.9900     0.0      0.0000       3.9900 0.0000 SNPS_CLOCK_GATE_HIGH_tinytpu_isa_dma_ld_0_1_2007
dma_ld_0_1_U0/clk_gate_rbA_U_ram_reg_972_       3.9900     0.0      0.0000       3.9900 0.0000 SNPS_CLOCK_GATE_HIGH_tinytpu_isa_dma_ld_0_1_2008
dma_ld_0_1_U0/clk_gate_rbA_U_ram_reg_973_       3.9900     0.0      0.0000       3.9900 0.0000 SNPS_CLOCK_GATE_HIGH_tinytpu_isa_dma_ld_0_1_2009
dma_ld_0_1_U0/clk_gate_rbA_U_ram_reg_974_       3.9900     0.0      0.0000       3.9900 0.0000 SNPS_CLOCK_GATE_HIGH_tinytpu_isa_dma_ld_0_1_2010
dma_ld_0_1_U0/clk_gate_rbA_U_ram_reg_975_       3.9900     0.0      0.0000       3.9900 0.0000 SNPS_CLOCK_GATE_HIGH_tinytpu_isa_dma_ld_0_1_2011
dma_ld_0_1_U0/clk_gate_rbA_U_ram_reg_976_       3.9900     0.0      0.0000       3.9900 0.0000 SNPS_CLOCK_GATE_HIGH_tinytpu_isa_dma_ld_0_1_2012
dma_ld_0_1_U0/clk_gate_rbA_U_ram_reg_977_       3.9900     0.0      0.0000       3.9900 0.0000 SNPS_CLOCK_GATE_HIGH_tinytpu_isa_dma_ld_0_1_2013
dma_ld_0_1_U0/clk_gate_rbA_U_ram_reg_978_       3.9900     0.0      0.0000       3.9900 0.0000 SNPS_CLOCK_GATE_HIGH_tinytpu_isa_dma_ld_0_1_2014
dma_ld_0_1_U0/clk_gate_rbA_U_ram_reg_979_       3.9900     0.0      0.0000       3.9900 0.0000 SNPS_CLOCK_GATE_HIGH_tinytpu_isa_dma_ld_0_1_2015
dma_ld_0_1_U0/clk_gate_rbA_U_ram_reg_97_       3.9900     0.0      0.0000       3.9900 0.0000 SNPS_CLOCK_GATE_HIGH_tinytpu_isa_dma_ld_0_1_1133
dma_ld_0_1_U0/clk_gate_rbA_U_ram_reg_980_       3.9900     0.0      0.0000       3.9900 0.0000 SNPS_CLOCK_GATE_HIGH_tinytpu_isa_dma_ld_0_1_2016
dma_ld_0_1_U0/clk_gate_rbA_U_ram_reg_981_       3.9900     0.0      0.0000       3.9900 0.0000 SNPS_CLOCK_GATE_HIGH_tinytpu_isa_dma_ld_0_1_2017
dma_ld_0_1_U0/clk_gate_rbA_U_ram_reg_982_       3.9900     0.0      0.0000       3.9900 0.0000 SNPS_CLOCK_GATE_HIGH_tinytpu_isa_dma_ld_0_1_2018
dma_ld_0_1_U0/clk_gate_rbA_U_ram_reg_983_       3.9900     0.0      0.0000       3.9900 0.0000 SNPS_CLOCK_GATE_HIGH_tinytpu_isa_dma_ld_0_1_2019
dma_ld_0_1_U0/clk_gate_rbA_U_ram_reg_984_       3.9900     0.0      0.0000       3.9900 0.0000 SNPS_CLOCK_GATE_HIGH_tinytpu_isa_dma_ld_0_1_2020
dma_ld_0_1_U0/clk_gate_rbA_U_ram_reg_985_       3.9900     0.0      0.0000       3.9900 0.0000 SNPS_CLOCK_GATE_HIGH_tinytpu_isa_dma_ld_0_1_2021
dma_ld_0_1_U0/clk_gate_rbA_U_ram_reg_986_       3.9900     0.0      0.0000       3.9900 0.0000 SNPS_CLOCK_GATE_HIGH_tinytpu_isa_dma_ld_0_1_2022
dma_ld_0_1_U0/clk_gate_rbA_U_ram_reg_987_       3.9900     0.0      0.0000       3.9900 0.0000 SNPS_CLOCK_GATE_HIGH_tinytpu_isa_dma_ld_0_1_2023
dma_ld_0_1_U0/clk_gate_rbA_U_ram_reg_988_       3.9900     0.0      0.0000       3.9900 0.0000 SNPS_CLOCK_GATE_HIGH_tinytpu_isa_dma_ld_0_1_2024
dma_ld_0_1_U0/clk_gate_rbA_U_ram_reg_989_       3.9900     0.0      0.0000       3.9900 0.0000 SNPS_CLOCK_GATE_HIGH_tinytpu_isa_dma_ld_0_1_2025
dma_ld_0_1_U0/clk_gate_rbA_U_ram_reg_98_       3.9900     0.0      0.0000       3.9900 0.0000 SNPS_CLOCK_GATE_HIGH_tinytpu_isa_dma_ld_0_1_1134
dma_ld_0_1_U0/clk_gate_rbA_U_ram_reg_990_       3.9900     0.0      0.0000       3.9900 0.0000 SNPS_CLOCK_GATE_HIGH_tinytpu_isa_dma_ld_0_1_2026
dma_ld_0_1_U0/clk_gate_rbA_U_ram_reg_991_       3.9900     0.0      0.0000       3.9900 0.0000 SNPS_CLOCK_GATE_HIGH_tinytpu_isa_dma_ld_0_1_2027
dma_ld_0_1_U0/clk_gate_rbA_U_ram_reg_992_       3.9900     0.0      0.0000       3.9900 0.0000 SNPS_CLOCK_GATE_HIGH_tinytpu_isa_dma_ld_0_1_2028
dma_ld_0_1_U0/clk_gate_rbA_U_ram_reg_993_       3.9900     0.0      0.0000       3.9900 0.0000 SNPS_CLOCK_GATE_HIGH_tinytpu_isa_dma_ld_0_1_2029
dma_ld_0_1_U0/clk_gate_rbA_U_ram_reg_994_       3.9900     0.0      0.0000       3.9900 0.0000 SNPS_CLOCK_GATE_HIGH_tinytpu_isa_dma_ld_0_1_2030
dma_ld_0_1_U0/clk_gate_rbA_U_ram_reg_995_       3.9900     0.0      0.0000       3.9900 0.0000 SNPS_CLOCK_GATE_HIGH_tinytpu_isa_dma_ld_0_1_2031
dma_ld_0_1_U0/clk_gate_rbA_U_ram_reg_996_       3.9900     0.0      0.0000       3.9900 0.0000 SNPS_CLOCK_GATE_HIGH_tinytpu_isa_dma_ld_0_1_2032
dma_ld_0_1_U0/clk_gate_rbA_U_ram_reg_997_       3.9900     0.0      0.0000       3.9900 0.0000 SNPS_CLOCK_GATE_HIGH_tinytpu_isa_dma_ld_0_1_2033
dma_ld_0_1_U0/clk_gate_rbA_U_ram_reg_998_       3.9900     0.0      0.0000       3.9900 0.0000 SNPS_CLOCK_GATE_HIGH_tinytpu_isa_dma_ld_0_1_2034
dma_ld_0_1_U0/clk_gate_rbA_U_ram_reg_999_       3.9900     0.0      0.0000       3.9900 0.0000 SNPS_CLOCK_GATE_HIGH_tinytpu_isa_dma_ld_0_1_2035
dma_ld_0_1_U0/clk_gate_rbA_U_ram_reg_99_       3.9900     0.0      0.0000       3.9900 0.0000 SNPS_CLOCK_GATE_HIGH_tinytpu_isa_dma_ld_0_1_1135
dma_ld_0_1_U0/clk_gate_rbA_U_ram_reg_9_       3.9900     0.0      0.0000       3.9900 0.0000 SNPS_CLOCK_GATE_HIGH_tinytpu_isa_dma_ld_0_1_1045
dma_ld_0_1_U0/clk_gate_rbB_U_q0_reg       3.9900     0.0      0.0000        3.9900  0.0000  SNPS_CLOCK_GATE_HIGH_tinytpu_isa_dma_ld_0_1_9
dma_ld_0_1_U0/clk_gate_rbB_U_ram_reg_0_       3.9900     0.0      0.0000       3.9900 0.0000 SNPS_CLOCK_GATE_HIGH_tinytpu_isa_dma_ld_0_1_10
dma_ld_0_1_U0/clk_gate_rbB_U_ram_reg_1000_       3.9900     0.0      0.0000       3.9900 0.0000 SNPS_CLOCK_GATE_HIGH_tinytpu_isa_dma_ld_0_1_1010
dma_ld_0_1_U0/clk_gate_rbB_U_ram_reg_1001_       3.9900     0.0      0.0000       3.9900 0.0000 SNPS_CLOCK_GATE_HIGH_tinytpu_isa_dma_ld_0_1_1011
dma_ld_0_1_U0/clk_gate_rbB_U_ram_reg_1002_       3.9900     0.0      0.0000       3.9900 0.0000 SNPS_CLOCK_GATE_HIGH_tinytpu_isa_dma_ld_0_1_1012
dma_ld_0_1_U0/clk_gate_rbB_U_ram_reg_1003_       3.9900     0.0      0.0000       3.9900 0.0000 SNPS_CLOCK_GATE_HIGH_tinytpu_isa_dma_ld_0_1_1013
dma_ld_0_1_U0/clk_gate_rbB_U_ram_reg_1004_       3.9900     0.0      0.0000       3.9900 0.0000 SNPS_CLOCK_GATE_HIGH_tinytpu_isa_dma_ld_0_1_1014
dma_ld_0_1_U0/clk_gate_rbB_U_ram_reg_1005_       3.9900     0.0      0.0000       3.9900 0.0000 SNPS_CLOCK_GATE_HIGH_tinytpu_isa_dma_ld_0_1_1015
dma_ld_0_1_U0/clk_gate_rbB_U_ram_reg_1006_       3.9900     0.0      0.0000       3.9900 0.0000 SNPS_CLOCK_GATE_HIGH_tinytpu_isa_dma_ld_0_1_1016
dma_ld_0_1_U0/clk_gate_rbB_U_ram_reg_1007_       3.9900     0.0      0.0000       3.9900 0.0000 SNPS_CLOCK_GATE_HIGH_tinytpu_isa_dma_ld_0_1_1017
dma_ld_0_1_U0/clk_gate_rbB_U_ram_reg_1008_       3.9900     0.0      0.0000       3.9900 0.0000 SNPS_CLOCK_GATE_HIGH_tinytpu_isa_dma_ld_0_1_1018
dma_ld_0_1_U0/clk_gate_rbB_U_ram_reg_1009_       3.9900     0.0      0.0000       3.9900 0.0000 SNPS_CLOCK_GATE_HIGH_tinytpu_isa_dma_ld_0_1_1019
dma_ld_0_1_U0/clk_gate_rbB_U_ram_reg_100_       3.9900     0.0      0.0000       3.9900 0.0000 SNPS_CLOCK_GATE_HIGH_tinytpu_isa_dma_ld_0_1_110
dma_ld_0_1_U0/clk_gate_rbB_U_ram_reg_1010_       3.9900     0.0      0.0000       3.9900 0.0000 SNPS_CLOCK_GATE_HIGH_tinytpu_isa_dma_ld_0_1_1020
dma_ld_0_1_U0/clk_gate_rbB_U_ram_reg_1011_       3.9900     0.0      0.0000       3.9900 0.0000 SNPS_CLOCK_GATE_HIGH_tinytpu_isa_dma_ld_0_1_1021
dma_ld_0_1_U0/clk_gate_rbB_U_ram_reg_1012_       3.9900     0.0      0.0000       3.9900 0.0000 SNPS_CLOCK_GATE_HIGH_tinytpu_isa_dma_ld_0_1_1022
dma_ld_0_1_U0/clk_gate_rbB_U_ram_reg_1013_       3.9900     0.0      0.0000       3.9900 0.0000 SNPS_CLOCK_GATE_HIGH_tinytpu_isa_dma_ld_0_1_1023
dma_ld_0_1_U0/clk_gate_rbB_U_ram_reg_1014_       3.9900     0.0      0.0000       3.9900 0.0000 SNPS_CLOCK_GATE_HIGH_tinytpu_isa_dma_ld_0_1_1024
dma_ld_0_1_U0/clk_gate_rbB_U_ram_reg_1015_       3.9900     0.0      0.0000       3.9900 0.0000 SNPS_CLOCK_GATE_HIGH_tinytpu_isa_dma_ld_0_1_1025
dma_ld_0_1_U0/clk_gate_rbB_U_ram_reg_1016_       3.9900     0.0      0.0000       3.9900 0.0000 SNPS_CLOCK_GATE_HIGH_tinytpu_isa_dma_ld_0_1_1026
dma_ld_0_1_U0/clk_gate_rbB_U_ram_reg_1017_       3.9900     0.0      0.0000       3.9900 0.0000 SNPS_CLOCK_GATE_HIGH_tinytpu_isa_dma_ld_0_1_1027
dma_ld_0_1_U0/clk_gate_rbB_U_ram_reg_1018_       3.9900     0.0      0.0000       3.9900 0.0000 SNPS_CLOCK_GATE_HIGH_tinytpu_isa_dma_ld_0_1_1028
dma_ld_0_1_U0/clk_gate_rbB_U_ram_reg_1019_       3.9900     0.0      0.0000       3.9900 0.0000 SNPS_CLOCK_GATE_HIGH_tinytpu_isa_dma_ld_0_1_1029
dma_ld_0_1_U0/clk_gate_rbB_U_ram_reg_101_       3.9900     0.0      0.0000       3.9900 0.0000 SNPS_CLOCK_GATE_HIGH_tinytpu_isa_dma_ld_0_1_111
dma_ld_0_1_U0/clk_gate_rbB_U_ram_reg_1020_       3.9900     0.0      0.0000       3.9900 0.0000 SNPS_CLOCK_GATE_HIGH_tinytpu_isa_dma_ld_0_1_1030
dma_ld_0_1_U0/clk_gate_rbB_U_ram_reg_1021_       3.9900     0.0      0.0000       3.9900 0.0000 SNPS_CLOCK_GATE_HIGH_tinytpu_isa_dma_ld_0_1_1031
dma_ld_0_1_U0/clk_gate_rbB_U_ram_reg_1022_       3.9900     0.0      0.0000       3.9900 0.0000 SNPS_CLOCK_GATE_HIGH_tinytpu_isa_dma_ld_0_1_1032
dma_ld_0_1_U0/clk_gate_rbB_U_ram_reg_1023_       3.9900     0.0      0.0000       3.9900 0.0000 SNPS_CLOCK_GATE_HIGH_tinytpu_isa_dma_ld_0_1_1033
dma_ld_0_1_U0/clk_gate_rbB_U_ram_reg_1024_       3.9900     0.0      0.0000       3.9900 0.0000 SNPS_CLOCK_GATE_HIGH_tinytpu_isa_dma_ld_0_1_1034
dma_ld_0_1_U0/clk_gate_rbB_U_ram_reg_102_       3.9900     0.0      0.0000       3.9900 0.0000 SNPS_CLOCK_GATE_HIGH_tinytpu_isa_dma_ld_0_1_112
dma_ld_0_1_U0/clk_gate_rbB_U_ram_reg_103_       3.9900     0.0      0.0000       3.9900 0.0000 SNPS_CLOCK_GATE_HIGH_tinytpu_isa_dma_ld_0_1_113
dma_ld_0_1_U0/clk_gate_rbB_U_ram_reg_104_       3.9900     0.0      0.0000       3.9900 0.0000 SNPS_CLOCK_GATE_HIGH_tinytpu_isa_dma_ld_0_1_114
dma_ld_0_1_U0/clk_gate_rbB_U_ram_reg_105_       3.9900     0.0      0.0000       3.9900 0.0000 SNPS_CLOCK_GATE_HIGH_tinytpu_isa_dma_ld_0_1_115
dma_ld_0_1_U0/clk_gate_rbB_U_ram_reg_106_       3.9900     0.0      0.0000       3.9900 0.0000 SNPS_CLOCK_GATE_HIGH_tinytpu_isa_dma_ld_0_1_116
dma_ld_0_1_U0/clk_gate_rbB_U_ram_reg_107_       3.9900     0.0      0.0000       3.9900 0.0000 SNPS_CLOCK_GATE_HIGH_tinytpu_isa_dma_ld_0_1_117
dma_ld_0_1_U0/clk_gate_rbB_U_ram_reg_108_       3.9900     0.0      0.0000       3.9900 0.0000 SNPS_CLOCK_GATE_HIGH_tinytpu_isa_dma_ld_0_1_118
dma_ld_0_1_U0/clk_gate_rbB_U_ram_reg_109_       3.9900     0.0      0.0000       3.9900 0.0000 SNPS_CLOCK_GATE_HIGH_tinytpu_isa_dma_ld_0_1_119
dma_ld_0_1_U0/clk_gate_rbB_U_ram_reg_10_       3.9900     0.0      0.0000       3.9900 0.0000 SNPS_CLOCK_GATE_HIGH_tinytpu_isa_dma_ld_0_1_20
dma_ld_0_1_U0/clk_gate_rbB_U_ram_reg_110_       3.9900     0.0      0.0000       3.9900 0.0000 SNPS_CLOCK_GATE_HIGH_tinytpu_isa_dma_ld_0_1_120
dma_ld_0_1_U0/clk_gate_rbB_U_ram_reg_111_       3.9900     0.0      0.0000       3.9900 0.0000 SNPS_CLOCK_GATE_HIGH_tinytpu_isa_dma_ld_0_1_121
dma_ld_0_1_U0/clk_gate_rbB_U_ram_reg_112_       3.9900     0.0      0.0000       3.9900 0.0000 SNPS_CLOCK_GATE_HIGH_tinytpu_isa_dma_ld_0_1_122
dma_ld_0_1_U0/clk_gate_rbB_U_ram_reg_113_       3.9900     0.0      0.0000       3.9900 0.0000 SNPS_CLOCK_GATE_HIGH_tinytpu_isa_dma_ld_0_1_123
dma_ld_0_1_U0/clk_gate_rbB_U_ram_reg_114_       3.9900     0.0      0.0000       3.9900 0.0000 SNPS_CLOCK_GATE_HIGH_tinytpu_isa_dma_ld_0_1_124
dma_ld_0_1_U0/clk_gate_rbB_U_ram_reg_115_       3.9900     0.0      0.0000       3.9900 0.0000 SNPS_CLOCK_GATE_HIGH_tinytpu_isa_dma_ld_0_1_125
dma_ld_0_1_U0/clk_gate_rbB_U_ram_reg_116_       3.9900     0.0      0.0000       3.9900 0.0000 SNPS_CLOCK_GATE_HIGH_tinytpu_isa_dma_ld_0_1_126
dma_ld_0_1_U0/clk_gate_rbB_U_ram_reg_117_       3.9900     0.0      0.0000       3.9900 0.0000 SNPS_CLOCK_GATE_HIGH_tinytpu_isa_dma_ld_0_1_127
dma_ld_0_1_U0/clk_gate_rbB_U_ram_reg_118_       3.9900     0.0      0.0000       3.9900 0.0000 SNPS_CLOCK_GATE_HIGH_tinytpu_isa_dma_ld_0_1_128
dma_ld_0_1_U0/clk_gate_rbB_U_ram_reg_119_       3.9900     0.0      0.0000       3.9900 0.0000 SNPS_CLOCK_GATE_HIGH_tinytpu_isa_dma_ld_0_1_129
dma_ld_0_1_U0/clk_gate_rbB_U_ram_reg_11_       3.9900     0.0      0.0000       3.9900 0.0000 SNPS_CLOCK_GATE_HIGH_tinytpu_isa_dma_ld_0_1_21
dma_ld_0_1_U0/clk_gate_rbB_U_ram_reg_120_       3.9900     0.0      0.0000       3.9900 0.0000 SNPS_CLOCK_GATE_HIGH_tinytpu_isa_dma_ld_0_1_130
dma_ld_0_1_U0/clk_gate_rbB_U_ram_reg_121_       3.9900     0.0      0.0000       3.9900 0.0000 SNPS_CLOCK_GATE_HIGH_tinytpu_isa_dma_ld_0_1_131
dma_ld_0_1_U0/clk_gate_rbB_U_ram_reg_122_       3.9900     0.0      0.0000       3.9900 0.0000 SNPS_CLOCK_GATE_HIGH_tinytpu_isa_dma_ld_0_1_132
dma_ld_0_1_U0/clk_gate_rbB_U_ram_reg_123_       3.9900     0.0      0.0000       3.9900 0.0000 SNPS_CLOCK_GATE_HIGH_tinytpu_isa_dma_ld_0_1_133
dma_ld_0_1_U0/clk_gate_rbB_U_ram_reg_124_       3.9900     0.0      0.0000       3.9900 0.0000 SNPS_CLOCK_GATE_HIGH_tinytpu_isa_dma_ld_0_1_134
dma_ld_0_1_U0/clk_gate_rbB_U_ram_reg_125_       3.9900     0.0      0.0000       3.9900 0.0000 SNPS_CLOCK_GATE_HIGH_tinytpu_isa_dma_ld_0_1_135
dma_ld_0_1_U0/clk_gate_rbB_U_ram_reg_126_       3.9900     0.0      0.0000       3.9900 0.0000 SNPS_CLOCK_GATE_HIGH_tinytpu_isa_dma_ld_0_1_136
dma_ld_0_1_U0/clk_gate_rbB_U_ram_reg_127_       3.9900     0.0      0.0000       3.9900 0.0000 SNPS_CLOCK_GATE_HIGH_tinytpu_isa_dma_ld_0_1_137
dma_ld_0_1_U0/clk_gate_rbB_U_ram_reg_128_       3.9900     0.0      0.0000       3.9900 0.0000 SNPS_CLOCK_GATE_HIGH_tinytpu_isa_dma_ld_0_1_138
dma_ld_0_1_U0/clk_gate_rbB_U_ram_reg_129_       3.9900     0.0      0.0000       3.9900 0.0000 SNPS_CLOCK_GATE_HIGH_tinytpu_isa_dma_ld_0_1_139
dma_ld_0_1_U0/clk_gate_rbB_U_ram_reg_12_       3.9900     0.0      0.0000       3.9900 0.0000 SNPS_CLOCK_GATE_HIGH_tinytpu_isa_dma_ld_0_1_22
dma_ld_0_1_U0/clk_gate_rbB_U_ram_reg_130_       3.9900     0.0      0.0000       3.9900 0.0000 SNPS_CLOCK_GATE_HIGH_tinytpu_isa_dma_ld_0_1_140
dma_ld_0_1_U0/clk_gate_rbB_U_ram_reg_131_       3.9900     0.0      0.0000       3.9900 0.0000 SNPS_CLOCK_GATE_HIGH_tinytpu_isa_dma_ld_0_1_141
dma_ld_0_1_U0/clk_gate_rbB_U_ram_reg_132_       3.9900     0.0      0.0000       3.9900 0.0000 SNPS_CLOCK_GATE_HIGH_tinytpu_isa_dma_ld_0_1_142
dma_ld_0_1_U0/clk_gate_rbB_U_ram_reg_133_       3.9900     0.0      0.0000       3.9900 0.0000 SNPS_CLOCK_GATE_HIGH_tinytpu_isa_dma_ld_0_1_143
dma_ld_0_1_U0/clk_gate_rbB_U_ram_reg_134_       3.9900     0.0      0.0000       3.9900 0.0000 SNPS_CLOCK_GATE_HIGH_tinytpu_isa_dma_ld_0_1_144
dma_ld_0_1_U0/clk_gate_rbB_U_ram_reg_135_       3.9900     0.0      0.0000       3.9900 0.0000 SNPS_CLOCK_GATE_HIGH_tinytpu_isa_dma_ld_0_1_145
dma_ld_0_1_U0/clk_gate_rbB_U_ram_reg_136_       3.9900     0.0      0.0000       3.9900 0.0000 SNPS_CLOCK_GATE_HIGH_tinytpu_isa_dma_ld_0_1_146
dma_ld_0_1_U0/clk_gate_rbB_U_ram_reg_137_       3.9900     0.0      0.0000       3.9900 0.0000 SNPS_CLOCK_GATE_HIGH_tinytpu_isa_dma_ld_0_1_147
dma_ld_0_1_U0/clk_gate_rbB_U_ram_reg_138_       3.9900     0.0      0.0000       3.9900 0.0000 SNPS_CLOCK_GATE_HIGH_tinytpu_isa_dma_ld_0_1_148
dma_ld_0_1_U0/clk_gate_rbB_U_ram_reg_139_       3.9900     0.0      0.0000       3.9900 0.0000 SNPS_CLOCK_GATE_HIGH_tinytpu_isa_dma_ld_0_1_149
dma_ld_0_1_U0/clk_gate_rbB_U_ram_reg_13_       3.9900     0.0      0.0000       3.9900 0.0000 SNPS_CLOCK_GATE_HIGH_tinytpu_isa_dma_ld_0_1_23
dma_ld_0_1_U0/clk_gate_rbB_U_ram_reg_140_       3.9900     0.0      0.0000       3.9900 0.0000 SNPS_CLOCK_GATE_HIGH_tinytpu_isa_dma_ld_0_1_150
dma_ld_0_1_U0/clk_gate_rbB_U_ram_reg_141_       3.9900     0.0      0.0000       3.9900 0.0000 SNPS_CLOCK_GATE_HIGH_tinytpu_isa_dma_ld_0_1_151
dma_ld_0_1_U0/clk_gate_rbB_U_ram_reg_142_       3.9900     0.0      0.0000       3.9900 0.0000 SNPS_CLOCK_GATE_HIGH_tinytpu_isa_dma_ld_0_1_152
dma_ld_0_1_U0/clk_gate_rbB_U_ram_reg_143_       3.9900     0.0      0.0000       3.9900 0.0000 SNPS_CLOCK_GATE_HIGH_tinytpu_isa_dma_ld_0_1_153
dma_ld_0_1_U0/clk_gate_rbB_U_ram_reg_144_       3.9900     0.0      0.0000       3.9900 0.0000 SNPS_CLOCK_GATE_HIGH_tinytpu_isa_dma_ld_0_1_154
dma_ld_0_1_U0/clk_gate_rbB_U_ram_reg_145_       3.9900     0.0      0.0000       3.9900 0.0000 SNPS_CLOCK_GATE_HIGH_tinytpu_isa_dma_ld_0_1_155
dma_ld_0_1_U0/clk_gate_rbB_U_ram_reg_146_       3.9900     0.0      0.0000       3.9900 0.0000 SNPS_CLOCK_GATE_HIGH_tinytpu_isa_dma_ld_0_1_156
dma_ld_0_1_U0/clk_gate_rbB_U_ram_reg_147_       3.9900     0.0      0.0000       3.9900 0.0000 SNPS_CLOCK_GATE_HIGH_tinytpu_isa_dma_ld_0_1_157
dma_ld_0_1_U0/clk_gate_rbB_U_ram_reg_148_       3.9900     0.0      0.0000       3.9900 0.0000 SNPS_CLOCK_GATE_HIGH_tinytpu_isa_dma_ld_0_1_158
dma_ld_0_1_U0/clk_gate_rbB_U_ram_reg_149_       3.9900     0.0      0.0000       3.9900 0.0000 SNPS_CLOCK_GATE_HIGH_tinytpu_isa_dma_ld_0_1_159
dma_ld_0_1_U0/clk_gate_rbB_U_ram_reg_14_       3.9900     0.0      0.0000       3.9900 0.0000 SNPS_CLOCK_GATE_HIGH_tinytpu_isa_dma_ld_0_1_24
dma_ld_0_1_U0/clk_gate_rbB_U_ram_reg_150_       3.9900     0.0      0.0000       3.9900 0.0000 SNPS_CLOCK_GATE_HIGH_tinytpu_isa_dma_ld_0_1_160
dma_ld_0_1_U0/clk_gate_rbB_U_ram_reg_151_       3.9900     0.0      0.0000       3.9900 0.0000 SNPS_CLOCK_GATE_HIGH_tinytpu_isa_dma_ld_0_1_161
dma_ld_0_1_U0/clk_gate_rbB_U_ram_reg_152_       3.9900     0.0      0.0000       3.9900 0.0000 SNPS_CLOCK_GATE_HIGH_tinytpu_isa_dma_ld_0_1_162
dma_ld_0_1_U0/clk_gate_rbB_U_ram_reg_153_       3.9900     0.0      0.0000       3.9900 0.0000 SNPS_CLOCK_GATE_HIGH_tinytpu_isa_dma_ld_0_1_163
dma_ld_0_1_U0/clk_gate_rbB_U_ram_reg_154_       3.9900     0.0      0.0000       3.9900 0.0000 SNPS_CLOCK_GATE_HIGH_tinytpu_isa_dma_ld_0_1_164
dma_ld_0_1_U0/clk_gate_rbB_U_ram_reg_155_       3.9900     0.0      0.0000       3.9900 0.0000 SNPS_CLOCK_GATE_HIGH_tinytpu_isa_dma_ld_0_1_165
dma_ld_0_1_U0/clk_gate_rbB_U_ram_reg_156_       3.9900     0.0      0.0000       3.9900 0.0000 SNPS_CLOCK_GATE_HIGH_tinytpu_isa_dma_ld_0_1_166
dma_ld_0_1_U0/clk_gate_rbB_U_ram_reg_157_       3.9900     0.0      0.0000       3.9900 0.0000 SNPS_CLOCK_GATE_HIGH_tinytpu_isa_dma_ld_0_1_167
dma_ld_0_1_U0/clk_gate_rbB_U_ram_reg_158_       3.9900     0.0      0.0000       3.9900 0.0000 SNPS_CLOCK_GATE_HIGH_tinytpu_isa_dma_ld_0_1_168
dma_ld_0_1_U0/clk_gate_rbB_U_ram_reg_159_       3.9900     0.0      0.0000       3.9900 0.0000 SNPS_CLOCK_GATE_HIGH_tinytpu_isa_dma_ld_0_1_169
dma_ld_0_1_U0/clk_gate_rbB_U_ram_reg_15_       3.9900     0.0      0.0000       3.9900 0.0000 SNPS_CLOCK_GATE_HIGH_tinytpu_isa_dma_ld_0_1_25
dma_ld_0_1_U0/clk_gate_rbB_U_ram_reg_160_       3.9900     0.0      0.0000       3.9900 0.0000 SNPS_CLOCK_GATE_HIGH_tinytpu_isa_dma_ld_0_1_170
dma_ld_0_1_U0/clk_gate_rbB_U_ram_reg_161_       3.9900     0.0      0.0000       3.9900 0.0000 SNPS_CLOCK_GATE_HIGH_tinytpu_isa_dma_ld_0_1_171
dma_ld_0_1_U0/clk_gate_rbB_U_ram_reg_162_       3.9900     0.0      0.0000       3.9900 0.0000 SNPS_CLOCK_GATE_HIGH_tinytpu_isa_dma_ld_0_1_172
dma_ld_0_1_U0/clk_gate_rbB_U_ram_reg_163_       3.9900     0.0      0.0000       3.9900 0.0000 SNPS_CLOCK_GATE_HIGH_tinytpu_isa_dma_ld_0_1_173
dma_ld_0_1_U0/clk_gate_rbB_U_ram_reg_164_       3.9900     0.0      0.0000       3.9900 0.0000 SNPS_CLOCK_GATE_HIGH_tinytpu_isa_dma_ld_0_1_174
dma_ld_0_1_U0/clk_gate_rbB_U_ram_reg_165_       3.9900     0.0      0.0000       3.9900 0.0000 SNPS_CLOCK_GATE_HIGH_tinytpu_isa_dma_ld_0_1_175
dma_ld_0_1_U0/clk_gate_rbB_U_ram_reg_166_       3.9900     0.0      0.0000       3.9900 0.0000 SNPS_CLOCK_GATE_HIGH_tinytpu_isa_dma_ld_0_1_176
dma_ld_0_1_U0/clk_gate_rbB_U_ram_reg_167_       3.9900     0.0      0.0000       3.9900 0.0000 SNPS_CLOCK_GATE_HIGH_tinytpu_isa_dma_ld_0_1_177
dma_ld_0_1_U0/clk_gate_rbB_U_ram_reg_168_       3.9900     0.0      0.0000       3.9900 0.0000 SNPS_CLOCK_GATE_HIGH_tinytpu_isa_dma_ld_0_1_178
dma_ld_0_1_U0/clk_gate_rbB_U_ram_reg_169_       3.9900     0.0      0.0000       3.9900 0.0000 SNPS_CLOCK_GATE_HIGH_tinytpu_isa_dma_ld_0_1_179
dma_ld_0_1_U0/clk_gate_rbB_U_ram_reg_16_       3.9900     0.0      0.0000       3.9900 0.0000 SNPS_CLOCK_GATE_HIGH_tinytpu_isa_dma_ld_0_1_26
dma_ld_0_1_U0/clk_gate_rbB_U_ram_reg_170_       3.9900     0.0      0.0000       3.9900 0.0000 SNPS_CLOCK_GATE_HIGH_tinytpu_isa_dma_ld_0_1_180
dma_ld_0_1_U0/clk_gate_rbB_U_ram_reg_171_       3.9900     0.0      0.0000       3.9900 0.0000 SNPS_CLOCK_GATE_HIGH_tinytpu_isa_dma_ld_0_1_181
dma_ld_0_1_U0/clk_gate_rbB_U_ram_reg_172_       3.9900     0.0      0.0000       3.9900 0.0000 SNPS_CLOCK_GATE_HIGH_tinytpu_isa_dma_ld_0_1_182
dma_ld_0_1_U0/clk_gate_rbB_U_ram_reg_173_       3.9900     0.0      0.0000       3.9900 0.0000 SNPS_CLOCK_GATE_HIGH_tinytpu_isa_dma_ld_0_1_183
dma_ld_0_1_U0/clk_gate_rbB_U_ram_reg_174_       3.9900     0.0      0.0000       3.9900 0.0000 SNPS_CLOCK_GATE_HIGH_tinytpu_isa_dma_ld_0_1_184
dma_ld_0_1_U0/clk_gate_rbB_U_ram_reg_175_       3.9900     0.0      0.0000       3.9900 0.0000 SNPS_CLOCK_GATE_HIGH_tinytpu_isa_dma_ld_0_1_185
dma_ld_0_1_U0/clk_gate_rbB_U_ram_reg_176_       3.9900     0.0      0.0000       3.9900 0.0000 SNPS_CLOCK_GATE_HIGH_tinytpu_isa_dma_ld_0_1_186
dma_ld_0_1_U0/clk_gate_rbB_U_ram_reg_177_       3.9900     0.0      0.0000       3.9900 0.0000 SNPS_CLOCK_GATE_HIGH_tinytpu_isa_dma_ld_0_1_187
dma_ld_0_1_U0/clk_gate_rbB_U_ram_reg_178_       3.9900     0.0      0.0000       3.9900 0.0000 SNPS_CLOCK_GATE_HIGH_tinytpu_isa_dma_ld_0_1_188
dma_ld_0_1_U0/clk_gate_rbB_U_ram_reg_179_       3.9900     0.0      0.0000       3.9900 0.0000 SNPS_CLOCK_GATE_HIGH_tinytpu_isa_dma_ld_0_1_189
dma_ld_0_1_U0/clk_gate_rbB_U_ram_reg_17_       3.9900     0.0      0.0000       3.9900 0.0000 SNPS_CLOCK_GATE_HIGH_tinytpu_isa_dma_ld_0_1_27
dma_ld_0_1_U0/clk_gate_rbB_U_ram_reg_180_       3.9900     0.0      0.0000       3.9900 0.0000 SNPS_CLOCK_GATE_HIGH_tinytpu_isa_dma_ld_0_1_190
dma_ld_0_1_U0/clk_gate_rbB_U_ram_reg_181_       3.9900     0.0      0.0000       3.9900 0.0000 SNPS_CLOCK_GATE_HIGH_tinytpu_isa_dma_ld_0_1_191
dma_ld_0_1_U0/clk_gate_rbB_U_ram_reg_182_       3.9900     0.0      0.0000       3.9900 0.0000 SNPS_CLOCK_GATE_HIGH_tinytpu_isa_dma_ld_0_1_192
dma_ld_0_1_U0/clk_gate_rbB_U_ram_reg_183_       3.9900     0.0      0.0000       3.9900 0.0000 SNPS_CLOCK_GATE_HIGH_tinytpu_isa_dma_ld_0_1_193
dma_ld_0_1_U0/clk_gate_rbB_U_ram_reg_184_       3.9900     0.0      0.0000       3.9900 0.0000 SNPS_CLOCK_GATE_HIGH_tinytpu_isa_dma_ld_0_1_194
dma_ld_0_1_U0/clk_gate_rbB_U_ram_reg_185_       3.9900     0.0      0.0000       3.9900 0.0000 SNPS_CLOCK_GATE_HIGH_tinytpu_isa_dma_ld_0_1_195
dma_ld_0_1_U0/clk_gate_rbB_U_ram_reg_186_       3.9900     0.0      0.0000       3.9900 0.0000 SNPS_CLOCK_GATE_HIGH_tinytpu_isa_dma_ld_0_1_196
dma_ld_0_1_U0/clk_gate_rbB_U_ram_reg_187_       3.9900     0.0      0.0000       3.9900 0.0000 SNPS_CLOCK_GATE_HIGH_tinytpu_isa_dma_ld_0_1_197
dma_ld_0_1_U0/clk_gate_rbB_U_ram_reg_188_       3.9900     0.0      0.0000       3.9900 0.0000 SNPS_CLOCK_GATE_HIGH_tinytpu_isa_dma_ld_0_1_198
dma_ld_0_1_U0/clk_gate_rbB_U_ram_reg_189_       3.9900     0.0      0.0000       3.9900 0.0000 SNPS_CLOCK_GATE_HIGH_tinytpu_isa_dma_ld_0_1_199
dma_ld_0_1_U0/clk_gate_rbB_U_ram_reg_18_       3.9900     0.0      0.0000       3.9900 0.0000 SNPS_CLOCK_GATE_HIGH_tinytpu_isa_dma_ld_0_1_28
dma_ld_0_1_U0/clk_gate_rbB_U_ram_reg_190_       3.9900     0.0      0.0000       3.9900 0.0000 SNPS_CLOCK_GATE_HIGH_tinytpu_isa_dma_ld_0_1_200
dma_ld_0_1_U0/clk_gate_rbB_U_ram_reg_191_       3.9900     0.0      0.0000       3.9900 0.0000 SNPS_CLOCK_GATE_HIGH_tinytpu_isa_dma_ld_0_1_201
dma_ld_0_1_U0/clk_gate_rbB_U_ram_reg_192_       3.9900     0.0      0.0000       3.9900 0.0000 SNPS_CLOCK_GATE_HIGH_tinytpu_isa_dma_ld_0_1_202
dma_ld_0_1_U0/clk_gate_rbB_U_ram_reg_193_       3.9900     0.0      0.0000       3.9900 0.0000 SNPS_CLOCK_GATE_HIGH_tinytpu_isa_dma_ld_0_1_203
dma_ld_0_1_U0/clk_gate_rbB_U_ram_reg_194_       3.9900     0.0      0.0000       3.9900 0.0000 SNPS_CLOCK_GATE_HIGH_tinytpu_isa_dma_ld_0_1_204
dma_ld_0_1_U0/clk_gate_rbB_U_ram_reg_195_       3.9900     0.0      0.0000       3.9900 0.0000 SNPS_CLOCK_GATE_HIGH_tinytpu_isa_dma_ld_0_1_205
dma_ld_0_1_U0/clk_gate_rbB_U_ram_reg_196_       3.9900     0.0      0.0000       3.9900 0.0000 SNPS_CLOCK_GATE_HIGH_tinytpu_isa_dma_ld_0_1_206
dma_ld_0_1_U0/clk_gate_rbB_U_ram_reg_197_       3.9900     0.0      0.0000       3.9900 0.0000 SNPS_CLOCK_GATE_HIGH_tinytpu_isa_dma_ld_0_1_207
dma_ld_0_1_U0/clk_gate_rbB_U_ram_reg_198_       3.9900     0.0      0.0000       3.9900 0.0000 SNPS_CLOCK_GATE_HIGH_tinytpu_isa_dma_ld_0_1_208
dma_ld_0_1_U0/clk_gate_rbB_U_ram_reg_199_       3.9900     0.0      0.0000       3.9900 0.0000 SNPS_CLOCK_GATE_HIGH_tinytpu_isa_dma_ld_0_1_209
dma_ld_0_1_U0/clk_gate_rbB_U_ram_reg_19_       3.9900     0.0      0.0000       3.9900 0.0000 SNPS_CLOCK_GATE_HIGH_tinytpu_isa_dma_ld_0_1_29
dma_ld_0_1_U0/clk_gate_rbB_U_ram_reg_1_       3.9900     0.0      0.0000       3.9900 0.0000 SNPS_CLOCK_GATE_HIGH_tinytpu_isa_dma_ld_0_1_11
dma_ld_0_1_U0/clk_gate_rbB_U_ram_reg_200_       3.9900     0.0      0.0000       3.9900 0.0000 SNPS_CLOCK_GATE_HIGH_tinytpu_isa_dma_ld_0_1_210
dma_ld_0_1_U0/clk_gate_rbB_U_ram_reg_201_       3.9900     0.0      0.0000       3.9900 0.0000 SNPS_CLOCK_GATE_HIGH_tinytpu_isa_dma_ld_0_1_211
dma_ld_0_1_U0/clk_gate_rbB_U_ram_reg_202_       3.9900     0.0      0.0000       3.9900 0.0000 SNPS_CLOCK_GATE_HIGH_tinytpu_isa_dma_ld_0_1_212
dma_ld_0_1_U0/clk_gate_rbB_U_ram_reg_203_       3.9900     0.0      0.0000       3.9900 0.0000 SNPS_CLOCK_GATE_HIGH_tinytpu_isa_dma_ld_0_1_213
dma_ld_0_1_U0/clk_gate_rbB_U_ram_reg_204_       3.9900     0.0      0.0000       3.9900 0.0000 SNPS_CLOCK_GATE_HIGH_tinytpu_isa_dma_ld_0_1_214
dma_ld_0_1_U0/clk_gate_rbB_U_ram_reg_205_       3.9900     0.0      0.0000       3.9900 0.0000 SNPS_CLOCK_GATE_HIGH_tinytpu_isa_dma_ld_0_1_215
dma_ld_0_1_U0/clk_gate_rbB_U_ram_reg_206_       3.9900     0.0      0.0000       3.9900 0.0000 SNPS_CLOCK_GATE_HIGH_tinytpu_isa_dma_ld_0_1_216
dma_ld_0_1_U0/clk_gate_rbB_U_ram_reg_207_       3.9900     0.0      0.0000       3.9900 0.0000 SNPS_CLOCK_GATE_HIGH_tinytpu_isa_dma_ld_0_1_217
dma_ld_0_1_U0/clk_gate_rbB_U_ram_reg_208_       3.9900     0.0      0.0000       3.9900 0.0000 SNPS_CLOCK_GATE_HIGH_tinytpu_isa_dma_ld_0_1_218
dma_ld_0_1_U0/clk_gate_rbB_U_ram_reg_209_       3.9900     0.0      0.0000       3.9900 0.0000 SNPS_CLOCK_GATE_HIGH_tinytpu_isa_dma_ld_0_1_219
dma_ld_0_1_U0/clk_gate_rbB_U_ram_reg_20_       3.9900     0.0      0.0000       3.9900 0.0000 SNPS_CLOCK_GATE_HIGH_tinytpu_isa_dma_ld_0_1_30
dma_ld_0_1_U0/clk_gate_rbB_U_ram_reg_210_       3.9900     0.0      0.0000       3.9900 0.0000 SNPS_CLOCK_GATE_HIGH_tinytpu_isa_dma_ld_0_1_220
dma_ld_0_1_U0/clk_gate_rbB_U_ram_reg_211_       3.9900     0.0      0.0000       3.9900 0.0000 SNPS_CLOCK_GATE_HIGH_tinytpu_isa_dma_ld_0_1_221
dma_ld_0_1_U0/clk_gate_rbB_U_ram_reg_212_       3.9900     0.0      0.0000       3.9900 0.0000 SNPS_CLOCK_GATE_HIGH_tinytpu_isa_dma_ld_0_1_222
dma_ld_0_1_U0/clk_gate_rbB_U_ram_reg_213_       3.9900     0.0      0.0000       3.9900 0.0000 SNPS_CLOCK_GATE_HIGH_tinytpu_isa_dma_ld_0_1_223
dma_ld_0_1_U0/clk_gate_rbB_U_ram_reg_214_       3.9900     0.0      0.0000       3.9900 0.0000 SNPS_CLOCK_GATE_HIGH_tinytpu_isa_dma_ld_0_1_224
dma_ld_0_1_U0/clk_gate_rbB_U_ram_reg_215_       3.9900     0.0      0.0000       3.9900 0.0000 SNPS_CLOCK_GATE_HIGH_tinytpu_isa_dma_ld_0_1_225
dma_ld_0_1_U0/clk_gate_rbB_U_ram_reg_216_       3.9900     0.0      0.0000       3.9900 0.0000 SNPS_CLOCK_GATE_HIGH_tinytpu_isa_dma_ld_0_1_226
dma_ld_0_1_U0/clk_gate_rbB_U_ram_reg_217_       3.9900     0.0      0.0000       3.9900 0.0000 SNPS_CLOCK_GATE_HIGH_tinytpu_isa_dma_ld_0_1_227
dma_ld_0_1_U0/clk_gate_rbB_U_ram_reg_218_       3.9900     0.0      0.0000       3.9900 0.0000 SNPS_CLOCK_GATE_HIGH_tinytpu_isa_dma_ld_0_1_228
dma_ld_0_1_U0/clk_gate_rbB_U_ram_reg_219_       3.9900     0.0      0.0000       3.9900 0.0000 SNPS_CLOCK_GATE_HIGH_tinytpu_isa_dma_ld_0_1_229
dma_ld_0_1_U0/clk_gate_rbB_U_ram_reg_21_       3.9900     0.0      0.0000       3.9900 0.0000 SNPS_CLOCK_GATE_HIGH_tinytpu_isa_dma_ld_0_1_31
dma_ld_0_1_U0/clk_gate_rbB_U_ram_reg_220_       3.9900     0.0      0.0000       3.9900 0.0000 SNPS_CLOCK_GATE_HIGH_tinytpu_isa_dma_ld_0_1_230
dma_ld_0_1_U0/clk_gate_rbB_U_ram_reg_221_       3.9900     0.0      0.0000       3.9900 0.0000 SNPS_CLOCK_GATE_HIGH_tinytpu_isa_dma_ld_0_1_231
dma_ld_0_1_U0/clk_gate_rbB_U_ram_reg_222_       3.9900     0.0      0.0000       3.9900 0.0000 SNPS_CLOCK_GATE_HIGH_tinytpu_isa_dma_ld_0_1_232
dma_ld_0_1_U0/clk_gate_rbB_U_ram_reg_223_       3.9900     0.0      0.0000       3.9900 0.0000 SNPS_CLOCK_GATE_HIGH_tinytpu_isa_dma_ld_0_1_233
dma_ld_0_1_U0/clk_gate_rbB_U_ram_reg_224_       3.9900     0.0      0.0000       3.9900 0.0000 SNPS_CLOCK_GATE_HIGH_tinytpu_isa_dma_ld_0_1_234
dma_ld_0_1_U0/clk_gate_rbB_U_ram_reg_225_       3.9900     0.0      0.0000       3.9900 0.0000 SNPS_CLOCK_GATE_HIGH_tinytpu_isa_dma_ld_0_1_235
dma_ld_0_1_U0/clk_gate_rbB_U_ram_reg_226_       3.9900     0.0      0.0000       3.9900 0.0000 SNPS_CLOCK_GATE_HIGH_tinytpu_isa_dma_ld_0_1_236
dma_ld_0_1_U0/clk_gate_rbB_U_ram_reg_227_       3.9900     0.0      0.0000       3.9900 0.0000 SNPS_CLOCK_GATE_HIGH_tinytpu_isa_dma_ld_0_1_237
dma_ld_0_1_U0/clk_gate_rbB_U_ram_reg_228_       3.9900     0.0      0.0000       3.9900 0.0000 SNPS_CLOCK_GATE_HIGH_tinytpu_isa_dma_ld_0_1_238
dma_ld_0_1_U0/clk_gate_rbB_U_ram_reg_229_       3.9900     0.0      0.0000       3.9900 0.0000 SNPS_CLOCK_GATE_HIGH_tinytpu_isa_dma_ld_0_1_239
dma_ld_0_1_U0/clk_gate_rbB_U_ram_reg_22_       3.9900     0.0      0.0000       3.9900 0.0000 SNPS_CLOCK_GATE_HIGH_tinytpu_isa_dma_ld_0_1_32
dma_ld_0_1_U0/clk_gate_rbB_U_ram_reg_230_       3.9900     0.0      0.0000       3.9900 0.0000 SNPS_CLOCK_GATE_HIGH_tinytpu_isa_dma_ld_0_1_240
dma_ld_0_1_U0/clk_gate_rbB_U_ram_reg_231_       3.9900     0.0      0.0000       3.9900 0.0000 SNPS_CLOCK_GATE_HIGH_tinytpu_isa_dma_ld_0_1_241
dma_ld_0_1_U0/clk_gate_rbB_U_ram_reg_232_       3.9900     0.0      0.0000       3.9900 0.0000 SNPS_CLOCK_GATE_HIGH_tinytpu_isa_dma_ld_0_1_242
dma_ld_0_1_U0/clk_gate_rbB_U_ram_reg_233_       3.9900     0.0      0.0000       3.9900 0.0000 SNPS_CLOCK_GATE_HIGH_tinytpu_isa_dma_ld_0_1_243
dma_ld_0_1_U0/clk_gate_rbB_U_ram_reg_234_       3.9900     0.0      0.0000       3.9900 0.0000 SNPS_CLOCK_GATE_HIGH_tinytpu_isa_dma_ld_0_1_244
dma_ld_0_1_U0/clk_gate_rbB_U_ram_reg_235_       3.9900     0.0      0.0000       3.9900 0.0000 SNPS_CLOCK_GATE_HIGH_tinytpu_isa_dma_ld_0_1_245
dma_ld_0_1_U0/clk_gate_rbB_U_ram_reg_236_       3.9900     0.0      0.0000       3.9900 0.0000 SNPS_CLOCK_GATE_HIGH_tinytpu_isa_dma_ld_0_1_246
dma_ld_0_1_U0/clk_gate_rbB_U_ram_reg_237_       3.9900     0.0      0.0000       3.9900 0.0000 SNPS_CLOCK_GATE_HIGH_tinytpu_isa_dma_ld_0_1_247
dma_ld_0_1_U0/clk_gate_rbB_U_ram_reg_238_       3.9900     0.0      0.0000       3.9900 0.0000 SNPS_CLOCK_GATE_HIGH_tinytpu_isa_dma_ld_0_1_248
dma_ld_0_1_U0/clk_gate_rbB_U_ram_reg_239_       3.9900     0.0      0.0000       3.9900 0.0000 SNPS_CLOCK_GATE_HIGH_tinytpu_isa_dma_ld_0_1_249
dma_ld_0_1_U0/clk_gate_rbB_U_ram_reg_23_       3.9900     0.0      0.0000       3.9900 0.0000 SNPS_CLOCK_GATE_HIGH_tinytpu_isa_dma_ld_0_1_33
dma_ld_0_1_U0/clk_gate_rbB_U_ram_reg_240_       3.9900     0.0      0.0000       3.9900 0.0000 SNPS_CLOCK_GATE_HIGH_tinytpu_isa_dma_ld_0_1_250
dma_ld_0_1_U0/clk_gate_rbB_U_ram_reg_241_       3.9900     0.0      0.0000       3.9900 0.0000 SNPS_CLOCK_GATE_HIGH_tinytpu_isa_dma_ld_0_1_251
dma_ld_0_1_U0/clk_gate_rbB_U_ram_reg_242_       3.9900     0.0      0.0000       3.9900 0.0000 SNPS_CLOCK_GATE_HIGH_tinytpu_isa_dma_ld_0_1_252
dma_ld_0_1_U0/clk_gate_rbB_U_ram_reg_243_       3.9900     0.0      0.0000       3.9900 0.0000 SNPS_CLOCK_GATE_HIGH_tinytpu_isa_dma_ld_0_1_253
dma_ld_0_1_U0/clk_gate_rbB_U_ram_reg_244_       3.9900     0.0      0.0000       3.9900 0.0000 SNPS_CLOCK_GATE_HIGH_tinytpu_isa_dma_ld_0_1_254
dma_ld_0_1_U0/clk_gate_rbB_U_ram_reg_245_       3.9900     0.0      0.0000       3.9900 0.0000 SNPS_CLOCK_GATE_HIGH_tinytpu_isa_dma_ld_0_1_255
dma_ld_0_1_U0/clk_gate_rbB_U_ram_reg_246_       3.9900     0.0      0.0000       3.9900 0.0000 SNPS_CLOCK_GATE_HIGH_tinytpu_isa_dma_ld_0_1_256
dma_ld_0_1_U0/clk_gate_rbB_U_ram_reg_247_       3.9900     0.0      0.0000       3.9900 0.0000 SNPS_CLOCK_GATE_HIGH_tinytpu_isa_dma_ld_0_1_257
dma_ld_0_1_U0/clk_gate_rbB_U_ram_reg_248_       3.9900     0.0      0.0000       3.9900 0.0000 SNPS_CLOCK_GATE_HIGH_tinytpu_isa_dma_ld_0_1_258
dma_ld_0_1_U0/clk_gate_rbB_U_ram_reg_249_       3.9900     0.0      0.0000       3.9900 0.0000 SNPS_CLOCK_GATE_HIGH_tinytpu_isa_dma_ld_0_1_259
dma_ld_0_1_U0/clk_gate_rbB_U_ram_reg_24_       3.9900     0.0      0.0000       3.9900 0.0000 SNPS_CLOCK_GATE_HIGH_tinytpu_isa_dma_ld_0_1_34
dma_ld_0_1_U0/clk_gate_rbB_U_ram_reg_250_       3.9900     0.0      0.0000       3.9900 0.0000 SNPS_CLOCK_GATE_HIGH_tinytpu_isa_dma_ld_0_1_260
dma_ld_0_1_U0/clk_gate_rbB_U_ram_reg_251_       3.9900     0.0      0.0000       3.9900 0.0000 SNPS_CLOCK_GATE_HIGH_tinytpu_isa_dma_ld_0_1_261
dma_ld_0_1_U0/clk_gate_rbB_U_ram_reg_252_       3.9900     0.0      0.0000       3.9900 0.0000 SNPS_CLOCK_GATE_HIGH_tinytpu_isa_dma_ld_0_1_262
dma_ld_0_1_U0/clk_gate_rbB_U_ram_reg_253_       3.9900     0.0      0.0000       3.9900 0.0000 SNPS_CLOCK_GATE_HIGH_tinytpu_isa_dma_ld_0_1_263
dma_ld_0_1_U0/clk_gate_rbB_U_ram_reg_254_       3.9900     0.0      0.0000       3.9900 0.0000 SNPS_CLOCK_GATE_HIGH_tinytpu_isa_dma_ld_0_1_264
dma_ld_0_1_U0/clk_gate_rbB_U_ram_reg_255_       3.9900     0.0      0.0000       3.9900 0.0000 SNPS_CLOCK_GATE_HIGH_tinytpu_isa_dma_ld_0_1_265
dma_ld_0_1_U0/clk_gate_rbB_U_ram_reg_256_       3.9900     0.0      0.0000       3.9900 0.0000 SNPS_CLOCK_GATE_HIGH_tinytpu_isa_dma_ld_0_1_266
dma_ld_0_1_U0/clk_gate_rbB_U_ram_reg_257_       3.9900     0.0      0.0000       3.9900 0.0000 SNPS_CLOCK_GATE_HIGH_tinytpu_isa_dma_ld_0_1_267
dma_ld_0_1_U0/clk_gate_rbB_U_ram_reg_258_       3.9900     0.0      0.0000       3.9900 0.0000 SNPS_CLOCK_GATE_HIGH_tinytpu_isa_dma_ld_0_1_268
dma_ld_0_1_U0/clk_gate_rbB_U_ram_reg_259_       3.9900     0.0      0.0000       3.9900 0.0000 SNPS_CLOCK_GATE_HIGH_tinytpu_isa_dma_ld_0_1_269
dma_ld_0_1_U0/clk_gate_rbB_U_ram_reg_25_       3.9900     0.0      0.0000       3.9900 0.0000 SNPS_CLOCK_GATE_HIGH_tinytpu_isa_dma_ld_0_1_35
dma_ld_0_1_U0/clk_gate_rbB_U_ram_reg_260_       3.9900     0.0      0.0000       3.9900 0.0000 SNPS_CLOCK_GATE_HIGH_tinytpu_isa_dma_ld_0_1_270
dma_ld_0_1_U0/clk_gate_rbB_U_ram_reg_261_       3.9900     0.0      0.0000       3.9900 0.0000 SNPS_CLOCK_GATE_HIGH_tinytpu_isa_dma_ld_0_1_271
dma_ld_0_1_U0/clk_gate_rbB_U_ram_reg_262_       3.9900     0.0      0.0000       3.9900 0.0000 SNPS_CLOCK_GATE_HIGH_tinytpu_isa_dma_ld_0_1_272
dma_ld_0_1_U0/clk_gate_rbB_U_ram_reg_263_       3.9900     0.0      0.0000       3.9900 0.0000 SNPS_CLOCK_GATE_HIGH_tinytpu_isa_dma_ld_0_1_273
dma_ld_0_1_U0/clk_gate_rbB_U_ram_reg_264_       3.9900     0.0      0.0000       3.9900 0.0000 SNPS_CLOCK_GATE_HIGH_tinytpu_isa_dma_ld_0_1_274
dma_ld_0_1_U0/clk_gate_rbB_U_ram_reg_265_       3.9900     0.0      0.0000       3.9900 0.0000 SNPS_CLOCK_GATE_HIGH_tinytpu_isa_dma_ld_0_1_275
dma_ld_0_1_U0/clk_gate_rbB_U_ram_reg_266_       3.9900     0.0      0.0000       3.9900 0.0000 SNPS_CLOCK_GATE_HIGH_tinytpu_isa_dma_ld_0_1_276
dma_ld_0_1_U0/clk_gate_rbB_U_ram_reg_267_       3.9900     0.0      0.0000       3.9900 0.0000 SNPS_CLOCK_GATE_HIGH_tinytpu_isa_dma_ld_0_1_277
dma_ld_0_1_U0/clk_gate_rbB_U_ram_reg_268_       3.9900     0.0      0.0000       3.9900 0.0000 SNPS_CLOCK_GATE_HIGH_tinytpu_isa_dma_ld_0_1_278
dma_ld_0_1_U0/clk_gate_rbB_U_ram_reg_269_       3.9900     0.0      0.0000       3.9900 0.0000 SNPS_CLOCK_GATE_HIGH_tinytpu_isa_dma_ld_0_1_279
dma_ld_0_1_U0/clk_gate_rbB_U_ram_reg_26_       3.9900     0.0      0.0000       3.9900 0.0000 SNPS_CLOCK_GATE_HIGH_tinytpu_isa_dma_ld_0_1_36
dma_ld_0_1_U0/clk_gate_rbB_U_ram_reg_270_       3.9900     0.0      0.0000       3.9900 0.0000 SNPS_CLOCK_GATE_HIGH_tinytpu_isa_dma_ld_0_1_280
dma_ld_0_1_U0/clk_gate_rbB_U_ram_reg_271_       3.9900     0.0      0.0000       3.9900 0.0000 SNPS_CLOCK_GATE_HIGH_tinytpu_isa_dma_ld_0_1_281
dma_ld_0_1_U0/clk_gate_rbB_U_ram_reg_272_       3.9900     0.0      0.0000       3.9900 0.0000 SNPS_CLOCK_GATE_HIGH_tinytpu_isa_dma_ld_0_1_282
dma_ld_0_1_U0/clk_gate_rbB_U_ram_reg_273_       3.9900     0.0      0.0000       3.9900 0.0000 SNPS_CLOCK_GATE_HIGH_tinytpu_isa_dma_ld_0_1_283
dma_ld_0_1_U0/clk_gate_rbB_U_ram_reg_274_       3.9900     0.0      0.0000       3.9900 0.0000 SNPS_CLOCK_GATE_HIGH_tinytpu_isa_dma_ld_0_1_284
dma_ld_0_1_U0/clk_gate_rbB_U_ram_reg_275_       3.9900     0.0      0.0000       3.9900 0.0000 SNPS_CLOCK_GATE_HIGH_tinytpu_isa_dma_ld_0_1_285
dma_ld_0_1_U0/clk_gate_rbB_U_ram_reg_276_       3.9900     0.0      0.0000       3.9900 0.0000 SNPS_CLOCK_GATE_HIGH_tinytpu_isa_dma_ld_0_1_286
dma_ld_0_1_U0/clk_gate_rbB_U_ram_reg_277_       3.9900     0.0      0.0000       3.9900 0.0000 SNPS_CLOCK_GATE_HIGH_tinytpu_isa_dma_ld_0_1_287
dma_ld_0_1_U0/clk_gate_rbB_U_ram_reg_278_       3.9900     0.0      0.0000       3.9900 0.0000 SNPS_CLOCK_GATE_HIGH_tinytpu_isa_dma_ld_0_1_288
dma_ld_0_1_U0/clk_gate_rbB_U_ram_reg_279_       3.9900     0.0      0.0000       3.9900 0.0000 SNPS_CLOCK_GATE_HIGH_tinytpu_isa_dma_ld_0_1_289
dma_ld_0_1_U0/clk_gate_rbB_U_ram_reg_27_       3.9900     0.0      0.0000       3.9900 0.0000 SNPS_CLOCK_GATE_HIGH_tinytpu_isa_dma_ld_0_1_37
dma_ld_0_1_U0/clk_gate_rbB_U_ram_reg_280_       3.9900     0.0      0.0000       3.9900 0.0000 SNPS_CLOCK_GATE_HIGH_tinytpu_isa_dma_ld_0_1_290
dma_ld_0_1_U0/clk_gate_rbB_U_ram_reg_281_       3.9900     0.0      0.0000       3.9900 0.0000 SNPS_CLOCK_GATE_HIGH_tinytpu_isa_dma_ld_0_1_291
dma_ld_0_1_U0/clk_gate_rbB_U_ram_reg_282_       3.9900     0.0      0.0000       3.9900 0.0000 SNPS_CLOCK_GATE_HIGH_tinytpu_isa_dma_ld_0_1_292
dma_ld_0_1_U0/clk_gate_rbB_U_ram_reg_283_       3.9900     0.0      0.0000       3.9900 0.0000 SNPS_CLOCK_GATE_HIGH_tinytpu_isa_dma_ld_0_1_293
dma_ld_0_1_U0/clk_gate_rbB_U_ram_reg_284_       3.9900     0.0      0.0000       3.9900 0.0000 SNPS_CLOCK_GATE_HIGH_tinytpu_isa_dma_ld_0_1_294
dma_ld_0_1_U0/clk_gate_rbB_U_ram_reg_285_       3.9900     0.0      0.0000       3.9900 0.0000 SNPS_CLOCK_GATE_HIGH_tinytpu_isa_dma_ld_0_1_295
dma_ld_0_1_U0/clk_gate_rbB_U_ram_reg_286_       3.9900     0.0      0.0000       3.9900 0.0000 SNPS_CLOCK_GATE_HIGH_tinytpu_isa_dma_ld_0_1_296
dma_ld_0_1_U0/clk_gate_rbB_U_ram_reg_287_       3.9900     0.0      0.0000       3.9900 0.0000 SNPS_CLOCK_GATE_HIGH_tinytpu_isa_dma_ld_0_1_297
dma_ld_0_1_U0/clk_gate_rbB_U_ram_reg_288_       3.9900     0.0      0.0000       3.9900 0.0000 SNPS_CLOCK_GATE_HIGH_tinytpu_isa_dma_ld_0_1_298
dma_ld_0_1_U0/clk_gate_rbB_U_ram_reg_289_       3.9900     0.0      0.0000       3.9900 0.0000 SNPS_CLOCK_GATE_HIGH_tinytpu_isa_dma_ld_0_1_299
dma_ld_0_1_U0/clk_gate_rbB_U_ram_reg_28_       3.9900     0.0      0.0000       3.9900 0.0000 SNPS_CLOCK_GATE_HIGH_tinytpu_isa_dma_ld_0_1_38
dma_ld_0_1_U0/clk_gate_rbB_U_ram_reg_290_       3.9900     0.0      0.0000       3.9900 0.0000 SNPS_CLOCK_GATE_HIGH_tinytpu_isa_dma_ld_0_1_300
dma_ld_0_1_U0/clk_gate_rbB_U_ram_reg_291_       3.9900     0.0      0.0000       3.9900 0.0000 SNPS_CLOCK_GATE_HIGH_tinytpu_isa_dma_ld_0_1_301
dma_ld_0_1_U0/clk_gate_rbB_U_ram_reg_292_       3.9900     0.0      0.0000       3.9900 0.0000 SNPS_CLOCK_GATE_HIGH_tinytpu_isa_dma_ld_0_1_302
dma_ld_0_1_U0/clk_gate_rbB_U_ram_reg_293_       3.9900     0.0      0.0000       3.9900 0.0000 SNPS_CLOCK_GATE_HIGH_tinytpu_isa_dma_ld_0_1_303
dma_ld_0_1_U0/clk_gate_rbB_U_ram_reg_294_       3.9900     0.0      0.0000       3.9900 0.0000 SNPS_CLOCK_GATE_HIGH_tinytpu_isa_dma_ld_0_1_304
dma_ld_0_1_U0/clk_gate_rbB_U_ram_reg_295_       3.9900     0.0      0.0000       3.9900 0.0000 SNPS_CLOCK_GATE_HIGH_tinytpu_isa_dma_ld_0_1_305
dma_ld_0_1_U0/clk_gate_rbB_U_ram_reg_296_       3.9900     0.0      0.0000       3.9900 0.0000 SNPS_CLOCK_GATE_HIGH_tinytpu_isa_dma_ld_0_1_306
dma_ld_0_1_U0/clk_gate_rbB_U_ram_reg_297_       3.9900     0.0      0.0000       3.9900 0.0000 SNPS_CLOCK_GATE_HIGH_tinytpu_isa_dma_ld_0_1_307
dma_ld_0_1_U0/clk_gate_rbB_U_ram_reg_298_       3.9900     0.0      0.0000       3.9900 0.0000 SNPS_CLOCK_GATE_HIGH_tinytpu_isa_dma_ld_0_1_308
dma_ld_0_1_U0/clk_gate_rbB_U_ram_reg_299_       3.9900     0.0      0.0000       3.9900 0.0000 SNPS_CLOCK_GATE_HIGH_tinytpu_isa_dma_ld_0_1_309
dma_ld_0_1_U0/clk_gate_rbB_U_ram_reg_29_       3.9900     0.0      0.0000       3.9900 0.0000 SNPS_CLOCK_GATE_HIGH_tinytpu_isa_dma_ld_0_1_39
dma_ld_0_1_U0/clk_gate_rbB_U_ram_reg_2_       3.9900     0.0      0.0000       3.9900 0.0000 SNPS_CLOCK_GATE_HIGH_tinytpu_isa_dma_ld_0_1_12
dma_ld_0_1_U0/clk_gate_rbB_U_ram_reg_300_       3.9900     0.0      0.0000       3.9900 0.0000 SNPS_CLOCK_GATE_HIGH_tinytpu_isa_dma_ld_0_1_310
dma_ld_0_1_U0/clk_gate_rbB_U_ram_reg_301_       3.9900     0.0      0.0000       3.9900 0.0000 SNPS_CLOCK_GATE_HIGH_tinytpu_isa_dma_ld_0_1_311
dma_ld_0_1_U0/clk_gate_rbB_U_ram_reg_302_       3.9900     0.0      0.0000       3.9900 0.0000 SNPS_CLOCK_GATE_HIGH_tinytpu_isa_dma_ld_0_1_312
dma_ld_0_1_U0/clk_gate_rbB_U_ram_reg_303_       3.9900     0.0      0.0000       3.9900 0.0000 SNPS_CLOCK_GATE_HIGH_tinytpu_isa_dma_ld_0_1_313
dma_ld_0_1_U0/clk_gate_rbB_U_ram_reg_304_       3.9900     0.0      0.0000       3.9900 0.0000 SNPS_CLOCK_GATE_HIGH_tinytpu_isa_dma_ld_0_1_314
dma_ld_0_1_U0/clk_gate_rbB_U_ram_reg_305_       3.9900     0.0      0.0000       3.9900 0.0000 SNPS_CLOCK_GATE_HIGH_tinytpu_isa_dma_ld_0_1_315
dma_ld_0_1_U0/clk_gate_rbB_U_ram_reg_306_       3.9900     0.0      0.0000       3.9900 0.0000 SNPS_CLOCK_GATE_HIGH_tinytpu_isa_dma_ld_0_1_316
dma_ld_0_1_U0/clk_gate_rbB_U_ram_reg_307_       3.9900     0.0      0.0000       3.9900 0.0000 SNPS_CLOCK_GATE_HIGH_tinytpu_isa_dma_ld_0_1_317
dma_ld_0_1_U0/clk_gate_rbB_U_ram_reg_308_       3.9900     0.0      0.0000       3.9900 0.0000 SNPS_CLOCK_GATE_HIGH_tinytpu_isa_dma_ld_0_1_318
dma_ld_0_1_U0/clk_gate_rbB_U_ram_reg_309_       3.9900     0.0      0.0000       3.9900 0.0000 SNPS_CLOCK_GATE_HIGH_tinytpu_isa_dma_ld_0_1_319
dma_ld_0_1_U0/clk_gate_rbB_U_ram_reg_30_       3.9900     0.0      0.0000       3.9900 0.0000 SNPS_CLOCK_GATE_HIGH_tinytpu_isa_dma_ld_0_1_40
dma_ld_0_1_U0/clk_gate_rbB_U_ram_reg_310_       3.9900     0.0      0.0000       3.9900 0.0000 SNPS_CLOCK_GATE_HIGH_tinytpu_isa_dma_ld_0_1_320
dma_ld_0_1_U0/clk_gate_rbB_U_ram_reg_311_       3.9900     0.0      0.0000       3.9900 0.0000 SNPS_CLOCK_GATE_HIGH_tinytpu_isa_dma_ld_0_1_321
dma_ld_0_1_U0/clk_gate_rbB_U_ram_reg_312_       3.9900     0.0      0.0000       3.9900 0.0000 SNPS_CLOCK_GATE_HIGH_tinytpu_isa_dma_ld_0_1_322
dma_ld_0_1_U0/clk_gate_rbB_U_ram_reg_313_       3.9900     0.0      0.0000       3.9900 0.0000 SNPS_CLOCK_GATE_HIGH_tinytpu_isa_dma_ld_0_1_323
dma_ld_0_1_U0/clk_gate_rbB_U_ram_reg_314_       3.9900     0.0      0.0000       3.9900 0.0000 SNPS_CLOCK_GATE_HIGH_tinytpu_isa_dma_ld_0_1_324
dma_ld_0_1_U0/clk_gate_rbB_U_ram_reg_315_       3.9900     0.0      0.0000       3.9900 0.0000 SNPS_CLOCK_GATE_HIGH_tinytpu_isa_dma_ld_0_1_325
dma_ld_0_1_U0/clk_gate_rbB_U_ram_reg_316_       3.9900     0.0      0.0000       3.9900 0.0000 SNPS_CLOCK_GATE_HIGH_tinytpu_isa_dma_ld_0_1_326
dma_ld_0_1_U0/clk_gate_rbB_U_ram_reg_317_       3.9900     0.0      0.0000       3.9900 0.0000 SNPS_CLOCK_GATE_HIGH_tinytpu_isa_dma_ld_0_1_327
dma_ld_0_1_U0/clk_gate_rbB_U_ram_reg_318_       3.9900     0.0      0.0000       3.9900 0.0000 SNPS_CLOCK_GATE_HIGH_tinytpu_isa_dma_ld_0_1_328
dma_ld_0_1_U0/clk_gate_rbB_U_ram_reg_319_       3.9900     0.0      0.0000       3.9900 0.0000 SNPS_CLOCK_GATE_HIGH_tinytpu_isa_dma_ld_0_1_329
dma_ld_0_1_U0/clk_gate_rbB_U_ram_reg_31_       3.9900     0.0      0.0000       3.9900 0.0000 SNPS_CLOCK_GATE_HIGH_tinytpu_isa_dma_ld_0_1_41
dma_ld_0_1_U0/clk_gate_rbB_U_ram_reg_320_       3.9900     0.0      0.0000       3.9900 0.0000 SNPS_CLOCK_GATE_HIGH_tinytpu_isa_dma_ld_0_1_330
dma_ld_0_1_U0/clk_gate_rbB_U_ram_reg_321_       3.9900     0.0      0.0000       3.9900 0.0000 SNPS_CLOCK_GATE_HIGH_tinytpu_isa_dma_ld_0_1_331
dma_ld_0_1_U0/clk_gate_rbB_U_ram_reg_322_       3.9900     0.0      0.0000       3.9900 0.0000 SNPS_CLOCK_GATE_HIGH_tinytpu_isa_dma_ld_0_1_332
dma_ld_0_1_U0/clk_gate_rbB_U_ram_reg_323_       3.9900     0.0      0.0000       3.9900 0.0000 SNPS_CLOCK_GATE_HIGH_tinytpu_isa_dma_ld_0_1_333
dma_ld_0_1_U0/clk_gate_rbB_U_ram_reg_324_       3.9900     0.0      0.0000       3.9900 0.0000 SNPS_CLOCK_GATE_HIGH_tinytpu_isa_dma_ld_0_1_334
dma_ld_0_1_U0/clk_gate_rbB_U_ram_reg_325_       3.9900     0.0      0.0000       3.9900 0.0000 SNPS_CLOCK_GATE_HIGH_tinytpu_isa_dma_ld_0_1_335
dma_ld_0_1_U0/clk_gate_rbB_U_ram_reg_326_       3.9900     0.0      0.0000       3.9900 0.0000 SNPS_CLOCK_GATE_HIGH_tinytpu_isa_dma_ld_0_1_336
dma_ld_0_1_U0/clk_gate_rbB_U_ram_reg_327_       3.9900     0.0      0.0000       3.9900 0.0000 SNPS_CLOCK_GATE_HIGH_tinytpu_isa_dma_ld_0_1_337
dma_ld_0_1_U0/clk_gate_rbB_U_ram_reg_328_       3.9900     0.0      0.0000       3.9900 0.0000 SNPS_CLOCK_GATE_HIGH_tinytpu_isa_dma_ld_0_1_338
dma_ld_0_1_U0/clk_gate_rbB_U_ram_reg_329_       3.9900     0.0      0.0000       3.9900 0.0000 SNPS_CLOCK_GATE_HIGH_tinytpu_isa_dma_ld_0_1_339
dma_ld_0_1_U0/clk_gate_rbB_U_ram_reg_32_       3.9900     0.0      0.0000       3.9900 0.0000 SNPS_CLOCK_GATE_HIGH_tinytpu_isa_dma_ld_0_1_42
dma_ld_0_1_U0/clk_gate_rbB_U_ram_reg_330_       3.9900     0.0      0.0000       3.9900 0.0000 SNPS_CLOCK_GATE_HIGH_tinytpu_isa_dma_ld_0_1_340
dma_ld_0_1_U0/clk_gate_rbB_U_ram_reg_331_       3.9900     0.0      0.0000       3.9900 0.0000 SNPS_CLOCK_GATE_HIGH_tinytpu_isa_dma_ld_0_1_341
dma_ld_0_1_U0/clk_gate_rbB_U_ram_reg_332_       3.9900     0.0      0.0000       3.9900 0.0000 SNPS_CLOCK_GATE_HIGH_tinytpu_isa_dma_ld_0_1_342
dma_ld_0_1_U0/clk_gate_rbB_U_ram_reg_333_       3.9900     0.0      0.0000       3.9900 0.0000 SNPS_CLOCK_GATE_HIGH_tinytpu_isa_dma_ld_0_1_343
dma_ld_0_1_U0/clk_gate_rbB_U_ram_reg_334_       3.9900     0.0      0.0000       3.9900 0.0000 SNPS_CLOCK_GATE_HIGH_tinytpu_isa_dma_ld_0_1_344
dma_ld_0_1_U0/clk_gate_rbB_U_ram_reg_335_       3.9900     0.0      0.0000       3.9900 0.0000 SNPS_CLOCK_GATE_HIGH_tinytpu_isa_dma_ld_0_1_345
dma_ld_0_1_U0/clk_gate_rbB_U_ram_reg_336_       3.9900     0.0      0.0000       3.9900 0.0000 SNPS_CLOCK_GATE_HIGH_tinytpu_isa_dma_ld_0_1_346
dma_ld_0_1_U0/clk_gate_rbB_U_ram_reg_337_       3.9900     0.0      0.0000       3.9900 0.0000 SNPS_CLOCK_GATE_HIGH_tinytpu_isa_dma_ld_0_1_347
dma_ld_0_1_U0/clk_gate_rbB_U_ram_reg_338_       3.9900     0.0      0.0000       3.9900 0.0000 SNPS_CLOCK_GATE_HIGH_tinytpu_isa_dma_ld_0_1_348
dma_ld_0_1_U0/clk_gate_rbB_U_ram_reg_339_       3.9900     0.0      0.0000       3.9900 0.0000 SNPS_CLOCK_GATE_HIGH_tinytpu_isa_dma_ld_0_1_349
dma_ld_0_1_U0/clk_gate_rbB_U_ram_reg_33_       3.9900     0.0      0.0000       3.9900 0.0000 SNPS_CLOCK_GATE_HIGH_tinytpu_isa_dma_ld_0_1_43
dma_ld_0_1_U0/clk_gate_rbB_U_ram_reg_340_       3.9900     0.0      0.0000       3.9900 0.0000 SNPS_CLOCK_GATE_HIGH_tinytpu_isa_dma_ld_0_1_350
dma_ld_0_1_U0/clk_gate_rbB_U_ram_reg_341_       3.9900     0.0      0.0000       3.9900 0.0000 SNPS_CLOCK_GATE_HIGH_tinytpu_isa_dma_ld_0_1_351
dma_ld_0_1_U0/clk_gate_rbB_U_ram_reg_342_       3.9900     0.0      0.0000       3.9900 0.0000 SNPS_CLOCK_GATE_HIGH_tinytpu_isa_dma_ld_0_1_352
dma_ld_0_1_U0/clk_gate_rbB_U_ram_reg_343_       3.9900     0.0      0.0000       3.9900 0.0000 SNPS_CLOCK_GATE_HIGH_tinytpu_isa_dma_ld_0_1_353
dma_ld_0_1_U0/clk_gate_rbB_U_ram_reg_344_       3.9900     0.0      0.0000       3.9900 0.0000 SNPS_CLOCK_GATE_HIGH_tinytpu_isa_dma_ld_0_1_354
dma_ld_0_1_U0/clk_gate_rbB_U_ram_reg_345_       3.9900     0.0      0.0000       3.9900 0.0000 SNPS_CLOCK_GATE_HIGH_tinytpu_isa_dma_ld_0_1_355
dma_ld_0_1_U0/clk_gate_rbB_U_ram_reg_346_       3.9900     0.0      0.0000       3.9900 0.0000 SNPS_CLOCK_GATE_HIGH_tinytpu_isa_dma_ld_0_1_356
dma_ld_0_1_U0/clk_gate_rbB_U_ram_reg_347_       3.9900     0.0      0.0000       3.9900 0.0000 SNPS_CLOCK_GATE_HIGH_tinytpu_isa_dma_ld_0_1_357
dma_ld_0_1_U0/clk_gate_rbB_U_ram_reg_348_       3.9900     0.0      0.0000       3.9900 0.0000 SNPS_CLOCK_GATE_HIGH_tinytpu_isa_dma_ld_0_1_358
dma_ld_0_1_U0/clk_gate_rbB_U_ram_reg_349_       3.9900     0.0      0.0000       3.9900 0.0000 SNPS_CLOCK_GATE_HIGH_tinytpu_isa_dma_ld_0_1_359
dma_ld_0_1_U0/clk_gate_rbB_U_ram_reg_34_       3.9900     0.0      0.0000       3.9900 0.0000 SNPS_CLOCK_GATE_HIGH_tinytpu_isa_dma_ld_0_1_44
dma_ld_0_1_U0/clk_gate_rbB_U_ram_reg_350_       3.9900     0.0      0.0000       3.9900 0.0000 SNPS_CLOCK_GATE_HIGH_tinytpu_isa_dma_ld_0_1_360
dma_ld_0_1_U0/clk_gate_rbB_U_ram_reg_351_       3.9900     0.0      0.0000       3.9900 0.0000 SNPS_CLOCK_GATE_HIGH_tinytpu_isa_dma_ld_0_1_361
dma_ld_0_1_U0/clk_gate_rbB_U_ram_reg_352_       3.9900     0.0      0.0000       3.9900 0.0000 SNPS_CLOCK_GATE_HIGH_tinytpu_isa_dma_ld_0_1_362
dma_ld_0_1_U0/clk_gate_rbB_U_ram_reg_353_       3.9900     0.0      0.0000       3.9900 0.0000 SNPS_CLOCK_GATE_HIGH_tinytpu_isa_dma_ld_0_1_363
dma_ld_0_1_U0/clk_gate_rbB_U_ram_reg_354_       3.9900     0.0      0.0000       3.9900 0.0000 SNPS_CLOCK_GATE_HIGH_tinytpu_isa_dma_ld_0_1_364
dma_ld_0_1_U0/clk_gate_rbB_U_ram_reg_355_       3.9900     0.0      0.0000       3.9900 0.0000 SNPS_CLOCK_GATE_HIGH_tinytpu_isa_dma_ld_0_1_365
dma_ld_0_1_U0/clk_gate_rbB_U_ram_reg_356_       3.9900     0.0      0.0000       3.9900 0.0000 SNPS_CLOCK_GATE_HIGH_tinytpu_isa_dma_ld_0_1_366
dma_ld_0_1_U0/clk_gate_rbB_U_ram_reg_357_       3.9900     0.0      0.0000       3.9900 0.0000 SNPS_CLOCK_GATE_HIGH_tinytpu_isa_dma_ld_0_1_367
dma_ld_0_1_U0/clk_gate_rbB_U_ram_reg_358_       3.9900     0.0      0.0000       3.9900 0.0000 SNPS_CLOCK_GATE_HIGH_tinytpu_isa_dma_ld_0_1_368
dma_ld_0_1_U0/clk_gate_rbB_U_ram_reg_359_       3.9900     0.0      0.0000       3.9900 0.0000 SNPS_CLOCK_GATE_HIGH_tinytpu_isa_dma_ld_0_1_369
dma_ld_0_1_U0/clk_gate_rbB_U_ram_reg_35_       3.9900     0.0      0.0000       3.9900 0.0000 SNPS_CLOCK_GATE_HIGH_tinytpu_isa_dma_ld_0_1_45
dma_ld_0_1_U0/clk_gate_rbB_U_ram_reg_360_       3.9900     0.0      0.0000       3.9900 0.0000 SNPS_CLOCK_GATE_HIGH_tinytpu_isa_dma_ld_0_1_370
dma_ld_0_1_U0/clk_gate_rbB_U_ram_reg_361_       3.9900     0.0      0.0000       3.9900 0.0000 SNPS_CLOCK_GATE_HIGH_tinytpu_isa_dma_ld_0_1_371
dma_ld_0_1_U0/clk_gate_rbB_U_ram_reg_362_       3.9900     0.0      0.0000       3.9900 0.0000 SNPS_CLOCK_GATE_HIGH_tinytpu_isa_dma_ld_0_1_372
dma_ld_0_1_U0/clk_gate_rbB_U_ram_reg_363_       3.9900     0.0      0.0000       3.9900 0.0000 SNPS_CLOCK_GATE_HIGH_tinytpu_isa_dma_ld_0_1_373
dma_ld_0_1_U0/clk_gate_rbB_U_ram_reg_364_       3.9900     0.0      0.0000       3.9900 0.0000 SNPS_CLOCK_GATE_HIGH_tinytpu_isa_dma_ld_0_1_374
dma_ld_0_1_U0/clk_gate_rbB_U_ram_reg_365_       3.9900     0.0      0.0000       3.9900 0.0000 SNPS_CLOCK_GATE_HIGH_tinytpu_isa_dma_ld_0_1_375
dma_ld_0_1_U0/clk_gate_rbB_U_ram_reg_366_       3.9900     0.0      0.0000       3.9900 0.0000 SNPS_CLOCK_GATE_HIGH_tinytpu_isa_dma_ld_0_1_376
dma_ld_0_1_U0/clk_gate_rbB_U_ram_reg_367_       3.9900     0.0      0.0000       3.9900 0.0000 SNPS_CLOCK_GATE_HIGH_tinytpu_isa_dma_ld_0_1_377
dma_ld_0_1_U0/clk_gate_rbB_U_ram_reg_368_       3.9900     0.0      0.0000       3.9900 0.0000 SNPS_CLOCK_GATE_HIGH_tinytpu_isa_dma_ld_0_1_378
dma_ld_0_1_U0/clk_gate_rbB_U_ram_reg_369_       3.9900     0.0      0.0000       3.9900 0.0000 SNPS_CLOCK_GATE_HIGH_tinytpu_isa_dma_ld_0_1_379
dma_ld_0_1_U0/clk_gate_rbB_U_ram_reg_36_       3.9900     0.0      0.0000       3.9900 0.0000 SNPS_CLOCK_GATE_HIGH_tinytpu_isa_dma_ld_0_1_46
dma_ld_0_1_U0/clk_gate_rbB_U_ram_reg_370_       3.9900     0.0      0.0000       3.9900 0.0000 SNPS_CLOCK_GATE_HIGH_tinytpu_isa_dma_ld_0_1_380
dma_ld_0_1_U0/clk_gate_rbB_U_ram_reg_371_       3.9900     0.0      0.0000       3.9900 0.0000 SNPS_CLOCK_GATE_HIGH_tinytpu_isa_dma_ld_0_1_381
dma_ld_0_1_U0/clk_gate_rbB_U_ram_reg_372_       3.9900     0.0      0.0000       3.9900 0.0000 SNPS_CLOCK_GATE_HIGH_tinytpu_isa_dma_ld_0_1_382
dma_ld_0_1_U0/clk_gate_rbB_U_ram_reg_373_       3.9900     0.0      0.0000       3.9900 0.0000 SNPS_CLOCK_GATE_HIGH_tinytpu_isa_dma_ld_0_1_383
dma_ld_0_1_U0/clk_gate_rbB_U_ram_reg_374_       3.9900     0.0      0.0000       3.9900 0.0000 SNPS_CLOCK_GATE_HIGH_tinytpu_isa_dma_ld_0_1_384
dma_ld_0_1_U0/clk_gate_rbB_U_ram_reg_375_       3.9900     0.0      0.0000       3.9900 0.0000 SNPS_CLOCK_GATE_HIGH_tinytpu_isa_dma_ld_0_1_385
dma_ld_0_1_U0/clk_gate_rbB_U_ram_reg_376_       3.9900     0.0      0.0000       3.9900 0.0000 SNPS_CLOCK_GATE_HIGH_tinytpu_isa_dma_ld_0_1_386
dma_ld_0_1_U0/clk_gate_rbB_U_ram_reg_377_       3.9900     0.0      0.0000       3.9900 0.0000 SNPS_CLOCK_GATE_HIGH_tinytpu_isa_dma_ld_0_1_387
dma_ld_0_1_U0/clk_gate_rbB_U_ram_reg_378_       3.9900     0.0      0.0000       3.9900 0.0000 SNPS_CLOCK_GATE_HIGH_tinytpu_isa_dma_ld_0_1_388
dma_ld_0_1_U0/clk_gate_rbB_U_ram_reg_379_       3.9900     0.0      0.0000       3.9900 0.0000 SNPS_CLOCK_GATE_HIGH_tinytpu_isa_dma_ld_0_1_389
dma_ld_0_1_U0/clk_gate_rbB_U_ram_reg_37_       3.9900     0.0      0.0000       3.9900 0.0000 SNPS_CLOCK_GATE_HIGH_tinytpu_isa_dma_ld_0_1_47
dma_ld_0_1_U0/clk_gate_rbB_U_ram_reg_380_       3.9900     0.0      0.0000       3.9900 0.0000 SNPS_CLOCK_GATE_HIGH_tinytpu_isa_dma_ld_0_1_390
dma_ld_0_1_U0/clk_gate_rbB_U_ram_reg_381_       3.9900     0.0      0.0000       3.9900 0.0000 SNPS_CLOCK_GATE_HIGH_tinytpu_isa_dma_ld_0_1_391
dma_ld_0_1_U0/clk_gate_rbB_U_ram_reg_382_       3.9900     0.0      0.0000       3.9900 0.0000 SNPS_CLOCK_GATE_HIGH_tinytpu_isa_dma_ld_0_1_392
dma_ld_0_1_U0/clk_gate_rbB_U_ram_reg_383_       3.9900     0.0      0.0000       3.9900 0.0000 SNPS_CLOCK_GATE_HIGH_tinytpu_isa_dma_ld_0_1_393
dma_ld_0_1_U0/clk_gate_rbB_U_ram_reg_384_       3.9900     0.0      0.0000       3.9900 0.0000 SNPS_CLOCK_GATE_HIGH_tinytpu_isa_dma_ld_0_1_394
dma_ld_0_1_U0/clk_gate_rbB_U_ram_reg_385_       3.9900     0.0      0.0000       3.9900 0.0000 SNPS_CLOCK_GATE_HIGH_tinytpu_isa_dma_ld_0_1_395
dma_ld_0_1_U0/clk_gate_rbB_U_ram_reg_386_       3.9900     0.0      0.0000       3.9900 0.0000 SNPS_CLOCK_GATE_HIGH_tinytpu_isa_dma_ld_0_1_396
dma_ld_0_1_U0/clk_gate_rbB_U_ram_reg_387_       3.9900     0.0      0.0000       3.9900 0.0000 SNPS_CLOCK_GATE_HIGH_tinytpu_isa_dma_ld_0_1_397
dma_ld_0_1_U0/clk_gate_rbB_U_ram_reg_388_       3.9900     0.0      0.0000       3.9900 0.0000 SNPS_CLOCK_GATE_HIGH_tinytpu_isa_dma_ld_0_1_398
dma_ld_0_1_U0/clk_gate_rbB_U_ram_reg_389_       3.9900     0.0      0.0000       3.9900 0.0000 SNPS_CLOCK_GATE_HIGH_tinytpu_isa_dma_ld_0_1_399
dma_ld_0_1_U0/clk_gate_rbB_U_ram_reg_38_       3.9900     0.0      0.0000       3.9900 0.0000 SNPS_CLOCK_GATE_HIGH_tinytpu_isa_dma_ld_0_1_48
dma_ld_0_1_U0/clk_gate_rbB_U_ram_reg_390_       3.9900     0.0      0.0000       3.9900 0.0000 SNPS_CLOCK_GATE_HIGH_tinytpu_isa_dma_ld_0_1_400
dma_ld_0_1_U0/clk_gate_rbB_U_ram_reg_391_       3.9900     0.0      0.0000       3.9900 0.0000 SNPS_CLOCK_GATE_HIGH_tinytpu_isa_dma_ld_0_1_401
dma_ld_0_1_U0/clk_gate_rbB_U_ram_reg_392_       3.9900     0.0      0.0000       3.9900 0.0000 SNPS_CLOCK_GATE_HIGH_tinytpu_isa_dma_ld_0_1_402
dma_ld_0_1_U0/clk_gate_rbB_U_ram_reg_393_       3.9900     0.0      0.0000       3.9900 0.0000 SNPS_CLOCK_GATE_HIGH_tinytpu_isa_dma_ld_0_1_403
dma_ld_0_1_U0/clk_gate_rbB_U_ram_reg_394_       3.9900     0.0      0.0000       3.9900 0.0000 SNPS_CLOCK_GATE_HIGH_tinytpu_isa_dma_ld_0_1_404
dma_ld_0_1_U0/clk_gate_rbB_U_ram_reg_395_       3.9900     0.0      0.0000       3.9900 0.0000 SNPS_CLOCK_GATE_HIGH_tinytpu_isa_dma_ld_0_1_405
dma_ld_0_1_U0/clk_gate_rbB_U_ram_reg_396_       3.9900     0.0      0.0000       3.9900 0.0000 SNPS_CLOCK_GATE_HIGH_tinytpu_isa_dma_ld_0_1_406
dma_ld_0_1_U0/clk_gate_rbB_U_ram_reg_397_       3.9900     0.0      0.0000       3.9900 0.0000 SNPS_CLOCK_GATE_HIGH_tinytpu_isa_dma_ld_0_1_407
dma_ld_0_1_U0/clk_gate_rbB_U_ram_reg_398_       3.9900     0.0      0.0000       3.9900 0.0000 SNPS_CLOCK_GATE_HIGH_tinytpu_isa_dma_ld_0_1_408
dma_ld_0_1_U0/clk_gate_rbB_U_ram_reg_399_       3.9900     0.0      0.0000       3.9900 0.0000 SNPS_CLOCK_GATE_HIGH_tinytpu_isa_dma_ld_0_1_409
dma_ld_0_1_U0/clk_gate_rbB_U_ram_reg_39_       3.9900     0.0      0.0000       3.9900 0.0000 SNPS_CLOCK_GATE_HIGH_tinytpu_isa_dma_ld_0_1_49
dma_ld_0_1_U0/clk_gate_rbB_U_ram_reg_3_       3.9900     0.0      0.0000       3.9900 0.0000 SNPS_CLOCK_GATE_HIGH_tinytpu_isa_dma_ld_0_1_13
dma_ld_0_1_U0/clk_gate_rbB_U_ram_reg_400_       3.9900     0.0      0.0000       3.9900 0.0000 SNPS_CLOCK_GATE_HIGH_tinytpu_isa_dma_ld_0_1_410
dma_ld_0_1_U0/clk_gate_rbB_U_ram_reg_401_       3.9900     0.0      0.0000       3.9900 0.0000 SNPS_CLOCK_GATE_HIGH_tinytpu_isa_dma_ld_0_1_411
dma_ld_0_1_U0/clk_gate_rbB_U_ram_reg_402_       3.9900     0.0      0.0000       3.9900 0.0000 SNPS_CLOCK_GATE_HIGH_tinytpu_isa_dma_ld_0_1_412
dma_ld_0_1_U0/clk_gate_rbB_U_ram_reg_403_       3.9900     0.0      0.0000       3.9900 0.0000 SNPS_CLOCK_GATE_HIGH_tinytpu_isa_dma_ld_0_1_413
dma_ld_0_1_U0/clk_gate_rbB_U_ram_reg_404_       3.9900     0.0      0.0000       3.9900 0.0000 SNPS_CLOCK_GATE_HIGH_tinytpu_isa_dma_ld_0_1_414
dma_ld_0_1_U0/clk_gate_rbB_U_ram_reg_405_       3.9900     0.0      0.0000       3.9900 0.0000 SNPS_CLOCK_GATE_HIGH_tinytpu_isa_dma_ld_0_1_415
dma_ld_0_1_U0/clk_gate_rbB_U_ram_reg_406_       3.9900     0.0      0.0000       3.9900 0.0000 SNPS_CLOCK_GATE_HIGH_tinytpu_isa_dma_ld_0_1_416
dma_ld_0_1_U0/clk_gate_rbB_U_ram_reg_407_       3.9900     0.0      0.0000       3.9900 0.0000 SNPS_CLOCK_GATE_HIGH_tinytpu_isa_dma_ld_0_1_417
dma_ld_0_1_U0/clk_gate_rbB_U_ram_reg_408_       3.9900     0.0      0.0000       3.9900 0.0000 SNPS_CLOCK_GATE_HIGH_tinytpu_isa_dma_ld_0_1_418
dma_ld_0_1_U0/clk_gate_rbB_U_ram_reg_409_       3.9900     0.0      0.0000       3.9900 0.0000 SNPS_CLOCK_GATE_HIGH_tinytpu_isa_dma_ld_0_1_419
dma_ld_0_1_U0/clk_gate_rbB_U_ram_reg_40_       3.9900     0.0      0.0000       3.9900 0.0000 SNPS_CLOCK_GATE_HIGH_tinytpu_isa_dma_ld_0_1_50
dma_ld_0_1_U0/clk_gate_rbB_U_ram_reg_410_       3.9900     0.0      0.0000       3.9900 0.0000 SNPS_CLOCK_GATE_HIGH_tinytpu_isa_dma_ld_0_1_420
dma_ld_0_1_U0/clk_gate_rbB_U_ram_reg_411_       3.9900     0.0      0.0000       3.9900 0.0000 SNPS_CLOCK_GATE_HIGH_tinytpu_isa_dma_ld_0_1_421
dma_ld_0_1_U0/clk_gate_rbB_U_ram_reg_412_       3.9900     0.0      0.0000       3.9900 0.0000 SNPS_CLOCK_GATE_HIGH_tinytpu_isa_dma_ld_0_1_422
dma_ld_0_1_U0/clk_gate_rbB_U_ram_reg_413_       3.9900     0.0      0.0000       3.9900 0.0000 SNPS_CLOCK_GATE_HIGH_tinytpu_isa_dma_ld_0_1_423
dma_ld_0_1_U0/clk_gate_rbB_U_ram_reg_414_       3.9900     0.0      0.0000       3.9900 0.0000 SNPS_CLOCK_GATE_HIGH_tinytpu_isa_dma_ld_0_1_424
dma_ld_0_1_U0/clk_gate_rbB_U_ram_reg_415_       3.9900     0.0      0.0000       3.9900 0.0000 SNPS_CLOCK_GATE_HIGH_tinytpu_isa_dma_ld_0_1_425
dma_ld_0_1_U0/clk_gate_rbB_U_ram_reg_416_       3.9900     0.0      0.0000       3.9900 0.0000 SNPS_CLOCK_GATE_HIGH_tinytpu_isa_dma_ld_0_1_426
dma_ld_0_1_U0/clk_gate_rbB_U_ram_reg_417_       3.9900     0.0      0.0000       3.9900 0.0000 SNPS_CLOCK_GATE_HIGH_tinytpu_isa_dma_ld_0_1_427
dma_ld_0_1_U0/clk_gate_rbB_U_ram_reg_418_       3.9900     0.0      0.0000       3.9900 0.0000 SNPS_CLOCK_GATE_HIGH_tinytpu_isa_dma_ld_0_1_428
dma_ld_0_1_U0/clk_gate_rbB_U_ram_reg_419_       3.9900     0.0      0.0000       3.9900 0.0000 SNPS_CLOCK_GATE_HIGH_tinytpu_isa_dma_ld_0_1_429
dma_ld_0_1_U0/clk_gate_rbB_U_ram_reg_41_       3.9900     0.0      0.0000       3.9900 0.0000 SNPS_CLOCK_GATE_HIGH_tinytpu_isa_dma_ld_0_1_51
dma_ld_0_1_U0/clk_gate_rbB_U_ram_reg_420_       3.9900     0.0      0.0000       3.9900 0.0000 SNPS_CLOCK_GATE_HIGH_tinytpu_isa_dma_ld_0_1_430
dma_ld_0_1_U0/clk_gate_rbB_U_ram_reg_421_       3.9900     0.0      0.0000       3.9900 0.0000 SNPS_CLOCK_GATE_HIGH_tinytpu_isa_dma_ld_0_1_431
dma_ld_0_1_U0/clk_gate_rbB_U_ram_reg_422_       3.9900     0.0      0.0000       3.9900 0.0000 SNPS_CLOCK_GATE_HIGH_tinytpu_isa_dma_ld_0_1_432
dma_ld_0_1_U0/clk_gate_rbB_U_ram_reg_423_       3.9900     0.0      0.0000       3.9900 0.0000 SNPS_CLOCK_GATE_HIGH_tinytpu_isa_dma_ld_0_1_433
dma_ld_0_1_U0/clk_gate_rbB_U_ram_reg_424_       3.9900     0.0      0.0000       3.9900 0.0000 SNPS_CLOCK_GATE_HIGH_tinytpu_isa_dma_ld_0_1_434
dma_ld_0_1_U0/clk_gate_rbB_U_ram_reg_425_       3.9900     0.0      0.0000       3.9900 0.0000 SNPS_CLOCK_GATE_HIGH_tinytpu_isa_dma_ld_0_1_435
dma_ld_0_1_U0/clk_gate_rbB_U_ram_reg_426_       3.9900     0.0      0.0000       3.9900 0.0000 SNPS_CLOCK_GATE_HIGH_tinytpu_isa_dma_ld_0_1_436
dma_ld_0_1_U0/clk_gate_rbB_U_ram_reg_427_       3.9900     0.0      0.0000       3.9900 0.0000 SNPS_CLOCK_GATE_HIGH_tinytpu_isa_dma_ld_0_1_437
dma_ld_0_1_U0/clk_gate_rbB_U_ram_reg_428_       3.9900     0.0      0.0000       3.9900 0.0000 SNPS_CLOCK_GATE_HIGH_tinytpu_isa_dma_ld_0_1_438
dma_ld_0_1_U0/clk_gate_rbB_U_ram_reg_429_       3.9900     0.0      0.0000       3.9900 0.0000 SNPS_CLOCK_GATE_HIGH_tinytpu_isa_dma_ld_0_1_439
dma_ld_0_1_U0/clk_gate_rbB_U_ram_reg_42_       3.9900     0.0      0.0000       3.9900 0.0000 SNPS_CLOCK_GATE_HIGH_tinytpu_isa_dma_ld_0_1_52
dma_ld_0_1_U0/clk_gate_rbB_U_ram_reg_430_       3.9900     0.0      0.0000       3.9900 0.0000 SNPS_CLOCK_GATE_HIGH_tinytpu_isa_dma_ld_0_1_440
dma_ld_0_1_U0/clk_gate_rbB_U_ram_reg_431_       3.9900     0.0      0.0000       3.9900 0.0000 SNPS_CLOCK_GATE_HIGH_tinytpu_isa_dma_ld_0_1_441
dma_ld_0_1_U0/clk_gate_rbB_U_ram_reg_432_       3.9900     0.0      0.0000       3.9900 0.0000 SNPS_CLOCK_GATE_HIGH_tinytpu_isa_dma_ld_0_1_442
dma_ld_0_1_U0/clk_gate_rbB_U_ram_reg_433_       3.9900     0.0      0.0000       3.9900 0.0000 SNPS_CLOCK_GATE_HIGH_tinytpu_isa_dma_ld_0_1_443
dma_ld_0_1_U0/clk_gate_rbB_U_ram_reg_434_       3.9900     0.0      0.0000       3.9900 0.0000 SNPS_CLOCK_GATE_HIGH_tinytpu_isa_dma_ld_0_1_444
dma_ld_0_1_U0/clk_gate_rbB_U_ram_reg_435_       3.9900     0.0      0.0000       3.9900 0.0000 SNPS_CLOCK_GATE_HIGH_tinytpu_isa_dma_ld_0_1_445
dma_ld_0_1_U0/clk_gate_rbB_U_ram_reg_436_       3.9900     0.0      0.0000       3.9900 0.0000 SNPS_CLOCK_GATE_HIGH_tinytpu_isa_dma_ld_0_1_446
dma_ld_0_1_U0/clk_gate_rbB_U_ram_reg_437_       3.9900     0.0      0.0000       3.9900 0.0000 SNPS_CLOCK_GATE_HIGH_tinytpu_isa_dma_ld_0_1_447
dma_ld_0_1_U0/clk_gate_rbB_U_ram_reg_438_       3.9900     0.0      0.0000       3.9900 0.0000 SNPS_CLOCK_GATE_HIGH_tinytpu_isa_dma_ld_0_1_448
dma_ld_0_1_U0/clk_gate_rbB_U_ram_reg_439_       3.9900     0.0      0.0000       3.9900 0.0000 SNPS_CLOCK_GATE_HIGH_tinytpu_isa_dma_ld_0_1_449
dma_ld_0_1_U0/clk_gate_rbB_U_ram_reg_43_       3.9900     0.0      0.0000       3.9900 0.0000 SNPS_CLOCK_GATE_HIGH_tinytpu_isa_dma_ld_0_1_53
dma_ld_0_1_U0/clk_gate_rbB_U_ram_reg_440_       3.9900     0.0      0.0000       3.9900 0.0000 SNPS_CLOCK_GATE_HIGH_tinytpu_isa_dma_ld_0_1_450
dma_ld_0_1_U0/clk_gate_rbB_U_ram_reg_441_       3.9900     0.0      0.0000       3.9900 0.0000 SNPS_CLOCK_GATE_HIGH_tinytpu_isa_dma_ld_0_1_451
dma_ld_0_1_U0/clk_gate_rbB_U_ram_reg_442_       3.9900     0.0      0.0000       3.9900 0.0000 SNPS_CLOCK_GATE_HIGH_tinytpu_isa_dma_ld_0_1_452
dma_ld_0_1_U0/clk_gate_rbB_U_ram_reg_443_       3.9900     0.0      0.0000       3.9900 0.0000 SNPS_CLOCK_GATE_HIGH_tinytpu_isa_dma_ld_0_1_453
dma_ld_0_1_U0/clk_gate_rbB_U_ram_reg_444_       3.9900     0.0      0.0000       3.9900 0.0000 SNPS_CLOCK_GATE_HIGH_tinytpu_isa_dma_ld_0_1_454
dma_ld_0_1_U0/clk_gate_rbB_U_ram_reg_445_       3.9900     0.0      0.0000       3.9900 0.0000 SNPS_CLOCK_GATE_HIGH_tinytpu_isa_dma_ld_0_1_455
dma_ld_0_1_U0/clk_gate_rbB_U_ram_reg_446_       3.9900     0.0      0.0000       3.9900 0.0000 SNPS_CLOCK_GATE_HIGH_tinytpu_isa_dma_ld_0_1_456
dma_ld_0_1_U0/clk_gate_rbB_U_ram_reg_447_       3.9900     0.0      0.0000       3.9900 0.0000 SNPS_CLOCK_GATE_HIGH_tinytpu_isa_dma_ld_0_1_457
dma_ld_0_1_U0/clk_gate_rbB_U_ram_reg_448_       3.9900     0.0      0.0000       3.9900 0.0000 SNPS_CLOCK_GATE_HIGH_tinytpu_isa_dma_ld_0_1_458
dma_ld_0_1_U0/clk_gate_rbB_U_ram_reg_449_       3.9900     0.0      0.0000       3.9900 0.0000 SNPS_CLOCK_GATE_HIGH_tinytpu_isa_dma_ld_0_1_459
dma_ld_0_1_U0/clk_gate_rbB_U_ram_reg_44_       3.9900     0.0      0.0000       3.9900 0.0000 SNPS_CLOCK_GATE_HIGH_tinytpu_isa_dma_ld_0_1_54
dma_ld_0_1_U0/clk_gate_rbB_U_ram_reg_450_       3.9900     0.0      0.0000       3.9900 0.0000 SNPS_CLOCK_GATE_HIGH_tinytpu_isa_dma_ld_0_1_460
dma_ld_0_1_U0/clk_gate_rbB_U_ram_reg_451_       3.9900     0.0      0.0000       3.9900 0.0000 SNPS_CLOCK_GATE_HIGH_tinytpu_isa_dma_ld_0_1_461
dma_ld_0_1_U0/clk_gate_rbB_U_ram_reg_452_       3.9900     0.0      0.0000       3.9900 0.0000 SNPS_CLOCK_GATE_HIGH_tinytpu_isa_dma_ld_0_1_462
dma_ld_0_1_U0/clk_gate_rbB_U_ram_reg_453_       3.9900     0.0      0.0000       3.9900 0.0000 SNPS_CLOCK_GATE_HIGH_tinytpu_isa_dma_ld_0_1_463
dma_ld_0_1_U0/clk_gate_rbB_U_ram_reg_454_       3.9900     0.0      0.0000       3.9900 0.0000 SNPS_CLOCK_GATE_HIGH_tinytpu_isa_dma_ld_0_1_464
dma_ld_0_1_U0/clk_gate_rbB_U_ram_reg_455_       3.9900     0.0      0.0000       3.9900 0.0000 SNPS_CLOCK_GATE_HIGH_tinytpu_isa_dma_ld_0_1_465
dma_ld_0_1_U0/clk_gate_rbB_U_ram_reg_456_       3.9900     0.0      0.0000       3.9900 0.0000 SNPS_CLOCK_GATE_HIGH_tinytpu_isa_dma_ld_0_1_466
dma_ld_0_1_U0/clk_gate_rbB_U_ram_reg_457_       3.9900     0.0      0.0000       3.9900 0.0000 SNPS_CLOCK_GATE_HIGH_tinytpu_isa_dma_ld_0_1_467
dma_ld_0_1_U0/clk_gate_rbB_U_ram_reg_458_       3.9900     0.0      0.0000       3.9900 0.0000 SNPS_CLOCK_GATE_HIGH_tinytpu_isa_dma_ld_0_1_468
dma_ld_0_1_U0/clk_gate_rbB_U_ram_reg_459_       3.9900     0.0      0.0000       3.9900 0.0000 SNPS_CLOCK_GATE_HIGH_tinytpu_isa_dma_ld_0_1_469
dma_ld_0_1_U0/clk_gate_rbB_U_ram_reg_45_       3.9900     0.0      0.0000       3.9900 0.0000 SNPS_CLOCK_GATE_HIGH_tinytpu_isa_dma_ld_0_1_55
dma_ld_0_1_U0/clk_gate_rbB_U_ram_reg_460_       3.9900     0.0      0.0000       3.9900 0.0000 SNPS_CLOCK_GATE_HIGH_tinytpu_isa_dma_ld_0_1_470
dma_ld_0_1_U0/clk_gate_rbB_U_ram_reg_461_       3.9900     0.0      0.0000       3.9900 0.0000 SNPS_CLOCK_GATE_HIGH_tinytpu_isa_dma_ld_0_1_471
dma_ld_0_1_U0/clk_gate_rbB_U_ram_reg_462_       3.9900     0.0      0.0000       3.9900 0.0000 SNPS_CLOCK_GATE_HIGH_tinytpu_isa_dma_ld_0_1_472
dma_ld_0_1_U0/clk_gate_rbB_U_ram_reg_463_       3.9900     0.0      0.0000       3.9900 0.0000 SNPS_CLOCK_GATE_HIGH_tinytpu_isa_dma_ld_0_1_473
dma_ld_0_1_U0/clk_gate_rbB_U_ram_reg_464_       3.9900     0.0      0.0000       3.9900 0.0000 SNPS_CLOCK_GATE_HIGH_tinytpu_isa_dma_ld_0_1_474
dma_ld_0_1_U0/clk_gate_rbB_U_ram_reg_465_       3.9900     0.0      0.0000       3.9900 0.0000 SNPS_CLOCK_GATE_HIGH_tinytpu_isa_dma_ld_0_1_475
dma_ld_0_1_U0/clk_gate_rbB_U_ram_reg_466_       3.9900     0.0      0.0000       3.9900 0.0000 SNPS_CLOCK_GATE_HIGH_tinytpu_isa_dma_ld_0_1_476
dma_ld_0_1_U0/clk_gate_rbB_U_ram_reg_467_       3.9900     0.0      0.0000       3.9900 0.0000 SNPS_CLOCK_GATE_HIGH_tinytpu_isa_dma_ld_0_1_477
dma_ld_0_1_U0/clk_gate_rbB_U_ram_reg_468_       3.9900     0.0      0.0000       3.9900 0.0000 SNPS_CLOCK_GATE_HIGH_tinytpu_isa_dma_ld_0_1_478
dma_ld_0_1_U0/clk_gate_rbB_U_ram_reg_469_       3.9900     0.0      0.0000       3.9900 0.0000 SNPS_CLOCK_GATE_HIGH_tinytpu_isa_dma_ld_0_1_479
dma_ld_0_1_U0/clk_gate_rbB_U_ram_reg_46_       3.9900     0.0      0.0000       3.9900 0.0000 SNPS_CLOCK_GATE_HIGH_tinytpu_isa_dma_ld_0_1_56
dma_ld_0_1_U0/clk_gate_rbB_U_ram_reg_470_       3.9900     0.0      0.0000       3.9900 0.0000 SNPS_CLOCK_GATE_HIGH_tinytpu_isa_dma_ld_0_1_480
dma_ld_0_1_U0/clk_gate_rbB_U_ram_reg_471_       3.9900     0.0      0.0000       3.9900 0.0000 SNPS_CLOCK_GATE_HIGH_tinytpu_isa_dma_ld_0_1_481
dma_ld_0_1_U0/clk_gate_rbB_U_ram_reg_472_       3.9900     0.0      0.0000       3.9900 0.0000 SNPS_CLOCK_GATE_HIGH_tinytpu_isa_dma_ld_0_1_482
dma_ld_0_1_U0/clk_gate_rbB_U_ram_reg_473_       3.9900     0.0      0.0000       3.9900 0.0000 SNPS_CLOCK_GATE_HIGH_tinytpu_isa_dma_ld_0_1_483
dma_ld_0_1_U0/clk_gate_rbB_U_ram_reg_474_       3.9900     0.0      0.0000       3.9900 0.0000 SNPS_CLOCK_GATE_HIGH_tinytpu_isa_dma_ld_0_1_484
dma_ld_0_1_U0/clk_gate_rbB_U_ram_reg_475_       3.9900     0.0      0.0000       3.9900 0.0000 SNPS_CLOCK_GATE_HIGH_tinytpu_isa_dma_ld_0_1_485
dma_ld_0_1_U0/clk_gate_rbB_U_ram_reg_476_       3.9900     0.0      0.0000       3.9900 0.0000 SNPS_CLOCK_GATE_HIGH_tinytpu_isa_dma_ld_0_1_486
dma_ld_0_1_U0/clk_gate_rbB_U_ram_reg_477_       3.9900     0.0      0.0000       3.9900 0.0000 SNPS_CLOCK_GATE_HIGH_tinytpu_isa_dma_ld_0_1_487
dma_ld_0_1_U0/clk_gate_rbB_U_ram_reg_478_       3.9900     0.0      0.0000       3.9900 0.0000 SNPS_CLOCK_GATE_HIGH_tinytpu_isa_dma_ld_0_1_488
dma_ld_0_1_U0/clk_gate_rbB_U_ram_reg_479_       3.9900     0.0      0.0000       3.9900 0.0000 SNPS_CLOCK_GATE_HIGH_tinytpu_isa_dma_ld_0_1_489
dma_ld_0_1_U0/clk_gate_rbB_U_ram_reg_47_       3.9900     0.0      0.0000       3.9900 0.0000 SNPS_CLOCK_GATE_HIGH_tinytpu_isa_dma_ld_0_1_57
dma_ld_0_1_U0/clk_gate_rbB_U_ram_reg_480_       3.9900     0.0      0.0000       3.9900 0.0000 SNPS_CLOCK_GATE_HIGH_tinytpu_isa_dma_ld_0_1_490
dma_ld_0_1_U0/clk_gate_rbB_U_ram_reg_481_       3.9900     0.0      0.0000       3.9900 0.0000 SNPS_CLOCK_GATE_HIGH_tinytpu_isa_dma_ld_0_1_491
dma_ld_0_1_U0/clk_gate_rbB_U_ram_reg_482_       3.9900     0.0      0.0000       3.9900 0.0000 SNPS_CLOCK_GATE_HIGH_tinytpu_isa_dma_ld_0_1_492
dma_ld_0_1_U0/clk_gate_rbB_U_ram_reg_483_       3.9900     0.0      0.0000       3.9900 0.0000 SNPS_CLOCK_GATE_HIGH_tinytpu_isa_dma_ld_0_1_493
dma_ld_0_1_U0/clk_gate_rbB_U_ram_reg_484_       3.9900     0.0      0.0000       3.9900 0.0000 SNPS_CLOCK_GATE_HIGH_tinytpu_isa_dma_ld_0_1_494
dma_ld_0_1_U0/clk_gate_rbB_U_ram_reg_485_       3.9900     0.0      0.0000       3.9900 0.0000 SNPS_CLOCK_GATE_HIGH_tinytpu_isa_dma_ld_0_1_495
dma_ld_0_1_U0/clk_gate_rbB_U_ram_reg_486_       3.9900     0.0      0.0000       3.9900 0.0000 SNPS_CLOCK_GATE_HIGH_tinytpu_isa_dma_ld_0_1_496
dma_ld_0_1_U0/clk_gate_rbB_U_ram_reg_487_       3.9900     0.0      0.0000       3.9900 0.0000 SNPS_CLOCK_GATE_HIGH_tinytpu_isa_dma_ld_0_1_497
dma_ld_0_1_U0/clk_gate_rbB_U_ram_reg_488_       3.9900     0.0      0.0000       3.9900 0.0000 SNPS_CLOCK_GATE_HIGH_tinytpu_isa_dma_ld_0_1_498
dma_ld_0_1_U0/clk_gate_rbB_U_ram_reg_489_       3.9900     0.0      0.0000       3.9900 0.0000 SNPS_CLOCK_GATE_HIGH_tinytpu_isa_dma_ld_0_1_499
dma_ld_0_1_U0/clk_gate_rbB_U_ram_reg_48_       3.9900     0.0      0.0000       3.9900 0.0000 SNPS_CLOCK_GATE_HIGH_tinytpu_isa_dma_ld_0_1_58
dma_ld_0_1_U0/clk_gate_rbB_U_ram_reg_490_       3.9900     0.0      0.0000       3.9900 0.0000 SNPS_CLOCK_GATE_HIGH_tinytpu_isa_dma_ld_0_1_500
dma_ld_0_1_U0/clk_gate_rbB_U_ram_reg_491_       3.9900     0.0      0.0000       3.9900 0.0000 SNPS_CLOCK_GATE_HIGH_tinytpu_isa_dma_ld_0_1_501
dma_ld_0_1_U0/clk_gate_rbB_U_ram_reg_492_       3.9900     0.0      0.0000       3.9900 0.0000 SNPS_CLOCK_GATE_HIGH_tinytpu_isa_dma_ld_0_1_502
dma_ld_0_1_U0/clk_gate_rbB_U_ram_reg_493_       3.9900     0.0      0.0000       3.9900 0.0000 SNPS_CLOCK_GATE_HIGH_tinytpu_isa_dma_ld_0_1_503
dma_ld_0_1_U0/clk_gate_rbB_U_ram_reg_494_       3.9900     0.0      0.0000       3.9900 0.0000 SNPS_CLOCK_GATE_HIGH_tinytpu_isa_dma_ld_0_1_504
dma_ld_0_1_U0/clk_gate_rbB_U_ram_reg_495_       3.9900     0.0      0.0000       3.9900 0.0000 SNPS_CLOCK_GATE_HIGH_tinytpu_isa_dma_ld_0_1_505
dma_ld_0_1_U0/clk_gate_rbB_U_ram_reg_496_       3.9900     0.0      0.0000       3.9900 0.0000 SNPS_CLOCK_GATE_HIGH_tinytpu_isa_dma_ld_0_1_506
dma_ld_0_1_U0/clk_gate_rbB_U_ram_reg_497_       3.9900     0.0      0.0000       3.9900 0.0000 SNPS_CLOCK_GATE_HIGH_tinytpu_isa_dma_ld_0_1_507
dma_ld_0_1_U0/clk_gate_rbB_U_ram_reg_498_       3.9900     0.0      0.0000       3.9900 0.0000 SNPS_CLOCK_GATE_HIGH_tinytpu_isa_dma_ld_0_1_508
dma_ld_0_1_U0/clk_gate_rbB_U_ram_reg_499_       3.9900     0.0      0.0000       3.9900 0.0000 SNPS_CLOCK_GATE_HIGH_tinytpu_isa_dma_ld_0_1_509
dma_ld_0_1_U0/clk_gate_rbB_U_ram_reg_49_       3.9900     0.0      0.0000       3.9900 0.0000 SNPS_CLOCK_GATE_HIGH_tinytpu_isa_dma_ld_0_1_59
dma_ld_0_1_U0/clk_gate_rbB_U_ram_reg_4_       3.9900     0.0      0.0000       3.9900 0.0000 SNPS_CLOCK_GATE_HIGH_tinytpu_isa_dma_ld_0_1_14
dma_ld_0_1_U0/clk_gate_rbB_U_ram_reg_500_       3.9900     0.0      0.0000       3.9900 0.0000 SNPS_CLOCK_GATE_HIGH_tinytpu_isa_dma_ld_0_1_510
dma_ld_0_1_U0/clk_gate_rbB_U_ram_reg_501_       3.9900     0.0      0.0000       3.9900 0.0000 SNPS_CLOCK_GATE_HIGH_tinytpu_isa_dma_ld_0_1_511
dma_ld_0_1_U0/clk_gate_rbB_U_ram_reg_502_       3.9900     0.0      0.0000       3.9900 0.0000 SNPS_CLOCK_GATE_HIGH_tinytpu_isa_dma_ld_0_1_512
dma_ld_0_1_U0/clk_gate_rbB_U_ram_reg_503_       3.9900     0.0      0.0000       3.9900 0.0000 SNPS_CLOCK_GATE_HIGH_tinytpu_isa_dma_ld_0_1_513
dma_ld_0_1_U0/clk_gate_rbB_U_ram_reg_504_       3.9900     0.0      0.0000       3.9900 0.0000 SNPS_CLOCK_GATE_HIGH_tinytpu_isa_dma_ld_0_1_514
dma_ld_0_1_U0/clk_gate_rbB_U_ram_reg_505_       3.9900     0.0      0.0000       3.9900 0.0000 SNPS_CLOCK_GATE_HIGH_tinytpu_isa_dma_ld_0_1_515
dma_ld_0_1_U0/clk_gate_rbB_U_ram_reg_506_       3.9900     0.0      0.0000       3.9900 0.0000 SNPS_CLOCK_GATE_HIGH_tinytpu_isa_dma_ld_0_1_516
dma_ld_0_1_U0/clk_gate_rbB_U_ram_reg_507_       3.9900     0.0      0.0000       3.9900 0.0000 SNPS_CLOCK_GATE_HIGH_tinytpu_isa_dma_ld_0_1_517
dma_ld_0_1_U0/clk_gate_rbB_U_ram_reg_508_       3.9900     0.0      0.0000       3.9900 0.0000 SNPS_CLOCK_GATE_HIGH_tinytpu_isa_dma_ld_0_1_518
dma_ld_0_1_U0/clk_gate_rbB_U_ram_reg_509_       3.9900     0.0      0.0000       3.9900 0.0000 SNPS_CLOCK_GATE_HIGH_tinytpu_isa_dma_ld_0_1_519
dma_ld_0_1_U0/clk_gate_rbB_U_ram_reg_50_       3.9900     0.0      0.0000       3.9900 0.0000 SNPS_CLOCK_GATE_HIGH_tinytpu_isa_dma_ld_0_1_60
dma_ld_0_1_U0/clk_gate_rbB_U_ram_reg_510_       3.9900     0.0      0.0000       3.9900 0.0000 SNPS_CLOCK_GATE_HIGH_tinytpu_isa_dma_ld_0_1_520
dma_ld_0_1_U0/clk_gate_rbB_U_ram_reg_511_       3.9900     0.0      0.0000       3.9900 0.0000 SNPS_CLOCK_GATE_HIGH_tinytpu_isa_dma_ld_0_1_521
dma_ld_0_1_U0/clk_gate_rbB_U_ram_reg_512_       3.9900     0.0      0.0000       3.9900 0.0000 SNPS_CLOCK_GATE_HIGH_tinytpu_isa_dma_ld_0_1_522
dma_ld_0_1_U0/clk_gate_rbB_U_ram_reg_513_       3.9900     0.0      0.0000       3.9900 0.0000 SNPS_CLOCK_GATE_HIGH_tinytpu_isa_dma_ld_0_1_523
dma_ld_0_1_U0/clk_gate_rbB_U_ram_reg_514_       3.9900     0.0      0.0000       3.9900 0.0000 SNPS_CLOCK_GATE_HIGH_tinytpu_isa_dma_ld_0_1_524
dma_ld_0_1_U0/clk_gate_rbB_U_ram_reg_515_       3.9900     0.0      0.0000       3.9900 0.0000 SNPS_CLOCK_GATE_HIGH_tinytpu_isa_dma_ld_0_1_525
dma_ld_0_1_U0/clk_gate_rbB_U_ram_reg_516_       3.9900     0.0      0.0000       3.9900 0.0000 SNPS_CLOCK_GATE_HIGH_tinytpu_isa_dma_ld_0_1_526
dma_ld_0_1_U0/clk_gate_rbB_U_ram_reg_517_       3.9900     0.0      0.0000       3.9900 0.0000 SNPS_CLOCK_GATE_HIGH_tinytpu_isa_dma_ld_0_1_527
dma_ld_0_1_U0/clk_gate_rbB_U_ram_reg_518_       3.9900     0.0      0.0000       3.9900 0.0000 SNPS_CLOCK_GATE_HIGH_tinytpu_isa_dma_ld_0_1_528
dma_ld_0_1_U0/clk_gate_rbB_U_ram_reg_519_       3.9900     0.0      0.0000       3.9900 0.0000 SNPS_CLOCK_GATE_HIGH_tinytpu_isa_dma_ld_0_1_529
dma_ld_0_1_U0/clk_gate_rbB_U_ram_reg_51_       3.9900     0.0      0.0000       3.9900 0.0000 SNPS_CLOCK_GATE_HIGH_tinytpu_isa_dma_ld_0_1_61
dma_ld_0_1_U0/clk_gate_rbB_U_ram_reg_520_       3.9900     0.0      0.0000       3.9900 0.0000 SNPS_CLOCK_GATE_HIGH_tinytpu_isa_dma_ld_0_1_530
dma_ld_0_1_U0/clk_gate_rbB_U_ram_reg_521_       3.9900     0.0      0.0000       3.9900 0.0000 SNPS_CLOCK_GATE_HIGH_tinytpu_isa_dma_ld_0_1_531
dma_ld_0_1_U0/clk_gate_rbB_U_ram_reg_522_       3.9900     0.0      0.0000       3.9900 0.0000 SNPS_CLOCK_GATE_HIGH_tinytpu_isa_dma_ld_0_1_532
dma_ld_0_1_U0/clk_gate_rbB_U_ram_reg_523_       3.9900     0.0      0.0000       3.9900 0.0000 SNPS_CLOCK_GATE_HIGH_tinytpu_isa_dma_ld_0_1_533
dma_ld_0_1_U0/clk_gate_rbB_U_ram_reg_524_       3.9900     0.0      0.0000       3.9900 0.0000 SNPS_CLOCK_GATE_HIGH_tinytpu_isa_dma_ld_0_1_534
dma_ld_0_1_U0/clk_gate_rbB_U_ram_reg_525_       3.9900     0.0      0.0000       3.9900 0.0000 SNPS_CLOCK_GATE_HIGH_tinytpu_isa_dma_ld_0_1_535
dma_ld_0_1_U0/clk_gate_rbB_U_ram_reg_526_       3.9900     0.0      0.0000       3.9900 0.0000 SNPS_CLOCK_GATE_HIGH_tinytpu_isa_dma_ld_0_1_536
dma_ld_0_1_U0/clk_gate_rbB_U_ram_reg_527_       3.9900     0.0      0.0000       3.9900 0.0000 SNPS_CLOCK_GATE_HIGH_tinytpu_isa_dma_ld_0_1_537
dma_ld_0_1_U0/clk_gate_rbB_U_ram_reg_528_       3.9900     0.0      0.0000       3.9900 0.0000 SNPS_CLOCK_GATE_HIGH_tinytpu_isa_dma_ld_0_1_538
dma_ld_0_1_U0/clk_gate_rbB_U_ram_reg_529_       3.9900     0.0      0.0000       3.9900 0.0000 SNPS_CLOCK_GATE_HIGH_tinytpu_isa_dma_ld_0_1_539
dma_ld_0_1_U0/clk_gate_rbB_U_ram_reg_52_       3.9900     0.0      0.0000       3.9900 0.0000 SNPS_CLOCK_GATE_HIGH_tinytpu_isa_dma_ld_0_1_62
dma_ld_0_1_U0/clk_gate_rbB_U_ram_reg_530_       3.9900     0.0      0.0000       3.9900 0.0000 SNPS_CLOCK_GATE_HIGH_tinytpu_isa_dma_ld_0_1_540
dma_ld_0_1_U0/clk_gate_rbB_U_ram_reg_531_       3.9900     0.0      0.0000       3.9900 0.0000 SNPS_CLOCK_GATE_HIGH_tinytpu_isa_dma_ld_0_1_541
dma_ld_0_1_U0/clk_gate_rbB_U_ram_reg_532_       3.9900     0.0      0.0000       3.9900 0.0000 SNPS_CLOCK_GATE_HIGH_tinytpu_isa_dma_ld_0_1_542
dma_ld_0_1_U0/clk_gate_rbB_U_ram_reg_533_       3.9900     0.0      0.0000       3.9900 0.0000 SNPS_CLOCK_GATE_HIGH_tinytpu_isa_dma_ld_0_1_543
dma_ld_0_1_U0/clk_gate_rbB_U_ram_reg_534_       3.9900     0.0      0.0000       3.9900 0.0000 SNPS_CLOCK_GATE_HIGH_tinytpu_isa_dma_ld_0_1_544
dma_ld_0_1_U0/clk_gate_rbB_U_ram_reg_535_       3.9900     0.0      0.0000       3.9900 0.0000 SNPS_CLOCK_GATE_HIGH_tinytpu_isa_dma_ld_0_1_545
dma_ld_0_1_U0/clk_gate_rbB_U_ram_reg_536_       3.9900     0.0      0.0000       3.9900 0.0000 SNPS_CLOCK_GATE_HIGH_tinytpu_isa_dma_ld_0_1_546
dma_ld_0_1_U0/clk_gate_rbB_U_ram_reg_537_       3.9900     0.0      0.0000       3.9900 0.0000 SNPS_CLOCK_GATE_HIGH_tinytpu_isa_dma_ld_0_1_547
dma_ld_0_1_U0/clk_gate_rbB_U_ram_reg_538_       3.9900     0.0      0.0000       3.9900 0.0000 SNPS_CLOCK_GATE_HIGH_tinytpu_isa_dma_ld_0_1_548
dma_ld_0_1_U0/clk_gate_rbB_U_ram_reg_539_       3.9900     0.0      0.0000       3.9900 0.0000 SNPS_CLOCK_GATE_HIGH_tinytpu_isa_dma_ld_0_1_549
dma_ld_0_1_U0/clk_gate_rbB_U_ram_reg_53_       3.9900     0.0      0.0000       3.9900 0.0000 SNPS_CLOCK_GATE_HIGH_tinytpu_isa_dma_ld_0_1_63
dma_ld_0_1_U0/clk_gate_rbB_U_ram_reg_540_       3.9900     0.0      0.0000       3.9900 0.0000 SNPS_CLOCK_GATE_HIGH_tinytpu_isa_dma_ld_0_1_550
dma_ld_0_1_U0/clk_gate_rbB_U_ram_reg_541_       3.9900     0.0      0.0000       3.9900 0.0000 SNPS_CLOCK_GATE_HIGH_tinytpu_isa_dma_ld_0_1_551
dma_ld_0_1_U0/clk_gate_rbB_U_ram_reg_542_       3.9900     0.0      0.0000       3.9900 0.0000 SNPS_CLOCK_GATE_HIGH_tinytpu_isa_dma_ld_0_1_552
dma_ld_0_1_U0/clk_gate_rbB_U_ram_reg_543_       3.9900     0.0      0.0000       3.9900 0.0000 SNPS_CLOCK_GATE_HIGH_tinytpu_isa_dma_ld_0_1_553
dma_ld_0_1_U0/clk_gate_rbB_U_ram_reg_544_       3.9900     0.0      0.0000       3.9900 0.0000 SNPS_CLOCK_GATE_HIGH_tinytpu_isa_dma_ld_0_1_554
dma_ld_0_1_U0/clk_gate_rbB_U_ram_reg_545_       3.9900     0.0      0.0000       3.9900 0.0000 SNPS_CLOCK_GATE_HIGH_tinytpu_isa_dma_ld_0_1_555
dma_ld_0_1_U0/clk_gate_rbB_U_ram_reg_546_       3.9900     0.0      0.0000       3.9900 0.0000 SNPS_CLOCK_GATE_HIGH_tinytpu_isa_dma_ld_0_1_556
dma_ld_0_1_U0/clk_gate_rbB_U_ram_reg_547_       3.9900     0.0      0.0000       3.9900 0.0000 SNPS_CLOCK_GATE_HIGH_tinytpu_isa_dma_ld_0_1_557
dma_ld_0_1_U0/clk_gate_rbB_U_ram_reg_548_       3.9900     0.0      0.0000       3.9900 0.0000 SNPS_CLOCK_GATE_HIGH_tinytpu_isa_dma_ld_0_1_558
dma_ld_0_1_U0/clk_gate_rbB_U_ram_reg_549_       3.9900     0.0      0.0000       3.9900 0.0000 SNPS_CLOCK_GATE_HIGH_tinytpu_isa_dma_ld_0_1_559
dma_ld_0_1_U0/clk_gate_rbB_U_ram_reg_54_       3.9900     0.0      0.0000       3.9900 0.0000 SNPS_CLOCK_GATE_HIGH_tinytpu_isa_dma_ld_0_1_64
dma_ld_0_1_U0/clk_gate_rbB_U_ram_reg_550_       3.9900     0.0      0.0000       3.9900 0.0000 SNPS_CLOCK_GATE_HIGH_tinytpu_isa_dma_ld_0_1_560
dma_ld_0_1_U0/clk_gate_rbB_U_ram_reg_551_       3.9900     0.0      0.0000       3.9900 0.0000 SNPS_CLOCK_GATE_HIGH_tinytpu_isa_dma_ld_0_1_561
dma_ld_0_1_U0/clk_gate_rbB_U_ram_reg_552_       3.9900     0.0      0.0000       3.9900 0.0000 SNPS_CLOCK_GATE_HIGH_tinytpu_isa_dma_ld_0_1_562
dma_ld_0_1_U0/clk_gate_rbB_U_ram_reg_553_       3.9900     0.0      0.0000       3.9900 0.0000 SNPS_CLOCK_GATE_HIGH_tinytpu_isa_dma_ld_0_1_563
dma_ld_0_1_U0/clk_gate_rbB_U_ram_reg_554_       3.9900     0.0      0.0000       3.9900 0.0000 SNPS_CLOCK_GATE_HIGH_tinytpu_isa_dma_ld_0_1_564
dma_ld_0_1_U0/clk_gate_rbB_U_ram_reg_555_       3.9900     0.0      0.0000       3.9900 0.0000 SNPS_CLOCK_GATE_HIGH_tinytpu_isa_dma_ld_0_1_565
dma_ld_0_1_U0/clk_gate_rbB_U_ram_reg_556_       3.9900     0.0      0.0000       3.9900 0.0000 SNPS_CLOCK_GATE_HIGH_tinytpu_isa_dma_ld_0_1_566
dma_ld_0_1_U0/clk_gate_rbB_U_ram_reg_557_       3.9900     0.0      0.0000       3.9900 0.0000 SNPS_CLOCK_GATE_HIGH_tinytpu_isa_dma_ld_0_1_567
dma_ld_0_1_U0/clk_gate_rbB_U_ram_reg_558_       3.9900     0.0      0.0000       3.9900 0.0000 SNPS_CLOCK_GATE_HIGH_tinytpu_isa_dma_ld_0_1_568
dma_ld_0_1_U0/clk_gate_rbB_U_ram_reg_559_       3.9900     0.0      0.0000       3.9900 0.0000 SNPS_CLOCK_GATE_HIGH_tinytpu_isa_dma_ld_0_1_569
dma_ld_0_1_U0/clk_gate_rbB_U_ram_reg_55_       3.9900     0.0      0.0000       3.9900 0.0000 SNPS_CLOCK_GATE_HIGH_tinytpu_isa_dma_ld_0_1_65
dma_ld_0_1_U0/clk_gate_rbB_U_ram_reg_560_       3.9900     0.0      0.0000       3.9900 0.0000 SNPS_CLOCK_GATE_HIGH_tinytpu_isa_dma_ld_0_1_570
dma_ld_0_1_U0/clk_gate_rbB_U_ram_reg_561_       3.9900     0.0      0.0000       3.9900 0.0000 SNPS_CLOCK_GATE_HIGH_tinytpu_isa_dma_ld_0_1_571
dma_ld_0_1_U0/clk_gate_rbB_U_ram_reg_562_       3.9900     0.0      0.0000       3.9900 0.0000 SNPS_CLOCK_GATE_HIGH_tinytpu_isa_dma_ld_0_1_572
dma_ld_0_1_U0/clk_gate_rbB_U_ram_reg_563_       3.9900     0.0      0.0000       3.9900 0.0000 SNPS_CLOCK_GATE_HIGH_tinytpu_isa_dma_ld_0_1_573
dma_ld_0_1_U0/clk_gate_rbB_U_ram_reg_564_       3.9900     0.0      0.0000       3.9900 0.0000 SNPS_CLOCK_GATE_HIGH_tinytpu_isa_dma_ld_0_1_574
dma_ld_0_1_U0/clk_gate_rbB_U_ram_reg_565_       3.9900     0.0      0.0000       3.9900 0.0000 SNPS_CLOCK_GATE_HIGH_tinytpu_isa_dma_ld_0_1_575
dma_ld_0_1_U0/clk_gate_rbB_U_ram_reg_566_       3.9900     0.0      0.0000       3.9900 0.0000 SNPS_CLOCK_GATE_HIGH_tinytpu_isa_dma_ld_0_1_576
dma_ld_0_1_U0/clk_gate_rbB_U_ram_reg_567_       3.9900     0.0      0.0000       3.9900 0.0000 SNPS_CLOCK_GATE_HIGH_tinytpu_isa_dma_ld_0_1_577
dma_ld_0_1_U0/clk_gate_rbB_U_ram_reg_568_       3.9900     0.0      0.0000       3.9900 0.0000 SNPS_CLOCK_GATE_HIGH_tinytpu_isa_dma_ld_0_1_578
dma_ld_0_1_U0/clk_gate_rbB_U_ram_reg_569_       3.9900     0.0      0.0000       3.9900 0.0000 SNPS_CLOCK_GATE_HIGH_tinytpu_isa_dma_ld_0_1_579
dma_ld_0_1_U0/clk_gate_rbB_U_ram_reg_56_       3.9900     0.0      0.0000       3.9900 0.0000 SNPS_CLOCK_GATE_HIGH_tinytpu_isa_dma_ld_0_1_66
dma_ld_0_1_U0/clk_gate_rbB_U_ram_reg_570_       3.9900     0.0      0.0000       3.9900 0.0000 SNPS_CLOCK_GATE_HIGH_tinytpu_isa_dma_ld_0_1_580
dma_ld_0_1_U0/clk_gate_rbB_U_ram_reg_571_       3.9900     0.0      0.0000       3.9900 0.0000 SNPS_CLOCK_GATE_HIGH_tinytpu_isa_dma_ld_0_1_581
dma_ld_0_1_U0/clk_gate_rbB_U_ram_reg_572_       3.9900     0.0      0.0000       3.9900 0.0000 SNPS_CLOCK_GATE_HIGH_tinytpu_isa_dma_ld_0_1_582
dma_ld_0_1_U0/clk_gate_rbB_U_ram_reg_573_       3.9900     0.0      0.0000       3.9900 0.0000 SNPS_CLOCK_GATE_HIGH_tinytpu_isa_dma_ld_0_1_583
dma_ld_0_1_U0/clk_gate_rbB_U_ram_reg_574_       3.9900     0.0      0.0000       3.9900 0.0000 SNPS_CLOCK_GATE_HIGH_tinytpu_isa_dma_ld_0_1_584
dma_ld_0_1_U0/clk_gate_rbB_U_ram_reg_575_       3.9900     0.0      0.0000       3.9900 0.0000 SNPS_CLOCK_GATE_HIGH_tinytpu_isa_dma_ld_0_1_585
dma_ld_0_1_U0/clk_gate_rbB_U_ram_reg_576_       3.9900     0.0      0.0000       3.9900 0.0000 SNPS_CLOCK_GATE_HIGH_tinytpu_isa_dma_ld_0_1_586
dma_ld_0_1_U0/clk_gate_rbB_U_ram_reg_577_       3.9900     0.0      0.0000       3.9900 0.0000 SNPS_CLOCK_GATE_HIGH_tinytpu_isa_dma_ld_0_1_587
dma_ld_0_1_U0/clk_gate_rbB_U_ram_reg_578_       3.9900     0.0      0.0000       3.9900 0.0000 SNPS_CLOCK_GATE_HIGH_tinytpu_isa_dma_ld_0_1_588
dma_ld_0_1_U0/clk_gate_rbB_U_ram_reg_579_       3.9900     0.0      0.0000       3.9900 0.0000 SNPS_CLOCK_GATE_HIGH_tinytpu_isa_dma_ld_0_1_589
dma_ld_0_1_U0/clk_gate_rbB_U_ram_reg_57_       3.9900     0.0      0.0000       3.9900 0.0000 SNPS_CLOCK_GATE_HIGH_tinytpu_isa_dma_ld_0_1_67
dma_ld_0_1_U0/clk_gate_rbB_U_ram_reg_580_       3.9900     0.0      0.0000       3.9900 0.0000 SNPS_CLOCK_GATE_HIGH_tinytpu_isa_dma_ld_0_1_590
dma_ld_0_1_U0/clk_gate_rbB_U_ram_reg_581_       3.9900     0.0      0.0000       3.9900 0.0000 SNPS_CLOCK_GATE_HIGH_tinytpu_isa_dma_ld_0_1_591
dma_ld_0_1_U0/clk_gate_rbB_U_ram_reg_582_       3.9900     0.0      0.0000       3.9900 0.0000 SNPS_CLOCK_GATE_HIGH_tinytpu_isa_dma_ld_0_1_592
dma_ld_0_1_U0/clk_gate_rbB_U_ram_reg_583_       3.9900     0.0      0.0000       3.9900 0.0000 SNPS_CLOCK_GATE_HIGH_tinytpu_isa_dma_ld_0_1_593
dma_ld_0_1_U0/clk_gate_rbB_U_ram_reg_584_       3.9900     0.0      0.0000       3.9900 0.0000 SNPS_CLOCK_GATE_HIGH_tinytpu_isa_dma_ld_0_1_594
dma_ld_0_1_U0/clk_gate_rbB_U_ram_reg_585_       3.9900     0.0      0.0000       3.9900 0.0000 SNPS_CLOCK_GATE_HIGH_tinytpu_isa_dma_ld_0_1_595
dma_ld_0_1_U0/clk_gate_rbB_U_ram_reg_586_       3.9900     0.0      0.0000       3.9900 0.0000 SNPS_CLOCK_GATE_HIGH_tinytpu_isa_dma_ld_0_1_596
dma_ld_0_1_U0/clk_gate_rbB_U_ram_reg_587_       3.9900     0.0      0.0000       3.9900 0.0000 SNPS_CLOCK_GATE_HIGH_tinytpu_isa_dma_ld_0_1_597
dma_ld_0_1_U0/clk_gate_rbB_U_ram_reg_588_       3.9900     0.0      0.0000       3.9900 0.0000 SNPS_CLOCK_GATE_HIGH_tinytpu_isa_dma_ld_0_1_598
dma_ld_0_1_U0/clk_gate_rbB_U_ram_reg_589_       3.9900     0.0      0.0000       3.9900 0.0000 SNPS_CLOCK_GATE_HIGH_tinytpu_isa_dma_ld_0_1_599
dma_ld_0_1_U0/clk_gate_rbB_U_ram_reg_58_       3.9900     0.0      0.0000       3.9900 0.0000 SNPS_CLOCK_GATE_HIGH_tinytpu_isa_dma_ld_0_1_68
dma_ld_0_1_U0/clk_gate_rbB_U_ram_reg_590_       3.9900     0.0      0.0000       3.9900 0.0000 SNPS_CLOCK_GATE_HIGH_tinytpu_isa_dma_ld_0_1_600
dma_ld_0_1_U0/clk_gate_rbB_U_ram_reg_591_       3.9900     0.0      0.0000       3.9900 0.0000 SNPS_CLOCK_GATE_HIGH_tinytpu_isa_dma_ld_0_1_601
dma_ld_0_1_U0/clk_gate_rbB_U_ram_reg_592_       3.9900     0.0      0.0000       3.9900 0.0000 SNPS_CLOCK_GATE_HIGH_tinytpu_isa_dma_ld_0_1_602
dma_ld_0_1_U0/clk_gate_rbB_U_ram_reg_593_       3.9900     0.0      0.0000       3.9900 0.0000 SNPS_CLOCK_GATE_HIGH_tinytpu_isa_dma_ld_0_1_603
dma_ld_0_1_U0/clk_gate_rbB_U_ram_reg_594_       3.9900     0.0      0.0000       3.9900 0.0000 SNPS_CLOCK_GATE_HIGH_tinytpu_isa_dma_ld_0_1_604
dma_ld_0_1_U0/clk_gate_rbB_U_ram_reg_595_       3.9900     0.0      0.0000       3.9900 0.0000 SNPS_CLOCK_GATE_HIGH_tinytpu_isa_dma_ld_0_1_605
dma_ld_0_1_U0/clk_gate_rbB_U_ram_reg_596_       3.9900     0.0      0.0000       3.9900 0.0000 SNPS_CLOCK_GATE_HIGH_tinytpu_isa_dma_ld_0_1_606
dma_ld_0_1_U0/clk_gate_rbB_U_ram_reg_597_       3.9900     0.0      0.0000       3.9900 0.0000 SNPS_CLOCK_GATE_HIGH_tinytpu_isa_dma_ld_0_1_607
dma_ld_0_1_U0/clk_gate_rbB_U_ram_reg_598_       3.9900     0.0      0.0000       3.9900 0.0000 SNPS_CLOCK_GATE_HIGH_tinytpu_isa_dma_ld_0_1_608
dma_ld_0_1_U0/clk_gate_rbB_U_ram_reg_599_       3.9900     0.0      0.0000       3.9900 0.0000 SNPS_CLOCK_GATE_HIGH_tinytpu_isa_dma_ld_0_1_609
dma_ld_0_1_U0/clk_gate_rbB_U_ram_reg_59_       3.9900     0.0      0.0000       3.9900 0.0000 SNPS_CLOCK_GATE_HIGH_tinytpu_isa_dma_ld_0_1_69
dma_ld_0_1_U0/clk_gate_rbB_U_ram_reg_5_       3.9900     0.0      0.0000       3.9900 0.0000 SNPS_CLOCK_GATE_HIGH_tinytpu_isa_dma_ld_0_1_15
dma_ld_0_1_U0/clk_gate_rbB_U_ram_reg_600_       3.9900     0.0      0.0000       3.9900 0.0000 SNPS_CLOCK_GATE_HIGH_tinytpu_isa_dma_ld_0_1_610
dma_ld_0_1_U0/clk_gate_rbB_U_ram_reg_601_       3.9900     0.0      0.0000       3.9900 0.0000 SNPS_CLOCK_GATE_HIGH_tinytpu_isa_dma_ld_0_1_611
dma_ld_0_1_U0/clk_gate_rbB_U_ram_reg_602_       3.9900     0.0      0.0000       3.9900 0.0000 SNPS_CLOCK_GATE_HIGH_tinytpu_isa_dma_ld_0_1_612
dma_ld_0_1_U0/clk_gate_rbB_U_ram_reg_603_       3.9900     0.0      0.0000       3.9900 0.0000 SNPS_CLOCK_GATE_HIGH_tinytpu_isa_dma_ld_0_1_613
dma_ld_0_1_U0/clk_gate_rbB_U_ram_reg_604_       3.9900     0.0      0.0000       3.9900 0.0000 SNPS_CLOCK_GATE_HIGH_tinytpu_isa_dma_ld_0_1_614
dma_ld_0_1_U0/clk_gate_rbB_U_ram_reg_605_       3.9900     0.0      0.0000       3.9900 0.0000 SNPS_CLOCK_GATE_HIGH_tinytpu_isa_dma_ld_0_1_615
dma_ld_0_1_U0/clk_gate_rbB_U_ram_reg_606_       3.9900     0.0      0.0000       3.9900 0.0000 SNPS_CLOCK_GATE_HIGH_tinytpu_isa_dma_ld_0_1_616
dma_ld_0_1_U0/clk_gate_rbB_U_ram_reg_607_       3.9900     0.0      0.0000       3.9900 0.0000 SNPS_CLOCK_GATE_HIGH_tinytpu_isa_dma_ld_0_1_617
dma_ld_0_1_U0/clk_gate_rbB_U_ram_reg_608_       3.9900     0.0      0.0000       3.9900 0.0000 SNPS_CLOCK_GATE_HIGH_tinytpu_isa_dma_ld_0_1_618
dma_ld_0_1_U0/clk_gate_rbB_U_ram_reg_609_       3.9900     0.0      0.0000       3.9900 0.0000 SNPS_CLOCK_GATE_HIGH_tinytpu_isa_dma_ld_0_1_619
dma_ld_0_1_U0/clk_gate_rbB_U_ram_reg_60_       3.9900     0.0      0.0000       3.9900 0.0000 SNPS_CLOCK_GATE_HIGH_tinytpu_isa_dma_ld_0_1_70
dma_ld_0_1_U0/clk_gate_rbB_U_ram_reg_610_       3.9900     0.0      0.0000       3.9900 0.0000 SNPS_CLOCK_GATE_HIGH_tinytpu_isa_dma_ld_0_1_620
dma_ld_0_1_U0/clk_gate_rbB_U_ram_reg_611_       3.9900     0.0      0.0000       3.9900 0.0000 SNPS_CLOCK_GATE_HIGH_tinytpu_isa_dma_ld_0_1_621
dma_ld_0_1_U0/clk_gate_rbB_U_ram_reg_612_       3.9900     0.0      0.0000       3.9900 0.0000 SNPS_CLOCK_GATE_HIGH_tinytpu_isa_dma_ld_0_1_622
dma_ld_0_1_U0/clk_gate_rbB_U_ram_reg_613_       3.9900     0.0      0.0000       3.9900 0.0000 SNPS_CLOCK_GATE_HIGH_tinytpu_isa_dma_ld_0_1_623
dma_ld_0_1_U0/clk_gate_rbB_U_ram_reg_614_       3.9900     0.0      0.0000       3.9900 0.0000 SNPS_CLOCK_GATE_HIGH_tinytpu_isa_dma_ld_0_1_624
dma_ld_0_1_U0/clk_gate_rbB_U_ram_reg_615_       3.9900     0.0      0.0000       3.9900 0.0000 SNPS_CLOCK_GATE_HIGH_tinytpu_isa_dma_ld_0_1_625
dma_ld_0_1_U0/clk_gate_rbB_U_ram_reg_616_       3.9900     0.0      0.0000       3.9900 0.0000 SNPS_CLOCK_GATE_HIGH_tinytpu_isa_dma_ld_0_1_626
dma_ld_0_1_U0/clk_gate_rbB_U_ram_reg_617_       3.9900     0.0      0.0000       3.9900 0.0000 SNPS_CLOCK_GATE_HIGH_tinytpu_isa_dma_ld_0_1_627
dma_ld_0_1_U0/clk_gate_rbB_U_ram_reg_618_       3.9900     0.0      0.0000       3.9900 0.0000 SNPS_CLOCK_GATE_HIGH_tinytpu_isa_dma_ld_0_1_628
dma_ld_0_1_U0/clk_gate_rbB_U_ram_reg_619_       3.9900     0.0      0.0000       3.9900 0.0000 SNPS_CLOCK_GATE_HIGH_tinytpu_isa_dma_ld_0_1_629
dma_ld_0_1_U0/clk_gate_rbB_U_ram_reg_61_       3.9900     0.0      0.0000       3.9900 0.0000 SNPS_CLOCK_GATE_HIGH_tinytpu_isa_dma_ld_0_1_71
dma_ld_0_1_U0/clk_gate_rbB_U_ram_reg_620_       3.9900     0.0      0.0000       3.9900 0.0000 SNPS_CLOCK_GATE_HIGH_tinytpu_isa_dma_ld_0_1_630
dma_ld_0_1_U0/clk_gate_rbB_U_ram_reg_621_       3.9900     0.0      0.0000       3.9900 0.0000 SNPS_CLOCK_GATE_HIGH_tinytpu_isa_dma_ld_0_1_631
dma_ld_0_1_U0/clk_gate_rbB_U_ram_reg_622_       3.9900     0.0      0.0000       3.9900 0.0000 SNPS_CLOCK_GATE_HIGH_tinytpu_isa_dma_ld_0_1_632
dma_ld_0_1_U0/clk_gate_rbB_U_ram_reg_623_       3.9900     0.0      0.0000       3.9900 0.0000 SNPS_CLOCK_GATE_HIGH_tinytpu_isa_dma_ld_0_1_633
dma_ld_0_1_U0/clk_gate_rbB_U_ram_reg_624_       3.9900     0.0      0.0000       3.9900 0.0000 SNPS_CLOCK_GATE_HIGH_tinytpu_isa_dma_ld_0_1_634
dma_ld_0_1_U0/clk_gate_rbB_U_ram_reg_625_       3.9900     0.0      0.0000       3.9900 0.0000 SNPS_CLOCK_GATE_HIGH_tinytpu_isa_dma_ld_0_1_635
dma_ld_0_1_U0/clk_gate_rbB_U_ram_reg_626_       3.9900     0.0      0.0000       3.9900 0.0000 SNPS_CLOCK_GATE_HIGH_tinytpu_isa_dma_ld_0_1_636
dma_ld_0_1_U0/clk_gate_rbB_U_ram_reg_627_       3.9900     0.0      0.0000       3.9900 0.0000 SNPS_CLOCK_GATE_HIGH_tinytpu_isa_dma_ld_0_1_637
dma_ld_0_1_U0/clk_gate_rbB_U_ram_reg_628_       3.9900     0.0      0.0000       3.9900 0.0000 SNPS_CLOCK_GATE_HIGH_tinytpu_isa_dma_ld_0_1_638
dma_ld_0_1_U0/clk_gate_rbB_U_ram_reg_629_       3.9900     0.0      0.0000       3.9900 0.0000 SNPS_CLOCK_GATE_HIGH_tinytpu_isa_dma_ld_0_1_639
dma_ld_0_1_U0/clk_gate_rbB_U_ram_reg_62_       3.9900     0.0      0.0000       3.9900 0.0000 SNPS_CLOCK_GATE_HIGH_tinytpu_isa_dma_ld_0_1_72
dma_ld_0_1_U0/clk_gate_rbB_U_ram_reg_630_       3.9900     0.0      0.0000       3.9900 0.0000 SNPS_CLOCK_GATE_HIGH_tinytpu_isa_dma_ld_0_1_640
dma_ld_0_1_U0/clk_gate_rbB_U_ram_reg_631_       3.9900     0.0      0.0000       3.9900 0.0000 SNPS_CLOCK_GATE_HIGH_tinytpu_isa_dma_ld_0_1_641
dma_ld_0_1_U0/clk_gate_rbB_U_ram_reg_632_       3.9900     0.0      0.0000       3.9900 0.0000 SNPS_CLOCK_GATE_HIGH_tinytpu_isa_dma_ld_0_1_642
dma_ld_0_1_U0/clk_gate_rbB_U_ram_reg_633_       3.9900     0.0      0.0000       3.9900 0.0000 SNPS_CLOCK_GATE_HIGH_tinytpu_isa_dma_ld_0_1_643
dma_ld_0_1_U0/clk_gate_rbB_U_ram_reg_634_       3.9900     0.0      0.0000       3.9900 0.0000 SNPS_CLOCK_GATE_HIGH_tinytpu_isa_dma_ld_0_1_644
dma_ld_0_1_U0/clk_gate_rbB_U_ram_reg_635_       3.9900     0.0      0.0000       3.9900 0.0000 SNPS_CLOCK_GATE_HIGH_tinytpu_isa_dma_ld_0_1_645
dma_ld_0_1_U0/clk_gate_rbB_U_ram_reg_636_       3.9900     0.0      0.0000       3.9900 0.0000 SNPS_CLOCK_GATE_HIGH_tinytpu_isa_dma_ld_0_1_646
dma_ld_0_1_U0/clk_gate_rbB_U_ram_reg_637_       3.9900     0.0      0.0000       3.9900 0.0000 SNPS_CLOCK_GATE_HIGH_tinytpu_isa_dma_ld_0_1_647
dma_ld_0_1_U0/clk_gate_rbB_U_ram_reg_638_       3.9900     0.0      0.0000       3.9900 0.0000 SNPS_CLOCK_GATE_HIGH_tinytpu_isa_dma_ld_0_1_648
dma_ld_0_1_U0/clk_gate_rbB_U_ram_reg_639_       3.9900     0.0      0.0000       3.9900 0.0000 SNPS_CLOCK_GATE_HIGH_tinytpu_isa_dma_ld_0_1_649
dma_ld_0_1_U0/clk_gate_rbB_U_ram_reg_63_       3.9900     0.0      0.0000       3.9900 0.0000 SNPS_CLOCK_GATE_HIGH_tinytpu_isa_dma_ld_0_1_73
dma_ld_0_1_U0/clk_gate_rbB_U_ram_reg_640_       3.9900     0.0      0.0000       3.9900 0.0000 SNPS_CLOCK_GATE_HIGH_tinytpu_isa_dma_ld_0_1_650
dma_ld_0_1_U0/clk_gate_rbB_U_ram_reg_641_       3.9900     0.0      0.0000       3.9900 0.0000 SNPS_CLOCK_GATE_HIGH_tinytpu_isa_dma_ld_0_1_651
dma_ld_0_1_U0/clk_gate_rbB_U_ram_reg_642_       3.9900     0.0      0.0000       3.9900 0.0000 SNPS_CLOCK_GATE_HIGH_tinytpu_isa_dma_ld_0_1_652
dma_ld_0_1_U0/clk_gate_rbB_U_ram_reg_643_       3.9900     0.0      0.0000       3.9900 0.0000 SNPS_CLOCK_GATE_HIGH_tinytpu_isa_dma_ld_0_1_653
dma_ld_0_1_U0/clk_gate_rbB_U_ram_reg_644_       3.9900     0.0      0.0000       3.9900 0.0000 SNPS_CLOCK_GATE_HIGH_tinytpu_isa_dma_ld_0_1_654
dma_ld_0_1_U0/clk_gate_rbB_U_ram_reg_645_       3.9900     0.0      0.0000       3.9900 0.0000 SNPS_CLOCK_GATE_HIGH_tinytpu_isa_dma_ld_0_1_655
dma_ld_0_1_U0/clk_gate_rbB_U_ram_reg_646_       3.9900     0.0      0.0000       3.9900 0.0000 SNPS_CLOCK_GATE_HIGH_tinytpu_isa_dma_ld_0_1_656
dma_ld_0_1_U0/clk_gate_rbB_U_ram_reg_647_       3.9900     0.0      0.0000       3.9900 0.0000 SNPS_CLOCK_GATE_HIGH_tinytpu_isa_dma_ld_0_1_657
dma_ld_0_1_U0/clk_gate_rbB_U_ram_reg_648_       3.9900     0.0      0.0000       3.9900 0.0000 SNPS_CLOCK_GATE_HIGH_tinytpu_isa_dma_ld_0_1_658
dma_ld_0_1_U0/clk_gate_rbB_U_ram_reg_649_       3.9900     0.0      0.0000       3.9900 0.0000 SNPS_CLOCK_GATE_HIGH_tinytpu_isa_dma_ld_0_1_659
dma_ld_0_1_U0/clk_gate_rbB_U_ram_reg_64_       3.9900     0.0      0.0000       3.9900 0.0000 SNPS_CLOCK_GATE_HIGH_tinytpu_isa_dma_ld_0_1_74
dma_ld_0_1_U0/clk_gate_rbB_U_ram_reg_650_       3.9900     0.0      0.0000       3.9900 0.0000 SNPS_CLOCK_GATE_HIGH_tinytpu_isa_dma_ld_0_1_660
dma_ld_0_1_U0/clk_gate_rbB_U_ram_reg_651_       3.9900     0.0      0.0000       3.9900 0.0000 SNPS_CLOCK_GATE_HIGH_tinytpu_isa_dma_ld_0_1_661
dma_ld_0_1_U0/clk_gate_rbB_U_ram_reg_652_       3.9900     0.0      0.0000       3.9900 0.0000 SNPS_CLOCK_GATE_HIGH_tinytpu_isa_dma_ld_0_1_662
dma_ld_0_1_U0/clk_gate_rbB_U_ram_reg_653_       3.9900     0.0      0.0000       3.9900 0.0000 SNPS_CLOCK_GATE_HIGH_tinytpu_isa_dma_ld_0_1_663
dma_ld_0_1_U0/clk_gate_rbB_U_ram_reg_654_       3.9900     0.0      0.0000       3.9900 0.0000 SNPS_CLOCK_GATE_HIGH_tinytpu_isa_dma_ld_0_1_664
dma_ld_0_1_U0/clk_gate_rbB_U_ram_reg_655_       3.9900     0.0      0.0000       3.9900 0.0000 SNPS_CLOCK_GATE_HIGH_tinytpu_isa_dma_ld_0_1_665
dma_ld_0_1_U0/clk_gate_rbB_U_ram_reg_656_       3.9900     0.0      0.0000       3.9900 0.0000 SNPS_CLOCK_GATE_HIGH_tinytpu_isa_dma_ld_0_1_666
dma_ld_0_1_U0/clk_gate_rbB_U_ram_reg_657_       3.9900     0.0      0.0000       3.9900 0.0000 SNPS_CLOCK_GATE_HIGH_tinytpu_isa_dma_ld_0_1_667
dma_ld_0_1_U0/clk_gate_rbB_U_ram_reg_658_       3.9900     0.0      0.0000       3.9900 0.0000 SNPS_CLOCK_GATE_HIGH_tinytpu_isa_dma_ld_0_1_668
dma_ld_0_1_U0/clk_gate_rbB_U_ram_reg_659_       3.9900     0.0      0.0000       3.9900 0.0000 SNPS_CLOCK_GATE_HIGH_tinytpu_isa_dma_ld_0_1_669
dma_ld_0_1_U0/clk_gate_rbB_U_ram_reg_65_       3.9900     0.0      0.0000       3.9900 0.0000 SNPS_CLOCK_GATE_HIGH_tinytpu_isa_dma_ld_0_1_75
dma_ld_0_1_U0/clk_gate_rbB_U_ram_reg_660_       3.9900     0.0      0.0000       3.9900 0.0000 SNPS_CLOCK_GATE_HIGH_tinytpu_isa_dma_ld_0_1_670
dma_ld_0_1_U0/clk_gate_rbB_U_ram_reg_661_       3.9900     0.0      0.0000       3.9900 0.0000 SNPS_CLOCK_GATE_HIGH_tinytpu_isa_dma_ld_0_1_671
dma_ld_0_1_U0/clk_gate_rbB_U_ram_reg_662_       3.9900     0.0      0.0000       3.9900 0.0000 SNPS_CLOCK_GATE_HIGH_tinytpu_isa_dma_ld_0_1_672
dma_ld_0_1_U0/clk_gate_rbB_U_ram_reg_663_       3.9900     0.0      0.0000       3.9900 0.0000 SNPS_CLOCK_GATE_HIGH_tinytpu_isa_dma_ld_0_1_673
dma_ld_0_1_U0/clk_gate_rbB_U_ram_reg_664_       3.9900     0.0      0.0000       3.9900 0.0000 SNPS_CLOCK_GATE_HIGH_tinytpu_isa_dma_ld_0_1_674
dma_ld_0_1_U0/clk_gate_rbB_U_ram_reg_665_       3.9900     0.0      0.0000       3.9900 0.0000 SNPS_CLOCK_GATE_HIGH_tinytpu_isa_dma_ld_0_1_675
dma_ld_0_1_U0/clk_gate_rbB_U_ram_reg_666_       3.9900     0.0      0.0000       3.9900 0.0000 SNPS_CLOCK_GATE_HIGH_tinytpu_isa_dma_ld_0_1_676
dma_ld_0_1_U0/clk_gate_rbB_U_ram_reg_667_       3.9900     0.0      0.0000       3.9900 0.0000 SNPS_CLOCK_GATE_HIGH_tinytpu_isa_dma_ld_0_1_677
dma_ld_0_1_U0/clk_gate_rbB_U_ram_reg_668_       3.9900     0.0      0.0000       3.9900 0.0000 SNPS_CLOCK_GATE_HIGH_tinytpu_isa_dma_ld_0_1_678
dma_ld_0_1_U0/clk_gate_rbB_U_ram_reg_669_       3.9900     0.0      0.0000       3.9900 0.0000 SNPS_CLOCK_GATE_HIGH_tinytpu_isa_dma_ld_0_1_679
dma_ld_0_1_U0/clk_gate_rbB_U_ram_reg_66_       3.9900     0.0      0.0000       3.9900 0.0000 SNPS_CLOCK_GATE_HIGH_tinytpu_isa_dma_ld_0_1_76
dma_ld_0_1_U0/clk_gate_rbB_U_ram_reg_670_       3.9900     0.0      0.0000       3.9900 0.0000 SNPS_CLOCK_GATE_HIGH_tinytpu_isa_dma_ld_0_1_680
dma_ld_0_1_U0/clk_gate_rbB_U_ram_reg_671_       3.9900     0.0      0.0000       3.9900 0.0000 SNPS_CLOCK_GATE_HIGH_tinytpu_isa_dma_ld_0_1_681
dma_ld_0_1_U0/clk_gate_rbB_U_ram_reg_672_       3.9900     0.0      0.0000       3.9900 0.0000 SNPS_CLOCK_GATE_HIGH_tinytpu_isa_dma_ld_0_1_682
dma_ld_0_1_U0/clk_gate_rbB_U_ram_reg_673_       3.9900     0.0      0.0000       3.9900 0.0000 SNPS_CLOCK_GATE_HIGH_tinytpu_isa_dma_ld_0_1_683
dma_ld_0_1_U0/clk_gate_rbB_U_ram_reg_674_       3.9900     0.0      0.0000       3.9900 0.0000 SNPS_CLOCK_GATE_HIGH_tinytpu_isa_dma_ld_0_1_684
dma_ld_0_1_U0/clk_gate_rbB_U_ram_reg_675_       3.9900     0.0      0.0000       3.9900 0.0000 SNPS_CLOCK_GATE_HIGH_tinytpu_isa_dma_ld_0_1_685
dma_ld_0_1_U0/clk_gate_rbB_U_ram_reg_676_       3.9900     0.0      0.0000       3.9900 0.0000 SNPS_CLOCK_GATE_HIGH_tinytpu_isa_dma_ld_0_1_686
dma_ld_0_1_U0/clk_gate_rbB_U_ram_reg_677_       3.9900     0.0      0.0000       3.9900 0.0000 SNPS_CLOCK_GATE_HIGH_tinytpu_isa_dma_ld_0_1_687
dma_ld_0_1_U0/clk_gate_rbB_U_ram_reg_678_       3.9900     0.0      0.0000       3.9900 0.0000 SNPS_CLOCK_GATE_HIGH_tinytpu_isa_dma_ld_0_1_688
dma_ld_0_1_U0/clk_gate_rbB_U_ram_reg_679_       3.9900     0.0      0.0000       3.9900 0.0000 SNPS_CLOCK_GATE_HIGH_tinytpu_isa_dma_ld_0_1_689
dma_ld_0_1_U0/clk_gate_rbB_U_ram_reg_67_       3.9900     0.0      0.0000       3.9900 0.0000 SNPS_CLOCK_GATE_HIGH_tinytpu_isa_dma_ld_0_1_77
dma_ld_0_1_U0/clk_gate_rbB_U_ram_reg_680_       3.9900     0.0      0.0000       3.9900 0.0000 SNPS_CLOCK_GATE_HIGH_tinytpu_isa_dma_ld_0_1_690
dma_ld_0_1_U0/clk_gate_rbB_U_ram_reg_681_       3.9900     0.0      0.0000       3.9900 0.0000 SNPS_CLOCK_GATE_HIGH_tinytpu_isa_dma_ld_0_1_691
dma_ld_0_1_U0/clk_gate_rbB_U_ram_reg_682_       3.9900     0.0      0.0000       3.9900 0.0000 SNPS_CLOCK_GATE_HIGH_tinytpu_isa_dma_ld_0_1_692
dma_ld_0_1_U0/clk_gate_rbB_U_ram_reg_683_       3.9900     0.0      0.0000       3.9900 0.0000 SNPS_CLOCK_GATE_HIGH_tinytpu_isa_dma_ld_0_1_693
dma_ld_0_1_U0/clk_gate_rbB_U_ram_reg_684_       3.9900     0.0      0.0000       3.9900 0.0000 SNPS_CLOCK_GATE_HIGH_tinytpu_isa_dma_ld_0_1_694
dma_ld_0_1_U0/clk_gate_rbB_U_ram_reg_685_       3.9900     0.0      0.0000       3.9900 0.0000 SNPS_CLOCK_GATE_HIGH_tinytpu_isa_dma_ld_0_1_695
dma_ld_0_1_U0/clk_gate_rbB_U_ram_reg_686_       3.9900     0.0      0.0000       3.9900 0.0000 SNPS_CLOCK_GATE_HIGH_tinytpu_isa_dma_ld_0_1_696
dma_ld_0_1_U0/clk_gate_rbB_U_ram_reg_687_       3.9900     0.0      0.0000       3.9900 0.0000 SNPS_CLOCK_GATE_HIGH_tinytpu_isa_dma_ld_0_1_697
dma_ld_0_1_U0/clk_gate_rbB_U_ram_reg_688_       3.9900     0.0      0.0000       3.9900 0.0000 SNPS_CLOCK_GATE_HIGH_tinytpu_isa_dma_ld_0_1_698
dma_ld_0_1_U0/clk_gate_rbB_U_ram_reg_689_       3.9900     0.0      0.0000       3.9900 0.0000 SNPS_CLOCK_GATE_HIGH_tinytpu_isa_dma_ld_0_1_699
dma_ld_0_1_U0/clk_gate_rbB_U_ram_reg_68_       3.9900     0.0      0.0000       3.9900 0.0000 SNPS_CLOCK_GATE_HIGH_tinytpu_isa_dma_ld_0_1_78
dma_ld_0_1_U0/clk_gate_rbB_U_ram_reg_690_       3.9900     0.0      0.0000       3.9900 0.0000 SNPS_CLOCK_GATE_HIGH_tinytpu_isa_dma_ld_0_1_700
dma_ld_0_1_U0/clk_gate_rbB_U_ram_reg_691_       3.9900     0.0      0.0000       3.9900 0.0000 SNPS_CLOCK_GATE_HIGH_tinytpu_isa_dma_ld_0_1_701
dma_ld_0_1_U0/clk_gate_rbB_U_ram_reg_692_       3.9900     0.0      0.0000       3.9900 0.0000 SNPS_CLOCK_GATE_HIGH_tinytpu_isa_dma_ld_0_1_702
dma_ld_0_1_U0/clk_gate_rbB_U_ram_reg_693_       3.9900     0.0      0.0000       3.9900 0.0000 SNPS_CLOCK_GATE_HIGH_tinytpu_isa_dma_ld_0_1_703
dma_ld_0_1_U0/clk_gate_rbB_U_ram_reg_694_       3.9900     0.0      0.0000       3.9900 0.0000 SNPS_CLOCK_GATE_HIGH_tinytpu_isa_dma_ld_0_1_704
dma_ld_0_1_U0/clk_gate_rbB_U_ram_reg_695_       3.9900     0.0      0.0000       3.9900 0.0000 SNPS_CLOCK_GATE_HIGH_tinytpu_isa_dma_ld_0_1_705
dma_ld_0_1_U0/clk_gate_rbB_U_ram_reg_696_       3.9900     0.0      0.0000       3.9900 0.0000 SNPS_CLOCK_GATE_HIGH_tinytpu_isa_dma_ld_0_1_706
dma_ld_0_1_U0/clk_gate_rbB_U_ram_reg_697_       3.9900     0.0      0.0000       3.9900 0.0000 SNPS_CLOCK_GATE_HIGH_tinytpu_isa_dma_ld_0_1_707
dma_ld_0_1_U0/clk_gate_rbB_U_ram_reg_698_       3.9900     0.0      0.0000       3.9900 0.0000 SNPS_CLOCK_GATE_HIGH_tinytpu_isa_dma_ld_0_1_708
dma_ld_0_1_U0/clk_gate_rbB_U_ram_reg_699_       3.9900     0.0      0.0000       3.9900 0.0000 SNPS_CLOCK_GATE_HIGH_tinytpu_isa_dma_ld_0_1_709
dma_ld_0_1_U0/clk_gate_rbB_U_ram_reg_69_       3.9900     0.0      0.0000       3.9900 0.0000 SNPS_CLOCK_GATE_HIGH_tinytpu_isa_dma_ld_0_1_79
dma_ld_0_1_U0/clk_gate_rbB_U_ram_reg_6_       3.9900     0.0      0.0000       3.9900 0.0000 SNPS_CLOCK_GATE_HIGH_tinytpu_isa_dma_ld_0_1_16
dma_ld_0_1_U0/clk_gate_rbB_U_ram_reg_700_       3.9900     0.0      0.0000       3.9900 0.0000 SNPS_CLOCK_GATE_HIGH_tinytpu_isa_dma_ld_0_1_710
dma_ld_0_1_U0/clk_gate_rbB_U_ram_reg_701_       3.9900     0.0      0.0000       3.9900 0.0000 SNPS_CLOCK_GATE_HIGH_tinytpu_isa_dma_ld_0_1_711
dma_ld_0_1_U0/clk_gate_rbB_U_ram_reg_702_       3.9900     0.0      0.0000       3.9900 0.0000 SNPS_CLOCK_GATE_HIGH_tinytpu_isa_dma_ld_0_1_712
dma_ld_0_1_U0/clk_gate_rbB_U_ram_reg_703_       3.9900     0.0      0.0000       3.9900 0.0000 SNPS_CLOCK_GATE_HIGH_tinytpu_isa_dma_ld_0_1_713
dma_ld_0_1_U0/clk_gate_rbB_U_ram_reg_704_       3.9900     0.0      0.0000       3.9900 0.0000 SNPS_CLOCK_GATE_HIGH_tinytpu_isa_dma_ld_0_1_714
dma_ld_0_1_U0/clk_gate_rbB_U_ram_reg_705_       3.9900     0.0      0.0000       3.9900 0.0000 SNPS_CLOCK_GATE_HIGH_tinytpu_isa_dma_ld_0_1_715
dma_ld_0_1_U0/clk_gate_rbB_U_ram_reg_706_       3.9900     0.0      0.0000       3.9900 0.0000 SNPS_CLOCK_GATE_HIGH_tinytpu_isa_dma_ld_0_1_716
dma_ld_0_1_U0/clk_gate_rbB_U_ram_reg_707_       3.9900     0.0      0.0000       3.9900 0.0000 SNPS_CLOCK_GATE_HIGH_tinytpu_isa_dma_ld_0_1_717
dma_ld_0_1_U0/clk_gate_rbB_U_ram_reg_708_       3.9900     0.0      0.0000       3.9900 0.0000 SNPS_CLOCK_GATE_HIGH_tinytpu_isa_dma_ld_0_1_718
dma_ld_0_1_U0/clk_gate_rbB_U_ram_reg_709_       3.9900     0.0      0.0000       3.9900 0.0000 SNPS_CLOCK_GATE_HIGH_tinytpu_isa_dma_ld_0_1_719
dma_ld_0_1_U0/clk_gate_rbB_U_ram_reg_70_       3.9900     0.0      0.0000       3.9900 0.0000 SNPS_CLOCK_GATE_HIGH_tinytpu_isa_dma_ld_0_1_80
dma_ld_0_1_U0/clk_gate_rbB_U_ram_reg_710_       3.9900     0.0      0.0000       3.9900 0.0000 SNPS_CLOCK_GATE_HIGH_tinytpu_isa_dma_ld_0_1_720
dma_ld_0_1_U0/clk_gate_rbB_U_ram_reg_711_       3.9900     0.0      0.0000       3.9900 0.0000 SNPS_CLOCK_GATE_HIGH_tinytpu_isa_dma_ld_0_1_721
dma_ld_0_1_U0/clk_gate_rbB_U_ram_reg_712_       3.9900     0.0      0.0000       3.9900 0.0000 SNPS_CLOCK_GATE_HIGH_tinytpu_isa_dma_ld_0_1_722
dma_ld_0_1_U0/clk_gate_rbB_U_ram_reg_713_       3.9900     0.0      0.0000       3.9900 0.0000 SNPS_CLOCK_GATE_HIGH_tinytpu_isa_dma_ld_0_1_723
dma_ld_0_1_U0/clk_gate_rbB_U_ram_reg_714_       3.9900     0.0      0.0000       3.9900 0.0000 SNPS_CLOCK_GATE_HIGH_tinytpu_isa_dma_ld_0_1_724
dma_ld_0_1_U0/clk_gate_rbB_U_ram_reg_715_       3.9900     0.0      0.0000       3.9900 0.0000 SNPS_CLOCK_GATE_HIGH_tinytpu_isa_dma_ld_0_1_725
dma_ld_0_1_U0/clk_gate_rbB_U_ram_reg_716_       3.9900     0.0      0.0000       3.9900 0.0000 SNPS_CLOCK_GATE_HIGH_tinytpu_isa_dma_ld_0_1_726
dma_ld_0_1_U0/clk_gate_rbB_U_ram_reg_717_       3.9900     0.0      0.0000       3.9900 0.0000 SNPS_CLOCK_GATE_HIGH_tinytpu_isa_dma_ld_0_1_727
dma_ld_0_1_U0/clk_gate_rbB_U_ram_reg_718_       3.9900     0.0      0.0000       3.9900 0.0000 SNPS_CLOCK_GATE_HIGH_tinytpu_isa_dma_ld_0_1_728
dma_ld_0_1_U0/clk_gate_rbB_U_ram_reg_719_       3.9900     0.0      0.0000       3.9900 0.0000 SNPS_CLOCK_GATE_HIGH_tinytpu_isa_dma_ld_0_1_729
dma_ld_0_1_U0/clk_gate_rbB_U_ram_reg_71_       3.9900     0.0      0.0000       3.9900 0.0000 SNPS_CLOCK_GATE_HIGH_tinytpu_isa_dma_ld_0_1_81
dma_ld_0_1_U0/clk_gate_rbB_U_ram_reg_720_       3.9900     0.0      0.0000       3.9900 0.0000 SNPS_CLOCK_GATE_HIGH_tinytpu_isa_dma_ld_0_1_730
dma_ld_0_1_U0/clk_gate_rbB_U_ram_reg_721_       3.9900     0.0      0.0000       3.9900 0.0000 SNPS_CLOCK_GATE_HIGH_tinytpu_isa_dma_ld_0_1_731
dma_ld_0_1_U0/clk_gate_rbB_U_ram_reg_722_       3.9900     0.0      0.0000       3.9900 0.0000 SNPS_CLOCK_GATE_HIGH_tinytpu_isa_dma_ld_0_1_732
dma_ld_0_1_U0/clk_gate_rbB_U_ram_reg_723_       3.9900     0.0      0.0000       3.9900 0.0000 SNPS_CLOCK_GATE_HIGH_tinytpu_isa_dma_ld_0_1_733
dma_ld_0_1_U0/clk_gate_rbB_U_ram_reg_724_       3.9900     0.0      0.0000       3.9900 0.0000 SNPS_CLOCK_GATE_HIGH_tinytpu_isa_dma_ld_0_1_734
dma_ld_0_1_U0/clk_gate_rbB_U_ram_reg_725_       3.9900     0.0      0.0000       3.9900 0.0000 SNPS_CLOCK_GATE_HIGH_tinytpu_isa_dma_ld_0_1_735
dma_ld_0_1_U0/clk_gate_rbB_U_ram_reg_726_       3.9900     0.0      0.0000       3.9900 0.0000 SNPS_CLOCK_GATE_HIGH_tinytpu_isa_dma_ld_0_1_736
dma_ld_0_1_U0/clk_gate_rbB_U_ram_reg_727_       3.9900     0.0      0.0000       3.9900 0.0000 SNPS_CLOCK_GATE_HIGH_tinytpu_isa_dma_ld_0_1_737
dma_ld_0_1_U0/clk_gate_rbB_U_ram_reg_728_       3.9900     0.0      0.0000       3.9900 0.0000 SNPS_CLOCK_GATE_HIGH_tinytpu_isa_dma_ld_0_1_738
dma_ld_0_1_U0/clk_gate_rbB_U_ram_reg_729_       3.9900     0.0      0.0000       3.9900 0.0000 SNPS_CLOCK_GATE_HIGH_tinytpu_isa_dma_ld_0_1_739
dma_ld_0_1_U0/clk_gate_rbB_U_ram_reg_72_       3.9900     0.0      0.0000       3.9900 0.0000 SNPS_CLOCK_GATE_HIGH_tinytpu_isa_dma_ld_0_1_82
dma_ld_0_1_U0/clk_gate_rbB_U_ram_reg_730_       3.9900     0.0      0.0000       3.9900 0.0000 SNPS_CLOCK_GATE_HIGH_tinytpu_isa_dma_ld_0_1_740
dma_ld_0_1_U0/clk_gate_rbB_U_ram_reg_731_       3.9900     0.0      0.0000       3.9900 0.0000 SNPS_CLOCK_GATE_HIGH_tinytpu_isa_dma_ld_0_1_741
dma_ld_0_1_U0/clk_gate_rbB_U_ram_reg_732_       3.9900     0.0      0.0000       3.9900 0.0000 SNPS_CLOCK_GATE_HIGH_tinytpu_isa_dma_ld_0_1_742
dma_ld_0_1_U0/clk_gate_rbB_U_ram_reg_733_       3.9900     0.0      0.0000       3.9900 0.0000 SNPS_CLOCK_GATE_HIGH_tinytpu_isa_dma_ld_0_1_743
dma_ld_0_1_U0/clk_gate_rbB_U_ram_reg_734_       3.9900     0.0      0.0000       3.9900 0.0000 SNPS_CLOCK_GATE_HIGH_tinytpu_isa_dma_ld_0_1_744
dma_ld_0_1_U0/clk_gate_rbB_U_ram_reg_735_       3.9900     0.0      0.0000       3.9900 0.0000 SNPS_CLOCK_GATE_HIGH_tinytpu_isa_dma_ld_0_1_745
dma_ld_0_1_U0/clk_gate_rbB_U_ram_reg_736_       3.9900     0.0      0.0000       3.9900 0.0000 SNPS_CLOCK_GATE_HIGH_tinytpu_isa_dma_ld_0_1_746
dma_ld_0_1_U0/clk_gate_rbB_U_ram_reg_737_       3.9900     0.0      0.0000       3.9900 0.0000 SNPS_CLOCK_GATE_HIGH_tinytpu_isa_dma_ld_0_1_747
dma_ld_0_1_U0/clk_gate_rbB_U_ram_reg_738_       3.9900     0.0      0.0000       3.9900 0.0000 SNPS_CLOCK_GATE_HIGH_tinytpu_isa_dma_ld_0_1_748
dma_ld_0_1_U0/clk_gate_rbB_U_ram_reg_739_       3.9900     0.0      0.0000       3.9900 0.0000 SNPS_CLOCK_GATE_HIGH_tinytpu_isa_dma_ld_0_1_749
dma_ld_0_1_U0/clk_gate_rbB_U_ram_reg_73_       3.9900     0.0      0.0000       3.9900 0.0000 SNPS_CLOCK_GATE_HIGH_tinytpu_isa_dma_ld_0_1_83
dma_ld_0_1_U0/clk_gate_rbB_U_ram_reg_740_       3.9900     0.0      0.0000       3.9900 0.0000 SNPS_CLOCK_GATE_HIGH_tinytpu_isa_dma_ld_0_1_750
dma_ld_0_1_U0/clk_gate_rbB_U_ram_reg_741_       3.9900     0.0      0.0000       3.9900 0.0000 SNPS_CLOCK_GATE_HIGH_tinytpu_isa_dma_ld_0_1_751
dma_ld_0_1_U0/clk_gate_rbB_U_ram_reg_742_       3.9900     0.0      0.0000       3.9900 0.0000 SNPS_CLOCK_GATE_HIGH_tinytpu_isa_dma_ld_0_1_752
dma_ld_0_1_U0/clk_gate_rbB_U_ram_reg_743_       3.9900     0.0      0.0000       3.9900 0.0000 SNPS_CLOCK_GATE_HIGH_tinytpu_isa_dma_ld_0_1_753
dma_ld_0_1_U0/clk_gate_rbB_U_ram_reg_744_       3.9900     0.0      0.0000       3.9900 0.0000 SNPS_CLOCK_GATE_HIGH_tinytpu_isa_dma_ld_0_1_754
dma_ld_0_1_U0/clk_gate_rbB_U_ram_reg_745_       3.9900     0.0      0.0000       3.9900 0.0000 SNPS_CLOCK_GATE_HIGH_tinytpu_isa_dma_ld_0_1_755
dma_ld_0_1_U0/clk_gate_rbB_U_ram_reg_746_       3.9900     0.0      0.0000       3.9900 0.0000 SNPS_CLOCK_GATE_HIGH_tinytpu_isa_dma_ld_0_1_756
dma_ld_0_1_U0/clk_gate_rbB_U_ram_reg_747_       3.9900     0.0      0.0000       3.9900 0.0000 SNPS_CLOCK_GATE_HIGH_tinytpu_isa_dma_ld_0_1_757
dma_ld_0_1_U0/clk_gate_rbB_U_ram_reg_748_       3.9900     0.0      0.0000       3.9900 0.0000 SNPS_CLOCK_GATE_HIGH_tinytpu_isa_dma_ld_0_1_758
dma_ld_0_1_U0/clk_gate_rbB_U_ram_reg_749_       3.9900     0.0      0.0000       3.9900 0.0000 SNPS_CLOCK_GATE_HIGH_tinytpu_isa_dma_ld_0_1_759
dma_ld_0_1_U0/clk_gate_rbB_U_ram_reg_74_       3.9900     0.0      0.0000       3.9900 0.0000 SNPS_CLOCK_GATE_HIGH_tinytpu_isa_dma_ld_0_1_84
dma_ld_0_1_U0/clk_gate_rbB_U_ram_reg_750_       3.9900     0.0      0.0000       3.9900 0.0000 SNPS_CLOCK_GATE_HIGH_tinytpu_isa_dma_ld_0_1_760
dma_ld_0_1_U0/clk_gate_rbB_U_ram_reg_751_       3.9900     0.0      0.0000       3.9900 0.0000 SNPS_CLOCK_GATE_HIGH_tinytpu_isa_dma_ld_0_1_761
dma_ld_0_1_U0/clk_gate_rbB_U_ram_reg_752_       3.9900     0.0      0.0000       3.9900 0.0000 SNPS_CLOCK_GATE_HIGH_tinytpu_isa_dma_ld_0_1_762
dma_ld_0_1_U0/clk_gate_rbB_U_ram_reg_753_       3.9900     0.0      0.0000       3.9900 0.0000 SNPS_CLOCK_GATE_HIGH_tinytpu_isa_dma_ld_0_1_763
dma_ld_0_1_U0/clk_gate_rbB_U_ram_reg_754_       3.9900     0.0      0.0000       3.9900 0.0000 SNPS_CLOCK_GATE_HIGH_tinytpu_isa_dma_ld_0_1_764
dma_ld_0_1_U0/clk_gate_rbB_U_ram_reg_755_       3.9900     0.0      0.0000       3.9900 0.0000 SNPS_CLOCK_GATE_HIGH_tinytpu_isa_dma_ld_0_1_765
dma_ld_0_1_U0/clk_gate_rbB_U_ram_reg_756_       3.9900     0.0      0.0000       3.9900 0.0000 SNPS_CLOCK_GATE_HIGH_tinytpu_isa_dma_ld_0_1_766
dma_ld_0_1_U0/clk_gate_rbB_U_ram_reg_757_       3.9900     0.0      0.0000       3.9900 0.0000 SNPS_CLOCK_GATE_HIGH_tinytpu_isa_dma_ld_0_1_767
dma_ld_0_1_U0/clk_gate_rbB_U_ram_reg_758_       3.9900     0.0      0.0000       3.9900 0.0000 SNPS_CLOCK_GATE_HIGH_tinytpu_isa_dma_ld_0_1_768
dma_ld_0_1_U0/clk_gate_rbB_U_ram_reg_759_       3.9900     0.0      0.0000       3.9900 0.0000 SNPS_CLOCK_GATE_HIGH_tinytpu_isa_dma_ld_0_1_769
dma_ld_0_1_U0/clk_gate_rbB_U_ram_reg_75_       3.9900     0.0      0.0000       3.9900 0.0000 SNPS_CLOCK_GATE_HIGH_tinytpu_isa_dma_ld_0_1_85
dma_ld_0_1_U0/clk_gate_rbB_U_ram_reg_760_       3.9900     0.0      0.0000       3.9900 0.0000 SNPS_CLOCK_GATE_HIGH_tinytpu_isa_dma_ld_0_1_770
dma_ld_0_1_U0/clk_gate_rbB_U_ram_reg_761_       3.9900     0.0      0.0000       3.9900 0.0000 SNPS_CLOCK_GATE_HIGH_tinytpu_isa_dma_ld_0_1_771
dma_ld_0_1_U0/clk_gate_rbB_U_ram_reg_762_       3.9900     0.0      0.0000       3.9900 0.0000 SNPS_CLOCK_GATE_HIGH_tinytpu_isa_dma_ld_0_1_772
dma_ld_0_1_U0/clk_gate_rbB_U_ram_reg_763_       3.9900     0.0      0.0000       3.9900 0.0000 SNPS_CLOCK_GATE_HIGH_tinytpu_isa_dma_ld_0_1_773
dma_ld_0_1_U0/clk_gate_rbB_U_ram_reg_764_       3.9900     0.0      0.0000       3.9900 0.0000 SNPS_CLOCK_GATE_HIGH_tinytpu_isa_dma_ld_0_1_774
dma_ld_0_1_U0/clk_gate_rbB_U_ram_reg_765_       3.9900     0.0      0.0000       3.9900 0.0000 SNPS_CLOCK_GATE_HIGH_tinytpu_isa_dma_ld_0_1_775
dma_ld_0_1_U0/clk_gate_rbB_U_ram_reg_766_       3.9900     0.0      0.0000       3.9900 0.0000 SNPS_CLOCK_GATE_HIGH_tinytpu_isa_dma_ld_0_1_776
dma_ld_0_1_U0/clk_gate_rbB_U_ram_reg_767_       3.9900     0.0      0.0000       3.9900 0.0000 SNPS_CLOCK_GATE_HIGH_tinytpu_isa_dma_ld_0_1_777
dma_ld_0_1_U0/clk_gate_rbB_U_ram_reg_768_       3.9900     0.0      0.0000       3.9900 0.0000 SNPS_CLOCK_GATE_HIGH_tinytpu_isa_dma_ld_0_1_778
dma_ld_0_1_U0/clk_gate_rbB_U_ram_reg_769_       3.9900     0.0      0.0000       3.9900 0.0000 SNPS_CLOCK_GATE_HIGH_tinytpu_isa_dma_ld_0_1_779
dma_ld_0_1_U0/clk_gate_rbB_U_ram_reg_76_       3.9900     0.0      0.0000       3.9900 0.0000 SNPS_CLOCK_GATE_HIGH_tinytpu_isa_dma_ld_0_1_86
dma_ld_0_1_U0/clk_gate_rbB_U_ram_reg_770_       3.9900     0.0      0.0000       3.9900 0.0000 SNPS_CLOCK_GATE_HIGH_tinytpu_isa_dma_ld_0_1_780
dma_ld_0_1_U0/clk_gate_rbB_U_ram_reg_771_       3.9900     0.0      0.0000       3.9900 0.0000 SNPS_CLOCK_GATE_HIGH_tinytpu_isa_dma_ld_0_1_781
dma_ld_0_1_U0/clk_gate_rbB_U_ram_reg_772_       3.9900     0.0      0.0000       3.9900 0.0000 SNPS_CLOCK_GATE_HIGH_tinytpu_isa_dma_ld_0_1_782
dma_ld_0_1_U0/clk_gate_rbB_U_ram_reg_773_       3.9900     0.0      0.0000       3.9900 0.0000 SNPS_CLOCK_GATE_HIGH_tinytpu_isa_dma_ld_0_1_783
dma_ld_0_1_U0/clk_gate_rbB_U_ram_reg_774_       3.9900     0.0      0.0000       3.9900 0.0000 SNPS_CLOCK_GATE_HIGH_tinytpu_isa_dma_ld_0_1_784
dma_ld_0_1_U0/clk_gate_rbB_U_ram_reg_775_       3.9900     0.0      0.0000       3.9900 0.0000 SNPS_CLOCK_GATE_HIGH_tinytpu_isa_dma_ld_0_1_785
dma_ld_0_1_U0/clk_gate_rbB_U_ram_reg_776_       3.9900     0.0      0.0000       3.9900 0.0000 SNPS_CLOCK_GATE_HIGH_tinytpu_isa_dma_ld_0_1_786
dma_ld_0_1_U0/clk_gate_rbB_U_ram_reg_777_       3.9900     0.0      0.0000       3.9900 0.0000 SNPS_CLOCK_GATE_HIGH_tinytpu_isa_dma_ld_0_1_787
dma_ld_0_1_U0/clk_gate_rbB_U_ram_reg_778_       3.9900     0.0      0.0000       3.9900 0.0000 SNPS_CLOCK_GATE_HIGH_tinytpu_isa_dma_ld_0_1_788
dma_ld_0_1_U0/clk_gate_rbB_U_ram_reg_779_       3.9900     0.0      0.0000       3.9900 0.0000 SNPS_CLOCK_GATE_HIGH_tinytpu_isa_dma_ld_0_1_789
dma_ld_0_1_U0/clk_gate_rbB_U_ram_reg_77_       3.9900     0.0      0.0000       3.9900 0.0000 SNPS_CLOCK_GATE_HIGH_tinytpu_isa_dma_ld_0_1_87
dma_ld_0_1_U0/clk_gate_rbB_U_ram_reg_780_       3.9900     0.0      0.0000       3.9900 0.0000 SNPS_CLOCK_GATE_HIGH_tinytpu_isa_dma_ld_0_1_790
dma_ld_0_1_U0/clk_gate_rbB_U_ram_reg_781_       3.9900     0.0      0.0000       3.9900 0.0000 SNPS_CLOCK_GATE_HIGH_tinytpu_isa_dma_ld_0_1_791
dma_ld_0_1_U0/clk_gate_rbB_U_ram_reg_782_       3.9900     0.0      0.0000       3.9900 0.0000 SNPS_CLOCK_GATE_HIGH_tinytpu_isa_dma_ld_0_1_792
dma_ld_0_1_U0/clk_gate_rbB_U_ram_reg_783_       3.9900     0.0      0.0000       3.9900 0.0000 SNPS_CLOCK_GATE_HIGH_tinytpu_isa_dma_ld_0_1_793
dma_ld_0_1_U0/clk_gate_rbB_U_ram_reg_784_       3.9900     0.0      0.0000       3.9900 0.0000 SNPS_CLOCK_GATE_HIGH_tinytpu_isa_dma_ld_0_1_794
dma_ld_0_1_U0/clk_gate_rbB_U_ram_reg_785_       3.9900     0.0      0.0000       3.9900 0.0000 SNPS_CLOCK_GATE_HIGH_tinytpu_isa_dma_ld_0_1_795
dma_ld_0_1_U0/clk_gate_rbB_U_ram_reg_786_       3.9900     0.0      0.0000       3.9900 0.0000 SNPS_CLOCK_GATE_HIGH_tinytpu_isa_dma_ld_0_1_796
dma_ld_0_1_U0/clk_gate_rbB_U_ram_reg_787_       3.9900     0.0      0.0000       3.9900 0.0000 SNPS_CLOCK_GATE_HIGH_tinytpu_isa_dma_ld_0_1_797
dma_ld_0_1_U0/clk_gate_rbB_U_ram_reg_788_       3.9900     0.0      0.0000       3.9900 0.0000 SNPS_CLOCK_GATE_HIGH_tinytpu_isa_dma_ld_0_1_798
dma_ld_0_1_U0/clk_gate_rbB_U_ram_reg_789_       3.9900     0.0      0.0000       3.9900 0.0000 SNPS_CLOCK_GATE_HIGH_tinytpu_isa_dma_ld_0_1_799
dma_ld_0_1_U0/clk_gate_rbB_U_ram_reg_78_       3.9900     0.0      0.0000       3.9900 0.0000 SNPS_CLOCK_GATE_HIGH_tinytpu_isa_dma_ld_0_1_88
dma_ld_0_1_U0/clk_gate_rbB_U_ram_reg_790_       3.9900     0.0      0.0000       3.9900 0.0000 SNPS_CLOCK_GATE_HIGH_tinytpu_isa_dma_ld_0_1_800
dma_ld_0_1_U0/clk_gate_rbB_U_ram_reg_791_       3.9900     0.0      0.0000       3.9900 0.0000 SNPS_CLOCK_GATE_HIGH_tinytpu_isa_dma_ld_0_1_801
dma_ld_0_1_U0/clk_gate_rbB_U_ram_reg_792_       3.9900     0.0      0.0000       3.9900 0.0000 SNPS_CLOCK_GATE_HIGH_tinytpu_isa_dma_ld_0_1_802
dma_ld_0_1_U0/clk_gate_rbB_U_ram_reg_793_       3.9900     0.0      0.0000       3.9900 0.0000 SNPS_CLOCK_GATE_HIGH_tinytpu_isa_dma_ld_0_1_803
dma_ld_0_1_U0/clk_gate_rbB_U_ram_reg_794_       3.9900     0.0      0.0000       3.9900 0.0000 SNPS_CLOCK_GATE_HIGH_tinytpu_isa_dma_ld_0_1_804
dma_ld_0_1_U0/clk_gate_rbB_U_ram_reg_795_       3.9900     0.0      0.0000       3.9900 0.0000 SNPS_CLOCK_GATE_HIGH_tinytpu_isa_dma_ld_0_1_805
dma_ld_0_1_U0/clk_gate_rbB_U_ram_reg_796_       3.9900     0.0      0.0000       3.9900 0.0000 SNPS_CLOCK_GATE_HIGH_tinytpu_isa_dma_ld_0_1_806
dma_ld_0_1_U0/clk_gate_rbB_U_ram_reg_797_       3.9900     0.0      0.0000       3.9900 0.0000 SNPS_CLOCK_GATE_HIGH_tinytpu_isa_dma_ld_0_1_807
dma_ld_0_1_U0/clk_gate_rbB_U_ram_reg_798_       3.9900     0.0      0.0000       3.9900 0.0000 SNPS_CLOCK_GATE_HIGH_tinytpu_isa_dma_ld_0_1_808
dma_ld_0_1_U0/clk_gate_rbB_U_ram_reg_799_       3.9900     0.0      0.0000       3.9900 0.0000 SNPS_CLOCK_GATE_HIGH_tinytpu_isa_dma_ld_0_1_809
dma_ld_0_1_U0/clk_gate_rbB_U_ram_reg_79_       3.9900     0.0      0.0000       3.9900 0.0000 SNPS_CLOCK_GATE_HIGH_tinytpu_isa_dma_ld_0_1_89
dma_ld_0_1_U0/clk_gate_rbB_U_ram_reg_7_       3.9900     0.0      0.0000       3.9900 0.0000 SNPS_CLOCK_GATE_HIGH_tinytpu_isa_dma_ld_0_1_17
dma_ld_0_1_U0/clk_gate_rbB_U_ram_reg_800_       3.9900     0.0      0.0000       3.9900 0.0000 SNPS_CLOCK_GATE_HIGH_tinytpu_isa_dma_ld_0_1_810
dma_ld_0_1_U0/clk_gate_rbB_U_ram_reg_801_       3.9900     0.0      0.0000       3.9900 0.0000 SNPS_CLOCK_GATE_HIGH_tinytpu_isa_dma_ld_0_1_811
dma_ld_0_1_U0/clk_gate_rbB_U_ram_reg_802_       3.9900     0.0      0.0000       3.9900 0.0000 SNPS_CLOCK_GATE_HIGH_tinytpu_isa_dma_ld_0_1_812
dma_ld_0_1_U0/clk_gate_rbB_U_ram_reg_803_       3.9900     0.0      0.0000       3.9900 0.0000 SNPS_CLOCK_GATE_HIGH_tinytpu_isa_dma_ld_0_1_813
dma_ld_0_1_U0/clk_gate_rbB_U_ram_reg_804_       3.9900     0.0      0.0000       3.9900 0.0000 SNPS_CLOCK_GATE_HIGH_tinytpu_isa_dma_ld_0_1_814
dma_ld_0_1_U0/clk_gate_rbB_U_ram_reg_805_       3.9900     0.0      0.0000       3.9900 0.0000 SNPS_CLOCK_GATE_HIGH_tinytpu_isa_dma_ld_0_1_815
dma_ld_0_1_U0/clk_gate_rbB_U_ram_reg_806_       3.9900     0.0      0.0000       3.9900 0.0000 SNPS_CLOCK_GATE_HIGH_tinytpu_isa_dma_ld_0_1_816
dma_ld_0_1_U0/clk_gate_rbB_U_ram_reg_807_       3.9900     0.0      0.0000       3.9900 0.0000 SNPS_CLOCK_GATE_HIGH_tinytpu_isa_dma_ld_0_1_817
dma_ld_0_1_U0/clk_gate_rbB_U_ram_reg_808_       3.9900     0.0      0.0000       3.9900 0.0000 SNPS_CLOCK_GATE_HIGH_tinytpu_isa_dma_ld_0_1_818
dma_ld_0_1_U0/clk_gate_rbB_U_ram_reg_809_       3.9900     0.0      0.0000       3.9900 0.0000 SNPS_CLOCK_GATE_HIGH_tinytpu_isa_dma_ld_0_1_819
dma_ld_0_1_U0/clk_gate_rbB_U_ram_reg_80_       3.9900     0.0      0.0000       3.9900 0.0000 SNPS_CLOCK_GATE_HIGH_tinytpu_isa_dma_ld_0_1_90
dma_ld_0_1_U0/clk_gate_rbB_U_ram_reg_810_       3.9900     0.0      0.0000       3.9900 0.0000 SNPS_CLOCK_GATE_HIGH_tinytpu_isa_dma_ld_0_1_820
dma_ld_0_1_U0/clk_gate_rbB_U_ram_reg_811_       3.9900     0.0      0.0000       3.9900 0.0000 SNPS_CLOCK_GATE_HIGH_tinytpu_isa_dma_ld_0_1_821
dma_ld_0_1_U0/clk_gate_rbB_U_ram_reg_812_       3.9900     0.0      0.0000       3.9900 0.0000 SNPS_CLOCK_GATE_HIGH_tinytpu_isa_dma_ld_0_1_822
dma_ld_0_1_U0/clk_gate_rbB_U_ram_reg_813_       3.9900     0.0      0.0000       3.9900 0.0000 SNPS_CLOCK_GATE_HIGH_tinytpu_isa_dma_ld_0_1_823
dma_ld_0_1_U0/clk_gate_rbB_U_ram_reg_814_       3.9900     0.0      0.0000       3.9900 0.0000 SNPS_CLOCK_GATE_HIGH_tinytpu_isa_dma_ld_0_1_824
dma_ld_0_1_U0/clk_gate_rbB_U_ram_reg_815_       3.9900     0.0      0.0000       3.9900 0.0000 SNPS_CLOCK_GATE_HIGH_tinytpu_isa_dma_ld_0_1_825
dma_ld_0_1_U0/clk_gate_rbB_U_ram_reg_816_       3.9900     0.0      0.0000       3.9900 0.0000 SNPS_CLOCK_GATE_HIGH_tinytpu_isa_dma_ld_0_1_826
dma_ld_0_1_U0/clk_gate_rbB_U_ram_reg_817_       3.9900     0.0      0.0000       3.9900 0.0000 SNPS_CLOCK_GATE_HIGH_tinytpu_isa_dma_ld_0_1_827
dma_ld_0_1_U0/clk_gate_rbB_U_ram_reg_818_       3.9900     0.0      0.0000       3.9900 0.0000 SNPS_CLOCK_GATE_HIGH_tinytpu_isa_dma_ld_0_1_828
dma_ld_0_1_U0/clk_gate_rbB_U_ram_reg_819_       3.9900     0.0      0.0000       3.9900 0.0000 SNPS_CLOCK_GATE_HIGH_tinytpu_isa_dma_ld_0_1_829
dma_ld_0_1_U0/clk_gate_rbB_U_ram_reg_81_       3.9900     0.0      0.0000       3.9900 0.0000 SNPS_CLOCK_GATE_HIGH_tinytpu_isa_dma_ld_0_1_91
dma_ld_0_1_U0/clk_gate_rbB_U_ram_reg_820_       3.9900     0.0      0.0000       3.9900 0.0000 SNPS_CLOCK_GATE_HIGH_tinytpu_isa_dma_ld_0_1_830
dma_ld_0_1_U0/clk_gate_rbB_U_ram_reg_821_       3.9900     0.0      0.0000       3.9900 0.0000 SNPS_CLOCK_GATE_HIGH_tinytpu_isa_dma_ld_0_1_831
dma_ld_0_1_U0/clk_gate_rbB_U_ram_reg_822_       3.9900     0.0      0.0000       3.9900 0.0000 SNPS_CLOCK_GATE_HIGH_tinytpu_isa_dma_ld_0_1_832
dma_ld_0_1_U0/clk_gate_rbB_U_ram_reg_823_       3.9900     0.0      0.0000       3.9900 0.0000 SNPS_CLOCK_GATE_HIGH_tinytpu_isa_dma_ld_0_1_833
dma_ld_0_1_U0/clk_gate_rbB_U_ram_reg_824_       3.9900     0.0      0.0000       3.9900 0.0000 SNPS_CLOCK_GATE_HIGH_tinytpu_isa_dma_ld_0_1_834
dma_ld_0_1_U0/clk_gate_rbB_U_ram_reg_825_       3.9900     0.0      0.0000       3.9900 0.0000 SNPS_CLOCK_GATE_HIGH_tinytpu_isa_dma_ld_0_1_835
dma_ld_0_1_U0/clk_gate_rbB_U_ram_reg_826_       3.9900     0.0      0.0000       3.9900 0.0000 SNPS_CLOCK_GATE_HIGH_tinytpu_isa_dma_ld_0_1_836
dma_ld_0_1_U0/clk_gate_rbB_U_ram_reg_827_       3.9900     0.0      0.0000       3.9900 0.0000 SNPS_CLOCK_GATE_HIGH_tinytpu_isa_dma_ld_0_1_837
dma_ld_0_1_U0/clk_gate_rbB_U_ram_reg_828_       3.9900     0.0      0.0000       3.9900 0.0000 SNPS_CLOCK_GATE_HIGH_tinytpu_isa_dma_ld_0_1_838
dma_ld_0_1_U0/clk_gate_rbB_U_ram_reg_829_       3.9900     0.0      0.0000       3.9900 0.0000 SNPS_CLOCK_GATE_HIGH_tinytpu_isa_dma_ld_0_1_839
dma_ld_0_1_U0/clk_gate_rbB_U_ram_reg_82_       3.9900     0.0      0.0000       3.9900 0.0000 SNPS_CLOCK_GATE_HIGH_tinytpu_isa_dma_ld_0_1_92
dma_ld_0_1_U0/clk_gate_rbB_U_ram_reg_830_       3.9900     0.0      0.0000       3.9900 0.0000 SNPS_CLOCK_GATE_HIGH_tinytpu_isa_dma_ld_0_1_840
dma_ld_0_1_U0/clk_gate_rbB_U_ram_reg_831_       3.9900     0.0      0.0000       3.9900 0.0000 SNPS_CLOCK_GATE_HIGH_tinytpu_isa_dma_ld_0_1_841
dma_ld_0_1_U0/clk_gate_rbB_U_ram_reg_832_       3.9900     0.0      0.0000       3.9900 0.0000 SNPS_CLOCK_GATE_HIGH_tinytpu_isa_dma_ld_0_1_842
dma_ld_0_1_U0/clk_gate_rbB_U_ram_reg_833_       3.9900     0.0      0.0000       3.9900 0.0000 SNPS_CLOCK_GATE_HIGH_tinytpu_isa_dma_ld_0_1_843
dma_ld_0_1_U0/clk_gate_rbB_U_ram_reg_834_       3.9900     0.0      0.0000       3.9900 0.0000 SNPS_CLOCK_GATE_HIGH_tinytpu_isa_dma_ld_0_1_844
dma_ld_0_1_U0/clk_gate_rbB_U_ram_reg_835_       3.9900     0.0      0.0000       3.9900 0.0000 SNPS_CLOCK_GATE_HIGH_tinytpu_isa_dma_ld_0_1_845
dma_ld_0_1_U0/clk_gate_rbB_U_ram_reg_836_       3.9900     0.0      0.0000       3.9900 0.0000 SNPS_CLOCK_GATE_HIGH_tinytpu_isa_dma_ld_0_1_846
dma_ld_0_1_U0/clk_gate_rbB_U_ram_reg_837_       3.9900     0.0      0.0000       3.9900 0.0000 SNPS_CLOCK_GATE_HIGH_tinytpu_isa_dma_ld_0_1_847
dma_ld_0_1_U0/clk_gate_rbB_U_ram_reg_838_       3.9900     0.0      0.0000       3.9900 0.0000 SNPS_CLOCK_GATE_HIGH_tinytpu_isa_dma_ld_0_1_848
dma_ld_0_1_U0/clk_gate_rbB_U_ram_reg_839_       3.9900     0.0      0.0000       3.9900 0.0000 SNPS_CLOCK_GATE_HIGH_tinytpu_isa_dma_ld_0_1_849
dma_ld_0_1_U0/clk_gate_rbB_U_ram_reg_83_       3.9900     0.0      0.0000       3.9900 0.0000 SNPS_CLOCK_GATE_HIGH_tinytpu_isa_dma_ld_0_1_93
dma_ld_0_1_U0/clk_gate_rbB_U_ram_reg_840_       3.9900     0.0      0.0000       3.9900 0.0000 SNPS_CLOCK_GATE_HIGH_tinytpu_isa_dma_ld_0_1_850
dma_ld_0_1_U0/clk_gate_rbB_U_ram_reg_841_       3.9900     0.0      0.0000       3.9900 0.0000 SNPS_CLOCK_GATE_HIGH_tinytpu_isa_dma_ld_0_1_851
dma_ld_0_1_U0/clk_gate_rbB_U_ram_reg_842_       3.9900     0.0      0.0000       3.9900 0.0000 SNPS_CLOCK_GATE_HIGH_tinytpu_isa_dma_ld_0_1_852
dma_ld_0_1_U0/clk_gate_rbB_U_ram_reg_843_       3.9900     0.0      0.0000       3.9900 0.0000 SNPS_CLOCK_GATE_HIGH_tinytpu_isa_dma_ld_0_1_853
dma_ld_0_1_U0/clk_gate_rbB_U_ram_reg_844_       3.9900     0.0      0.0000       3.9900 0.0000 SNPS_CLOCK_GATE_HIGH_tinytpu_isa_dma_ld_0_1_854
dma_ld_0_1_U0/clk_gate_rbB_U_ram_reg_845_       3.9900     0.0      0.0000       3.9900 0.0000 SNPS_CLOCK_GATE_HIGH_tinytpu_isa_dma_ld_0_1_855
dma_ld_0_1_U0/clk_gate_rbB_U_ram_reg_846_       3.9900     0.0      0.0000       3.9900 0.0000 SNPS_CLOCK_GATE_HIGH_tinytpu_isa_dma_ld_0_1_856
dma_ld_0_1_U0/clk_gate_rbB_U_ram_reg_847_       3.9900     0.0      0.0000       3.9900 0.0000 SNPS_CLOCK_GATE_HIGH_tinytpu_isa_dma_ld_0_1_857
dma_ld_0_1_U0/clk_gate_rbB_U_ram_reg_848_       3.9900     0.0      0.0000       3.9900 0.0000 SNPS_CLOCK_GATE_HIGH_tinytpu_isa_dma_ld_0_1_858
dma_ld_0_1_U0/clk_gate_rbB_U_ram_reg_849_       3.9900     0.0      0.0000       3.9900 0.0000 SNPS_CLOCK_GATE_HIGH_tinytpu_isa_dma_ld_0_1_859
dma_ld_0_1_U0/clk_gate_rbB_U_ram_reg_84_       3.9900     0.0      0.0000       3.9900 0.0000 SNPS_CLOCK_GATE_HIGH_tinytpu_isa_dma_ld_0_1_94
dma_ld_0_1_U0/clk_gate_rbB_U_ram_reg_850_       3.9900     0.0      0.0000       3.9900 0.0000 SNPS_CLOCK_GATE_HIGH_tinytpu_isa_dma_ld_0_1_860
dma_ld_0_1_U0/clk_gate_rbB_U_ram_reg_851_       3.9900     0.0      0.0000       3.9900 0.0000 SNPS_CLOCK_GATE_HIGH_tinytpu_isa_dma_ld_0_1_861
dma_ld_0_1_U0/clk_gate_rbB_U_ram_reg_852_       3.9900     0.0      0.0000       3.9900 0.0000 SNPS_CLOCK_GATE_HIGH_tinytpu_isa_dma_ld_0_1_862
dma_ld_0_1_U0/clk_gate_rbB_U_ram_reg_853_       3.9900     0.0      0.0000       3.9900 0.0000 SNPS_CLOCK_GATE_HIGH_tinytpu_isa_dma_ld_0_1_863
dma_ld_0_1_U0/clk_gate_rbB_U_ram_reg_854_       3.9900     0.0      0.0000       3.9900 0.0000 SNPS_CLOCK_GATE_HIGH_tinytpu_isa_dma_ld_0_1_864
dma_ld_0_1_U0/clk_gate_rbB_U_ram_reg_855_       3.9900     0.0      0.0000       3.9900 0.0000 SNPS_CLOCK_GATE_HIGH_tinytpu_isa_dma_ld_0_1_865
dma_ld_0_1_U0/clk_gate_rbB_U_ram_reg_856_       3.9900     0.0      0.0000       3.9900 0.0000 SNPS_CLOCK_GATE_HIGH_tinytpu_isa_dma_ld_0_1_866
dma_ld_0_1_U0/clk_gate_rbB_U_ram_reg_857_       3.9900     0.0      0.0000       3.9900 0.0000 SNPS_CLOCK_GATE_HIGH_tinytpu_isa_dma_ld_0_1_867
dma_ld_0_1_U0/clk_gate_rbB_U_ram_reg_858_       3.9900     0.0      0.0000       3.9900 0.0000 SNPS_CLOCK_GATE_HIGH_tinytpu_isa_dma_ld_0_1_868
dma_ld_0_1_U0/clk_gate_rbB_U_ram_reg_859_       3.9900     0.0      0.0000       3.9900 0.0000 SNPS_CLOCK_GATE_HIGH_tinytpu_isa_dma_ld_0_1_869
dma_ld_0_1_U0/clk_gate_rbB_U_ram_reg_85_       3.9900     0.0      0.0000       3.9900 0.0000 SNPS_CLOCK_GATE_HIGH_tinytpu_isa_dma_ld_0_1_95
dma_ld_0_1_U0/clk_gate_rbB_U_ram_reg_860_       3.9900     0.0      0.0000       3.9900 0.0000 SNPS_CLOCK_GATE_HIGH_tinytpu_isa_dma_ld_0_1_870
dma_ld_0_1_U0/clk_gate_rbB_U_ram_reg_861_       3.9900     0.0      0.0000       3.9900 0.0000 SNPS_CLOCK_GATE_HIGH_tinytpu_isa_dma_ld_0_1_871
dma_ld_0_1_U0/clk_gate_rbB_U_ram_reg_862_       3.9900     0.0      0.0000       3.9900 0.0000 SNPS_CLOCK_GATE_HIGH_tinytpu_isa_dma_ld_0_1_872
dma_ld_0_1_U0/clk_gate_rbB_U_ram_reg_863_       3.9900     0.0      0.0000       3.9900 0.0000 SNPS_CLOCK_GATE_HIGH_tinytpu_isa_dma_ld_0_1_873
dma_ld_0_1_U0/clk_gate_rbB_U_ram_reg_864_       3.9900     0.0      0.0000       3.9900 0.0000 SNPS_CLOCK_GATE_HIGH_tinytpu_isa_dma_ld_0_1_874
dma_ld_0_1_U0/clk_gate_rbB_U_ram_reg_865_       3.9900     0.0      0.0000       3.9900 0.0000 SNPS_CLOCK_GATE_HIGH_tinytpu_isa_dma_ld_0_1_875
dma_ld_0_1_U0/clk_gate_rbB_U_ram_reg_866_       3.9900     0.0      0.0000       3.9900 0.0000 SNPS_CLOCK_GATE_HIGH_tinytpu_isa_dma_ld_0_1_876
dma_ld_0_1_U0/clk_gate_rbB_U_ram_reg_867_       3.9900     0.0      0.0000       3.9900 0.0000 SNPS_CLOCK_GATE_HIGH_tinytpu_isa_dma_ld_0_1_877
dma_ld_0_1_U0/clk_gate_rbB_U_ram_reg_868_       3.9900     0.0      0.0000       3.9900 0.0000 SNPS_CLOCK_GATE_HIGH_tinytpu_isa_dma_ld_0_1_878
dma_ld_0_1_U0/clk_gate_rbB_U_ram_reg_869_       3.9900     0.0      0.0000       3.9900 0.0000 SNPS_CLOCK_GATE_HIGH_tinytpu_isa_dma_ld_0_1_879
dma_ld_0_1_U0/clk_gate_rbB_U_ram_reg_86_       3.9900     0.0      0.0000       3.9900 0.0000 SNPS_CLOCK_GATE_HIGH_tinytpu_isa_dma_ld_0_1_96
dma_ld_0_1_U0/clk_gate_rbB_U_ram_reg_870_       3.9900     0.0      0.0000       3.9900 0.0000 SNPS_CLOCK_GATE_HIGH_tinytpu_isa_dma_ld_0_1_880
dma_ld_0_1_U0/clk_gate_rbB_U_ram_reg_871_       3.9900     0.0      0.0000       3.9900 0.0000 SNPS_CLOCK_GATE_HIGH_tinytpu_isa_dma_ld_0_1_881
dma_ld_0_1_U0/clk_gate_rbB_U_ram_reg_872_       3.9900     0.0      0.0000       3.9900 0.0000 SNPS_CLOCK_GATE_HIGH_tinytpu_isa_dma_ld_0_1_882
dma_ld_0_1_U0/clk_gate_rbB_U_ram_reg_873_       3.9900     0.0      0.0000       3.9900 0.0000 SNPS_CLOCK_GATE_HIGH_tinytpu_isa_dma_ld_0_1_883
dma_ld_0_1_U0/clk_gate_rbB_U_ram_reg_874_       3.9900     0.0      0.0000       3.9900 0.0000 SNPS_CLOCK_GATE_HIGH_tinytpu_isa_dma_ld_0_1_884
dma_ld_0_1_U0/clk_gate_rbB_U_ram_reg_875_       3.9900     0.0      0.0000       3.9900 0.0000 SNPS_CLOCK_GATE_HIGH_tinytpu_isa_dma_ld_0_1_885
dma_ld_0_1_U0/clk_gate_rbB_U_ram_reg_876_       3.9900     0.0      0.0000       3.9900 0.0000 SNPS_CLOCK_GATE_HIGH_tinytpu_isa_dma_ld_0_1_886
dma_ld_0_1_U0/clk_gate_rbB_U_ram_reg_877_       3.9900     0.0      0.0000       3.9900 0.0000 SNPS_CLOCK_GATE_HIGH_tinytpu_isa_dma_ld_0_1_887
dma_ld_0_1_U0/clk_gate_rbB_U_ram_reg_878_       3.9900     0.0      0.0000       3.9900 0.0000 SNPS_CLOCK_GATE_HIGH_tinytpu_isa_dma_ld_0_1_888
dma_ld_0_1_U0/clk_gate_rbB_U_ram_reg_879_       3.9900     0.0      0.0000       3.9900 0.0000 SNPS_CLOCK_GATE_HIGH_tinytpu_isa_dma_ld_0_1_889
dma_ld_0_1_U0/clk_gate_rbB_U_ram_reg_87_       3.9900     0.0      0.0000       3.9900 0.0000 SNPS_CLOCK_GATE_HIGH_tinytpu_isa_dma_ld_0_1_97
dma_ld_0_1_U0/clk_gate_rbB_U_ram_reg_880_       3.9900     0.0      0.0000       3.9900 0.0000 SNPS_CLOCK_GATE_HIGH_tinytpu_isa_dma_ld_0_1_890
dma_ld_0_1_U0/clk_gate_rbB_U_ram_reg_881_       3.9900     0.0      0.0000       3.9900 0.0000 SNPS_CLOCK_GATE_HIGH_tinytpu_isa_dma_ld_0_1_891
dma_ld_0_1_U0/clk_gate_rbB_U_ram_reg_882_       3.9900     0.0      0.0000       3.9900 0.0000 SNPS_CLOCK_GATE_HIGH_tinytpu_isa_dma_ld_0_1_892
dma_ld_0_1_U0/clk_gate_rbB_U_ram_reg_883_       3.9900     0.0      0.0000       3.9900 0.0000 SNPS_CLOCK_GATE_HIGH_tinytpu_isa_dma_ld_0_1_893
dma_ld_0_1_U0/clk_gate_rbB_U_ram_reg_884_       3.9900     0.0      0.0000       3.9900 0.0000 SNPS_CLOCK_GATE_HIGH_tinytpu_isa_dma_ld_0_1_894
dma_ld_0_1_U0/clk_gate_rbB_U_ram_reg_885_       3.9900     0.0      0.0000       3.9900 0.0000 SNPS_CLOCK_GATE_HIGH_tinytpu_isa_dma_ld_0_1_895
dma_ld_0_1_U0/clk_gate_rbB_U_ram_reg_886_       3.9900     0.0      0.0000       3.9900 0.0000 SNPS_CLOCK_GATE_HIGH_tinytpu_isa_dma_ld_0_1_896
dma_ld_0_1_U0/clk_gate_rbB_U_ram_reg_887_       3.9900     0.0      0.0000       3.9900 0.0000 SNPS_CLOCK_GATE_HIGH_tinytpu_isa_dma_ld_0_1_897
dma_ld_0_1_U0/clk_gate_rbB_U_ram_reg_888_       3.9900     0.0      0.0000       3.9900 0.0000 SNPS_CLOCK_GATE_HIGH_tinytpu_isa_dma_ld_0_1_898
dma_ld_0_1_U0/clk_gate_rbB_U_ram_reg_889_       3.9900     0.0      0.0000       3.9900 0.0000 SNPS_CLOCK_GATE_HIGH_tinytpu_isa_dma_ld_0_1_899
dma_ld_0_1_U0/clk_gate_rbB_U_ram_reg_88_       3.9900     0.0      0.0000       3.9900 0.0000 SNPS_CLOCK_GATE_HIGH_tinytpu_isa_dma_ld_0_1_98
dma_ld_0_1_U0/clk_gate_rbB_U_ram_reg_890_       3.9900     0.0      0.0000       3.9900 0.0000 SNPS_CLOCK_GATE_HIGH_tinytpu_isa_dma_ld_0_1_900
dma_ld_0_1_U0/clk_gate_rbB_U_ram_reg_891_       3.9900     0.0      0.0000       3.9900 0.0000 SNPS_CLOCK_GATE_HIGH_tinytpu_isa_dma_ld_0_1_901
dma_ld_0_1_U0/clk_gate_rbB_U_ram_reg_892_       3.9900     0.0      0.0000       3.9900 0.0000 SNPS_CLOCK_GATE_HIGH_tinytpu_isa_dma_ld_0_1_902
dma_ld_0_1_U0/clk_gate_rbB_U_ram_reg_893_       3.9900     0.0      0.0000       3.9900 0.0000 SNPS_CLOCK_GATE_HIGH_tinytpu_isa_dma_ld_0_1_903
dma_ld_0_1_U0/clk_gate_rbB_U_ram_reg_894_       3.9900     0.0      0.0000       3.9900 0.0000 SNPS_CLOCK_GATE_HIGH_tinytpu_isa_dma_ld_0_1_904
dma_ld_0_1_U0/clk_gate_rbB_U_ram_reg_895_       3.9900     0.0      0.0000       3.9900 0.0000 SNPS_CLOCK_GATE_HIGH_tinytpu_isa_dma_ld_0_1_905
dma_ld_0_1_U0/clk_gate_rbB_U_ram_reg_896_       3.9900     0.0      0.0000       3.9900 0.0000 SNPS_CLOCK_GATE_HIGH_tinytpu_isa_dma_ld_0_1_906
dma_ld_0_1_U0/clk_gate_rbB_U_ram_reg_897_       3.9900     0.0      0.0000       3.9900 0.0000 SNPS_CLOCK_GATE_HIGH_tinytpu_isa_dma_ld_0_1_907
dma_ld_0_1_U0/clk_gate_rbB_U_ram_reg_898_       3.9900     0.0      0.0000       3.9900 0.0000 SNPS_CLOCK_GATE_HIGH_tinytpu_isa_dma_ld_0_1_908
dma_ld_0_1_U0/clk_gate_rbB_U_ram_reg_899_       3.9900     0.0      0.0000       3.9900 0.0000 SNPS_CLOCK_GATE_HIGH_tinytpu_isa_dma_ld_0_1_909
dma_ld_0_1_U0/clk_gate_rbB_U_ram_reg_89_       3.9900     0.0      0.0000       3.9900 0.0000 SNPS_CLOCK_GATE_HIGH_tinytpu_isa_dma_ld_0_1_99
dma_ld_0_1_U0/clk_gate_rbB_U_ram_reg_8_       3.9900     0.0      0.0000       3.9900 0.0000 SNPS_CLOCK_GATE_HIGH_tinytpu_isa_dma_ld_0_1_18
dma_ld_0_1_U0/clk_gate_rbB_U_ram_reg_900_       3.9900     0.0      0.0000       3.9900 0.0000 SNPS_CLOCK_GATE_HIGH_tinytpu_isa_dma_ld_0_1_910
dma_ld_0_1_U0/clk_gate_rbB_U_ram_reg_901_       3.9900     0.0      0.0000       3.9900 0.0000 SNPS_CLOCK_GATE_HIGH_tinytpu_isa_dma_ld_0_1_911
dma_ld_0_1_U0/clk_gate_rbB_U_ram_reg_902_       3.9900     0.0      0.0000       3.9900 0.0000 SNPS_CLOCK_GATE_HIGH_tinytpu_isa_dma_ld_0_1_912
dma_ld_0_1_U0/clk_gate_rbB_U_ram_reg_903_       3.9900     0.0      0.0000       3.9900 0.0000 SNPS_CLOCK_GATE_HIGH_tinytpu_isa_dma_ld_0_1_913
dma_ld_0_1_U0/clk_gate_rbB_U_ram_reg_904_       3.9900     0.0      0.0000       3.9900 0.0000 SNPS_CLOCK_GATE_HIGH_tinytpu_isa_dma_ld_0_1_914
dma_ld_0_1_U0/clk_gate_rbB_U_ram_reg_905_       3.9900     0.0      0.0000       3.9900 0.0000 SNPS_CLOCK_GATE_HIGH_tinytpu_isa_dma_ld_0_1_915
dma_ld_0_1_U0/clk_gate_rbB_U_ram_reg_906_       3.9900     0.0      0.0000       3.9900 0.0000 SNPS_CLOCK_GATE_HIGH_tinytpu_isa_dma_ld_0_1_916
dma_ld_0_1_U0/clk_gate_rbB_U_ram_reg_907_       3.9900     0.0      0.0000       3.9900 0.0000 SNPS_CLOCK_GATE_HIGH_tinytpu_isa_dma_ld_0_1_917
dma_ld_0_1_U0/clk_gate_rbB_U_ram_reg_908_       3.9900     0.0      0.0000       3.9900 0.0000 SNPS_CLOCK_GATE_HIGH_tinytpu_isa_dma_ld_0_1_918
dma_ld_0_1_U0/clk_gate_rbB_U_ram_reg_909_       3.9900     0.0      0.0000       3.9900 0.0000 SNPS_CLOCK_GATE_HIGH_tinytpu_isa_dma_ld_0_1_919
dma_ld_0_1_U0/clk_gate_rbB_U_ram_reg_90_       3.9900     0.0      0.0000       3.9900 0.0000 SNPS_CLOCK_GATE_HIGH_tinytpu_isa_dma_ld_0_1_100
dma_ld_0_1_U0/clk_gate_rbB_U_ram_reg_910_       3.9900     0.0      0.0000       3.9900 0.0000 SNPS_CLOCK_GATE_HIGH_tinytpu_isa_dma_ld_0_1_920
dma_ld_0_1_U0/clk_gate_rbB_U_ram_reg_911_       3.9900     0.0      0.0000       3.9900 0.0000 SNPS_CLOCK_GATE_HIGH_tinytpu_isa_dma_ld_0_1_921
dma_ld_0_1_U0/clk_gate_rbB_U_ram_reg_912_       3.9900     0.0      0.0000       3.9900 0.0000 SNPS_CLOCK_GATE_HIGH_tinytpu_isa_dma_ld_0_1_922
dma_ld_0_1_U0/clk_gate_rbB_U_ram_reg_913_       3.9900     0.0      0.0000       3.9900 0.0000 SNPS_CLOCK_GATE_HIGH_tinytpu_isa_dma_ld_0_1_923
dma_ld_0_1_U0/clk_gate_rbB_U_ram_reg_914_       3.9900     0.0      0.0000       3.9900 0.0000 SNPS_CLOCK_GATE_HIGH_tinytpu_isa_dma_ld_0_1_924
dma_ld_0_1_U0/clk_gate_rbB_U_ram_reg_915_       3.9900     0.0      0.0000       3.9900 0.0000 SNPS_CLOCK_GATE_HIGH_tinytpu_isa_dma_ld_0_1_925
dma_ld_0_1_U0/clk_gate_rbB_U_ram_reg_916_       3.9900     0.0      0.0000       3.9900 0.0000 SNPS_CLOCK_GATE_HIGH_tinytpu_isa_dma_ld_0_1_926
dma_ld_0_1_U0/clk_gate_rbB_U_ram_reg_917_       3.9900     0.0      0.0000       3.9900 0.0000 SNPS_CLOCK_GATE_HIGH_tinytpu_isa_dma_ld_0_1_927
dma_ld_0_1_U0/clk_gate_rbB_U_ram_reg_918_       3.9900     0.0      0.0000       3.9900 0.0000 SNPS_CLOCK_GATE_HIGH_tinytpu_isa_dma_ld_0_1_928
dma_ld_0_1_U0/clk_gate_rbB_U_ram_reg_919_       3.9900     0.0      0.0000       3.9900 0.0000 SNPS_CLOCK_GATE_HIGH_tinytpu_isa_dma_ld_0_1_929
dma_ld_0_1_U0/clk_gate_rbB_U_ram_reg_91_       3.9900     0.0      0.0000       3.9900 0.0000 SNPS_CLOCK_GATE_HIGH_tinytpu_isa_dma_ld_0_1_101
dma_ld_0_1_U0/clk_gate_rbB_U_ram_reg_920_       3.9900     0.0      0.0000       3.9900 0.0000 SNPS_CLOCK_GATE_HIGH_tinytpu_isa_dma_ld_0_1_930
dma_ld_0_1_U0/clk_gate_rbB_U_ram_reg_921_       3.9900     0.0      0.0000       3.9900 0.0000 SNPS_CLOCK_GATE_HIGH_tinytpu_isa_dma_ld_0_1_931
dma_ld_0_1_U0/clk_gate_rbB_U_ram_reg_922_       3.9900     0.0      0.0000       3.9900 0.0000 SNPS_CLOCK_GATE_HIGH_tinytpu_isa_dma_ld_0_1_932
dma_ld_0_1_U0/clk_gate_rbB_U_ram_reg_923_       3.9900     0.0      0.0000       3.9900 0.0000 SNPS_CLOCK_GATE_HIGH_tinytpu_isa_dma_ld_0_1_933
dma_ld_0_1_U0/clk_gate_rbB_U_ram_reg_924_       3.9900     0.0      0.0000       3.9900 0.0000 SNPS_CLOCK_GATE_HIGH_tinytpu_isa_dma_ld_0_1_934
dma_ld_0_1_U0/clk_gate_rbB_U_ram_reg_925_       3.9900     0.0      0.0000       3.9900 0.0000 SNPS_CLOCK_GATE_HIGH_tinytpu_isa_dma_ld_0_1_935
dma_ld_0_1_U0/clk_gate_rbB_U_ram_reg_926_       3.9900     0.0      0.0000       3.9900 0.0000 SNPS_CLOCK_GATE_HIGH_tinytpu_isa_dma_ld_0_1_936
dma_ld_0_1_U0/clk_gate_rbB_U_ram_reg_927_       3.9900     0.0      0.0000       3.9900 0.0000 SNPS_CLOCK_GATE_HIGH_tinytpu_isa_dma_ld_0_1_937
dma_ld_0_1_U0/clk_gate_rbB_U_ram_reg_928_       3.9900     0.0      0.0000       3.9900 0.0000 SNPS_CLOCK_GATE_HIGH_tinytpu_isa_dma_ld_0_1_938
dma_ld_0_1_U0/clk_gate_rbB_U_ram_reg_929_       3.9900     0.0      0.0000       3.9900 0.0000 SNPS_CLOCK_GATE_HIGH_tinytpu_isa_dma_ld_0_1_939
dma_ld_0_1_U0/clk_gate_rbB_U_ram_reg_92_       3.9900     0.0      0.0000       3.9900 0.0000 SNPS_CLOCK_GATE_HIGH_tinytpu_isa_dma_ld_0_1_102
dma_ld_0_1_U0/clk_gate_rbB_U_ram_reg_930_       3.9900     0.0      0.0000       3.9900 0.0000 SNPS_CLOCK_GATE_HIGH_tinytpu_isa_dma_ld_0_1_940
dma_ld_0_1_U0/clk_gate_rbB_U_ram_reg_931_       3.9900     0.0      0.0000       3.9900 0.0000 SNPS_CLOCK_GATE_HIGH_tinytpu_isa_dma_ld_0_1_941
dma_ld_0_1_U0/clk_gate_rbB_U_ram_reg_932_       3.9900     0.0      0.0000       3.9900 0.0000 SNPS_CLOCK_GATE_HIGH_tinytpu_isa_dma_ld_0_1_942
dma_ld_0_1_U0/clk_gate_rbB_U_ram_reg_933_       3.9900     0.0      0.0000       3.9900 0.0000 SNPS_CLOCK_GATE_HIGH_tinytpu_isa_dma_ld_0_1_943
dma_ld_0_1_U0/clk_gate_rbB_U_ram_reg_934_       3.9900     0.0      0.0000       3.9900 0.0000 SNPS_CLOCK_GATE_HIGH_tinytpu_isa_dma_ld_0_1_944
dma_ld_0_1_U0/clk_gate_rbB_U_ram_reg_935_       3.9900     0.0      0.0000       3.9900 0.0000 SNPS_CLOCK_GATE_HIGH_tinytpu_isa_dma_ld_0_1_945
dma_ld_0_1_U0/clk_gate_rbB_U_ram_reg_936_       3.9900     0.0      0.0000       3.9900 0.0000 SNPS_CLOCK_GATE_HIGH_tinytpu_isa_dma_ld_0_1_946
dma_ld_0_1_U0/clk_gate_rbB_U_ram_reg_937_       3.9900     0.0      0.0000       3.9900 0.0000 SNPS_CLOCK_GATE_HIGH_tinytpu_isa_dma_ld_0_1_947
dma_ld_0_1_U0/clk_gate_rbB_U_ram_reg_938_       3.9900     0.0      0.0000       3.9900 0.0000 SNPS_CLOCK_GATE_HIGH_tinytpu_isa_dma_ld_0_1_948
dma_ld_0_1_U0/clk_gate_rbB_U_ram_reg_939_       3.9900     0.0      0.0000       3.9900 0.0000 SNPS_CLOCK_GATE_HIGH_tinytpu_isa_dma_ld_0_1_949
dma_ld_0_1_U0/clk_gate_rbB_U_ram_reg_93_       3.9900     0.0      0.0000       3.9900 0.0000 SNPS_CLOCK_GATE_HIGH_tinytpu_isa_dma_ld_0_1_103
dma_ld_0_1_U0/clk_gate_rbB_U_ram_reg_940_       3.9900     0.0      0.0000       3.9900 0.0000 SNPS_CLOCK_GATE_HIGH_tinytpu_isa_dma_ld_0_1_950
dma_ld_0_1_U0/clk_gate_rbB_U_ram_reg_941_       3.9900     0.0      0.0000       3.9900 0.0000 SNPS_CLOCK_GATE_HIGH_tinytpu_isa_dma_ld_0_1_951
dma_ld_0_1_U0/clk_gate_rbB_U_ram_reg_942_       3.9900     0.0      0.0000       3.9900 0.0000 SNPS_CLOCK_GATE_HIGH_tinytpu_isa_dma_ld_0_1_952
dma_ld_0_1_U0/clk_gate_rbB_U_ram_reg_943_       3.9900     0.0      0.0000       3.9900 0.0000 SNPS_CLOCK_GATE_HIGH_tinytpu_isa_dma_ld_0_1_953
dma_ld_0_1_U0/clk_gate_rbB_U_ram_reg_944_       3.9900     0.0      0.0000       3.9900 0.0000 SNPS_CLOCK_GATE_HIGH_tinytpu_isa_dma_ld_0_1_954
dma_ld_0_1_U0/clk_gate_rbB_U_ram_reg_945_       3.9900     0.0      0.0000       3.9900 0.0000 SNPS_CLOCK_GATE_HIGH_tinytpu_isa_dma_ld_0_1_955
dma_ld_0_1_U0/clk_gate_rbB_U_ram_reg_946_       3.9900     0.0      0.0000       3.9900 0.0000 SNPS_CLOCK_GATE_HIGH_tinytpu_isa_dma_ld_0_1_956
dma_ld_0_1_U0/clk_gate_rbB_U_ram_reg_947_       3.9900     0.0      0.0000       3.9900 0.0000 SNPS_CLOCK_GATE_HIGH_tinytpu_isa_dma_ld_0_1_957
dma_ld_0_1_U0/clk_gate_rbB_U_ram_reg_948_       3.9900     0.0      0.0000       3.9900 0.0000 SNPS_CLOCK_GATE_HIGH_tinytpu_isa_dma_ld_0_1_958
dma_ld_0_1_U0/clk_gate_rbB_U_ram_reg_949_       3.9900     0.0      0.0000       3.9900 0.0000 SNPS_CLOCK_GATE_HIGH_tinytpu_isa_dma_ld_0_1_959
dma_ld_0_1_U0/clk_gate_rbB_U_ram_reg_94_       3.9900     0.0      0.0000       3.9900 0.0000 SNPS_CLOCK_GATE_HIGH_tinytpu_isa_dma_ld_0_1_104
dma_ld_0_1_U0/clk_gate_rbB_U_ram_reg_950_       3.9900     0.0      0.0000       3.9900 0.0000 SNPS_CLOCK_GATE_HIGH_tinytpu_isa_dma_ld_0_1_960
dma_ld_0_1_U0/clk_gate_rbB_U_ram_reg_951_       3.9900     0.0      0.0000       3.9900 0.0000 SNPS_CLOCK_GATE_HIGH_tinytpu_isa_dma_ld_0_1_961
dma_ld_0_1_U0/clk_gate_rbB_U_ram_reg_952_       3.9900     0.0      0.0000       3.9900 0.0000 SNPS_CLOCK_GATE_HIGH_tinytpu_isa_dma_ld_0_1_962
dma_ld_0_1_U0/clk_gate_rbB_U_ram_reg_953_       3.9900     0.0      0.0000       3.9900 0.0000 SNPS_CLOCK_GATE_HIGH_tinytpu_isa_dma_ld_0_1_963
dma_ld_0_1_U0/clk_gate_rbB_U_ram_reg_954_       3.9900     0.0      0.0000       3.9900 0.0000 SNPS_CLOCK_GATE_HIGH_tinytpu_isa_dma_ld_0_1_964
dma_ld_0_1_U0/clk_gate_rbB_U_ram_reg_955_       3.9900     0.0      0.0000       3.9900 0.0000 SNPS_CLOCK_GATE_HIGH_tinytpu_isa_dma_ld_0_1_965
dma_ld_0_1_U0/clk_gate_rbB_U_ram_reg_956_       3.9900     0.0      0.0000       3.9900 0.0000 SNPS_CLOCK_GATE_HIGH_tinytpu_isa_dma_ld_0_1_966
dma_ld_0_1_U0/clk_gate_rbB_U_ram_reg_957_       3.9900     0.0      0.0000       3.9900 0.0000 SNPS_CLOCK_GATE_HIGH_tinytpu_isa_dma_ld_0_1_967
dma_ld_0_1_U0/clk_gate_rbB_U_ram_reg_958_       3.9900     0.0      0.0000       3.9900 0.0000 SNPS_CLOCK_GATE_HIGH_tinytpu_isa_dma_ld_0_1_968
dma_ld_0_1_U0/clk_gate_rbB_U_ram_reg_959_       3.9900     0.0      0.0000       3.9900 0.0000 SNPS_CLOCK_GATE_HIGH_tinytpu_isa_dma_ld_0_1_969
dma_ld_0_1_U0/clk_gate_rbB_U_ram_reg_95_       3.9900     0.0      0.0000       3.9900 0.0000 SNPS_CLOCK_GATE_HIGH_tinytpu_isa_dma_ld_0_1_105
dma_ld_0_1_U0/clk_gate_rbB_U_ram_reg_960_       3.9900     0.0      0.0000       3.9900 0.0000 SNPS_CLOCK_GATE_HIGH_tinytpu_isa_dma_ld_0_1_970
dma_ld_0_1_U0/clk_gate_rbB_U_ram_reg_961_       3.9900     0.0      0.0000       3.9900 0.0000 SNPS_CLOCK_GATE_HIGH_tinytpu_isa_dma_ld_0_1_971
dma_ld_0_1_U0/clk_gate_rbB_U_ram_reg_962_       3.9900     0.0      0.0000       3.9900 0.0000 SNPS_CLOCK_GATE_HIGH_tinytpu_isa_dma_ld_0_1_972
dma_ld_0_1_U0/clk_gate_rbB_U_ram_reg_963_       3.9900     0.0      0.0000       3.9900 0.0000 SNPS_CLOCK_GATE_HIGH_tinytpu_isa_dma_ld_0_1_973
dma_ld_0_1_U0/clk_gate_rbB_U_ram_reg_964_       3.9900     0.0      0.0000       3.9900 0.0000 SNPS_CLOCK_GATE_HIGH_tinytpu_isa_dma_ld_0_1_974
dma_ld_0_1_U0/clk_gate_rbB_U_ram_reg_965_       3.9900     0.0      0.0000       3.9900 0.0000 SNPS_CLOCK_GATE_HIGH_tinytpu_isa_dma_ld_0_1_975
dma_ld_0_1_U0/clk_gate_rbB_U_ram_reg_966_       3.9900     0.0      0.0000       3.9900 0.0000 SNPS_CLOCK_GATE_HIGH_tinytpu_isa_dma_ld_0_1_976
dma_ld_0_1_U0/clk_gate_rbB_U_ram_reg_967_       3.9900     0.0      0.0000       3.9900 0.0000 SNPS_CLOCK_GATE_HIGH_tinytpu_isa_dma_ld_0_1_977
dma_ld_0_1_U0/clk_gate_rbB_U_ram_reg_968_       3.9900     0.0      0.0000       3.9900 0.0000 SNPS_CLOCK_GATE_HIGH_tinytpu_isa_dma_ld_0_1_978
dma_ld_0_1_U0/clk_gate_rbB_U_ram_reg_969_       3.9900     0.0      0.0000       3.9900 0.0000 SNPS_CLOCK_GATE_HIGH_tinytpu_isa_dma_ld_0_1_979
dma_ld_0_1_U0/clk_gate_rbB_U_ram_reg_96_       3.9900     0.0      0.0000       3.9900 0.0000 SNPS_CLOCK_GATE_HIGH_tinytpu_isa_dma_ld_0_1_106
dma_ld_0_1_U0/clk_gate_rbB_U_ram_reg_970_       3.9900     0.0      0.0000       3.9900 0.0000 SNPS_CLOCK_GATE_HIGH_tinytpu_isa_dma_ld_0_1_980
dma_ld_0_1_U0/clk_gate_rbB_U_ram_reg_971_       3.9900     0.0      0.0000       3.9900 0.0000 SNPS_CLOCK_GATE_HIGH_tinytpu_isa_dma_ld_0_1_981
dma_ld_0_1_U0/clk_gate_rbB_U_ram_reg_972_       3.9900     0.0      0.0000       3.9900 0.0000 SNPS_CLOCK_GATE_HIGH_tinytpu_isa_dma_ld_0_1_982
dma_ld_0_1_U0/clk_gate_rbB_U_ram_reg_973_       3.9900     0.0      0.0000       3.9900 0.0000 SNPS_CLOCK_GATE_HIGH_tinytpu_isa_dma_ld_0_1_983
dma_ld_0_1_U0/clk_gate_rbB_U_ram_reg_974_       3.9900     0.0      0.0000       3.9900 0.0000 SNPS_CLOCK_GATE_HIGH_tinytpu_isa_dma_ld_0_1_984
dma_ld_0_1_U0/clk_gate_rbB_U_ram_reg_975_       3.9900     0.0      0.0000       3.9900 0.0000 SNPS_CLOCK_GATE_HIGH_tinytpu_isa_dma_ld_0_1_985
dma_ld_0_1_U0/clk_gate_rbB_U_ram_reg_976_       3.9900     0.0      0.0000       3.9900 0.0000 SNPS_CLOCK_GATE_HIGH_tinytpu_isa_dma_ld_0_1_986
dma_ld_0_1_U0/clk_gate_rbB_U_ram_reg_977_       3.9900     0.0      0.0000       3.9900 0.0000 SNPS_CLOCK_GATE_HIGH_tinytpu_isa_dma_ld_0_1_987
dma_ld_0_1_U0/clk_gate_rbB_U_ram_reg_978_       3.9900     0.0      0.0000       3.9900 0.0000 SNPS_CLOCK_GATE_HIGH_tinytpu_isa_dma_ld_0_1_988
dma_ld_0_1_U0/clk_gate_rbB_U_ram_reg_979_       3.9900     0.0      0.0000       3.9900 0.0000 SNPS_CLOCK_GATE_HIGH_tinytpu_isa_dma_ld_0_1_989
dma_ld_0_1_U0/clk_gate_rbB_U_ram_reg_97_       3.9900     0.0      0.0000       3.9900 0.0000 SNPS_CLOCK_GATE_HIGH_tinytpu_isa_dma_ld_0_1_107
dma_ld_0_1_U0/clk_gate_rbB_U_ram_reg_980_       3.9900     0.0      0.0000       3.9900 0.0000 SNPS_CLOCK_GATE_HIGH_tinytpu_isa_dma_ld_0_1_990
dma_ld_0_1_U0/clk_gate_rbB_U_ram_reg_981_       3.9900     0.0      0.0000       3.9900 0.0000 SNPS_CLOCK_GATE_HIGH_tinytpu_isa_dma_ld_0_1_991
dma_ld_0_1_U0/clk_gate_rbB_U_ram_reg_982_       3.9900     0.0      0.0000       3.9900 0.0000 SNPS_CLOCK_GATE_HIGH_tinytpu_isa_dma_ld_0_1_992
dma_ld_0_1_U0/clk_gate_rbB_U_ram_reg_983_       3.9900     0.0      0.0000       3.9900 0.0000 SNPS_CLOCK_GATE_HIGH_tinytpu_isa_dma_ld_0_1_993
dma_ld_0_1_U0/clk_gate_rbB_U_ram_reg_984_       3.9900     0.0      0.0000       3.9900 0.0000 SNPS_CLOCK_GATE_HIGH_tinytpu_isa_dma_ld_0_1_994
dma_ld_0_1_U0/clk_gate_rbB_U_ram_reg_985_       3.9900     0.0      0.0000       3.9900 0.0000 SNPS_CLOCK_GATE_HIGH_tinytpu_isa_dma_ld_0_1_995
dma_ld_0_1_U0/clk_gate_rbB_U_ram_reg_986_       3.9900     0.0      0.0000       3.9900 0.0000 SNPS_CLOCK_GATE_HIGH_tinytpu_isa_dma_ld_0_1_996
dma_ld_0_1_U0/clk_gate_rbB_U_ram_reg_987_       3.9900     0.0      0.0000       3.9900 0.0000 SNPS_CLOCK_GATE_HIGH_tinytpu_isa_dma_ld_0_1_997
dma_ld_0_1_U0/clk_gate_rbB_U_ram_reg_988_       3.9900     0.0      0.0000       3.9900 0.0000 SNPS_CLOCK_GATE_HIGH_tinytpu_isa_dma_ld_0_1_998
dma_ld_0_1_U0/clk_gate_rbB_U_ram_reg_989_       3.9900     0.0      0.0000       3.9900 0.0000 SNPS_CLOCK_GATE_HIGH_tinytpu_isa_dma_ld_0_1_999
dma_ld_0_1_U0/clk_gate_rbB_U_ram_reg_98_       3.9900     0.0      0.0000       3.9900 0.0000 SNPS_CLOCK_GATE_HIGH_tinytpu_isa_dma_ld_0_1_108
dma_ld_0_1_U0/clk_gate_rbB_U_ram_reg_990_       3.9900     0.0      0.0000       3.9900 0.0000 SNPS_CLOCK_GATE_HIGH_tinytpu_isa_dma_ld_0_1_1000
dma_ld_0_1_U0/clk_gate_rbB_U_ram_reg_991_       3.9900     0.0      0.0000       3.9900 0.0000 SNPS_CLOCK_GATE_HIGH_tinytpu_isa_dma_ld_0_1_1001
dma_ld_0_1_U0/clk_gate_rbB_U_ram_reg_992_       3.9900     0.0      0.0000       3.9900 0.0000 SNPS_CLOCK_GATE_HIGH_tinytpu_isa_dma_ld_0_1_1002
dma_ld_0_1_U0/clk_gate_rbB_U_ram_reg_993_       3.9900     0.0      0.0000       3.9900 0.0000 SNPS_CLOCK_GATE_HIGH_tinytpu_isa_dma_ld_0_1_1003
dma_ld_0_1_U0/clk_gate_rbB_U_ram_reg_994_       3.9900     0.0      0.0000       3.9900 0.0000 SNPS_CLOCK_GATE_HIGH_tinytpu_isa_dma_ld_0_1_1004
dma_ld_0_1_U0/clk_gate_rbB_U_ram_reg_995_       3.9900     0.0      0.0000       3.9900 0.0000 SNPS_CLOCK_GATE_HIGH_tinytpu_isa_dma_ld_0_1_1005
dma_ld_0_1_U0/clk_gate_rbB_U_ram_reg_996_       3.9900     0.0      0.0000       3.9900 0.0000 SNPS_CLOCK_GATE_HIGH_tinytpu_isa_dma_ld_0_1_1006
dma_ld_0_1_U0/clk_gate_rbB_U_ram_reg_997_       3.9900     0.0      0.0000       3.9900 0.0000 SNPS_CLOCK_GATE_HIGH_tinytpu_isa_dma_ld_0_1_1007
dma_ld_0_1_U0/clk_gate_rbB_U_ram_reg_998_       3.9900     0.0      0.0000       3.9900 0.0000 SNPS_CLOCK_GATE_HIGH_tinytpu_isa_dma_ld_0_1_1008
dma_ld_0_1_U0/clk_gate_rbB_U_ram_reg_999_       3.9900     0.0      0.0000       3.9900 0.0000 SNPS_CLOCK_GATE_HIGH_tinytpu_isa_dma_ld_0_1_1009
dma_ld_0_1_U0/clk_gate_rbB_U_ram_reg_99_       3.9900     0.0      0.0000       3.9900 0.0000 SNPS_CLOCK_GATE_HIGH_tinytpu_isa_dma_ld_0_1_109
dma_ld_0_1_U0/clk_gate_rbB_U_ram_reg_9_       3.9900     0.0      0.0000       3.9900 0.0000 SNPS_CLOCK_GATE_HIGH_tinytpu_isa_dma_ld_0_1_19
dma_ld_0_1_U0/clk_gate_trunc_ln642_reg_224_reg       3.9900     0.0      0.0000       3.9900 0.0000 SNPS_CLOCK_GATE_HIGH_tinytpu_isa_dma_ld_0_1_0
dma_ld_0_1_U0/clk_gate_v346_reg_219_reg       3.9900     0.0      0.0000       3.9900 0.0000 SNPS_CLOCK_GATE_HIGH_tinytpu_isa_dma_ld_0_1_2061
dma_ld_0_1_U0/clk_gate_v393_reg_254_reg       3.9900     0.0      0.0000       3.9900 0.0000 SNPS_CLOCK_GATE_HIGH_tinytpu_isa_dma_ld_0_1_2062
dma_st_0_1_U0_clk_gate_grp_dma_st_0_1_Pipeline_VITIS_LOOP_4406_1_fu_56_ap_enable_reg_pp0_iter9_reg       3.9900     0.0      0.0000       3.9900 0.0000 SNPS_CLOCK_GATE_HIGH_tinytpu_isa_dma_st_0_1_1
dma_st_0_1_U0_clk_gate_grp_dma_st_0_1_Pipeline_VITIS_LOOP_4406_1_fu_56_trunc_ln4463_1_reg_406_reg       3.9900     0.0      0.0000       3.9900 0.0000 SNPS_CLOCK_GATE_HIGH_tinytpu_isa_dma_st_0_1_5
dma_st_0_1_U0_clk_gate_grp_dma_st_0_1_Pipeline_VITIS_LOOP_4406_1_fu_56_v2085_fu_92_reg       3.9900     0.0      0.0000       3.9900 0.0000 SNPS_CLOCK_GATE_HIGH_tinytpu_isa_dma_st_0_1_3
dma_st_0_1_U0_clk_gate_grp_dma_st_0_1_Pipeline_VITIS_LOOP_4406_1_fu_56_v2090_fu_108_reg       3.9900     0.0      0.0000       3.9900 0.0000 SNPS_CLOCK_GATE_HIGH_tinytpu_isa_dma_st_0_1_4
dma_st_0_1_U0_clk_gate_v2080_reg_77_reg       3.9900     0.0      0.0000       3.9900 0.0000 SNPS_CLOCK_GATE_HIGH_tinytpu_isa_dma_st_0_1_0
gmem0_m_axi_U                      705485.9805     50.5  133715.2772   570669.4633  0.0000  tinytpu_isa_gmem0_m_axi_CONSERVATIVE1_NUM_READ_OUTSTANDING16_NUM_WRITE_OUTSTANDING16_MAX_READ_BURST_LENGTH16_MAX_WRITE_BURST_LENGTH16_C_M_AXI_ID_WIDTH1_C_M_AXI_ADDR_WIDTH64_C_M_AXI_DATA_WIDTH512_C_M_AXI_AWUSER_WIDTH1_C_M_AXI_ARUSER_WIDTH1_C_M_AXI_WUSER_WIDTH1_C_M_AXI_RUSER_WIDTH1_C_M_AXI_BUSER_WIDTH1_C_USER_VALUE0_C_PROT_VALUE0_C_CACHE_VALUE3_USER_DW512_USER_AW64_USER_MAXREQS7_USER_RFIFONUM_WIDTH9
gmem0_m_axi_U/clk_gate_bus_read_fifo_burst_empty_n_reg       3.9900     0.0      0.0000       3.9900 0.0000 SNPS_CLOCK_GATE_HIGH_tinytpu_isa_gmem0_m_axi_CONSERVATIVE1_NUM_READ_OUTSTANDING16_NUM_WRITE_OUTSTANDING16_MAX_READ_BURST_LENGTH16_MAX_WRITE_BURST_LENGTH16_C_M_AXI_ID_WIDTH1_C_M_AXI_ADDR_WIDTH64_C_M_AXI_DATA_WIDTH512_C_M_AXI_AWUSER_WIDTH1_C_M_AXI_ARUSER_WIDTH1_C_M_AXI_WUSER_WIDTH1_C_M_AXI_RUSER_WIDTH1_C_M_AXI_BUSER_WIDTH1_C_USER_VALUE0_C_PROT_VALUE0_C_CACHE_VALUE3_USER_DW512_USER_AW64_USER_MAXREQS7_USER_RFIFONUM_WIDTH9_5
gmem0_m_axi_U/clk_gate_bus_read_fifo_burst_genblk1_raddr_reg       3.9900     0.0      0.0000       3.9900 0.0000 SNPS_CLOCK_GATE_HIGH_tinytpu_isa_gmem0_m_axi_CONSERVATIVE1_NUM_READ_OUTSTANDING16_NUM_WRITE_OUTSTANDING16_MAX_READ_BURST_LENGTH16_MAX_WRITE_BURST_LENGTH16_C_M_AXI_ID_WIDTH1_C_M_AXI_ADDR_WIDTH64_C_M_AXI_DATA_WIDTH512_C_M_AXI_AWUSER_WIDTH1_C_M_AXI_ARUSER_WIDTH1_C_M_AXI_WUSER_WIDTH1_C_M_AXI_RUSER_WIDTH1_C_M_AXI_BUSER_WIDTH1_C_USER_VALUE0_C_PROT_VALUE0_C_CACHE_VALUE3_USER_DW512_USER_AW64_USER_MAXREQS7_USER_RFIFONUM_WIDTH9_4
gmem0_m_axi_U/clk_gate_bus_read_fifo_rctl_empty_n_reg       3.9900     0.0      0.0000       3.9900 0.0000 SNPS_CLOCK_GATE_HIGH_tinytpu_isa_gmem0_m_axi_CONSERVATIVE1_NUM_READ_OUTSTANDING16_NUM_WRITE_OUTSTANDING16_MAX_READ_BURST_LENGTH16_MAX_WRITE_BURST_LENGTH16_C_M_AXI_ID_WIDTH1_C_M_AXI_ADDR_WIDTH64_C_M_AXI_DATA_WIDTH512_C_M_AXI_AWUSER_WIDTH1_C_M_AXI_ARUSER_WIDTH1_C_M_AXI_WUSER_WIDTH1_C_M_AXI_RUSER_WIDTH1_C_M_AXI_BUSER_WIDTH1_C_USER_VALUE0_C_PROT_VALUE0_C_CACHE_VALUE3_USER_DW512_USER_AW64_USER_MAXREQS7_USER_RFIFONUM_WIDTH9_7
gmem0_m_axi_U/clk_gate_bus_read_fifo_rctl_genblk1_raddr_reg       3.9900     0.0      0.0000       3.9900 0.0000 SNPS_CLOCK_GATE_HIGH_tinytpu_isa_gmem0_m_axi_CONSERVATIVE1_NUM_READ_OUTSTANDING16_NUM_WRITE_OUTSTANDING16_MAX_READ_BURST_LENGTH16_MAX_WRITE_BURST_LENGTH16_C_M_AXI_ID_WIDTH1_C_M_AXI_ADDR_WIDTH64_C_M_AXI_DATA_WIDTH512_C_M_AXI_AWUSER_WIDTH1_C_M_AXI_ARUSER_WIDTH1_C_M_AXI_WUSER_WIDTH1_C_M_AXI_RUSER_WIDTH1_C_M_AXI_BUSER_WIDTH1_C_USER_VALUE0_C_PROT_VALUE0_C_CACHE_VALUE3_USER_DW512_USER_AW64_USER_MAXREQS7_USER_RFIFONUM_WIDTH9_6
gmem0_m_axi_U/clk_gate_bus_read_rreq_burst_conv_could_multi_bursts_addr_step_reg       3.9900     0.0      0.0000       3.9900 0.0000 SNPS_CLOCK_GATE_HIGH_tinytpu_isa_gmem0_m_axi_CONSERVATIVE1_NUM_READ_OUTSTANDING16_NUM_WRITE_OUTSTANDING16_MAX_READ_BURST_LENGTH16_MAX_WRITE_BURST_LENGTH16_C_M_AXI_ID_WIDTH1_C_M_AXI_ADDR_WIDTH64_C_M_AXI_DATA_WIDTH512_C_M_AXI_AWUSER_WIDTH1_C_M_AXI_ARUSER_WIDTH1_C_M_AXI_WUSER_WIDTH1_C_M_AXI_RUSER_WIDTH1_C_M_AXI_BUSER_WIDTH1_C_USER_VALUE0_C_PROT_VALUE0_C_CACHE_VALUE3_USER_DW512_USER_AW64_USER_MAXREQS7_USER_RFIFONUM_WIDTH9_22
gmem0_m_axi_U/clk_gate_bus_read_rreq_burst_conv_could_multi_bursts_last_loop_reg       3.9900     0.0      0.0000       3.9900 0.0000 SNPS_CLOCK_GATE_HIGH_tinytpu_isa_gmem0_m_axi_CONSERVATIVE1_NUM_READ_OUTSTANDING16_NUM_WRITE_OUTSTANDING16_MAX_READ_BURST_LENGTH16_MAX_WRITE_BURST_LENGTH16_C_M_AXI_ID_WIDTH1_C_M_AXI_ADDR_WIDTH64_C_M_AXI_DATA_WIDTH512_C_M_AXI_AWUSER_WIDTH1_C_M_AXI_ARUSER_WIDTH1_C_M_AXI_WUSER_WIDTH1_C_M_AXI_RUSER_WIDTH1_C_M_AXI_BUSER_WIDTH1_C_USER_VALUE0_C_PROT_VALUE0_C_CACHE_VALUE3_USER_DW512_USER_AW64_USER_MAXREQS7_USER_RFIFONUM_WIDTH9_21
gmem0_m_axi_U/clk_gate_bus_read_rreq_burst_conv_end_from_4k_reg       3.9900     0.0      0.0000       3.9900 0.0000 SNPS_CLOCK_GATE_HIGH_tinytpu_isa_gmem0_m_axi_CONSERVATIVE1_NUM_READ_OUTSTANDING16_NUM_WRITE_OUTSTANDING16_MAX_READ_BURST_LENGTH16_MAX_WRITE_BURST_LENGTH16_C_M_AXI_ID_WIDTH1_C_M_AXI_ADDR_WIDTH64_C_M_AXI_DATA_WIDTH512_C_M_AXI_AWUSER_WIDTH1_C_M_AXI_ARUSER_WIDTH1_C_M_AXI_WUSER_WIDTH1_C_M_AXI_RUSER_WIDTH1_C_M_AXI_BUSER_WIDTH1_C_USER_VALUE0_C_PROT_VALUE0_C_CACHE_VALUE3_USER_DW512_USER_AW64_USER_MAXREQS7_USER_RFIFONUM_WIDTH9_18
gmem0_m_axi_U/clk_gate_bus_read_rreq_burst_conv_last_sect_buf_reg       3.9900     0.0      0.0000       3.9900 0.0000 SNPS_CLOCK_GATE_HIGH_tinytpu_isa_gmem0_m_axi_CONSERVATIVE1_NUM_READ_OUTSTANDING16_NUM_WRITE_OUTSTANDING16_MAX_READ_BURST_LENGTH16_MAX_WRITE_BURST_LENGTH16_C_M_AXI_ID_WIDTH1_C_M_AXI_ADDR_WIDTH64_C_M_AXI_DATA_WIDTH512_C_M_AXI_AWUSER_WIDTH1_C_M_AXI_ARUSER_WIDTH1_C_M_AXI_WUSER_WIDTH1_C_M_AXI_RUSER_WIDTH1_C_M_AXI_BUSER_WIDTH1_C_USER_VALUE0_C_PROT_VALUE0_C_CACHE_VALUE3_USER_DW512_USER_AW64_USER_MAXREQS7_USER_RFIFONUM_WIDTH9_20
gmem0_m_axi_U/clk_gate_bus_read_rreq_burst_conv_last_sect_reg       3.9900     0.0      0.0000       3.9900 0.0000 SNPS_CLOCK_GATE_HIGH_tinytpu_isa_gmem0_m_axi_CONSERVATIVE1_NUM_READ_OUTSTANDING16_NUM_WRITE_OUTSTANDING16_MAX_READ_BURST_LENGTH16_MAX_WRITE_BURST_LENGTH16_C_M_AXI_ID_WIDTH1_C_M_AXI_ADDR_WIDTH64_C_M_AXI_DATA_WIDTH512_C_M_AXI_AWUSER_WIDTH1_C_M_AXI_ARUSER_WIDTH1_C_M_AXI_WUSER_WIDTH1_C_M_AXI_RUSER_WIDTH1_C_M_AXI_BUSER_WIDTH1_C_USER_VALUE0_C_PROT_VALUE0_C_CACHE_VALUE3_USER_DW512_USER_AW64_USER_MAXREQS7_USER_RFIFONUM_WIDTH9_19
gmem0_m_axi_U/clk_gate_bus_read_rreq_burst_conv_rs_req_data_p1_reg       3.9900     0.0      0.0000       3.9900 0.0000 SNPS_CLOCK_GATE_HIGH_tinytpu_isa_gmem0_m_axi_CONSERVATIVE1_NUM_READ_OUTSTANDING16_NUM_WRITE_OUTSTANDING16_MAX_READ_BURST_LENGTH16_MAX_WRITE_BURST_LENGTH16_C_M_AXI_ID_WIDTH1_C_M_AXI_ADDR_WIDTH64_C_M_AXI_DATA_WIDTH512_C_M_AXI_AWUSER_WIDTH1_C_M_AXI_ARUSER_WIDTH1_C_M_AXI_WUSER_WIDTH1_C_M_AXI_RUSER_WIDTH1_C_M_AXI_BUSER_WIDTH1_C_USER_VALUE0_C_PROT_VALUE0_C_CACHE_VALUE3_USER_DW512_USER_AW64_USER_MAXREQS7_USER_RFIFONUM_WIDTH9_14
gmem0_m_axi_U/clk_gate_bus_read_rreq_burst_conv_rs_req_data_p2_reg       3.9900     0.0      0.0000       3.9900 0.0000 SNPS_CLOCK_GATE_HIGH_tinytpu_isa_gmem0_m_axi_CONSERVATIVE1_NUM_READ_OUTSTANDING16_NUM_WRITE_OUTSTANDING16_MAX_READ_BURST_LENGTH16_MAX_WRITE_BURST_LENGTH16_C_M_AXI_ID_WIDTH1_C_M_AXI_ADDR_WIDTH64_C_M_AXI_DATA_WIDTH512_C_M_AXI_AWUSER_WIDTH1_C_M_AXI_ARUSER_WIDTH1_C_M_AXI_WUSER_WIDTH1_C_M_AXI_RUSER_WIDTH1_C_M_AXI_BUSER_WIDTH1_C_USER_VALUE0_C_PROT_VALUE0_C_CACHE_VALUE3_USER_DW512_USER_AW64_USER_MAXREQS7_USER_RFIFONUM_WIDTH9_15
gmem0_m_axi_U/clk_gate_bus_read_rs_rdata_data_p1_reg       3.9900     0.0      0.0000       3.9900 0.0000 SNPS_CLOCK_GATE_HIGH_tinytpu_isa_gmem0_m_axi_CONSERVATIVE1_NUM_READ_OUTSTANDING16_NUM_WRITE_OUTSTANDING16_MAX_READ_BURST_LENGTH16_MAX_WRITE_BURST_LENGTH16_C_M_AXI_ID_WIDTH1_C_M_AXI_ADDR_WIDTH64_C_M_AXI_DATA_WIDTH512_C_M_AXI_AWUSER_WIDTH1_C_M_AXI_ARUSER_WIDTH1_C_M_AXI_WUSER_WIDTH1_C_M_AXI_RUSER_WIDTH1_C_M_AXI_BUSER_WIDTH1_C_USER_VALUE0_C_PROT_VALUE0_C_CACHE_VALUE3_USER_DW512_USER_AW64_USER_MAXREQS7_USER_RFIFONUM_WIDTH9_12
gmem0_m_axi_U/clk_gate_bus_read_rs_rdata_data_p2_reg       3.9900     0.0      0.0000       3.9900 0.0000 SNPS_CLOCK_GATE_HIGH_tinytpu_isa_gmem0_m_axi_CONSERVATIVE1_NUM_READ_OUTSTANDING16_NUM_WRITE_OUTSTANDING16_MAX_READ_BURST_LENGTH16_MAX_WRITE_BURST_LENGTH16_C_M_AXI_ID_WIDTH1_C_M_AXI_ADDR_WIDTH64_C_M_AXI_DATA_WIDTH512_C_M_AXI_AWUSER_WIDTH1_C_M_AXI_ARUSER_WIDTH1_C_M_AXI_WUSER_WIDTH1_C_M_AXI_RUSER_WIDTH1_C_M_AXI_BUSER_WIDTH1_C_USER_VALUE0_C_PROT_VALUE0_C_CACHE_VALUE3_USER_DW512_USER_AW64_USER_MAXREQS7_USER_RFIFONUM_WIDTH9_13
gmem0_m_axi_U/clk_gate_load_unit_buff_rdata_empty_n_reg       3.9900     0.0      0.0000       3.9900 0.0000 SNPS_CLOCK_GATE_HIGH_tinytpu_isa_gmem0_m_axi_CONSERVATIVE1_NUM_READ_OUTSTANDING16_NUM_WRITE_OUTSTANDING16_MAX_READ_BURST_LENGTH16_MAX_WRITE_BURST_LENGTH16_C_M_AXI_ID_WIDTH1_C_M_AXI_ADDR_WIDTH64_C_M_AXI_DATA_WIDTH512_C_M_AXI_AWUSER_WIDTH1_C_M_AXI_ARUSER_WIDTH1_C_M_AXI_WUSER_WIDTH1_C_M_AXI_RUSER_WIDTH1_C_M_AXI_BUSER_WIDTH1_C_USER_VALUE0_C_PROT_VALUE0_C_CACHE_VALUE3_USER_DW512_USER_AW64_USER_MAXREQS7_USER_RFIFONUM_WIDTH9_301
gmem0_m_axi_U/clk_gate_load_unit_buff_rdata_genblk1_U_fifo_mem_dout_reg       3.9900     0.0      0.0000       3.9900 0.0000 SNPS_CLOCK_GATE_HIGH_tinytpu_isa_gmem0_m_axi_CONSERVATIVE1_NUM_READ_OUTSTANDING16_NUM_WRITE_OUTSTANDING16_MAX_READ_BURST_LENGTH16_MAX_WRITE_BURST_LENGTH16_C_M_AXI_ID_WIDTH1_C_M_AXI_ADDR_WIDTH64_C_M_AXI_DATA_WIDTH512_C_M_AXI_AWUSER_WIDTH1_C_M_AXI_ARUSER_WIDTH1_C_M_AXI_WUSER_WIDTH1_C_M_AXI_RUSER_WIDTH1_C_M_AXI_BUSER_WIDTH1_C_USER_VALUE0_C_PROT_VALUE0_C_CACHE_VALUE3_USER_DW512_USER_AW64_USER_MAXREQS7_USER_RFIFONUM_WIDTH9_299
gmem0_m_axi_U/clk_gate_load_unit_buff_rdata_genblk1_U_fifo_mem_mem_reg_0_       3.9900     0.0      0.0000       3.9900 0.0000 SNPS_CLOCK_GATE_HIGH_tinytpu_isa_gmem0_m_axi_CONSERVATIVE1_NUM_READ_OUTSTANDING16_NUM_WRITE_OUTSTANDING16_MAX_READ_BURST_LENGTH16_MAX_WRITE_BURST_LENGTH16_C_M_AXI_ID_WIDTH1_C_M_AXI_ADDR_WIDTH64_C_M_AXI_DATA_WIDTH512_C_M_AXI_AWUSER_WIDTH1_C_M_AXI_ARUSER_WIDTH1_C_M_AXI_WUSER_WIDTH1_C_M_AXI_RUSER_WIDTH1_C_M_AXI_BUSER_WIDTH1_C_USER_VALUE0_C_PROT_VALUE0_C_CACHE_VALUE3_USER_DW512_USER_AW64_USER_MAXREQS7_USER_RFIFONUM_WIDTH9_44
gmem0_m_axi_U/clk_gate_load_unit_buff_rdata_genblk1_U_fifo_mem_mem_reg_100_       3.9900     0.0      0.0000       3.9900 0.0000 SNPS_CLOCK_GATE_HIGH_tinytpu_isa_gmem0_m_axi_CONSERVATIVE1_NUM_READ_OUTSTANDING16_NUM_WRITE_OUTSTANDING16_MAX_READ_BURST_LENGTH16_MAX_WRITE_BURST_LENGTH16_C_M_AXI_ID_WIDTH1_C_M_AXI_ADDR_WIDTH64_C_M_AXI_DATA_WIDTH512_C_M_AXI_AWUSER_WIDTH1_C_M_AXI_ARUSER_WIDTH1_C_M_AXI_WUSER_WIDTH1_C_M_AXI_RUSER_WIDTH1_C_M_AXI_BUSER_WIDTH1_C_USER_VALUE0_C_PROT_VALUE0_C_CACHE_VALUE3_USER_DW512_USER_AW64_USER_MAXREQS7_USER_RFIFONUM_WIDTH9_144
gmem0_m_axi_U/clk_gate_load_unit_buff_rdata_genblk1_U_fifo_mem_mem_reg_101_       3.9900     0.0      0.0000       3.9900 0.0000 SNPS_CLOCK_GATE_HIGH_tinytpu_isa_gmem0_m_axi_CONSERVATIVE1_NUM_READ_OUTSTANDING16_NUM_WRITE_OUTSTANDING16_MAX_READ_BURST_LENGTH16_MAX_WRITE_BURST_LENGTH16_C_M_AXI_ID_WIDTH1_C_M_AXI_ADDR_WIDTH64_C_M_AXI_DATA_WIDTH512_C_M_AXI_AWUSER_WIDTH1_C_M_AXI_ARUSER_WIDTH1_C_M_AXI_WUSER_WIDTH1_C_M_AXI_RUSER_WIDTH1_C_M_AXI_BUSER_WIDTH1_C_USER_VALUE0_C_PROT_VALUE0_C_CACHE_VALUE3_USER_DW512_USER_AW64_USER_MAXREQS7_USER_RFIFONUM_WIDTH9_145
gmem0_m_axi_U/clk_gate_load_unit_buff_rdata_genblk1_U_fifo_mem_mem_reg_102_       3.9900     0.0      0.0000       3.9900 0.0000 SNPS_CLOCK_GATE_HIGH_tinytpu_isa_gmem0_m_axi_CONSERVATIVE1_NUM_READ_OUTSTANDING16_NUM_WRITE_OUTSTANDING16_MAX_READ_BURST_LENGTH16_MAX_WRITE_BURST_LENGTH16_C_M_AXI_ID_WIDTH1_C_M_AXI_ADDR_WIDTH64_C_M_AXI_DATA_WIDTH512_C_M_AXI_AWUSER_WIDTH1_C_M_AXI_ARUSER_WIDTH1_C_M_AXI_WUSER_WIDTH1_C_M_AXI_RUSER_WIDTH1_C_M_AXI_BUSER_WIDTH1_C_USER_VALUE0_C_PROT_VALUE0_C_CACHE_VALUE3_USER_DW512_USER_AW64_USER_MAXREQS7_USER_RFIFONUM_WIDTH9_146
gmem0_m_axi_U/clk_gate_load_unit_buff_rdata_genblk1_U_fifo_mem_mem_reg_103_       3.9900     0.0      0.0000       3.9900 0.0000 SNPS_CLOCK_GATE_HIGH_tinytpu_isa_gmem0_m_axi_CONSERVATIVE1_NUM_READ_OUTSTANDING16_NUM_WRITE_OUTSTANDING16_MAX_READ_BURST_LENGTH16_MAX_WRITE_BURST_LENGTH16_C_M_AXI_ID_WIDTH1_C_M_AXI_ADDR_WIDTH64_C_M_AXI_DATA_WIDTH512_C_M_AXI_AWUSER_WIDTH1_C_M_AXI_ARUSER_WIDTH1_C_M_AXI_WUSER_WIDTH1_C_M_AXI_RUSER_WIDTH1_C_M_AXI_BUSER_WIDTH1_C_USER_VALUE0_C_PROT_VALUE0_C_CACHE_VALUE3_USER_DW512_USER_AW64_USER_MAXREQS7_USER_RFIFONUM_WIDTH9_147
gmem0_m_axi_U/clk_gate_load_unit_buff_rdata_genblk1_U_fifo_mem_mem_reg_104_       3.9900     0.0      0.0000       3.9900 0.0000 SNPS_CLOCK_GATE_HIGH_tinytpu_isa_gmem0_m_axi_CONSERVATIVE1_NUM_READ_OUTSTANDING16_NUM_WRITE_OUTSTANDING16_MAX_READ_BURST_LENGTH16_MAX_WRITE_BURST_LENGTH16_C_M_AXI_ID_WIDTH1_C_M_AXI_ADDR_WIDTH64_C_M_AXI_DATA_WIDTH512_C_M_AXI_AWUSER_WIDTH1_C_M_AXI_ARUSER_WIDTH1_C_M_AXI_WUSER_WIDTH1_C_M_AXI_RUSER_WIDTH1_C_M_AXI_BUSER_WIDTH1_C_USER_VALUE0_C_PROT_VALUE0_C_CACHE_VALUE3_USER_DW512_USER_AW64_USER_MAXREQS7_USER_RFIFONUM_WIDTH9_148
gmem0_m_axi_U/clk_gate_load_unit_buff_rdata_genblk1_U_fifo_mem_mem_reg_105_       3.9900     0.0      0.0000       3.9900 0.0000 SNPS_CLOCK_GATE_HIGH_tinytpu_isa_gmem0_m_axi_CONSERVATIVE1_NUM_READ_OUTSTANDING16_NUM_WRITE_OUTSTANDING16_MAX_READ_BURST_LENGTH16_MAX_WRITE_BURST_LENGTH16_C_M_AXI_ID_WIDTH1_C_M_AXI_ADDR_WIDTH64_C_M_AXI_DATA_WIDTH512_C_M_AXI_AWUSER_WIDTH1_C_M_AXI_ARUSER_WIDTH1_C_M_AXI_WUSER_WIDTH1_C_M_AXI_RUSER_WIDTH1_C_M_AXI_BUSER_WIDTH1_C_USER_VALUE0_C_PROT_VALUE0_C_CACHE_VALUE3_USER_DW512_USER_AW64_USER_MAXREQS7_USER_RFIFONUM_WIDTH9_149
gmem0_m_axi_U/clk_gate_load_unit_buff_rdata_genblk1_U_fifo_mem_mem_reg_106_       3.9900     0.0      0.0000       3.9900 0.0000 SNPS_CLOCK_GATE_HIGH_tinytpu_isa_gmem0_m_axi_CONSERVATIVE1_NUM_READ_OUTSTANDING16_NUM_WRITE_OUTSTANDING16_MAX_READ_BURST_LENGTH16_MAX_WRITE_BURST_LENGTH16_C_M_AXI_ID_WIDTH1_C_M_AXI_ADDR_WIDTH64_C_M_AXI_DATA_WIDTH512_C_M_AXI_AWUSER_WIDTH1_C_M_AXI_ARUSER_WIDTH1_C_M_AXI_WUSER_WIDTH1_C_M_AXI_RUSER_WIDTH1_C_M_AXI_BUSER_WIDTH1_C_USER_VALUE0_C_PROT_VALUE0_C_CACHE_VALUE3_USER_DW512_USER_AW64_USER_MAXREQS7_USER_RFIFONUM_WIDTH9_150
gmem0_m_axi_U/clk_gate_load_unit_buff_rdata_genblk1_U_fifo_mem_mem_reg_107_       3.9900     0.0      0.0000       3.9900 0.0000 SNPS_CLOCK_GATE_HIGH_tinytpu_isa_gmem0_m_axi_CONSERVATIVE1_NUM_READ_OUTSTANDING16_NUM_WRITE_OUTSTANDING16_MAX_READ_BURST_LENGTH16_MAX_WRITE_BURST_LENGTH16_C_M_AXI_ID_WIDTH1_C_M_AXI_ADDR_WIDTH64_C_M_AXI_DATA_WIDTH512_C_M_AXI_AWUSER_WIDTH1_C_M_AXI_ARUSER_WIDTH1_C_M_AXI_WUSER_WIDTH1_C_M_AXI_RUSER_WIDTH1_C_M_AXI_BUSER_WIDTH1_C_USER_VALUE0_C_PROT_VALUE0_C_CACHE_VALUE3_USER_DW512_USER_AW64_USER_MAXREQS7_USER_RFIFONUM_WIDTH9_151
gmem0_m_axi_U/clk_gate_load_unit_buff_rdata_genblk1_U_fifo_mem_mem_reg_108_       3.9900     0.0      0.0000       3.9900 0.0000 SNPS_CLOCK_GATE_HIGH_tinytpu_isa_gmem0_m_axi_CONSERVATIVE1_NUM_READ_OUTSTANDING16_NUM_WRITE_OUTSTANDING16_MAX_READ_BURST_LENGTH16_MAX_WRITE_BURST_LENGTH16_C_M_AXI_ID_WIDTH1_C_M_AXI_ADDR_WIDTH64_C_M_AXI_DATA_WIDTH512_C_M_AXI_AWUSER_WIDTH1_C_M_AXI_ARUSER_WIDTH1_C_M_AXI_WUSER_WIDTH1_C_M_AXI_RUSER_WIDTH1_C_M_AXI_BUSER_WIDTH1_C_USER_VALUE0_C_PROT_VALUE0_C_CACHE_VALUE3_USER_DW512_USER_AW64_USER_MAXREQS7_USER_RFIFONUM_WIDTH9_152
gmem0_m_axi_U/clk_gate_load_unit_buff_rdata_genblk1_U_fifo_mem_mem_reg_109_       3.9900     0.0      0.0000       3.9900 0.0000 SNPS_CLOCK_GATE_HIGH_tinytpu_isa_gmem0_m_axi_CONSERVATIVE1_NUM_READ_OUTSTANDING16_NUM_WRITE_OUTSTANDING16_MAX_READ_BURST_LENGTH16_MAX_WRITE_BURST_LENGTH16_C_M_AXI_ID_WIDTH1_C_M_AXI_ADDR_WIDTH64_C_M_AXI_DATA_WIDTH512_C_M_AXI_AWUSER_WIDTH1_C_M_AXI_ARUSER_WIDTH1_C_M_AXI_WUSER_WIDTH1_C_M_AXI_RUSER_WIDTH1_C_M_AXI_BUSER_WIDTH1_C_USER_VALUE0_C_PROT_VALUE0_C_CACHE_VALUE3_USER_DW512_USER_AW64_USER_MAXREQS7_USER_RFIFONUM_WIDTH9_153
gmem0_m_axi_U/clk_gate_load_unit_buff_rdata_genblk1_U_fifo_mem_mem_reg_10_       3.9900     0.0      0.0000       3.9900 0.0000 SNPS_CLOCK_GATE_HIGH_tinytpu_isa_gmem0_m_axi_CONSERVATIVE1_NUM_READ_OUTSTANDING16_NUM_WRITE_OUTSTANDING16_MAX_READ_BURST_LENGTH16_MAX_WRITE_BURST_LENGTH16_C_M_AXI_ID_WIDTH1_C_M_AXI_ADDR_WIDTH64_C_M_AXI_DATA_WIDTH512_C_M_AXI_AWUSER_WIDTH1_C_M_AXI_ARUSER_WIDTH1_C_M_AXI_WUSER_WIDTH1_C_M_AXI_RUSER_WIDTH1_C_M_AXI_BUSER_WIDTH1_C_USER_VALUE0_C_PROT_VALUE0_C_CACHE_VALUE3_USER_DW512_USER_AW64_USER_MAXREQS7_USER_RFIFONUM_WIDTH9_54
gmem0_m_axi_U/clk_gate_load_unit_buff_rdata_genblk1_U_fifo_mem_mem_reg_110_       3.9900     0.0      0.0000       3.9900 0.0000 SNPS_CLOCK_GATE_HIGH_tinytpu_isa_gmem0_m_axi_CONSERVATIVE1_NUM_READ_OUTSTANDING16_NUM_WRITE_OUTSTANDING16_MAX_READ_BURST_LENGTH16_MAX_WRITE_BURST_LENGTH16_C_M_AXI_ID_WIDTH1_C_M_AXI_ADDR_WIDTH64_C_M_AXI_DATA_WIDTH512_C_M_AXI_AWUSER_WIDTH1_C_M_AXI_ARUSER_WIDTH1_C_M_AXI_WUSER_WIDTH1_C_M_AXI_RUSER_WIDTH1_C_M_AXI_BUSER_WIDTH1_C_USER_VALUE0_C_PROT_VALUE0_C_CACHE_VALUE3_USER_DW512_USER_AW64_USER_MAXREQS7_USER_RFIFONUM_WIDTH9_154
gmem0_m_axi_U/clk_gate_load_unit_buff_rdata_genblk1_U_fifo_mem_mem_reg_111_       3.9900     0.0      0.0000       3.9900 0.0000 SNPS_CLOCK_GATE_HIGH_tinytpu_isa_gmem0_m_axi_CONSERVATIVE1_NUM_READ_OUTSTANDING16_NUM_WRITE_OUTSTANDING16_MAX_READ_BURST_LENGTH16_MAX_WRITE_BURST_LENGTH16_C_M_AXI_ID_WIDTH1_C_M_AXI_ADDR_WIDTH64_C_M_AXI_DATA_WIDTH512_C_M_AXI_AWUSER_WIDTH1_C_M_AXI_ARUSER_WIDTH1_C_M_AXI_WUSER_WIDTH1_C_M_AXI_RUSER_WIDTH1_C_M_AXI_BUSER_WIDTH1_C_USER_VALUE0_C_PROT_VALUE0_C_CACHE_VALUE3_USER_DW512_USER_AW64_USER_MAXREQS7_USER_RFIFONUM_WIDTH9_155
gmem0_m_axi_U/clk_gate_load_unit_buff_rdata_genblk1_U_fifo_mem_mem_reg_112_       3.9900     0.0      0.0000       3.9900 0.0000 SNPS_CLOCK_GATE_HIGH_tinytpu_isa_gmem0_m_axi_CONSERVATIVE1_NUM_READ_OUTSTANDING16_NUM_WRITE_OUTSTANDING16_MAX_READ_BURST_LENGTH16_MAX_WRITE_BURST_LENGTH16_C_M_AXI_ID_WIDTH1_C_M_AXI_ADDR_WIDTH64_C_M_AXI_DATA_WIDTH512_C_M_AXI_AWUSER_WIDTH1_C_M_AXI_ARUSER_WIDTH1_C_M_AXI_WUSER_WIDTH1_C_M_AXI_RUSER_WIDTH1_C_M_AXI_BUSER_WIDTH1_C_USER_VALUE0_C_PROT_VALUE0_C_CACHE_VALUE3_USER_DW512_USER_AW64_USER_MAXREQS7_USER_RFIFONUM_WIDTH9_156
gmem0_m_axi_U/clk_gate_load_unit_buff_rdata_genblk1_U_fifo_mem_mem_reg_113_       3.9900     0.0      0.0000       3.9900 0.0000 SNPS_CLOCK_GATE_HIGH_tinytpu_isa_gmem0_m_axi_CONSERVATIVE1_NUM_READ_OUTSTANDING16_NUM_WRITE_OUTSTANDING16_MAX_READ_BURST_LENGTH16_MAX_WRITE_BURST_LENGTH16_C_M_AXI_ID_WIDTH1_C_M_AXI_ADDR_WIDTH64_C_M_AXI_DATA_WIDTH512_C_M_AXI_AWUSER_WIDTH1_C_M_AXI_ARUSER_WIDTH1_C_M_AXI_WUSER_WIDTH1_C_M_AXI_RUSER_WIDTH1_C_M_AXI_BUSER_WIDTH1_C_USER_VALUE0_C_PROT_VALUE0_C_CACHE_VALUE3_USER_DW512_USER_AW64_USER_MAXREQS7_USER_RFIFONUM_WIDTH9_157
gmem0_m_axi_U/clk_gate_load_unit_buff_rdata_genblk1_U_fifo_mem_mem_reg_114_       3.9900     0.0      0.0000       3.9900 0.0000 SNPS_CLOCK_GATE_HIGH_tinytpu_isa_gmem0_m_axi_CONSERVATIVE1_NUM_READ_OUTSTANDING16_NUM_WRITE_OUTSTANDING16_MAX_READ_BURST_LENGTH16_MAX_WRITE_BURST_LENGTH16_C_M_AXI_ID_WIDTH1_C_M_AXI_ADDR_WIDTH64_C_M_AXI_DATA_WIDTH512_C_M_AXI_AWUSER_WIDTH1_C_M_AXI_ARUSER_WIDTH1_C_M_AXI_WUSER_WIDTH1_C_M_AXI_RUSER_WIDTH1_C_M_AXI_BUSER_WIDTH1_C_USER_VALUE0_C_PROT_VALUE0_C_CACHE_VALUE3_USER_DW512_USER_AW64_USER_MAXREQS7_USER_RFIFONUM_WIDTH9_158
gmem0_m_axi_U/clk_gate_load_unit_buff_rdata_genblk1_U_fifo_mem_mem_reg_115_       3.9900     0.0      0.0000       3.9900 0.0000 SNPS_CLOCK_GATE_HIGH_tinytpu_isa_gmem0_m_axi_CONSERVATIVE1_NUM_READ_OUTSTANDING16_NUM_WRITE_OUTSTANDING16_MAX_READ_BURST_LENGTH16_MAX_WRITE_BURST_LENGTH16_C_M_AXI_ID_WIDTH1_C_M_AXI_ADDR_WIDTH64_C_M_AXI_DATA_WIDTH512_C_M_AXI_AWUSER_WIDTH1_C_M_AXI_ARUSER_WIDTH1_C_M_AXI_WUSER_WIDTH1_C_M_AXI_RUSER_WIDTH1_C_M_AXI_BUSER_WIDTH1_C_USER_VALUE0_C_PROT_VALUE0_C_CACHE_VALUE3_USER_DW512_USER_AW64_USER_MAXREQS7_USER_RFIFONUM_WIDTH9_159
gmem0_m_axi_U/clk_gate_load_unit_buff_rdata_genblk1_U_fifo_mem_mem_reg_116_       3.9900     0.0      0.0000       3.9900 0.0000 SNPS_CLOCK_GATE_HIGH_tinytpu_isa_gmem0_m_axi_CONSERVATIVE1_NUM_READ_OUTSTANDING16_NUM_WRITE_OUTSTANDING16_MAX_READ_BURST_LENGTH16_MAX_WRITE_BURST_LENGTH16_C_M_AXI_ID_WIDTH1_C_M_AXI_ADDR_WIDTH64_C_M_AXI_DATA_WIDTH512_C_M_AXI_AWUSER_WIDTH1_C_M_AXI_ARUSER_WIDTH1_C_M_AXI_WUSER_WIDTH1_C_M_AXI_RUSER_WIDTH1_C_M_AXI_BUSER_WIDTH1_C_USER_VALUE0_C_PROT_VALUE0_C_CACHE_VALUE3_USER_DW512_USER_AW64_USER_MAXREQS7_USER_RFIFONUM_WIDTH9_160
gmem0_m_axi_U/clk_gate_load_unit_buff_rdata_genblk1_U_fifo_mem_mem_reg_117_       3.9900     0.0      0.0000       3.9900 0.0000 SNPS_CLOCK_GATE_HIGH_tinytpu_isa_gmem0_m_axi_CONSERVATIVE1_NUM_READ_OUTSTANDING16_NUM_WRITE_OUTSTANDING16_MAX_READ_BURST_LENGTH16_MAX_WRITE_BURST_LENGTH16_C_M_AXI_ID_WIDTH1_C_M_AXI_ADDR_WIDTH64_C_M_AXI_DATA_WIDTH512_C_M_AXI_AWUSER_WIDTH1_C_M_AXI_ARUSER_WIDTH1_C_M_AXI_WUSER_WIDTH1_C_M_AXI_RUSER_WIDTH1_C_M_AXI_BUSER_WIDTH1_C_USER_VALUE0_C_PROT_VALUE0_C_CACHE_VALUE3_USER_DW512_USER_AW64_USER_MAXREQS7_USER_RFIFONUM_WIDTH9_161
gmem0_m_axi_U/clk_gate_load_unit_buff_rdata_genblk1_U_fifo_mem_mem_reg_118_       3.9900     0.0      0.0000       3.9900 0.0000 SNPS_CLOCK_GATE_HIGH_tinytpu_isa_gmem0_m_axi_CONSERVATIVE1_NUM_READ_OUTSTANDING16_NUM_WRITE_OUTSTANDING16_MAX_READ_BURST_LENGTH16_MAX_WRITE_BURST_LENGTH16_C_M_AXI_ID_WIDTH1_C_M_AXI_ADDR_WIDTH64_C_M_AXI_DATA_WIDTH512_C_M_AXI_AWUSER_WIDTH1_C_M_AXI_ARUSER_WIDTH1_C_M_AXI_WUSER_WIDTH1_C_M_AXI_RUSER_WIDTH1_C_M_AXI_BUSER_WIDTH1_C_USER_VALUE0_C_PROT_VALUE0_C_CACHE_VALUE3_USER_DW512_USER_AW64_USER_MAXREQS7_USER_RFIFONUM_WIDTH9_162
gmem0_m_axi_U/clk_gate_load_unit_buff_rdata_genblk1_U_fifo_mem_mem_reg_119_       3.9900     0.0      0.0000       3.9900 0.0000 SNPS_CLOCK_GATE_HIGH_tinytpu_isa_gmem0_m_axi_CONSERVATIVE1_NUM_READ_OUTSTANDING16_NUM_WRITE_OUTSTANDING16_MAX_READ_BURST_LENGTH16_MAX_WRITE_BURST_LENGTH16_C_M_AXI_ID_WIDTH1_C_M_AXI_ADDR_WIDTH64_C_M_AXI_DATA_WIDTH512_C_M_AXI_AWUSER_WIDTH1_C_M_AXI_ARUSER_WIDTH1_C_M_AXI_WUSER_WIDTH1_C_M_AXI_RUSER_WIDTH1_C_M_AXI_BUSER_WIDTH1_C_USER_VALUE0_C_PROT_VALUE0_C_CACHE_VALUE3_USER_DW512_USER_AW64_USER_MAXREQS7_USER_RFIFONUM_WIDTH9_163
gmem0_m_axi_U/clk_gate_load_unit_buff_rdata_genblk1_U_fifo_mem_mem_reg_11_       3.9900     0.0      0.0000       3.9900 0.0000 SNPS_CLOCK_GATE_HIGH_tinytpu_isa_gmem0_m_axi_CONSERVATIVE1_NUM_READ_OUTSTANDING16_NUM_WRITE_OUTSTANDING16_MAX_READ_BURST_LENGTH16_MAX_WRITE_BURST_LENGTH16_C_M_AXI_ID_WIDTH1_C_M_AXI_ADDR_WIDTH64_C_M_AXI_DATA_WIDTH512_C_M_AXI_AWUSER_WIDTH1_C_M_AXI_ARUSER_WIDTH1_C_M_AXI_WUSER_WIDTH1_C_M_AXI_RUSER_WIDTH1_C_M_AXI_BUSER_WIDTH1_C_USER_VALUE0_C_PROT_VALUE0_C_CACHE_VALUE3_USER_DW512_USER_AW64_USER_MAXREQS7_USER_RFIFONUM_WIDTH9_55
gmem0_m_axi_U/clk_gate_load_unit_buff_rdata_genblk1_U_fifo_mem_mem_reg_120_       3.9900     0.0      0.0000       3.9900 0.0000 SNPS_CLOCK_GATE_HIGH_tinytpu_isa_gmem0_m_axi_CONSERVATIVE1_NUM_READ_OUTSTANDING16_NUM_WRITE_OUTSTANDING16_MAX_READ_BURST_LENGTH16_MAX_WRITE_BURST_LENGTH16_C_M_AXI_ID_WIDTH1_C_M_AXI_ADDR_WIDTH64_C_M_AXI_DATA_WIDTH512_C_M_AXI_AWUSER_WIDTH1_C_M_AXI_ARUSER_WIDTH1_C_M_AXI_WUSER_WIDTH1_C_M_AXI_RUSER_WIDTH1_C_M_AXI_BUSER_WIDTH1_C_USER_VALUE0_C_PROT_VALUE0_C_CACHE_VALUE3_USER_DW512_USER_AW64_USER_MAXREQS7_USER_RFIFONUM_WIDTH9_164
gmem0_m_axi_U/clk_gate_load_unit_buff_rdata_genblk1_U_fifo_mem_mem_reg_121_       3.9900     0.0      0.0000       3.9900 0.0000 SNPS_CLOCK_GATE_HIGH_tinytpu_isa_gmem0_m_axi_CONSERVATIVE1_NUM_READ_OUTSTANDING16_NUM_WRITE_OUTSTANDING16_MAX_READ_BURST_LENGTH16_MAX_WRITE_BURST_LENGTH16_C_M_AXI_ID_WIDTH1_C_M_AXI_ADDR_WIDTH64_C_M_AXI_DATA_WIDTH512_C_M_AXI_AWUSER_WIDTH1_C_M_AXI_ARUSER_WIDTH1_C_M_AXI_WUSER_WIDTH1_C_M_AXI_RUSER_WIDTH1_C_M_AXI_BUSER_WIDTH1_C_USER_VALUE0_C_PROT_VALUE0_C_CACHE_VALUE3_USER_DW512_USER_AW64_USER_MAXREQS7_USER_RFIFONUM_WIDTH9_165
gmem0_m_axi_U/clk_gate_load_unit_buff_rdata_genblk1_U_fifo_mem_mem_reg_122_       3.9900     0.0      0.0000       3.9900 0.0000 SNPS_CLOCK_GATE_HIGH_tinytpu_isa_gmem0_m_axi_CONSERVATIVE1_NUM_READ_OUTSTANDING16_NUM_WRITE_OUTSTANDING16_MAX_READ_BURST_LENGTH16_MAX_WRITE_BURST_LENGTH16_C_M_AXI_ID_WIDTH1_C_M_AXI_ADDR_WIDTH64_C_M_AXI_DATA_WIDTH512_C_M_AXI_AWUSER_WIDTH1_C_M_AXI_ARUSER_WIDTH1_C_M_AXI_WUSER_WIDTH1_C_M_AXI_RUSER_WIDTH1_C_M_AXI_BUSER_WIDTH1_C_USER_VALUE0_C_PROT_VALUE0_C_CACHE_VALUE3_USER_DW512_USER_AW64_USER_MAXREQS7_USER_RFIFONUM_WIDTH9_166
gmem0_m_axi_U/clk_gate_load_unit_buff_rdata_genblk1_U_fifo_mem_mem_reg_123_       3.9900     0.0      0.0000       3.9900 0.0000 SNPS_CLOCK_GATE_HIGH_tinytpu_isa_gmem0_m_axi_CONSERVATIVE1_NUM_READ_OUTSTANDING16_NUM_WRITE_OUTSTANDING16_MAX_READ_BURST_LENGTH16_MAX_WRITE_BURST_LENGTH16_C_M_AXI_ID_WIDTH1_C_M_AXI_ADDR_WIDTH64_C_M_AXI_DATA_WIDTH512_C_M_AXI_AWUSER_WIDTH1_C_M_AXI_ARUSER_WIDTH1_C_M_AXI_WUSER_WIDTH1_C_M_AXI_RUSER_WIDTH1_C_M_AXI_BUSER_WIDTH1_C_USER_VALUE0_C_PROT_VALUE0_C_CACHE_VALUE3_USER_DW512_USER_AW64_USER_MAXREQS7_USER_RFIFONUM_WIDTH9_167
gmem0_m_axi_U/clk_gate_load_unit_buff_rdata_genblk1_U_fifo_mem_mem_reg_124_       3.9900     0.0      0.0000       3.9900 0.0000 SNPS_CLOCK_GATE_HIGH_tinytpu_isa_gmem0_m_axi_CONSERVATIVE1_NUM_READ_OUTSTANDING16_NUM_WRITE_OUTSTANDING16_MAX_READ_BURST_LENGTH16_MAX_WRITE_BURST_LENGTH16_C_M_AXI_ID_WIDTH1_C_M_AXI_ADDR_WIDTH64_C_M_AXI_DATA_WIDTH512_C_M_AXI_AWUSER_WIDTH1_C_M_AXI_ARUSER_WIDTH1_C_M_AXI_WUSER_WIDTH1_C_M_AXI_RUSER_WIDTH1_C_M_AXI_BUSER_WIDTH1_C_USER_VALUE0_C_PROT_VALUE0_C_CACHE_VALUE3_USER_DW512_USER_AW64_USER_MAXREQS7_USER_RFIFONUM_WIDTH9_168
gmem0_m_axi_U/clk_gate_load_unit_buff_rdata_genblk1_U_fifo_mem_mem_reg_125_       3.9900     0.0      0.0000       3.9900 0.0000 SNPS_CLOCK_GATE_HIGH_tinytpu_isa_gmem0_m_axi_CONSERVATIVE1_NUM_READ_OUTSTANDING16_NUM_WRITE_OUTSTANDING16_MAX_READ_BURST_LENGTH16_MAX_WRITE_BURST_LENGTH16_C_M_AXI_ID_WIDTH1_C_M_AXI_ADDR_WIDTH64_C_M_AXI_DATA_WIDTH512_C_M_AXI_AWUSER_WIDTH1_C_M_AXI_ARUSER_WIDTH1_C_M_AXI_WUSER_WIDTH1_C_M_AXI_RUSER_WIDTH1_C_M_AXI_BUSER_WIDTH1_C_USER_VALUE0_C_PROT_VALUE0_C_CACHE_VALUE3_USER_DW512_USER_AW64_USER_MAXREQS7_USER_RFIFONUM_WIDTH9_169
gmem0_m_axi_U/clk_gate_load_unit_buff_rdata_genblk1_U_fifo_mem_mem_reg_126_       3.9900     0.0      0.0000       3.9900 0.0000 SNPS_CLOCK_GATE_HIGH_tinytpu_isa_gmem0_m_axi_CONSERVATIVE1_NUM_READ_OUTSTANDING16_NUM_WRITE_OUTSTANDING16_MAX_READ_BURST_LENGTH16_MAX_WRITE_BURST_LENGTH16_C_M_AXI_ID_WIDTH1_C_M_AXI_ADDR_WIDTH64_C_M_AXI_DATA_WIDTH512_C_M_AXI_AWUSER_WIDTH1_C_M_AXI_ARUSER_WIDTH1_C_M_AXI_WUSER_WIDTH1_C_M_AXI_RUSER_WIDTH1_C_M_AXI_BUSER_WIDTH1_C_USER_VALUE0_C_PROT_VALUE0_C_CACHE_VALUE3_USER_DW512_USER_AW64_USER_MAXREQS7_USER_RFIFONUM_WIDTH9_170
gmem0_m_axi_U/clk_gate_load_unit_buff_rdata_genblk1_U_fifo_mem_mem_reg_127_       3.9900     0.0      0.0000       3.9900 0.0000 SNPS_CLOCK_GATE_HIGH_tinytpu_isa_gmem0_m_axi_CONSERVATIVE1_NUM_READ_OUTSTANDING16_NUM_WRITE_OUTSTANDING16_MAX_READ_BURST_LENGTH16_MAX_WRITE_BURST_LENGTH16_C_M_AXI_ID_WIDTH1_C_M_AXI_ADDR_WIDTH64_C_M_AXI_DATA_WIDTH512_C_M_AXI_AWUSER_WIDTH1_C_M_AXI_ARUSER_WIDTH1_C_M_AXI_WUSER_WIDTH1_C_M_AXI_RUSER_WIDTH1_C_M_AXI_BUSER_WIDTH1_C_USER_VALUE0_C_PROT_VALUE0_C_CACHE_VALUE3_USER_DW512_USER_AW64_USER_MAXREQS7_USER_RFIFONUM_WIDTH9_171
gmem0_m_axi_U/clk_gate_load_unit_buff_rdata_genblk1_U_fifo_mem_mem_reg_128_       3.9900     0.0      0.0000       3.9900 0.0000 SNPS_CLOCK_GATE_HIGH_tinytpu_isa_gmem0_m_axi_CONSERVATIVE1_NUM_READ_OUTSTANDING16_NUM_WRITE_OUTSTANDING16_MAX_READ_BURST_LENGTH16_MAX_WRITE_BURST_LENGTH16_C_M_AXI_ID_WIDTH1_C_M_AXI_ADDR_WIDTH64_C_M_AXI_DATA_WIDTH512_C_M_AXI_AWUSER_WIDTH1_C_M_AXI_ARUSER_WIDTH1_C_M_AXI_WUSER_WIDTH1_C_M_AXI_RUSER_WIDTH1_C_M_AXI_BUSER_WIDTH1_C_USER_VALUE0_C_PROT_VALUE0_C_CACHE_VALUE3_USER_DW512_USER_AW64_USER_MAXREQS7_USER_RFIFONUM_WIDTH9_172
gmem0_m_axi_U/clk_gate_load_unit_buff_rdata_genblk1_U_fifo_mem_mem_reg_129_       3.9900     0.0      0.0000       3.9900 0.0000 SNPS_CLOCK_GATE_HIGH_tinytpu_isa_gmem0_m_axi_CONSERVATIVE1_NUM_READ_OUTSTANDING16_NUM_WRITE_OUTSTANDING16_MAX_READ_BURST_LENGTH16_MAX_WRITE_BURST_LENGTH16_C_M_AXI_ID_WIDTH1_C_M_AXI_ADDR_WIDTH64_C_M_AXI_DATA_WIDTH512_C_M_AXI_AWUSER_WIDTH1_C_M_AXI_ARUSER_WIDTH1_C_M_AXI_WUSER_WIDTH1_C_M_AXI_RUSER_WIDTH1_C_M_AXI_BUSER_WIDTH1_C_USER_VALUE0_C_PROT_VALUE0_C_CACHE_VALUE3_USER_DW512_USER_AW64_USER_MAXREQS7_USER_RFIFONUM_WIDTH9_173
gmem0_m_axi_U/clk_gate_load_unit_buff_rdata_genblk1_U_fifo_mem_mem_reg_12_       3.9900     0.0      0.0000       3.9900 0.0000 SNPS_CLOCK_GATE_HIGH_tinytpu_isa_gmem0_m_axi_CONSERVATIVE1_NUM_READ_OUTSTANDING16_NUM_WRITE_OUTSTANDING16_MAX_READ_BURST_LENGTH16_MAX_WRITE_BURST_LENGTH16_C_M_AXI_ID_WIDTH1_C_M_AXI_ADDR_WIDTH64_C_M_AXI_DATA_WIDTH512_C_M_AXI_AWUSER_WIDTH1_C_M_AXI_ARUSER_WIDTH1_C_M_AXI_WUSER_WIDTH1_C_M_AXI_RUSER_WIDTH1_C_M_AXI_BUSER_WIDTH1_C_USER_VALUE0_C_PROT_VALUE0_C_CACHE_VALUE3_USER_DW512_USER_AW64_USER_MAXREQS7_USER_RFIFONUM_WIDTH9_56
gmem0_m_axi_U/clk_gate_load_unit_buff_rdata_genblk1_U_fifo_mem_mem_reg_130_       3.9900     0.0      0.0000       3.9900 0.0000 SNPS_CLOCK_GATE_HIGH_tinytpu_isa_gmem0_m_axi_CONSERVATIVE1_NUM_READ_OUTSTANDING16_NUM_WRITE_OUTSTANDING16_MAX_READ_BURST_LENGTH16_MAX_WRITE_BURST_LENGTH16_C_M_AXI_ID_WIDTH1_C_M_AXI_ADDR_WIDTH64_C_M_AXI_DATA_WIDTH512_C_M_AXI_AWUSER_WIDTH1_C_M_AXI_ARUSER_WIDTH1_C_M_AXI_WUSER_WIDTH1_C_M_AXI_RUSER_WIDTH1_C_M_AXI_BUSER_WIDTH1_C_USER_VALUE0_C_PROT_VALUE0_C_CACHE_VALUE3_USER_DW512_USER_AW64_USER_MAXREQS7_USER_RFIFONUM_WIDTH9_174
gmem0_m_axi_U/clk_gate_load_unit_buff_rdata_genblk1_U_fifo_mem_mem_reg_131_       3.9900     0.0      0.0000       3.9900 0.0000 SNPS_CLOCK_GATE_HIGH_tinytpu_isa_gmem0_m_axi_CONSERVATIVE1_NUM_READ_OUTSTANDING16_NUM_WRITE_OUTSTANDING16_MAX_READ_BURST_LENGTH16_MAX_WRITE_BURST_LENGTH16_C_M_AXI_ID_WIDTH1_C_M_AXI_ADDR_WIDTH64_C_M_AXI_DATA_WIDTH512_C_M_AXI_AWUSER_WIDTH1_C_M_AXI_ARUSER_WIDTH1_C_M_AXI_WUSER_WIDTH1_C_M_AXI_RUSER_WIDTH1_C_M_AXI_BUSER_WIDTH1_C_USER_VALUE0_C_PROT_VALUE0_C_CACHE_VALUE3_USER_DW512_USER_AW64_USER_MAXREQS7_USER_RFIFONUM_WIDTH9_175
gmem0_m_axi_U/clk_gate_load_unit_buff_rdata_genblk1_U_fifo_mem_mem_reg_132_       3.9900     0.0      0.0000       3.9900 0.0000 SNPS_CLOCK_GATE_HIGH_tinytpu_isa_gmem0_m_axi_CONSERVATIVE1_NUM_READ_OUTSTANDING16_NUM_WRITE_OUTSTANDING16_MAX_READ_BURST_LENGTH16_MAX_WRITE_BURST_LENGTH16_C_M_AXI_ID_WIDTH1_C_M_AXI_ADDR_WIDTH64_C_M_AXI_DATA_WIDTH512_C_M_AXI_AWUSER_WIDTH1_C_M_AXI_ARUSER_WIDTH1_C_M_AXI_WUSER_WIDTH1_C_M_AXI_RUSER_WIDTH1_C_M_AXI_BUSER_WIDTH1_C_USER_VALUE0_C_PROT_VALUE0_C_CACHE_VALUE3_USER_DW512_USER_AW64_USER_MAXREQS7_USER_RFIFONUM_WIDTH9_176
gmem0_m_axi_U/clk_gate_load_unit_buff_rdata_genblk1_U_fifo_mem_mem_reg_133_       3.9900     0.0      0.0000       3.9900 0.0000 SNPS_CLOCK_GATE_HIGH_tinytpu_isa_gmem0_m_axi_CONSERVATIVE1_NUM_READ_OUTSTANDING16_NUM_WRITE_OUTSTANDING16_MAX_READ_BURST_LENGTH16_MAX_WRITE_BURST_LENGTH16_C_M_AXI_ID_WIDTH1_C_M_AXI_ADDR_WIDTH64_C_M_AXI_DATA_WIDTH512_C_M_AXI_AWUSER_WIDTH1_C_M_AXI_ARUSER_WIDTH1_C_M_AXI_WUSER_WIDTH1_C_M_AXI_RUSER_WIDTH1_C_M_AXI_BUSER_WIDTH1_C_USER_VALUE0_C_PROT_VALUE0_C_CACHE_VALUE3_USER_DW512_USER_AW64_USER_MAXREQS7_USER_RFIFONUM_WIDTH9_177
gmem0_m_axi_U/clk_gate_load_unit_buff_rdata_genblk1_U_fifo_mem_mem_reg_134_       3.9900     0.0      0.0000       3.9900 0.0000 SNPS_CLOCK_GATE_HIGH_tinytpu_isa_gmem0_m_axi_CONSERVATIVE1_NUM_READ_OUTSTANDING16_NUM_WRITE_OUTSTANDING16_MAX_READ_BURST_LENGTH16_MAX_WRITE_BURST_LENGTH16_C_M_AXI_ID_WIDTH1_C_M_AXI_ADDR_WIDTH64_C_M_AXI_DATA_WIDTH512_C_M_AXI_AWUSER_WIDTH1_C_M_AXI_ARUSER_WIDTH1_C_M_AXI_WUSER_WIDTH1_C_M_AXI_RUSER_WIDTH1_C_M_AXI_BUSER_WIDTH1_C_USER_VALUE0_C_PROT_VALUE0_C_CACHE_VALUE3_USER_DW512_USER_AW64_USER_MAXREQS7_USER_RFIFONUM_WIDTH9_178
gmem0_m_axi_U/clk_gate_load_unit_buff_rdata_genblk1_U_fifo_mem_mem_reg_135_       3.9900     0.0      0.0000       3.9900 0.0000 SNPS_CLOCK_GATE_HIGH_tinytpu_isa_gmem0_m_axi_CONSERVATIVE1_NUM_READ_OUTSTANDING16_NUM_WRITE_OUTSTANDING16_MAX_READ_BURST_LENGTH16_MAX_WRITE_BURST_LENGTH16_C_M_AXI_ID_WIDTH1_C_M_AXI_ADDR_WIDTH64_C_M_AXI_DATA_WIDTH512_C_M_AXI_AWUSER_WIDTH1_C_M_AXI_ARUSER_WIDTH1_C_M_AXI_WUSER_WIDTH1_C_M_AXI_RUSER_WIDTH1_C_M_AXI_BUSER_WIDTH1_C_USER_VALUE0_C_PROT_VALUE0_C_CACHE_VALUE3_USER_DW512_USER_AW64_USER_MAXREQS7_USER_RFIFONUM_WIDTH9_179
gmem0_m_axi_U/clk_gate_load_unit_buff_rdata_genblk1_U_fifo_mem_mem_reg_136_       3.9900     0.0      0.0000       3.9900 0.0000 SNPS_CLOCK_GATE_HIGH_tinytpu_isa_gmem0_m_axi_CONSERVATIVE1_NUM_READ_OUTSTANDING16_NUM_WRITE_OUTSTANDING16_MAX_READ_BURST_LENGTH16_MAX_WRITE_BURST_LENGTH16_C_M_AXI_ID_WIDTH1_C_M_AXI_ADDR_WIDTH64_C_M_AXI_DATA_WIDTH512_C_M_AXI_AWUSER_WIDTH1_C_M_AXI_ARUSER_WIDTH1_C_M_AXI_WUSER_WIDTH1_C_M_AXI_RUSER_WIDTH1_C_M_AXI_BUSER_WIDTH1_C_USER_VALUE0_C_PROT_VALUE0_C_CACHE_VALUE3_USER_DW512_USER_AW64_USER_MAXREQS7_USER_RFIFONUM_WIDTH9_180
gmem0_m_axi_U/clk_gate_load_unit_buff_rdata_genblk1_U_fifo_mem_mem_reg_137_       3.9900     0.0      0.0000       3.9900 0.0000 SNPS_CLOCK_GATE_HIGH_tinytpu_isa_gmem0_m_axi_CONSERVATIVE1_NUM_READ_OUTSTANDING16_NUM_WRITE_OUTSTANDING16_MAX_READ_BURST_LENGTH16_MAX_WRITE_BURST_LENGTH16_C_M_AXI_ID_WIDTH1_C_M_AXI_ADDR_WIDTH64_C_M_AXI_DATA_WIDTH512_C_M_AXI_AWUSER_WIDTH1_C_M_AXI_ARUSER_WIDTH1_C_M_AXI_WUSER_WIDTH1_C_M_AXI_RUSER_WIDTH1_C_M_AXI_BUSER_WIDTH1_C_USER_VALUE0_C_PROT_VALUE0_C_CACHE_VALUE3_USER_DW512_USER_AW64_USER_MAXREQS7_USER_RFIFONUM_WIDTH9_181
gmem0_m_axi_U/clk_gate_load_unit_buff_rdata_genblk1_U_fifo_mem_mem_reg_138_       3.9900     0.0      0.0000       3.9900 0.0000 SNPS_CLOCK_GATE_HIGH_tinytpu_isa_gmem0_m_axi_CONSERVATIVE1_NUM_READ_OUTSTANDING16_NUM_WRITE_OUTSTANDING16_MAX_READ_BURST_LENGTH16_MAX_WRITE_BURST_LENGTH16_C_M_AXI_ID_WIDTH1_C_M_AXI_ADDR_WIDTH64_C_M_AXI_DATA_WIDTH512_C_M_AXI_AWUSER_WIDTH1_C_M_AXI_ARUSER_WIDTH1_C_M_AXI_WUSER_WIDTH1_C_M_AXI_RUSER_WIDTH1_C_M_AXI_BUSER_WIDTH1_C_USER_VALUE0_C_PROT_VALUE0_C_CACHE_VALUE3_USER_DW512_USER_AW64_USER_MAXREQS7_USER_RFIFONUM_WIDTH9_182
gmem0_m_axi_U/clk_gate_load_unit_buff_rdata_genblk1_U_fifo_mem_mem_reg_139_       3.9900     0.0      0.0000       3.9900 0.0000 SNPS_CLOCK_GATE_HIGH_tinytpu_isa_gmem0_m_axi_CONSERVATIVE1_NUM_READ_OUTSTANDING16_NUM_WRITE_OUTSTANDING16_MAX_READ_BURST_LENGTH16_MAX_WRITE_BURST_LENGTH16_C_M_AXI_ID_WIDTH1_C_M_AXI_ADDR_WIDTH64_C_M_AXI_DATA_WIDTH512_C_M_AXI_AWUSER_WIDTH1_C_M_AXI_ARUSER_WIDTH1_C_M_AXI_WUSER_WIDTH1_C_M_AXI_RUSER_WIDTH1_C_M_AXI_BUSER_WIDTH1_C_USER_VALUE0_C_PROT_VALUE0_C_CACHE_VALUE3_USER_DW512_USER_AW64_USER_MAXREQS7_USER_RFIFONUM_WIDTH9_183
gmem0_m_axi_U/clk_gate_load_unit_buff_rdata_genblk1_U_fifo_mem_mem_reg_13_       3.9900     0.0      0.0000       3.9900 0.0000 SNPS_CLOCK_GATE_HIGH_tinytpu_isa_gmem0_m_axi_CONSERVATIVE1_NUM_READ_OUTSTANDING16_NUM_WRITE_OUTSTANDING16_MAX_READ_BURST_LENGTH16_MAX_WRITE_BURST_LENGTH16_C_M_AXI_ID_WIDTH1_C_M_AXI_ADDR_WIDTH64_C_M_AXI_DATA_WIDTH512_C_M_AXI_AWUSER_WIDTH1_C_M_AXI_ARUSER_WIDTH1_C_M_AXI_WUSER_WIDTH1_C_M_AXI_RUSER_WIDTH1_C_M_AXI_BUSER_WIDTH1_C_USER_VALUE0_C_PROT_VALUE0_C_CACHE_VALUE3_USER_DW512_USER_AW64_USER_MAXREQS7_USER_RFIFONUM_WIDTH9_57
gmem0_m_axi_U/clk_gate_load_unit_buff_rdata_genblk1_U_fifo_mem_mem_reg_140_       3.9900     0.0      0.0000       3.9900 0.0000 SNPS_CLOCK_GATE_HIGH_tinytpu_isa_gmem0_m_axi_CONSERVATIVE1_NUM_READ_OUTSTANDING16_NUM_WRITE_OUTSTANDING16_MAX_READ_BURST_LENGTH16_MAX_WRITE_BURST_LENGTH16_C_M_AXI_ID_WIDTH1_C_M_AXI_ADDR_WIDTH64_C_M_AXI_DATA_WIDTH512_C_M_AXI_AWUSER_WIDTH1_C_M_AXI_ARUSER_WIDTH1_C_M_AXI_WUSER_WIDTH1_C_M_AXI_RUSER_WIDTH1_C_M_AXI_BUSER_WIDTH1_C_USER_VALUE0_C_PROT_VALUE0_C_CACHE_VALUE3_USER_DW512_USER_AW64_USER_MAXREQS7_USER_RFIFONUM_WIDTH9_184
gmem0_m_axi_U/clk_gate_load_unit_buff_rdata_genblk1_U_fifo_mem_mem_reg_141_       3.9900     0.0      0.0000       3.9900 0.0000 SNPS_CLOCK_GATE_HIGH_tinytpu_isa_gmem0_m_axi_CONSERVATIVE1_NUM_READ_OUTSTANDING16_NUM_WRITE_OUTSTANDING16_MAX_READ_BURST_LENGTH16_MAX_WRITE_BURST_LENGTH16_C_M_AXI_ID_WIDTH1_C_M_AXI_ADDR_WIDTH64_C_M_AXI_DATA_WIDTH512_C_M_AXI_AWUSER_WIDTH1_C_M_AXI_ARUSER_WIDTH1_C_M_AXI_WUSER_WIDTH1_C_M_AXI_RUSER_WIDTH1_C_M_AXI_BUSER_WIDTH1_C_USER_VALUE0_C_PROT_VALUE0_C_CACHE_VALUE3_USER_DW512_USER_AW64_USER_MAXREQS7_USER_RFIFONUM_WIDTH9_185
gmem0_m_axi_U/clk_gate_load_unit_buff_rdata_genblk1_U_fifo_mem_mem_reg_142_       3.9900     0.0      0.0000       3.9900 0.0000 SNPS_CLOCK_GATE_HIGH_tinytpu_isa_gmem0_m_axi_CONSERVATIVE1_NUM_READ_OUTSTANDING16_NUM_WRITE_OUTSTANDING16_MAX_READ_BURST_LENGTH16_MAX_WRITE_BURST_LENGTH16_C_M_AXI_ID_WIDTH1_C_M_AXI_ADDR_WIDTH64_C_M_AXI_DATA_WIDTH512_C_M_AXI_AWUSER_WIDTH1_C_M_AXI_ARUSER_WIDTH1_C_M_AXI_WUSER_WIDTH1_C_M_AXI_RUSER_WIDTH1_C_M_AXI_BUSER_WIDTH1_C_USER_VALUE0_C_PROT_VALUE0_C_CACHE_VALUE3_USER_DW512_USER_AW64_USER_MAXREQS7_USER_RFIFONUM_WIDTH9_186
gmem0_m_axi_U/clk_gate_load_unit_buff_rdata_genblk1_U_fifo_mem_mem_reg_143_       3.9900     0.0      0.0000       3.9900 0.0000 SNPS_CLOCK_GATE_HIGH_tinytpu_isa_gmem0_m_axi_CONSERVATIVE1_NUM_READ_OUTSTANDING16_NUM_WRITE_OUTSTANDING16_MAX_READ_BURST_LENGTH16_MAX_WRITE_BURST_LENGTH16_C_M_AXI_ID_WIDTH1_C_M_AXI_ADDR_WIDTH64_C_M_AXI_DATA_WIDTH512_C_M_AXI_AWUSER_WIDTH1_C_M_AXI_ARUSER_WIDTH1_C_M_AXI_WUSER_WIDTH1_C_M_AXI_RUSER_WIDTH1_C_M_AXI_BUSER_WIDTH1_C_USER_VALUE0_C_PROT_VALUE0_C_CACHE_VALUE3_USER_DW512_USER_AW64_USER_MAXREQS7_USER_RFIFONUM_WIDTH9_187
gmem0_m_axi_U/clk_gate_load_unit_buff_rdata_genblk1_U_fifo_mem_mem_reg_144_       3.9900     0.0      0.0000       3.9900 0.0000 SNPS_CLOCK_GATE_HIGH_tinytpu_isa_gmem0_m_axi_CONSERVATIVE1_NUM_READ_OUTSTANDING16_NUM_WRITE_OUTSTANDING16_MAX_READ_BURST_LENGTH16_MAX_WRITE_BURST_LENGTH16_C_M_AXI_ID_WIDTH1_C_M_AXI_ADDR_WIDTH64_C_M_AXI_DATA_WIDTH512_C_M_AXI_AWUSER_WIDTH1_C_M_AXI_ARUSER_WIDTH1_C_M_AXI_WUSER_WIDTH1_C_M_AXI_RUSER_WIDTH1_C_M_AXI_BUSER_WIDTH1_C_USER_VALUE0_C_PROT_VALUE0_C_CACHE_VALUE3_USER_DW512_USER_AW64_USER_MAXREQS7_USER_RFIFONUM_WIDTH9_188
gmem0_m_axi_U/clk_gate_load_unit_buff_rdata_genblk1_U_fifo_mem_mem_reg_145_       3.9900     0.0      0.0000       3.9900 0.0000 SNPS_CLOCK_GATE_HIGH_tinytpu_isa_gmem0_m_axi_CONSERVATIVE1_NUM_READ_OUTSTANDING16_NUM_WRITE_OUTSTANDING16_MAX_READ_BURST_LENGTH16_MAX_WRITE_BURST_LENGTH16_C_M_AXI_ID_WIDTH1_C_M_AXI_ADDR_WIDTH64_C_M_AXI_DATA_WIDTH512_C_M_AXI_AWUSER_WIDTH1_C_M_AXI_ARUSER_WIDTH1_C_M_AXI_WUSER_WIDTH1_C_M_AXI_RUSER_WIDTH1_C_M_AXI_BUSER_WIDTH1_C_USER_VALUE0_C_PROT_VALUE0_C_CACHE_VALUE3_USER_DW512_USER_AW64_USER_MAXREQS7_USER_RFIFONUM_WIDTH9_189
gmem0_m_axi_U/clk_gate_load_unit_buff_rdata_genblk1_U_fifo_mem_mem_reg_146_       3.9900     0.0      0.0000       3.9900 0.0000 SNPS_CLOCK_GATE_HIGH_tinytpu_isa_gmem0_m_axi_CONSERVATIVE1_NUM_READ_OUTSTANDING16_NUM_WRITE_OUTSTANDING16_MAX_READ_BURST_LENGTH16_MAX_WRITE_BURST_LENGTH16_C_M_AXI_ID_WIDTH1_C_M_AXI_ADDR_WIDTH64_C_M_AXI_DATA_WIDTH512_C_M_AXI_AWUSER_WIDTH1_C_M_AXI_ARUSER_WIDTH1_C_M_AXI_WUSER_WIDTH1_C_M_AXI_RUSER_WIDTH1_C_M_AXI_BUSER_WIDTH1_C_USER_VALUE0_C_PROT_VALUE0_C_CACHE_VALUE3_USER_DW512_USER_AW64_USER_MAXREQS7_USER_RFIFONUM_WIDTH9_190
gmem0_m_axi_U/clk_gate_load_unit_buff_rdata_genblk1_U_fifo_mem_mem_reg_147_       3.9900     0.0      0.0000       3.9900 0.0000 SNPS_CLOCK_GATE_HIGH_tinytpu_isa_gmem0_m_axi_CONSERVATIVE1_NUM_READ_OUTSTANDING16_NUM_WRITE_OUTSTANDING16_MAX_READ_BURST_LENGTH16_MAX_WRITE_BURST_LENGTH16_C_M_AXI_ID_WIDTH1_C_M_AXI_ADDR_WIDTH64_C_M_AXI_DATA_WIDTH512_C_M_AXI_AWUSER_WIDTH1_C_M_AXI_ARUSER_WIDTH1_C_M_AXI_WUSER_WIDTH1_C_M_AXI_RUSER_WIDTH1_C_M_AXI_BUSER_WIDTH1_C_USER_VALUE0_C_PROT_VALUE0_C_CACHE_VALUE3_USER_DW512_USER_AW64_USER_MAXREQS7_USER_RFIFONUM_WIDTH9_191
gmem0_m_axi_U/clk_gate_load_unit_buff_rdata_genblk1_U_fifo_mem_mem_reg_148_       3.9900     0.0      0.0000       3.9900 0.0000 SNPS_CLOCK_GATE_HIGH_tinytpu_isa_gmem0_m_axi_CONSERVATIVE1_NUM_READ_OUTSTANDING16_NUM_WRITE_OUTSTANDING16_MAX_READ_BURST_LENGTH16_MAX_WRITE_BURST_LENGTH16_C_M_AXI_ID_WIDTH1_C_M_AXI_ADDR_WIDTH64_C_M_AXI_DATA_WIDTH512_C_M_AXI_AWUSER_WIDTH1_C_M_AXI_ARUSER_WIDTH1_C_M_AXI_WUSER_WIDTH1_C_M_AXI_RUSER_WIDTH1_C_M_AXI_BUSER_WIDTH1_C_USER_VALUE0_C_PROT_VALUE0_C_CACHE_VALUE3_USER_DW512_USER_AW64_USER_MAXREQS7_USER_RFIFONUM_WIDTH9_192
gmem0_m_axi_U/clk_gate_load_unit_buff_rdata_genblk1_U_fifo_mem_mem_reg_149_       3.9900     0.0      0.0000       3.9900 0.0000 SNPS_CLOCK_GATE_HIGH_tinytpu_isa_gmem0_m_axi_CONSERVATIVE1_NUM_READ_OUTSTANDING16_NUM_WRITE_OUTSTANDING16_MAX_READ_BURST_LENGTH16_MAX_WRITE_BURST_LENGTH16_C_M_AXI_ID_WIDTH1_C_M_AXI_ADDR_WIDTH64_C_M_AXI_DATA_WIDTH512_C_M_AXI_AWUSER_WIDTH1_C_M_AXI_ARUSER_WIDTH1_C_M_AXI_WUSER_WIDTH1_C_M_AXI_RUSER_WIDTH1_C_M_AXI_BUSER_WIDTH1_C_USER_VALUE0_C_PROT_VALUE0_C_CACHE_VALUE3_USER_DW512_USER_AW64_USER_MAXREQS7_USER_RFIFONUM_WIDTH9_193
gmem0_m_axi_U/clk_gate_load_unit_buff_rdata_genblk1_U_fifo_mem_mem_reg_14_       3.9900     0.0      0.0000       3.9900 0.0000 SNPS_CLOCK_GATE_HIGH_tinytpu_isa_gmem0_m_axi_CONSERVATIVE1_NUM_READ_OUTSTANDING16_NUM_WRITE_OUTSTANDING16_MAX_READ_BURST_LENGTH16_MAX_WRITE_BURST_LENGTH16_C_M_AXI_ID_WIDTH1_C_M_AXI_ADDR_WIDTH64_C_M_AXI_DATA_WIDTH512_C_M_AXI_AWUSER_WIDTH1_C_M_AXI_ARUSER_WIDTH1_C_M_AXI_WUSER_WIDTH1_C_M_AXI_RUSER_WIDTH1_C_M_AXI_BUSER_WIDTH1_C_USER_VALUE0_C_PROT_VALUE0_C_CACHE_VALUE3_USER_DW512_USER_AW64_USER_MAXREQS7_USER_RFIFONUM_WIDTH9_58
gmem0_m_axi_U/clk_gate_load_unit_buff_rdata_genblk1_U_fifo_mem_mem_reg_150_       3.9900     0.0      0.0000       3.9900 0.0000 SNPS_CLOCK_GATE_HIGH_tinytpu_isa_gmem0_m_axi_CONSERVATIVE1_NUM_READ_OUTSTANDING16_NUM_WRITE_OUTSTANDING16_MAX_READ_BURST_LENGTH16_MAX_WRITE_BURST_LENGTH16_C_M_AXI_ID_WIDTH1_C_M_AXI_ADDR_WIDTH64_C_M_AXI_DATA_WIDTH512_C_M_AXI_AWUSER_WIDTH1_C_M_AXI_ARUSER_WIDTH1_C_M_AXI_WUSER_WIDTH1_C_M_AXI_RUSER_WIDTH1_C_M_AXI_BUSER_WIDTH1_C_USER_VALUE0_C_PROT_VALUE0_C_CACHE_VALUE3_USER_DW512_USER_AW64_USER_MAXREQS7_USER_RFIFONUM_WIDTH9_194
gmem0_m_axi_U/clk_gate_load_unit_buff_rdata_genblk1_U_fifo_mem_mem_reg_151_       3.9900     0.0      0.0000       3.9900 0.0000 SNPS_CLOCK_GATE_HIGH_tinytpu_isa_gmem0_m_axi_CONSERVATIVE1_NUM_READ_OUTSTANDING16_NUM_WRITE_OUTSTANDING16_MAX_READ_BURST_LENGTH16_MAX_WRITE_BURST_LENGTH16_C_M_AXI_ID_WIDTH1_C_M_AXI_ADDR_WIDTH64_C_M_AXI_DATA_WIDTH512_C_M_AXI_AWUSER_WIDTH1_C_M_AXI_ARUSER_WIDTH1_C_M_AXI_WUSER_WIDTH1_C_M_AXI_RUSER_WIDTH1_C_M_AXI_BUSER_WIDTH1_C_USER_VALUE0_C_PROT_VALUE0_C_CACHE_VALUE3_USER_DW512_USER_AW64_USER_MAXREQS7_USER_RFIFONUM_WIDTH9_195
gmem0_m_axi_U/clk_gate_load_unit_buff_rdata_genblk1_U_fifo_mem_mem_reg_152_       3.9900     0.0      0.0000       3.9900 0.0000 SNPS_CLOCK_GATE_HIGH_tinytpu_isa_gmem0_m_axi_CONSERVATIVE1_NUM_READ_OUTSTANDING16_NUM_WRITE_OUTSTANDING16_MAX_READ_BURST_LENGTH16_MAX_WRITE_BURST_LENGTH16_C_M_AXI_ID_WIDTH1_C_M_AXI_ADDR_WIDTH64_C_M_AXI_DATA_WIDTH512_C_M_AXI_AWUSER_WIDTH1_C_M_AXI_ARUSER_WIDTH1_C_M_AXI_WUSER_WIDTH1_C_M_AXI_RUSER_WIDTH1_C_M_AXI_BUSER_WIDTH1_C_USER_VALUE0_C_PROT_VALUE0_C_CACHE_VALUE3_USER_DW512_USER_AW64_USER_MAXREQS7_USER_RFIFONUM_WIDTH9_196
gmem0_m_axi_U/clk_gate_load_unit_buff_rdata_genblk1_U_fifo_mem_mem_reg_153_       3.9900     0.0      0.0000       3.9900 0.0000 SNPS_CLOCK_GATE_HIGH_tinytpu_isa_gmem0_m_axi_CONSERVATIVE1_NUM_READ_OUTSTANDING16_NUM_WRITE_OUTSTANDING16_MAX_READ_BURST_LENGTH16_MAX_WRITE_BURST_LENGTH16_C_M_AXI_ID_WIDTH1_C_M_AXI_ADDR_WIDTH64_C_M_AXI_DATA_WIDTH512_C_M_AXI_AWUSER_WIDTH1_C_M_AXI_ARUSER_WIDTH1_C_M_AXI_WUSER_WIDTH1_C_M_AXI_RUSER_WIDTH1_C_M_AXI_BUSER_WIDTH1_C_USER_VALUE0_C_PROT_VALUE0_C_CACHE_VALUE3_USER_DW512_USER_AW64_USER_MAXREQS7_USER_RFIFONUM_WIDTH9_197
gmem0_m_axi_U/clk_gate_load_unit_buff_rdata_genblk1_U_fifo_mem_mem_reg_154_       3.9900     0.0      0.0000       3.9900 0.0000 SNPS_CLOCK_GATE_HIGH_tinytpu_isa_gmem0_m_axi_CONSERVATIVE1_NUM_READ_OUTSTANDING16_NUM_WRITE_OUTSTANDING16_MAX_READ_BURST_LENGTH16_MAX_WRITE_BURST_LENGTH16_C_M_AXI_ID_WIDTH1_C_M_AXI_ADDR_WIDTH64_C_M_AXI_DATA_WIDTH512_C_M_AXI_AWUSER_WIDTH1_C_M_AXI_ARUSER_WIDTH1_C_M_AXI_WUSER_WIDTH1_C_M_AXI_RUSER_WIDTH1_C_M_AXI_BUSER_WIDTH1_C_USER_VALUE0_C_PROT_VALUE0_C_CACHE_VALUE3_USER_DW512_USER_AW64_USER_MAXREQS7_USER_RFIFONUM_WIDTH9_198
gmem0_m_axi_U/clk_gate_load_unit_buff_rdata_genblk1_U_fifo_mem_mem_reg_155_       3.9900     0.0      0.0000       3.9900 0.0000 SNPS_CLOCK_GATE_HIGH_tinytpu_isa_gmem0_m_axi_CONSERVATIVE1_NUM_READ_OUTSTANDING16_NUM_WRITE_OUTSTANDING16_MAX_READ_BURST_LENGTH16_MAX_WRITE_BURST_LENGTH16_C_M_AXI_ID_WIDTH1_C_M_AXI_ADDR_WIDTH64_C_M_AXI_DATA_WIDTH512_C_M_AXI_AWUSER_WIDTH1_C_M_AXI_ARUSER_WIDTH1_C_M_AXI_WUSER_WIDTH1_C_M_AXI_RUSER_WIDTH1_C_M_AXI_BUSER_WIDTH1_C_USER_VALUE0_C_PROT_VALUE0_C_CACHE_VALUE3_USER_DW512_USER_AW64_USER_MAXREQS7_USER_RFIFONUM_WIDTH9_199
gmem0_m_axi_U/clk_gate_load_unit_buff_rdata_genblk1_U_fifo_mem_mem_reg_156_       3.9900     0.0      0.0000       3.9900 0.0000 SNPS_CLOCK_GATE_HIGH_tinytpu_isa_gmem0_m_axi_CONSERVATIVE1_NUM_READ_OUTSTANDING16_NUM_WRITE_OUTSTANDING16_MAX_READ_BURST_LENGTH16_MAX_WRITE_BURST_LENGTH16_C_M_AXI_ID_WIDTH1_C_M_AXI_ADDR_WIDTH64_C_M_AXI_DATA_WIDTH512_C_M_AXI_AWUSER_WIDTH1_C_M_AXI_ARUSER_WIDTH1_C_M_AXI_WUSER_WIDTH1_C_M_AXI_RUSER_WIDTH1_C_M_AXI_BUSER_WIDTH1_C_USER_VALUE0_C_PROT_VALUE0_C_CACHE_VALUE3_USER_DW512_USER_AW64_USER_MAXREQS7_USER_RFIFONUM_WIDTH9_200
gmem0_m_axi_U/clk_gate_load_unit_buff_rdata_genblk1_U_fifo_mem_mem_reg_157_       3.9900     0.0      0.0000       3.9900 0.0000 SNPS_CLOCK_GATE_HIGH_tinytpu_isa_gmem0_m_axi_CONSERVATIVE1_NUM_READ_OUTSTANDING16_NUM_WRITE_OUTSTANDING16_MAX_READ_BURST_LENGTH16_MAX_WRITE_BURST_LENGTH16_C_M_AXI_ID_WIDTH1_C_M_AXI_ADDR_WIDTH64_C_M_AXI_DATA_WIDTH512_C_M_AXI_AWUSER_WIDTH1_C_M_AXI_ARUSER_WIDTH1_C_M_AXI_WUSER_WIDTH1_C_M_AXI_RUSER_WIDTH1_C_M_AXI_BUSER_WIDTH1_C_USER_VALUE0_C_PROT_VALUE0_C_CACHE_VALUE3_USER_DW512_USER_AW64_USER_MAXREQS7_USER_RFIFONUM_WIDTH9_201
gmem0_m_axi_U/clk_gate_load_unit_buff_rdata_genblk1_U_fifo_mem_mem_reg_158_       3.9900     0.0      0.0000       3.9900 0.0000 SNPS_CLOCK_GATE_HIGH_tinytpu_isa_gmem0_m_axi_CONSERVATIVE1_NUM_READ_OUTSTANDING16_NUM_WRITE_OUTSTANDING16_MAX_READ_BURST_LENGTH16_MAX_WRITE_BURST_LENGTH16_C_M_AXI_ID_WIDTH1_C_M_AXI_ADDR_WIDTH64_C_M_AXI_DATA_WIDTH512_C_M_AXI_AWUSER_WIDTH1_C_M_AXI_ARUSER_WIDTH1_C_M_AXI_WUSER_WIDTH1_C_M_AXI_RUSER_WIDTH1_C_M_AXI_BUSER_WIDTH1_C_USER_VALUE0_C_PROT_VALUE0_C_CACHE_VALUE3_USER_DW512_USER_AW64_USER_MAXREQS7_USER_RFIFONUM_WIDTH9_202
gmem0_m_axi_U/clk_gate_load_unit_buff_rdata_genblk1_U_fifo_mem_mem_reg_159_       3.9900     0.0      0.0000       3.9900 0.0000 SNPS_CLOCK_GATE_HIGH_tinytpu_isa_gmem0_m_axi_CONSERVATIVE1_NUM_READ_OUTSTANDING16_NUM_WRITE_OUTSTANDING16_MAX_READ_BURST_LENGTH16_MAX_WRITE_BURST_LENGTH16_C_M_AXI_ID_WIDTH1_C_M_AXI_ADDR_WIDTH64_C_M_AXI_DATA_WIDTH512_C_M_AXI_AWUSER_WIDTH1_C_M_AXI_ARUSER_WIDTH1_C_M_AXI_WUSER_WIDTH1_C_M_AXI_RUSER_WIDTH1_C_M_AXI_BUSER_WIDTH1_C_USER_VALUE0_C_PROT_VALUE0_C_CACHE_VALUE3_USER_DW512_USER_AW64_USER_MAXREQS7_USER_RFIFONUM_WIDTH9_203
gmem0_m_axi_U/clk_gate_load_unit_buff_rdata_genblk1_U_fifo_mem_mem_reg_15_       3.9900     0.0      0.0000       3.9900 0.0000 SNPS_CLOCK_GATE_HIGH_tinytpu_isa_gmem0_m_axi_CONSERVATIVE1_NUM_READ_OUTSTANDING16_NUM_WRITE_OUTSTANDING16_MAX_READ_BURST_LENGTH16_MAX_WRITE_BURST_LENGTH16_C_M_AXI_ID_WIDTH1_C_M_AXI_ADDR_WIDTH64_C_M_AXI_DATA_WIDTH512_C_M_AXI_AWUSER_WIDTH1_C_M_AXI_ARUSER_WIDTH1_C_M_AXI_WUSER_WIDTH1_C_M_AXI_RUSER_WIDTH1_C_M_AXI_BUSER_WIDTH1_C_USER_VALUE0_C_PROT_VALUE0_C_CACHE_VALUE3_USER_DW512_USER_AW64_USER_MAXREQS7_USER_RFIFONUM_WIDTH9_59
gmem0_m_axi_U/clk_gate_load_unit_buff_rdata_genblk1_U_fifo_mem_mem_reg_160_       3.9900     0.0      0.0000       3.9900 0.0000 SNPS_CLOCK_GATE_HIGH_tinytpu_isa_gmem0_m_axi_CONSERVATIVE1_NUM_READ_OUTSTANDING16_NUM_WRITE_OUTSTANDING16_MAX_READ_BURST_LENGTH16_MAX_WRITE_BURST_LENGTH16_C_M_AXI_ID_WIDTH1_C_M_AXI_ADDR_WIDTH64_C_M_AXI_DATA_WIDTH512_C_M_AXI_AWUSER_WIDTH1_C_M_AXI_ARUSER_WIDTH1_C_M_AXI_WUSER_WIDTH1_C_M_AXI_RUSER_WIDTH1_C_M_AXI_BUSER_WIDTH1_C_USER_VALUE0_C_PROT_VALUE0_C_CACHE_VALUE3_USER_DW512_USER_AW64_USER_MAXREQS7_USER_RFIFONUM_WIDTH9_204
gmem0_m_axi_U/clk_gate_load_unit_buff_rdata_genblk1_U_fifo_mem_mem_reg_161_       3.9900     0.0      0.0000       3.9900 0.0000 SNPS_CLOCK_GATE_HIGH_tinytpu_isa_gmem0_m_axi_CONSERVATIVE1_NUM_READ_OUTSTANDING16_NUM_WRITE_OUTSTANDING16_MAX_READ_BURST_LENGTH16_MAX_WRITE_BURST_LENGTH16_C_M_AXI_ID_WIDTH1_C_M_AXI_ADDR_WIDTH64_C_M_AXI_DATA_WIDTH512_C_M_AXI_AWUSER_WIDTH1_C_M_AXI_ARUSER_WIDTH1_C_M_AXI_WUSER_WIDTH1_C_M_AXI_RUSER_WIDTH1_C_M_AXI_BUSER_WIDTH1_C_USER_VALUE0_C_PROT_VALUE0_C_CACHE_VALUE3_USER_DW512_USER_AW64_USER_MAXREQS7_USER_RFIFONUM_WIDTH9_205
gmem0_m_axi_U/clk_gate_load_unit_buff_rdata_genblk1_U_fifo_mem_mem_reg_162_       3.9900     0.0      0.0000       3.9900 0.0000 SNPS_CLOCK_GATE_HIGH_tinytpu_isa_gmem0_m_axi_CONSERVATIVE1_NUM_READ_OUTSTANDING16_NUM_WRITE_OUTSTANDING16_MAX_READ_BURST_LENGTH16_MAX_WRITE_BURST_LENGTH16_C_M_AXI_ID_WIDTH1_C_M_AXI_ADDR_WIDTH64_C_M_AXI_DATA_WIDTH512_C_M_AXI_AWUSER_WIDTH1_C_M_AXI_ARUSER_WIDTH1_C_M_AXI_WUSER_WIDTH1_C_M_AXI_RUSER_WIDTH1_C_M_AXI_BUSER_WIDTH1_C_USER_VALUE0_C_PROT_VALUE0_C_CACHE_VALUE3_USER_DW512_USER_AW64_USER_MAXREQS7_USER_RFIFONUM_WIDTH9_206
gmem0_m_axi_U/clk_gate_load_unit_buff_rdata_genblk1_U_fifo_mem_mem_reg_163_       3.9900     0.0      0.0000       3.9900 0.0000 SNPS_CLOCK_GATE_HIGH_tinytpu_isa_gmem0_m_axi_CONSERVATIVE1_NUM_READ_OUTSTANDING16_NUM_WRITE_OUTSTANDING16_MAX_READ_BURST_LENGTH16_MAX_WRITE_BURST_LENGTH16_C_M_AXI_ID_WIDTH1_C_M_AXI_ADDR_WIDTH64_C_M_AXI_DATA_WIDTH512_C_M_AXI_AWUSER_WIDTH1_C_M_AXI_ARUSER_WIDTH1_C_M_AXI_WUSER_WIDTH1_C_M_AXI_RUSER_WIDTH1_C_M_AXI_BUSER_WIDTH1_C_USER_VALUE0_C_PROT_VALUE0_C_CACHE_VALUE3_USER_DW512_USER_AW64_USER_MAXREQS7_USER_RFIFONUM_WIDTH9_207
gmem0_m_axi_U/clk_gate_load_unit_buff_rdata_genblk1_U_fifo_mem_mem_reg_164_       3.9900     0.0      0.0000       3.9900 0.0000 SNPS_CLOCK_GATE_HIGH_tinytpu_isa_gmem0_m_axi_CONSERVATIVE1_NUM_READ_OUTSTANDING16_NUM_WRITE_OUTSTANDING16_MAX_READ_BURST_LENGTH16_MAX_WRITE_BURST_LENGTH16_C_M_AXI_ID_WIDTH1_C_M_AXI_ADDR_WIDTH64_C_M_AXI_DATA_WIDTH512_C_M_AXI_AWUSER_WIDTH1_C_M_AXI_ARUSER_WIDTH1_C_M_AXI_WUSER_WIDTH1_C_M_AXI_RUSER_WIDTH1_C_M_AXI_BUSER_WIDTH1_C_USER_VALUE0_C_PROT_VALUE0_C_CACHE_VALUE3_USER_DW512_USER_AW64_USER_MAXREQS7_USER_RFIFONUM_WIDTH9_208
gmem0_m_axi_U/clk_gate_load_unit_buff_rdata_genblk1_U_fifo_mem_mem_reg_165_       3.9900     0.0      0.0000       3.9900 0.0000 SNPS_CLOCK_GATE_HIGH_tinytpu_isa_gmem0_m_axi_CONSERVATIVE1_NUM_READ_OUTSTANDING16_NUM_WRITE_OUTSTANDING16_MAX_READ_BURST_LENGTH16_MAX_WRITE_BURST_LENGTH16_C_M_AXI_ID_WIDTH1_C_M_AXI_ADDR_WIDTH64_C_M_AXI_DATA_WIDTH512_C_M_AXI_AWUSER_WIDTH1_C_M_AXI_ARUSER_WIDTH1_C_M_AXI_WUSER_WIDTH1_C_M_AXI_RUSER_WIDTH1_C_M_AXI_BUSER_WIDTH1_C_USER_VALUE0_C_PROT_VALUE0_C_CACHE_VALUE3_USER_DW512_USER_AW64_USER_MAXREQS7_USER_RFIFONUM_WIDTH9_209
gmem0_m_axi_U/clk_gate_load_unit_buff_rdata_genblk1_U_fifo_mem_mem_reg_166_       3.9900     0.0      0.0000       3.9900 0.0000 SNPS_CLOCK_GATE_HIGH_tinytpu_isa_gmem0_m_axi_CONSERVATIVE1_NUM_READ_OUTSTANDING16_NUM_WRITE_OUTSTANDING16_MAX_READ_BURST_LENGTH16_MAX_WRITE_BURST_LENGTH16_C_M_AXI_ID_WIDTH1_C_M_AXI_ADDR_WIDTH64_C_M_AXI_DATA_WIDTH512_C_M_AXI_AWUSER_WIDTH1_C_M_AXI_ARUSER_WIDTH1_C_M_AXI_WUSER_WIDTH1_C_M_AXI_RUSER_WIDTH1_C_M_AXI_BUSER_WIDTH1_C_USER_VALUE0_C_PROT_VALUE0_C_CACHE_VALUE3_USER_DW512_USER_AW64_USER_MAXREQS7_USER_RFIFONUM_WIDTH9_210
gmem0_m_axi_U/clk_gate_load_unit_buff_rdata_genblk1_U_fifo_mem_mem_reg_167_       3.9900     0.0      0.0000       3.9900 0.0000 SNPS_CLOCK_GATE_HIGH_tinytpu_isa_gmem0_m_axi_CONSERVATIVE1_NUM_READ_OUTSTANDING16_NUM_WRITE_OUTSTANDING16_MAX_READ_BURST_LENGTH16_MAX_WRITE_BURST_LENGTH16_C_M_AXI_ID_WIDTH1_C_M_AXI_ADDR_WIDTH64_C_M_AXI_DATA_WIDTH512_C_M_AXI_AWUSER_WIDTH1_C_M_AXI_ARUSER_WIDTH1_C_M_AXI_WUSER_WIDTH1_C_M_AXI_RUSER_WIDTH1_C_M_AXI_BUSER_WIDTH1_C_USER_VALUE0_C_PROT_VALUE0_C_CACHE_VALUE3_USER_DW512_USER_AW64_USER_MAXREQS7_USER_RFIFONUM_WIDTH9_211
gmem0_m_axi_U/clk_gate_load_unit_buff_rdata_genblk1_U_fifo_mem_mem_reg_168_       3.9900     0.0      0.0000       3.9900 0.0000 SNPS_CLOCK_GATE_HIGH_tinytpu_isa_gmem0_m_axi_CONSERVATIVE1_NUM_READ_OUTSTANDING16_NUM_WRITE_OUTSTANDING16_MAX_READ_BURST_LENGTH16_MAX_WRITE_BURST_LENGTH16_C_M_AXI_ID_WIDTH1_C_M_AXI_ADDR_WIDTH64_C_M_AXI_DATA_WIDTH512_C_M_AXI_AWUSER_WIDTH1_C_M_AXI_ARUSER_WIDTH1_C_M_AXI_WUSER_WIDTH1_C_M_AXI_RUSER_WIDTH1_C_M_AXI_BUSER_WIDTH1_C_USER_VALUE0_C_PROT_VALUE0_C_CACHE_VALUE3_USER_DW512_USER_AW64_USER_MAXREQS7_USER_RFIFONUM_WIDTH9_212
gmem0_m_axi_U/clk_gate_load_unit_buff_rdata_genblk1_U_fifo_mem_mem_reg_169_       3.9900     0.0      0.0000       3.9900 0.0000 SNPS_CLOCK_GATE_HIGH_tinytpu_isa_gmem0_m_axi_CONSERVATIVE1_NUM_READ_OUTSTANDING16_NUM_WRITE_OUTSTANDING16_MAX_READ_BURST_LENGTH16_MAX_WRITE_BURST_LENGTH16_C_M_AXI_ID_WIDTH1_C_M_AXI_ADDR_WIDTH64_C_M_AXI_DATA_WIDTH512_C_M_AXI_AWUSER_WIDTH1_C_M_AXI_ARUSER_WIDTH1_C_M_AXI_WUSER_WIDTH1_C_M_AXI_RUSER_WIDTH1_C_M_AXI_BUSER_WIDTH1_C_USER_VALUE0_C_PROT_VALUE0_C_CACHE_VALUE3_USER_DW512_USER_AW64_USER_MAXREQS7_USER_RFIFONUM_WIDTH9_213
gmem0_m_axi_U/clk_gate_load_unit_buff_rdata_genblk1_U_fifo_mem_mem_reg_16_       3.9900     0.0      0.0000       3.9900 0.0000 SNPS_CLOCK_GATE_HIGH_tinytpu_isa_gmem0_m_axi_CONSERVATIVE1_NUM_READ_OUTSTANDING16_NUM_WRITE_OUTSTANDING16_MAX_READ_BURST_LENGTH16_MAX_WRITE_BURST_LENGTH16_C_M_AXI_ID_WIDTH1_C_M_AXI_ADDR_WIDTH64_C_M_AXI_DATA_WIDTH512_C_M_AXI_AWUSER_WIDTH1_C_M_AXI_ARUSER_WIDTH1_C_M_AXI_WUSER_WIDTH1_C_M_AXI_RUSER_WIDTH1_C_M_AXI_BUSER_WIDTH1_C_USER_VALUE0_C_PROT_VALUE0_C_CACHE_VALUE3_USER_DW512_USER_AW64_USER_MAXREQS7_USER_RFIFONUM_WIDTH9_60
gmem0_m_axi_U/clk_gate_load_unit_buff_rdata_genblk1_U_fifo_mem_mem_reg_170_       3.9900     0.0      0.0000       3.9900 0.0000 SNPS_CLOCK_GATE_HIGH_tinytpu_isa_gmem0_m_axi_CONSERVATIVE1_NUM_READ_OUTSTANDING16_NUM_WRITE_OUTSTANDING16_MAX_READ_BURST_LENGTH16_MAX_WRITE_BURST_LENGTH16_C_M_AXI_ID_WIDTH1_C_M_AXI_ADDR_WIDTH64_C_M_AXI_DATA_WIDTH512_C_M_AXI_AWUSER_WIDTH1_C_M_AXI_ARUSER_WIDTH1_C_M_AXI_WUSER_WIDTH1_C_M_AXI_RUSER_WIDTH1_C_M_AXI_BUSER_WIDTH1_C_USER_VALUE0_C_PROT_VALUE0_C_CACHE_VALUE3_USER_DW512_USER_AW64_USER_MAXREQS7_USER_RFIFONUM_WIDTH9_214
gmem0_m_axi_U/clk_gate_load_unit_buff_rdata_genblk1_U_fifo_mem_mem_reg_171_       3.9900     0.0      0.0000       3.9900 0.0000 SNPS_CLOCK_GATE_HIGH_tinytpu_isa_gmem0_m_axi_CONSERVATIVE1_NUM_READ_OUTSTANDING16_NUM_WRITE_OUTSTANDING16_MAX_READ_BURST_LENGTH16_MAX_WRITE_BURST_LENGTH16_C_M_AXI_ID_WIDTH1_C_M_AXI_ADDR_WIDTH64_C_M_AXI_DATA_WIDTH512_C_M_AXI_AWUSER_WIDTH1_C_M_AXI_ARUSER_WIDTH1_C_M_AXI_WUSER_WIDTH1_C_M_AXI_RUSER_WIDTH1_C_M_AXI_BUSER_WIDTH1_C_USER_VALUE0_C_PROT_VALUE0_C_CACHE_VALUE3_USER_DW512_USER_AW64_USER_MAXREQS7_USER_RFIFONUM_WIDTH9_215
gmem0_m_axi_U/clk_gate_load_unit_buff_rdata_genblk1_U_fifo_mem_mem_reg_172_       3.9900     0.0      0.0000       3.9900 0.0000 SNPS_CLOCK_GATE_HIGH_tinytpu_isa_gmem0_m_axi_CONSERVATIVE1_NUM_READ_OUTSTANDING16_NUM_WRITE_OUTSTANDING16_MAX_READ_BURST_LENGTH16_MAX_WRITE_BURST_LENGTH16_C_M_AXI_ID_WIDTH1_C_M_AXI_ADDR_WIDTH64_C_M_AXI_DATA_WIDTH512_C_M_AXI_AWUSER_WIDTH1_C_M_AXI_ARUSER_WIDTH1_C_M_AXI_WUSER_WIDTH1_C_M_AXI_RUSER_WIDTH1_C_M_AXI_BUSER_WIDTH1_C_USER_VALUE0_C_PROT_VALUE0_C_CACHE_VALUE3_USER_DW512_USER_AW64_USER_MAXREQS7_USER_RFIFONUM_WIDTH9_216
gmem0_m_axi_U/clk_gate_load_unit_buff_rdata_genblk1_U_fifo_mem_mem_reg_173_       3.9900     0.0      0.0000       3.9900 0.0000 SNPS_CLOCK_GATE_HIGH_tinytpu_isa_gmem0_m_axi_CONSERVATIVE1_NUM_READ_OUTSTANDING16_NUM_WRITE_OUTSTANDING16_MAX_READ_BURST_LENGTH16_MAX_WRITE_BURST_LENGTH16_C_M_AXI_ID_WIDTH1_C_M_AXI_ADDR_WIDTH64_C_M_AXI_DATA_WIDTH512_C_M_AXI_AWUSER_WIDTH1_C_M_AXI_ARUSER_WIDTH1_C_M_AXI_WUSER_WIDTH1_C_M_AXI_RUSER_WIDTH1_C_M_AXI_BUSER_WIDTH1_C_USER_VALUE0_C_PROT_VALUE0_C_CACHE_VALUE3_USER_DW512_USER_AW64_USER_MAXREQS7_USER_RFIFONUM_WIDTH9_217
gmem0_m_axi_U/clk_gate_load_unit_buff_rdata_genblk1_U_fifo_mem_mem_reg_174_       3.9900     0.0      0.0000       3.9900 0.0000 SNPS_CLOCK_GATE_HIGH_tinytpu_isa_gmem0_m_axi_CONSERVATIVE1_NUM_READ_OUTSTANDING16_NUM_WRITE_OUTSTANDING16_MAX_READ_BURST_LENGTH16_MAX_WRITE_BURST_LENGTH16_C_M_AXI_ID_WIDTH1_C_M_AXI_ADDR_WIDTH64_C_M_AXI_DATA_WIDTH512_C_M_AXI_AWUSER_WIDTH1_C_M_AXI_ARUSER_WIDTH1_C_M_AXI_WUSER_WIDTH1_C_M_AXI_RUSER_WIDTH1_C_M_AXI_BUSER_WIDTH1_C_USER_VALUE0_C_PROT_VALUE0_C_CACHE_VALUE3_USER_DW512_USER_AW64_USER_MAXREQS7_USER_RFIFONUM_WIDTH9_218
gmem0_m_axi_U/clk_gate_load_unit_buff_rdata_genblk1_U_fifo_mem_mem_reg_175_       3.9900     0.0      0.0000       3.9900 0.0000 SNPS_CLOCK_GATE_HIGH_tinytpu_isa_gmem0_m_axi_CONSERVATIVE1_NUM_READ_OUTSTANDING16_NUM_WRITE_OUTSTANDING16_MAX_READ_BURST_LENGTH16_MAX_WRITE_BURST_LENGTH16_C_M_AXI_ID_WIDTH1_C_M_AXI_ADDR_WIDTH64_C_M_AXI_DATA_WIDTH512_C_M_AXI_AWUSER_WIDTH1_C_M_AXI_ARUSER_WIDTH1_C_M_AXI_WUSER_WIDTH1_C_M_AXI_RUSER_WIDTH1_C_M_AXI_BUSER_WIDTH1_C_USER_VALUE0_C_PROT_VALUE0_C_CACHE_VALUE3_USER_DW512_USER_AW64_USER_MAXREQS7_USER_RFIFONUM_WIDTH9_219
gmem0_m_axi_U/clk_gate_load_unit_buff_rdata_genblk1_U_fifo_mem_mem_reg_176_       3.9900     0.0      0.0000       3.9900 0.0000 SNPS_CLOCK_GATE_HIGH_tinytpu_isa_gmem0_m_axi_CONSERVATIVE1_NUM_READ_OUTSTANDING16_NUM_WRITE_OUTSTANDING16_MAX_READ_BURST_LENGTH16_MAX_WRITE_BURST_LENGTH16_C_M_AXI_ID_WIDTH1_C_M_AXI_ADDR_WIDTH64_C_M_AXI_DATA_WIDTH512_C_M_AXI_AWUSER_WIDTH1_C_M_AXI_ARUSER_WIDTH1_C_M_AXI_WUSER_WIDTH1_C_M_AXI_RUSER_WIDTH1_C_M_AXI_BUSER_WIDTH1_C_USER_VALUE0_C_PROT_VALUE0_C_CACHE_VALUE3_USER_DW512_USER_AW64_USER_MAXREQS7_USER_RFIFONUM_WIDTH9_220
gmem0_m_axi_U/clk_gate_load_unit_buff_rdata_genblk1_U_fifo_mem_mem_reg_177_       3.9900     0.0      0.0000       3.9900 0.0000 SNPS_CLOCK_GATE_HIGH_tinytpu_isa_gmem0_m_axi_CONSERVATIVE1_NUM_READ_OUTSTANDING16_NUM_WRITE_OUTSTANDING16_MAX_READ_BURST_LENGTH16_MAX_WRITE_BURST_LENGTH16_C_M_AXI_ID_WIDTH1_C_M_AXI_ADDR_WIDTH64_C_M_AXI_DATA_WIDTH512_C_M_AXI_AWUSER_WIDTH1_C_M_AXI_ARUSER_WIDTH1_C_M_AXI_WUSER_WIDTH1_C_M_AXI_RUSER_WIDTH1_C_M_AXI_BUSER_WIDTH1_C_USER_VALUE0_C_PROT_VALUE0_C_CACHE_VALUE3_USER_DW512_USER_AW64_USER_MAXREQS7_USER_RFIFONUM_WIDTH9_221
gmem0_m_axi_U/clk_gate_load_unit_buff_rdata_genblk1_U_fifo_mem_mem_reg_178_       3.9900     0.0      0.0000       3.9900 0.0000 SNPS_CLOCK_GATE_HIGH_tinytpu_isa_gmem0_m_axi_CONSERVATIVE1_NUM_READ_OUTSTANDING16_NUM_WRITE_OUTSTANDING16_MAX_READ_BURST_LENGTH16_MAX_WRITE_BURST_LENGTH16_C_M_AXI_ID_WIDTH1_C_M_AXI_ADDR_WIDTH64_C_M_AXI_DATA_WIDTH512_C_M_AXI_AWUSER_WIDTH1_C_M_AXI_ARUSER_WIDTH1_C_M_AXI_WUSER_WIDTH1_C_M_AXI_RUSER_WIDTH1_C_M_AXI_BUSER_WIDTH1_C_USER_VALUE0_C_PROT_VALUE0_C_CACHE_VALUE3_USER_DW512_USER_AW64_USER_MAXREQS7_USER_RFIFONUM_WIDTH9_222
gmem0_m_axi_U/clk_gate_load_unit_buff_rdata_genblk1_U_fifo_mem_mem_reg_179_       3.9900     0.0      0.0000       3.9900 0.0000 SNPS_CLOCK_GATE_HIGH_tinytpu_isa_gmem0_m_axi_CONSERVATIVE1_NUM_READ_OUTSTANDING16_NUM_WRITE_OUTSTANDING16_MAX_READ_BURST_LENGTH16_MAX_WRITE_BURST_LENGTH16_C_M_AXI_ID_WIDTH1_C_M_AXI_ADDR_WIDTH64_C_M_AXI_DATA_WIDTH512_C_M_AXI_AWUSER_WIDTH1_C_M_AXI_ARUSER_WIDTH1_C_M_AXI_WUSER_WIDTH1_C_M_AXI_RUSER_WIDTH1_C_M_AXI_BUSER_WIDTH1_C_USER_VALUE0_C_PROT_VALUE0_C_CACHE_VALUE3_USER_DW512_USER_AW64_USER_MAXREQS7_USER_RFIFONUM_WIDTH9_223
gmem0_m_axi_U/clk_gate_load_unit_buff_rdata_genblk1_U_fifo_mem_mem_reg_17_       3.9900     0.0      0.0000       3.9900 0.0000 SNPS_CLOCK_GATE_HIGH_tinytpu_isa_gmem0_m_axi_CONSERVATIVE1_NUM_READ_OUTSTANDING16_NUM_WRITE_OUTSTANDING16_MAX_READ_BURST_LENGTH16_MAX_WRITE_BURST_LENGTH16_C_M_AXI_ID_WIDTH1_C_M_AXI_ADDR_WIDTH64_C_M_AXI_DATA_WIDTH512_C_M_AXI_AWUSER_WIDTH1_C_M_AXI_ARUSER_WIDTH1_C_M_AXI_WUSER_WIDTH1_C_M_AXI_RUSER_WIDTH1_C_M_AXI_BUSER_WIDTH1_C_USER_VALUE0_C_PROT_VALUE0_C_CACHE_VALUE3_USER_DW512_USER_AW64_USER_MAXREQS7_USER_RFIFONUM_WIDTH9_61
gmem0_m_axi_U/clk_gate_load_unit_buff_rdata_genblk1_U_fifo_mem_mem_reg_180_       3.9900     0.0      0.0000       3.9900 0.0000 SNPS_CLOCK_GATE_HIGH_tinytpu_isa_gmem0_m_axi_CONSERVATIVE1_NUM_READ_OUTSTANDING16_NUM_WRITE_OUTSTANDING16_MAX_READ_BURST_LENGTH16_MAX_WRITE_BURST_LENGTH16_C_M_AXI_ID_WIDTH1_C_M_AXI_ADDR_WIDTH64_C_M_AXI_DATA_WIDTH512_C_M_AXI_AWUSER_WIDTH1_C_M_AXI_ARUSER_WIDTH1_C_M_AXI_WUSER_WIDTH1_C_M_AXI_RUSER_WIDTH1_C_M_AXI_BUSER_WIDTH1_C_USER_VALUE0_C_PROT_VALUE0_C_CACHE_VALUE3_USER_DW512_USER_AW64_USER_MAXREQS7_USER_RFIFONUM_WIDTH9_224
gmem0_m_axi_U/clk_gate_load_unit_buff_rdata_genblk1_U_fifo_mem_mem_reg_181_       3.9900     0.0      0.0000       3.9900 0.0000 SNPS_CLOCK_GATE_HIGH_tinytpu_isa_gmem0_m_axi_CONSERVATIVE1_NUM_READ_OUTSTANDING16_NUM_WRITE_OUTSTANDING16_MAX_READ_BURST_LENGTH16_MAX_WRITE_BURST_LENGTH16_C_M_AXI_ID_WIDTH1_C_M_AXI_ADDR_WIDTH64_C_M_AXI_DATA_WIDTH512_C_M_AXI_AWUSER_WIDTH1_C_M_AXI_ARUSER_WIDTH1_C_M_AXI_WUSER_WIDTH1_C_M_AXI_RUSER_WIDTH1_C_M_AXI_BUSER_WIDTH1_C_USER_VALUE0_C_PROT_VALUE0_C_CACHE_VALUE3_USER_DW512_USER_AW64_USER_MAXREQS7_USER_RFIFONUM_WIDTH9_225
gmem0_m_axi_U/clk_gate_load_unit_buff_rdata_genblk1_U_fifo_mem_mem_reg_182_       3.9900     0.0      0.0000       3.9900 0.0000 SNPS_CLOCK_GATE_HIGH_tinytpu_isa_gmem0_m_axi_CONSERVATIVE1_NUM_READ_OUTSTANDING16_NUM_WRITE_OUTSTANDING16_MAX_READ_BURST_LENGTH16_MAX_WRITE_BURST_LENGTH16_C_M_AXI_ID_WIDTH1_C_M_AXI_ADDR_WIDTH64_C_M_AXI_DATA_WIDTH512_C_M_AXI_AWUSER_WIDTH1_C_M_AXI_ARUSER_WIDTH1_C_M_AXI_WUSER_WIDTH1_C_M_AXI_RUSER_WIDTH1_C_M_AXI_BUSER_WIDTH1_C_USER_VALUE0_C_PROT_VALUE0_C_CACHE_VALUE3_USER_DW512_USER_AW64_USER_MAXREQS7_USER_RFIFONUM_WIDTH9_226
gmem0_m_axi_U/clk_gate_load_unit_buff_rdata_genblk1_U_fifo_mem_mem_reg_183_       3.9900     0.0      0.0000       3.9900 0.0000 SNPS_CLOCK_GATE_HIGH_tinytpu_isa_gmem0_m_axi_CONSERVATIVE1_NUM_READ_OUTSTANDING16_NUM_WRITE_OUTSTANDING16_MAX_READ_BURST_LENGTH16_MAX_WRITE_BURST_LENGTH16_C_M_AXI_ID_WIDTH1_C_M_AXI_ADDR_WIDTH64_C_M_AXI_DATA_WIDTH512_C_M_AXI_AWUSER_WIDTH1_C_M_AXI_ARUSER_WIDTH1_C_M_AXI_WUSER_WIDTH1_C_M_AXI_RUSER_WIDTH1_C_M_AXI_BUSER_WIDTH1_C_USER_VALUE0_C_PROT_VALUE0_C_CACHE_VALUE3_USER_DW512_USER_AW64_USER_MAXREQS7_USER_RFIFONUM_WIDTH9_227
gmem0_m_axi_U/clk_gate_load_unit_buff_rdata_genblk1_U_fifo_mem_mem_reg_184_       3.9900     0.0      0.0000       3.9900 0.0000 SNPS_CLOCK_GATE_HIGH_tinytpu_isa_gmem0_m_axi_CONSERVATIVE1_NUM_READ_OUTSTANDING16_NUM_WRITE_OUTSTANDING16_MAX_READ_BURST_LENGTH16_MAX_WRITE_BURST_LENGTH16_C_M_AXI_ID_WIDTH1_C_M_AXI_ADDR_WIDTH64_C_M_AXI_DATA_WIDTH512_C_M_AXI_AWUSER_WIDTH1_C_M_AXI_ARUSER_WIDTH1_C_M_AXI_WUSER_WIDTH1_C_M_AXI_RUSER_WIDTH1_C_M_AXI_BUSER_WIDTH1_C_USER_VALUE0_C_PROT_VALUE0_C_CACHE_VALUE3_USER_DW512_USER_AW64_USER_MAXREQS7_USER_RFIFONUM_WIDTH9_228
gmem0_m_axi_U/clk_gate_load_unit_buff_rdata_genblk1_U_fifo_mem_mem_reg_185_       3.9900     0.0      0.0000       3.9900 0.0000 SNPS_CLOCK_GATE_HIGH_tinytpu_isa_gmem0_m_axi_CONSERVATIVE1_NUM_READ_OUTSTANDING16_NUM_WRITE_OUTSTANDING16_MAX_READ_BURST_LENGTH16_MAX_WRITE_BURST_LENGTH16_C_M_AXI_ID_WIDTH1_C_M_AXI_ADDR_WIDTH64_C_M_AXI_DATA_WIDTH512_C_M_AXI_AWUSER_WIDTH1_C_M_AXI_ARUSER_WIDTH1_C_M_AXI_WUSER_WIDTH1_C_M_AXI_RUSER_WIDTH1_C_M_AXI_BUSER_WIDTH1_C_USER_VALUE0_C_PROT_VALUE0_C_CACHE_VALUE3_USER_DW512_USER_AW64_USER_MAXREQS7_USER_RFIFONUM_WIDTH9_229
gmem0_m_axi_U/clk_gate_load_unit_buff_rdata_genblk1_U_fifo_mem_mem_reg_186_       3.9900     0.0      0.0000       3.9900 0.0000 SNPS_CLOCK_GATE_HIGH_tinytpu_isa_gmem0_m_axi_CONSERVATIVE1_NUM_READ_OUTSTANDING16_NUM_WRITE_OUTSTANDING16_MAX_READ_BURST_LENGTH16_MAX_WRITE_BURST_LENGTH16_C_M_AXI_ID_WIDTH1_C_M_AXI_ADDR_WIDTH64_C_M_AXI_DATA_WIDTH512_C_M_AXI_AWUSER_WIDTH1_C_M_AXI_ARUSER_WIDTH1_C_M_AXI_WUSER_WIDTH1_C_M_AXI_RUSER_WIDTH1_C_M_AXI_BUSER_WIDTH1_C_USER_VALUE0_C_PROT_VALUE0_C_CACHE_VALUE3_USER_DW512_USER_AW64_USER_MAXREQS7_USER_RFIFONUM_WIDTH9_230
gmem0_m_axi_U/clk_gate_load_unit_buff_rdata_genblk1_U_fifo_mem_mem_reg_187_       3.9900     0.0      0.0000       3.9900 0.0000 SNPS_CLOCK_GATE_HIGH_tinytpu_isa_gmem0_m_axi_CONSERVATIVE1_NUM_READ_OUTSTANDING16_NUM_WRITE_OUTSTANDING16_MAX_READ_BURST_LENGTH16_MAX_WRITE_BURST_LENGTH16_C_M_AXI_ID_WIDTH1_C_M_AXI_ADDR_WIDTH64_C_M_AXI_DATA_WIDTH512_C_M_AXI_AWUSER_WIDTH1_C_M_AXI_ARUSER_WIDTH1_C_M_AXI_WUSER_WIDTH1_C_M_AXI_RUSER_WIDTH1_C_M_AXI_BUSER_WIDTH1_C_USER_VALUE0_C_PROT_VALUE0_C_CACHE_VALUE3_USER_DW512_USER_AW64_USER_MAXREQS7_USER_RFIFONUM_WIDTH9_231
gmem0_m_axi_U/clk_gate_load_unit_buff_rdata_genblk1_U_fifo_mem_mem_reg_188_       3.9900     0.0      0.0000       3.9900 0.0000 SNPS_CLOCK_GATE_HIGH_tinytpu_isa_gmem0_m_axi_CONSERVATIVE1_NUM_READ_OUTSTANDING16_NUM_WRITE_OUTSTANDING16_MAX_READ_BURST_LENGTH16_MAX_WRITE_BURST_LENGTH16_C_M_AXI_ID_WIDTH1_C_M_AXI_ADDR_WIDTH64_C_M_AXI_DATA_WIDTH512_C_M_AXI_AWUSER_WIDTH1_C_M_AXI_ARUSER_WIDTH1_C_M_AXI_WUSER_WIDTH1_C_M_AXI_RUSER_WIDTH1_C_M_AXI_BUSER_WIDTH1_C_USER_VALUE0_C_PROT_VALUE0_C_CACHE_VALUE3_USER_DW512_USER_AW64_USER_MAXREQS7_USER_RFIFONUM_WIDTH9_232
gmem0_m_axi_U/clk_gate_load_unit_buff_rdata_genblk1_U_fifo_mem_mem_reg_189_       3.9900     0.0      0.0000       3.9900 0.0000 SNPS_CLOCK_GATE_HIGH_tinytpu_isa_gmem0_m_axi_CONSERVATIVE1_NUM_READ_OUTSTANDING16_NUM_WRITE_OUTSTANDING16_MAX_READ_BURST_LENGTH16_MAX_WRITE_BURST_LENGTH16_C_M_AXI_ID_WIDTH1_C_M_AXI_ADDR_WIDTH64_C_M_AXI_DATA_WIDTH512_C_M_AXI_AWUSER_WIDTH1_C_M_AXI_ARUSER_WIDTH1_C_M_AXI_WUSER_WIDTH1_C_M_AXI_RUSER_WIDTH1_C_M_AXI_BUSER_WIDTH1_C_USER_VALUE0_C_PROT_VALUE0_C_CACHE_VALUE3_USER_DW512_USER_AW64_USER_MAXREQS7_USER_RFIFONUM_WIDTH9_233
gmem0_m_axi_U/clk_gate_load_unit_buff_rdata_genblk1_U_fifo_mem_mem_reg_18_       3.9900     0.0      0.0000       3.9900 0.0000 SNPS_CLOCK_GATE_HIGH_tinytpu_isa_gmem0_m_axi_CONSERVATIVE1_NUM_READ_OUTSTANDING16_NUM_WRITE_OUTSTANDING16_MAX_READ_BURST_LENGTH16_MAX_WRITE_BURST_LENGTH16_C_M_AXI_ID_WIDTH1_C_M_AXI_ADDR_WIDTH64_C_M_AXI_DATA_WIDTH512_C_M_AXI_AWUSER_WIDTH1_C_M_AXI_ARUSER_WIDTH1_C_M_AXI_WUSER_WIDTH1_C_M_AXI_RUSER_WIDTH1_C_M_AXI_BUSER_WIDTH1_C_USER_VALUE0_C_PROT_VALUE0_C_CACHE_VALUE3_USER_DW512_USER_AW64_USER_MAXREQS7_USER_RFIFONUM_WIDTH9_62
gmem0_m_axi_U/clk_gate_load_unit_buff_rdata_genblk1_U_fifo_mem_mem_reg_190_       3.9900     0.0      0.0000       3.9900 0.0000 SNPS_CLOCK_GATE_HIGH_tinytpu_isa_gmem0_m_axi_CONSERVATIVE1_NUM_READ_OUTSTANDING16_NUM_WRITE_OUTSTANDING16_MAX_READ_BURST_LENGTH16_MAX_WRITE_BURST_LENGTH16_C_M_AXI_ID_WIDTH1_C_M_AXI_ADDR_WIDTH64_C_M_AXI_DATA_WIDTH512_C_M_AXI_AWUSER_WIDTH1_C_M_AXI_ARUSER_WIDTH1_C_M_AXI_WUSER_WIDTH1_C_M_AXI_RUSER_WIDTH1_C_M_AXI_BUSER_WIDTH1_C_USER_VALUE0_C_PROT_VALUE0_C_CACHE_VALUE3_USER_DW512_USER_AW64_USER_MAXREQS7_USER_RFIFONUM_WIDTH9_234
gmem0_m_axi_U/clk_gate_load_unit_buff_rdata_genblk1_U_fifo_mem_mem_reg_191_       3.9900     0.0      0.0000       3.9900 0.0000 SNPS_CLOCK_GATE_HIGH_tinytpu_isa_gmem0_m_axi_CONSERVATIVE1_NUM_READ_OUTSTANDING16_NUM_WRITE_OUTSTANDING16_MAX_READ_BURST_LENGTH16_MAX_WRITE_BURST_LENGTH16_C_M_AXI_ID_WIDTH1_C_M_AXI_ADDR_WIDTH64_C_M_AXI_DATA_WIDTH512_C_M_AXI_AWUSER_WIDTH1_C_M_AXI_ARUSER_WIDTH1_C_M_AXI_WUSER_WIDTH1_C_M_AXI_RUSER_WIDTH1_C_M_AXI_BUSER_WIDTH1_C_USER_VALUE0_C_PROT_VALUE0_C_CACHE_VALUE3_USER_DW512_USER_AW64_USER_MAXREQS7_USER_RFIFONUM_WIDTH9_235
gmem0_m_axi_U/clk_gate_load_unit_buff_rdata_genblk1_U_fifo_mem_mem_reg_192_       3.9900     0.0      0.0000       3.9900 0.0000 SNPS_CLOCK_GATE_HIGH_tinytpu_isa_gmem0_m_axi_CONSERVATIVE1_NUM_READ_OUTSTANDING16_NUM_WRITE_OUTSTANDING16_MAX_READ_BURST_LENGTH16_MAX_WRITE_BURST_LENGTH16_C_M_AXI_ID_WIDTH1_C_M_AXI_ADDR_WIDTH64_C_M_AXI_DATA_WIDTH512_C_M_AXI_AWUSER_WIDTH1_C_M_AXI_ARUSER_WIDTH1_C_M_AXI_WUSER_WIDTH1_C_M_AXI_RUSER_WIDTH1_C_M_AXI_BUSER_WIDTH1_C_USER_VALUE0_C_PROT_VALUE0_C_CACHE_VALUE3_USER_DW512_USER_AW64_USER_MAXREQS7_USER_RFIFONUM_WIDTH9_236
gmem0_m_axi_U/clk_gate_load_unit_buff_rdata_genblk1_U_fifo_mem_mem_reg_193_       3.9900     0.0      0.0000       3.9900 0.0000 SNPS_CLOCK_GATE_HIGH_tinytpu_isa_gmem0_m_axi_CONSERVATIVE1_NUM_READ_OUTSTANDING16_NUM_WRITE_OUTSTANDING16_MAX_READ_BURST_LENGTH16_MAX_WRITE_BURST_LENGTH16_C_M_AXI_ID_WIDTH1_C_M_AXI_ADDR_WIDTH64_C_M_AXI_DATA_WIDTH512_C_M_AXI_AWUSER_WIDTH1_C_M_AXI_ARUSER_WIDTH1_C_M_AXI_WUSER_WIDTH1_C_M_AXI_RUSER_WIDTH1_C_M_AXI_BUSER_WIDTH1_C_USER_VALUE0_C_PROT_VALUE0_C_CACHE_VALUE3_USER_DW512_USER_AW64_USER_MAXREQS7_USER_RFIFONUM_WIDTH9_237
gmem0_m_axi_U/clk_gate_load_unit_buff_rdata_genblk1_U_fifo_mem_mem_reg_194_       3.9900     0.0      0.0000       3.9900 0.0000 SNPS_CLOCK_GATE_HIGH_tinytpu_isa_gmem0_m_axi_CONSERVATIVE1_NUM_READ_OUTSTANDING16_NUM_WRITE_OUTSTANDING16_MAX_READ_BURST_LENGTH16_MAX_WRITE_BURST_LENGTH16_C_M_AXI_ID_WIDTH1_C_M_AXI_ADDR_WIDTH64_C_M_AXI_DATA_WIDTH512_C_M_AXI_AWUSER_WIDTH1_C_M_AXI_ARUSER_WIDTH1_C_M_AXI_WUSER_WIDTH1_C_M_AXI_RUSER_WIDTH1_C_M_AXI_BUSER_WIDTH1_C_USER_VALUE0_C_PROT_VALUE0_C_CACHE_VALUE3_USER_DW512_USER_AW64_USER_MAXREQS7_USER_RFIFONUM_WIDTH9_238
gmem0_m_axi_U/clk_gate_load_unit_buff_rdata_genblk1_U_fifo_mem_mem_reg_195_       3.9900     0.0      0.0000       3.9900 0.0000 SNPS_CLOCK_GATE_HIGH_tinytpu_isa_gmem0_m_axi_CONSERVATIVE1_NUM_READ_OUTSTANDING16_NUM_WRITE_OUTSTANDING16_MAX_READ_BURST_LENGTH16_MAX_WRITE_BURST_LENGTH16_C_M_AXI_ID_WIDTH1_C_M_AXI_ADDR_WIDTH64_C_M_AXI_DATA_WIDTH512_C_M_AXI_AWUSER_WIDTH1_C_M_AXI_ARUSER_WIDTH1_C_M_AXI_WUSER_WIDTH1_C_M_AXI_RUSER_WIDTH1_C_M_AXI_BUSER_WIDTH1_C_USER_VALUE0_C_PROT_VALUE0_C_CACHE_VALUE3_USER_DW512_USER_AW64_USER_MAXREQS7_USER_RFIFONUM_WIDTH9_239
gmem0_m_axi_U/clk_gate_load_unit_buff_rdata_genblk1_U_fifo_mem_mem_reg_196_       3.9900     0.0      0.0000       3.9900 0.0000 SNPS_CLOCK_GATE_HIGH_tinytpu_isa_gmem0_m_axi_CONSERVATIVE1_NUM_READ_OUTSTANDING16_NUM_WRITE_OUTSTANDING16_MAX_READ_BURST_LENGTH16_MAX_WRITE_BURST_LENGTH16_C_M_AXI_ID_WIDTH1_C_M_AXI_ADDR_WIDTH64_C_M_AXI_DATA_WIDTH512_C_M_AXI_AWUSER_WIDTH1_C_M_AXI_ARUSER_WIDTH1_C_M_AXI_WUSER_WIDTH1_C_M_AXI_RUSER_WIDTH1_C_M_AXI_BUSER_WIDTH1_C_USER_VALUE0_C_PROT_VALUE0_C_CACHE_VALUE3_USER_DW512_USER_AW64_USER_MAXREQS7_USER_RFIFONUM_WIDTH9_240
gmem0_m_axi_U/clk_gate_load_unit_buff_rdata_genblk1_U_fifo_mem_mem_reg_197_       3.9900     0.0      0.0000       3.9900 0.0000 SNPS_CLOCK_GATE_HIGH_tinytpu_isa_gmem0_m_axi_CONSERVATIVE1_NUM_READ_OUTSTANDING16_NUM_WRITE_OUTSTANDING16_MAX_READ_BURST_LENGTH16_MAX_WRITE_BURST_LENGTH16_C_M_AXI_ID_WIDTH1_C_M_AXI_ADDR_WIDTH64_C_M_AXI_DATA_WIDTH512_C_M_AXI_AWUSER_WIDTH1_C_M_AXI_ARUSER_WIDTH1_C_M_AXI_WUSER_WIDTH1_C_M_AXI_RUSER_WIDTH1_C_M_AXI_BUSER_WIDTH1_C_USER_VALUE0_C_PROT_VALUE0_C_CACHE_VALUE3_USER_DW512_USER_AW64_USER_MAXREQS7_USER_RFIFONUM_WIDTH9_241
gmem0_m_axi_U/clk_gate_load_unit_buff_rdata_genblk1_U_fifo_mem_mem_reg_198_       3.9900     0.0      0.0000       3.9900 0.0000 SNPS_CLOCK_GATE_HIGH_tinytpu_isa_gmem0_m_axi_CONSERVATIVE1_NUM_READ_OUTSTANDING16_NUM_WRITE_OUTSTANDING16_MAX_READ_BURST_LENGTH16_MAX_WRITE_BURST_LENGTH16_C_M_AXI_ID_WIDTH1_C_M_AXI_ADDR_WIDTH64_C_M_AXI_DATA_WIDTH512_C_M_AXI_AWUSER_WIDTH1_C_M_AXI_ARUSER_WIDTH1_C_M_AXI_WUSER_WIDTH1_C_M_AXI_RUSER_WIDTH1_C_M_AXI_BUSER_WIDTH1_C_USER_VALUE0_C_PROT_VALUE0_C_CACHE_VALUE3_USER_DW512_USER_AW64_USER_MAXREQS7_USER_RFIFONUM_WIDTH9_242
gmem0_m_axi_U/clk_gate_load_unit_buff_rdata_genblk1_U_fifo_mem_mem_reg_199_       3.9900     0.0      0.0000       3.9900 0.0000 SNPS_CLOCK_GATE_HIGH_tinytpu_isa_gmem0_m_axi_CONSERVATIVE1_NUM_READ_OUTSTANDING16_NUM_WRITE_OUTSTANDING16_MAX_READ_BURST_LENGTH16_MAX_WRITE_BURST_LENGTH16_C_M_AXI_ID_WIDTH1_C_M_AXI_ADDR_WIDTH64_C_M_AXI_DATA_WIDTH512_C_M_AXI_AWUSER_WIDTH1_C_M_AXI_ARUSER_WIDTH1_C_M_AXI_WUSER_WIDTH1_C_M_AXI_RUSER_WIDTH1_C_M_AXI_BUSER_WIDTH1_C_USER_VALUE0_C_PROT_VALUE0_C_CACHE_VALUE3_USER_DW512_USER_AW64_USER_MAXREQS7_USER_RFIFONUM_WIDTH9_243
gmem0_m_axi_U/clk_gate_load_unit_buff_rdata_genblk1_U_fifo_mem_mem_reg_19_       3.9900     0.0      0.0000       3.9900 0.0000 SNPS_CLOCK_GATE_HIGH_tinytpu_isa_gmem0_m_axi_CONSERVATIVE1_NUM_READ_OUTSTANDING16_NUM_WRITE_OUTSTANDING16_MAX_READ_BURST_LENGTH16_MAX_WRITE_BURST_LENGTH16_C_M_AXI_ID_WIDTH1_C_M_AXI_ADDR_WIDTH64_C_M_AXI_DATA_WIDTH512_C_M_AXI_AWUSER_WIDTH1_C_M_AXI_ARUSER_WIDTH1_C_M_AXI_WUSER_WIDTH1_C_M_AXI_RUSER_WIDTH1_C_M_AXI_BUSER_WIDTH1_C_USER_VALUE0_C_PROT_VALUE0_C_CACHE_VALUE3_USER_DW512_USER_AW64_USER_MAXREQS7_USER_RFIFONUM_WIDTH9_63
gmem0_m_axi_U/clk_gate_load_unit_buff_rdata_genblk1_U_fifo_mem_mem_reg_1_       3.9900     0.0      0.0000       3.9900 0.0000 SNPS_CLOCK_GATE_HIGH_tinytpu_isa_gmem0_m_axi_CONSERVATIVE1_NUM_READ_OUTSTANDING16_NUM_WRITE_OUTSTANDING16_MAX_READ_BURST_LENGTH16_MAX_WRITE_BURST_LENGTH16_C_M_AXI_ID_WIDTH1_C_M_AXI_ADDR_WIDTH64_C_M_AXI_DATA_WIDTH512_C_M_AXI_AWUSER_WIDTH1_C_M_AXI_ARUSER_WIDTH1_C_M_AXI_WUSER_WIDTH1_C_M_AXI_RUSER_WIDTH1_C_M_AXI_BUSER_WIDTH1_C_USER_VALUE0_C_PROT_VALUE0_C_CACHE_VALUE3_USER_DW512_USER_AW64_USER_MAXREQS7_USER_RFIFONUM_WIDTH9_45
gmem0_m_axi_U/clk_gate_load_unit_buff_rdata_genblk1_U_fifo_mem_mem_reg_200_       3.9900     0.0      0.0000       3.9900 0.0000 SNPS_CLOCK_GATE_HIGH_tinytpu_isa_gmem0_m_axi_CONSERVATIVE1_NUM_READ_OUTSTANDING16_NUM_WRITE_OUTSTANDING16_MAX_READ_BURST_LENGTH16_MAX_WRITE_BURST_LENGTH16_C_M_AXI_ID_WIDTH1_C_M_AXI_ADDR_WIDTH64_C_M_AXI_DATA_WIDTH512_C_M_AXI_AWUSER_WIDTH1_C_M_AXI_ARUSER_WIDTH1_C_M_AXI_WUSER_WIDTH1_C_M_AXI_RUSER_WIDTH1_C_M_AXI_BUSER_WIDTH1_C_USER_VALUE0_C_PROT_VALUE0_C_CACHE_VALUE3_USER_DW512_USER_AW64_USER_MAXREQS7_USER_RFIFONUM_WIDTH9_244
gmem0_m_axi_U/clk_gate_load_unit_buff_rdata_genblk1_U_fifo_mem_mem_reg_201_       3.9900     0.0      0.0000       3.9900 0.0000 SNPS_CLOCK_GATE_HIGH_tinytpu_isa_gmem0_m_axi_CONSERVATIVE1_NUM_READ_OUTSTANDING16_NUM_WRITE_OUTSTANDING16_MAX_READ_BURST_LENGTH16_MAX_WRITE_BURST_LENGTH16_C_M_AXI_ID_WIDTH1_C_M_AXI_ADDR_WIDTH64_C_M_AXI_DATA_WIDTH512_C_M_AXI_AWUSER_WIDTH1_C_M_AXI_ARUSER_WIDTH1_C_M_AXI_WUSER_WIDTH1_C_M_AXI_RUSER_WIDTH1_C_M_AXI_BUSER_WIDTH1_C_USER_VALUE0_C_PROT_VALUE0_C_CACHE_VALUE3_USER_DW512_USER_AW64_USER_MAXREQS7_USER_RFIFONUM_WIDTH9_245
gmem0_m_axi_U/clk_gate_load_unit_buff_rdata_genblk1_U_fifo_mem_mem_reg_202_       3.9900     0.0      0.0000       3.9900 0.0000 SNPS_CLOCK_GATE_HIGH_tinytpu_isa_gmem0_m_axi_CONSERVATIVE1_NUM_READ_OUTSTANDING16_NUM_WRITE_OUTSTANDING16_MAX_READ_BURST_LENGTH16_MAX_WRITE_BURST_LENGTH16_C_M_AXI_ID_WIDTH1_C_M_AXI_ADDR_WIDTH64_C_M_AXI_DATA_WIDTH512_C_M_AXI_AWUSER_WIDTH1_C_M_AXI_ARUSER_WIDTH1_C_M_AXI_WUSER_WIDTH1_C_M_AXI_RUSER_WIDTH1_C_M_AXI_BUSER_WIDTH1_C_USER_VALUE0_C_PROT_VALUE0_C_CACHE_VALUE3_USER_DW512_USER_AW64_USER_MAXREQS7_USER_RFIFONUM_WIDTH9_246
gmem0_m_axi_U/clk_gate_load_unit_buff_rdata_genblk1_U_fifo_mem_mem_reg_203_       3.9900     0.0      0.0000       3.9900 0.0000 SNPS_CLOCK_GATE_HIGH_tinytpu_isa_gmem0_m_axi_CONSERVATIVE1_NUM_READ_OUTSTANDING16_NUM_WRITE_OUTSTANDING16_MAX_READ_BURST_LENGTH16_MAX_WRITE_BURST_LENGTH16_C_M_AXI_ID_WIDTH1_C_M_AXI_ADDR_WIDTH64_C_M_AXI_DATA_WIDTH512_C_M_AXI_AWUSER_WIDTH1_C_M_AXI_ARUSER_WIDTH1_C_M_AXI_WUSER_WIDTH1_C_M_AXI_RUSER_WIDTH1_C_M_AXI_BUSER_WIDTH1_C_USER_VALUE0_C_PROT_VALUE0_C_CACHE_VALUE3_USER_DW512_USER_AW64_USER_MAXREQS7_USER_RFIFONUM_WIDTH9_247
gmem0_m_axi_U/clk_gate_load_unit_buff_rdata_genblk1_U_fifo_mem_mem_reg_204_       3.9900     0.0      0.0000       3.9900 0.0000 SNPS_CLOCK_GATE_HIGH_tinytpu_isa_gmem0_m_axi_CONSERVATIVE1_NUM_READ_OUTSTANDING16_NUM_WRITE_OUTSTANDING16_MAX_READ_BURST_LENGTH16_MAX_WRITE_BURST_LENGTH16_C_M_AXI_ID_WIDTH1_C_M_AXI_ADDR_WIDTH64_C_M_AXI_DATA_WIDTH512_C_M_AXI_AWUSER_WIDTH1_C_M_AXI_ARUSER_WIDTH1_C_M_AXI_WUSER_WIDTH1_C_M_AXI_RUSER_WIDTH1_C_M_AXI_BUSER_WIDTH1_C_USER_VALUE0_C_PROT_VALUE0_C_CACHE_VALUE3_USER_DW512_USER_AW64_USER_MAXREQS7_USER_RFIFONUM_WIDTH9_248
gmem0_m_axi_U/clk_gate_load_unit_buff_rdata_genblk1_U_fifo_mem_mem_reg_205_       3.9900     0.0      0.0000       3.9900 0.0000 SNPS_CLOCK_GATE_HIGH_tinytpu_isa_gmem0_m_axi_CONSERVATIVE1_NUM_READ_OUTSTANDING16_NUM_WRITE_OUTSTANDING16_MAX_READ_BURST_LENGTH16_MAX_WRITE_BURST_LENGTH16_C_M_AXI_ID_WIDTH1_C_M_AXI_ADDR_WIDTH64_C_M_AXI_DATA_WIDTH512_C_M_AXI_AWUSER_WIDTH1_C_M_AXI_ARUSER_WIDTH1_C_M_AXI_WUSER_WIDTH1_C_M_AXI_RUSER_WIDTH1_C_M_AXI_BUSER_WIDTH1_C_USER_VALUE0_C_PROT_VALUE0_C_CACHE_VALUE3_USER_DW512_USER_AW64_USER_MAXREQS7_USER_RFIFONUM_WIDTH9_249
gmem0_m_axi_U/clk_gate_load_unit_buff_rdata_genblk1_U_fifo_mem_mem_reg_206_       3.9900     0.0      0.0000       3.9900 0.0000 SNPS_CLOCK_GATE_HIGH_tinytpu_isa_gmem0_m_axi_CONSERVATIVE1_NUM_READ_OUTSTANDING16_NUM_WRITE_OUTSTANDING16_MAX_READ_BURST_LENGTH16_MAX_WRITE_BURST_LENGTH16_C_M_AXI_ID_WIDTH1_C_M_AXI_ADDR_WIDTH64_C_M_AXI_DATA_WIDTH512_C_M_AXI_AWUSER_WIDTH1_C_M_AXI_ARUSER_WIDTH1_C_M_AXI_WUSER_WIDTH1_C_M_AXI_RUSER_WIDTH1_C_M_AXI_BUSER_WIDTH1_C_USER_VALUE0_C_PROT_VALUE0_C_CACHE_VALUE3_USER_DW512_USER_AW64_USER_MAXREQS7_USER_RFIFONUM_WIDTH9_250
gmem0_m_axi_U/clk_gate_load_unit_buff_rdata_genblk1_U_fifo_mem_mem_reg_207_       3.9900     0.0      0.0000       3.9900 0.0000 SNPS_CLOCK_GATE_HIGH_tinytpu_isa_gmem0_m_axi_CONSERVATIVE1_NUM_READ_OUTSTANDING16_NUM_WRITE_OUTSTANDING16_MAX_READ_BURST_LENGTH16_MAX_WRITE_BURST_LENGTH16_C_M_AXI_ID_WIDTH1_C_M_AXI_ADDR_WIDTH64_C_M_AXI_DATA_WIDTH512_C_M_AXI_AWUSER_WIDTH1_C_M_AXI_ARUSER_WIDTH1_C_M_AXI_WUSER_WIDTH1_C_M_AXI_RUSER_WIDTH1_C_M_AXI_BUSER_WIDTH1_C_USER_VALUE0_C_PROT_VALUE0_C_CACHE_VALUE3_USER_DW512_USER_AW64_USER_MAXREQS7_USER_RFIFONUM_WIDTH9_251
gmem0_m_axi_U/clk_gate_load_unit_buff_rdata_genblk1_U_fifo_mem_mem_reg_208_       3.9900     0.0      0.0000       3.9900 0.0000 SNPS_CLOCK_GATE_HIGH_tinytpu_isa_gmem0_m_axi_CONSERVATIVE1_NUM_READ_OUTSTANDING16_NUM_WRITE_OUTSTANDING16_MAX_READ_BURST_LENGTH16_MAX_WRITE_BURST_LENGTH16_C_M_AXI_ID_WIDTH1_C_M_AXI_ADDR_WIDTH64_C_M_AXI_DATA_WIDTH512_C_M_AXI_AWUSER_WIDTH1_C_M_AXI_ARUSER_WIDTH1_C_M_AXI_WUSER_WIDTH1_C_M_AXI_RUSER_WIDTH1_C_M_AXI_BUSER_WIDTH1_C_USER_VALUE0_C_PROT_VALUE0_C_CACHE_VALUE3_USER_DW512_USER_AW64_USER_MAXREQS7_USER_RFIFONUM_WIDTH9_252
gmem0_m_axi_U/clk_gate_load_unit_buff_rdata_genblk1_U_fifo_mem_mem_reg_209_       3.9900     0.0      0.0000       3.9900 0.0000 SNPS_CLOCK_GATE_HIGH_tinytpu_isa_gmem0_m_axi_CONSERVATIVE1_NUM_READ_OUTSTANDING16_NUM_WRITE_OUTSTANDING16_MAX_READ_BURST_LENGTH16_MAX_WRITE_BURST_LENGTH16_C_M_AXI_ID_WIDTH1_C_M_AXI_ADDR_WIDTH64_C_M_AXI_DATA_WIDTH512_C_M_AXI_AWUSER_WIDTH1_C_M_AXI_ARUSER_WIDTH1_C_M_AXI_WUSER_WIDTH1_C_M_AXI_RUSER_WIDTH1_C_M_AXI_BUSER_WIDTH1_C_USER_VALUE0_C_PROT_VALUE0_C_CACHE_VALUE3_USER_DW512_USER_AW64_USER_MAXREQS7_USER_RFIFONUM_WIDTH9_253
gmem0_m_axi_U/clk_gate_load_unit_buff_rdata_genblk1_U_fifo_mem_mem_reg_20_       3.9900     0.0      0.0000       3.9900 0.0000 SNPS_CLOCK_GATE_HIGH_tinytpu_isa_gmem0_m_axi_CONSERVATIVE1_NUM_READ_OUTSTANDING16_NUM_WRITE_OUTSTANDING16_MAX_READ_BURST_LENGTH16_MAX_WRITE_BURST_LENGTH16_C_M_AXI_ID_WIDTH1_C_M_AXI_ADDR_WIDTH64_C_M_AXI_DATA_WIDTH512_C_M_AXI_AWUSER_WIDTH1_C_M_AXI_ARUSER_WIDTH1_C_M_AXI_WUSER_WIDTH1_C_M_AXI_RUSER_WIDTH1_C_M_AXI_BUSER_WIDTH1_C_USER_VALUE0_C_PROT_VALUE0_C_CACHE_VALUE3_USER_DW512_USER_AW64_USER_MAXREQS7_USER_RFIFONUM_WIDTH9_64
gmem0_m_axi_U/clk_gate_load_unit_buff_rdata_genblk1_U_fifo_mem_mem_reg_210_       3.9900     0.0      0.0000       3.9900 0.0000 SNPS_CLOCK_GATE_HIGH_tinytpu_isa_gmem0_m_axi_CONSERVATIVE1_NUM_READ_OUTSTANDING16_NUM_WRITE_OUTSTANDING16_MAX_READ_BURST_LENGTH16_MAX_WRITE_BURST_LENGTH16_C_M_AXI_ID_WIDTH1_C_M_AXI_ADDR_WIDTH64_C_M_AXI_DATA_WIDTH512_C_M_AXI_AWUSER_WIDTH1_C_M_AXI_ARUSER_WIDTH1_C_M_AXI_WUSER_WIDTH1_C_M_AXI_RUSER_WIDTH1_C_M_AXI_BUSER_WIDTH1_C_USER_VALUE0_C_PROT_VALUE0_C_CACHE_VALUE3_USER_DW512_USER_AW64_USER_MAXREQS7_USER_RFIFONUM_WIDTH9_254
gmem0_m_axi_U/clk_gate_load_unit_buff_rdata_genblk1_U_fifo_mem_mem_reg_211_       3.9900     0.0      0.0000       3.9900 0.0000 SNPS_CLOCK_GATE_HIGH_tinytpu_isa_gmem0_m_axi_CONSERVATIVE1_NUM_READ_OUTSTANDING16_NUM_WRITE_OUTSTANDING16_MAX_READ_BURST_LENGTH16_MAX_WRITE_BURST_LENGTH16_C_M_AXI_ID_WIDTH1_C_M_AXI_ADDR_WIDTH64_C_M_AXI_DATA_WIDTH512_C_M_AXI_AWUSER_WIDTH1_C_M_AXI_ARUSER_WIDTH1_C_M_AXI_WUSER_WIDTH1_C_M_AXI_RUSER_WIDTH1_C_M_AXI_BUSER_WIDTH1_C_USER_VALUE0_C_PROT_VALUE0_C_CACHE_VALUE3_USER_DW512_USER_AW64_USER_MAXREQS7_USER_RFIFONUM_WIDTH9_255
gmem0_m_axi_U/clk_gate_load_unit_buff_rdata_genblk1_U_fifo_mem_mem_reg_212_       3.9900     0.0      0.0000       3.9900 0.0000 SNPS_CLOCK_GATE_HIGH_tinytpu_isa_gmem0_m_axi_CONSERVATIVE1_NUM_READ_OUTSTANDING16_NUM_WRITE_OUTSTANDING16_MAX_READ_BURST_LENGTH16_MAX_WRITE_BURST_LENGTH16_C_M_AXI_ID_WIDTH1_C_M_AXI_ADDR_WIDTH64_C_M_AXI_DATA_WIDTH512_C_M_AXI_AWUSER_WIDTH1_C_M_AXI_ARUSER_WIDTH1_C_M_AXI_WUSER_WIDTH1_C_M_AXI_RUSER_WIDTH1_C_M_AXI_BUSER_WIDTH1_C_USER_VALUE0_C_PROT_VALUE0_C_CACHE_VALUE3_USER_DW512_USER_AW64_USER_MAXREQS7_USER_RFIFONUM_WIDTH9_256
gmem0_m_axi_U/clk_gate_load_unit_buff_rdata_genblk1_U_fifo_mem_mem_reg_213_       3.9900     0.0      0.0000       3.9900 0.0000 SNPS_CLOCK_GATE_HIGH_tinytpu_isa_gmem0_m_axi_CONSERVATIVE1_NUM_READ_OUTSTANDING16_NUM_WRITE_OUTSTANDING16_MAX_READ_BURST_LENGTH16_MAX_WRITE_BURST_LENGTH16_C_M_AXI_ID_WIDTH1_C_M_AXI_ADDR_WIDTH64_C_M_AXI_DATA_WIDTH512_C_M_AXI_AWUSER_WIDTH1_C_M_AXI_ARUSER_WIDTH1_C_M_AXI_WUSER_WIDTH1_C_M_AXI_RUSER_WIDTH1_C_M_AXI_BUSER_WIDTH1_C_USER_VALUE0_C_PROT_VALUE0_C_CACHE_VALUE3_USER_DW512_USER_AW64_USER_MAXREQS7_USER_RFIFONUM_WIDTH9_257
gmem0_m_axi_U/clk_gate_load_unit_buff_rdata_genblk1_U_fifo_mem_mem_reg_214_       3.9900     0.0      0.0000       3.9900 0.0000 SNPS_CLOCK_GATE_HIGH_tinytpu_isa_gmem0_m_axi_CONSERVATIVE1_NUM_READ_OUTSTANDING16_NUM_WRITE_OUTSTANDING16_MAX_READ_BURST_LENGTH16_MAX_WRITE_BURST_LENGTH16_C_M_AXI_ID_WIDTH1_C_M_AXI_ADDR_WIDTH64_C_M_AXI_DATA_WIDTH512_C_M_AXI_AWUSER_WIDTH1_C_M_AXI_ARUSER_WIDTH1_C_M_AXI_WUSER_WIDTH1_C_M_AXI_RUSER_WIDTH1_C_M_AXI_BUSER_WIDTH1_C_USER_VALUE0_C_PROT_VALUE0_C_CACHE_VALUE3_USER_DW512_USER_AW64_USER_MAXREQS7_USER_RFIFONUM_WIDTH9_258
gmem0_m_axi_U/clk_gate_load_unit_buff_rdata_genblk1_U_fifo_mem_mem_reg_215_       3.9900     0.0      0.0000       3.9900 0.0000 SNPS_CLOCK_GATE_HIGH_tinytpu_isa_gmem0_m_axi_CONSERVATIVE1_NUM_READ_OUTSTANDING16_NUM_WRITE_OUTSTANDING16_MAX_READ_BURST_LENGTH16_MAX_WRITE_BURST_LENGTH16_C_M_AXI_ID_WIDTH1_C_M_AXI_ADDR_WIDTH64_C_M_AXI_DATA_WIDTH512_C_M_AXI_AWUSER_WIDTH1_C_M_AXI_ARUSER_WIDTH1_C_M_AXI_WUSER_WIDTH1_C_M_AXI_RUSER_WIDTH1_C_M_AXI_BUSER_WIDTH1_C_USER_VALUE0_C_PROT_VALUE0_C_CACHE_VALUE3_USER_DW512_USER_AW64_USER_MAXREQS7_USER_RFIFONUM_WIDTH9_259
gmem0_m_axi_U/clk_gate_load_unit_buff_rdata_genblk1_U_fifo_mem_mem_reg_216_       3.9900     0.0      0.0000       3.9900 0.0000 SNPS_CLOCK_GATE_HIGH_tinytpu_isa_gmem0_m_axi_CONSERVATIVE1_NUM_READ_OUTSTANDING16_NUM_WRITE_OUTSTANDING16_MAX_READ_BURST_LENGTH16_MAX_WRITE_BURST_LENGTH16_C_M_AXI_ID_WIDTH1_C_M_AXI_ADDR_WIDTH64_C_M_AXI_DATA_WIDTH512_C_M_AXI_AWUSER_WIDTH1_C_M_AXI_ARUSER_WIDTH1_C_M_AXI_WUSER_WIDTH1_C_M_AXI_RUSER_WIDTH1_C_M_AXI_BUSER_WIDTH1_C_USER_VALUE0_C_PROT_VALUE0_C_CACHE_VALUE3_USER_DW512_USER_AW64_USER_MAXREQS7_USER_RFIFONUM_WIDTH9_260
gmem0_m_axi_U/clk_gate_load_unit_buff_rdata_genblk1_U_fifo_mem_mem_reg_217_       3.9900     0.0      0.0000       3.9900 0.0000 SNPS_CLOCK_GATE_HIGH_tinytpu_isa_gmem0_m_axi_CONSERVATIVE1_NUM_READ_OUTSTANDING16_NUM_WRITE_OUTSTANDING16_MAX_READ_BURST_LENGTH16_MAX_WRITE_BURST_LENGTH16_C_M_AXI_ID_WIDTH1_C_M_AXI_ADDR_WIDTH64_C_M_AXI_DATA_WIDTH512_C_M_AXI_AWUSER_WIDTH1_C_M_AXI_ARUSER_WIDTH1_C_M_AXI_WUSER_WIDTH1_C_M_AXI_RUSER_WIDTH1_C_M_AXI_BUSER_WIDTH1_C_USER_VALUE0_C_PROT_VALUE0_C_CACHE_VALUE3_USER_DW512_USER_AW64_USER_MAXREQS7_USER_RFIFONUM_WIDTH9_261
gmem0_m_axi_U/clk_gate_load_unit_buff_rdata_genblk1_U_fifo_mem_mem_reg_218_       3.9900     0.0      0.0000       3.9900 0.0000 SNPS_CLOCK_GATE_HIGH_tinytpu_isa_gmem0_m_axi_CONSERVATIVE1_NUM_READ_OUTSTANDING16_NUM_WRITE_OUTSTANDING16_MAX_READ_BURST_LENGTH16_MAX_WRITE_BURST_LENGTH16_C_M_AXI_ID_WIDTH1_C_M_AXI_ADDR_WIDTH64_C_M_AXI_DATA_WIDTH512_C_M_AXI_AWUSER_WIDTH1_C_M_AXI_ARUSER_WIDTH1_C_M_AXI_WUSER_WIDTH1_C_M_AXI_RUSER_WIDTH1_C_M_AXI_BUSER_WIDTH1_C_USER_VALUE0_C_PROT_VALUE0_C_CACHE_VALUE3_USER_DW512_USER_AW64_USER_MAXREQS7_USER_RFIFONUM_WIDTH9_262
gmem0_m_axi_U/clk_gate_load_unit_buff_rdata_genblk1_U_fifo_mem_mem_reg_219_       3.9900     0.0      0.0000       3.9900 0.0000 SNPS_CLOCK_GATE_HIGH_tinytpu_isa_gmem0_m_axi_CONSERVATIVE1_NUM_READ_OUTSTANDING16_NUM_WRITE_OUTSTANDING16_MAX_READ_BURST_LENGTH16_MAX_WRITE_BURST_LENGTH16_C_M_AXI_ID_WIDTH1_C_M_AXI_ADDR_WIDTH64_C_M_AXI_DATA_WIDTH512_C_M_AXI_AWUSER_WIDTH1_C_M_AXI_ARUSER_WIDTH1_C_M_AXI_WUSER_WIDTH1_C_M_AXI_RUSER_WIDTH1_C_M_AXI_BUSER_WIDTH1_C_USER_VALUE0_C_PROT_VALUE0_C_CACHE_VALUE3_USER_DW512_USER_AW64_USER_MAXREQS7_USER_RFIFONUM_WIDTH9_263
gmem0_m_axi_U/clk_gate_load_unit_buff_rdata_genblk1_U_fifo_mem_mem_reg_21_       3.9900     0.0      0.0000       3.9900 0.0000 SNPS_CLOCK_GATE_HIGH_tinytpu_isa_gmem0_m_axi_CONSERVATIVE1_NUM_READ_OUTSTANDING16_NUM_WRITE_OUTSTANDING16_MAX_READ_BURST_LENGTH16_MAX_WRITE_BURST_LENGTH16_C_M_AXI_ID_WIDTH1_C_M_AXI_ADDR_WIDTH64_C_M_AXI_DATA_WIDTH512_C_M_AXI_AWUSER_WIDTH1_C_M_AXI_ARUSER_WIDTH1_C_M_AXI_WUSER_WIDTH1_C_M_AXI_RUSER_WIDTH1_C_M_AXI_BUSER_WIDTH1_C_USER_VALUE0_C_PROT_VALUE0_C_CACHE_VALUE3_USER_DW512_USER_AW64_USER_MAXREQS7_USER_RFIFONUM_WIDTH9_65
gmem0_m_axi_U/clk_gate_load_unit_buff_rdata_genblk1_U_fifo_mem_mem_reg_220_       3.9900     0.0      0.0000       3.9900 0.0000 SNPS_CLOCK_GATE_HIGH_tinytpu_isa_gmem0_m_axi_CONSERVATIVE1_NUM_READ_OUTSTANDING16_NUM_WRITE_OUTSTANDING16_MAX_READ_BURST_LENGTH16_MAX_WRITE_BURST_LENGTH16_C_M_AXI_ID_WIDTH1_C_M_AXI_ADDR_WIDTH64_C_M_AXI_DATA_WIDTH512_C_M_AXI_AWUSER_WIDTH1_C_M_AXI_ARUSER_WIDTH1_C_M_AXI_WUSER_WIDTH1_C_M_AXI_RUSER_WIDTH1_C_M_AXI_BUSER_WIDTH1_C_USER_VALUE0_C_PROT_VALUE0_C_CACHE_VALUE3_USER_DW512_USER_AW64_USER_MAXREQS7_USER_RFIFONUM_WIDTH9_264
gmem0_m_axi_U/clk_gate_load_unit_buff_rdata_genblk1_U_fifo_mem_mem_reg_221_       3.9900     0.0      0.0000       3.9900 0.0000 SNPS_CLOCK_GATE_HIGH_tinytpu_isa_gmem0_m_axi_CONSERVATIVE1_NUM_READ_OUTSTANDING16_NUM_WRITE_OUTSTANDING16_MAX_READ_BURST_LENGTH16_MAX_WRITE_BURST_LENGTH16_C_M_AXI_ID_WIDTH1_C_M_AXI_ADDR_WIDTH64_C_M_AXI_DATA_WIDTH512_C_M_AXI_AWUSER_WIDTH1_C_M_AXI_ARUSER_WIDTH1_C_M_AXI_WUSER_WIDTH1_C_M_AXI_RUSER_WIDTH1_C_M_AXI_BUSER_WIDTH1_C_USER_VALUE0_C_PROT_VALUE0_C_CACHE_VALUE3_USER_DW512_USER_AW64_USER_MAXREQS7_USER_RFIFONUM_WIDTH9_265
gmem0_m_axi_U/clk_gate_load_unit_buff_rdata_genblk1_U_fifo_mem_mem_reg_222_       3.9900     0.0      0.0000       3.9900 0.0000 SNPS_CLOCK_GATE_HIGH_tinytpu_isa_gmem0_m_axi_CONSERVATIVE1_NUM_READ_OUTSTANDING16_NUM_WRITE_OUTSTANDING16_MAX_READ_BURST_LENGTH16_MAX_WRITE_BURST_LENGTH16_C_M_AXI_ID_WIDTH1_C_M_AXI_ADDR_WIDTH64_C_M_AXI_DATA_WIDTH512_C_M_AXI_AWUSER_WIDTH1_C_M_AXI_ARUSER_WIDTH1_C_M_AXI_WUSER_WIDTH1_C_M_AXI_RUSER_WIDTH1_C_M_AXI_BUSER_WIDTH1_C_USER_VALUE0_C_PROT_VALUE0_C_CACHE_VALUE3_USER_DW512_USER_AW64_USER_MAXREQS7_USER_RFIFONUM_WIDTH9_266
gmem0_m_axi_U/clk_gate_load_unit_buff_rdata_genblk1_U_fifo_mem_mem_reg_223_       3.9900     0.0      0.0000       3.9900 0.0000 SNPS_CLOCK_GATE_HIGH_tinytpu_isa_gmem0_m_axi_CONSERVATIVE1_NUM_READ_OUTSTANDING16_NUM_WRITE_OUTSTANDING16_MAX_READ_BURST_LENGTH16_MAX_WRITE_BURST_LENGTH16_C_M_AXI_ID_WIDTH1_C_M_AXI_ADDR_WIDTH64_C_M_AXI_DATA_WIDTH512_C_M_AXI_AWUSER_WIDTH1_C_M_AXI_ARUSER_WIDTH1_C_M_AXI_WUSER_WIDTH1_C_M_AXI_RUSER_WIDTH1_C_M_AXI_BUSER_WIDTH1_C_USER_VALUE0_C_PROT_VALUE0_C_CACHE_VALUE3_USER_DW512_USER_AW64_USER_MAXREQS7_USER_RFIFONUM_WIDTH9_267
gmem0_m_axi_U/clk_gate_load_unit_buff_rdata_genblk1_U_fifo_mem_mem_reg_224_       3.9900     0.0      0.0000       3.9900 0.0000 SNPS_CLOCK_GATE_HIGH_tinytpu_isa_gmem0_m_axi_CONSERVATIVE1_NUM_READ_OUTSTANDING16_NUM_WRITE_OUTSTANDING16_MAX_READ_BURST_LENGTH16_MAX_WRITE_BURST_LENGTH16_C_M_AXI_ID_WIDTH1_C_M_AXI_ADDR_WIDTH64_C_M_AXI_DATA_WIDTH512_C_M_AXI_AWUSER_WIDTH1_C_M_AXI_ARUSER_WIDTH1_C_M_AXI_WUSER_WIDTH1_C_M_AXI_RUSER_WIDTH1_C_M_AXI_BUSER_WIDTH1_C_USER_VALUE0_C_PROT_VALUE0_C_CACHE_VALUE3_USER_DW512_USER_AW64_USER_MAXREQS7_USER_RFIFONUM_WIDTH9_268
gmem0_m_axi_U/clk_gate_load_unit_buff_rdata_genblk1_U_fifo_mem_mem_reg_225_       3.9900     0.0      0.0000       3.9900 0.0000 SNPS_CLOCK_GATE_HIGH_tinytpu_isa_gmem0_m_axi_CONSERVATIVE1_NUM_READ_OUTSTANDING16_NUM_WRITE_OUTSTANDING16_MAX_READ_BURST_LENGTH16_MAX_WRITE_BURST_LENGTH16_C_M_AXI_ID_WIDTH1_C_M_AXI_ADDR_WIDTH64_C_M_AXI_DATA_WIDTH512_C_M_AXI_AWUSER_WIDTH1_C_M_AXI_ARUSER_WIDTH1_C_M_AXI_WUSER_WIDTH1_C_M_AXI_RUSER_WIDTH1_C_M_AXI_BUSER_WIDTH1_C_USER_VALUE0_C_PROT_VALUE0_C_CACHE_VALUE3_USER_DW512_USER_AW64_USER_MAXREQS7_USER_RFIFONUM_WIDTH9_269
gmem0_m_axi_U/clk_gate_load_unit_buff_rdata_genblk1_U_fifo_mem_mem_reg_226_       3.9900     0.0      0.0000       3.9900 0.0000 SNPS_CLOCK_GATE_HIGH_tinytpu_isa_gmem0_m_axi_CONSERVATIVE1_NUM_READ_OUTSTANDING16_NUM_WRITE_OUTSTANDING16_MAX_READ_BURST_LENGTH16_MAX_WRITE_BURST_LENGTH16_C_M_AXI_ID_WIDTH1_C_M_AXI_ADDR_WIDTH64_C_M_AXI_DATA_WIDTH512_C_M_AXI_AWUSER_WIDTH1_C_M_AXI_ARUSER_WIDTH1_C_M_AXI_WUSER_WIDTH1_C_M_AXI_RUSER_WIDTH1_C_M_AXI_BUSER_WIDTH1_C_USER_VALUE0_C_PROT_VALUE0_C_CACHE_VALUE3_USER_DW512_USER_AW64_USER_MAXREQS7_USER_RFIFONUM_WIDTH9_270
gmem0_m_axi_U/clk_gate_load_unit_buff_rdata_genblk1_U_fifo_mem_mem_reg_227_       3.9900     0.0      0.0000       3.9900 0.0000 SNPS_CLOCK_GATE_HIGH_tinytpu_isa_gmem0_m_axi_CONSERVATIVE1_NUM_READ_OUTSTANDING16_NUM_WRITE_OUTSTANDING16_MAX_READ_BURST_LENGTH16_MAX_WRITE_BURST_LENGTH16_C_M_AXI_ID_WIDTH1_C_M_AXI_ADDR_WIDTH64_C_M_AXI_DATA_WIDTH512_C_M_AXI_AWUSER_WIDTH1_C_M_AXI_ARUSER_WIDTH1_C_M_AXI_WUSER_WIDTH1_C_M_AXI_RUSER_WIDTH1_C_M_AXI_BUSER_WIDTH1_C_USER_VALUE0_C_PROT_VALUE0_C_CACHE_VALUE3_USER_DW512_USER_AW64_USER_MAXREQS7_USER_RFIFONUM_WIDTH9_271
gmem0_m_axi_U/clk_gate_load_unit_buff_rdata_genblk1_U_fifo_mem_mem_reg_228_       3.9900     0.0      0.0000       3.9900 0.0000 SNPS_CLOCK_GATE_HIGH_tinytpu_isa_gmem0_m_axi_CONSERVATIVE1_NUM_READ_OUTSTANDING16_NUM_WRITE_OUTSTANDING16_MAX_READ_BURST_LENGTH16_MAX_WRITE_BURST_LENGTH16_C_M_AXI_ID_WIDTH1_C_M_AXI_ADDR_WIDTH64_C_M_AXI_DATA_WIDTH512_C_M_AXI_AWUSER_WIDTH1_C_M_AXI_ARUSER_WIDTH1_C_M_AXI_WUSER_WIDTH1_C_M_AXI_RUSER_WIDTH1_C_M_AXI_BUSER_WIDTH1_C_USER_VALUE0_C_PROT_VALUE0_C_CACHE_VALUE3_USER_DW512_USER_AW64_USER_MAXREQS7_USER_RFIFONUM_WIDTH9_272
gmem0_m_axi_U/clk_gate_load_unit_buff_rdata_genblk1_U_fifo_mem_mem_reg_229_       3.9900     0.0      0.0000       3.9900 0.0000 SNPS_CLOCK_GATE_HIGH_tinytpu_isa_gmem0_m_axi_CONSERVATIVE1_NUM_READ_OUTSTANDING16_NUM_WRITE_OUTSTANDING16_MAX_READ_BURST_LENGTH16_MAX_WRITE_BURST_LENGTH16_C_M_AXI_ID_WIDTH1_C_M_AXI_ADDR_WIDTH64_C_M_AXI_DATA_WIDTH512_C_M_AXI_AWUSER_WIDTH1_C_M_AXI_ARUSER_WIDTH1_C_M_AXI_WUSER_WIDTH1_C_M_AXI_RUSER_WIDTH1_C_M_AXI_BUSER_WIDTH1_C_USER_VALUE0_C_PROT_VALUE0_C_CACHE_VALUE3_USER_DW512_USER_AW64_USER_MAXREQS7_USER_RFIFONUM_WIDTH9_273
gmem0_m_axi_U/clk_gate_load_unit_buff_rdata_genblk1_U_fifo_mem_mem_reg_22_       3.9900     0.0      0.0000       3.9900 0.0000 SNPS_CLOCK_GATE_HIGH_tinytpu_isa_gmem0_m_axi_CONSERVATIVE1_NUM_READ_OUTSTANDING16_NUM_WRITE_OUTSTANDING16_MAX_READ_BURST_LENGTH16_MAX_WRITE_BURST_LENGTH16_C_M_AXI_ID_WIDTH1_C_M_AXI_ADDR_WIDTH64_C_M_AXI_DATA_WIDTH512_C_M_AXI_AWUSER_WIDTH1_C_M_AXI_ARUSER_WIDTH1_C_M_AXI_WUSER_WIDTH1_C_M_AXI_RUSER_WIDTH1_C_M_AXI_BUSER_WIDTH1_C_USER_VALUE0_C_PROT_VALUE0_C_CACHE_VALUE3_USER_DW512_USER_AW64_USER_MAXREQS7_USER_RFIFONUM_WIDTH9_66
gmem0_m_axi_U/clk_gate_load_unit_buff_rdata_genblk1_U_fifo_mem_mem_reg_230_       3.9900     0.0      0.0000       3.9900 0.0000 SNPS_CLOCK_GATE_HIGH_tinytpu_isa_gmem0_m_axi_CONSERVATIVE1_NUM_READ_OUTSTANDING16_NUM_WRITE_OUTSTANDING16_MAX_READ_BURST_LENGTH16_MAX_WRITE_BURST_LENGTH16_C_M_AXI_ID_WIDTH1_C_M_AXI_ADDR_WIDTH64_C_M_AXI_DATA_WIDTH512_C_M_AXI_AWUSER_WIDTH1_C_M_AXI_ARUSER_WIDTH1_C_M_AXI_WUSER_WIDTH1_C_M_AXI_RUSER_WIDTH1_C_M_AXI_BUSER_WIDTH1_C_USER_VALUE0_C_PROT_VALUE0_C_CACHE_VALUE3_USER_DW512_USER_AW64_USER_MAXREQS7_USER_RFIFONUM_WIDTH9_274
gmem0_m_axi_U/clk_gate_load_unit_buff_rdata_genblk1_U_fifo_mem_mem_reg_231_       3.9900     0.0      0.0000       3.9900 0.0000 SNPS_CLOCK_GATE_HIGH_tinytpu_isa_gmem0_m_axi_CONSERVATIVE1_NUM_READ_OUTSTANDING16_NUM_WRITE_OUTSTANDING16_MAX_READ_BURST_LENGTH16_MAX_WRITE_BURST_LENGTH16_C_M_AXI_ID_WIDTH1_C_M_AXI_ADDR_WIDTH64_C_M_AXI_DATA_WIDTH512_C_M_AXI_AWUSER_WIDTH1_C_M_AXI_ARUSER_WIDTH1_C_M_AXI_WUSER_WIDTH1_C_M_AXI_RUSER_WIDTH1_C_M_AXI_BUSER_WIDTH1_C_USER_VALUE0_C_PROT_VALUE0_C_CACHE_VALUE3_USER_DW512_USER_AW64_USER_MAXREQS7_USER_RFIFONUM_WIDTH9_275
gmem0_m_axi_U/clk_gate_load_unit_buff_rdata_genblk1_U_fifo_mem_mem_reg_232_       3.9900     0.0      0.0000       3.9900 0.0000 SNPS_CLOCK_GATE_HIGH_tinytpu_isa_gmem0_m_axi_CONSERVATIVE1_NUM_READ_OUTSTANDING16_NUM_WRITE_OUTSTANDING16_MAX_READ_BURST_LENGTH16_MAX_WRITE_BURST_LENGTH16_C_M_AXI_ID_WIDTH1_C_M_AXI_ADDR_WIDTH64_C_M_AXI_DATA_WIDTH512_C_M_AXI_AWUSER_WIDTH1_C_M_AXI_ARUSER_WIDTH1_C_M_AXI_WUSER_WIDTH1_C_M_AXI_RUSER_WIDTH1_C_M_AXI_BUSER_WIDTH1_C_USER_VALUE0_C_PROT_VALUE0_C_CACHE_VALUE3_USER_DW512_USER_AW64_USER_MAXREQS7_USER_RFIFONUM_WIDTH9_276
gmem0_m_axi_U/clk_gate_load_unit_buff_rdata_genblk1_U_fifo_mem_mem_reg_233_       3.9900     0.0      0.0000       3.9900 0.0000 SNPS_CLOCK_GATE_HIGH_tinytpu_isa_gmem0_m_axi_CONSERVATIVE1_NUM_READ_OUTSTANDING16_NUM_WRITE_OUTSTANDING16_MAX_READ_BURST_LENGTH16_MAX_WRITE_BURST_LENGTH16_C_M_AXI_ID_WIDTH1_C_M_AXI_ADDR_WIDTH64_C_M_AXI_DATA_WIDTH512_C_M_AXI_AWUSER_WIDTH1_C_M_AXI_ARUSER_WIDTH1_C_M_AXI_WUSER_WIDTH1_C_M_AXI_RUSER_WIDTH1_C_M_AXI_BUSER_WIDTH1_C_USER_VALUE0_C_PROT_VALUE0_C_CACHE_VALUE3_USER_DW512_USER_AW64_USER_MAXREQS7_USER_RFIFONUM_WIDTH9_277
gmem0_m_axi_U/clk_gate_load_unit_buff_rdata_genblk1_U_fifo_mem_mem_reg_234_       3.9900     0.0      0.0000       3.9900 0.0000 SNPS_CLOCK_GATE_HIGH_tinytpu_isa_gmem0_m_axi_CONSERVATIVE1_NUM_READ_OUTSTANDING16_NUM_WRITE_OUTSTANDING16_MAX_READ_BURST_LENGTH16_MAX_WRITE_BURST_LENGTH16_C_M_AXI_ID_WIDTH1_C_M_AXI_ADDR_WIDTH64_C_M_AXI_DATA_WIDTH512_C_M_AXI_AWUSER_WIDTH1_C_M_AXI_ARUSER_WIDTH1_C_M_AXI_WUSER_WIDTH1_C_M_AXI_RUSER_WIDTH1_C_M_AXI_BUSER_WIDTH1_C_USER_VALUE0_C_PROT_VALUE0_C_CACHE_VALUE3_USER_DW512_USER_AW64_USER_MAXREQS7_USER_RFIFONUM_WIDTH9_278
gmem0_m_axi_U/clk_gate_load_unit_buff_rdata_genblk1_U_fifo_mem_mem_reg_235_       3.9900     0.0      0.0000       3.9900 0.0000 SNPS_CLOCK_GATE_HIGH_tinytpu_isa_gmem0_m_axi_CONSERVATIVE1_NUM_READ_OUTSTANDING16_NUM_WRITE_OUTSTANDING16_MAX_READ_BURST_LENGTH16_MAX_WRITE_BURST_LENGTH16_C_M_AXI_ID_WIDTH1_C_M_AXI_ADDR_WIDTH64_C_M_AXI_DATA_WIDTH512_C_M_AXI_AWUSER_WIDTH1_C_M_AXI_ARUSER_WIDTH1_C_M_AXI_WUSER_WIDTH1_C_M_AXI_RUSER_WIDTH1_C_M_AXI_BUSER_WIDTH1_C_USER_VALUE0_C_PROT_VALUE0_C_CACHE_VALUE3_USER_DW512_USER_AW64_USER_MAXREQS7_USER_RFIFONUM_WIDTH9_279
gmem0_m_axi_U/clk_gate_load_unit_buff_rdata_genblk1_U_fifo_mem_mem_reg_236_       3.9900     0.0      0.0000       3.9900 0.0000 SNPS_CLOCK_GATE_HIGH_tinytpu_isa_gmem0_m_axi_CONSERVATIVE1_NUM_READ_OUTSTANDING16_NUM_WRITE_OUTSTANDING16_MAX_READ_BURST_LENGTH16_MAX_WRITE_BURST_LENGTH16_C_M_AXI_ID_WIDTH1_C_M_AXI_ADDR_WIDTH64_C_M_AXI_DATA_WIDTH512_C_M_AXI_AWUSER_WIDTH1_C_M_AXI_ARUSER_WIDTH1_C_M_AXI_WUSER_WIDTH1_C_M_AXI_RUSER_WIDTH1_C_M_AXI_BUSER_WIDTH1_C_USER_VALUE0_C_PROT_VALUE0_C_CACHE_VALUE3_USER_DW512_USER_AW64_USER_MAXREQS7_USER_RFIFONUM_WIDTH9_280
gmem0_m_axi_U/clk_gate_load_unit_buff_rdata_genblk1_U_fifo_mem_mem_reg_237_       3.9900     0.0      0.0000       3.9900 0.0000 SNPS_CLOCK_GATE_HIGH_tinytpu_isa_gmem0_m_axi_CONSERVATIVE1_NUM_READ_OUTSTANDING16_NUM_WRITE_OUTSTANDING16_MAX_READ_BURST_LENGTH16_MAX_WRITE_BURST_LENGTH16_C_M_AXI_ID_WIDTH1_C_M_AXI_ADDR_WIDTH64_C_M_AXI_DATA_WIDTH512_C_M_AXI_AWUSER_WIDTH1_C_M_AXI_ARUSER_WIDTH1_C_M_AXI_WUSER_WIDTH1_C_M_AXI_RUSER_WIDTH1_C_M_AXI_BUSER_WIDTH1_C_USER_VALUE0_C_PROT_VALUE0_C_CACHE_VALUE3_USER_DW512_USER_AW64_USER_MAXREQS7_USER_RFIFONUM_WIDTH9_281
gmem0_m_axi_U/clk_gate_load_unit_buff_rdata_genblk1_U_fifo_mem_mem_reg_238_       3.9900     0.0      0.0000       3.9900 0.0000 SNPS_CLOCK_GATE_HIGH_tinytpu_isa_gmem0_m_axi_CONSERVATIVE1_NUM_READ_OUTSTANDING16_NUM_WRITE_OUTSTANDING16_MAX_READ_BURST_LENGTH16_MAX_WRITE_BURST_LENGTH16_C_M_AXI_ID_WIDTH1_C_M_AXI_ADDR_WIDTH64_C_M_AXI_DATA_WIDTH512_C_M_AXI_AWUSER_WIDTH1_C_M_AXI_ARUSER_WIDTH1_C_M_AXI_WUSER_WIDTH1_C_M_AXI_RUSER_WIDTH1_C_M_AXI_BUSER_WIDTH1_C_USER_VALUE0_C_PROT_VALUE0_C_CACHE_VALUE3_USER_DW512_USER_AW64_USER_MAXREQS7_USER_RFIFONUM_WIDTH9_282
gmem0_m_axi_U/clk_gate_load_unit_buff_rdata_genblk1_U_fifo_mem_mem_reg_239_       3.9900     0.0      0.0000       3.9900 0.0000 SNPS_CLOCK_GATE_HIGH_tinytpu_isa_gmem0_m_axi_CONSERVATIVE1_NUM_READ_OUTSTANDING16_NUM_WRITE_OUTSTANDING16_MAX_READ_BURST_LENGTH16_MAX_WRITE_BURST_LENGTH16_C_M_AXI_ID_WIDTH1_C_M_AXI_ADDR_WIDTH64_C_M_AXI_DATA_WIDTH512_C_M_AXI_AWUSER_WIDTH1_C_M_AXI_ARUSER_WIDTH1_C_M_AXI_WUSER_WIDTH1_C_M_AXI_RUSER_WIDTH1_C_M_AXI_BUSER_WIDTH1_C_USER_VALUE0_C_PROT_VALUE0_C_CACHE_VALUE3_USER_DW512_USER_AW64_USER_MAXREQS7_USER_RFIFONUM_WIDTH9_283
gmem0_m_axi_U/clk_gate_load_unit_buff_rdata_genblk1_U_fifo_mem_mem_reg_23_       3.9900     0.0      0.0000       3.9900 0.0000 SNPS_CLOCK_GATE_HIGH_tinytpu_isa_gmem0_m_axi_CONSERVATIVE1_NUM_READ_OUTSTANDING16_NUM_WRITE_OUTSTANDING16_MAX_READ_BURST_LENGTH16_MAX_WRITE_BURST_LENGTH16_C_M_AXI_ID_WIDTH1_C_M_AXI_ADDR_WIDTH64_C_M_AXI_DATA_WIDTH512_C_M_AXI_AWUSER_WIDTH1_C_M_AXI_ARUSER_WIDTH1_C_M_AXI_WUSER_WIDTH1_C_M_AXI_RUSER_WIDTH1_C_M_AXI_BUSER_WIDTH1_C_USER_VALUE0_C_PROT_VALUE0_C_CACHE_VALUE3_USER_DW512_USER_AW64_USER_MAXREQS7_USER_RFIFONUM_WIDTH9_67
gmem0_m_axi_U/clk_gate_load_unit_buff_rdata_genblk1_U_fifo_mem_mem_reg_240_       3.9900     0.0      0.0000       3.9900 0.0000 SNPS_CLOCK_GATE_HIGH_tinytpu_isa_gmem0_m_axi_CONSERVATIVE1_NUM_READ_OUTSTANDING16_NUM_WRITE_OUTSTANDING16_MAX_READ_BURST_LENGTH16_MAX_WRITE_BURST_LENGTH16_C_M_AXI_ID_WIDTH1_C_M_AXI_ADDR_WIDTH64_C_M_AXI_DATA_WIDTH512_C_M_AXI_AWUSER_WIDTH1_C_M_AXI_ARUSER_WIDTH1_C_M_AXI_WUSER_WIDTH1_C_M_AXI_RUSER_WIDTH1_C_M_AXI_BUSER_WIDTH1_C_USER_VALUE0_C_PROT_VALUE0_C_CACHE_VALUE3_USER_DW512_USER_AW64_USER_MAXREQS7_USER_RFIFONUM_WIDTH9_284
gmem0_m_axi_U/clk_gate_load_unit_buff_rdata_genblk1_U_fifo_mem_mem_reg_241_       3.9900     0.0      0.0000       3.9900 0.0000 SNPS_CLOCK_GATE_HIGH_tinytpu_isa_gmem0_m_axi_CONSERVATIVE1_NUM_READ_OUTSTANDING16_NUM_WRITE_OUTSTANDING16_MAX_READ_BURST_LENGTH16_MAX_WRITE_BURST_LENGTH16_C_M_AXI_ID_WIDTH1_C_M_AXI_ADDR_WIDTH64_C_M_AXI_DATA_WIDTH512_C_M_AXI_AWUSER_WIDTH1_C_M_AXI_ARUSER_WIDTH1_C_M_AXI_WUSER_WIDTH1_C_M_AXI_RUSER_WIDTH1_C_M_AXI_BUSER_WIDTH1_C_USER_VALUE0_C_PROT_VALUE0_C_CACHE_VALUE3_USER_DW512_USER_AW64_USER_MAXREQS7_USER_RFIFONUM_WIDTH9_285
gmem0_m_axi_U/clk_gate_load_unit_buff_rdata_genblk1_U_fifo_mem_mem_reg_242_       3.9900     0.0      0.0000       3.9900 0.0000 SNPS_CLOCK_GATE_HIGH_tinytpu_isa_gmem0_m_axi_CONSERVATIVE1_NUM_READ_OUTSTANDING16_NUM_WRITE_OUTSTANDING16_MAX_READ_BURST_LENGTH16_MAX_WRITE_BURST_LENGTH16_C_M_AXI_ID_WIDTH1_C_M_AXI_ADDR_WIDTH64_C_M_AXI_DATA_WIDTH512_C_M_AXI_AWUSER_WIDTH1_C_M_AXI_ARUSER_WIDTH1_C_M_AXI_WUSER_WIDTH1_C_M_AXI_RUSER_WIDTH1_C_M_AXI_BUSER_WIDTH1_C_USER_VALUE0_C_PROT_VALUE0_C_CACHE_VALUE3_USER_DW512_USER_AW64_USER_MAXREQS7_USER_RFIFONUM_WIDTH9_286
gmem0_m_axi_U/clk_gate_load_unit_buff_rdata_genblk1_U_fifo_mem_mem_reg_243_       3.9900     0.0      0.0000       3.9900 0.0000 SNPS_CLOCK_GATE_HIGH_tinytpu_isa_gmem0_m_axi_CONSERVATIVE1_NUM_READ_OUTSTANDING16_NUM_WRITE_OUTSTANDING16_MAX_READ_BURST_LENGTH16_MAX_WRITE_BURST_LENGTH16_C_M_AXI_ID_WIDTH1_C_M_AXI_ADDR_WIDTH64_C_M_AXI_DATA_WIDTH512_C_M_AXI_AWUSER_WIDTH1_C_M_AXI_ARUSER_WIDTH1_C_M_AXI_WUSER_WIDTH1_C_M_AXI_RUSER_WIDTH1_C_M_AXI_BUSER_WIDTH1_C_USER_VALUE0_C_PROT_VALUE0_C_CACHE_VALUE3_USER_DW512_USER_AW64_USER_MAXREQS7_USER_RFIFONUM_WIDTH9_287
gmem0_m_axi_U/clk_gate_load_unit_buff_rdata_genblk1_U_fifo_mem_mem_reg_244_       3.9900     0.0      0.0000       3.9900 0.0000 SNPS_CLOCK_GATE_HIGH_tinytpu_isa_gmem0_m_axi_CONSERVATIVE1_NUM_READ_OUTSTANDING16_NUM_WRITE_OUTSTANDING16_MAX_READ_BURST_LENGTH16_MAX_WRITE_BURST_LENGTH16_C_M_AXI_ID_WIDTH1_C_M_AXI_ADDR_WIDTH64_C_M_AXI_DATA_WIDTH512_C_M_AXI_AWUSER_WIDTH1_C_M_AXI_ARUSER_WIDTH1_C_M_AXI_WUSER_WIDTH1_C_M_AXI_RUSER_WIDTH1_C_M_AXI_BUSER_WIDTH1_C_USER_VALUE0_C_PROT_VALUE0_C_CACHE_VALUE3_USER_DW512_USER_AW64_USER_MAXREQS7_USER_RFIFONUM_WIDTH9_288
gmem0_m_axi_U/clk_gate_load_unit_buff_rdata_genblk1_U_fifo_mem_mem_reg_245_       3.9900     0.0      0.0000       3.9900 0.0000 SNPS_CLOCK_GATE_HIGH_tinytpu_isa_gmem0_m_axi_CONSERVATIVE1_NUM_READ_OUTSTANDING16_NUM_WRITE_OUTSTANDING16_MAX_READ_BURST_LENGTH16_MAX_WRITE_BURST_LENGTH16_C_M_AXI_ID_WIDTH1_C_M_AXI_ADDR_WIDTH64_C_M_AXI_DATA_WIDTH512_C_M_AXI_AWUSER_WIDTH1_C_M_AXI_ARUSER_WIDTH1_C_M_AXI_WUSER_WIDTH1_C_M_AXI_RUSER_WIDTH1_C_M_AXI_BUSER_WIDTH1_C_USER_VALUE0_C_PROT_VALUE0_C_CACHE_VALUE3_USER_DW512_USER_AW64_USER_MAXREQS7_USER_RFIFONUM_WIDTH9_289
gmem0_m_axi_U/clk_gate_load_unit_buff_rdata_genblk1_U_fifo_mem_mem_reg_246_       3.9900     0.0      0.0000       3.9900 0.0000 SNPS_CLOCK_GATE_HIGH_tinytpu_isa_gmem0_m_axi_CONSERVATIVE1_NUM_READ_OUTSTANDING16_NUM_WRITE_OUTSTANDING16_MAX_READ_BURST_LENGTH16_MAX_WRITE_BURST_LENGTH16_C_M_AXI_ID_WIDTH1_C_M_AXI_ADDR_WIDTH64_C_M_AXI_DATA_WIDTH512_C_M_AXI_AWUSER_WIDTH1_C_M_AXI_ARUSER_WIDTH1_C_M_AXI_WUSER_WIDTH1_C_M_AXI_RUSER_WIDTH1_C_M_AXI_BUSER_WIDTH1_C_USER_VALUE0_C_PROT_VALUE0_C_CACHE_VALUE3_USER_DW512_USER_AW64_USER_MAXREQS7_USER_RFIFONUM_WIDTH9_290
gmem0_m_axi_U/clk_gate_load_unit_buff_rdata_genblk1_U_fifo_mem_mem_reg_247_       3.9900     0.0      0.0000       3.9900 0.0000 SNPS_CLOCK_GATE_HIGH_tinytpu_isa_gmem0_m_axi_CONSERVATIVE1_NUM_READ_OUTSTANDING16_NUM_WRITE_OUTSTANDING16_MAX_READ_BURST_LENGTH16_MAX_WRITE_BURST_LENGTH16_C_M_AXI_ID_WIDTH1_C_M_AXI_ADDR_WIDTH64_C_M_AXI_DATA_WIDTH512_C_M_AXI_AWUSER_WIDTH1_C_M_AXI_ARUSER_WIDTH1_C_M_AXI_WUSER_WIDTH1_C_M_AXI_RUSER_WIDTH1_C_M_AXI_BUSER_WIDTH1_C_USER_VALUE0_C_PROT_VALUE0_C_CACHE_VALUE3_USER_DW512_USER_AW64_USER_MAXREQS7_USER_RFIFONUM_WIDTH9_291
gmem0_m_axi_U/clk_gate_load_unit_buff_rdata_genblk1_U_fifo_mem_mem_reg_248_       3.9900     0.0      0.0000       3.9900 0.0000 SNPS_CLOCK_GATE_HIGH_tinytpu_isa_gmem0_m_axi_CONSERVATIVE1_NUM_READ_OUTSTANDING16_NUM_WRITE_OUTSTANDING16_MAX_READ_BURST_LENGTH16_MAX_WRITE_BURST_LENGTH16_C_M_AXI_ID_WIDTH1_C_M_AXI_ADDR_WIDTH64_C_M_AXI_DATA_WIDTH512_C_M_AXI_AWUSER_WIDTH1_C_M_AXI_ARUSER_WIDTH1_C_M_AXI_WUSER_WIDTH1_C_M_AXI_RUSER_WIDTH1_C_M_AXI_BUSER_WIDTH1_C_USER_VALUE0_C_PROT_VALUE0_C_CACHE_VALUE3_USER_DW512_USER_AW64_USER_MAXREQS7_USER_RFIFONUM_WIDTH9_292
gmem0_m_axi_U/clk_gate_load_unit_buff_rdata_genblk1_U_fifo_mem_mem_reg_249_       3.9900     0.0      0.0000       3.9900 0.0000 SNPS_CLOCK_GATE_HIGH_tinytpu_isa_gmem0_m_axi_CONSERVATIVE1_NUM_READ_OUTSTANDING16_NUM_WRITE_OUTSTANDING16_MAX_READ_BURST_LENGTH16_MAX_WRITE_BURST_LENGTH16_C_M_AXI_ID_WIDTH1_C_M_AXI_ADDR_WIDTH64_C_M_AXI_DATA_WIDTH512_C_M_AXI_AWUSER_WIDTH1_C_M_AXI_ARUSER_WIDTH1_C_M_AXI_WUSER_WIDTH1_C_M_AXI_RUSER_WIDTH1_C_M_AXI_BUSER_WIDTH1_C_USER_VALUE0_C_PROT_VALUE0_C_CACHE_VALUE3_USER_DW512_USER_AW64_USER_MAXREQS7_USER_RFIFONUM_WIDTH9_293
gmem0_m_axi_U/clk_gate_load_unit_buff_rdata_genblk1_U_fifo_mem_mem_reg_24_       3.9900     0.0      0.0000       3.9900 0.0000 SNPS_CLOCK_GATE_HIGH_tinytpu_isa_gmem0_m_axi_CONSERVATIVE1_NUM_READ_OUTSTANDING16_NUM_WRITE_OUTSTANDING16_MAX_READ_BURST_LENGTH16_MAX_WRITE_BURST_LENGTH16_C_M_AXI_ID_WIDTH1_C_M_AXI_ADDR_WIDTH64_C_M_AXI_DATA_WIDTH512_C_M_AXI_AWUSER_WIDTH1_C_M_AXI_ARUSER_WIDTH1_C_M_AXI_WUSER_WIDTH1_C_M_AXI_RUSER_WIDTH1_C_M_AXI_BUSER_WIDTH1_C_USER_VALUE0_C_PROT_VALUE0_C_CACHE_VALUE3_USER_DW512_USER_AW64_USER_MAXREQS7_USER_RFIFONUM_WIDTH9_68
gmem0_m_axi_U/clk_gate_load_unit_buff_rdata_genblk1_U_fifo_mem_mem_reg_250_       3.9900     0.0      0.0000       3.9900 0.0000 SNPS_CLOCK_GATE_HIGH_tinytpu_isa_gmem0_m_axi_CONSERVATIVE1_NUM_READ_OUTSTANDING16_NUM_WRITE_OUTSTANDING16_MAX_READ_BURST_LENGTH16_MAX_WRITE_BURST_LENGTH16_C_M_AXI_ID_WIDTH1_C_M_AXI_ADDR_WIDTH64_C_M_AXI_DATA_WIDTH512_C_M_AXI_AWUSER_WIDTH1_C_M_AXI_ARUSER_WIDTH1_C_M_AXI_WUSER_WIDTH1_C_M_AXI_RUSER_WIDTH1_C_M_AXI_BUSER_WIDTH1_C_USER_VALUE0_C_PROT_VALUE0_C_CACHE_VALUE3_USER_DW512_USER_AW64_USER_MAXREQS7_USER_RFIFONUM_WIDTH9_294
gmem0_m_axi_U/clk_gate_load_unit_buff_rdata_genblk1_U_fifo_mem_mem_reg_251_       3.9900     0.0      0.0000       3.9900 0.0000 SNPS_CLOCK_GATE_HIGH_tinytpu_isa_gmem0_m_axi_CONSERVATIVE1_NUM_READ_OUTSTANDING16_NUM_WRITE_OUTSTANDING16_MAX_READ_BURST_LENGTH16_MAX_WRITE_BURST_LENGTH16_C_M_AXI_ID_WIDTH1_C_M_AXI_ADDR_WIDTH64_C_M_AXI_DATA_WIDTH512_C_M_AXI_AWUSER_WIDTH1_C_M_AXI_ARUSER_WIDTH1_C_M_AXI_WUSER_WIDTH1_C_M_AXI_RUSER_WIDTH1_C_M_AXI_BUSER_WIDTH1_C_USER_VALUE0_C_PROT_VALUE0_C_CACHE_VALUE3_USER_DW512_USER_AW64_USER_MAXREQS7_USER_RFIFONUM_WIDTH9_295
gmem0_m_axi_U/clk_gate_load_unit_buff_rdata_genblk1_U_fifo_mem_mem_reg_252_       3.9900     0.0      0.0000       3.9900 0.0000 SNPS_CLOCK_GATE_HIGH_tinytpu_isa_gmem0_m_axi_CONSERVATIVE1_NUM_READ_OUTSTANDING16_NUM_WRITE_OUTSTANDING16_MAX_READ_BURST_LENGTH16_MAX_WRITE_BURST_LENGTH16_C_M_AXI_ID_WIDTH1_C_M_AXI_ADDR_WIDTH64_C_M_AXI_DATA_WIDTH512_C_M_AXI_AWUSER_WIDTH1_C_M_AXI_ARUSER_WIDTH1_C_M_AXI_WUSER_WIDTH1_C_M_AXI_RUSER_WIDTH1_C_M_AXI_BUSER_WIDTH1_C_USER_VALUE0_C_PROT_VALUE0_C_CACHE_VALUE3_USER_DW512_USER_AW64_USER_MAXREQS7_USER_RFIFONUM_WIDTH9_296
gmem0_m_axi_U/clk_gate_load_unit_buff_rdata_genblk1_U_fifo_mem_mem_reg_253_       3.9900     0.0      0.0000       3.9900 0.0000 SNPS_CLOCK_GATE_HIGH_tinytpu_isa_gmem0_m_axi_CONSERVATIVE1_NUM_READ_OUTSTANDING16_NUM_WRITE_OUTSTANDING16_MAX_READ_BURST_LENGTH16_MAX_WRITE_BURST_LENGTH16_C_M_AXI_ID_WIDTH1_C_M_AXI_ADDR_WIDTH64_C_M_AXI_DATA_WIDTH512_C_M_AXI_AWUSER_WIDTH1_C_M_AXI_ARUSER_WIDTH1_C_M_AXI_WUSER_WIDTH1_C_M_AXI_RUSER_WIDTH1_C_M_AXI_BUSER_WIDTH1_C_USER_VALUE0_C_PROT_VALUE0_C_CACHE_VALUE3_USER_DW512_USER_AW64_USER_MAXREQS7_USER_RFIFONUM_WIDTH9_297
gmem0_m_axi_U/clk_gate_load_unit_buff_rdata_genblk1_U_fifo_mem_mem_reg_254_       3.9900     0.0      0.0000       3.9900 0.0000 SNPS_CLOCK_GATE_HIGH_tinytpu_isa_gmem0_m_axi_CONSERVATIVE1_NUM_READ_OUTSTANDING16_NUM_WRITE_OUTSTANDING16_MAX_READ_BURST_LENGTH16_MAX_WRITE_BURST_LENGTH16_C_M_AXI_ID_WIDTH1_C_M_AXI_ADDR_WIDTH64_C_M_AXI_DATA_WIDTH512_C_M_AXI_AWUSER_WIDTH1_C_M_AXI_ARUSER_WIDTH1_C_M_AXI_WUSER_WIDTH1_C_M_AXI_RUSER_WIDTH1_C_M_AXI_BUSER_WIDTH1_C_USER_VALUE0_C_PROT_VALUE0_C_CACHE_VALUE3_USER_DW512_USER_AW64_USER_MAXREQS7_USER_RFIFONUM_WIDTH9_298
gmem0_m_axi_U/clk_gate_load_unit_buff_rdata_genblk1_U_fifo_mem_mem_reg_25_       3.9900     0.0      0.0000       3.9900 0.0000 SNPS_CLOCK_GATE_HIGH_tinytpu_isa_gmem0_m_axi_CONSERVATIVE1_NUM_READ_OUTSTANDING16_NUM_WRITE_OUTSTANDING16_MAX_READ_BURST_LENGTH16_MAX_WRITE_BURST_LENGTH16_C_M_AXI_ID_WIDTH1_C_M_AXI_ADDR_WIDTH64_C_M_AXI_DATA_WIDTH512_C_M_AXI_AWUSER_WIDTH1_C_M_AXI_ARUSER_WIDTH1_C_M_AXI_WUSER_WIDTH1_C_M_AXI_RUSER_WIDTH1_C_M_AXI_BUSER_WIDTH1_C_USER_VALUE0_C_PROT_VALUE0_C_CACHE_VALUE3_USER_DW512_USER_AW64_USER_MAXREQS7_USER_RFIFONUM_WIDTH9_69
gmem0_m_axi_U/clk_gate_load_unit_buff_rdata_genblk1_U_fifo_mem_mem_reg_26_       3.9900     0.0      0.0000       3.9900 0.0000 SNPS_CLOCK_GATE_HIGH_tinytpu_isa_gmem0_m_axi_CONSERVATIVE1_NUM_READ_OUTSTANDING16_NUM_WRITE_OUTSTANDING16_MAX_READ_BURST_LENGTH16_MAX_WRITE_BURST_LENGTH16_C_M_AXI_ID_WIDTH1_C_M_AXI_ADDR_WIDTH64_C_M_AXI_DATA_WIDTH512_C_M_AXI_AWUSER_WIDTH1_C_M_AXI_ARUSER_WIDTH1_C_M_AXI_WUSER_WIDTH1_C_M_AXI_RUSER_WIDTH1_C_M_AXI_BUSER_WIDTH1_C_USER_VALUE0_C_PROT_VALUE0_C_CACHE_VALUE3_USER_DW512_USER_AW64_USER_MAXREQS7_USER_RFIFONUM_WIDTH9_70
gmem0_m_axi_U/clk_gate_load_unit_buff_rdata_genblk1_U_fifo_mem_mem_reg_27_       3.9900     0.0      0.0000       3.9900 0.0000 SNPS_CLOCK_GATE_HIGH_tinytpu_isa_gmem0_m_axi_CONSERVATIVE1_NUM_READ_OUTSTANDING16_NUM_WRITE_OUTSTANDING16_MAX_READ_BURST_LENGTH16_MAX_WRITE_BURST_LENGTH16_C_M_AXI_ID_WIDTH1_C_M_AXI_ADDR_WIDTH64_C_M_AXI_DATA_WIDTH512_C_M_AXI_AWUSER_WIDTH1_C_M_AXI_ARUSER_WIDTH1_C_M_AXI_WUSER_WIDTH1_C_M_AXI_RUSER_WIDTH1_C_M_AXI_BUSER_WIDTH1_C_USER_VALUE0_C_PROT_VALUE0_C_CACHE_VALUE3_USER_DW512_USER_AW64_USER_MAXREQS7_USER_RFIFONUM_WIDTH9_71
gmem0_m_axi_U/clk_gate_load_unit_buff_rdata_genblk1_U_fifo_mem_mem_reg_28_       3.9900     0.0      0.0000       3.9900 0.0000 SNPS_CLOCK_GATE_HIGH_tinytpu_isa_gmem0_m_axi_CONSERVATIVE1_NUM_READ_OUTSTANDING16_NUM_WRITE_OUTSTANDING16_MAX_READ_BURST_LENGTH16_MAX_WRITE_BURST_LENGTH16_C_M_AXI_ID_WIDTH1_C_M_AXI_ADDR_WIDTH64_C_M_AXI_DATA_WIDTH512_C_M_AXI_AWUSER_WIDTH1_C_M_AXI_ARUSER_WIDTH1_C_M_AXI_WUSER_WIDTH1_C_M_AXI_RUSER_WIDTH1_C_M_AXI_BUSER_WIDTH1_C_USER_VALUE0_C_PROT_VALUE0_C_CACHE_VALUE3_USER_DW512_USER_AW64_USER_MAXREQS7_USER_RFIFONUM_WIDTH9_72
gmem0_m_axi_U/clk_gate_load_unit_buff_rdata_genblk1_U_fifo_mem_mem_reg_29_       3.9900     0.0      0.0000       3.9900 0.0000 SNPS_CLOCK_GATE_HIGH_tinytpu_isa_gmem0_m_axi_CONSERVATIVE1_NUM_READ_OUTSTANDING16_NUM_WRITE_OUTSTANDING16_MAX_READ_BURST_LENGTH16_MAX_WRITE_BURST_LENGTH16_C_M_AXI_ID_WIDTH1_C_M_AXI_ADDR_WIDTH64_C_M_AXI_DATA_WIDTH512_C_M_AXI_AWUSER_WIDTH1_C_M_AXI_ARUSER_WIDTH1_C_M_AXI_WUSER_WIDTH1_C_M_AXI_RUSER_WIDTH1_C_M_AXI_BUSER_WIDTH1_C_USER_VALUE0_C_PROT_VALUE0_C_CACHE_VALUE3_USER_DW512_USER_AW64_USER_MAXREQS7_USER_RFIFONUM_WIDTH9_73
gmem0_m_axi_U/clk_gate_load_unit_buff_rdata_genblk1_U_fifo_mem_mem_reg_2_       3.9900     0.0      0.0000       3.9900 0.0000 SNPS_CLOCK_GATE_HIGH_tinytpu_isa_gmem0_m_axi_CONSERVATIVE1_NUM_READ_OUTSTANDING16_NUM_WRITE_OUTSTANDING16_MAX_READ_BURST_LENGTH16_MAX_WRITE_BURST_LENGTH16_C_M_AXI_ID_WIDTH1_C_M_AXI_ADDR_WIDTH64_C_M_AXI_DATA_WIDTH512_C_M_AXI_AWUSER_WIDTH1_C_M_AXI_ARUSER_WIDTH1_C_M_AXI_WUSER_WIDTH1_C_M_AXI_RUSER_WIDTH1_C_M_AXI_BUSER_WIDTH1_C_USER_VALUE0_C_PROT_VALUE0_C_CACHE_VALUE3_USER_DW512_USER_AW64_USER_MAXREQS7_USER_RFIFONUM_WIDTH9_46
gmem0_m_axi_U/clk_gate_load_unit_buff_rdata_genblk1_U_fifo_mem_mem_reg_30_       3.9900     0.0      0.0000       3.9900 0.0000 SNPS_CLOCK_GATE_HIGH_tinytpu_isa_gmem0_m_axi_CONSERVATIVE1_NUM_READ_OUTSTANDING16_NUM_WRITE_OUTSTANDING16_MAX_READ_BURST_LENGTH16_MAX_WRITE_BURST_LENGTH16_C_M_AXI_ID_WIDTH1_C_M_AXI_ADDR_WIDTH64_C_M_AXI_DATA_WIDTH512_C_M_AXI_AWUSER_WIDTH1_C_M_AXI_ARUSER_WIDTH1_C_M_AXI_WUSER_WIDTH1_C_M_AXI_RUSER_WIDTH1_C_M_AXI_BUSER_WIDTH1_C_USER_VALUE0_C_PROT_VALUE0_C_CACHE_VALUE3_USER_DW512_USER_AW64_USER_MAXREQS7_USER_RFIFONUM_WIDTH9_74
gmem0_m_axi_U/clk_gate_load_unit_buff_rdata_genblk1_U_fifo_mem_mem_reg_31_       3.9900     0.0      0.0000       3.9900 0.0000 SNPS_CLOCK_GATE_HIGH_tinytpu_isa_gmem0_m_axi_CONSERVATIVE1_NUM_READ_OUTSTANDING16_NUM_WRITE_OUTSTANDING16_MAX_READ_BURST_LENGTH16_MAX_WRITE_BURST_LENGTH16_C_M_AXI_ID_WIDTH1_C_M_AXI_ADDR_WIDTH64_C_M_AXI_DATA_WIDTH512_C_M_AXI_AWUSER_WIDTH1_C_M_AXI_ARUSER_WIDTH1_C_M_AXI_WUSER_WIDTH1_C_M_AXI_RUSER_WIDTH1_C_M_AXI_BUSER_WIDTH1_C_USER_VALUE0_C_PROT_VALUE0_C_CACHE_VALUE3_USER_DW512_USER_AW64_USER_MAXREQS7_USER_RFIFONUM_WIDTH9_75
gmem0_m_axi_U/clk_gate_load_unit_buff_rdata_genblk1_U_fifo_mem_mem_reg_32_       3.9900     0.0      0.0000       3.9900 0.0000 SNPS_CLOCK_GATE_HIGH_tinytpu_isa_gmem0_m_axi_CONSERVATIVE1_NUM_READ_OUTSTANDING16_NUM_WRITE_OUTSTANDING16_MAX_READ_BURST_LENGTH16_MAX_WRITE_BURST_LENGTH16_C_M_AXI_ID_WIDTH1_C_M_AXI_ADDR_WIDTH64_C_M_AXI_DATA_WIDTH512_C_M_AXI_AWUSER_WIDTH1_C_M_AXI_ARUSER_WIDTH1_C_M_AXI_WUSER_WIDTH1_C_M_AXI_RUSER_WIDTH1_C_M_AXI_BUSER_WIDTH1_C_USER_VALUE0_C_PROT_VALUE0_C_CACHE_VALUE3_USER_DW512_USER_AW64_USER_MAXREQS7_USER_RFIFONUM_WIDTH9_76
gmem0_m_axi_U/clk_gate_load_unit_buff_rdata_genblk1_U_fifo_mem_mem_reg_33_       3.9900     0.0      0.0000       3.9900 0.0000 SNPS_CLOCK_GATE_HIGH_tinytpu_isa_gmem0_m_axi_CONSERVATIVE1_NUM_READ_OUTSTANDING16_NUM_WRITE_OUTSTANDING16_MAX_READ_BURST_LENGTH16_MAX_WRITE_BURST_LENGTH16_C_M_AXI_ID_WIDTH1_C_M_AXI_ADDR_WIDTH64_C_M_AXI_DATA_WIDTH512_C_M_AXI_AWUSER_WIDTH1_C_M_AXI_ARUSER_WIDTH1_C_M_AXI_WUSER_WIDTH1_C_M_AXI_RUSER_WIDTH1_C_M_AXI_BUSER_WIDTH1_C_USER_VALUE0_C_PROT_VALUE0_C_CACHE_VALUE3_USER_DW512_USER_AW64_USER_MAXREQS7_USER_RFIFONUM_WIDTH9_77
gmem0_m_axi_U/clk_gate_load_unit_buff_rdata_genblk1_U_fifo_mem_mem_reg_34_       3.9900     0.0      0.0000       3.9900 0.0000 SNPS_CLOCK_GATE_HIGH_tinytpu_isa_gmem0_m_axi_CONSERVATIVE1_NUM_READ_OUTSTANDING16_NUM_WRITE_OUTSTANDING16_MAX_READ_BURST_LENGTH16_MAX_WRITE_BURST_LENGTH16_C_M_AXI_ID_WIDTH1_C_M_AXI_ADDR_WIDTH64_C_M_AXI_DATA_WIDTH512_C_M_AXI_AWUSER_WIDTH1_C_M_AXI_ARUSER_WIDTH1_C_M_AXI_WUSER_WIDTH1_C_M_AXI_RUSER_WIDTH1_C_M_AXI_BUSER_WIDTH1_C_USER_VALUE0_C_PROT_VALUE0_C_CACHE_VALUE3_USER_DW512_USER_AW64_USER_MAXREQS7_USER_RFIFONUM_WIDTH9_78
gmem0_m_axi_U/clk_gate_load_unit_buff_rdata_genblk1_U_fifo_mem_mem_reg_35_       3.9900     0.0      0.0000       3.9900 0.0000 SNPS_CLOCK_GATE_HIGH_tinytpu_isa_gmem0_m_axi_CONSERVATIVE1_NUM_READ_OUTSTANDING16_NUM_WRITE_OUTSTANDING16_MAX_READ_BURST_LENGTH16_MAX_WRITE_BURST_LENGTH16_C_M_AXI_ID_WIDTH1_C_M_AXI_ADDR_WIDTH64_C_M_AXI_DATA_WIDTH512_C_M_AXI_AWUSER_WIDTH1_C_M_AXI_ARUSER_WIDTH1_C_M_AXI_WUSER_WIDTH1_C_M_AXI_RUSER_WIDTH1_C_M_AXI_BUSER_WIDTH1_C_USER_VALUE0_C_PROT_VALUE0_C_CACHE_VALUE3_USER_DW512_USER_AW64_USER_MAXREQS7_USER_RFIFONUM_WIDTH9_79
gmem0_m_axi_U/clk_gate_load_unit_buff_rdata_genblk1_U_fifo_mem_mem_reg_36_       3.9900     0.0      0.0000       3.9900 0.0000 SNPS_CLOCK_GATE_HIGH_tinytpu_isa_gmem0_m_axi_CONSERVATIVE1_NUM_READ_OUTSTANDING16_NUM_WRITE_OUTSTANDING16_MAX_READ_BURST_LENGTH16_MAX_WRITE_BURST_LENGTH16_C_M_AXI_ID_WIDTH1_C_M_AXI_ADDR_WIDTH64_C_M_AXI_DATA_WIDTH512_C_M_AXI_AWUSER_WIDTH1_C_M_AXI_ARUSER_WIDTH1_C_M_AXI_WUSER_WIDTH1_C_M_AXI_RUSER_WIDTH1_C_M_AXI_BUSER_WIDTH1_C_USER_VALUE0_C_PROT_VALUE0_C_CACHE_VALUE3_USER_DW512_USER_AW64_USER_MAXREQS7_USER_RFIFONUM_WIDTH9_80
gmem0_m_axi_U/clk_gate_load_unit_buff_rdata_genblk1_U_fifo_mem_mem_reg_37_       3.9900     0.0      0.0000       3.9900 0.0000 SNPS_CLOCK_GATE_HIGH_tinytpu_isa_gmem0_m_axi_CONSERVATIVE1_NUM_READ_OUTSTANDING16_NUM_WRITE_OUTSTANDING16_MAX_READ_BURST_LENGTH16_MAX_WRITE_BURST_LENGTH16_C_M_AXI_ID_WIDTH1_C_M_AXI_ADDR_WIDTH64_C_M_AXI_DATA_WIDTH512_C_M_AXI_AWUSER_WIDTH1_C_M_AXI_ARUSER_WIDTH1_C_M_AXI_WUSER_WIDTH1_C_M_AXI_RUSER_WIDTH1_C_M_AXI_BUSER_WIDTH1_C_USER_VALUE0_C_PROT_VALUE0_C_CACHE_VALUE3_USER_DW512_USER_AW64_USER_MAXREQS7_USER_RFIFONUM_WIDTH9_81
gmem0_m_axi_U/clk_gate_load_unit_buff_rdata_genblk1_U_fifo_mem_mem_reg_38_       3.9900     0.0      0.0000       3.9900 0.0000 SNPS_CLOCK_GATE_HIGH_tinytpu_isa_gmem0_m_axi_CONSERVATIVE1_NUM_READ_OUTSTANDING16_NUM_WRITE_OUTSTANDING16_MAX_READ_BURST_LENGTH16_MAX_WRITE_BURST_LENGTH16_C_M_AXI_ID_WIDTH1_C_M_AXI_ADDR_WIDTH64_C_M_AXI_DATA_WIDTH512_C_M_AXI_AWUSER_WIDTH1_C_M_AXI_ARUSER_WIDTH1_C_M_AXI_WUSER_WIDTH1_C_M_AXI_RUSER_WIDTH1_C_M_AXI_BUSER_WIDTH1_C_USER_VALUE0_C_PROT_VALUE0_C_CACHE_VALUE3_USER_DW512_USER_AW64_USER_MAXREQS7_USER_RFIFONUM_WIDTH9_82
gmem0_m_axi_U/clk_gate_load_unit_buff_rdata_genblk1_U_fifo_mem_mem_reg_39_       3.9900     0.0      0.0000       3.9900 0.0000 SNPS_CLOCK_GATE_HIGH_tinytpu_isa_gmem0_m_axi_CONSERVATIVE1_NUM_READ_OUTSTANDING16_NUM_WRITE_OUTSTANDING16_MAX_READ_BURST_LENGTH16_MAX_WRITE_BURST_LENGTH16_C_M_AXI_ID_WIDTH1_C_M_AXI_ADDR_WIDTH64_C_M_AXI_DATA_WIDTH512_C_M_AXI_AWUSER_WIDTH1_C_M_AXI_ARUSER_WIDTH1_C_M_AXI_WUSER_WIDTH1_C_M_AXI_RUSER_WIDTH1_C_M_AXI_BUSER_WIDTH1_C_USER_VALUE0_C_PROT_VALUE0_C_CACHE_VALUE3_USER_DW512_USER_AW64_USER_MAXREQS7_USER_RFIFONUM_WIDTH9_83
gmem0_m_axi_U/clk_gate_load_unit_buff_rdata_genblk1_U_fifo_mem_mem_reg_3_       3.9900     0.0      0.0000       3.9900 0.0000 SNPS_CLOCK_GATE_HIGH_tinytpu_isa_gmem0_m_axi_CONSERVATIVE1_NUM_READ_OUTSTANDING16_NUM_WRITE_OUTSTANDING16_MAX_READ_BURST_LENGTH16_MAX_WRITE_BURST_LENGTH16_C_M_AXI_ID_WIDTH1_C_M_AXI_ADDR_WIDTH64_C_M_AXI_DATA_WIDTH512_C_M_AXI_AWUSER_WIDTH1_C_M_AXI_ARUSER_WIDTH1_C_M_AXI_WUSER_WIDTH1_C_M_AXI_RUSER_WIDTH1_C_M_AXI_BUSER_WIDTH1_C_USER_VALUE0_C_PROT_VALUE0_C_CACHE_VALUE3_USER_DW512_USER_AW64_USER_MAXREQS7_USER_RFIFONUM_WIDTH9_47
gmem0_m_axi_U/clk_gate_load_unit_buff_rdata_genblk1_U_fifo_mem_mem_reg_40_       3.9900     0.0      0.0000       3.9900 0.0000 SNPS_CLOCK_GATE_HIGH_tinytpu_isa_gmem0_m_axi_CONSERVATIVE1_NUM_READ_OUTSTANDING16_NUM_WRITE_OUTSTANDING16_MAX_READ_BURST_LENGTH16_MAX_WRITE_BURST_LENGTH16_C_M_AXI_ID_WIDTH1_C_M_AXI_ADDR_WIDTH64_C_M_AXI_DATA_WIDTH512_C_M_AXI_AWUSER_WIDTH1_C_M_AXI_ARUSER_WIDTH1_C_M_AXI_WUSER_WIDTH1_C_M_AXI_RUSER_WIDTH1_C_M_AXI_BUSER_WIDTH1_C_USER_VALUE0_C_PROT_VALUE0_C_CACHE_VALUE3_USER_DW512_USER_AW64_USER_MAXREQS7_USER_RFIFONUM_WIDTH9_84
gmem0_m_axi_U/clk_gate_load_unit_buff_rdata_genblk1_U_fifo_mem_mem_reg_41_       3.9900     0.0      0.0000       3.9900 0.0000 SNPS_CLOCK_GATE_HIGH_tinytpu_isa_gmem0_m_axi_CONSERVATIVE1_NUM_READ_OUTSTANDING16_NUM_WRITE_OUTSTANDING16_MAX_READ_BURST_LENGTH16_MAX_WRITE_BURST_LENGTH16_C_M_AXI_ID_WIDTH1_C_M_AXI_ADDR_WIDTH64_C_M_AXI_DATA_WIDTH512_C_M_AXI_AWUSER_WIDTH1_C_M_AXI_ARUSER_WIDTH1_C_M_AXI_WUSER_WIDTH1_C_M_AXI_RUSER_WIDTH1_C_M_AXI_BUSER_WIDTH1_C_USER_VALUE0_C_PROT_VALUE0_C_CACHE_VALUE3_USER_DW512_USER_AW64_USER_MAXREQS7_USER_RFIFONUM_WIDTH9_85
gmem0_m_axi_U/clk_gate_load_unit_buff_rdata_genblk1_U_fifo_mem_mem_reg_42_       3.9900     0.0      0.0000       3.9900 0.0000 SNPS_CLOCK_GATE_HIGH_tinytpu_isa_gmem0_m_axi_CONSERVATIVE1_NUM_READ_OUTSTANDING16_NUM_WRITE_OUTSTANDING16_MAX_READ_BURST_LENGTH16_MAX_WRITE_BURST_LENGTH16_C_M_AXI_ID_WIDTH1_C_M_AXI_ADDR_WIDTH64_C_M_AXI_DATA_WIDTH512_C_M_AXI_AWUSER_WIDTH1_C_M_AXI_ARUSER_WIDTH1_C_M_AXI_WUSER_WIDTH1_C_M_AXI_RUSER_WIDTH1_C_M_AXI_BUSER_WIDTH1_C_USER_VALUE0_C_PROT_VALUE0_C_CACHE_VALUE3_USER_DW512_USER_AW64_USER_MAXREQS7_USER_RFIFONUM_WIDTH9_86
gmem0_m_axi_U/clk_gate_load_unit_buff_rdata_genblk1_U_fifo_mem_mem_reg_43_       3.9900     0.0      0.0000       3.9900 0.0000 SNPS_CLOCK_GATE_HIGH_tinytpu_isa_gmem0_m_axi_CONSERVATIVE1_NUM_READ_OUTSTANDING16_NUM_WRITE_OUTSTANDING16_MAX_READ_BURST_LENGTH16_MAX_WRITE_BURST_LENGTH16_C_M_AXI_ID_WIDTH1_C_M_AXI_ADDR_WIDTH64_C_M_AXI_DATA_WIDTH512_C_M_AXI_AWUSER_WIDTH1_C_M_AXI_ARUSER_WIDTH1_C_M_AXI_WUSER_WIDTH1_C_M_AXI_RUSER_WIDTH1_C_M_AXI_BUSER_WIDTH1_C_USER_VALUE0_C_PROT_VALUE0_C_CACHE_VALUE3_USER_DW512_USER_AW64_USER_MAXREQS7_USER_RFIFONUM_WIDTH9_87
gmem0_m_axi_U/clk_gate_load_unit_buff_rdata_genblk1_U_fifo_mem_mem_reg_44_       3.9900     0.0      0.0000       3.9900 0.0000 SNPS_CLOCK_GATE_HIGH_tinytpu_isa_gmem0_m_axi_CONSERVATIVE1_NUM_READ_OUTSTANDING16_NUM_WRITE_OUTSTANDING16_MAX_READ_BURST_LENGTH16_MAX_WRITE_BURST_LENGTH16_C_M_AXI_ID_WIDTH1_C_M_AXI_ADDR_WIDTH64_C_M_AXI_DATA_WIDTH512_C_M_AXI_AWUSER_WIDTH1_C_M_AXI_ARUSER_WIDTH1_C_M_AXI_WUSER_WIDTH1_C_M_AXI_RUSER_WIDTH1_C_M_AXI_BUSER_WIDTH1_C_USER_VALUE0_C_PROT_VALUE0_C_CACHE_VALUE3_USER_DW512_USER_AW64_USER_MAXREQS7_USER_RFIFONUM_WIDTH9_88
gmem0_m_axi_U/clk_gate_load_unit_buff_rdata_genblk1_U_fifo_mem_mem_reg_45_       3.9900     0.0      0.0000       3.9900 0.0000 SNPS_CLOCK_GATE_HIGH_tinytpu_isa_gmem0_m_axi_CONSERVATIVE1_NUM_READ_OUTSTANDING16_NUM_WRITE_OUTSTANDING16_MAX_READ_BURST_LENGTH16_MAX_WRITE_BURST_LENGTH16_C_M_AXI_ID_WIDTH1_C_M_AXI_ADDR_WIDTH64_C_M_AXI_DATA_WIDTH512_C_M_AXI_AWUSER_WIDTH1_C_M_AXI_ARUSER_WIDTH1_C_M_AXI_WUSER_WIDTH1_C_M_AXI_RUSER_WIDTH1_C_M_AXI_BUSER_WIDTH1_C_USER_VALUE0_C_PROT_VALUE0_C_CACHE_VALUE3_USER_DW512_USER_AW64_USER_MAXREQS7_USER_RFIFONUM_WIDTH9_89
gmem0_m_axi_U/clk_gate_load_unit_buff_rdata_genblk1_U_fifo_mem_mem_reg_46_       3.9900     0.0      0.0000       3.9900 0.0000 SNPS_CLOCK_GATE_HIGH_tinytpu_isa_gmem0_m_axi_CONSERVATIVE1_NUM_READ_OUTSTANDING16_NUM_WRITE_OUTSTANDING16_MAX_READ_BURST_LENGTH16_MAX_WRITE_BURST_LENGTH16_C_M_AXI_ID_WIDTH1_C_M_AXI_ADDR_WIDTH64_C_M_AXI_DATA_WIDTH512_C_M_AXI_AWUSER_WIDTH1_C_M_AXI_ARUSER_WIDTH1_C_M_AXI_WUSER_WIDTH1_C_M_AXI_RUSER_WIDTH1_C_M_AXI_BUSER_WIDTH1_C_USER_VALUE0_C_PROT_VALUE0_C_CACHE_VALUE3_USER_DW512_USER_AW64_USER_MAXREQS7_USER_RFIFONUM_WIDTH9_90
gmem0_m_axi_U/clk_gate_load_unit_buff_rdata_genblk1_U_fifo_mem_mem_reg_47_       3.9900     0.0      0.0000       3.9900 0.0000 SNPS_CLOCK_GATE_HIGH_tinytpu_isa_gmem0_m_axi_CONSERVATIVE1_NUM_READ_OUTSTANDING16_NUM_WRITE_OUTSTANDING16_MAX_READ_BURST_LENGTH16_MAX_WRITE_BURST_LENGTH16_C_M_AXI_ID_WIDTH1_C_M_AXI_ADDR_WIDTH64_C_M_AXI_DATA_WIDTH512_C_M_AXI_AWUSER_WIDTH1_C_M_AXI_ARUSER_WIDTH1_C_M_AXI_WUSER_WIDTH1_C_M_AXI_RUSER_WIDTH1_C_M_AXI_BUSER_WIDTH1_C_USER_VALUE0_C_PROT_VALUE0_C_CACHE_VALUE3_USER_DW512_USER_AW64_USER_MAXREQS7_USER_RFIFONUM_WIDTH9_91
gmem0_m_axi_U/clk_gate_load_unit_buff_rdata_genblk1_U_fifo_mem_mem_reg_48_       3.9900     0.0      0.0000       3.9900 0.0000 SNPS_CLOCK_GATE_HIGH_tinytpu_isa_gmem0_m_axi_CONSERVATIVE1_NUM_READ_OUTSTANDING16_NUM_WRITE_OUTSTANDING16_MAX_READ_BURST_LENGTH16_MAX_WRITE_BURST_LENGTH16_C_M_AXI_ID_WIDTH1_C_M_AXI_ADDR_WIDTH64_C_M_AXI_DATA_WIDTH512_C_M_AXI_AWUSER_WIDTH1_C_M_AXI_ARUSER_WIDTH1_C_M_AXI_WUSER_WIDTH1_C_M_AXI_RUSER_WIDTH1_C_M_AXI_BUSER_WIDTH1_C_USER_VALUE0_C_PROT_VALUE0_C_CACHE_VALUE3_USER_DW512_USER_AW64_USER_MAXREQS7_USER_RFIFONUM_WIDTH9_92
gmem0_m_axi_U/clk_gate_load_unit_buff_rdata_genblk1_U_fifo_mem_mem_reg_49_       3.9900     0.0      0.0000       3.9900 0.0000 SNPS_CLOCK_GATE_HIGH_tinytpu_isa_gmem0_m_axi_CONSERVATIVE1_NUM_READ_OUTSTANDING16_NUM_WRITE_OUTSTANDING16_MAX_READ_BURST_LENGTH16_MAX_WRITE_BURST_LENGTH16_C_M_AXI_ID_WIDTH1_C_M_AXI_ADDR_WIDTH64_C_M_AXI_DATA_WIDTH512_C_M_AXI_AWUSER_WIDTH1_C_M_AXI_ARUSER_WIDTH1_C_M_AXI_WUSER_WIDTH1_C_M_AXI_RUSER_WIDTH1_C_M_AXI_BUSER_WIDTH1_C_USER_VALUE0_C_PROT_VALUE0_C_CACHE_VALUE3_USER_DW512_USER_AW64_USER_MAXREQS7_USER_RFIFONUM_WIDTH9_93
gmem0_m_axi_U/clk_gate_load_unit_buff_rdata_genblk1_U_fifo_mem_mem_reg_4_       3.9900     0.0      0.0000       3.9900 0.0000 SNPS_CLOCK_GATE_HIGH_tinytpu_isa_gmem0_m_axi_CONSERVATIVE1_NUM_READ_OUTSTANDING16_NUM_WRITE_OUTSTANDING16_MAX_READ_BURST_LENGTH16_MAX_WRITE_BURST_LENGTH16_C_M_AXI_ID_WIDTH1_C_M_AXI_ADDR_WIDTH64_C_M_AXI_DATA_WIDTH512_C_M_AXI_AWUSER_WIDTH1_C_M_AXI_ARUSER_WIDTH1_C_M_AXI_WUSER_WIDTH1_C_M_AXI_RUSER_WIDTH1_C_M_AXI_BUSER_WIDTH1_C_USER_VALUE0_C_PROT_VALUE0_C_CACHE_VALUE3_USER_DW512_USER_AW64_USER_MAXREQS7_USER_RFIFONUM_WIDTH9_48
gmem0_m_axi_U/clk_gate_load_unit_buff_rdata_genblk1_U_fifo_mem_mem_reg_50_       3.9900     0.0      0.0000       3.9900 0.0000 SNPS_CLOCK_GATE_HIGH_tinytpu_isa_gmem0_m_axi_CONSERVATIVE1_NUM_READ_OUTSTANDING16_NUM_WRITE_OUTSTANDING16_MAX_READ_BURST_LENGTH16_MAX_WRITE_BURST_LENGTH16_C_M_AXI_ID_WIDTH1_C_M_AXI_ADDR_WIDTH64_C_M_AXI_DATA_WIDTH512_C_M_AXI_AWUSER_WIDTH1_C_M_AXI_ARUSER_WIDTH1_C_M_AXI_WUSER_WIDTH1_C_M_AXI_RUSER_WIDTH1_C_M_AXI_BUSER_WIDTH1_C_USER_VALUE0_C_PROT_VALUE0_C_CACHE_VALUE3_USER_DW512_USER_AW64_USER_MAXREQS7_USER_RFIFONUM_WIDTH9_94
gmem0_m_axi_U/clk_gate_load_unit_buff_rdata_genblk1_U_fifo_mem_mem_reg_51_       3.9900     0.0      0.0000       3.9900 0.0000 SNPS_CLOCK_GATE_HIGH_tinytpu_isa_gmem0_m_axi_CONSERVATIVE1_NUM_READ_OUTSTANDING16_NUM_WRITE_OUTSTANDING16_MAX_READ_BURST_LENGTH16_MAX_WRITE_BURST_LENGTH16_C_M_AXI_ID_WIDTH1_C_M_AXI_ADDR_WIDTH64_C_M_AXI_DATA_WIDTH512_C_M_AXI_AWUSER_WIDTH1_C_M_AXI_ARUSER_WIDTH1_C_M_AXI_WUSER_WIDTH1_C_M_AXI_RUSER_WIDTH1_C_M_AXI_BUSER_WIDTH1_C_USER_VALUE0_C_PROT_VALUE0_C_CACHE_VALUE3_USER_DW512_USER_AW64_USER_MAXREQS7_USER_RFIFONUM_WIDTH9_95
gmem0_m_axi_U/clk_gate_load_unit_buff_rdata_genblk1_U_fifo_mem_mem_reg_52_       3.9900     0.0      0.0000       3.9900 0.0000 SNPS_CLOCK_GATE_HIGH_tinytpu_isa_gmem0_m_axi_CONSERVATIVE1_NUM_READ_OUTSTANDING16_NUM_WRITE_OUTSTANDING16_MAX_READ_BURST_LENGTH16_MAX_WRITE_BURST_LENGTH16_C_M_AXI_ID_WIDTH1_C_M_AXI_ADDR_WIDTH64_C_M_AXI_DATA_WIDTH512_C_M_AXI_AWUSER_WIDTH1_C_M_AXI_ARUSER_WIDTH1_C_M_AXI_WUSER_WIDTH1_C_M_AXI_RUSER_WIDTH1_C_M_AXI_BUSER_WIDTH1_C_USER_VALUE0_C_PROT_VALUE0_C_CACHE_VALUE3_USER_DW512_USER_AW64_USER_MAXREQS7_USER_RFIFONUM_WIDTH9_96
gmem0_m_axi_U/clk_gate_load_unit_buff_rdata_genblk1_U_fifo_mem_mem_reg_53_       3.9900     0.0      0.0000       3.9900 0.0000 SNPS_CLOCK_GATE_HIGH_tinytpu_isa_gmem0_m_axi_CONSERVATIVE1_NUM_READ_OUTSTANDING16_NUM_WRITE_OUTSTANDING16_MAX_READ_BURST_LENGTH16_MAX_WRITE_BURST_LENGTH16_C_M_AXI_ID_WIDTH1_C_M_AXI_ADDR_WIDTH64_C_M_AXI_DATA_WIDTH512_C_M_AXI_AWUSER_WIDTH1_C_M_AXI_ARUSER_WIDTH1_C_M_AXI_WUSER_WIDTH1_C_M_AXI_RUSER_WIDTH1_C_M_AXI_BUSER_WIDTH1_C_USER_VALUE0_C_PROT_VALUE0_C_CACHE_VALUE3_USER_DW512_USER_AW64_USER_MAXREQS7_USER_RFIFONUM_WIDTH9_97
gmem0_m_axi_U/clk_gate_load_unit_buff_rdata_genblk1_U_fifo_mem_mem_reg_54_       3.9900     0.0      0.0000       3.9900 0.0000 SNPS_CLOCK_GATE_HIGH_tinytpu_isa_gmem0_m_axi_CONSERVATIVE1_NUM_READ_OUTSTANDING16_NUM_WRITE_OUTSTANDING16_MAX_READ_BURST_LENGTH16_MAX_WRITE_BURST_LENGTH16_C_M_AXI_ID_WIDTH1_C_M_AXI_ADDR_WIDTH64_C_M_AXI_DATA_WIDTH512_C_M_AXI_AWUSER_WIDTH1_C_M_AXI_ARUSER_WIDTH1_C_M_AXI_WUSER_WIDTH1_C_M_AXI_RUSER_WIDTH1_C_M_AXI_BUSER_WIDTH1_C_USER_VALUE0_C_PROT_VALUE0_C_CACHE_VALUE3_USER_DW512_USER_AW64_USER_MAXREQS7_USER_RFIFONUM_WIDTH9_98
gmem0_m_axi_U/clk_gate_load_unit_buff_rdata_genblk1_U_fifo_mem_mem_reg_55_       3.9900     0.0      0.0000       3.9900 0.0000 SNPS_CLOCK_GATE_HIGH_tinytpu_isa_gmem0_m_axi_CONSERVATIVE1_NUM_READ_OUTSTANDING16_NUM_WRITE_OUTSTANDING16_MAX_READ_BURST_LENGTH16_MAX_WRITE_BURST_LENGTH16_C_M_AXI_ID_WIDTH1_C_M_AXI_ADDR_WIDTH64_C_M_AXI_DATA_WIDTH512_C_M_AXI_AWUSER_WIDTH1_C_M_AXI_ARUSER_WIDTH1_C_M_AXI_WUSER_WIDTH1_C_M_AXI_RUSER_WIDTH1_C_M_AXI_BUSER_WIDTH1_C_USER_VALUE0_C_PROT_VALUE0_C_CACHE_VALUE3_USER_DW512_USER_AW64_USER_MAXREQS7_USER_RFIFONUM_WIDTH9_99
gmem0_m_axi_U/clk_gate_load_unit_buff_rdata_genblk1_U_fifo_mem_mem_reg_56_       3.9900     0.0      0.0000       3.9900 0.0000 SNPS_CLOCK_GATE_HIGH_tinytpu_isa_gmem0_m_axi_CONSERVATIVE1_NUM_READ_OUTSTANDING16_NUM_WRITE_OUTSTANDING16_MAX_READ_BURST_LENGTH16_MAX_WRITE_BURST_LENGTH16_C_M_AXI_ID_WIDTH1_C_M_AXI_ADDR_WIDTH64_C_M_AXI_DATA_WIDTH512_C_M_AXI_AWUSER_WIDTH1_C_M_AXI_ARUSER_WIDTH1_C_M_AXI_WUSER_WIDTH1_C_M_AXI_RUSER_WIDTH1_C_M_AXI_BUSER_WIDTH1_C_USER_VALUE0_C_PROT_VALUE0_C_CACHE_VALUE3_USER_DW512_USER_AW64_USER_MAXREQS7_USER_RFIFONUM_WIDTH9_100
gmem0_m_axi_U/clk_gate_load_unit_buff_rdata_genblk1_U_fifo_mem_mem_reg_57_       3.9900     0.0      0.0000       3.9900 0.0000 SNPS_CLOCK_GATE_HIGH_tinytpu_isa_gmem0_m_axi_CONSERVATIVE1_NUM_READ_OUTSTANDING16_NUM_WRITE_OUTSTANDING16_MAX_READ_BURST_LENGTH16_MAX_WRITE_BURST_LENGTH16_C_M_AXI_ID_WIDTH1_C_M_AXI_ADDR_WIDTH64_C_M_AXI_DATA_WIDTH512_C_M_AXI_AWUSER_WIDTH1_C_M_AXI_ARUSER_WIDTH1_C_M_AXI_WUSER_WIDTH1_C_M_AXI_RUSER_WIDTH1_C_M_AXI_BUSER_WIDTH1_C_USER_VALUE0_C_PROT_VALUE0_C_CACHE_VALUE3_USER_DW512_USER_AW64_USER_MAXREQS7_USER_RFIFONUM_WIDTH9_101
gmem0_m_axi_U/clk_gate_load_unit_buff_rdata_genblk1_U_fifo_mem_mem_reg_58_       3.9900     0.0      0.0000       3.9900 0.0000 SNPS_CLOCK_GATE_HIGH_tinytpu_isa_gmem0_m_axi_CONSERVATIVE1_NUM_READ_OUTSTANDING16_NUM_WRITE_OUTSTANDING16_MAX_READ_BURST_LENGTH16_MAX_WRITE_BURST_LENGTH16_C_M_AXI_ID_WIDTH1_C_M_AXI_ADDR_WIDTH64_C_M_AXI_DATA_WIDTH512_C_M_AXI_AWUSER_WIDTH1_C_M_AXI_ARUSER_WIDTH1_C_M_AXI_WUSER_WIDTH1_C_M_AXI_RUSER_WIDTH1_C_M_AXI_BUSER_WIDTH1_C_USER_VALUE0_C_PROT_VALUE0_C_CACHE_VALUE3_USER_DW512_USER_AW64_USER_MAXREQS7_USER_RFIFONUM_WIDTH9_102
gmem0_m_axi_U/clk_gate_load_unit_buff_rdata_genblk1_U_fifo_mem_mem_reg_59_       3.9900     0.0      0.0000       3.9900 0.0000 SNPS_CLOCK_GATE_HIGH_tinytpu_isa_gmem0_m_axi_CONSERVATIVE1_NUM_READ_OUTSTANDING16_NUM_WRITE_OUTSTANDING16_MAX_READ_BURST_LENGTH16_MAX_WRITE_BURST_LENGTH16_C_M_AXI_ID_WIDTH1_C_M_AXI_ADDR_WIDTH64_C_M_AXI_DATA_WIDTH512_C_M_AXI_AWUSER_WIDTH1_C_M_AXI_ARUSER_WIDTH1_C_M_AXI_WUSER_WIDTH1_C_M_AXI_RUSER_WIDTH1_C_M_AXI_BUSER_WIDTH1_C_USER_VALUE0_C_PROT_VALUE0_C_CACHE_VALUE3_USER_DW512_USER_AW64_USER_MAXREQS7_USER_RFIFONUM_WIDTH9_103
gmem0_m_axi_U/clk_gate_load_unit_buff_rdata_genblk1_U_fifo_mem_mem_reg_5_       3.9900     0.0      0.0000       3.9900 0.0000 SNPS_CLOCK_GATE_HIGH_tinytpu_isa_gmem0_m_axi_CONSERVATIVE1_NUM_READ_OUTSTANDING16_NUM_WRITE_OUTSTANDING16_MAX_READ_BURST_LENGTH16_MAX_WRITE_BURST_LENGTH16_C_M_AXI_ID_WIDTH1_C_M_AXI_ADDR_WIDTH64_C_M_AXI_DATA_WIDTH512_C_M_AXI_AWUSER_WIDTH1_C_M_AXI_ARUSER_WIDTH1_C_M_AXI_WUSER_WIDTH1_C_M_AXI_RUSER_WIDTH1_C_M_AXI_BUSER_WIDTH1_C_USER_VALUE0_C_PROT_VALUE0_C_CACHE_VALUE3_USER_DW512_USER_AW64_USER_MAXREQS7_USER_RFIFONUM_WIDTH9_49
gmem0_m_axi_U/clk_gate_load_unit_buff_rdata_genblk1_U_fifo_mem_mem_reg_60_       3.9900     0.0      0.0000       3.9900 0.0000 SNPS_CLOCK_GATE_HIGH_tinytpu_isa_gmem0_m_axi_CONSERVATIVE1_NUM_READ_OUTSTANDING16_NUM_WRITE_OUTSTANDING16_MAX_READ_BURST_LENGTH16_MAX_WRITE_BURST_LENGTH16_C_M_AXI_ID_WIDTH1_C_M_AXI_ADDR_WIDTH64_C_M_AXI_DATA_WIDTH512_C_M_AXI_AWUSER_WIDTH1_C_M_AXI_ARUSER_WIDTH1_C_M_AXI_WUSER_WIDTH1_C_M_AXI_RUSER_WIDTH1_C_M_AXI_BUSER_WIDTH1_C_USER_VALUE0_C_PROT_VALUE0_C_CACHE_VALUE3_USER_DW512_USER_AW64_USER_MAXREQS7_USER_RFIFONUM_WIDTH9_104
gmem0_m_axi_U/clk_gate_load_unit_buff_rdata_genblk1_U_fifo_mem_mem_reg_61_       3.9900     0.0      0.0000       3.9900 0.0000 SNPS_CLOCK_GATE_HIGH_tinytpu_isa_gmem0_m_axi_CONSERVATIVE1_NUM_READ_OUTSTANDING16_NUM_WRITE_OUTSTANDING16_MAX_READ_BURST_LENGTH16_MAX_WRITE_BURST_LENGTH16_C_M_AXI_ID_WIDTH1_C_M_AXI_ADDR_WIDTH64_C_M_AXI_DATA_WIDTH512_C_M_AXI_AWUSER_WIDTH1_C_M_AXI_ARUSER_WIDTH1_C_M_AXI_WUSER_WIDTH1_C_M_AXI_RUSER_WIDTH1_C_M_AXI_BUSER_WIDTH1_C_USER_VALUE0_C_PROT_VALUE0_C_CACHE_VALUE3_USER_DW512_USER_AW64_USER_MAXREQS7_USER_RFIFONUM_WIDTH9_105
gmem0_m_axi_U/clk_gate_load_unit_buff_rdata_genblk1_U_fifo_mem_mem_reg_62_       3.9900     0.0      0.0000       3.9900 0.0000 SNPS_CLOCK_GATE_HIGH_tinytpu_isa_gmem0_m_axi_CONSERVATIVE1_NUM_READ_OUTSTANDING16_NUM_WRITE_OUTSTANDING16_MAX_READ_BURST_LENGTH16_MAX_WRITE_BURST_LENGTH16_C_M_AXI_ID_WIDTH1_C_M_AXI_ADDR_WIDTH64_C_M_AXI_DATA_WIDTH512_C_M_AXI_AWUSER_WIDTH1_C_M_AXI_ARUSER_WIDTH1_C_M_AXI_WUSER_WIDTH1_C_M_AXI_RUSER_WIDTH1_C_M_AXI_BUSER_WIDTH1_C_USER_VALUE0_C_PROT_VALUE0_C_CACHE_VALUE3_USER_DW512_USER_AW64_USER_MAXREQS7_USER_RFIFONUM_WIDTH9_106
gmem0_m_axi_U/clk_gate_load_unit_buff_rdata_genblk1_U_fifo_mem_mem_reg_63_       3.9900     0.0      0.0000       3.9900 0.0000 SNPS_CLOCK_GATE_HIGH_tinytpu_isa_gmem0_m_axi_CONSERVATIVE1_NUM_READ_OUTSTANDING16_NUM_WRITE_OUTSTANDING16_MAX_READ_BURST_LENGTH16_MAX_WRITE_BURST_LENGTH16_C_M_AXI_ID_WIDTH1_C_M_AXI_ADDR_WIDTH64_C_M_AXI_DATA_WIDTH512_C_M_AXI_AWUSER_WIDTH1_C_M_AXI_ARUSER_WIDTH1_C_M_AXI_WUSER_WIDTH1_C_M_AXI_RUSER_WIDTH1_C_M_AXI_BUSER_WIDTH1_C_USER_VALUE0_C_PROT_VALUE0_C_CACHE_VALUE3_USER_DW512_USER_AW64_USER_MAXREQS7_USER_RFIFONUM_WIDTH9_107
gmem0_m_axi_U/clk_gate_load_unit_buff_rdata_genblk1_U_fifo_mem_mem_reg_64_       3.9900     0.0      0.0000       3.9900 0.0000 SNPS_CLOCK_GATE_HIGH_tinytpu_isa_gmem0_m_axi_CONSERVATIVE1_NUM_READ_OUTSTANDING16_NUM_WRITE_OUTSTANDING16_MAX_READ_BURST_LENGTH16_MAX_WRITE_BURST_LENGTH16_C_M_AXI_ID_WIDTH1_C_M_AXI_ADDR_WIDTH64_C_M_AXI_DATA_WIDTH512_C_M_AXI_AWUSER_WIDTH1_C_M_AXI_ARUSER_WIDTH1_C_M_AXI_WUSER_WIDTH1_C_M_AXI_RUSER_WIDTH1_C_M_AXI_BUSER_WIDTH1_C_USER_VALUE0_C_PROT_VALUE0_C_CACHE_VALUE3_USER_DW512_USER_AW64_USER_MAXREQS7_USER_RFIFONUM_WIDTH9_108
gmem0_m_axi_U/clk_gate_load_unit_buff_rdata_genblk1_U_fifo_mem_mem_reg_65_       3.9900     0.0      0.0000       3.9900 0.0000 SNPS_CLOCK_GATE_HIGH_tinytpu_isa_gmem0_m_axi_CONSERVATIVE1_NUM_READ_OUTSTANDING16_NUM_WRITE_OUTSTANDING16_MAX_READ_BURST_LENGTH16_MAX_WRITE_BURST_LENGTH16_C_M_AXI_ID_WIDTH1_C_M_AXI_ADDR_WIDTH64_C_M_AXI_DATA_WIDTH512_C_M_AXI_AWUSER_WIDTH1_C_M_AXI_ARUSER_WIDTH1_C_M_AXI_WUSER_WIDTH1_C_M_AXI_RUSER_WIDTH1_C_M_AXI_BUSER_WIDTH1_C_USER_VALUE0_C_PROT_VALUE0_C_CACHE_VALUE3_USER_DW512_USER_AW64_USER_MAXREQS7_USER_RFIFONUM_WIDTH9_109
gmem0_m_axi_U/clk_gate_load_unit_buff_rdata_genblk1_U_fifo_mem_mem_reg_66_       3.9900     0.0      0.0000       3.9900 0.0000 SNPS_CLOCK_GATE_HIGH_tinytpu_isa_gmem0_m_axi_CONSERVATIVE1_NUM_READ_OUTSTANDING16_NUM_WRITE_OUTSTANDING16_MAX_READ_BURST_LENGTH16_MAX_WRITE_BURST_LENGTH16_C_M_AXI_ID_WIDTH1_C_M_AXI_ADDR_WIDTH64_C_M_AXI_DATA_WIDTH512_C_M_AXI_AWUSER_WIDTH1_C_M_AXI_ARUSER_WIDTH1_C_M_AXI_WUSER_WIDTH1_C_M_AXI_RUSER_WIDTH1_C_M_AXI_BUSER_WIDTH1_C_USER_VALUE0_C_PROT_VALUE0_C_CACHE_VALUE3_USER_DW512_USER_AW64_USER_MAXREQS7_USER_RFIFONUM_WIDTH9_110
gmem0_m_axi_U/clk_gate_load_unit_buff_rdata_genblk1_U_fifo_mem_mem_reg_67_       3.9900     0.0      0.0000       3.9900 0.0000 SNPS_CLOCK_GATE_HIGH_tinytpu_isa_gmem0_m_axi_CONSERVATIVE1_NUM_READ_OUTSTANDING16_NUM_WRITE_OUTSTANDING16_MAX_READ_BURST_LENGTH16_MAX_WRITE_BURST_LENGTH16_C_M_AXI_ID_WIDTH1_C_M_AXI_ADDR_WIDTH64_C_M_AXI_DATA_WIDTH512_C_M_AXI_AWUSER_WIDTH1_C_M_AXI_ARUSER_WIDTH1_C_M_AXI_WUSER_WIDTH1_C_M_AXI_RUSER_WIDTH1_C_M_AXI_BUSER_WIDTH1_C_USER_VALUE0_C_PROT_VALUE0_C_CACHE_VALUE3_USER_DW512_USER_AW64_USER_MAXREQS7_USER_RFIFONUM_WIDTH9_111
gmem0_m_axi_U/clk_gate_load_unit_buff_rdata_genblk1_U_fifo_mem_mem_reg_68_       3.9900     0.0      0.0000       3.9900 0.0000 SNPS_CLOCK_GATE_HIGH_tinytpu_isa_gmem0_m_axi_CONSERVATIVE1_NUM_READ_OUTSTANDING16_NUM_WRITE_OUTSTANDING16_MAX_READ_BURST_LENGTH16_MAX_WRITE_BURST_LENGTH16_C_M_AXI_ID_WIDTH1_C_M_AXI_ADDR_WIDTH64_C_M_AXI_DATA_WIDTH512_C_M_AXI_AWUSER_WIDTH1_C_M_AXI_ARUSER_WIDTH1_C_M_AXI_WUSER_WIDTH1_C_M_AXI_RUSER_WIDTH1_C_M_AXI_BUSER_WIDTH1_C_USER_VALUE0_C_PROT_VALUE0_C_CACHE_VALUE3_USER_DW512_USER_AW64_USER_MAXREQS7_USER_RFIFONUM_WIDTH9_112
gmem0_m_axi_U/clk_gate_load_unit_buff_rdata_genblk1_U_fifo_mem_mem_reg_69_       3.9900     0.0      0.0000       3.9900 0.0000 SNPS_CLOCK_GATE_HIGH_tinytpu_isa_gmem0_m_axi_CONSERVATIVE1_NUM_READ_OUTSTANDING16_NUM_WRITE_OUTSTANDING16_MAX_READ_BURST_LENGTH16_MAX_WRITE_BURST_LENGTH16_C_M_AXI_ID_WIDTH1_C_M_AXI_ADDR_WIDTH64_C_M_AXI_DATA_WIDTH512_C_M_AXI_AWUSER_WIDTH1_C_M_AXI_ARUSER_WIDTH1_C_M_AXI_WUSER_WIDTH1_C_M_AXI_RUSER_WIDTH1_C_M_AXI_BUSER_WIDTH1_C_USER_VALUE0_C_PROT_VALUE0_C_CACHE_VALUE3_USER_DW512_USER_AW64_USER_MAXREQS7_USER_RFIFONUM_WIDTH9_113
gmem0_m_axi_U/clk_gate_load_unit_buff_rdata_genblk1_U_fifo_mem_mem_reg_6_       3.9900     0.0      0.0000       3.9900 0.0000 SNPS_CLOCK_GATE_HIGH_tinytpu_isa_gmem0_m_axi_CONSERVATIVE1_NUM_READ_OUTSTANDING16_NUM_WRITE_OUTSTANDING16_MAX_READ_BURST_LENGTH16_MAX_WRITE_BURST_LENGTH16_C_M_AXI_ID_WIDTH1_C_M_AXI_ADDR_WIDTH64_C_M_AXI_DATA_WIDTH512_C_M_AXI_AWUSER_WIDTH1_C_M_AXI_ARUSER_WIDTH1_C_M_AXI_WUSER_WIDTH1_C_M_AXI_RUSER_WIDTH1_C_M_AXI_BUSER_WIDTH1_C_USER_VALUE0_C_PROT_VALUE0_C_CACHE_VALUE3_USER_DW512_USER_AW64_USER_MAXREQS7_USER_RFIFONUM_WIDTH9_50
gmem0_m_axi_U/clk_gate_load_unit_buff_rdata_genblk1_U_fifo_mem_mem_reg_70_       3.9900     0.0      0.0000       3.9900 0.0000 SNPS_CLOCK_GATE_HIGH_tinytpu_isa_gmem0_m_axi_CONSERVATIVE1_NUM_READ_OUTSTANDING16_NUM_WRITE_OUTSTANDING16_MAX_READ_BURST_LENGTH16_MAX_WRITE_BURST_LENGTH16_C_M_AXI_ID_WIDTH1_C_M_AXI_ADDR_WIDTH64_C_M_AXI_DATA_WIDTH512_C_M_AXI_AWUSER_WIDTH1_C_M_AXI_ARUSER_WIDTH1_C_M_AXI_WUSER_WIDTH1_C_M_AXI_RUSER_WIDTH1_C_M_AXI_BUSER_WIDTH1_C_USER_VALUE0_C_PROT_VALUE0_C_CACHE_VALUE3_USER_DW512_USER_AW64_USER_MAXREQS7_USER_RFIFONUM_WIDTH9_114
gmem0_m_axi_U/clk_gate_load_unit_buff_rdata_genblk1_U_fifo_mem_mem_reg_71_       3.9900     0.0      0.0000       3.9900 0.0000 SNPS_CLOCK_GATE_HIGH_tinytpu_isa_gmem0_m_axi_CONSERVATIVE1_NUM_READ_OUTSTANDING16_NUM_WRITE_OUTSTANDING16_MAX_READ_BURST_LENGTH16_MAX_WRITE_BURST_LENGTH16_C_M_AXI_ID_WIDTH1_C_M_AXI_ADDR_WIDTH64_C_M_AXI_DATA_WIDTH512_C_M_AXI_AWUSER_WIDTH1_C_M_AXI_ARUSER_WIDTH1_C_M_AXI_WUSER_WIDTH1_C_M_AXI_RUSER_WIDTH1_C_M_AXI_BUSER_WIDTH1_C_USER_VALUE0_C_PROT_VALUE0_C_CACHE_VALUE3_USER_DW512_USER_AW64_USER_MAXREQS7_USER_RFIFONUM_WIDTH9_115
gmem0_m_axi_U/clk_gate_load_unit_buff_rdata_genblk1_U_fifo_mem_mem_reg_72_       3.9900     0.0      0.0000       3.9900 0.0000 SNPS_CLOCK_GATE_HIGH_tinytpu_isa_gmem0_m_axi_CONSERVATIVE1_NUM_READ_OUTSTANDING16_NUM_WRITE_OUTSTANDING16_MAX_READ_BURST_LENGTH16_MAX_WRITE_BURST_LENGTH16_C_M_AXI_ID_WIDTH1_C_M_AXI_ADDR_WIDTH64_C_M_AXI_DATA_WIDTH512_C_M_AXI_AWUSER_WIDTH1_C_M_AXI_ARUSER_WIDTH1_C_M_AXI_WUSER_WIDTH1_C_M_AXI_RUSER_WIDTH1_C_M_AXI_BUSER_WIDTH1_C_USER_VALUE0_C_PROT_VALUE0_C_CACHE_VALUE3_USER_DW512_USER_AW64_USER_MAXREQS7_USER_RFIFONUM_WIDTH9_116
gmem0_m_axi_U/clk_gate_load_unit_buff_rdata_genblk1_U_fifo_mem_mem_reg_73_       3.9900     0.0      0.0000       3.9900 0.0000 SNPS_CLOCK_GATE_HIGH_tinytpu_isa_gmem0_m_axi_CONSERVATIVE1_NUM_READ_OUTSTANDING16_NUM_WRITE_OUTSTANDING16_MAX_READ_BURST_LENGTH16_MAX_WRITE_BURST_LENGTH16_C_M_AXI_ID_WIDTH1_C_M_AXI_ADDR_WIDTH64_C_M_AXI_DATA_WIDTH512_C_M_AXI_AWUSER_WIDTH1_C_M_AXI_ARUSER_WIDTH1_C_M_AXI_WUSER_WIDTH1_C_M_AXI_RUSER_WIDTH1_C_M_AXI_BUSER_WIDTH1_C_USER_VALUE0_C_PROT_VALUE0_C_CACHE_VALUE3_USER_DW512_USER_AW64_USER_MAXREQS7_USER_RFIFONUM_WIDTH9_117
gmem0_m_axi_U/clk_gate_load_unit_buff_rdata_genblk1_U_fifo_mem_mem_reg_74_       3.9900     0.0      0.0000       3.9900 0.0000 SNPS_CLOCK_GATE_HIGH_tinytpu_isa_gmem0_m_axi_CONSERVATIVE1_NUM_READ_OUTSTANDING16_NUM_WRITE_OUTSTANDING16_MAX_READ_BURST_LENGTH16_MAX_WRITE_BURST_LENGTH16_C_M_AXI_ID_WIDTH1_C_M_AXI_ADDR_WIDTH64_C_M_AXI_DATA_WIDTH512_C_M_AXI_AWUSER_WIDTH1_C_M_AXI_ARUSER_WIDTH1_C_M_AXI_WUSER_WIDTH1_C_M_AXI_RUSER_WIDTH1_C_M_AXI_BUSER_WIDTH1_C_USER_VALUE0_C_PROT_VALUE0_C_CACHE_VALUE3_USER_DW512_USER_AW64_USER_MAXREQS7_USER_RFIFONUM_WIDTH9_118
gmem0_m_axi_U/clk_gate_load_unit_buff_rdata_genblk1_U_fifo_mem_mem_reg_75_       3.9900     0.0      0.0000       3.9900 0.0000 SNPS_CLOCK_GATE_HIGH_tinytpu_isa_gmem0_m_axi_CONSERVATIVE1_NUM_READ_OUTSTANDING16_NUM_WRITE_OUTSTANDING16_MAX_READ_BURST_LENGTH16_MAX_WRITE_BURST_LENGTH16_C_M_AXI_ID_WIDTH1_C_M_AXI_ADDR_WIDTH64_C_M_AXI_DATA_WIDTH512_C_M_AXI_AWUSER_WIDTH1_C_M_AXI_ARUSER_WIDTH1_C_M_AXI_WUSER_WIDTH1_C_M_AXI_RUSER_WIDTH1_C_M_AXI_BUSER_WIDTH1_C_USER_VALUE0_C_PROT_VALUE0_C_CACHE_VALUE3_USER_DW512_USER_AW64_USER_MAXREQS7_USER_RFIFONUM_WIDTH9_119
gmem0_m_axi_U/clk_gate_load_unit_buff_rdata_genblk1_U_fifo_mem_mem_reg_76_       3.9900     0.0      0.0000       3.9900 0.0000 SNPS_CLOCK_GATE_HIGH_tinytpu_isa_gmem0_m_axi_CONSERVATIVE1_NUM_READ_OUTSTANDING16_NUM_WRITE_OUTSTANDING16_MAX_READ_BURST_LENGTH16_MAX_WRITE_BURST_LENGTH16_C_M_AXI_ID_WIDTH1_C_M_AXI_ADDR_WIDTH64_C_M_AXI_DATA_WIDTH512_C_M_AXI_AWUSER_WIDTH1_C_M_AXI_ARUSER_WIDTH1_C_M_AXI_WUSER_WIDTH1_C_M_AXI_RUSER_WIDTH1_C_M_AXI_BUSER_WIDTH1_C_USER_VALUE0_C_PROT_VALUE0_C_CACHE_VALUE3_USER_DW512_USER_AW64_USER_MAXREQS7_USER_RFIFONUM_WIDTH9_120
gmem0_m_axi_U/clk_gate_load_unit_buff_rdata_genblk1_U_fifo_mem_mem_reg_77_       3.9900     0.0      0.0000       3.9900 0.0000 SNPS_CLOCK_GATE_HIGH_tinytpu_isa_gmem0_m_axi_CONSERVATIVE1_NUM_READ_OUTSTANDING16_NUM_WRITE_OUTSTANDING16_MAX_READ_BURST_LENGTH16_MAX_WRITE_BURST_LENGTH16_C_M_AXI_ID_WIDTH1_C_M_AXI_ADDR_WIDTH64_C_M_AXI_DATA_WIDTH512_C_M_AXI_AWUSER_WIDTH1_C_M_AXI_ARUSER_WIDTH1_C_M_AXI_WUSER_WIDTH1_C_M_AXI_RUSER_WIDTH1_C_M_AXI_BUSER_WIDTH1_C_USER_VALUE0_C_PROT_VALUE0_C_CACHE_VALUE3_USER_DW512_USER_AW64_USER_MAXREQS7_USER_RFIFONUM_WIDTH9_121
gmem0_m_axi_U/clk_gate_load_unit_buff_rdata_genblk1_U_fifo_mem_mem_reg_78_       3.9900     0.0      0.0000       3.9900 0.0000 SNPS_CLOCK_GATE_HIGH_tinytpu_isa_gmem0_m_axi_CONSERVATIVE1_NUM_READ_OUTSTANDING16_NUM_WRITE_OUTSTANDING16_MAX_READ_BURST_LENGTH16_MAX_WRITE_BURST_LENGTH16_C_M_AXI_ID_WIDTH1_C_M_AXI_ADDR_WIDTH64_C_M_AXI_DATA_WIDTH512_C_M_AXI_AWUSER_WIDTH1_C_M_AXI_ARUSER_WIDTH1_C_M_AXI_WUSER_WIDTH1_C_M_AXI_RUSER_WIDTH1_C_M_AXI_BUSER_WIDTH1_C_USER_VALUE0_C_PROT_VALUE0_C_CACHE_VALUE3_USER_DW512_USER_AW64_USER_MAXREQS7_USER_RFIFONUM_WIDTH9_122
gmem0_m_axi_U/clk_gate_load_unit_buff_rdata_genblk1_U_fifo_mem_mem_reg_79_       3.9900     0.0      0.0000       3.9900 0.0000 SNPS_CLOCK_GATE_HIGH_tinytpu_isa_gmem0_m_axi_CONSERVATIVE1_NUM_READ_OUTSTANDING16_NUM_WRITE_OUTSTANDING16_MAX_READ_BURST_LENGTH16_MAX_WRITE_BURST_LENGTH16_C_M_AXI_ID_WIDTH1_C_M_AXI_ADDR_WIDTH64_C_M_AXI_DATA_WIDTH512_C_M_AXI_AWUSER_WIDTH1_C_M_AXI_ARUSER_WIDTH1_C_M_AXI_WUSER_WIDTH1_C_M_AXI_RUSER_WIDTH1_C_M_AXI_BUSER_WIDTH1_C_USER_VALUE0_C_PROT_VALUE0_C_CACHE_VALUE3_USER_DW512_USER_AW64_USER_MAXREQS7_USER_RFIFONUM_WIDTH9_123
gmem0_m_axi_U/clk_gate_load_unit_buff_rdata_genblk1_U_fifo_mem_mem_reg_7_       3.9900     0.0      0.0000       3.9900 0.0000 SNPS_CLOCK_GATE_HIGH_tinytpu_isa_gmem0_m_axi_CONSERVATIVE1_NUM_READ_OUTSTANDING16_NUM_WRITE_OUTSTANDING16_MAX_READ_BURST_LENGTH16_MAX_WRITE_BURST_LENGTH16_C_M_AXI_ID_WIDTH1_C_M_AXI_ADDR_WIDTH64_C_M_AXI_DATA_WIDTH512_C_M_AXI_AWUSER_WIDTH1_C_M_AXI_ARUSER_WIDTH1_C_M_AXI_WUSER_WIDTH1_C_M_AXI_RUSER_WIDTH1_C_M_AXI_BUSER_WIDTH1_C_USER_VALUE0_C_PROT_VALUE0_C_CACHE_VALUE3_USER_DW512_USER_AW64_USER_MAXREQS7_USER_RFIFONUM_WIDTH9_51
gmem0_m_axi_U/clk_gate_load_unit_buff_rdata_genblk1_U_fifo_mem_mem_reg_80_       3.9900     0.0      0.0000       3.9900 0.0000 SNPS_CLOCK_GATE_HIGH_tinytpu_isa_gmem0_m_axi_CONSERVATIVE1_NUM_READ_OUTSTANDING16_NUM_WRITE_OUTSTANDING16_MAX_READ_BURST_LENGTH16_MAX_WRITE_BURST_LENGTH16_C_M_AXI_ID_WIDTH1_C_M_AXI_ADDR_WIDTH64_C_M_AXI_DATA_WIDTH512_C_M_AXI_AWUSER_WIDTH1_C_M_AXI_ARUSER_WIDTH1_C_M_AXI_WUSER_WIDTH1_C_M_AXI_RUSER_WIDTH1_C_M_AXI_BUSER_WIDTH1_C_USER_VALUE0_C_PROT_VALUE0_C_CACHE_VALUE3_USER_DW512_USER_AW64_USER_MAXREQS7_USER_RFIFONUM_WIDTH9_124
gmem0_m_axi_U/clk_gate_load_unit_buff_rdata_genblk1_U_fifo_mem_mem_reg_81_       3.9900     0.0      0.0000       3.9900 0.0000 SNPS_CLOCK_GATE_HIGH_tinytpu_isa_gmem0_m_axi_CONSERVATIVE1_NUM_READ_OUTSTANDING16_NUM_WRITE_OUTSTANDING16_MAX_READ_BURST_LENGTH16_MAX_WRITE_BURST_LENGTH16_C_M_AXI_ID_WIDTH1_C_M_AXI_ADDR_WIDTH64_C_M_AXI_DATA_WIDTH512_C_M_AXI_AWUSER_WIDTH1_C_M_AXI_ARUSER_WIDTH1_C_M_AXI_WUSER_WIDTH1_C_M_AXI_RUSER_WIDTH1_C_M_AXI_BUSER_WIDTH1_C_USER_VALUE0_C_PROT_VALUE0_C_CACHE_VALUE3_USER_DW512_USER_AW64_USER_MAXREQS7_USER_RFIFONUM_WIDTH9_125
gmem0_m_axi_U/clk_gate_load_unit_buff_rdata_genblk1_U_fifo_mem_mem_reg_82_       3.9900     0.0      0.0000       3.9900 0.0000 SNPS_CLOCK_GATE_HIGH_tinytpu_isa_gmem0_m_axi_CONSERVATIVE1_NUM_READ_OUTSTANDING16_NUM_WRITE_OUTSTANDING16_MAX_READ_BURST_LENGTH16_MAX_WRITE_BURST_LENGTH16_C_M_AXI_ID_WIDTH1_C_M_AXI_ADDR_WIDTH64_C_M_AXI_DATA_WIDTH512_C_M_AXI_AWUSER_WIDTH1_C_M_AXI_ARUSER_WIDTH1_C_M_AXI_WUSER_WIDTH1_C_M_AXI_RUSER_WIDTH1_C_M_AXI_BUSER_WIDTH1_C_USER_VALUE0_C_PROT_VALUE0_C_CACHE_VALUE3_USER_DW512_USER_AW64_USER_MAXREQS7_USER_RFIFONUM_WIDTH9_126
gmem0_m_axi_U/clk_gate_load_unit_buff_rdata_genblk1_U_fifo_mem_mem_reg_83_       3.9900     0.0      0.0000       3.9900 0.0000 SNPS_CLOCK_GATE_HIGH_tinytpu_isa_gmem0_m_axi_CONSERVATIVE1_NUM_READ_OUTSTANDING16_NUM_WRITE_OUTSTANDING16_MAX_READ_BURST_LENGTH16_MAX_WRITE_BURST_LENGTH16_C_M_AXI_ID_WIDTH1_C_M_AXI_ADDR_WIDTH64_C_M_AXI_DATA_WIDTH512_C_M_AXI_AWUSER_WIDTH1_C_M_AXI_ARUSER_WIDTH1_C_M_AXI_WUSER_WIDTH1_C_M_AXI_RUSER_WIDTH1_C_M_AXI_BUSER_WIDTH1_C_USER_VALUE0_C_PROT_VALUE0_C_CACHE_VALUE3_USER_DW512_USER_AW64_USER_MAXREQS7_USER_RFIFONUM_WIDTH9_127
gmem0_m_axi_U/clk_gate_load_unit_buff_rdata_genblk1_U_fifo_mem_mem_reg_84_       3.9900     0.0      0.0000       3.9900 0.0000 SNPS_CLOCK_GATE_HIGH_tinytpu_isa_gmem0_m_axi_CONSERVATIVE1_NUM_READ_OUTSTANDING16_NUM_WRITE_OUTSTANDING16_MAX_READ_BURST_LENGTH16_MAX_WRITE_BURST_LENGTH16_C_M_AXI_ID_WIDTH1_C_M_AXI_ADDR_WIDTH64_C_M_AXI_DATA_WIDTH512_C_M_AXI_AWUSER_WIDTH1_C_M_AXI_ARUSER_WIDTH1_C_M_AXI_WUSER_WIDTH1_C_M_AXI_RUSER_WIDTH1_C_M_AXI_BUSER_WIDTH1_C_USER_VALUE0_C_PROT_VALUE0_C_CACHE_VALUE3_USER_DW512_USER_AW64_USER_MAXREQS7_USER_RFIFONUM_WIDTH9_128
gmem0_m_axi_U/clk_gate_load_unit_buff_rdata_genblk1_U_fifo_mem_mem_reg_85_       3.9900     0.0      0.0000       3.9900 0.0000 SNPS_CLOCK_GATE_HIGH_tinytpu_isa_gmem0_m_axi_CONSERVATIVE1_NUM_READ_OUTSTANDING16_NUM_WRITE_OUTSTANDING16_MAX_READ_BURST_LENGTH16_MAX_WRITE_BURST_LENGTH16_C_M_AXI_ID_WIDTH1_C_M_AXI_ADDR_WIDTH64_C_M_AXI_DATA_WIDTH512_C_M_AXI_AWUSER_WIDTH1_C_M_AXI_ARUSER_WIDTH1_C_M_AXI_WUSER_WIDTH1_C_M_AXI_RUSER_WIDTH1_C_M_AXI_BUSER_WIDTH1_C_USER_VALUE0_C_PROT_VALUE0_C_CACHE_VALUE3_USER_DW512_USER_AW64_USER_MAXREQS7_USER_RFIFONUM_WIDTH9_129
gmem0_m_axi_U/clk_gate_load_unit_buff_rdata_genblk1_U_fifo_mem_mem_reg_86_       3.9900     0.0      0.0000       3.9900 0.0000 SNPS_CLOCK_GATE_HIGH_tinytpu_isa_gmem0_m_axi_CONSERVATIVE1_NUM_READ_OUTSTANDING16_NUM_WRITE_OUTSTANDING16_MAX_READ_BURST_LENGTH16_MAX_WRITE_BURST_LENGTH16_C_M_AXI_ID_WIDTH1_C_M_AXI_ADDR_WIDTH64_C_M_AXI_DATA_WIDTH512_C_M_AXI_AWUSER_WIDTH1_C_M_AXI_ARUSER_WIDTH1_C_M_AXI_WUSER_WIDTH1_C_M_AXI_RUSER_WIDTH1_C_M_AXI_BUSER_WIDTH1_C_USER_VALUE0_C_PROT_VALUE0_C_CACHE_VALUE3_USER_DW512_USER_AW64_USER_MAXREQS7_USER_RFIFONUM_WIDTH9_130
gmem0_m_axi_U/clk_gate_load_unit_buff_rdata_genblk1_U_fifo_mem_mem_reg_87_       3.9900     0.0      0.0000       3.9900 0.0000 SNPS_CLOCK_GATE_HIGH_tinytpu_isa_gmem0_m_axi_CONSERVATIVE1_NUM_READ_OUTSTANDING16_NUM_WRITE_OUTSTANDING16_MAX_READ_BURST_LENGTH16_MAX_WRITE_BURST_LENGTH16_C_M_AXI_ID_WIDTH1_C_M_AXI_ADDR_WIDTH64_C_M_AXI_DATA_WIDTH512_C_M_AXI_AWUSER_WIDTH1_C_M_AXI_ARUSER_WIDTH1_C_M_AXI_WUSER_WIDTH1_C_M_AXI_RUSER_WIDTH1_C_M_AXI_BUSER_WIDTH1_C_USER_VALUE0_C_PROT_VALUE0_C_CACHE_VALUE3_USER_DW512_USER_AW64_USER_MAXREQS7_USER_RFIFONUM_WIDTH9_131
gmem0_m_axi_U/clk_gate_load_unit_buff_rdata_genblk1_U_fifo_mem_mem_reg_88_       3.9900     0.0      0.0000       3.9900 0.0000 SNPS_CLOCK_GATE_HIGH_tinytpu_isa_gmem0_m_axi_CONSERVATIVE1_NUM_READ_OUTSTANDING16_NUM_WRITE_OUTSTANDING16_MAX_READ_BURST_LENGTH16_MAX_WRITE_BURST_LENGTH16_C_M_AXI_ID_WIDTH1_C_M_AXI_ADDR_WIDTH64_C_M_AXI_DATA_WIDTH512_C_M_AXI_AWUSER_WIDTH1_C_M_AXI_ARUSER_WIDTH1_C_M_AXI_WUSER_WIDTH1_C_M_AXI_RUSER_WIDTH1_C_M_AXI_BUSER_WIDTH1_C_USER_VALUE0_C_PROT_VALUE0_C_CACHE_VALUE3_USER_DW512_USER_AW64_USER_MAXREQS7_USER_RFIFONUM_WIDTH9_132
gmem0_m_axi_U/clk_gate_load_unit_buff_rdata_genblk1_U_fifo_mem_mem_reg_89_       3.9900     0.0      0.0000       3.9900 0.0000 SNPS_CLOCK_GATE_HIGH_tinytpu_isa_gmem0_m_axi_CONSERVATIVE1_NUM_READ_OUTSTANDING16_NUM_WRITE_OUTSTANDING16_MAX_READ_BURST_LENGTH16_MAX_WRITE_BURST_LENGTH16_C_M_AXI_ID_WIDTH1_C_M_AXI_ADDR_WIDTH64_C_M_AXI_DATA_WIDTH512_C_M_AXI_AWUSER_WIDTH1_C_M_AXI_ARUSER_WIDTH1_C_M_AXI_WUSER_WIDTH1_C_M_AXI_RUSER_WIDTH1_C_M_AXI_BUSER_WIDTH1_C_USER_VALUE0_C_PROT_VALUE0_C_CACHE_VALUE3_USER_DW512_USER_AW64_USER_MAXREQS7_USER_RFIFONUM_WIDTH9_133
gmem0_m_axi_U/clk_gate_load_unit_buff_rdata_genblk1_U_fifo_mem_mem_reg_8_       3.9900     0.0      0.0000       3.9900 0.0000 SNPS_CLOCK_GATE_HIGH_tinytpu_isa_gmem0_m_axi_CONSERVATIVE1_NUM_READ_OUTSTANDING16_NUM_WRITE_OUTSTANDING16_MAX_READ_BURST_LENGTH16_MAX_WRITE_BURST_LENGTH16_C_M_AXI_ID_WIDTH1_C_M_AXI_ADDR_WIDTH64_C_M_AXI_DATA_WIDTH512_C_M_AXI_AWUSER_WIDTH1_C_M_AXI_ARUSER_WIDTH1_C_M_AXI_WUSER_WIDTH1_C_M_AXI_RUSER_WIDTH1_C_M_AXI_BUSER_WIDTH1_C_USER_VALUE0_C_PROT_VALUE0_C_CACHE_VALUE3_USER_DW512_USER_AW64_USER_MAXREQS7_USER_RFIFONUM_WIDTH9_52
gmem0_m_axi_U/clk_gate_load_unit_buff_rdata_genblk1_U_fifo_mem_mem_reg_90_       3.9900     0.0      0.0000       3.9900 0.0000 SNPS_CLOCK_GATE_HIGH_tinytpu_isa_gmem0_m_axi_CONSERVATIVE1_NUM_READ_OUTSTANDING16_NUM_WRITE_OUTSTANDING16_MAX_READ_BURST_LENGTH16_MAX_WRITE_BURST_LENGTH16_C_M_AXI_ID_WIDTH1_C_M_AXI_ADDR_WIDTH64_C_M_AXI_DATA_WIDTH512_C_M_AXI_AWUSER_WIDTH1_C_M_AXI_ARUSER_WIDTH1_C_M_AXI_WUSER_WIDTH1_C_M_AXI_RUSER_WIDTH1_C_M_AXI_BUSER_WIDTH1_C_USER_VALUE0_C_PROT_VALUE0_C_CACHE_VALUE3_USER_DW512_USER_AW64_USER_MAXREQS7_USER_RFIFONUM_WIDTH9_134
gmem0_m_axi_U/clk_gate_load_unit_buff_rdata_genblk1_U_fifo_mem_mem_reg_91_       3.9900     0.0      0.0000       3.9900 0.0000 SNPS_CLOCK_GATE_HIGH_tinytpu_isa_gmem0_m_axi_CONSERVATIVE1_NUM_READ_OUTSTANDING16_NUM_WRITE_OUTSTANDING16_MAX_READ_BURST_LENGTH16_MAX_WRITE_BURST_LENGTH16_C_M_AXI_ID_WIDTH1_C_M_AXI_ADDR_WIDTH64_C_M_AXI_DATA_WIDTH512_C_M_AXI_AWUSER_WIDTH1_C_M_AXI_ARUSER_WIDTH1_C_M_AXI_WUSER_WIDTH1_C_M_AXI_RUSER_WIDTH1_C_M_AXI_BUSER_WIDTH1_C_USER_VALUE0_C_PROT_VALUE0_C_CACHE_VALUE3_USER_DW512_USER_AW64_USER_MAXREQS7_USER_RFIFONUM_WIDTH9_135
gmem0_m_axi_U/clk_gate_load_unit_buff_rdata_genblk1_U_fifo_mem_mem_reg_92_       3.9900     0.0      0.0000       3.9900 0.0000 SNPS_CLOCK_GATE_HIGH_tinytpu_isa_gmem0_m_axi_CONSERVATIVE1_NUM_READ_OUTSTANDING16_NUM_WRITE_OUTSTANDING16_MAX_READ_BURST_LENGTH16_MAX_WRITE_BURST_LENGTH16_C_M_AXI_ID_WIDTH1_C_M_AXI_ADDR_WIDTH64_C_M_AXI_DATA_WIDTH512_C_M_AXI_AWUSER_WIDTH1_C_M_AXI_ARUSER_WIDTH1_C_M_AXI_WUSER_WIDTH1_C_M_AXI_RUSER_WIDTH1_C_M_AXI_BUSER_WIDTH1_C_USER_VALUE0_C_PROT_VALUE0_C_CACHE_VALUE3_USER_DW512_USER_AW64_USER_MAXREQS7_USER_RFIFONUM_WIDTH9_136
gmem0_m_axi_U/clk_gate_load_unit_buff_rdata_genblk1_U_fifo_mem_mem_reg_93_       3.9900     0.0      0.0000       3.9900 0.0000 SNPS_CLOCK_GATE_HIGH_tinytpu_isa_gmem0_m_axi_CONSERVATIVE1_NUM_READ_OUTSTANDING16_NUM_WRITE_OUTSTANDING16_MAX_READ_BURST_LENGTH16_MAX_WRITE_BURST_LENGTH16_C_M_AXI_ID_WIDTH1_C_M_AXI_ADDR_WIDTH64_C_M_AXI_DATA_WIDTH512_C_M_AXI_AWUSER_WIDTH1_C_M_AXI_ARUSER_WIDTH1_C_M_AXI_WUSER_WIDTH1_C_M_AXI_RUSER_WIDTH1_C_M_AXI_BUSER_WIDTH1_C_USER_VALUE0_C_PROT_VALUE0_C_CACHE_VALUE3_USER_DW512_USER_AW64_USER_MAXREQS7_USER_RFIFONUM_WIDTH9_137
gmem0_m_axi_U/clk_gate_load_unit_buff_rdata_genblk1_U_fifo_mem_mem_reg_94_       3.9900     0.0      0.0000       3.9900 0.0000 SNPS_CLOCK_GATE_HIGH_tinytpu_isa_gmem0_m_axi_CONSERVATIVE1_NUM_READ_OUTSTANDING16_NUM_WRITE_OUTSTANDING16_MAX_READ_BURST_LENGTH16_MAX_WRITE_BURST_LENGTH16_C_M_AXI_ID_WIDTH1_C_M_AXI_ADDR_WIDTH64_C_M_AXI_DATA_WIDTH512_C_M_AXI_AWUSER_WIDTH1_C_M_AXI_ARUSER_WIDTH1_C_M_AXI_WUSER_WIDTH1_C_M_AXI_RUSER_WIDTH1_C_M_AXI_BUSER_WIDTH1_C_USER_VALUE0_C_PROT_VALUE0_C_CACHE_VALUE3_USER_DW512_USER_AW64_USER_MAXREQS7_USER_RFIFONUM_WIDTH9_138
gmem0_m_axi_U/clk_gate_load_unit_buff_rdata_genblk1_U_fifo_mem_mem_reg_95_       3.9900     0.0      0.0000       3.9900 0.0000 SNPS_CLOCK_GATE_HIGH_tinytpu_isa_gmem0_m_axi_CONSERVATIVE1_NUM_READ_OUTSTANDING16_NUM_WRITE_OUTSTANDING16_MAX_READ_BURST_LENGTH16_MAX_WRITE_BURST_LENGTH16_C_M_AXI_ID_WIDTH1_C_M_AXI_ADDR_WIDTH64_C_M_AXI_DATA_WIDTH512_C_M_AXI_AWUSER_WIDTH1_C_M_AXI_ARUSER_WIDTH1_C_M_AXI_WUSER_WIDTH1_C_M_AXI_RUSER_WIDTH1_C_M_AXI_BUSER_WIDTH1_C_USER_VALUE0_C_PROT_VALUE0_C_CACHE_VALUE3_USER_DW512_USER_AW64_USER_MAXREQS7_USER_RFIFONUM_WIDTH9_139
gmem0_m_axi_U/clk_gate_load_unit_buff_rdata_genblk1_U_fifo_mem_mem_reg_96_       3.9900     0.0      0.0000       3.9900 0.0000 SNPS_CLOCK_GATE_HIGH_tinytpu_isa_gmem0_m_axi_CONSERVATIVE1_NUM_READ_OUTSTANDING16_NUM_WRITE_OUTSTANDING16_MAX_READ_BURST_LENGTH16_MAX_WRITE_BURST_LENGTH16_C_M_AXI_ID_WIDTH1_C_M_AXI_ADDR_WIDTH64_C_M_AXI_DATA_WIDTH512_C_M_AXI_AWUSER_WIDTH1_C_M_AXI_ARUSER_WIDTH1_C_M_AXI_WUSER_WIDTH1_C_M_AXI_RUSER_WIDTH1_C_M_AXI_BUSER_WIDTH1_C_USER_VALUE0_C_PROT_VALUE0_C_CACHE_VALUE3_USER_DW512_USER_AW64_USER_MAXREQS7_USER_RFIFONUM_WIDTH9_140
gmem0_m_axi_U/clk_gate_load_unit_buff_rdata_genblk1_U_fifo_mem_mem_reg_97_       3.9900     0.0      0.0000       3.9900 0.0000 SNPS_CLOCK_GATE_HIGH_tinytpu_isa_gmem0_m_axi_CONSERVATIVE1_NUM_READ_OUTSTANDING16_NUM_WRITE_OUTSTANDING16_MAX_READ_BURST_LENGTH16_MAX_WRITE_BURST_LENGTH16_C_M_AXI_ID_WIDTH1_C_M_AXI_ADDR_WIDTH64_C_M_AXI_DATA_WIDTH512_C_M_AXI_AWUSER_WIDTH1_C_M_AXI_ARUSER_WIDTH1_C_M_AXI_WUSER_WIDTH1_C_M_AXI_RUSER_WIDTH1_C_M_AXI_BUSER_WIDTH1_C_USER_VALUE0_C_PROT_VALUE0_C_CACHE_VALUE3_USER_DW512_USER_AW64_USER_MAXREQS7_USER_RFIFONUM_WIDTH9_141
gmem0_m_axi_U/clk_gate_load_unit_buff_rdata_genblk1_U_fifo_mem_mem_reg_98_       3.9900     0.0      0.0000       3.9900 0.0000 SNPS_CLOCK_GATE_HIGH_tinytpu_isa_gmem0_m_axi_CONSERVATIVE1_NUM_READ_OUTSTANDING16_NUM_WRITE_OUTSTANDING16_MAX_READ_BURST_LENGTH16_MAX_WRITE_BURST_LENGTH16_C_M_AXI_ID_WIDTH1_C_M_AXI_ADDR_WIDTH64_C_M_AXI_DATA_WIDTH512_C_M_AXI_AWUSER_WIDTH1_C_M_AXI_ARUSER_WIDTH1_C_M_AXI_WUSER_WIDTH1_C_M_AXI_RUSER_WIDTH1_C_M_AXI_BUSER_WIDTH1_C_USER_VALUE0_C_PROT_VALUE0_C_CACHE_VALUE3_USER_DW512_USER_AW64_USER_MAXREQS7_USER_RFIFONUM_WIDTH9_142
gmem0_m_axi_U/clk_gate_load_unit_buff_rdata_genblk1_U_fifo_mem_mem_reg_99_       3.9900     0.0      0.0000       3.9900 0.0000 SNPS_CLOCK_GATE_HIGH_tinytpu_isa_gmem0_m_axi_CONSERVATIVE1_NUM_READ_OUTSTANDING16_NUM_WRITE_OUTSTANDING16_MAX_READ_BURST_LENGTH16_MAX_WRITE_BURST_LENGTH16_C_M_AXI_ID_WIDTH1_C_M_AXI_ADDR_WIDTH64_C_M_AXI_DATA_WIDTH512_C_M_AXI_AWUSER_WIDTH1_C_M_AXI_ARUSER_WIDTH1_C_M_AXI_WUSER_WIDTH1_C_M_AXI_RUSER_WIDTH1_C_M_AXI_BUSER_WIDTH1_C_USER_VALUE0_C_PROT_VALUE0_C_CACHE_VALUE3_USER_DW512_USER_AW64_USER_MAXREQS7_USER_RFIFONUM_WIDTH9_143
gmem0_m_axi_U/clk_gate_load_unit_buff_rdata_genblk1_U_fifo_mem_mem_reg_9_       3.9900     0.0      0.0000       3.9900 0.0000 SNPS_CLOCK_GATE_HIGH_tinytpu_isa_gmem0_m_axi_CONSERVATIVE1_NUM_READ_OUTSTANDING16_NUM_WRITE_OUTSTANDING16_MAX_READ_BURST_LENGTH16_MAX_WRITE_BURST_LENGTH16_C_M_AXI_ID_WIDTH1_C_M_AXI_ADDR_WIDTH64_C_M_AXI_DATA_WIDTH512_C_M_AXI_AWUSER_WIDTH1_C_M_AXI_ARUSER_WIDTH1_C_M_AXI_WUSER_WIDTH1_C_M_AXI_RUSER_WIDTH1_C_M_AXI_BUSER_WIDTH1_C_USER_VALUE0_C_PROT_VALUE0_C_CACHE_VALUE3_USER_DW512_USER_AW64_USER_MAXREQS7_USER_RFIFONUM_WIDTH9_53
gmem0_m_axi_U/clk_gate_load_unit_buff_rdata_genblk1_waddr_reg       3.9900     0.0      0.0000       3.9900 0.0000 SNPS_CLOCK_GATE_HIGH_tinytpu_isa_gmem0_m_axi_CONSERVATIVE1_NUM_READ_OUTSTANDING16_NUM_WRITE_OUTSTANDING16_MAX_READ_BURST_LENGTH16_MAX_WRITE_BURST_LENGTH16_C_M_AXI_ID_WIDTH1_C_M_AXI_ADDR_WIDTH64_C_M_AXI_DATA_WIDTH512_C_M_AXI_AWUSER_WIDTH1_C_M_AXI_ARUSER_WIDTH1_C_M_AXI_WUSER_WIDTH1_C_M_AXI_RUSER_WIDTH1_C_M_AXI_BUSER_WIDTH1_C_USER_VALUE0_C_PROT_VALUE0_C_CACHE_VALUE3_USER_DW512_USER_AW64_USER_MAXREQS7_USER_RFIFONUM_WIDTH9_300
gmem0_m_axi_U/clk_gate_load_unit_fifo_rreq_empty_n_reg       3.9900     0.0      0.0000       3.9900 0.0000 SNPS_CLOCK_GATE_HIGH_tinytpu_isa_gmem0_m_axi_CONSERVATIVE1_NUM_READ_OUTSTANDING16_NUM_WRITE_OUTSTANDING16_MAX_READ_BURST_LENGTH16_MAX_WRITE_BURST_LENGTH16_C_M_AXI_ID_WIDTH1_C_M_AXI_ADDR_WIDTH64_C_M_AXI_DATA_WIDTH512_C_M_AXI_AWUSER_WIDTH1_C_M_AXI_ARUSER_WIDTH1_C_M_AXI_WUSER_WIDTH1_C_M_AXI_RUSER_WIDTH1_C_M_AXI_BUSER_WIDTH1_C_USER_VALUE0_C_PROT_VALUE0_C_CACHE_VALUE3_USER_DW512_USER_AW64_USER_MAXREQS7_USER_RFIFONUM_WIDTH9_305
gmem0_m_axi_U/clk_gate_load_unit_fifo_rreq_genblk1_U_fifo_srl_dout_reg       3.9900     0.0      0.0000       3.9900 0.0000 SNPS_CLOCK_GATE_HIGH_tinytpu_isa_gmem0_m_axi_CONSERVATIVE1_NUM_READ_OUTSTANDING16_NUM_WRITE_OUTSTANDING16_MAX_READ_BURST_LENGTH16_MAX_WRITE_BURST_LENGTH16_C_M_AXI_ID_WIDTH1_C_M_AXI_ADDR_WIDTH64_C_M_AXI_DATA_WIDTH512_C_M_AXI_AWUSER_WIDTH1_C_M_AXI_ARUSER_WIDTH1_C_M_AXI_WUSER_WIDTH1_C_M_AXI_RUSER_WIDTH1_C_M_AXI_BUSER_WIDTH1_C_USER_VALUE0_C_PROT_VALUE0_C_CACHE_VALUE3_USER_DW512_USER_AW64_USER_MAXREQS7_USER_RFIFONUM_WIDTH9_303
gmem0_m_axi_U/clk_gate_load_unit_fifo_rreq_genblk1_U_fifo_srl_genblk1_mem_reg_5_       3.9900     0.0      0.0000       3.9900 0.0000 SNPS_CLOCK_GATE_HIGH_tinytpu_isa_gmem0_m_axi_CONSERVATIVE1_NUM_READ_OUTSTANDING16_NUM_WRITE_OUTSTANDING16_MAX_READ_BURST_LENGTH16_MAX_WRITE_BURST_LENGTH16_C_M_AXI_ID_WIDTH1_C_M_AXI_ADDR_WIDTH64_C_M_AXI_DATA_WIDTH512_C_M_AXI_AWUSER_WIDTH1_C_M_AXI_ARUSER_WIDTH1_C_M_AXI_WUSER_WIDTH1_C_M_AXI_RUSER_WIDTH1_C_M_AXI_BUSER_WIDTH1_C_USER_VALUE0_C_PROT_VALUE0_C_CACHE_VALUE3_USER_DW512_USER_AW64_USER_MAXREQS7_USER_RFIFONUM_WIDTH9_302
gmem0_m_axi_U/clk_gate_load_unit_fifo_rreq_genblk1_raddr_reg       3.9900     0.0      0.0000       3.9900 0.0000 SNPS_CLOCK_GATE_HIGH_tinytpu_isa_gmem0_m_axi_CONSERVATIVE1_NUM_READ_OUTSTANDING16_NUM_WRITE_OUTSTANDING16_MAX_READ_BURST_LENGTH16_MAX_WRITE_BURST_LENGTH16_C_M_AXI_ID_WIDTH1_C_M_AXI_ADDR_WIDTH64_C_M_AXI_DATA_WIDTH512_C_M_AXI_AWUSER_WIDTH1_C_M_AXI_ARUSER_WIDTH1_C_M_AXI_WUSER_WIDTH1_C_M_AXI_RUSER_WIDTH1_C_M_AXI_BUSER_WIDTH1_C_USER_VALUE0_C_PROT_VALUE0_C_CACHE_VALUE3_USER_DW512_USER_AW64_USER_MAXREQS7_USER_RFIFONUM_WIDTH9_304
gmem0_m_axi_U/clk_gate_load_unit_tmp_len_reg       3.9900     0.0      0.0000       3.9900 0.0000 SNPS_CLOCK_GATE_HIGH_tinytpu_isa_gmem0_m_axi_CONSERVATIVE1_NUM_READ_OUTSTANDING16_NUM_WRITE_OUTSTANDING16_MAX_READ_BURST_LENGTH16_MAX_WRITE_BURST_LENGTH16_C_M_AXI_ID_WIDTH1_C_M_AXI_ADDR_WIDTH64_C_M_AXI_DATA_WIDTH512_C_M_AXI_AWUSER_WIDTH1_C_M_AXI_ARUSER_WIDTH1_C_M_AXI_WUSER_WIDTH1_C_M_AXI_RUSER_WIDTH1_C_M_AXI_BUSER_WIDTH1_C_USER_VALUE0_C_PROT_VALUE0_C_CACHE_VALUE3_USER_DW512_USER_AW64_USER_MAXREQS7_USER_RFIFONUM_WIDTH9_308
gmem1_m_axi_U                       56643.3686      4.1   11448.1082    44094.0204  0.0000  tinytpu_isa_gmem1_m_axi_CONSERVATIVE1_NUM_READ_OUTSTANDING16_NUM_WRITE_OUTSTANDING16_MAX_READ_BURST_LENGTH16_MAX_WRITE_BURST_LENGTH16_C_M_AXI_ID_WIDTH1_C_M_AXI_ADDR_WIDTH64_C_M_AXI_DATA_WIDTH32_C_M_AXI_AWUSER_WIDTH1_C_M_AXI_ARUSER_WIDTH1_C_M_AXI_WUSER_WIDTH1_C_M_AXI_RUSER_WIDTH1_C_M_AXI_BUSER_WIDTH1_C_USER_VALUE0_C_PROT_VALUE0_C_CACHE_VALUE3_USER_DW32_USER_AW64_USER_MAXREQS7_USER_RFIFONUM_WIDTH9
gmem1_m_axi_U/clk_gate_bus_read_fifo_burst_empty_n_reg       3.9900     0.0      0.0000       3.9900 0.0000 SNPS_CLOCK_GATE_HIGH_tinytpu_isa_gmem1_m_axi_CONSERVATIVE1_NUM_READ_OUTSTANDING16_NUM_WRITE_OUTSTANDING16_MAX_READ_BURST_LENGTH16_MAX_WRITE_BURST_LENGTH16_C_M_AXI_ID_WIDTH1_C_M_AXI_ADDR_WIDTH64_C_M_AXI_DATA_WIDTH32_C_M_AXI_AWUSER_WIDTH1_C_M_AXI_ARUSER_WIDTH1_C_M_AXI_WUSER_WIDTH1_C_M_AXI_RUSER_WIDTH1_C_M_AXI_BUSER_WIDTH1_C_USER_VALUE0_C_PROT_VALUE0_C_CACHE_VALUE3_USER_DW32_USER_AW64_USER_MAXREQS7_USER_RFIFONUM_WIDTH9_5
gmem1_m_axi_U/clk_gate_bus_read_fifo_burst_genblk1_raddr_reg       3.9900     0.0      0.0000       3.9900 0.0000 SNPS_CLOCK_GATE_HIGH_tinytpu_isa_gmem1_m_axi_CONSERVATIVE1_NUM_READ_OUTSTANDING16_NUM_WRITE_OUTSTANDING16_MAX_READ_BURST_LENGTH16_MAX_WRITE_BURST_LENGTH16_C_M_AXI_ID_WIDTH1_C_M_AXI_ADDR_WIDTH64_C_M_AXI_DATA_WIDTH32_C_M_AXI_AWUSER_WIDTH1_C_M_AXI_ARUSER_WIDTH1_C_M_AXI_WUSER_WIDTH1_C_M_AXI_RUSER_WIDTH1_C_M_AXI_BUSER_WIDTH1_C_USER_VALUE0_C_PROT_VALUE0_C_CACHE_VALUE3_USER_DW32_USER_AW64_USER_MAXREQS7_USER_RFIFONUM_WIDTH9_4
gmem1_m_axi_U/clk_gate_bus_read_fifo_rctl_empty_n_reg       3.9900     0.0      0.0000       3.9900 0.0000 SNPS_CLOCK_GATE_HIGH_tinytpu_isa_gmem1_m_axi_CONSERVATIVE1_NUM_READ_OUTSTANDING16_NUM_WRITE_OUTSTANDING16_MAX_READ_BURST_LENGTH16_MAX_WRITE_BURST_LENGTH16_C_M_AXI_ID_WIDTH1_C_M_AXI_ADDR_WIDTH64_C_M_AXI_DATA_WIDTH32_C_M_AXI_AWUSER_WIDTH1_C_M_AXI_ARUSER_WIDTH1_C_M_AXI_WUSER_WIDTH1_C_M_AXI_RUSER_WIDTH1_C_M_AXI_BUSER_WIDTH1_C_USER_VALUE0_C_PROT_VALUE0_C_CACHE_VALUE3_USER_DW32_USER_AW64_USER_MAXREQS7_USER_RFIFONUM_WIDTH9_7
gmem1_m_axi_U/clk_gate_bus_read_fifo_rctl_genblk1_raddr_reg       3.9900     0.0      0.0000       3.9900 0.0000 SNPS_CLOCK_GATE_HIGH_tinytpu_isa_gmem1_m_axi_CONSERVATIVE1_NUM_READ_OUTSTANDING16_NUM_WRITE_OUTSTANDING16_MAX_READ_BURST_LENGTH16_MAX_WRITE_BURST_LENGTH16_C_M_AXI_ID_WIDTH1_C_M_AXI_ADDR_WIDTH64_C_M_AXI_DATA_WIDTH32_C_M_AXI_AWUSER_WIDTH1_C_M_AXI_ARUSER_WIDTH1_C_M_AXI_WUSER_WIDTH1_C_M_AXI_RUSER_WIDTH1_C_M_AXI_BUSER_WIDTH1_C_USER_VALUE0_C_PROT_VALUE0_C_CACHE_VALUE3_USER_DW32_USER_AW64_USER_MAXREQS7_USER_RFIFONUM_WIDTH9_6
gmem1_m_axi_U/clk_gate_bus_read_rreq_burst_conv_could_multi_bursts_addr_step_reg       3.9900     0.0      0.0000       3.9900 0.0000 SNPS_CLOCK_GATE_HIGH_tinytpu_isa_gmem1_m_axi_CONSERVATIVE1_NUM_READ_OUTSTANDING16_NUM_WRITE_OUTSTANDING16_MAX_READ_BURST_LENGTH16_MAX_WRITE_BURST_LENGTH16_C_M_AXI_ID_WIDTH1_C_M_AXI_ADDR_WIDTH64_C_M_AXI_DATA_WIDTH32_C_M_AXI_AWUSER_WIDTH1_C_M_AXI_ARUSER_WIDTH1_C_M_AXI_WUSER_WIDTH1_C_M_AXI_RUSER_WIDTH1_C_M_AXI_BUSER_WIDTH1_C_USER_VALUE0_C_PROT_VALUE0_C_CACHE_VALUE3_USER_DW32_USER_AW64_USER_MAXREQS7_USER_RFIFONUM_WIDTH9_22
gmem1_m_axi_U/clk_gate_bus_read_rreq_burst_conv_could_multi_bursts_last_loop_reg       3.9900     0.0      0.0000       3.9900 0.0000 SNPS_CLOCK_GATE_HIGH_tinytpu_isa_gmem1_m_axi_CONSERVATIVE1_NUM_READ_OUTSTANDING16_NUM_WRITE_OUTSTANDING16_MAX_READ_BURST_LENGTH16_MAX_WRITE_BURST_LENGTH16_C_M_AXI_ID_WIDTH1_C_M_AXI_ADDR_WIDTH64_C_M_AXI_DATA_WIDTH32_C_M_AXI_AWUSER_WIDTH1_C_M_AXI_ARUSER_WIDTH1_C_M_AXI_WUSER_WIDTH1_C_M_AXI_RUSER_WIDTH1_C_M_AXI_BUSER_WIDTH1_C_USER_VALUE0_C_PROT_VALUE0_C_CACHE_VALUE3_USER_DW32_USER_AW64_USER_MAXREQS7_USER_RFIFONUM_WIDTH9_21
gmem1_m_axi_U/clk_gate_bus_read_rreq_burst_conv_end_from_4k_reg       3.9900     0.0      0.0000       3.9900 0.0000 SNPS_CLOCK_GATE_HIGH_tinytpu_isa_gmem1_m_axi_CONSERVATIVE1_NUM_READ_OUTSTANDING16_NUM_WRITE_OUTSTANDING16_MAX_READ_BURST_LENGTH16_MAX_WRITE_BURST_LENGTH16_C_M_AXI_ID_WIDTH1_C_M_AXI_ADDR_WIDTH64_C_M_AXI_DATA_WIDTH32_C_M_AXI_AWUSER_WIDTH1_C_M_AXI_ARUSER_WIDTH1_C_M_AXI_WUSER_WIDTH1_C_M_AXI_RUSER_WIDTH1_C_M_AXI_BUSER_WIDTH1_C_USER_VALUE0_C_PROT_VALUE0_C_CACHE_VALUE3_USER_DW32_USER_AW64_USER_MAXREQS7_USER_RFIFONUM_WIDTH9_18
gmem1_m_axi_U/clk_gate_bus_read_rreq_burst_conv_last_sect_buf_reg       3.9900     0.0      0.0000       3.9900 0.0000 SNPS_CLOCK_GATE_HIGH_tinytpu_isa_gmem1_m_axi_CONSERVATIVE1_NUM_READ_OUTSTANDING16_NUM_WRITE_OUTSTANDING16_MAX_READ_BURST_LENGTH16_MAX_WRITE_BURST_LENGTH16_C_M_AXI_ID_WIDTH1_C_M_AXI_ADDR_WIDTH64_C_M_AXI_DATA_WIDTH32_C_M_AXI_AWUSER_WIDTH1_C_M_AXI_ARUSER_WIDTH1_C_M_AXI_WUSER_WIDTH1_C_M_AXI_RUSER_WIDTH1_C_M_AXI_BUSER_WIDTH1_C_USER_VALUE0_C_PROT_VALUE0_C_CACHE_VALUE3_USER_DW32_USER_AW64_USER_MAXREQS7_USER_RFIFONUM_WIDTH9_20
gmem1_m_axi_U/clk_gate_bus_read_rreq_burst_conv_last_sect_reg       3.9900     0.0      0.0000       3.9900 0.0000 SNPS_CLOCK_GATE_HIGH_tinytpu_isa_gmem1_m_axi_CONSERVATIVE1_NUM_READ_OUTSTANDING16_NUM_WRITE_OUTSTANDING16_MAX_READ_BURST_LENGTH16_MAX_WRITE_BURST_LENGTH16_C_M_AXI_ID_WIDTH1_C_M_AXI_ADDR_WIDTH64_C_M_AXI_DATA_WIDTH32_C_M_AXI_AWUSER_WIDTH1_C_M_AXI_ARUSER_WIDTH1_C_M_AXI_WUSER_WIDTH1_C_M_AXI_RUSER_WIDTH1_C_M_AXI_BUSER_WIDTH1_C_USER_VALUE0_C_PROT_VALUE0_C_CACHE_VALUE3_USER_DW32_USER_AW64_USER_MAXREQS7_USER_RFIFONUM_WIDTH9_19
gmem1_m_axi_U/clk_gate_bus_read_rreq_burst_conv_rs_req_data_p1_reg       3.9900     0.0      0.0000       3.9900 0.0000 SNPS_CLOCK_GATE_HIGH_tinytpu_isa_gmem1_m_axi_CONSERVATIVE1_NUM_READ_OUTSTANDING16_NUM_WRITE_OUTSTANDING16_MAX_READ_BURST_LENGTH16_MAX_WRITE_BURST_LENGTH16_C_M_AXI_ID_WIDTH1_C_M_AXI_ADDR_WIDTH64_C_M_AXI_DATA_WIDTH32_C_M_AXI_AWUSER_WIDTH1_C_M_AXI_ARUSER_WIDTH1_C_M_AXI_WUSER_WIDTH1_C_M_AXI_RUSER_WIDTH1_C_M_AXI_BUSER_WIDTH1_C_USER_VALUE0_C_PROT_VALUE0_C_CACHE_VALUE3_USER_DW32_USER_AW64_USER_MAXREQS7_USER_RFIFONUM_WIDTH9_14
gmem1_m_axi_U/clk_gate_bus_read_rreq_burst_conv_rs_req_data_p2_reg       3.9900     0.0      0.0000       3.9900 0.0000 SNPS_CLOCK_GATE_HIGH_tinytpu_isa_gmem1_m_axi_CONSERVATIVE1_NUM_READ_OUTSTANDING16_NUM_WRITE_OUTSTANDING16_MAX_READ_BURST_LENGTH16_MAX_WRITE_BURST_LENGTH16_C_M_AXI_ID_WIDTH1_C_M_AXI_ADDR_WIDTH64_C_M_AXI_DATA_WIDTH32_C_M_AXI_AWUSER_WIDTH1_C_M_AXI_ARUSER_WIDTH1_C_M_AXI_WUSER_WIDTH1_C_M_AXI_RUSER_WIDTH1_C_M_AXI_BUSER_WIDTH1_C_USER_VALUE0_C_PROT_VALUE0_C_CACHE_VALUE3_USER_DW32_USER_AW64_USER_MAXREQS7_USER_RFIFONUM_WIDTH9_15
gmem1_m_axi_U/clk_gate_bus_read_rs_rdata_data_p1_reg       3.9900     0.0      0.0000       3.9900 0.0000 SNPS_CLOCK_GATE_HIGH_tinytpu_isa_gmem1_m_axi_CONSERVATIVE1_NUM_READ_OUTSTANDING16_NUM_WRITE_OUTSTANDING16_MAX_READ_BURST_LENGTH16_MAX_WRITE_BURST_LENGTH16_C_M_AXI_ID_WIDTH1_C_M_AXI_ADDR_WIDTH64_C_M_AXI_DATA_WIDTH32_C_M_AXI_AWUSER_WIDTH1_C_M_AXI_ARUSER_WIDTH1_C_M_AXI_WUSER_WIDTH1_C_M_AXI_RUSER_WIDTH1_C_M_AXI_BUSER_WIDTH1_C_USER_VALUE0_C_PROT_VALUE0_C_CACHE_VALUE3_USER_DW32_USER_AW64_USER_MAXREQS7_USER_RFIFONUM_WIDTH9_12
gmem1_m_axi_U/clk_gate_bus_read_rs_rdata_data_p2_reg       3.9900     0.0      0.0000       3.9900 0.0000 SNPS_CLOCK_GATE_HIGH_tinytpu_isa_gmem1_m_axi_CONSERVATIVE1_NUM_READ_OUTSTANDING16_NUM_WRITE_OUTSTANDING16_MAX_READ_BURST_LENGTH16_MAX_WRITE_BURST_LENGTH16_C_M_AXI_ID_WIDTH1_C_M_AXI_ADDR_WIDTH64_C_M_AXI_DATA_WIDTH32_C_M_AXI_AWUSER_WIDTH1_C_M_AXI_ARUSER_WIDTH1_C_M_AXI_WUSER_WIDTH1_C_M_AXI_RUSER_WIDTH1_C_M_AXI_BUSER_WIDTH1_C_USER_VALUE0_C_PROT_VALUE0_C_CACHE_VALUE3_USER_DW32_USER_AW64_USER_MAXREQS7_USER_RFIFONUM_WIDTH9_13
gmem1_m_axi_U/clk_gate_load_unit_buff_rdata_empty_n_reg       3.9900     0.0      0.0000       3.9900 0.0000 SNPS_CLOCK_GATE_HIGH_tinytpu_isa_gmem1_m_axi_CONSERVATIVE1_NUM_READ_OUTSTANDING16_NUM_WRITE_OUTSTANDING16_MAX_READ_BURST_LENGTH16_MAX_WRITE_BURST_LENGTH16_C_M_AXI_ID_WIDTH1_C_M_AXI_ADDR_WIDTH64_C_M_AXI_DATA_WIDTH32_C_M_AXI_AWUSER_WIDTH1_C_M_AXI_ARUSER_WIDTH1_C_M_AXI_WUSER_WIDTH1_C_M_AXI_RUSER_WIDTH1_C_M_AXI_BUSER_WIDTH1_C_USER_VALUE0_C_PROT_VALUE0_C_CACHE_VALUE3_USER_DW32_USER_AW64_USER_MAXREQS7_USER_RFIFONUM_WIDTH9_301
gmem1_m_axi_U/clk_gate_load_unit_buff_rdata_genblk1_U_fifo_mem_dout_reg       3.9900     0.0      0.0000       3.9900 0.0000 SNPS_CLOCK_GATE_HIGH_tinytpu_isa_gmem1_m_axi_CONSERVATIVE1_NUM_READ_OUTSTANDING16_NUM_WRITE_OUTSTANDING16_MAX_READ_BURST_LENGTH16_MAX_WRITE_BURST_LENGTH16_C_M_AXI_ID_WIDTH1_C_M_AXI_ADDR_WIDTH64_C_M_AXI_DATA_WIDTH32_C_M_AXI_AWUSER_WIDTH1_C_M_AXI_ARUSER_WIDTH1_C_M_AXI_WUSER_WIDTH1_C_M_AXI_RUSER_WIDTH1_C_M_AXI_BUSER_WIDTH1_C_USER_VALUE0_C_PROT_VALUE0_C_CACHE_VALUE3_USER_DW32_USER_AW64_USER_MAXREQS7_USER_RFIFONUM_WIDTH9_299
gmem1_m_axi_U/clk_gate_load_unit_buff_rdata_genblk1_U_fifo_mem_mem_reg_0_       3.9900     0.0      0.0000       3.9900 0.0000 SNPS_CLOCK_GATE_HIGH_tinytpu_isa_gmem1_m_axi_CONSERVATIVE1_NUM_READ_OUTSTANDING16_NUM_WRITE_OUTSTANDING16_MAX_READ_BURST_LENGTH16_MAX_WRITE_BURST_LENGTH16_C_M_AXI_ID_WIDTH1_C_M_AXI_ADDR_WIDTH64_C_M_AXI_DATA_WIDTH32_C_M_AXI_AWUSER_WIDTH1_C_M_AXI_ARUSER_WIDTH1_C_M_AXI_WUSER_WIDTH1_C_M_AXI_RUSER_WIDTH1_C_M_AXI_BUSER_WIDTH1_C_USER_VALUE0_C_PROT_VALUE0_C_CACHE_VALUE3_USER_DW32_USER_AW64_USER_MAXREQS7_USER_RFIFONUM_WIDTH9_44
gmem1_m_axi_U/clk_gate_load_unit_buff_rdata_genblk1_U_fifo_mem_mem_reg_100_       3.9900     0.0      0.0000       3.9900 0.0000 SNPS_CLOCK_GATE_HIGH_tinytpu_isa_gmem1_m_axi_CONSERVATIVE1_NUM_READ_OUTSTANDING16_NUM_WRITE_OUTSTANDING16_MAX_READ_BURST_LENGTH16_MAX_WRITE_BURST_LENGTH16_C_M_AXI_ID_WIDTH1_C_M_AXI_ADDR_WIDTH64_C_M_AXI_DATA_WIDTH32_C_M_AXI_AWUSER_WIDTH1_C_M_AXI_ARUSER_WIDTH1_C_M_AXI_WUSER_WIDTH1_C_M_AXI_RUSER_WIDTH1_C_M_AXI_BUSER_WIDTH1_C_USER_VALUE0_C_PROT_VALUE0_C_CACHE_VALUE3_USER_DW32_USER_AW64_USER_MAXREQS7_USER_RFIFONUM_WIDTH9_144
gmem1_m_axi_U/clk_gate_load_unit_buff_rdata_genblk1_U_fifo_mem_mem_reg_101_       3.9900     0.0      0.0000       3.9900 0.0000 SNPS_CLOCK_GATE_HIGH_tinytpu_isa_gmem1_m_axi_CONSERVATIVE1_NUM_READ_OUTSTANDING16_NUM_WRITE_OUTSTANDING16_MAX_READ_BURST_LENGTH16_MAX_WRITE_BURST_LENGTH16_C_M_AXI_ID_WIDTH1_C_M_AXI_ADDR_WIDTH64_C_M_AXI_DATA_WIDTH32_C_M_AXI_AWUSER_WIDTH1_C_M_AXI_ARUSER_WIDTH1_C_M_AXI_WUSER_WIDTH1_C_M_AXI_RUSER_WIDTH1_C_M_AXI_BUSER_WIDTH1_C_USER_VALUE0_C_PROT_VALUE0_C_CACHE_VALUE3_USER_DW32_USER_AW64_USER_MAXREQS7_USER_RFIFONUM_WIDTH9_145
gmem1_m_axi_U/clk_gate_load_unit_buff_rdata_genblk1_U_fifo_mem_mem_reg_102_       3.9900     0.0      0.0000       3.9900 0.0000 SNPS_CLOCK_GATE_HIGH_tinytpu_isa_gmem1_m_axi_CONSERVATIVE1_NUM_READ_OUTSTANDING16_NUM_WRITE_OUTSTANDING16_MAX_READ_BURST_LENGTH16_MAX_WRITE_BURST_LENGTH16_C_M_AXI_ID_WIDTH1_C_M_AXI_ADDR_WIDTH64_C_M_AXI_DATA_WIDTH32_C_M_AXI_AWUSER_WIDTH1_C_M_AXI_ARUSER_WIDTH1_C_M_AXI_WUSER_WIDTH1_C_M_AXI_RUSER_WIDTH1_C_M_AXI_BUSER_WIDTH1_C_USER_VALUE0_C_PROT_VALUE0_C_CACHE_VALUE3_USER_DW32_USER_AW64_USER_MAXREQS7_USER_RFIFONUM_WIDTH9_146
gmem1_m_axi_U/clk_gate_load_unit_buff_rdata_genblk1_U_fifo_mem_mem_reg_103_       3.9900     0.0      0.0000       3.9900 0.0000 SNPS_CLOCK_GATE_HIGH_tinytpu_isa_gmem1_m_axi_CONSERVATIVE1_NUM_READ_OUTSTANDING16_NUM_WRITE_OUTSTANDING16_MAX_READ_BURST_LENGTH16_MAX_WRITE_BURST_LENGTH16_C_M_AXI_ID_WIDTH1_C_M_AXI_ADDR_WIDTH64_C_M_AXI_DATA_WIDTH32_C_M_AXI_AWUSER_WIDTH1_C_M_AXI_ARUSER_WIDTH1_C_M_AXI_WUSER_WIDTH1_C_M_AXI_RUSER_WIDTH1_C_M_AXI_BUSER_WIDTH1_C_USER_VALUE0_C_PROT_VALUE0_C_CACHE_VALUE3_USER_DW32_USER_AW64_USER_MAXREQS7_USER_RFIFONUM_WIDTH9_147
gmem1_m_axi_U/clk_gate_load_unit_buff_rdata_genblk1_U_fifo_mem_mem_reg_104_       3.9900     0.0      0.0000       3.9900 0.0000 SNPS_CLOCK_GATE_HIGH_tinytpu_isa_gmem1_m_axi_CONSERVATIVE1_NUM_READ_OUTSTANDING16_NUM_WRITE_OUTSTANDING16_MAX_READ_BURST_LENGTH16_MAX_WRITE_BURST_LENGTH16_C_M_AXI_ID_WIDTH1_C_M_AXI_ADDR_WIDTH64_C_M_AXI_DATA_WIDTH32_C_M_AXI_AWUSER_WIDTH1_C_M_AXI_ARUSER_WIDTH1_C_M_AXI_WUSER_WIDTH1_C_M_AXI_RUSER_WIDTH1_C_M_AXI_BUSER_WIDTH1_C_USER_VALUE0_C_PROT_VALUE0_C_CACHE_VALUE3_USER_DW32_USER_AW64_USER_MAXREQS7_USER_RFIFONUM_WIDTH9_148
gmem1_m_axi_U/clk_gate_load_unit_buff_rdata_genblk1_U_fifo_mem_mem_reg_105_       3.9900     0.0      0.0000       3.9900 0.0000 SNPS_CLOCK_GATE_HIGH_tinytpu_isa_gmem1_m_axi_CONSERVATIVE1_NUM_READ_OUTSTANDING16_NUM_WRITE_OUTSTANDING16_MAX_READ_BURST_LENGTH16_MAX_WRITE_BURST_LENGTH16_C_M_AXI_ID_WIDTH1_C_M_AXI_ADDR_WIDTH64_C_M_AXI_DATA_WIDTH32_C_M_AXI_AWUSER_WIDTH1_C_M_AXI_ARUSER_WIDTH1_C_M_AXI_WUSER_WIDTH1_C_M_AXI_RUSER_WIDTH1_C_M_AXI_BUSER_WIDTH1_C_USER_VALUE0_C_PROT_VALUE0_C_CACHE_VALUE3_USER_DW32_USER_AW64_USER_MAXREQS7_USER_RFIFONUM_WIDTH9_149
gmem1_m_axi_U/clk_gate_load_unit_buff_rdata_genblk1_U_fifo_mem_mem_reg_106_       3.9900     0.0      0.0000       3.9900 0.0000 SNPS_CLOCK_GATE_HIGH_tinytpu_isa_gmem1_m_axi_CONSERVATIVE1_NUM_READ_OUTSTANDING16_NUM_WRITE_OUTSTANDING16_MAX_READ_BURST_LENGTH16_MAX_WRITE_BURST_LENGTH16_C_M_AXI_ID_WIDTH1_C_M_AXI_ADDR_WIDTH64_C_M_AXI_DATA_WIDTH32_C_M_AXI_AWUSER_WIDTH1_C_M_AXI_ARUSER_WIDTH1_C_M_AXI_WUSER_WIDTH1_C_M_AXI_RUSER_WIDTH1_C_M_AXI_BUSER_WIDTH1_C_USER_VALUE0_C_PROT_VALUE0_C_CACHE_VALUE3_USER_DW32_USER_AW64_USER_MAXREQS7_USER_RFIFONUM_WIDTH9_150
gmem1_m_axi_U/clk_gate_load_unit_buff_rdata_genblk1_U_fifo_mem_mem_reg_107_       3.9900     0.0      0.0000       3.9900 0.0000 SNPS_CLOCK_GATE_HIGH_tinytpu_isa_gmem1_m_axi_CONSERVATIVE1_NUM_READ_OUTSTANDING16_NUM_WRITE_OUTSTANDING16_MAX_READ_BURST_LENGTH16_MAX_WRITE_BURST_LENGTH16_C_M_AXI_ID_WIDTH1_C_M_AXI_ADDR_WIDTH64_C_M_AXI_DATA_WIDTH32_C_M_AXI_AWUSER_WIDTH1_C_M_AXI_ARUSER_WIDTH1_C_M_AXI_WUSER_WIDTH1_C_M_AXI_RUSER_WIDTH1_C_M_AXI_BUSER_WIDTH1_C_USER_VALUE0_C_PROT_VALUE0_C_CACHE_VALUE3_USER_DW32_USER_AW64_USER_MAXREQS7_USER_RFIFONUM_WIDTH9_151
gmem1_m_axi_U/clk_gate_load_unit_buff_rdata_genblk1_U_fifo_mem_mem_reg_108_       3.9900     0.0      0.0000       3.9900 0.0000 SNPS_CLOCK_GATE_HIGH_tinytpu_isa_gmem1_m_axi_CONSERVATIVE1_NUM_READ_OUTSTANDING16_NUM_WRITE_OUTSTANDING16_MAX_READ_BURST_LENGTH16_MAX_WRITE_BURST_LENGTH16_C_M_AXI_ID_WIDTH1_C_M_AXI_ADDR_WIDTH64_C_M_AXI_DATA_WIDTH32_C_M_AXI_AWUSER_WIDTH1_C_M_AXI_ARUSER_WIDTH1_C_M_AXI_WUSER_WIDTH1_C_M_AXI_RUSER_WIDTH1_C_M_AXI_BUSER_WIDTH1_C_USER_VALUE0_C_PROT_VALUE0_C_CACHE_VALUE3_USER_DW32_USER_AW64_USER_MAXREQS7_USER_RFIFONUM_WIDTH9_152
gmem1_m_axi_U/clk_gate_load_unit_buff_rdata_genblk1_U_fifo_mem_mem_reg_109_       3.9900     0.0      0.0000       3.9900 0.0000 SNPS_CLOCK_GATE_HIGH_tinytpu_isa_gmem1_m_axi_CONSERVATIVE1_NUM_READ_OUTSTANDING16_NUM_WRITE_OUTSTANDING16_MAX_READ_BURST_LENGTH16_MAX_WRITE_BURST_LENGTH16_C_M_AXI_ID_WIDTH1_C_M_AXI_ADDR_WIDTH64_C_M_AXI_DATA_WIDTH32_C_M_AXI_AWUSER_WIDTH1_C_M_AXI_ARUSER_WIDTH1_C_M_AXI_WUSER_WIDTH1_C_M_AXI_RUSER_WIDTH1_C_M_AXI_BUSER_WIDTH1_C_USER_VALUE0_C_PROT_VALUE0_C_CACHE_VALUE3_USER_DW32_USER_AW64_USER_MAXREQS7_USER_RFIFONUM_WIDTH9_153
gmem1_m_axi_U/clk_gate_load_unit_buff_rdata_genblk1_U_fifo_mem_mem_reg_10_       3.9900     0.0      0.0000       3.9900 0.0000 SNPS_CLOCK_GATE_HIGH_tinytpu_isa_gmem1_m_axi_CONSERVATIVE1_NUM_READ_OUTSTANDING16_NUM_WRITE_OUTSTANDING16_MAX_READ_BURST_LENGTH16_MAX_WRITE_BURST_LENGTH16_C_M_AXI_ID_WIDTH1_C_M_AXI_ADDR_WIDTH64_C_M_AXI_DATA_WIDTH32_C_M_AXI_AWUSER_WIDTH1_C_M_AXI_ARUSER_WIDTH1_C_M_AXI_WUSER_WIDTH1_C_M_AXI_RUSER_WIDTH1_C_M_AXI_BUSER_WIDTH1_C_USER_VALUE0_C_PROT_VALUE0_C_CACHE_VALUE3_USER_DW32_USER_AW64_USER_MAXREQS7_USER_RFIFONUM_WIDTH9_54
gmem1_m_axi_U/clk_gate_load_unit_buff_rdata_genblk1_U_fifo_mem_mem_reg_110_       3.9900     0.0      0.0000       3.9900 0.0000 SNPS_CLOCK_GATE_HIGH_tinytpu_isa_gmem1_m_axi_CONSERVATIVE1_NUM_READ_OUTSTANDING16_NUM_WRITE_OUTSTANDING16_MAX_READ_BURST_LENGTH16_MAX_WRITE_BURST_LENGTH16_C_M_AXI_ID_WIDTH1_C_M_AXI_ADDR_WIDTH64_C_M_AXI_DATA_WIDTH32_C_M_AXI_AWUSER_WIDTH1_C_M_AXI_ARUSER_WIDTH1_C_M_AXI_WUSER_WIDTH1_C_M_AXI_RUSER_WIDTH1_C_M_AXI_BUSER_WIDTH1_C_USER_VALUE0_C_PROT_VALUE0_C_CACHE_VALUE3_USER_DW32_USER_AW64_USER_MAXREQS7_USER_RFIFONUM_WIDTH9_154
gmem1_m_axi_U/clk_gate_load_unit_buff_rdata_genblk1_U_fifo_mem_mem_reg_111_       3.9900     0.0      0.0000       3.9900 0.0000 SNPS_CLOCK_GATE_HIGH_tinytpu_isa_gmem1_m_axi_CONSERVATIVE1_NUM_READ_OUTSTANDING16_NUM_WRITE_OUTSTANDING16_MAX_READ_BURST_LENGTH16_MAX_WRITE_BURST_LENGTH16_C_M_AXI_ID_WIDTH1_C_M_AXI_ADDR_WIDTH64_C_M_AXI_DATA_WIDTH32_C_M_AXI_AWUSER_WIDTH1_C_M_AXI_ARUSER_WIDTH1_C_M_AXI_WUSER_WIDTH1_C_M_AXI_RUSER_WIDTH1_C_M_AXI_BUSER_WIDTH1_C_USER_VALUE0_C_PROT_VALUE0_C_CACHE_VALUE3_USER_DW32_USER_AW64_USER_MAXREQS7_USER_RFIFONUM_WIDTH9_155
gmem1_m_axi_U/clk_gate_load_unit_buff_rdata_genblk1_U_fifo_mem_mem_reg_112_       3.9900     0.0      0.0000       3.9900 0.0000 SNPS_CLOCK_GATE_HIGH_tinytpu_isa_gmem1_m_axi_CONSERVATIVE1_NUM_READ_OUTSTANDING16_NUM_WRITE_OUTSTANDING16_MAX_READ_BURST_LENGTH16_MAX_WRITE_BURST_LENGTH16_C_M_AXI_ID_WIDTH1_C_M_AXI_ADDR_WIDTH64_C_M_AXI_DATA_WIDTH32_C_M_AXI_AWUSER_WIDTH1_C_M_AXI_ARUSER_WIDTH1_C_M_AXI_WUSER_WIDTH1_C_M_AXI_RUSER_WIDTH1_C_M_AXI_BUSER_WIDTH1_C_USER_VALUE0_C_PROT_VALUE0_C_CACHE_VALUE3_USER_DW32_USER_AW64_USER_MAXREQS7_USER_RFIFONUM_WIDTH9_156
gmem1_m_axi_U/clk_gate_load_unit_buff_rdata_genblk1_U_fifo_mem_mem_reg_113_       3.9900     0.0      0.0000       3.9900 0.0000 SNPS_CLOCK_GATE_HIGH_tinytpu_isa_gmem1_m_axi_CONSERVATIVE1_NUM_READ_OUTSTANDING16_NUM_WRITE_OUTSTANDING16_MAX_READ_BURST_LENGTH16_MAX_WRITE_BURST_LENGTH16_C_M_AXI_ID_WIDTH1_C_M_AXI_ADDR_WIDTH64_C_M_AXI_DATA_WIDTH32_C_M_AXI_AWUSER_WIDTH1_C_M_AXI_ARUSER_WIDTH1_C_M_AXI_WUSER_WIDTH1_C_M_AXI_RUSER_WIDTH1_C_M_AXI_BUSER_WIDTH1_C_USER_VALUE0_C_PROT_VALUE0_C_CACHE_VALUE3_USER_DW32_USER_AW64_USER_MAXREQS7_USER_RFIFONUM_WIDTH9_157
gmem1_m_axi_U/clk_gate_load_unit_buff_rdata_genblk1_U_fifo_mem_mem_reg_114_       3.9900     0.0      0.0000       3.9900 0.0000 SNPS_CLOCK_GATE_HIGH_tinytpu_isa_gmem1_m_axi_CONSERVATIVE1_NUM_READ_OUTSTANDING16_NUM_WRITE_OUTSTANDING16_MAX_READ_BURST_LENGTH16_MAX_WRITE_BURST_LENGTH16_C_M_AXI_ID_WIDTH1_C_M_AXI_ADDR_WIDTH64_C_M_AXI_DATA_WIDTH32_C_M_AXI_AWUSER_WIDTH1_C_M_AXI_ARUSER_WIDTH1_C_M_AXI_WUSER_WIDTH1_C_M_AXI_RUSER_WIDTH1_C_M_AXI_BUSER_WIDTH1_C_USER_VALUE0_C_PROT_VALUE0_C_CACHE_VALUE3_USER_DW32_USER_AW64_USER_MAXREQS7_USER_RFIFONUM_WIDTH9_158
gmem1_m_axi_U/clk_gate_load_unit_buff_rdata_genblk1_U_fifo_mem_mem_reg_115_       3.9900     0.0      0.0000       3.9900 0.0000 SNPS_CLOCK_GATE_HIGH_tinytpu_isa_gmem1_m_axi_CONSERVATIVE1_NUM_READ_OUTSTANDING16_NUM_WRITE_OUTSTANDING16_MAX_READ_BURST_LENGTH16_MAX_WRITE_BURST_LENGTH16_C_M_AXI_ID_WIDTH1_C_M_AXI_ADDR_WIDTH64_C_M_AXI_DATA_WIDTH32_C_M_AXI_AWUSER_WIDTH1_C_M_AXI_ARUSER_WIDTH1_C_M_AXI_WUSER_WIDTH1_C_M_AXI_RUSER_WIDTH1_C_M_AXI_BUSER_WIDTH1_C_USER_VALUE0_C_PROT_VALUE0_C_CACHE_VALUE3_USER_DW32_USER_AW64_USER_MAXREQS7_USER_RFIFONUM_WIDTH9_159
gmem1_m_axi_U/clk_gate_load_unit_buff_rdata_genblk1_U_fifo_mem_mem_reg_116_       3.9900     0.0      0.0000       3.9900 0.0000 SNPS_CLOCK_GATE_HIGH_tinytpu_isa_gmem1_m_axi_CONSERVATIVE1_NUM_READ_OUTSTANDING16_NUM_WRITE_OUTSTANDING16_MAX_READ_BURST_LENGTH16_MAX_WRITE_BURST_LENGTH16_C_M_AXI_ID_WIDTH1_C_M_AXI_ADDR_WIDTH64_C_M_AXI_DATA_WIDTH32_C_M_AXI_AWUSER_WIDTH1_C_M_AXI_ARUSER_WIDTH1_C_M_AXI_WUSER_WIDTH1_C_M_AXI_RUSER_WIDTH1_C_M_AXI_BUSER_WIDTH1_C_USER_VALUE0_C_PROT_VALUE0_C_CACHE_VALUE3_USER_DW32_USER_AW64_USER_MAXREQS7_USER_RFIFONUM_WIDTH9_160
gmem1_m_axi_U/clk_gate_load_unit_buff_rdata_genblk1_U_fifo_mem_mem_reg_117_       3.9900     0.0      0.0000       3.9900 0.0000 SNPS_CLOCK_GATE_HIGH_tinytpu_isa_gmem1_m_axi_CONSERVATIVE1_NUM_READ_OUTSTANDING16_NUM_WRITE_OUTSTANDING16_MAX_READ_BURST_LENGTH16_MAX_WRITE_BURST_LENGTH16_C_M_AXI_ID_WIDTH1_C_M_AXI_ADDR_WIDTH64_C_M_AXI_DATA_WIDTH32_C_M_AXI_AWUSER_WIDTH1_C_M_AXI_ARUSER_WIDTH1_C_M_AXI_WUSER_WIDTH1_C_M_AXI_RUSER_WIDTH1_C_M_AXI_BUSER_WIDTH1_C_USER_VALUE0_C_PROT_VALUE0_C_CACHE_VALUE3_USER_DW32_USER_AW64_USER_MAXREQS7_USER_RFIFONUM_WIDTH9_161
gmem1_m_axi_U/clk_gate_load_unit_buff_rdata_genblk1_U_fifo_mem_mem_reg_118_       3.9900     0.0      0.0000       3.9900 0.0000 SNPS_CLOCK_GATE_HIGH_tinytpu_isa_gmem1_m_axi_CONSERVATIVE1_NUM_READ_OUTSTANDING16_NUM_WRITE_OUTSTANDING16_MAX_READ_BURST_LENGTH16_MAX_WRITE_BURST_LENGTH16_C_M_AXI_ID_WIDTH1_C_M_AXI_ADDR_WIDTH64_C_M_AXI_DATA_WIDTH32_C_M_AXI_AWUSER_WIDTH1_C_M_AXI_ARUSER_WIDTH1_C_M_AXI_WUSER_WIDTH1_C_M_AXI_RUSER_WIDTH1_C_M_AXI_BUSER_WIDTH1_C_USER_VALUE0_C_PROT_VALUE0_C_CACHE_VALUE3_USER_DW32_USER_AW64_USER_MAXREQS7_USER_RFIFONUM_WIDTH9_162
gmem1_m_axi_U/clk_gate_load_unit_buff_rdata_genblk1_U_fifo_mem_mem_reg_119_       3.9900     0.0      0.0000       3.9900 0.0000 SNPS_CLOCK_GATE_HIGH_tinytpu_isa_gmem1_m_axi_CONSERVATIVE1_NUM_READ_OUTSTANDING16_NUM_WRITE_OUTSTANDING16_MAX_READ_BURST_LENGTH16_MAX_WRITE_BURST_LENGTH16_C_M_AXI_ID_WIDTH1_C_M_AXI_ADDR_WIDTH64_C_M_AXI_DATA_WIDTH32_C_M_AXI_AWUSER_WIDTH1_C_M_AXI_ARUSER_WIDTH1_C_M_AXI_WUSER_WIDTH1_C_M_AXI_RUSER_WIDTH1_C_M_AXI_BUSER_WIDTH1_C_USER_VALUE0_C_PROT_VALUE0_C_CACHE_VALUE3_USER_DW32_USER_AW64_USER_MAXREQS7_USER_RFIFONUM_WIDTH9_163
gmem1_m_axi_U/clk_gate_load_unit_buff_rdata_genblk1_U_fifo_mem_mem_reg_11_       3.9900     0.0      0.0000       3.9900 0.0000 SNPS_CLOCK_GATE_HIGH_tinytpu_isa_gmem1_m_axi_CONSERVATIVE1_NUM_READ_OUTSTANDING16_NUM_WRITE_OUTSTANDING16_MAX_READ_BURST_LENGTH16_MAX_WRITE_BURST_LENGTH16_C_M_AXI_ID_WIDTH1_C_M_AXI_ADDR_WIDTH64_C_M_AXI_DATA_WIDTH32_C_M_AXI_AWUSER_WIDTH1_C_M_AXI_ARUSER_WIDTH1_C_M_AXI_WUSER_WIDTH1_C_M_AXI_RUSER_WIDTH1_C_M_AXI_BUSER_WIDTH1_C_USER_VALUE0_C_PROT_VALUE0_C_CACHE_VALUE3_USER_DW32_USER_AW64_USER_MAXREQS7_USER_RFIFONUM_WIDTH9_55
gmem1_m_axi_U/clk_gate_load_unit_buff_rdata_genblk1_U_fifo_mem_mem_reg_120_       3.9900     0.0      0.0000       3.9900 0.0000 SNPS_CLOCK_GATE_HIGH_tinytpu_isa_gmem1_m_axi_CONSERVATIVE1_NUM_READ_OUTSTANDING16_NUM_WRITE_OUTSTANDING16_MAX_READ_BURST_LENGTH16_MAX_WRITE_BURST_LENGTH16_C_M_AXI_ID_WIDTH1_C_M_AXI_ADDR_WIDTH64_C_M_AXI_DATA_WIDTH32_C_M_AXI_AWUSER_WIDTH1_C_M_AXI_ARUSER_WIDTH1_C_M_AXI_WUSER_WIDTH1_C_M_AXI_RUSER_WIDTH1_C_M_AXI_BUSER_WIDTH1_C_USER_VALUE0_C_PROT_VALUE0_C_CACHE_VALUE3_USER_DW32_USER_AW64_USER_MAXREQS7_USER_RFIFONUM_WIDTH9_164
gmem1_m_axi_U/clk_gate_load_unit_buff_rdata_genblk1_U_fifo_mem_mem_reg_121_       3.9900     0.0      0.0000       3.9900 0.0000 SNPS_CLOCK_GATE_HIGH_tinytpu_isa_gmem1_m_axi_CONSERVATIVE1_NUM_READ_OUTSTANDING16_NUM_WRITE_OUTSTANDING16_MAX_READ_BURST_LENGTH16_MAX_WRITE_BURST_LENGTH16_C_M_AXI_ID_WIDTH1_C_M_AXI_ADDR_WIDTH64_C_M_AXI_DATA_WIDTH32_C_M_AXI_AWUSER_WIDTH1_C_M_AXI_ARUSER_WIDTH1_C_M_AXI_WUSER_WIDTH1_C_M_AXI_RUSER_WIDTH1_C_M_AXI_BUSER_WIDTH1_C_USER_VALUE0_C_PROT_VALUE0_C_CACHE_VALUE3_USER_DW32_USER_AW64_USER_MAXREQS7_USER_RFIFONUM_WIDTH9_165
gmem1_m_axi_U/clk_gate_load_unit_buff_rdata_genblk1_U_fifo_mem_mem_reg_122_       3.9900     0.0      0.0000       3.9900 0.0000 SNPS_CLOCK_GATE_HIGH_tinytpu_isa_gmem1_m_axi_CONSERVATIVE1_NUM_READ_OUTSTANDING16_NUM_WRITE_OUTSTANDING16_MAX_READ_BURST_LENGTH16_MAX_WRITE_BURST_LENGTH16_C_M_AXI_ID_WIDTH1_C_M_AXI_ADDR_WIDTH64_C_M_AXI_DATA_WIDTH32_C_M_AXI_AWUSER_WIDTH1_C_M_AXI_ARUSER_WIDTH1_C_M_AXI_WUSER_WIDTH1_C_M_AXI_RUSER_WIDTH1_C_M_AXI_BUSER_WIDTH1_C_USER_VALUE0_C_PROT_VALUE0_C_CACHE_VALUE3_USER_DW32_USER_AW64_USER_MAXREQS7_USER_RFIFONUM_WIDTH9_166
gmem1_m_axi_U/clk_gate_load_unit_buff_rdata_genblk1_U_fifo_mem_mem_reg_123_       3.9900     0.0      0.0000       3.9900 0.0000 SNPS_CLOCK_GATE_HIGH_tinytpu_isa_gmem1_m_axi_CONSERVATIVE1_NUM_READ_OUTSTANDING16_NUM_WRITE_OUTSTANDING16_MAX_READ_BURST_LENGTH16_MAX_WRITE_BURST_LENGTH16_C_M_AXI_ID_WIDTH1_C_M_AXI_ADDR_WIDTH64_C_M_AXI_DATA_WIDTH32_C_M_AXI_AWUSER_WIDTH1_C_M_AXI_ARUSER_WIDTH1_C_M_AXI_WUSER_WIDTH1_C_M_AXI_RUSER_WIDTH1_C_M_AXI_BUSER_WIDTH1_C_USER_VALUE0_C_PROT_VALUE0_C_CACHE_VALUE3_USER_DW32_USER_AW64_USER_MAXREQS7_USER_RFIFONUM_WIDTH9_167
gmem1_m_axi_U/clk_gate_load_unit_buff_rdata_genblk1_U_fifo_mem_mem_reg_124_       3.9900     0.0      0.0000       3.9900 0.0000 SNPS_CLOCK_GATE_HIGH_tinytpu_isa_gmem1_m_axi_CONSERVATIVE1_NUM_READ_OUTSTANDING16_NUM_WRITE_OUTSTANDING16_MAX_READ_BURST_LENGTH16_MAX_WRITE_BURST_LENGTH16_C_M_AXI_ID_WIDTH1_C_M_AXI_ADDR_WIDTH64_C_M_AXI_DATA_WIDTH32_C_M_AXI_AWUSER_WIDTH1_C_M_AXI_ARUSER_WIDTH1_C_M_AXI_WUSER_WIDTH1_C_M_AXI_RUSER_WIDTH1_C_M_AXI_BUSER_WIDTH1_C_USER_VALUE0_C_PROT_VALUE0_C_CACHE_VALUE3_USER_DW32_USER_AW64_USER_MAXREQS7_USER_RFIFONUM_WIDTH9_168
gmem1_m_axi_U/clk_gate_load_unit_buff_rdata_genblk1_U_fifo_mem_mem_reg_125_       3.9900     0.0      0.0000       3.9900 0.0000 SNPS_CLOCK_GATE_HIGH_tinytpu_isa_gmem1_m_axi_CONSERVATIVE1_NUM_READ_OUTSTANDING16_NUM_WRITE_OUTSTANDING16_MAX_READ_BURST_LENGTH16_MAX_WRITE_BURST_LENGTH16_C_M_AXI_ID_WIDTH1_C_M_AXI_ADDR_WIDTH64_C_M_AXI_DATA_WIDTH32_C_M_AXI_AWUSER_WIDTH1_C_M_AXI_ARUSER_WIDTH1_C_M_AXI_WUSER_WIDTH1_C_M_AXI_RUSER_WIDTH1_C_M_AXI_BUSER_WIDTH1_C_USER_VALUE0_C_PROT_VALUE0_C_CACHE_VALUE3_USER_DW32_USER_AW64_USER_MAXREQS7_USER_RFIFONUM_WIDTH9_169
gmem1_m_axi_U/clk_gate_load_unit_buff_rdata_genblk1_U_fifo_mem_mem_reg_126_       3.9900     0.0      0.0000       3.9900 0.0000 SNPS_CLOCK_GATE_HIGH_tinytpu_isa_gmem1_m_axi_CONSERVATIVE1_NUM_READ_OUTSTANDING16_NUM_WRITE_OUTSTANDING16_MAX_READ_BURST_LENGTH16_MAX_WRITE_BURST_LENGTH16_C_M_AXI_ID_WIDTH1_C_M_AXI_ADDR_WIDTH64_C_M_AXI_DATA_WIDTH32_C_M_AXI_AWUSER_WIDTH1_C_M_AXI_ARUSER_WIDTH1_C_M_AXI_WUSER_WIDTH1_C_M_AXI_RUSER_WIDTH1_C_M_AXI_BUSER_WIDTH1_C_USER_VALUE0_C_PROT_VALUE0_C_CACHE_VALUE3_USER_DW32_USER_AW64_USER_MAXREQS7_USER_RFIFONUM_WIDTH9_170
gmem1_m_axi_U/clk_gate_load_unit_buff_rdata_genblk1_U_fifo_mem_mem_reg_127_       3.9900     0.0      0.0000       3.9900 0.0000 SNPS_CLOCK_GATE_HIGH_tinytpu_isa_gmem1_m_axi_CONSERVATIVE1_NUM_READ_OUTSTANDING16_NUM_WRITE_OUTSTANDING16_MAX_READ_BURST_LENGTH16_MAX_WRITE_BURST_LENGTH16_C_M_AXI_ID_WIDTH1_C_M_AXI_ADDR_WIDTH64_C_M_AXI_DATA_WIDTH32_C_M_AXI_AWUSER_WIDTH1_C_M_AXI_ARUSER_WIDTH1_C_M_AXI_WUSER_WIDTH1_C_M_AXI_RUSER_WIDTH1_C_M_AXI_BUSER_WIDTH1_C_USER_VALUE0_C_PROT_VALUE0_C_CACHE_VALUE3_USER_DW32_USER_AW64_USER_MAXREQS7_USER_RFIFONUM_WIDTH9_171
gmem1_m_axi_U/clk_gate_load_unit_buff_rdata_genblk1_U_fifo_mem_mem_reg_128_       3.9900     0.0      0.0000       3.9900 0.0000 SNPS_CLOCK_GATE_HIGH_tinytpu_isa_gmem1_m_axi_CONSERVATIVE1_NUM_READ_OUTSTANDING16_NUM_WRITE_OUTSTANDING16_MAX_READ_BURST_LENGTH16_MAX_WRITE_BURST_LENGTH16_C_M_AXI_ID_WIDTH1_C_M_AXI_ADDR_WIDTH64_C_M_AXI_DATA_WIDTH32_C_M_AXI_AWUSER_WIDTH1_C_M_AXI_ARUSER_WIDTH1_C_M_AXI_WUSER_WIDTH1_C_M_AXI_RUSER_WIDTH1_C_M_AXI_BUSER_WIDTH1_C_USER_VALUE0_C_PROT_VALUE0_C_CACHE_VALUE3_USER_DW32_USER_AW64_USER_MAXREQS7_USER_RFIFONUM_WIDTH9_172
gmem1_m_axi_U/clk_gate_load_unit_buff_rdata_genblk1_U_fifo_mem_mem_reg_129_       3.9900     0.0      0.0000       3.9900 0.0000 SNPS_CLOCK_GATE_HIGH_tinytpu_isa_gmem1_m_axi_CONSERVATIVE1_NUM_READ_OUTSTANDING16_NUM_WRITE_OUTSTANDING16_MAX_READ_BURST_LENGTH16_MAX_WRITE_BURST_LENGTH16_C_M_AXI_ID_WIDTH1_C_M_AXI_ADDR_WIDTH64_C_M_AXI_DATA_WIDTH32_C_M_AXI_AWUSER_WIDTH1_C_M_AXI_ARUSER_WIDTH1_C_M_AXI_WUSER_WIDTH1_C_M_AXI_RUSER_WIDTH1_C_M_AXI_BUSER_WIDTH1_C_USER_VALUE0_C_PROT_VALUE0_C_CACHE_VALUE3_USER_DW32_USER_AW64_USER_MAXREQS7_USER_RFIFONUM_WIDTH9_173
gmem1_m_axi_U/clk_gate_load_unit_buff_rdata_genblk1_U_fifo_mem_mem_reg_12_       3.9900     0.0      0.0000       3.9900 0.0000 SNPS_CLOCK_GATE_HIGH_tinytpu_isa_gmem1_m_axi_CONSERVATIVE1_NUM_READ_OUTSTANDING16_NUM_WRITE_OUTSTANDING16_MAX_READ_BURST_LENGTH16_MAX_WRITE_BURST_LENGTH16_C_M_AXI_ID_WIDTH1_C_M_AXI_ADDR_WIDTH64_C_M_AXI_DATA_WIDTH32_C_M_AXI_AWUSER_WIDTH1_C_M_AXI_ARUSER_WIDTH1_C_M_AXI_WUSER_WIDTH1_C_M_AXI_RUSER_WIDTH1_C_M_AXI_BUSER_WIDTH1_C_USER_VALUE0_C_PROT_VALUE0_C_CACHE_VALUE3_USER_DW32_USER_AW64_USER_MAXREQS7_USER_RFIFONUM_WIDTH9_56
gmem1_m_axi_U/clk_gate_load_unit_buff_rdata_genblk1_U_fifo_mem_mem_reg_130_       3.9900     0.0      0.0000       3.9900 0.0000 SNPS_CLOCK_GATE_HIGH_tinytpu_isa_gmem1_m_axi_CONSERVATIVE1_NUM_READ_OUTSTANDING16_NUM_WRITE_OUTSTANDING16_MAX_READ_BURST_LENGTH16_MAX_WRITE_BURST_LENGTH16_C_M_AXI_ID_WIDTH1_C_M_AXI_ADDR_WIDTH64_C_M_AXI_DATA_WIDTH32_C_M_AXI_AWUSER_WIDTH1_C_M_AXI_ARUSER_WIDTH1_C_M_AXI_WUSER_WIDTH1_C_M_AXI_RUSER_WIDTH1_C_M_AXI_BUSER_WIDTH1_C_USER_VALUE0_C_PROT_VALUE0_C_CACHE_VALUE3_USER_DW32_USER_AW64_USER_MAXREQS7_USER_RFIFONUM_WIDTH9_174
gmem1_m_axi_U/clk_gate_load_unit_buff_rdata_genblk1_U_fifo_mem_mem_reg_131_       3.9900     0.0      0.0000       3.9900 0.0000 SNPS_CLOCK_GATE_HIGH_tinytpu_isa_gmem1_m_axi_CONSERVATIVE1_NUM_READ_OUTSTANDING16_NUM_WRITE_OUTSTANDING16_MAX_READ_BURST_LENGTH16_MAX_WRITE_BURST_LENGTH16_C_M_AXI_ID_WIDTH1_C_M_AXI_ADDR_WIDTH64_C_M_AXI_DATA_WIDTH32_C_M_AXI_AWUSER_WIDTH1_C_M_AXI_ARUSER_WIDTH1_C_M_AXI_WUSER_WIDTH1_C_M_AXI_RUSER_WIDTH1_C_M_AXI_BUSER_WIDTH1_C_USER_VALUE0_C_PROT_VALUE0_C_CACHE_VALUE3_USER_DW32_USER_AW64_USER_MAXREQS7_USER_RFIFONUM_WIDTH9_175
gmem1_m_axi_U/clk_gate_load_unit_buff_rdata_genblk1_U_fifo_mem_mem_reg_132_       3.9900     0.0      0.0000       3.9900 0.0000 SNPS_CLOCK_GATE_HIGH_tinytpu_isa_gmem1_m_axi_CONSERVATIVE1_NUM_READ_OUTSTANDING16_NUM_WRITE_OUTSTANDING16_MAX_READ_BURST_LENGTH16_MAX_WRITE_BURST_LENGTH16_C_M_AXI_ID_WIDTH1_C_M_AXI_ADDR_WIDTH64_C_M_AXI_DATA_WIDTH32_C_M_AXI_AWUSER_WIDTH1_C_M_AXI_ARUSER_WIDTH1_C_M_AXI_WUSER_WIDTH1_C_M_AXI_RUSER_WIDTH1_C_M_AXI_BUSER_WIDTH1_C_USER_VALUE0_C_PROT_VALUE0_C_CACHE_VALUE3_USER_DW32_USER_AW64_USER_MAXREQS7_USER_RFIFONUM_WIDTH9_176
gmem1_m_axi_U/clk_gate_load_unit_buff_rdata_genblk1_U_fifo_mem_mem_reg_133_       3.9900     0.0      0.0000       3.9900 0.0000 SNPS_CLOCK_GATE_HIGH_tinytpu_isa_gmem1_m_axi_CONSERVATIVE1_NUM_READ_OUTSTANDING16_NUM_WRITE_OUTSTANDING16_MAX_READ_BURST_LENGTH16_MAX_WRITE_BURST_LENGTH16_C_M_AXI_ID_WIDTH1_C_M_AXI_ADDR_WIDTH64_C_M_AXI_DATA_WIDTH32_C_M_AXI_AWUSER_WIDTH1_C_M_AXI_ARUSER_WIDTH1_C_M_AXI_WUSER_WIDTH1_C_M_AXI_RUSER_WIDTH1_C_M_AXI_BUSER_WIDTH1_C_USER_VALUE0_C_PROT_VALUE0_C_CACHE_VALUE3_USER_DW32_USER_AW64_USER_MAXREQS7_USER_RFIFONUM_WIDTH9_177
gmem1_m_axi_U/clk_gate_load_unit_buff_rdata_genblk1_U_fifo_mem_mem_reg_134_       3.9900     0.0      0.0000       3.9900 0.0000 SNPS_CLOCK_GATE_HIGH_tinytpu_isa_gmem1_m_axi_CONSERVATIVE1_NUM_READ_OUTSTANDING16_NUM_WRITE_OUTSTANDING16_MAX_READ_BURST_LENGTH16_MAX_WRITE_BURST_LENGTH16_C_M_AXI_ID_WIDTH1_C_M_AXI_ADDR_WIDTH64_C_M_AXI_DATA_WIDTH32_C_M_AXI_AWUSER_WIDTH1_C_M_AXI_ARUSER_WIDTH1_C_M_AXI_WUSER_WIDTH1_C_M_AXI_RUSER_WIDTH1_C_M_AXI_BUSER_WIDTH1_C_USER_VALUE0_C_PROT_VALUE0_C_CACHE_VALUE3_USER_DW32_USER_AW64_USER_MAXREQS7_USER_RFIFONUM_WIDTH9_178
gmem1_m_axi_U/clk_gate_load_unit_buff_rdata_genblk1_U_fifo_mem_mem_reg_135_       3.9900     0.0      0.0000       3.9900 0.0000 SNPS_CLOCK_GATE_HIGH_tinytpu_isa_gmem1_m_axi_CONSERVATIVE1_NUM_READ_OUTSTANDING16_NUM_WRITE_OUTSTANDING16_MAX_READ_BURST_LENGTH16_MAX_WRITE_BURST_LENGTH16_C_M_AXI_ID_WIDTH1_C_M_AXI_ADDR_WIDTH64_C_M_AXI_DATA_WIDTH32_C_M_AXI_AWUSER_WIDTH1_C_M_AXI_ARUSER_WIDTH1_C_M_AXI_WUSER_WIDTH1_C_M_AXI_RUSER_WIDTH1_C_M_AXI_BUSER_WIDTH1_C_USER_VALUE0_C_PROT_VALUE0_C_CACHE_VALUE3_USER_DW32_USER_AW64_USER_MAXREQS7_USER_RFIFONUM_WIDTH9_179
gmem1_m_axi_U/clk_gate_load_unit_buff_rdata_genblk1_U_fifo_mem_mem_reg_136_       3.9900     0.0      0.0000       3.9900 0.0000 SNPS_CLOCK_GATE_HIGH_tinytpu_isa_gmem1_m_axi_CONSERVATIVE1_NUM_READ_OUTSTANDING16_NUM_WRITE_OUTSTANDING16_MAX_READ_BURST_LENGTH16_MAX_WRITE_BURST_LENGTH16_C_M_AXI_ID_WIDTH1_C_M_AXI_ADDR_WIDTH64_C_M_AXI_DATA_WIDTH32_C_M_AXI_AWUSER_WIDTH1_C_M_AXI_ARUSER_WIDTH1_C_M_AXI_WUSER_WIDTH1_C_M_AXI_RUSER_WIDTH1_C_M_AXI_BUSER_WIDTH1_C_USER_VALUE0_C_PROT_VALUE0_C_CACHE_VALUE3_USER_DW32_USER_AW64_USER_MAXREQS7_USER_RFIFONUM_WIDTH9_180
gmem1_m_axi_U/clk_gate_load_unit_buff_rdata_genblk1_U_fifo_mem_mem_reg_137_       3.9900     0.0      0.0000       3.9900 0.0000 SNPS_CLOCK_GATE_HIGH_tinytpu_isa_gmem1_m_axi_CONSERVATIVE1_NUM_READ_OUTSTANDING16_NUM_WRITE_OUTSTANDING16_MAX_READ_BURST_LENGTH16_MAX_WRITE_BURST_LENGTH16_C_M_AXI_ID_WIDTH1_C_M_AXI_ADDR_WIDTH64_C_M_AXI_DATA_WIDTH32_C_M_AXI_AWUSER_WIDTH1_C_M_AXI_ARUSER_WIDTH1_C_M_AXI_WUSER_WIDTH1_C_M_AXI_RUSER_WIDTH1_C_M_AXI_BUSER_WIDTH1_C_USER_VALUE0_C_PROT_VALUE0_C_CACHE_VALUE3_USER_DW32_USER_AW64_USER_MAXREQS7_USER_RFIFONUM_WIDTH9_181
gmem1_m_axi_U/clk_gate_load_unit_buff_rdata_genblk1_U_fifo_mem_mem_reg_138_       3.9900     0.0      0.0000       3.9900 0.0000 SNPS_CLOCK_GATE_HIGH_tinytpu_isa_gmem1_m_axi_CONSERVATIVE1_NUM_READ_OUTSTANDING16_NUM_WRITE_OUTSTANDING16_MAX_READ_BURST_LENGTH16_MAX_WRITE_BURST_LENGTH16_C_M_AXI_ID_WIDTH1_C_M_AXI_ADDR_WIDTH64_C_M_AXI_DATA_WIDTH32_C_M_AXI_AWUSER_WIDTH1_C_M_AXI_ARUSER_WIDTH1_C_M_AXI_WUSER_WIDTH1_C_M_AXI_RUSER_WIDTH1_C_M_AXI_BUSER_WIDTH1_C_USER_VALUE0_C_PROT_VALUE0_C_CACHE_VALUE3_USER_DW32_USER_AW64_USER_MAXREQS7_USER_RFIFONUM_WIDTH9_182
gmem1_m_axi_U/clk_gate_load_unit_buff_rdata_genblk1_U_fifo_mem_mem_reg_139_       3.9900     0.0      0.0000       3.9900 0.0000 SNPS_CLOCK_GATE_HIGH_tinytpu_isa_gmem1_m_axi_CONSERVATIVE1_NUM_READ_OUTSTANDING16_NUM_WRITE_OUTSTANDING16_MAX_READ_BURST_LENGTH16_MAX_WRITE_BURST_LENGTH16_C_M_AXI_ID_WIDTH1_C_M_AXI_ADDR_WIDTH64_C_M_AXI_DATA_WIDTH32_C_M_AXI_AWUSER_WIDTH1_C_M_AXI_ARUSER_WIDTH1_C_M_AXI_WUSER_WIDTH1_C_M_AXI_RUSER_WIDTH1_C_M_AXI_BUSER_WIDTH1_C_USER_VALUE0_C_PROT_VALUE0_C_CACHE_VALUE3_USER_DW32_USER_AW64_USER_MAXREQS7_USER_RFIFONUM_WIDTH9_183
gmem1_m_axi_U/clk_gate_load_unit_buff_rdata_genblk1_U_fifo_mem_mem_reg_13_       3.9900     0.0      0.0000       3.9900 0.0000 SNPS_CLOCK_GATE_HIGH_tinytpu_isa_gmem1_m_axi_CONSERVATIVE1_NUM_READ_OUTSTANDING16_NUM_WRITE_OUTSTANDING16_MAX_READ_BURST_LENGTH16_MAX_WRITE_BURST_LENGTH16_C_M_AXI_ID_WIDTH1_C_M_AXI_ADDR_WIDTH64_C_M_AXI_DATA_WIDTH32_C_M_AXI_AWUSER_WIDTH1_C_M_AXI_ARUSER_WIDTH1_C_M_AXI_WUSER_WIDTH1_C_M_AXI_RUSER_WIDTH1_C_M_AXI_BUSER_WIDTH1_C_USER_VALUE0_C_PROT_VALUE0_C_CACHE_VALUE3_USER_DW32_USER_AW64_USER_MAXREQS7_USER_RFIFONUM_WIDTH9_57
gmem1_m_axi_U/clk_gate_load_unit_buff_rdata_genblk1_U_fifo_mem_mem_reg_140_       3.9900     0.0      0.0000       3.9900 0.0000 SNPS_CLOCK_GATE_HIGH_tinytpu_isa_gmem1_m_axi_CONSERVATIVE1_NUM_READ_OUTSTANDING16_NUM_WRITE_OUTSTANDING16_MAX_READ_BURST_LENGTH16_MAX_WRITE_BURST_LENGTH16_C_M_AXI_ID_WIDTH1_C_M_AXI_ADDR_WIDTH64_C_M_AXI_DATA_WIDTH32_C_M_AXI_AWUSER_WIDTH1_C_M_AXI_ARUSER_WIDTH1_C_M_AXI_WUSER_WIDTH1_C_M_AXI_RUSER_WIDTH1_C_M_AXI_BUSER_WIDTH1_C_USER_VALUE0_C_PROT_VALUE0_C_CACHE_VALUE3_USER_DW32_USER_AW64_USER_MAXREQS7_USER_RFIFONUM_WIDTH9_184
gmem1_m_axi_U/clk_gate_load_unit_buff_rdata_genblk1_U_fifo_mem_mem_reg_141_       3.9900     0.0      0.0000       3.9900 0.0000 SNPS_CLOCK_GATE_HIGH_tinytpu_isa_gmem1_m_axi_CONSERVATIVE1_NUM_READ_OUTSTANDING16_NUM_WRITE_OUTSTANDING16_MAX_READ_BURST_LENGTH16_MAX_WRITE_BURST_LENGTH16_C_M_AXI_ID_WIDTH1_C_M_AXI_ADDR_WIDTH64_C_M_AXI_DATA_WIDTH32_C_M_AXI_AWUSER_WIDTH1_C_M_AXI_ARUSER_WIDTH1_C_M_AXI_WUSER_WIDTH1_C_M_AXI_RUSER_WIDTH1_C_M_AXI_BUSER_WIDTH1_C_USER_VALUE0_C_PROT_VALUE0_C_CACHE_VALUE3_USER_DW32_USER_AW64_USER_MAXREQS7_USER_RFIFONUM_WIDTH9_185
gmem1_m_axi_U/clk_gate_load_unit_buff_rdata_genblk1_U_fifo_mem_mem_reg_142_       3.9900     0.0      0.0000       3.9900 0.0000 SNPS_CLOCK_GATE_HIGH_tinytpu_isa_gmem1_m_axi_CONSERVATIVE1_NUM_READ_OUTSTANDING16_NUM_WRITE_OUTSTANDING16_MAX_READ_BURST_LENGTH16_MAX_WRITE_BURST_LENGTH16_C_M_AXI_ID_WIDTH1_C_M_AXI_ADDR_WIDTH64_C_M_AXI_DATA_WIDTH32_C_M_AXI_AWUSER_WIDTH1_C_M_AXI_ARUSER_WIDTH1_C_M_AXI_WUSER_WIDTH1_C_M_AXI_RUSER_WIDTH1_C_M_AXI_BUSER_WIDTH1_C_USER_VALUE0_C_PROT_VALUE0_C_CACHE_VALUE3_USER_DW32_USER_AW64_USER_MAXREQS7_USER_RFIFONUM_WIDTH9_186
gmem1_m_axi_U/clk_gate_load_unit_buff_rdata_genblk1_U_fifo_mem_mem_reg_143_       3.9900     0.0      0.0000       3.9900 0.0000 SNPS_CLOCK_GATE_HIGH_tinytpu_isa_gmem1_m_axi_CONSERVATIVE1_NUM_READ_OUTSTANDING16_NUM_WRITE_OUTSTANDING16_MAX_READ_BURST_LENGTH16_MAX_WRITE_BURST_LENGTH16_C_M_AXI_ID_WIDTH1_C_M_AXI_ADDR_WIDTH64_C_M_AXI_DATA_WIDTH32_C_M_AXI_AWUSER_WIDTH1_C_M_AXI_ARUSER_WIDTH1_C_M_AXI_WUSER_WIDTH1_C_M_AXI_RUSER_WIDTH1_C_M_AXI_BUSER_WIDTH1_C_USER_VALUE0_C_PROT_VALUE0_C_CACHE_VALUE3_USER_DW32_USER_AW64_USER_MAXREQS7_USER_RFIFONUM_WIDTH9_187
gmem1_m_axi_U/clk_gate_load_unit_buff_rdata_genblk1_U_fifo_mem_mem_reg_144_       3.9900     0.0      0.0000       3.9900 0.0000 SNPS_CLOCK_GATE_HIGH_tinytpu_isa_gmem1_m_axi_CONSERVATIVE1_NUM_READ_OUTSTANDING16_NUM_WRITE_OUTSTANDING16_MAX_READ_BURST_LENGTH16_MAX_WRITE_BURST_LENGTH16_C_M_AXI_ID_WIDTH1_C_M_AXI_ADDR_WIDTH64_C_M_AXI_DATA_WIDTH32_C_M_AXI_AWUSER_WIDTH1_C_M_AXI_ARUSER_WIDTH1_C_M_AXI_WUSER_WIDTH1_C_M_AXI_RUSER_WIDTH1_C_M_AXI_BUSER_WIDTH1_C_USER_VALUE0_C_PROT_VALUE0_C_CACHE_VALUE3_USER_DW32_USER_AW64_USER_MAXREQS7_USER_RFIFONUM_WIDTH9_188
gmem1_m_axi_U/clk_gate_load_unit_buff_rdata_genblk1_U_fifo_mem_mem_reg_145_       3.9900     0.0      0.0000       3.9900 0.0000 SNPS_CLOCK_GATE_HIGH_tinytpu_isa_gmem1_m_axi_CONSERVATIVE1_NUM_READ_OUTSTANDING16_NUM_WRITE_OUTSTANDING16_MAX_READ_BURST_LENGTH16_MAX_WRITE_BURST_LENGTH16_C_M_AXI_ID_WIDTH1_C_M_AXI_ADDR_WIDTH64_C_M_AXI_DATA_WIDTH32_C_M_AXI_AWUSER_WIDTH1_C_M_AXI_ARUSER_WIDTH1_C_M_AXI_WUSER_WIDTH1_C_M_AXI_RUSER_WIDTH1_C_M_AXI_BUSER_WIDTH1_C_USER_VALUE0_C_PROT_VALUE0_C_CACHE_VALUE3_USER_DW32_USER_AW64_USER_MAXREQS7_USER_RFIFONUM_WIDTH9_189
gmem1_m_axi_U/clk_gate_load_unit_buff_rdata_genblk1_U_fifo_mem_mem_reg_146_       3.9900     0.0      0.0000       3.9900 0.0000 SNPS_CLOCK_GATE_HIGH_tinytpu_isa_gmem1_m_axi_CONSERVATIVE1_NUM_READ_OUTSTANDING16_NUM_WRITE_OUTSTANDING16_MAX_READ_BURST_LENGTH16_MAX_WRITE_BURST_LENGTH16_C_M_AXI_ID_WIDTH1_C_M_AXI_ADDR_WIDTH64_C_M_AXI_DATA_WIDTH32_C_M_AXI_AWUSER_WIDTH1_C_M_AXI_ARUSER_WIDTH1_C_M_AXI_WUSER_WIDTH1_C_M_AXI_RUSER_WIDTH1_C_M_AXI_BUSER_WIDTH1_C_USER_VALUE0_C_PROT_VALUE0_C_CACHE_VALUE3_USER_DW32_USER_AW64_USER_MAXREQS7_USER_RFIFONUM_WIDTH9_190
gmem1_m_axi_U/clk_gate_load_unit_buff_rdata_genblk1_U_fifo_mem_mem_reg_147_       3.9900     0.0      0.0000       3.9900 0.0000 SNPS_CLOCK_GATE_HIGH_tinytpu_isa_gmem1_m_axi_CONSERVATIVE1_NUM_READ_OUTSTANDING16_NUM_WRITE_OUTSTANDING16_MAX_READ_BURST_LENGTH16_MAX_WRITE_BURST_LENGTH16_C_M_AXI_ID_WIDTH1_C_M_AXI_ADDR_WIDTH64_C_M_AXI_DATA_WIDTH32_C_M_AXI_AWUSER_WIDTH1_C_M_AXI_ARUSER_WIDTH1_C_M_AXI_WUSER_WIDTH1_C_M_AXI_RUSER_WIDTH1_C_M_AXI_BUSER_WIDTH1_C_USER_VALUE0_C_PROT_VALUE0_C_CACHE_VALUE3_USER_DW32_USER_AW64_USER_MAXREQS7_USER_RFIFONUM_WIDTH9_191
gmem1_m_axi_U/clk_gate_load_unit_buff_rdata_genblk1_U_fifo_mem_mem_reg_148_       3.9900     0.0      0.0000       3.9900 0.0000 SNPS_CLOCK_GATE_HIGH_tinytpu_isa_gmem1_m_axi_CONSERVATIVE1_NUM_READ_OUTSTANDING16_NUM_WRITE_OUTSTANDING16_MAX_READ_BURST_LENGTH16_MAX_WRITE_BURST_LENGTH16_C_M_AXI_ID_WIDTH1_C_M_AXI_ADDR_WIDTH64_C_M_AXI_DATA_WIDTH32_C_M_AXI_AWUSER_WIDTH1_C_M_AXI_ARUSER_WIDTH1_C_M_AXI_WUSER_WIDTH1_C_M_AXI_RUSER_WIDTH1_C_M_AXI_BUSER_WIDTH1_C_USER_VALUE0_C_PROT_VALUE0_C_CACHE_VALUE3_USER_DW32_USER_AW64_USER_MAXREQS7_USER_RFIFONUM_WIDTH9_192
gmem1_m_axi_U/clk_gate_load_unit_buff_rdata_genblk1_U_fifo_mem_mem_reg_149_       3.9900     0.0      0.0000       3.9900 0.0000 SNPS_CLOCK_GATE_HIGH_tinytpu_isa_gmem1_m_axi_CONSERVATIVE1_NUM_READ_OUTSTANDING16_NUM_WRITE_OUTSTANDING16_MAX_READ_BURST_LENGTH16_MAX_WRITE_BURST_LENGTH16_C_M_AXI_ID_WIDTH1_C_M_AXI_ADDR_WIDTH64_C_M_AXI_DATA_WIDTH32_C_M_AXI_AWUSER_WIDTH1_C_M_AXI_ARUSER_WIDTH1_C_M_AXI_WUSER_WIDTH1_C_M_AXI_RUSER_WIDTH1_C_M_AXI_BUSER_WIDTH1_C_USER_VALUE0_C_PROT_VALUE0_C_CACHE_VALUE3_USER_DW32_USER_AW64_USER_MAXREQS7_USER_RFIFONUM_WIDTH9_193
gmem1_m_axi_U/clk_gate_load_unit_buff_rdata_genblk1_U_fifo_mem_mem_reg_14_       3.9900     0.0      0.0000       3.9900 0.0000 SNPS_CLOCK_GATE_HIGH_tinytpu_isa_gmem1_m_axi_CONSERVATIVE1_NUM_READ_OUTSTANDING16_NUM_WRITE_OUTSTANDING16_MAX_READ_BURST_LENGTH16_MAX_WRITE_BURST_LENGTH16_C_M_AXI_ID_WIDTH1_C_M_AXI_ADDR_WIDTH64_C_M_AXI_DATA_WIDTH32_C_M_AXI_AWUSER_WIDTH1_C_M_AXI_ARUSER_WIDTH1_C_M_AXI_WUSER_WIDTH1_C_M_AXI_RUSER_WIDTH1_C_M_AXI_BUSER_WIDTH1_C_USER_VALUE0_C_PROT_VALUE0_C_CACHE_VALUE3_USER_DW32_USER_AW64_USER_MAXREQS7_USER_RFIFONUM_WIDTH9_58
gmem1_m_axi_U/clk_gate_load_unit_buff_rdata_genblk1_U_fifo_mem_mem_reg_150_       3.9900     0.0      0.0000       3.9900 0.0000 SNPS_CLOCK_GATE_HIGH_tinytpu_isa_gmem1_m_axi_CONSERVATIVE1_NUM_READ_OUTSTANDING16_NUM_WRITE_OUTSTANDING16_MAX_READ_BURST_LENGTH16_MAX_WRITE_BURST_LENGTH16_C_M_AXI_ID_WIDTH1_C_M_AXI_ADDR_WIDTH64_C_M_AXI_DATA_WIDTH32_C_M_AXI_AWUSER_WIDTH1_C_M_AXI_ARUSER_WIDTH1_C_M_AXI_WUSER_WIDTH1_C_M_AXI_RUSER_WIDTH1_C_M_AXI_BUSER_WIDTH1_C_USER_VALUE0_C_PROT_VALUE0_C_CACHE_VALUE3_USER_DW32_USER_AW64_USER_MAXREQS7_USER_RFIFONUM_WIDTH9_194
gmem1_m_axi_U/clk_gate_load_unit_buff_rdata_genblk1_U_fifo_mem_mem_reg_151_       3.9900     0.0      0.0000       3.9900 0.0000 SNPS_CLOCK_GATE_HIGH_tinytpu_isa_gmem1_m_axi_CONSERVATIVE1_NUM_READ_OUTSTANDING16_NUM_WRITE_OUTSTANDING16_MAX_READ_BURST_LENGTH16_MAX_WRITE_BURST_LENGTH16_C_M_AXI_ID_WIDTH1_C_M_AXI_ADDR_WIDTH64_C_M_AXI_DATA_WIDTH32_C_M_AXI_AWUSER_WIDTH1_C_M_AXI_ARUSER_WIDTH1_C_M_AXI_WUSER_WIDTH1_C_M_AXI_RUSER_WIDTH1_C_M_AXI_BUSER_WIDTH1_C_USER_VALUE0_C_PROT_VALUE0_C_CACHE_VALUE3_USER_DW32_USER_AW64_USER_MAXREQS7_USER_RFIFONUM_WIDTH9_195
gmem1_m_axi_U/clk_gate_load_unit_buff_rdata_genblk1_U_fifo_mem_mem_reg_152_       3.9900     0.0      0.0000       3.9900 0.0000 SNPS_CLOCK_GATE_HIGH_tinytpu_isa_gmem1_m_axi_CONSERVATIVE1_NUM_READ_OUTSTANDING16_NUM_WRITE_OUTSTANDING16_MAX_READ_BURST_LENGTH16_MAX_WRITE_BURST_LENGTH16_C_M_AXI_ID_WIDTH1_C_M_AXI_ADDR_WIDTH64_C_M_AXI_DATA_WIDTH32_C_M_AXI_AWUSER_WIDTH1_C_M_AXI_ARUSER_WIDTH1_C_M_AXI_WUSER_WIDTH1_C_M_AXI_RUSER_WIDTH1_C_M_AXI_BUSER_WIDTH1_C_USER_VALUE0_C_PROT_VALUE0_C_CACHE_VALUE3_USER_DW32_USER_AW64_USER_MAXREQS7_USER_RFIFONUM_WIDTH9_196
gmem1_m_axi_U/clk_gate_load_unit_buff_rdata_genblk1_U_fifo_mem_mem_reg_153_       3.9900     0.0      0.0000       3.9900 0.0000 SNPS_CLOCK_GATE_HIGH_tinytpu_isa_gmem1_m_axi_CONSERVATIVE1_NUM_READ_OUTSTANDING16_NUM_WRITE_OUTSTANDING16_MAX_READ_BURST_LENGTH16_MAX_WRITE_BURST_LENGTH16_C_M_AXI_ID_WIDTH1_C_M_AXI_ADDR_WIDTH64_C_M_AXI_DATA_WIDTH32_C_M_AXI_AWUSER_WIDTH1_C_M_AXI_ARUSER_WIDTH1_C_M_AXI_WUSER_WIDTH1_C_M_AXI_RUSER_WIDTH1_C_M_AXI_BUSER_WIDTH1_C_USER_VALUE0_C_PROT_VALUE0_C_CACHE_VALUE3_USER_DW32_USER_AW64_USER_MAXREQS7_USER_RFIFONUM_WIDTH9_197
gmem1_m_axi_U/clk_gate_load_unit_buff_rdata_genblk1_U_fifo_mem_mem_reg_154_       3.9900     0.0      0.0000       3.9900 0.0000 SNPS_CLOCK_GATE_HIGH_tinytpu_isa_gmem1_m_axi_CONSERVATIVE1_NUM_READ_OUTSTANDING16_NUM_WRITE_OUTSTANDING16_MAX_READ_BURST_LENGTH16_MAX_WRITE_BURST_LENGTH16_C_M_AXI_ID_WIDTH1_C_M_AXI_ADDR_WIDTH64_C_M_AXI_DATA_WIDTH32_C_M_AXI_AWUSER_WIDTH1_C_M_AXI_ARUSER_WIDTH1_C_M_AXI_WUSER_WIDTH1_C_M_AXI_RUSER_WIDTH1_C_M_AXI_BUSER_WIDTH1_C_USER_VALUE0_C_PROT_VALUE0_C_CACHE_VALUE3_USER_DW32_USER_AW64_USER_MAXREQS7_USER_RFIFONUM_WIDTH9_198
gmem1_m_axi_U/clk_gate_load_unit_buff_rdata_genblk1_U_fifo_mem_mem_reg_155_       3.9900     0.0      0.0000       3.9900 0.0000 SNPS_CLOCK_GATE_HIGH_tinytpu_isa_gmem1_m_axi_CONSERVATIVE1_NUM_READ_OUTSTANDING16_NUM_WRITE_OUTSTANDING16_MAX_READ_BURST_LENGTH16_MAX_WRITE_BURST_LENGTH16_C_M_AXI_ID_WIDTH1_C_M_AXI_ADDR_WIDTH64_C_M_AXI_DATA_WIDTH32_C_M_AXI_AWUSER_WIDTH1_C_M_AXI_ARUSER_WIDTH1_C_M_AXI_WUSER_WIDTH1_C_M_AXI_RUSER_WIDTH1_C_M_AXI_BUSER_WIDTH1_C_USER_VALUE0_C_PROT_VALUE0_C_CACHE_VALUE3_USER_DW32_USER_AW64_USER_MAXREQS7_USER_RFIFONUM_WIDTH9_199
gmem1_m_axi_U/clk_gate_load_unit_buff_rdata_genblk1_U_fifo_mem_mem_reg_156_       3.9900     0.0      0.0000       3.9900 0.0000 SNPS_CLOCK_GATE_HIGH_tinytpu_isa_gmem1_m_axi_CONSERVATIVE1_NUM_READ_OUTSTANDING16_NUM_WRITE_OUTSTANDING16_MAX_READ_BURST_LENGTH16_MAX_WRITE_BURST_LENGTH16_C_M_AXI_ID_WIDTH1_C_M_AXI_ADDR_WIDTH64_C_M_AXI_DATA_WIDTH32_C_M_AXI_AWUSER_WIDTH1_C_M_AXI_ARUSER_WIDTH1_C_M_AXI_WUSER_WIDTH1_C_M_AXI_RUSER_WIDTH1_C_M_AXI_BUSER_WIDTH1_C_USER_VALUE0_C_PROT_VALUE0_C_CACHE_VALUE3_USER_DW32_USER_AW64_USER_MAXREQS7_USER_RFIFONUM_WIDTH9_200
gmem1_m_axi_U/clk_gate_load_unit_buff_rdata_genblk1_U_fifo_mem_mem_reg_157_       3.9900     0.0      0.0000       3.9900 0.0000 SNPS_CLOCK_GATE_HIGH_tinytpu_isa_gmem1_m_axi_CONSERVATIVE1_NUM_READ_OUTSTANDING16_NUM_WRITE_OUTSTANDING16_MAX_READ_BURST_LENGTH16_MAX_WRITE_BURST_LENGTH16_C_M_AXI_ID_WIDTH1_C_M_AXI_ADDR_WIDTH64_C_M_AXI_DATA_WIDTH32_C_M_AXI_AWUSER_WIDTH1_C_M_AXI_ARUSER_WIDTH1_C_M_AXI_WUSER_WIDTH1_C_M_AXI_RUSER_WIDTH1_C_M_AXI_BUSER_WIDTH1_C_USER_VALUE0_C_PROT_VALUE0_C_CACHE_VALUE3_USER_DW32_USER_AW64_USER_MAXREQS7_USER_RFIFONUM_WIDTH9_201
gmem1_m_axi_U/clk_gate_load_unit_buff_rdata_genblk1_U_fifo_mem_mem_reg_158_       3.9900     0.0      0.0000       3.9900 0.0000 SNPS_CLOCK_GATE_HIGH_tinytpu_isa_gmem1_m_axi_CONSERVATIVE1_NUM_READ_OUTSTANDING16_NUM_WRITE_OUTSTANDING16_MAX_READ_BURST_LENGTH16_MAX_WRITE_BURST_LENGTH16_C_M_AXI_ID_WIDTH1_C_M_AXI_ADDR_WIDTH64_C_M_AXI_DATA_WIDTH32_C_M_AXI_AWUSER_WIDTH1_C_M_AXI_ARUSER_WIDTH1_C_M_AXI_WUSER_WIDTH1_C_M_AXI_RUSER_WIDTH1_C_M_AXI_BUSER_WIDTH1_C_USER_VALUE0_C_PROT_VALUE0_C_CACHE_VALUE3_USER_DW32_USER_AW64_USER_MAXREQS7_USER_RFIFONUM_WIDTH9_202
gmem1_m_axi_U/clk_gate_load_unit_buff_rdata_genblk1_U_fifo_mem_mem_reg_159_       3.9900     0.0      0.0000       3.9900 0.0000 SNPS_CLOCK_GATE_HIGH_tinytpu_isa_gmem1_m_axi_CONSERVATIVE1_NUM_READ_OUTSTANDING16_NUM_WRITE_OUTSTANDING16_MAX_READ_BURST_LENGTH16_MAX_WRITE_BURST_LENGTH16_C_M_AXI_ID_WIDTH1_C_M_AXI_ADDR_WIDTH64_C_M_AXI_DATA_WIDTH32_C_M_AXI_AWUSER_WIDTH1_C_M_AXI_ARUSER_WIDTH1_C_M_AXI_WUSER_WIDTH1_C_M_AXI_RUSER_WIDTH1_C_M_AXI_BUSER_WIDTH1_C_USER_VALUE0_C_PROT_VALUE0_C_CACHE_VALUE3_USER_DW32_USER_AW64_USER_MAXREQS7_USER_RFIFONUM_WIDTH9_203
gmem1_m_axi_U/clk_gate_load_unit_buff_rdata_genblk1_U_fifo_mem_mem_reg_15_       3.9900     0.0      0.0000       3.9900 0.0000 SNPS_CLOCK_GATE_HIGH_tinytpu_isa_gmem1_m_axi_CONSERVATIVE1_NUM_READ_OUTSTANDING16_NUM_WRITE_OUTSTANDING16_MAX_READ_BURST_LENGTH16_MAX_WRITE_BURST_LENGTH16_C_M_AXI_ID_WIDTH1_C_M_AXI_ADDR_WIDTH64_C_M_AXI_DATA_WIDTH32_C_M_AXI_AWUSER_WIDTH1_C_M_AXI_ARUSER_WIDTH1_C_M_AXI_WUSER_WIDTH1_C_M_AXI_RUSER_WIDTH1_C_M_AXI_BUSER_WIDTH1_C_USER_VALUE0_C_PROT_VALUE0_C_CACHE_VALUE3_USER_DW32_USER_AW64_USER_MAXREQS7_USER_RFIFONUM_WIDTH9_59
gmem1_m_axi_U/clk_gate_load_unit_buff_rdata_genblk1_U_fifo_mem_mem_reg_160_       3.9900     0.0      0.0000       3.9900 0.0000 SNPS_CLOCK_GATE_HIGH_tinytpu_isa_gmem1_m_axi_CONSERVATIVE1_NUM_READ_OUTSTANDING16_NUM_WRITE_OUTSTANDING16_MAX_READ_BURST_LENGTH16_MAX_WRITE_BURST_LENGTH16_C_M_AXI_ID_WIDTH1_C_M_AXI_ADDR_WIDTH64_C_M_AXI_DATA_WIDTH32_C_M_AXI_AWUSER_WIDTH1_C_M_AXI_ARUSER_WIDTH1_C_M_AXI_WUSER_WIDTH1_C_M_AXI_RUSER_WIDTH1_C_M_AXI_BUSER_WIDTH1_C_USER_VALUE0_C_PROT_VALUE0_C_CACHE_VALUE3_USER_DW32_USER_AW64_USER_MAXREQS7_USER_RFIFONUM_WIDTH9_204
gmem1_m_axi_U/clk_gate_load_unit_buff_rdata_genblk1_U_fifo_mem_mem_reg_161_       3.9900     0.0      0.0000       3.9900 0.0000 SNPS_CLOCK_GATE_HIGH_tinytpu_isa_gmem1_m_axi_CONSERVATIVE1_NUM_READ_OUTSTANDING16_NUM_WRITE_OUTSTANDING16_MAX_READ_BURST_LENGTH16_MAX_WRITE_BURST_LENGTH16_C_M_AXI_ID_WIDTH1_C_M_AXI_ADDR_WIDTH64_C_M_AXI_DATA_WIDTH32_C_M_AXI_AWUSER_WIDTH1_C_M_AXI_ARUSER_WIDTH1_C_M_AXI_WUSER_WIDTH1_C_M_AXI_RUSER_WIDTH1_C_M_AXI_BUSER_WIDTH1_C_USER_VALUE0_C_PROT_VALUE0_C_CACHE_VALUE3_USER_DW32_USER_AW64_USER_MAXREQS7_USER_RFIFONUM_WIDTH9_205
gmem1_m_axi_U/clk_gate_load_unit_buff_rdata_genblk1_U_fifo_mem_mem_reg_162_       3.9900     0.0      0.0000       3.9900 0.0000 SNPS_CLOCK_GATE_HIGH_tinytpu_isa_gmem1_m_axi_CONSERVATIVE1_NUM_READ_OUTSTANDING16_NUM_WRITE_OUTSTANDING16_MAX_READ_BURST_LENGTH16_MAX_WRITE_BURST_LENGTH16_C_M_AXI_ID_WIDTH1_C_M_AXI_ADDR_WIDTH64_C_M_AXI_DATA_WIDTH32_C_M_AXI_AWUSER_WIDTH1_C_M_AXI_ARUSER_WIDTH1_C_M_AXI_WUSER_WIDTH1_C_M_AXI_RUSER_WIDTH1_C_M_AXI_BUSER_WIDTH1_C_USER_VALUE0_C_PROT_VALUE0_C_CACHE_VALUE3_USER_DW32_USER_AW64_USER_MAXREQS7_USER_RFIFONUM_WIDTH9_206
gmem1_m_axi_U/clk_gate_load_unit_buff_rdata_genblk1_U_fifo_mem_mem_reg_163_       3.9900     0.0      0.0000       3.9900 0.0000 SNPS_CLOCK_GATE_HIGH_tinytpu_isa_gmem1_m_axi_CONSERVATIVE1_NUM_READ_OUTSTANDING16_NUM_WRITE_OUTSTANDING16_MAX_READ_BURST_LENGTH16_MAX_WRITE_BURST_LENGTH16_C_M_AXI_ID_WIDTH1_C_M_AXI_ADDR_WIDTH64_C_M_AXI_DATA_WIDTH32_C_M_AXI_AWUSER_WIDTH1_C_M_AXI_ARUSER_WIDTH1_C_M_AXI_WUSER_WIDTH1_C_M_AXI_RUSER_WIDTH1_C_M_AXI_BUSER_WIDTH1_C_USER_VALUE0_C_PROT_VALUE0_C_CACHE_VALUE3_USER_DW32_USER_AW64_USER_MAXREQS7_USER_RFIFONUM_WIDTH9_207
gmem1_m_axi_U/clk_gate_load_unit_buff_rdata_genblk1_U_fifo_mem_mem_reg_164_       3.9900     0.0      0.0000       3.9900 0.0000 SNPS_CLOCK_GATE_HIGH_tinytpu_isa_gmem1_m_axi_CONSERVATIVE1_NUM_READ_OUTSTANDING16_NUM_WRITE_OUTSTANDING16_MAX_READ_BURST_LENGTH16_MAX_WRITE_BURST_LENGTH16_C_M_AXI_ID_WIDTH1_C_M_AXI_ADDR_WIDTH64_C_M_AXI_DATA_WIDTH32_C_M_AXI_AWUSER_WIDTH1_C_M_AXI_ARUSER_WIDTH1_C_M_AXI_WUSER_WIDTH1_C_M_AXI_RUSER_WIDTH1_C_M_AXI_BUSER_WIDTH1_C_USER_VALUE0_C_PROT_VALUE0_C_CACHE_VALUE3_USER_DW32_USER_AW64_USER_MAXREQS7_USER_RFIFONUM_WIDTH9_208
gmem1_m_axi_U/clk_gate_load_unit_buff_rdata_genblk1_U_fifo_mem_mem_reg_165_       3.9900     0.0      0.0000       3.9900 0.0000 SNPS_CLOCK_GATE_HIGH_tinytpu_isa_gmem1_m_axi_CONSERVATIVE1_NUM_READ_OUTSTANDING16_NUM_WRITE_OUTSTANDING16_MAX_READ_BURST_LENGTH16_MAX_WRITE_BURST_LENGTH16_C_M_AXI_ID_WIDTH1_C_M_AXI_ADDR_WIDTH64_C_M_AXI_DATA_WIDTH32_C_M_AXI_AWUSER_WIDTH1_C_M_AXI_ARUSER_WIDTH1_C_M_AXI_WUSER_WIDTH1_C_M_AXI_RUSER_WIDTH1_C_M_AXI_BUSER_WIDTH1_C_USER_VALUE0_C_PROT_VALUE0_C_CACHE_VALUE3_USER_DW32_USER_AW64_USER_MAXREQS7_USER_RFIFONUM_WIDTH9_209
gmem1_m_axi_U/clk_gate_load_unit_buff_rdata_genblk1_U_fifo_mem_mem_reg_166_       3.9900     0.0      0.0000       3.9900 0.0000 SNPS_CLOCK_GATE_HIGH_tinytpu_isa_gmem1_m_axi_CONSERVATIVE1_NUM_READ_OUTSTANDING16_NUM_WRITE_OUTSTANDING16_MAX_READ_BURST_LENGTH16_MAX_WRITE_BURST_LENGTH16_C_M_AXI_ID_WIDTH1_C_M_AXI_ADDR_WIDTH64_C_M_AXI_DATA_WIDTH32_C_M_AXI_AWUSER_WIDTH1_C_M_AXI_ARUSER_WIDTH1_C_M_AXI_WUSER_WIDTH1_C_M_AXI_RUSER_WIDTH1_C_M_AXI_BUSER_WIDTH1_C_USER_VALUE0_C_PROT_VALUE0_C_CACHE_VALUE3_USER_DW32_USER_AW64_USER_MAXREQS7_USER_RFIFONUM_WIDTH9_210
gmem1_m_axi_U/clk_gate_load_unit_buff_rdata_genblk1_U_fifo_mem_mem_reg_167_       3.9900     0.0      0.0000       3.9900 0.0000 SNPS_CLOCK_GATE_HIGH_tinytpu_isa_gmem1_m_axi_CONSERVATIVE1_NUM_READ_OUTSTANDING16_NUM_WRITE_OUTSTANDING16_MAX_READ_BURST_LENGTH16_MAX_WRITE_BURST_LENGTH16_C_M_AXI_ID_WIDTH1_C_M_AXI_ADDR_WIDTH64_C_M_AXI_DATA_WIDTH32_C_M_AXI_AWUSER_WIDTH1_C_M_AXI_ARUSER_WIDTH1_C_M_AXI_WUSER_WIDTH1_C_M_AXI_RUSER_WIDTH1_C_M_AXI_BUSER_WIDTH1_C_USER_VALUE0_C_PROT_VALUE0_C_CACHE_VALUE3_USER_DW32_USER_AW64_USER_MAXREQS7_USER_RFIFONUM_WIDTH9_211
gmem1_m_axi_U/clk_gate_load_unit_buff_rdata_genblk1_U_fifo_mem_mem_reg_168_       3.9900     0.0      0.0000       3.9900 0.0000 SNPS_CLOCK_GATE_HIGH_tinytpu_isa_gmem1_m_axi_CONSERVATIVE1_NUM_READ_OUTSTANDING16_NUM_WRITE_OUTSTANDING16_MAX_READ_BURST_LENGTH16_MAX_WRITE_BURST_LENGTH16_C_M_AXI_ID_WIDTH1_C_M_AXI_ADDR_WIDTH64_C_M_AXI_DATA_WIDTH32_C_M_AXI_AWUSER_WIDTH1_C_M_AXI_ARUSER_WIDTH1_C_M_AXI_WUSER_WIDTH1_C_M_AXI_RUSER_WIDTH1_C_M_AXI_BUSER_WIDTH1_C_USER_VALUE0_C_PROT_VALUE0_C_CACHE_VALUE3_USER_DW32_USER_AW64_USER_MAXREQS7_USER_RFIFONUM_WIDTH9_212
gmem1_m_axi_U/clk_gate_load_unit_buff_rdata_genblk1_U_fifo_mem_mem_reg_169_       3.9900     0.0      0.0000       3.9900 0.0000 SNPS_CLOCK_GATE_HIGH_tinytpu_isa_gmem1_m_axi_CONSERVATIVE1_NUM_READ_OUTSTANDING16_NUM_WRITE_OUTSTANDING16_MAX_READ_BURST_LENGTH16_MAX_WRITE_BURST_LENGTH16_C_M_AXI_ID_WIDTH1_C_M_AXI_ADDR_WIDTH64_C_M_AXI_DATA_WIDTH32_C_M_AXI_AWUSER_WIDTH1_C_M_AXI_ARUSER_WIDTH1_C_M_AXI_WUSER_WIDTH1_C_M_AXI_RUSER_WIDTH1_C_M_AXI_BUSER_WIDTH1_C_USER_VALUE0_C_PROT_VALUE0_C_CACHE_VALUE3_USER_DW32_USER_AW64_USER_MAXREQS7_USER_RFIFONUM_WIDTH9_213
gmem1_m_axi_U/clk_gate_load_unit_buff_rdata_genblk1_U_fifo_mem_mem_reg_16_       3.9900     0.0      0.0000       3.9900 0.0000 SNPS_CLOCK_GATE_HIGH_tinytpu_isa_gmem1_m_axi_CONSERVATIVE1_NUM_READ_OUTSTANDING16_NUM_WRITE_OUTSTANDING16_MAX_READ_BURST_LENGTH16_MAX_WRITE_BURST_LENGTH16_C_M_AXI_ID_WIDTH1_C_M_AXI_ADDR_WIDTH64_C_M_AXI_DATA_WIDTH32_C_M_AXI_AWUSER_WIDTH1_C_M_AXI_ARUSER_WIDTH1_C_M_AXI_WUSER_WIDTH1_C_M_AXI_RUSER_WIDTH1_C_M_AXI_BUSER_WIDTH1_C_USER_VALUE0_C_PROT_VALUE0_C_CACHE_VALUE3_USER_DW32_USER_AW64_USER_MAXREQS7_USER_RFIFONUM_WIDTH9_60
gmem1_m_axi_U/clk_gate_load_unit_buff_rdata_genblk1_U_fifo_mem_mem_reg_170_       3.9900     0.0      0.0000       3.9900 0.0000 SNPS_CLOCK_GATE_HIGH_tinytpu_isa_gmem1_m_axi_CONSERVATIVE1_NUM_READ_OUTSTANDING16_NUM_WRITE_OUTSTANDING16_MAX_READ_BURST_LENGTH16_MAX_WRITE_BURST_LENGTH16_C_M_AXI_ID_WIDTH1_C_M_AXI_ADDR_WIDTH64_C_M_AXI_DATA_WIDTH32_C_M_AXI_AWUSER_WIDTH1_C_M_AXI_ARUSER_WIDTH1_C_M_AXI_WUSER_WIDTH1_C_M_AXI_RUSER_WIDTH1_C_M_AXI_BUSER_WIDTH1_C_USER_VALUE0_C_PROT_VALUE0_C_CACHE_VALUE3_USER_DW32_USER_AW64_USER_MAXREQS7_USER_RFIFONUM_WIDTH9_214
gmem1_m_axi_U/clk_gate_load_unit_buff_rdata_genblk1_U_fifo_mem_mem_reg_171_       3.9900     0.0      0.0000       3.9900 0.0000 SNPS_CLOCK_GATE_HIGH_tinytpu_isa_gmem1_m_axi_CONSERVATIVE1_NUM_READ_OUTSTANDING16_NUM_WRITE_OUTSTANDING16_MAX_READ_BURST_LENGTH16_MAX_WRITE_BURST_LENGTH16_C_M_AXI_ID_WIDTH1_C_M_AXI_ADDR_WIDTH64_C_M_AXI_DATA_WIDTH32_C_M_AXI_AWUSER_WIDTH1_C_M_AXI_ARUSER_WIDTH1_C_M_AXI_WUSER_WIDTH1_C_M_AXI_RUSER_WIDTH1_C_M_AXI_BUSER_WIDTH1_C_USER_VALUE0_C_PROT_VALUE0_C_CACHE_VALUE3_USER_DW32_USER_AW64_USER_MAXREQS7_USER_RFIFONUM_WIDTH9_215
gmem1_m_axi_U/clk_gate_load_unit_buff_rdata_genblk1_U_fifo_mem_mem_reg_172_       3.9900     0.0      0.0000       3.9900 0.0000 SNPS_CLOCK_GATE_HIGH_tinytpu_isa_gmem1_m_axi_CONSERVATIVE1_NUM_READ_OUTSTANDING16_NUM_WRITE_OUTSTANDING16_MAX_READ_BURST_LENGTH16_MAX_WRITE_BURST_LENGTH16_C_M_AXI_ID_WIDTH1_C_M_AXI_ADDR_WIDTH64_C_M_AXI_DATA_WIDTH32_C_M_AXI_AWUSER_WIDTH1_C_M_AXI_ARUSER_WIDTH1_C_M_AXI_WUSER_WIDTH1_C_M_AXI_RUSER_WIDTH1_C_M_AXI_BUSER_WIDTH1_C_USER_VALUE0_C_PROT_VALUE0_C_CACHE_VALUE3_USER_DW32_USER_AW64_USER_MAXREQS7_USER_RFIFONUM_WIDTH9_216
gmem1_m_axi_U/clk_gate_load_unit_buff_rdata_genblk1_U_fifo_mem_mem_reg_173_       3.9900     0.0      0.0000       3.9900 0.0000 SNPS_CLOCK_GATE_HIGH_tinytpu_isa_gmem1_m_axi_CONSERVATIVE1_NUM_READ_OUTSTANDING16_NUM_WRITE_OUTSTANDING16_MAX_READ_BURST_LENGTH16_MAX_WRITE_BURST_LENGTH16_C_M_AXI_ID_WIDTH1_C_M_AXI_ADDR_WIDTH64_C_M_AXI_DATA_WIDTH32_C_M_AXI_AWUSER_WIDTH1_C_M_AXI_ARUSER_WIDTH1_C_M_AXI_WUSER_WIDTH1_C_M_AXI_RUSER_WIDTH1_C_M_AXI_BUSER_WIDTH1_C_USER_VALUE0_C_PROT_VALUE0_C_CACHE_VALUE3_USER_DW32_USER_AW64_USER_MAXREQS7_USER_RFIFONUM_WIDTH9_217
gmem1_m_axi_U/clk_gate_load_unit_buff_rdata_genblk1_U_fifo_mem_mem_reg_174_       3.9900     0.0      0.0000       3.9900 0.0000 SNPS_CLOCK_GATE_HIGH_tinytpu_isa_gmem1_m_axi_CONSERVATIVE1_NUM_READ_OUTSTANDING16_NUM_WRITE_OUTSTANDING16_MAX_READ_BURST_LENGTH16_MAX_WRITE_BURST_LENGTH16_C_M_AXI_ID_WIDTH1_C_M_AXI_ADDR_WIDTH64_C_M_AXI_DATA_WIDTH32_C_M_AXI_AWUSER_WIDTH1_C_M_AXI_ARUSER_WIDTH1_C_M_AXI_WUSER_WIDTH1_C_M_AXI_RUSER_WIDTH1_C_M_AXI_BUSER_WIDTH1_C_USER_VALUE0_C_PROT_VALUE0_C_CACHE_VALUE3_USER_DW32_USER_AW64_USER_MAXREQS7_USER_RFIFONUM_WIDTH9_218
gmem1_m_axi_U/clk_gate_load_unit_buff_rdata_genblk1_U_fifo_mem_mem_reg_175_       3.9900     0.0      0.0000       3.9900 0.0000 SNPS_CLOCK_GATE_HIGH_tinytpu_isa_gmem1_m_axi_CONSERVATIVE1_NUM_READ_OUTSTANDING16_NUM_WRITE_OUTSTANDING16_MAX_READ_BURST_LENGTH16_MAX_WRITE_BURST_LENGTH16_C_M_AXI_ID_WIDTH1_C_M_AXI_ADDR_WIDTH64_C_M_AXI_DATA_WIDTH32_C_M_AXI_AWUSER_WIDTH1_C_M_AXI_ARUSER_WIDTH1_C_M_AXI_WUSER_WIDTH1_C_M_AXI_RUSER_WIDTH1_C_M_AXI_BUSER_WIDTH1_C_USER_VALUE0_C_PROT_VALUE0_C_CACHE_VALUE3_USER_DW32_USER_AW64_USER_MAXREQS7_USER_RFIFONUM_WIDTH9_219
gmem1_m_axi_U/clk_gate_load_unit_buff_rdata_genblk1_U_fifo_mem_mem_reg_176_       3.9900     0.0      0.0000       3.9900 0.0000 SNPS_CLOCK_GATE_HIGH_tinytpu_isa_gmem1_m_axi_CONSERVATIVE1_NUM_READ_OUTSTANDING16_NUM_WRITE_OUTSTANDING16_MAX_READ_BURST_LENGTH16_MAX_WRITE_BURST_LENGTH16_C_M_AXI_ID_WIDTH1_C_M_AXI_ADDR_WIDTH64_C_M_AXI_DATA_WIDTH32_C_M_AXI_AWUSER_WIDTH1_C_M_AXI_ARUSER_WIDTH1_C_M_AXI_WUSER_WIDTH1_C_M_AXI_RUSER_WIDTH1_C_M_AXI_BUSER_WIDTH1_C_USER_VALUE0_C_PROT_VALUE0_C_CACHE_VALUE3_USER_DW32_USER_AW64_USER_MAXREQS7_USER_RFIFONUM_WIDTH9_220
gmem1_m_axi_U/clk_gate_load_unit_buff_rdata_genblk1_U_fifo_mem_mem_reg_177_       3.9900     0.0      0.0000       3.9900 0.0000 SNPS_CLOCK_GATE_HIGH_tinytpu_isa_gmem1_m_axi_CONSERVATIVE1_NUM_READ_OUTSTANDING16_NUM_WRITE_OUTSTANDING16_MAX_READ_BURST_LENGTH16_MAX_WRITE_BURST_LENGTH16_C_M_AXI_ID_WIDTH1_C_M_AXI_ADDR_WIDTH64_C_M_AXI_DATA_WIDTH32_C_M_AXI_AWUSER_WIDTH1_C_M_AXI_ARUSER_WIDTH1_C_M_AXI_WUSER_WIDTH1_C_M_AXI_RUSER_WIDTH1_C_M_AXI_BUSER_WIDTH1_C_USER_VALUE0_C_PROT_VALUE0_C_CACHE_VALUE3_USER_DW32_USER_AW64_USER_MAXREQS7_USER_RFIFONUM_WIDTH9_221
gmem1_m_axi_U/clk_gate_load_unit_buff_rdata_genblk1_U_fifo_mem_mem_reg_178_       3.9900     0.0      0.0000       3.9900 0.0000 SNPS_CLOCK_GATE_HIGH_tinytpu_isa_gmem1_m_axi_CONSERVATIVE1_NUM_READ_OUTSTANDING16_NUM_WRITE_OUTSTANDING16_MAX_READ_BURST_LENGTH16_MAX_WRITE_BURST_LENGTH16_C_M_AXI_ID_WIDTH1_C_M_AXI_ADDR_WIDTH64_C_M_AXI_DATA_WIDTH32_C_M_AXI_AWUSER_WIDTH1_C_M_AXI_ARUSER_WIDTH1_C_M_AXI_WUSER_WIDTH1_C_M_AXI_RUSER_WIDTH1_C_M_AXI_BUSER_WIDTH1_C_USER_VALUE0_C_PROT_VALUE0_C_CACHE_VALUE3_USER_DW32_USER_AW64_USER_MAXREQS7_USER_RFIFONUM_WIDTH9_222
gmem1_m_axi_U/clk_gate_load_unit_buff_rdata_genblk1_U_fifo_mem_mem_reg_179_       3.9900     0.0      0.0000       3.9900 0.0000 SNPS_CLOCK_GATE_HIGH_tinytpu_isa_gmem1_m_axi_CONSERVATIVE1_NUM_READ_OUTSTANDING16_NUM_WRITE_OUTSTANDING16_MAX_READ_BURST_LENGTH16_MAX_WRITE_BURST_LENGTH16_C_M_AXI_ID_WIDTH1_C_M_AXI_ADDR_WIDTH64_C_M_AXI_DATA_WIDTH32_C_M_AXI_AWUSER_WIDTH1_C_M_AXI_ARUSER_WIDTH1_C_M_AXI_WUSER_WIDTH1_C_M_AXI_RUSER_WIDTH1_C_M_AXI_BUSER_WIDTH1_C_USER_VALUE0_C_PROT_VALUE0_C_CACHE_VALUE3_USER_DW32_USER_AW64_USER_MAXREQS7_USER_RFIFONUM_WIDTH9_223
gmem1_m_axi_U/clk_gate_load_unit_buff_rdata_genblk1_U_fifo_mem_mem_reg_17_       3.9900     0.0      0.0000       3.9900 0.0000 SNPS_CLOCK_GATE_HIGH_tinytpu_isa_gmem1_m_axi_CONSERVATIVE1_NUM_READ_OUTSTANDING16_NUM_WRITE_OUTSTANDING16_MAX_READ_BURST_LENGTH16_MAX_WRITE_BURST_LENGTH16_C_M_AXI_ID_WIDTH1_C_M_AXI_ADDR_WIDTH64_C_M_AXI_DATA_WIDTH32_C_M_AXI_AWUSER_WIDTH1_C_M_AXI_ARUSER_WIDTH1_C_M_AXI_WUSER_WIDTH1_C_M_AXI_RUSER_WIDTH1_C_M_AXI_BUSER_WIDTH1_C_USER_VALUE0_C_PROT_VALUE0_C_CACHE_VALUE3_USER_DW32_USER_AW64_USER_MAXREQS7_USER_RFIFONUM_WIDTH9_61
gmem1_m_axi_U/clk_gate_load_unit_buff_rdata_genblk1_U_fifo_mem_mem_reg_180_       3.9900     0.0      0.0000       3.9900 0.0000 SNPS_CLOCK_GATE_HIGH_tinytpu_isa_gmem1_m_axi_CONSERVATIVE1_NUM_READ_OUTSTANDING16_NUM_WRITE_OUTSTANDING16_MAX_READ_BURST_LENGTH16_MAX_WRITE_BURST_LENGTH16_C_M_AXI_ID_WIDTH1_C_M_AXI_ADDR_WIDTH64_C_M_AXI_DATA_WIDTH32_C_M_AXI_AWUSER_WIDTH1_C_M_AXI_ARUSER_WIDTH1_C_M_AXI_WUSER_WIDTH1_C_M_AXI_RUSER_WIDTH1_C_M_AXI_BUSER_WIDTH1_C_USER_VALUE0_C_PROT_VALUE0_C_CACHE_VALUE3_USER_DW32_USER_AW64_USER_MAXREQS7_USER_RFIFONUM_WIDTH9_224
gmem1_m_axi_U/clk_gate_load_unit_buff_rdata_genblk1_U_fifo_mem_mem_reg_181_       3.9900     0.0      0.0000       3.9900 0.0000 SNPS_CLOCK_GATE_HIGH_tinytpu_isa_gmem1_m_axi_CONSERVATIVE1_NUM_READ_OUTSTANDING16_NUM_WRITE_OUTSTANDING16_MAX_READ_BURST_LENGTH16_MAX_WRITE_BURST_LENGTH16_C_M_AXI_ID_WIDTH1_C_M_AXI_ADDR_WIDTH64_C_M_AXI_DATA_WIDTH32_C_M_AXI_AWUSER_WIDTH1_C_M_AXI_ARUSER_WIDTH1_C_M_AXI_WUSER_WIDTH1_C_M_AXI_RUSER_WIDTH1_C_M_AXI_BUSER_WIDTH1_C_USER_VALUE0_C_PROT_VALUE0_C_CACHE_VALUE3_USER_DW32_USER_AW64_USER_MAXREQS7_USER_RFIFONUM_WIDTH9_225
gmem1_m_axi_U/clk_gate_load_unit_buff_rdata_genblk1_U_fifo_mem_mem_reg_182_       3.9900     0.0      0.0000       3.9900 0.0000 SNPS_CLOCK_GATE_HIGH_tinytpu_isa_gmem1_m_axi_CONSERVATIVE1_NUM_READ_OUTSTANDING16_NUM_WRITE_OUTSTANDING16_MAX_READ_BURST_LENGTH16_MAX_WRITE_BURST_LENGTH16_C_M_AXI_ID_WIDTH1_C_M_AXI_ADDR_WIDTH64_C_M_AXI_DATA_WIDTH32_C_M_AXI_AWUSER_WIDTH1_C_M_AXI_ARUSER_WIDTH1_C_M_AXI_WUSER_WIDTH1_C_M_AXI_RUSER_WIDTH1_C_M_AXI_BUSER_WIDTH1_C_USER_VALUE0_C_PROT_VALUE0_C_CACHE_VALUE3_USER_DW32_USER_AW64_USER_MAXREQS7_USER_RFIFONUM_WIDTH9_226
gmem1_m_axi_U/clk_gate_load_unit_buff_rdata_genblk1_U_fifo_mem_mem_reg_183_       3.9900     0.0      0.0000       3.9900 0.0000 SNPS_CLOCK_GATE_HIGH_tinytpu_isa_gmem1_m_axi_CONSERVATIVE1_NUM_READ_OUTSTANDING16_NUM_WRITE_OUTSTANDING16_MAX_READ_BURST_LENGTH16_MAX_WRITE_BURST_LENGTH16_C_M_AXI_ID_WIDTH1_C_M_AXI_ADDR_WIDTH64_C_M_AXI_DATA_WIDTH32_C_M_AXI_AWUSER_WIDTH1_C_M_AXI_ARUSER_WIDTH1_C_M_AXI_WUSER_WIDTH1_C_M_AXI_RUSER_WIDTH1_C_M_AXI_BUSER_WIDTH1_C_USER_VALUE0_C_PROT_VALUE0_C_CACHE_VALUE3_USER_DW32_USER_AW64_USER_MAXREQS7_USER_RFIFONUM_WIDTH9_227
gmem1_m_axi_U/clk_gate_load_unit_buff_rdata_genblk1_U_fifo_mem_mem_reg_184_       3.9900     0.0      0.0000       3.9900 0.0000 SNPS_CLOCK_GATE_HIGH_tinytpu_isa_gmem1_m_axi_CONSERVATIVE1_NUM_READ_OUTSTANDING16_NUM_WRITE_OUTSTANDING16_MAX_READ_BURST_LENGTH16_MAX_WRITE_BURST_LENGTH16_C_M_AXI_ID_WIDTH1_C_M_AXI_ADDR_WIDTH64_C_M_AXI_DATA_WIDTH32_C_M_AXI_AWUSER_WIDTH1_C_M_AXI_ARUSER_WIDTH1_C_M_AXI_WUSER_WIDTH1_C_M_AXI_RUSER_WIDTH1_C_M_AXI_BUSER_WIDTH1_C_USER_VALUE0_C_PROT_VALUE0_C_CACHE_VALUE3_USER_DW32_USER_AW64_USER_MAXREQS7_USER_RFIFONUM_WIDTH9_228
gmem1_m_axi_U/clk_gate_load_unit_buff_rdata_genblk1_U_fifo_mem_mem_reg_185_       3.9900     0.0      0.0000       3.9900 0.0000 SNPS_CLOCK_GATE_HIGH_tinytpu_isa_gmem1_m_axi_CONSERVATIVE1_NUM_READ_OUTSTANDING16_NUM_WRITE_OUTSTANDING16_MAX_READ_BURST_LENGTH16_MAX_WRITE_BURST_LENGTH16_C_M_AXI_ID_WIDTH1_C_M_AXI_ADDR_WIDTH64_C_M_AXI_DATA_WIDTH32_C_M_AXI_AWUSER_WIDTH1_C_M_AXI_ARUSER_WIDTH1_C_M_AXI_WUSER_WIDTH1_C_M_AXI_RUSER_WIDTH1_C_M_AXI_BUSER_WIDTH1_C_USER_VALUE0_C_PROT_VALUE0_C_CACHE_VALUE3_USER_DW32_USER_AW64_USER_MAXREQS7_USER_RFIFONUM_WIDTH9_229
gmem1_m_axi_U/clk_gate_load_unit_buff_rdata_genblk1_U_fifo_mem_mem_reg_186_       3.9900     0.0      0.0000       3.9900 0.0000 SNPS_CLOCK_GATE_HIGH_tinytpu_isa_gmem1_m_axi_CONSERVATIVE1_NUM_READ_OUTSTANDING16_NUM_WRITE_OUTSTANDING16_MAX_READ_BURST_LENGTH16_MAX_WRITE_BURST_LENGTH16_C_M_AXI_ID_WIDTH1_C_M_AXI_ADDR_WIDTH64_C_M_AXI_DATA_WIDTH32_C_M_AXI_AWUSER_WIDTH1_C_M_AXI_ARUSER_WIDTH1_C_M_AXI_WUSER_WIDTH1_C_M_AXI_RUSER_WIDTH1_C_M_AXI_BUSER_WIDTH1_C_USER_VALUE0_C_PROT_VALUE0_C_CACHE_VALUE3_USER_DW32_USER_AW64_USER_MAXREQS7_USER_RFIFONUM_WIDTH9_230
gmem1_m_axi_U/clk_gate_load_unit_buff_rdata_genblk1_U_fifo_mem_mem_reg_187_       3.9900     0.0      0.0000       3.9900 0.0000 SNPS_CLOCK_GATE_HIGH_tinytpu_isa_gmem1_m_axi_CONSERVATIVE1_NUM_READ_OUTSTANDING16_NUM_WRITE_OUTSTANDING16_MAX_READ_BURST_LENGTH16_MAX_WRITE_BURST_LENGTH16_C_M_AXI_ID_WIDTH1_C_M_AXI_ADDR_WIDTH64_C_M_AXI_DATA_WIDTH32_C_M_AXI_AWUSER_WIDTH1_C_M_AXI_ARUSER_WIDTH1_C_M_AXI_WUSER_WIDTH1_C_M_AXI_RUSER_WIDTH1_C_M_AXI_BUSER_WIDTH1_C_USER_VALUE0_C_PROT_VALUE0_C_CACHE_VALUE3_USER_DW32_USER_AW64_USER_MAXREQS7_USER_RFIFONUM_WIDTH9_231
gmem1_m_axi_U/clk_gate_load_unit_buff_rdata_genblk1_U_fifo_mem_mem_reg_188_       3.9900     0.0      0.0000       3.9900 0.0000 SNPS_CLOCK_GATE_HIGH_tinytpu_isa_gmem1_m_axi_CONSERVATIVE1_NUM_READ_OUTSTANDING16_NUM_WRITE_OUTSTANDING16_MAX_READ_BURST_LENGTH16_MAX_WRITE_BURST_LENGTH16_C_M_AXI_ID_WIDTH1_C_M_AXI_ADDR_WIDTH64_C_M_AXI_DATA_WIDTH32_C_M_AXI_AWUSER_WIDTH1_C_M_AXI_ARUSER_WIDTH1_C_M_AXI_WUSER_WIDTH1_C_M_AXI_RUSER_WIDTH1_C_M_AXI_BUSER_WIDTH1_C_USER_VALUE0_C_PROT_VALUE0_C_CACHE_VALUE3_USER_DW32_USER_AW64_USER_MAXREQS7_USER_RFIFONUM_WIDTH9_232
gmem1_m_axi_U/clk_gate_load_unit_buff_rdata_genblk1_U_fifo_mem_mem_reg_189_       3.9900     0.0      0.0000       3.9900 0.0000 SNPS_CLOCK_GATE_HIGH_tinytpu_isa_gmem1_m_axi_CONSERVATIVE1_NUM_READ_OUTSTANDING16_NUM_WRITE_OUTSTANDING16_MAX_READ_BURST_LENGTH16_MAX_WRITE_BURST_LENGTH16_C_M_AXI_ID_WIDTH1_C_M_AXI_ADDR_WIDTH64_C_M_AXI_DATA_WIDTH32_C_M_AXI_AWUSER_WIDTH1_C_M_AXI_ARUSER_WIDTH1_C_M_AXI_WUSER_WIDTH1_C_M_AXI_RUSER_WIDTH1_C_M_AXI_BUSER_WIDTH1_C_USER_VALUE0_C_PROT_VALUE0_C_CACHE_VALUE3_USER_DW32_USER_AW64_USER_MAXREQS7_USER_RFIFONUM_WIDTH9_233
gmem1_m_axi_U/clk_gate_load_unit_buff_rdata_genblk1_U_fifo_mem_mem_reg_18_       3.9900     0.0      0.0000       3.9900 0.0000 SNPS_CLOCK_GATE_HIGH_tinytpu_isa_gmem1_m_axi_CONSERVATIVE1_NUM_READ_OUTSTANDING16_NUM_WRITE_OUTSTANDING16_MAX_READ_BURST_LENGTH16_MAX_WRITE_BURST_LENGTH16_C_M_AXI_ID_WIDTH1_C_M_AXI_ADDR_WIDTH64_C_M_AXI_DATA_WIDTH32_C_M_AXI_AWUSER_WIDTH1_C_M_AXI_ARUSER_WIDTH1_C_M_AXI_WUSER_WIDTH1_C_M_AXI_RUSER_WIDTH1_C_M_AXI_BUSER_WIDTH1_C_USER_VALUE0_C_PROT_VALUE0_C_CACHE_VALUE3_USER_DW32_USER_AW64_USER_MAXREQS7_USER_RFIFONUM_WIDTH9_62
gmem1_m_axi_U/clk_gate_load_unit_buff_rdata_genblk1_U_fifo_mem_mem_reg_190_       3.9900     0.0      0.0000       3.9900 0.0000 SNPS_CLOCK_GATE_HIGH_tinytpu_isa_gmem1_m_axi_CONSERVATIVE1_NUM_READ_OUTSTANDING16_NUM_WRITE_OUTSTANDING16_MAX_READ_BURST_LENGTH16_MAX_WRITE_BURST_LENGTH16_C_M_AXI_ID_WIDTH1_C_M_AXI_ADDR_WIDTH64_C_M_AXI_DATA_WIDTH32_C_M_AXI_AWUSER_WIDTH1_C_M_AXI_ARUSER_WIDTH1_C_M_AXI_WUSER_WIDTH1_C_M_AXI_RUSER_WIDTH1_C_M_AXI_BUSER_WIDTH1_C_USER_VALUE0_C_PROT_VALUE0_C_CACHE_VALUE3_USER_DW32_USER_AW64_USER_MAXREQS7_USER_RFIFONUM_WIDTH9_234
gmem1_m_axi_U/clk_gate_load_unit_buff_rdata_genblk1_U_fifo_mem_mem_reg_191_       3.9900     0.0      0.0000       3.9900 0.0000 SNPS_CLOCK_GATE_HIGH_tinytpu_isa_gmem1_m_axi_CONSERVATIVE1_NUM_READ_OUTSTANDING16_NUM_WRITE_OUTSTANDING16_MAX_READ_BURST_LENGTH16_MAX_WRITE_BURST_LENGTH16_C_M_AXI_ID_WIDTH1_C_M_AXI_ADDR_WIDTH64_C_M_AXI_DATA_WIDTH32_C_M_AXI_AWUSER_WIDTH1_C_M_AXI_ARUSER_WIDTH1_C_M_AXI_WUSER_WIDTH1_C_M_AXI_RUSER_WIDTH1_C_M_AXI_BUSER_WIDTH1_C_USER_VALUE0_C_PROT_VALUE0_C_CACHE_VALUE3_USER_DW32_USER_AW64_USER_MAXREQS7_USER_RFIFONUM_WIDTH9_235
gmem1_m_axi_U/clk_gate_load_unit_buff_rdata_genblk1_U_fifo_mem_mem_reg_192_       3.9900     0.0      0.0000       3.9900 0.0000 SNPS_CLOCK_GATE_HIGH_tinytpu_isa_gmem1_m_axi_CONSERVATIVE1_NUM_READ_OUTSTANDING16_NUM_WRITE_OUTSTANDING16_MAX_READ_BURST_LENGTH16_MAX_WRITE_BURST_LENGTH16_C_M_AXI_ID_WIDTH1_C_M_AXI_ADDR_WIDTH64_C_M_AXI_DATA_WIDTH32_C_M_AXI_AWUSER_WIDTH1_C_M_AXI_ARUSER_WIDTH1_C_M_AXI_WUSER_WIDTH1_C_M_AXI_RUSER_WIDTH1_C_M_AXI_BUSER_WIDTH1_C_USER_VALUE0_C_PROT_VALUE0_C_CACHE_VALUE3_USER_DW32_USER_AW64_USER_MAXREQS7_USER_RFIFONUM_WIDTH9_236
gmem1_m_axi_U/clk_gate_load_unit_buff_rdata_genblk1_U_fifo_mem_mem_reg_193_       3.9900     0.0      0.0000       3.9900 0.0000 SNPS_CLOCK_GATE_HIGH_tinytpu_isa_gmem1_m_axi_CONSERVATIVE1_NUM_READ_OUTSTANDING16_NUM_WRITE_OUTSTANDING16_MAX_READ_BURST_LENGTH16_MAX_WRITE_BURST_LENGTH16_C_M_AXI_ID_WIDTH1_C_M_AXI_ADDR_WIDTH64_C_M_AXI_DATA_WIDTH32_C_M_AXI_AWUSER_WIDTH1_C_M_AXI_ARUSER_WIDTH1_C_M_AXI_WUSER_WIDTH1_C_M_AXI_RUSER_WIDTH1_C_M_AXI_BUSER_WIDTH1_C_USER_VALUE0_C_PROT_VALUE0_C_CACHE_VALUE3_USER_DW32_USER_AW64_USER_MAXREQS7_USER_RFIFONUM_WIDTH9_237
gmem1_m_axi_U/clk_gate_load_unit_buff_rdata_genblk1_U_fifo_mem_mem_reg_194_       3.9900     0.0      0.0000       3.9900 0.0000 SNPS_CLOCK_GATE_HIGH_tinytpu_isa_gmem1_m_axi_CONSERVATIVE1_NUM_READ_OUTSTANDING16_NUM_WRITE_OUTSTANDING16_MAX_READ_BURST_LENGTH16_MAX_WRITE_BURST_LENGTH16_C_M_AXI_ID_WIDTH1_C_M_AXI_ADDR_WIDTH64_C_M_AXI_DATA_WIDTH32_C_M_AXI_AWUSER_WIDTH1_C_M_AXI_ARUSER_WIDTH1_C_M_AXI_WUSER_WIDTH1_C_M_AXI_RUSER_WIDTH1_C_M_AXI_BUSER_WIDTH1_C_USER_VALUE0_C_PROT_VALUE0_C_CACHE_VALUE3_USER_DW32_USER_AW64_USER_MAXREQS7_USER_RFIFONUM_WIDTH9_238
gmem1_m_axi_U/clk_gate_load_unit_buff_rdata_genblk1_U_fifo_mem_mem_reg_195_       3.9900     0.0      0.0000       3.9900 0.0000 SNPS_CLOCK_GATE_HIGH_tinytpu_isa_gmem1_m_axi_CONSERVATIVE1_NUM_READ_OUTSTANDING16_NUM_WRITE_OUTSTANDING16_MAX_READ_BURST_LENGTH16_MAX_WRITE_BURST_LENGTH16_C_M_AXI_ID_WIDTH1_C_M_AXI_ADDR_WIDTH64_C_M_AXI_DATA_WIDTH32_C_M_AXI_AWUSER_WIDTH1_C_M_AXI_ARUSER_WIDTH1_C_M_AXI_WUSER_WIDTH1_C_M_AXI_RUSER_WIDTH1_C_M_AXI_BUSER_WIDTH1_C_USER_VALUE0_C_PROT_VALUE0_C_CACHE_VALUE3_USER_DW32_USER_AW64_USER_MAXREQS7_USER_RFIFONUM_WIDTH9_239
gmem1_m_axi_U/clk_gate_load_unit_buff_rdata_genblk1_U_fifo_mem_mem_reg_196_       3.9900     0.0      0.0000       3.9900 0.0000 SNPS_CLOCK_GATE_HIGH_tinytpu_isa_gmem1_m_axi_CONSERVATIVE1_NUM_READ_OUTSTANDING16_NUM_WRITE_OUTSTANDING16_MAX_READ_BURST_LENGTH16_MAX_WRITE_BURST_LENGTH16_C_M_AXI_ID_WIDTH1_C_M_AXI_ADDR_WIDTH64_C_M_AXI_DATA_WIDTH32_C_M_AXI_AWUSER_WIDTH1_C_M_AXI_ARUSER_WIDTH1_C_M_AXI_WUSER_WIDTH1_C_M_AXI_RUSER_WIDTH1_C_M_AXI_BUSER_WIDTH1_C_USER_VALUE0_C_PROT_VALUE0_C_CACHE_VALUE3_USER_DW32_USER_AW64_USER_MAXREQS7_USER_RFIFONUM_WIDTH9_240
gmem1_m_axi_U/clk_gate_load_unit_buff_rdata_genblk1_U_fifo_mem_mem_reg_197_       3.9900     0.0      0.0000       3.9900 0.0000 SNPS_CLOCK_GATE_HIGH_tinytpu_isa_gmem1_m_axi_CONSERVATIVE1_NUM_READ_OUTSTANDING16_NUM_WRITE_OUTSTANDING16_MAX_READ_BURST_LENGTH16_MAX_WRITE_BURST_LENGTH16_C_M_AXI_ID_WIDTH1_C_M_AXI_ADDR_WIDTH64_C_M_AXI_DATA_WIDTH32_C_M_AXI_AWUSER_WIDTH1_C_M_AXI_ARUSER_WIDTH1_C_M_AXI_WUSER_WIDTH1_C_M_AXI_RUSER_WIDTH1_C_M_AXI_BUSER_WIDTH1_C_USER_VALUE0_C_PROT_VALUE0_C_CACHE_VALUE3_USER_DW32_USER_AW64_USER_MAXREQS7_USER_RFIFONUM_WIDTH9_241
gmem1_m_axi_U/clk_gate_load_unit_buff_rdata_genblk1_U_fifo_mem_mem_reg_198_       3.9900     0.0      0.0000       3.9900 0.0000 SNPS_CLOCK_GATE_HIGH_tinytpu_isa_gmem1_m_axi_CONSERVATIVE1_NUM_READ_OUTSTANDING16_NUM_WRITE_OUTSTANDING16_MAX_READ_BURST_LENGTH16_MAX_WRITE_BURST_LENGTH16_C_M_AXI_ID_WIDTH1_C_M_AXI_ADDR_WIDTH64_C_M_AXI_DATA_WIDTH32_C_M_AXI_AWUSER_WIDTH1_C_M_AXI_ARUSER_WIDTH1_C_M_AXI_WUSER_WIDTH1_C_M_AXI_RUSER_WIDTH1_C_M_AXI_BUSER_WIDTH1_C_USER_VALUE0_C_PROT_VALUE0_C_CACHE_VALUE3_USER_DW32_USER_AW64_USER_MAXREQS7_USER_RFIFONUM_WIDTH9_242
gmem1_m_axi_U/clk_gate_load_unit_buff_rdata_genblk1_U_fifo_mem_mem_reg_199_       3.9900     0.0      0.0000       3.9900 0.0000 SNPS_CLOCK_GATE_HIGH_tinytpu_isa_gmem1_m_axi_CONSERVATIVE1_NUM_READ_OUTSTANDING16_NUM_WRITE_OUTSTANDING16_MAX_READ_BURST_LENGTH16_MAX_WRITE_BURST_LENGTH16_C_M_AXI_ID_WIDTH1_C_M_AXI_ADDR_WIDTH64_C_M_AXI_DATA_WIDTH32_C_M_AXI_AWUSER_WIDTH1_C_M_AXI_ARUSER_WIDTH1_C_M_AXI_WUSER_WIDTH1_C_M_AXI_RUSER_WIDTH1_C_M_AXI_BUSER_WIDTH1_C_USER_VALUE0_C_PROT_VALUE0_C_CACHE_VALUE3_USER_DW32_USER_AW64_USER_MAXREQS7_USER_RFIFONUM_WIDTH9_243
gmem1_m_axi_U/clk_gate_load_unit_buff_rdata_genblk1_U_fifo_mem_mem_reg_19_       3.9900     0.0      0.0000       3.9900 0.0000 SNPS_CLOCK_GATE_HIGH_tinytpu_isa_gmem1_m_axi_CONSERVATIVE1_NUM_READ_OUTSTANDING16_NUM_WRITE_OUTSTANDING16_MAX_READ_BURST_LENGTH16_MAX_WRITE_BURST_LENGTH16_C_M_AXI_ID_WIDTH1_C_M_AXI_ADDR_WIDTH64_C_M_AXI_DATA_WIDTH32_C_M_AXI_AWUSER_WIDTH1_C_M_AXI_ARUSER_WIDTH1_C_M_AXI_WUSER_WIDTH1_C_M_AXI_RUSER_WIDTH1_C_M_AXI_BUSER_WIDTH1_C_USER_VALUE0_C_PROT_VALUE0_C_CACHE_VALUE3_USER_DW32_USER_AW64_USER_MAXREQS7_USER_RFIFONUM_WIDTH9_63
gmem1_m_axi_U/clk_gate_load_unit_buff_rdata_genblk1_U_fifo_mem_mem_reg_1_       3.9900     0.0      0.0000       3.9900 0.0000 SNPS_CLOCK_GATE_HIGH_tinytpu_isa_gmem1_m_axi_CONSERVATIVE1_NUM_READ_OUTSTANDING16_NUM_WRITE_OUTSTANDING16_MAX_READ_BURST_LENGTH16_MAX_WRITE_BURST_LENGTH16_C_M_AXI_ID_WIDTH1_C_M_AXI_ADDR_WIDTH64_C_M_AXI_DATA_WIDTH32_C_M_AXI_AWUSER_WIDTH1_C_M_AXI_ARUSER_WIDTH1_C_M_AXI_WUSER_WIDTH1_C_M_AXI_RUSER_WIDTH1_C_M_AXI_BUSER_WIDTH1_C_USER_VALUE0_C_PROT_VALUE0_C_CACHE_VALUE3_USER_DW32_USER_AW64_USER_MAXREQS7_USER_RFIFONUM_WIDTH9_45
gmem1_m_axi_U/clk_gate_load_unit_buff_rdata_genblk1_U_fifo_mem_mem_reg_200_       3.9900     0.0      0.0000       3.9900 0.0000 SNPS_CLOCK_GATE_HIGH_tinytpu_isa_gmem1_m_axi_CONSERVATIVE1_NUM_READ_OUTSTANDING16_NUM_WRITE_OUTSTANDING16_MAX_READ_BURST_LENGTH16_MAX_WRITE_BURST_LENGTH16_C_M_AXI_ID_WIDTH1_C_M_AXI_ADDR_WIDTH64_C_M_AXI_DATA_WIDTH32_C_M_AXI_AWUSER_WIDTH1_C_M_AXI_ARUSER_WIDTH1_C_M_AXI_WUSER_WIDTH1_C_M_AXI_RUSER_WIDTH1_C_M_AXI_BUSER_WIDTH1_C_USER_VALUE0_C_PROT_VALUE0_C_CACHE_VALUE3_USER_DW32_USER_AW64_USER_MAXREQS7_USER_RFIFONUM_WIDTH9_244
gmem1_m_axi_U/clk_gate_load_unit_buff_rdata_genblk1_U_fifo_mem_mem_reg_201_       3.9900     0.0      0.0000       3.9900 0.0000 SNPS_CLOCK_GATE_HIGH_tinytpu_isa_gmem1_m_axi_CONSERVATIVE1_NUM_READ_OUTSTANDING16_NUM_WRITE_OUTSTANDING16_MAX_READ_BURST_LENGTH16_MAX_WRITE_BURST_LENGTH16_C_M_AXI_ID_WIDTH1_C_M_AXI_ADDR_WIDTH64_C_M_AXI_DATA_WIDTH32_C_M_AXI_AWUSER_WIDTH1_C_M_AXI_ARUSER_WIDTH1_C_M_AXI_WUSER_WIDTH1_C_M_AXI_RUSER_WIDTH1_C_M_AXI_BUSER_WIDTH1_C_USER_VALUE0_C_PROT_VALUE0_C_CACHE_VALUE3_USER_DW32_USER_AW64_USER_MAXREQS7_USER_RFIFONUM_WIDTH9_245
gmem1_m_axi_U/clk_gate_load_unit_buff_rdata_genblk1_U_fifo_mem_mem_reg_202_       3.9900     0.0      0.0000       3.9900 0.0000 SNPS_CLOCK_GATE_HIGH_tinytpu_isa_gmem1_m_axi_CONSERVATIVE1_NUM_READ_OUTSTANDING16_NUM_WRITE_OUTSTANDING16_MAX_READ_BURST_LENGTH16_MAX_WRITE_BURST_LENGTH16_C_M_AXI_ID_WIDTH1_C_M_AXI_ADDR_WIDTH64_C_M_AXI_DATA_WIDTH32_C_M_AXI_AWUSER_WIDTH1_C_M_AXI_ARUSER_WIDTH1_C_M_AXI_WUSER_WIDTH1_C_M_AXI_RUSER_WIDTH1_C_M_AXI_BUSER_WIDTH1_C_USER_VALUE0_C_PROT_VALUE0_C_CACHE_VALUE3_USER_DW32_USER_AW64_USER_MAXREQS7_USER_RFIFONUM_WIDTH9_246
gmem1_m_axi_U/clk_gate_load_unit_buff_rdata_genblk1_U_fifo_mem_mem_reg_203_       3.9900     0.0      0.0000       3.9900 0.0000 SNPS_CLOCK_GATE_HIGH_tinytpu_isa_gmem1_m_axi_CONSERVATIVE1_NUM_READ_OUTSTANDING16_NUM_WRITE_OUTSTANDING16_MAX_READ_BURST_LENGTH16_MAX_WRITE_BURST_LENGTH16_C_M_AXI_ID_WIDTH1_C_M_AXI_ADDR_WIDTH64_C_M_AXI_DATA_WIDTH32_C_M_AXI_AWUSER_WIDTH1_C_M_AXI_ARUSER_WIDTH1_C_M_AXI_WUSER_WIDTH1_C_M_AXI_RUSER_WIDTH1_C_M_AXI_BUSER_WIDTH1_C_USER_VALUE0_C_PROT_VALUE0_C_CACHE_VALUE3_USER_DW32_USER_AW64_USER_MAXREQS7_USER_RFIFONUM_WIDTH9_247
gmem1_m_axi_U/clk_gate_load_unit_buff_rdata_genblk1_U_fifo_mem_mem_reg_204_       3.9900     0.0      0.0000       3.9900 0.0000 SNPS_CLOCK_GATE_HIGH_tinytpu_isa_gmem1_m_axi_CONSERVATIVE1_NUM_READ_OUTSTANDING16_NUM_WRITE_OUTSTANDING16_MAX_READ_BURST_LENGTH16_MAX_WRITE_BURST_LENGTH16_C_M_AXI_ID_WIDTH1_C_M_AXI_ADDR_WIDTH64_C_M_AXI_DATA_WIDTH32_C_M_AXI_AWUSER_WIDTH1_C_M_AXI_ARUSER_WIDTH1_C_M_AXI_WUSER_WIDTH1_C_M_AXI_RUSER_WIDTH1_C_M_AXI_BUSER_WIDTH1_C_USER_VALUE0_C_PROT_VALUE0_C_CACHE_VALUE3_USER_DW32_USER_AW64_USER_MAXREQS7_USER_RFIFONUM_WIDTH9_248
gmem1_m_axi_U/clk_gate_load_unit_buff_rdata_genblk1_U_fifo_mem_mem_reg_205_       3.9900     0.0      0.0000       3.9900 0.0000 SNPS_CLOCK_GATE_HIGH_tinytpu_isa_gmem1_m_axi_CONSERVATIVE1_NUM_READ_OUTSTANDING16_NUM_WRITE_OUTSTANDING16_MAX_READ_BURST_LENGTH16_MAX_WRITE_BURST_LENGTH16_C_M_AXI_ID_WIDTH1_C_M_AXI_ADDR_WIDTH64_C_M_AXI_DATA_WIDTH32_C_M_AXI_AWUSER_WIDTH1_C_M_AXI_ARUSER_WIDTH1_C_M_AXI_WUSER_WIDTH1_C_M_AXI_RUSER_WIDTH1_C_M_AXI_BUSER_WIDTH1_C_USER_VALUE0_C_PROT_VALUE0_C_CACHE_VALUE3_USER_DW32_USER_AW64_USER_MAXREQS7_USER_RFIFONUM_WIDTH9_249
gmem1_m_axi_U/clk_gate_load_unit_buff_rdata_genblk1_U_fifo_mem_mem_reg_206_       3.9900     0.0      0.0000       3.9900 0.0000 SNPS_CLOCK_GATE_HIGH_tinytpu_isa_gmem1_m_axi_CONSERVATIVE1_NUM_READ_OUTSTANDING16_NUM_WRITE_OUTSTANDING16_MAX_READ_BURST_LENGTH16_MAX_WRITE_BURST_LENGTH16_C_M_AXI_ID_WIDTH1_C_M_AXI_ADDR_WIDTH64_C_M_AXI_DATA_WIDTH32_C_M_AXI_AWUSER_WIDTH1_C_M_AXI_ARUSER_WIDTH1_C_M_AXI_WUSER_WIDTH1_C_M_AXI_RUSER_WIDTH1_C_M_AXI_BUSER_WIDTH1_C_USER_VALUE0_C_PROT_VALUE0_C_CACHE_VALUE3_USER_DW32_USER_AW64_USER_MAXREQS7_USER_RFIFONUM_WIDTH9_250
gmem1_m_axi_U/clk_gate_load_unit_buff_rdata_genblk1_U_fifo_mem_mem_reg_207_       3.9900     0.0      0.0000       3.9900 0.0000 SNPS_CLOCK_GATE_HIGH_tinytpu_isa_gmem1_m_axi_CONSERVATIVE1_NUM_READ_OUTSTANDING16_NUM_WRITE_OUTSTANDING16_MAX_READ_BURST_LENGTH16_MAX_WRITE_BURST_LENGTH16_C_M_AXI_ID_WIDTH1_C_M_AXI_ADDR_WIDTH64_C_M_AXI_DATA_WIDTH32_C_M_AXI_AWUSER_WIDTH1_C_M_AXI_ARUSER_WIDTH1_C_M_AXI_WUSER_WIDTH1_C_M_AXI_RUSER_WIDTH1_C_M_AXI_BUSER_WIDTH1_C_USER_VALUE0_C_PROT_VALUE0_C_CACHE_VALUE3_USER_DW32_USER_AW64_USER_MAXREQS7_USER_RFIFONUM_WIDTH9_251
gmem1_m_axi_U/clk_gate_load_unit_buff_rdata_genblk1_U_fifo_mem_mem_reg_208_       3.9900     0.0      0.0000       3.9900 0.0000 SNPS_CLOCK_GATE_HIGH_tinytpu_isa_gmem1_m_axi_CONSERVATIVE1_NUM_READ_OUTSTANDING16_NUM_WRITE_OUTSTANDING16_MAX_READ_BURST_LENGTH16_MAX_WRITE_BURST_LENGTH16_C_M_AXI_ID_WIDTH1_C_M_AXI_ADDR_WIDTH64_C_M_AXI_DATA_WIDTH32_C_M_AXI_AWUSER_WIDTH1_C_M_AXI_ARUSER_WIDTH1_C_M_AXI_WUSER_WIDTH1_C_M_AXI_RUSER_WIDTH1_C_M_AXI_BUSER_WIDTH1_C_USER_VALUE0_C_PROT_VALUE0_C_CACHE_VALUE3_USER_DW32_USER_AW64_USER_MAXREQS7_USER_RFIFONUM_WIDTH9_252
gmem1_m_axi_U/clk_gate_load_unit_buff_rdata_genblk1_U_fifo_mem_mem_reg_209_       3.9900     0.0      0.0000       3.9900 0.0000 SNPS_CLOCK_GATE_HIGH_tinytpu_isa_gmem1_m_axi_CONSERVATIVE1_NUM_READ_OUTSTANDING16_NUM_WRITE_OUTSTANDING16_MAX_READ_BURST_LENGTH16_MAX_WRITE_BURST_LENGTH16_C_M_AXI_ID_WIDTH1_C_M_AXI_ADDR_WIDTH64_C_M_AXI_DATA_WIDTH32_C_M_AXI_AWUSER_WIDTH1_C_M_AXI_ARUSER_WIDTH1_C_M_AXI_WUSER_WIDTH1_C_M_AXI_RUSER_WIDTH1_C_M_AXI_BUSER_WIDTH1_C_USER_VALUE0_C_PROT_VALUE0_C_CACHE_VALUE3_USER_DW32_USER_AW64_USER_MAXREQS7_USER_RFIFONUM_WIDTH9_253
gmem1_m_axi_U/clk_gate_load_unit_buff_rdata_genblk1_U_fifo_mem_mem_reg_20_       3.9900     0.0      0.0000       3.9900 0.0000 SNPS_CLOCK_GATE_HIGH_tinytpu_isa_gmem1_m_axi_CONSERVATIVE1_NUM_READ_OUTSTANDING16_NUM_WRITE_OUTSTANDING16_MAX_READ_BURST_LENGTH16_MAX_WRITE_BURST_LENGTH16_C_M_AXI_ID_WIDTH1_C_M_AXI_ADDR_WIDTH64_C_M_AXI_DATA_WIDTH32_C_M_AXI_AWUSER_WIDTH1_C_M_AXI_ARUSER_WIDTH1_C_M_AXI_WUSER_WIDTH1_C_M_AXI_RUSER_WIDTH1_C_M_AXI_BUSER_WIDTH1_C_USER_VALUE0_C_PROT_VALUE0_C_CACHE_VALUE3_USER_DW32_USER_AW64_USER_MAXREQS7_USER_RFIFONUM_WIDTH9_64
gmem1_m_axi_U/clk_gate_load_unit_buff_rdata_genblk1_U_fifo_mem_mem_reg_210_       3.9900     0.0      0.0000       3.9900 0.0000 SNPS_CLOCK_GATE_HIGH_tinytpu_isa_gmem1_m_axi_CONSERVATIVE1_NUM_READ_OUTSTANDING16_NUM_WRITE_OUTSTANDING16_MAX_READ_BURST_LENGTH16_MAX_WRITE_BURST_LENGTH16_C_M_AXI_ID_WIDTH1_C_M_AXI_ADDR_WIDTH64_C_M_AXI_DATA_WIDTH32_C_M_AXI_AWUSER_WIDTH1_C_M_AXI_ARUSER_WIDTH1_C_M_AXI_WUSER_WIDTH1_C_M_AXI_RUSER_WIDTH1_C_M_AXI_BUSER_WIDTH1_C_USER_VALUE0_C_PROT_VALUE0_C_CACHE_VALUE3_USER_DW32_USER_AW64_USER_MAXREQS7_USER_RFIFONUM_WIDTH9_254
gmem1_m_axi_U/clk_gate_load_unit_buff_rdata_genblk1_U_fifo_mem_mem_reg_211_       3.9900     0.0      0.0000       3.9900 0.0000 SNPS_CLOCK_GATE_HIGH_tinytpu_isa_gmem1_m_axi_CONSERVATIVE1_NUM_READ_OUTSTANDING16_NUM_WRITE_OUTSTANDING16_MAX_READ_BURST_LENGTH16_MAX_WRITE_BURST_LENGTH16_C_M_AXI_ID_WIDTH1_C_M_AXI_ADDR_WIDTH64_C_M_AXI_DATA_WIDTH32_C_M_AXI_AWUSER_WIDTH1_C_M_AXI_ARUSER_WIDTH1_C_M_AXI_WUSER_WIDTH1_C_M_AXI_RUSER_WIDTH1_C_M_AXI_BUSER_WIDTH1_C_USER_VALUE0_C_PROT_VALUE0_C_CACHE_VALUE3_USER_DW32_USER_AW64_USER_MAXREQS7_USER_RFIFONUM_WIDTH9_255
gmem1_m_axi_U/clk_gate_load_unit_buff_rdata_genblk1_U_fifo_mem_mem_reg_212_       3.9900     0.0      0.0000       3.9900 0.0000 SNPS_CLOCK_GATE_HIGH_tinytpu_isa_gmem1_m_axi_CONSERVATIVE1_NUM_READ_OUTSTANDING16_NUM_WRITE_OUTSTANDING16_MAX_READ_BURST_LENGTH16_MAX_WRITE_BURST_LENGTH16_C_M_AXI_ID_WIDTH1_C_M_AXI_ADDR_WIDTH64_C_M_AXI_DATA_WIDTH32_C_M_AXI_AWUSER_WIDTH1_C_M_AXI_ARUSER_WIDTH1_C_M_AXI_WUSER_WIDTH1_C_M_AXI_RUSER_WIDTH1_C_M_AXI_BUSER_WIDTH1_C_USER_VALUE0_C_PROT_VALUE0_C_CACHE_VALUE3_USER_DW32_USER_AW64_USER_MAXREQS7_USER_RFIFONUM_WIDTH9_256
gmem1_m_axi_U/clk_gate_load_unit_buff_rdata_genblk1_U_fifo_mem_mem_reg_213_       3.9900     0.0      0.0000       3.9900 0.0000 SNPS_CLOCK_GATE_HIGH_tinytpu_isa_gmem1_m_axi_CONSERVATIVE1_NUM_READ_OUTSTANDING16_NUM_WRITE_OUTSTANDING16_MAX_READ_BURST_LENGTH16_MAX_WRITE_BURST_LENGTH16_C_M_AXI_ID_WIDTH1_C_M_AXI_ADDR_WIDTH64_C_M_AXI_DATA_WIDTH32_C_M_AXI_AWUSER_WIDTH1_C_M_AXI_ARUSER_WIDTH1_C_M_AXI_WUSER_WIDTH1_C_M_AXI_RUSER_WIDTH1_C_M_AXI_BUSER_WIDTH1_C_USER_VALUE0_C_PROT_VALUE0_C_CACHE_VALUE3_USER_DW32_USER_AW64_USER_MAXREQS7_USER_RFIFONUM_WIDTH9_257
gmem1_m_axi_U/clk_gate_load_unit_buff_rdata_genblk1_U_fifo_mem_mem_reg_214_       3.9900     0.0      0.0000       3.9900 0.0000 SNPS_CLOCK_GATE_HIGH_tinytpu_isa_gmem1_m_axi_CONSERVATIVE1_NUM_READ_OUTSTANDING16_NUM_WRITE_OUTSTANDING16_MAX_READ_BURST_LENGTH16_MAX_WRITE_BURST_LENGTH16_C_M_AXI_ID_WIDTH1_C_M_AXI_ADDR_WIDTH64_C_M_AXI_DATA_WIDTH32_C_M_AXI_AWUSER_WIDTH1_C_M_AXI_ARUSER_WIDTH1_C_M_AXI_WUSER_WIDTH1_C_M_AXI_RUSER_WIDTH1_C_M_AXI_BUSER_WIDTH1_C_USER_VALUE0_C_PROT_VALUE0_C_CACHE_VALUE3_USER_DW32_USER_AW64_USER_MAXREQS7_USER_RFIFONUM_WIDTH9_258
gmem1_m_axi_U/clk_gate_load_unit_buff_rdata_genblk1_U_fifo_mem_mem_reg_215_       3.9900     0.0      0.0000       3.9900 0.0000 SNPS_CLOCK_GATE_HIGH_tinytpu_isa_gmem1_m_axi_CONSERVATIVE1_NUM_READ_OUTSTANDING16_NUM_WRITE_OUTSTANDING16_MAX_READ_BURST_LENGTH16_MAX_WRITE_BURST_LENGTH16_C_M_AXI_ID_WIDTH1_C_M_AXI_ADDR_WIDTH64_C_M_AXI_DATA_WIDTH32_C_M_AXI_AWUSER_WIDTH1_C_M_AXI_ARUSER_WIDTH1_C_M_AXI_WUSER_WIDTH1_C_M_AXI_RUSER_WIDTH1_C_M_AXI_BUSER_WIDTH1_C_USER_VALUE0_C_PROT_VALUE0_C_CACHE_VALUE3_USER_DW32_USER_AW64_USER_MAXREQS7_USER_RFIFONUM_WIDTH9_259
gmem1_m_axi_U/clk_gate_load_unit_buff_rdata_genblk1_U_fifo_mem_mem_reg_216_       3.9900     0.0      0.0000       3.9900 0.0000 SNPS_CLOCK_GATE_HIGH_tinytpu_isa_gmem1_m_axi_CONSERVATIVE1_NUM_READ_OUTSTANDING16_NUM_WRITE_OUTSTANDING16_MAX_READ_BURST_LENGTH16_MAX_WRITE_BURST_LENGTH16_C_M_AXI_ID_WIDTH1_C_M_AXI_ADDR_WIDTH64_C_M_AXI_DATA_WIDTH32_C_M_AXI_AWUSER_WIDTH1_C_M_AXI_ARUSER_WIDTH1_C_M_AXI_WUSER_WIDTH1_C_M_AXI_RUSER_WIDTH1_C_M_AXI_BUSER_WIDTH1_C_USER_VALUE0_C_PROT_VALUE0_C_CACHE_VALUE3_USER_DW32_USER_AW64_USER_MAXREQS7_USER_RFIFONUM_WIDTH9_260
gmem1_m_axi_U/clk_gate_load_unit_buff_rdata_genblk1_U_fifo_mem_mem_reg_217_       3.9900     0.0      0.0000       3.9900 0.0000 SNPS_CLOCK_GATE_HIGH_tinytpu_isa_gmem1_m_axi_CONSERVATIVE1_NUM_READ_OUTSTANDING16_NUM_WRITE_OUTSTANDING16_MAX_READ_BURST_LENGTH16_MAX_WRITE_BURST_LENGTH16_C_M_AXI_ID_WIDTH1_C_M_AXI_ADDR_WIDTH64_C_M_AXI_DATA_WIDTH32_C_M_AXI_AWUSER_WIDTH1_C_M_AXI_ARUSER_WIDTH1_C_M_AXI_WUSER_WIDTH1_C_M_AXI_RUSER_WIDTH1_C_M_AXI_BUSER_WIDTH1_C_USER_VALUE0_C_PROT_VALUE0_C_CACHE_VALUE3_USER_DW32_USER_AW64_USER_MAXREQS7_USER_RFIFONUM_WIDTH9_261
gmem1_m_axi_U/clk_gate_load_unit_buff_rdata_genblk1_U_fifo_mem_mem_reg_218_       3.9900     0.0      0.0000       3.9900 0.0000 SNPS_CLOCK_GATE_HIGH_tinytpu_isa_gmem1_m_axi_CONSERVATIVE1_NUM_READ_OUTSTANDING16_NUM_WRITE_OUTSTANDING16_MAX_READ_BURST_LENGTH16_MAX_WRITE_BURST_LENGTH16_C_M_AXI_ID_WIDTH1_C_M_AXI_ADDR_WIDTH64_C_M_AXI_DATA_WIDTH32_C_M_AXI_AWUSER_WIDTH1_C_M_AXI_ARUSER_WIDTH1_C_M_AXI_WUSER_WIDTH1_C_M_AXI_RUSER_WIDTH1_C_M_AXI_BUSER_WIDTH1_C_USER_VALUE0_C_PROT_VALUE0_C_CACHE_VALUE3_USER_DW32_USER_AW64_USER_MAXREQS7_USER_RFIFONUM_WIDTH9_262
gmem1_m_axi_U/clk_gate_load_unit_buff_rdata_genblk1_U_fifo_mem_mem_reg_219_       3.9900     0.0      0.0000       3.9900 0.0000 SNPS_CLOCK_GATE_HIGH_tinytpu_isa_gmem1_m_axi_CONSERVATIVE1_NUM_READ_OUTSTANDING16_NUM_WRITE_OUTSTANDING16_MAX_READ_BURST_LENGTH16_MAX_WRITE_BURST_LENGTH16_C_M_AXI_ID_WIDTH1_C_M_AXI_ADDR_WIDTH64_C_M_AXI_DATA_WIDTH32_C_M_AXI_AWUSER_WIDTH1_C_M_AXI_ARUSER_WIDTH1_C_M_AXI_WUSER_WIDTH1_C_M_AXI_RUSER_WIDTH1_C_M_AXI_BUSER_WIDTH1_C_USER_VALUE0_C_PROT_VALUE0_C_CACHE_VALUE3_USER_DW32_USER_AW64_USER_MAXREQS7_USER_RFIFONUM_WIDTH9_263
gmem1_m_axi_U/clk_gate_load_unit_buff_rdata_genblk1_U_fifo_mem_mem_reg_21_       3.9900     0.0      0.0000       3.9900 0.0000 SNPS_CLOCK_GATE_HIGH_tinytpu_isa_gmem1_m_axi_CONSERVATIVE1_NUM_READ_OUTSTANDING16_NUM_WRITE_OUTSTANDING16_MAX_READ_BURST_LENGTH16_MAX_WRITE_BURST_LENGTH16_C_M_AXI_ID_WIDTH1_C_M_AXI_ADDR_WIDTH64_C_M_AXI_DATA_WIDTH32_C_M_AXI_AWUSER_WIDTH1_C_M_AXI_ARUSER_WIDTH1_C_M_AXI_WUSER_WIDTH1_C_M_AXI_RUSER_WIDTH1_C_M_AXI_BUSER_WIDTH1_C_USER_VALUE0_C_PROT_VALUE0_C_CACHE_VALUE3_USER_DW32_USER_AW64_USER_MAXREQS7_USER_RFIFONUM_WIDTH9_65
gmem1_m_axi_U/clk_gate_load_unit_buff_rdata_genblk1_U_fifo_mem_mem_reg_220_       3.9900     0.0      0.0000       3.9900 0.0000 SNPS_CLOCK_GATE_HIGH_tinytpu_isa_gmem1_m_axi_CONSERVATIVE1_NUM_READ_OUTSTANDING16_NUM_WRITE_OUTSTANDING16_MAX_READ_BURST_LENGTH16_MAX_WRITE_BURST_LENGTH16_C_M_AXI_ID_WIDTH1_C_M_AXI_ADDR_WIDTH64_C_M_AXI_DATA_WIDTH32_C_M_AXI_AWUSER_WIDTH1_C_M_AXI_ARUSER_WIDTH1_C_M_AXI_WUSER_WIDTH1_C_M_AXI_RUSER_WIDTH1_C_M_AXI_BUSER_WIDTH1_C_USER_VALUE0_C_PROT_VALUE0_C_CACHE_VALUE3_USER_DW32_USER_AW64_USER_MAXREQS7_USER_RFIFONUM_WIDTH9_264
gmem1_m_axi_U/clk_gate_load_unit_buff_rdata_genblk1_U_fifo_mem_mem_reg_221_       3.9900     0.0      0.0000       3.9900 0.0000 SNPS_CLOCK_GATE_HIGH_tinytpu_isa_gmem1_m_axi_CONSERVATIVE1_NUM_READ_OUTSTANDING16_NUM_WRITE_OUTSTANDING16_MAX_READ_BURST_LENGTH16_MAX_WRITE_BURST_LENGTH16_C_M_AXI_ID_WIDTH1_C_M_AXI_ADDR_WIDTH64_C_M_AXI_DATA_WIDTH32_C_M_AXI_AWUSER_WIDTH1_C_M_AXI_ARUSER_WIDTH1_C_M_AXI_WUSER_WIDTH1_C_M_AXI_RUSER_WIDTH1_C_M_AXI_BUSER_WIDTH1_C_USER_VALUE0_C_PROT_VALUE0_C_CACHE_VALUE3_USER_DW32_USER_AW64_USER_MAXREQS7_USER_RFIFONUM_WIDTH9_265
gmem1_m_axi_U/clk_gate_load_unit_buff_rdata_genblk1_U_fifo_mem_mem_reg_222_       3.9900     0.0      0.0000       3.9900 0.0000 SNPS_CLOCK_GATE_HIGH_tinytpu_isa_gmem1_m_axi_CONSERVATIVE1_NUM_READ_OUTSTANDING16_NUM_WRITE_OUTSTANDING16_MAX_READ_BURST_LENGTH16_MAX_WRITE_BURST_LENGTH16_C_M_AXI_ID_WIDTH1_C_M_AXI_ADDR_WIDTH64_C_M_AXI_DATA_WIDTH32_C_M_AXI_AWUSER_WIDTH1_C_M_AXI_ARUSER_WIDTH1_C_M_AXI_WUSER_WIDTH1_C_M_AXI_RUSER_WIDTH1_C_M_AXI_BUSER_WIDTH1_C_USER_VALUE0_C_PROT_VALUE0_C_CACHE_VALUE3_USER_DW32_USER_AW64_USER_MAXREQS7_USER_RFIFONUM_WIDTH9_266
gmem1_m_axi_U/clk_gate_load_unit_buff_rdata_genblk1_U_fifo_mem_mem_reg_223_       3.9900     0.0      0.0000       3.9900 0.0000 SNPS_CLOCK_GATE_HIGH_tinytpu_isa_gmem1_m_axi_CONSERVATIVE1_NUM_READ_OUTSTANDING16_NUM_WRITE_OUTSTANDING16_MAX_READ_BURST_LENGTH16_MAX_WRITE_BURST_LENGTH16_C_M_AXI_ID_WIDTH1_C_M_AXI_ADDR_WIDTH64_C_M_AXI_DATA_WIDTH32_C_M_AXI_AWUSER_WIDTH1_C_M_AXI_ARUSER_WIDTH1_C_M_AXI_WUSER_WIDTH1_C_M_AXI_RUSER_WIDTH1_C_M_AXI_BUSER_WIDTH1_C_USER_VALUE0_C_PROT_VALUE0_C_CACHE_VALUE3_USER_DW32_USER_AW64_USER_MAXREQS7_USER_RFIFONUM_WIDTH9_267
gmem1_m_axi_U/clk_gate_load_unit_buff_rdata_genblk1_U_fifo_mem_mem_reg_224_       3.9900     0.0      0.0000       3.9900 0.0000 SNPS_CLOCK_GATE_HIGH_tinytpu_isa_gmem1_m_axi_CONSERVATIVE1_NUM_READ_OUTSTANDING16_NUM_WRITE_OUTSTANDING16_MAX_READ_BURST_LENGTH16_MAX_WRITE_BURST_LENGTH16_C_M_AXI_ID_WIDTH1_C_M_AXI_ADDR_WIDTH64_C_M_AXI_DATA_WIDTH32_C_M_AXI_AWUSER_WIDTH1_C_M_AXI_ARUSER_WIDTH1_C_M_AXI_WUSER_WIDTH1_C_M_AXI_RUSER_WIDTH1_C_M_AXI_BUSER_WIDTH1_C_USER_VALUE0_C_PROT_VALUE0_C_CACHE_VALUE3_USER_DW32_USER_AW64_USER_MAXREQS7_USER_RFIFONUM_WIDTH9_268
gmem1_m_axi_U/clk_gate_load_unit_buff_rdata_genblk1_U_fifo_mem_mem_reg_225_       3.9900     0.0      0.0000       3.9900 0.0000 SNPS_CLOCK_GATE_HIGH_tinytpu_isa_gmem1_m_axi_CONSERVATIVE1_NUM_READ_OUTSTANDING16_NUM_WRITE_OUTSTANDING16_MAX_READ_BURST_LENGTH16_MAX_WRITE_BURST_LENGTH16_C_M_AXI_ID_WIDTH1_C_M_AXI_ADDR_WIDTH64_C_M_AXI_DATA_WIDTH32_C_M_AXI_AWUSER_WIDTH1_C_M_AXI_ARUSER_WIDTH1_C_M_AXI_WUSER_WIDTH1_C_M_AXI_RUSER_WIDTH1_C_M_AXI_BUSER_WIDTH1_C_USER_VALUE0_C_PROT_VALUE0_C_CACHE_VALUE3_USER_DW32_USER_AW64_USER_MAXREQS7_USER_RFIFONUM_WIDTH9_269
gmem1_m_axi_U/clk_gate_load_unit_buff_rdata_genblk1_U_fifo_mem_mem_reg_226_       3.9900     0.0      0.0000       3.9900 0.0000 SNPS_CLOCK_GATE_HIGH_tinytpu_isa_gmem1_m_axi_CONSERVATIVE1_NUM_READ_OUTSTANDING16_NUM_WRITE_OUTSTANDING16_MAX_READ_BURST_LENGTH16_MAX_WRITE_BURST_LENGTH16_C_M_AXI_ID_WIDTH1_C_M_AXI_ADDR_WIDTH64_C_M_AXI_DATA_WIDTH32_C_M_AXI_AWUSER_WIDTH1_C_M_AXI_ARUSER_WIDTH1_C_M_AXI_WUSER_WIDTH1_C_M_AXI_RUSER_WIDTH1_C_M_AXI_BUSER_WIDTH1_C_USER_VALUE0_C_PROT_VALUE0_C_CACHE_VALUE3_USER_DW32_USER_AW64_USER_MAXREQS7_USER_RFIFONUM_WIDTH9_270
gmem1_m_axi_U/clk_gate_load_unit_buff_rdata_genblk1_U_fifo_mem_mem_reg_227_       3.9900     0.0      0.0000       3.9900 0.0000 SNPS_CLOCK_GATE_HIGH_tinytpu_isa_gmem1_m_axi_CONSERVATIVE1_NUM_READ_OUTSTANDING16_NUM_WRITE_OUTSTANDING16_MAX_READ_BURST_LENGTH16_MAX_WRITE_BURST_LENGTH16_C_M_AXI_ID_WIDTH1_C_M_AXI_ADDR_WIDTH64_C_M_AXI_DATA_WIDTH32_C_M_AXI_AWUSER_WIDTH1_C_M_AXI_ARUSER_WIDTH1_C_M_AXI_WUSER_WIDTH1_C_M_AXI_RUSER_WIDTH1_C_M_AXI_BUSER_WIDTH1_C_USER_VALUE0_C_PROT_VALUE0_C_CACHE_VALUE3_USER_DW32_USER_AW64_USER_MAXREQS7_USER_RFIFONUM_WIDTH9_271
gmem1_m_axi_U/clk_gate_load_unit_buff_rdata_genblk1_U_fifo_mem_mem_reg_228_       3.9900     0.0      0.0000       3.9900 0.0000 SNPS_CLOCK_GATE_HIGH_tinytpu_isa_gmem1_m_axi_CONSERVATIVE1_NUM_READ_OUTSTANDING16_NUM_WRITE_OUTSTANDING16_MAX_READ_BURST_LENGTH16_MAX_WRITE_BURST_LENGTH16_C_M_AXI_ID_WIDTH1_C_M_AXI_ADDR_WIDTH64_C_M_AXI_DATA_WIDTH32_C_M_AXI_AWUSER_WIDTH1_C_M_AXI_ARUSER_WIDTH1_C_M_AXI_WUSER_WIDTH1_C_M_AXI_RUSER_WIDTH1_C_M_AXI_BUSER_WIDTH1_C_USER_VALUE0_C_PROT_VALUE0_C_CACHE_VALUE3_USER_DW32_USER_AW64_USER_MAXREQS7_USER_RFIFONUM_WIDTH9_272
gmem1_m_axi_U/clk_gate_load_unit_buff_rdata_genblk1_U_fifo_mem_mem_reg_229_       3.9900     0.0      0.0000       3.9900 0.0000 SNPS_CLOCK_GATE_HIGH_tinytpu_isa_gmem1_m_axi_CONSERVATIVE1_NUM_READ_OUTSTANDING16_NUM_WRITE_OUTSTANDING16_MAX_READ_BURST_LENGTH16_MAX_WRITE_BURST_LENGTH16_C_M_AXI_ID_WIDTH1_C_M_AXI_ADDR_WIDTH64_C_M_AXI_DATA_WIDTH32_C_M_AXI_AWUSER_WIDTH1_C_M_AXI_ARUSER_WIDTH1_C_M_AXI_WUSER_WIDTH1_C_M_AXI_RUSER_WIDTH1_C_M_AXI_BUSER_WIDTH1_C_USER_VALUE0_C_PROT_VALUE0_C_CACHE_VALUE3_USER_DW32_USER_AW64_USER_MAXREQS7_USER_RFIFONUM_WIDTH9_273
gmem1_m_axi_U/clk_gate_load_unit_buff_rdata_genblk1_U_fifo_mem_mem_reg_22_       3.9900     0.0      0.0000       3.9900 0.0000 SNPS_CLOCK_GATE_HIGH_tinytpu_isa_gmem1_m_axi_CONSERVATIVE1_NUM_READ_OUTSTANDING16_NUM_WRITE_OUTSTANDING16_MAX_READ_BURST_LENGTH16_MAX_WRITE_BURST_LENGTH16_C_M_AXI_ID_WIDTH1_C_M_AXI_ADDR_WIDTH64_C_M_AXI_DATA_WIDTH32_C_M_AXI_AWUSER_WIDTH1_C_M_AXI_ARUSER_WIDTH1_C_M_AXI_WUSER_WIDTH1_C_M_AXI_RUSER_WIDTH1_C_M_AXI_BUSER_WIDTH1_C_USER_VALUE0_C_PROT_VALUE0_C_CACHE_VALUE3_USER_DW32_USER_AW64_USER_MAXREQS7_USER_RFIFONUM_WIDTH9_66
gmem1_m_axi_U/clk_gate_load_unit_buff_rdata_genblk1_U_fifo_mem_mem_reg_230_       3.9900     0.0      0.0000       3.9900 0.0000 SNPS_CLOCK_GATE_HIGH_tinytpu_isa_gmem1_m_axi_CONSERVATIVE1_NUM_READ_OUTSTANDING16_NUM_WRITE_OUTSTANDING16_MAX_READ_BURST_LENGTH16_MAX_WRITE_BURST_LENGTH16_C_M_AXI_ID_WIDTH1_C_M_AXI_ADDR_WIDTH64_C_M_AXI_DATA_WIDTH32_C_M_AXI_AWUSER_WIDTH1_C_M_AXI_ARUSER_WIDTH1_C_M_AXI_WUSER_WIDTH1_C_M_AXI_RUSER_WIDTH1_C_M_AXI_BUSER_WIDTH1_C_USER_VALUE0_C_PROT_VALUE0_C_CACHE_VALUE3_USER_DW32_USER_AW64_USER_MAXREQS7_USER_RFIFONUM_WIDTH9_274
gmem1_m_axi_U/clk_gate_load_unit_buff_rdata_genblk1_U_fifo_mem_mem_reg_231_       3.9900     0.0      0.0000       3.9900 0.0000 SNPS_CLOCK_GATE_HIGH_tinytpu_isa_gmem1_m_axi_CONSERVATIVE1_NUM_READ_OUTSTANDING16_NUM_WRITE_OUTSTANDING16_MAX_READ_BURST_LENGTH16_MAX_WRITE_BURST_LENGTH16_C_M_AXI_ID_WIDTH1_C_M_AXI_ADDR_WIDTH64_C_M_AXI_DATA_WIDTH32_C_M_AXI_AWUSER_WIDTH1_C_M_AXI_ARUSER_WIDTH1_C_M_AXI_WUSER_WIDTH1_C_M_AXI_RUSER_WIDTH1_C_M_AXI_BUSER_WIDTH1_C_USER_VALUE0_C_PROT_VALUE0_C_CACHE_VALUE3_USER_DW32_USER_AW64_USER_MAXREQS7_USER_RFIFONUM_WIDTH9_275
gmem1_m_axi_U/clk_gate_load_unit_buff_rdata_genblk1_U_fifo_mem_mem_reg_232_       3.9900     0.0      0.0000       3.9900 0.0000 SNPS_CLOCK_GATE_HIGH_tinytpu_isa_gmem1_m_axi_CONSERVATIVE1_NUM_READ_OUTSTANDING16_NUM_WRITE_OUTSTANDING16_MAX_READ_BURST_LENGTH16_MAX_WRITE_BURST_LENGTH16_C_M_AXI_ID_WIDTH1_C_M_AXI_ADDR_WIDTH64_C_M_AXI_DATA_WIDTH32_C_M_AXI_AWUSER_WIDTH1_C_M_AXI_ARUSER_WIDTH1_C_M_AXI_WUSER_WIDTH1_C_M_AXI_RUSER_WIDTH1_C_M_AXI_BUSER_WIDTH1_C_USER_VALUE0_C_PROT_VALUE0_C_CACHE_VALUE3_USER_DW32_USER_AW64_USER_MAXREQS7_USER_RFIFONUM_WIDTH9_276
gmem1_m_axi_U/clk_gate_load_unit_buff_rdata_genblk1_U_fifo_mem_mem_reg_233_       3.9900     0.0      0.0000       3.9900 0.0000 SNPS_CLOCK_GATE_HIGH_tinytpu_isa_gmem1_m_axi_CONSERVATIVE1_NUM_READ_OUTSTANDING16_NUM_WRITE_OUTSTANDING16_MAX_READ_BURST_LENGTH16_MAX_WRITE_BURST_LENGTH16_C_M_AXI_ID_WIDTH1_C_M_AXI_ADDR_WIDTH64_C_M_AXI_DATA_WIDTH32_C_M_AXI_AWUSER_WIDTH1_C_M_AXI_ARUSER_WIDTH1_C_M_AXI_WUSER_WIDTH1_C_M_AXI_RUSER_WIDTH1_C_M_AXI_BUSER_WIDTH1_C_USER_VALUE0_C_PROT_VALUE0_C_CACHE_VALUE3_USER_DW32_USER_AW64_USER_MAXREQS7_USER_RFIFONUM_WIDTH9_277
gmem1_m_axi_U/clk_gate_load_unit_buff_rdata_genblk1_U_fifo_mem_mem_reg_234_       3.9900     0.0      0.0000       3.9900 0.0000 SNPS_CLOCK_GATE_HIGH_tinytpu_isa_gmem1_m_axi_CONSERVATIVE1_NUM_READ_OUTSTANDING16_NUM_WRITE_OUTSTANDING16_MAX_READ_BURST_LENGTH16_MAX_WRITE_BURST_LENGTH16_C_M_AXI_ID_WIDTH1_C_M_AXI_ADDR_WIDTH64_C_M_AXI_DATA_WIDTH32_C_M_AXI_AWUSER_WIDTH1_C_M_AXI_ARUSER_WIDTH1_C_M_AXI_WUSER_WIDTH1_C_M_AXI_RUSER_WIDTH1_C_M_AXI_BUSER_WIDTH1_C_USER_VALUE0_C_PROT_VALUE0_C_CACHE_VALUE3_USER_DW32_USER_AW64_USER_MAXREQS7_USER_RFIFONUM_WIDTH9_278
gmem1_m_axi_U/clk_gate_load_unit_buff_rdata_genblk1_U_fifo_mem_mem_reg_235_       3.9900     0.0      0.0000       3.9900 0.0000 SNPS_CLOCK_GATE_HIGH_tinytpu_isa_gmem1_m_axi_CONSERVATIVE1_NUM_READ_OUTSTANDING16_NUM_WRITE_OUTSTANDING16_MAX_READ_BURST_LENGTH16_MAX_WRITE_BURST_LENGTH16_C_M_AXI_ID_WIDTH1_C_M_AXI_ADDR_WIDTH64_C_M_AXI_DATA_WIDTH32_C_M_AXI_AWUSER_WIDTH1_C_M_AXI_ARUSER_WIDTH1_C_M_AXI_WUSER_WIDTH1_C_M_AXI_RUSER_WIDTH1_C_M_AXI_BUSER_WIDTH1_C_USER_VALUE0_C_PROT_VALUE0_C_CACHE_VALUE3_USER_DW32_USER_AW64_USER_MAXREQS7_USER_RFIFONUM_WIDTH9_279
gmem1_m_axi_U/clk_gate_load_unit_buff_rdata_genblk1_U_fifo_mem_mem_reg_236_       3.9900     0.0      0.0000       3.9900 0.0000 SNPS_CLOCK_GATE_HIGH_tinytpu_isa_gmem1_m_axi_CONSERVATIVE1_NUM_READ_OUTSTANDING16_NUM_WRITE_OUTSTANDING16_MAX_READ_BURST_LENGTH16_MAX_WRITE_BURST_LENGTH16_C_M_AXI_ID_WIDTH1_C_M_AXI_ADDR_WIDTH64_C_M_AXI_DATA_WIDTH32_C_M_AXI_AWUSER_WIDTH1_C_M_AXI_ARUSER_WIDTH1_C_M_AXI_WUSER_WIDTH1_C_M_AXI_RUSER_WIDTH1_C_M_AXI_BUSER_WIDTH1_C_USER_VALUE0_C_PROT_VALUE0_C_CACHE_VALUE3_USER_DW32_USER_AW64_USER_MAXREQS7_USER_RFIFONUM_WIDTH9_280
gmem1_m_axi_U/clk_gate_load_unit_buff_rdata_genblk1_U_fifo_mem_mem_reg_237_       3.9900     0.0      0.0000       3.9900 0.0000 SNPS_CLOCK_GATE_HIGH_tinytpu_isa_gmem1_m_axi_CONSERVATIVE1_NUM_READ_OUTSTANDING16_NUM_WRITE_OUTSTANDING16_MAX_READ_BURST_LENGTH16_MAX_WRITE_BURST_LENGTH16_C_M_AXI_ID_WIDTH1_C_M_AXI_ADDR_WIDTH64_C_M_AXI_DATA_WIDTH32_C_M_AXI_AWUSER_WIDTH1_C_M_AXI_ARUSER_WIDTH1_C_M_AXI_WUSER_WIDTH1_C_M_AXI_RUSER_WIDTH1_C_M_AXI_BUSER_WIDTH1_C_USER_VALUE0_C_PROT_VALUE0_C_CACHE_VALUE3_USER_DW32_USER_AW64_USER_MAXREQS7_USER_RFIFONUM_WIDTH9_281
gmem1_m_axi_U/clk_gate_load_unit_buff_rdata_genblk1_U_fifo_mem_mem_reg_238_       3.9900     0.0      0.0000       3.9900 0.0000 SNPS_CLOCK_GATE_HIGH_tinytpu_isa_gmem1_m_axi_CONSERVATIVE1_NUM_READ_OUTSTANDING16_NUM_WRITE_OUTSTANDING16_MAX_READ_BURST_LENGTH16_MAX_WRITE_BURST_LENGTH16_C_M_AXI_ID_WIDTH1_C_M_AXI_ADDR_WIDTH64_C_M_AXI_DATA_WIDTH32_C_M_AXI_AWUSER_WIDTH1_C_M_AXI_ARUSER_WIDTH1_C_M_AXI_WUSER_WIDTH1_C_M_AXI_RUSER_WIDTH1_C_M_AXI_BUSER_WIDTH1_C_USER_VALUE0_C_PROT_VALUE0_C_CACHE_VALUE3_USER_DW32_USER_AW64_USER_MAXREQS7_USER_RFIFONUM_WIDTH9_282
gmem1_m_axi_U/clk_gate_load_unit_buff_rdata_genblk1_U_fifo_mem_mem_reg_239_       3.9900     0.0      0.0000       3.9900 0.0000 SNPS_CLOCK_GATE_HIGH_tinytpu_isa_gmem1_m_axi_CONSERVATIVE1_NUM_READ_OUTSTANDING16_NUM_WRITE_OUTSTANDING16_MAX_READ_BURST_LENGTH16_MAX_WRITE_BURST_LENGTH16_C_M_AXI_ID_WIDTH1_C_M_AXI_ADDR_WIDTH64_C_M_AXI_DATA_WIDTH32_C_M_AXI_AWUSER_WIDTH1_C_M_AXI_ARUSER_WIDTH1_C_M_AXI_WUSER_WIDTH1_C_M_AXI_RUSER_WIDTH1_C_M_AXI_BUSER_WIDTH1_C_USER_VALUE0_C_PROT_VALUE0_C_CACHE_VALUE3_USER_DW32_USER_AW64_USER_MAXREQS7_USER_RFIFONUM_WIDTH9_283
gmem1_m_axi_U/clk_gate_load_unit_buff_rdata_genblk1_U_fifo_mem_mem_reg_23_       3.9900     0.0      0.0000       3.9900 0.0000 SNPS_CLOCK_GATE_HIGH_tinytpu_isa_gmem1_m_axi_CONSERVATIVE1_NUM_READ_OUTSTANDING16_NUM_WRITE_OUTSTANDING16_MAX_READ_BURST_LENGTH16_MAX_WRITE_BURST_LENGTH16_C_M_AXI_ID_WIDTH1_C_M_AXI_ADDR_WIDTH64_C_M_AXI_DATA_WIDTH32_C_M_AXI_AWUSER_WIDTH1_C_M_AXI_ARUSER_WIDTH1_C_M_AXI_WUSER_WIDTH1_C_M_AXI_RUSER_WIDTH1_C_M_AXI_BUSER_WIDTH1_C_USER_VALUE0_C_PROT_VALUE0_C_CACHE_VALUE3_USER_DW32_USER_AW64_USER_MAXREQS7_USER_RFIFONUM_WIDTH9_67
gmem1_m_axi_U/clk_gate_load_unit_buff_rdata_genblk1_U_fifo_mem_mem_reg_240_       3.9900     0.0      0.0000       3.9900 0.0000 SNPS_CLOCK_GATE_HIGH_tinytpu_isa_gmem1_m_axi_CONSERVATIVE1_NUM_READ_OUTSTANDING16_NUM_WRITE_OUTSTANDING16_MAX_READ_BURST_LENGTH16_MAX_WRITE_BURST_LENGTH16_C_M_AXI_ID_WIDTH1_C_M_AXI_ADDR_WIDTH64_C_M_AXI_DATA_WIDTH32_C_M_AXI_AWUSER_WIDTH1_C_M_AXI_ARUSER_WIDTH1_C_M_AXI_WUSER_WIDTH1_C_M_AXI_RUSER_WIDTH1_C_M_AXI_BUSER_WIDTH1_C_USER_VALUE0_C_PROT_VALUE0_C_CACHE_VALUE3_USER_DW32_USER_AW64_USER_MAXREQS7_USER_RFIFONUM_WIDTH9_284
gmem1_m_axi_U/clk_gate_load_unit_buff_rdata_genblk1_U_fifo_mem_mem_reg_241_       3.9900     0.0      0.0000       3.9900 0.0000 SNPS_CLOCK_GATE_HIGH_tinytpu_isa_gmem1_m_axi_CONSERVATIVE1_NUM_READ_OUTSTANDING16_NUM_WRITE_OUTSTANDING16_MAX_READ_BURST_LENGTH16_MAX_WRITE_BURST_LENGTH16_C_M_AXI_ID_WIDTH1_C_M_AXI_ADDR_WIDTH64_C_M_AXI_DATA_WIDTH32_C_M_AXI_AWUSER_WIDTH1_C_M_AXI_ARUSER_WIDTH1_C_M_AXI_WUSER_WIDTH1_C_M_AXI_RUSER_WIDTH1_C_M_AXI_BUSER_WIDTH1_C_USER_VALUE0_C_PROT_VALUE0_C_CACHE_VALUE3_USER_DW32_USER_AW64_USER_MAXREQS7_USER_RFIFONUM_WIDTH9_285
gmem1_m_axi_U/clk_gate_load_unit_buff_rdata_genblk1_U_fifo_mem_mem_reg_242_       3.9900     0.0      0.0000       3.9900 0.0000 SNPS_CLOCK_GATE_HIGH_tinytpu_isa_gmem1_m_axi_CONSERVATIVE1_NUM_READ_OUTSTANDING16_NUM_WRITE_OUTSTANDING16_MAX_READ_BURST_LENGTH16_MAX_WRITE_BURST_LENGTH16_C_M_AXI_ID_WIDTH1_C_M_AXI_ADDR_WIDTH64_C_M_AXI_DATA_WIDTH32_C_M_AXI_AWUSER_WIDTH1_C_M_AXI_ARUSER_WIDTH1_C_M_AXI_WUSER_WIDTH1_C_M_AXI_RUSER_WIDTH1_C_M_AXI_BUSER_WIDTH1_C_USER_VALUE0_C_PROT_VALUE0_C_CACHE_VALUE3_USER_DW32_USER_AW64_USER_MAXREQS7_USER_RFIFONUM_WIDTH9_286
gmem1_m_axi_U/clk_gate_load_unit_buff_rdata_genblk1_U_fifo_mem_mem_reg_243_       3.9900     0.0      0.0000       3.9900 0.0000 SNPS_CLOCK_GATE_HIGH_tinytpu_isa_gmem1_m_axi_CONSERVATIVE1_NUM_READ_OUTSTANDING16_NUM_WRITE_OUTSTANDING16_MAX_READ_BURST_LENGTH16_MAX_WRITE_BURST_LENGTH16_C_M_AXI_ID_WIDTH1_C_M_AXI_ADDR_WIDTH64_C_M_AXI_DATA_WIDTH32_C_M_AXI_AWUSER_WIDTH1_C_M_AXI_ARUSER_WIDTH1_C_M_AXI_WUSER_WIDTH1_C_M_AXI_RUSER_WIDTH1_C_M_AXI_BUSER_WIDTH1_C_USER_VALUE0_C_PROT_VALUE0_C_CACHE_VALUE3_USER_DW32_USER_AW64_USER_MAXREQS7_USER_RFIFONUM_WIDTH9_287
gmem1_m_axi_U/clk_gate_load_unit_buff_rdata_genblk1_U_fifo_mem_mem_reg_244_       3.9900     0.0      0.0000       3.9900 0.0000 SNPS_CLOCK_GATE_HIGH_tinytpu_isa_gmem1_m_axi_CONSERVATIVE1_NUM_READ_OUTSTANDING16_NUM_WRITE_OUTSTANDING16_MAX_READ_BURST_LENGTH16_MAX_WRITE_BURST_LENGTH16_C_M_AXI_ID_WIDTH1_C_M_AXI_ADDR_WIDTH64_C_M_AXI_DATA_WIDTH32_C_M_AXI_AWUSER_WIDTH1_C_M_AXI_ARUSER_WIDTH1_C_M_AXI_WUSER_WIDTH1_C_M_AXI_RUSER_WIDTH1_C_M_AXI_BUSER_WIDTH1_C_USER_VALUE0_C_PROT_VALUE0_C_CACHE_VALUE3_USER_DW32_USER_AW64_USER_MAXREQS7_USER_RFIFONUM_WIDTH9_288
gmem1_m_axi_U/clk_gate_load_unit_buff_rdata_genblk1_U_fifo_mem_mem_reg_245_       3.9900     0.0      0.0000       3.9900 0.0000 SNPS_CLOCK_GATE_HIGH_tinytpu_isa_gmem1_m_axi_CONSERVATIVE1_NUM_READ_OUTSTANDING16_NUM_WRITE_OUTSTANDING16_MAX_READ_BURST_LENGTH16_MAX_WRITE_BURST_LENGTH16_C_M_AXI_ID_WIDTH1_C_M_AXI_ADDR_WIDTH64_C_M_AXI_DATA_WIDTH32_C_M_AXI_AWUSER_WIDTH1_C_M_AXI_ARUSER_WIDTH1_C_M_AXI_WUSER_WIDTH1_C_M_AXI_RUSER_WIDTH1_C_M_AXI_BUSER_WIDTH1_C_USER_VALUE0_C_PROT_VALUE0_C_CACHE_VALUE3_USER_DW32_USER_AW64_USER_MAXREQS7_USER_RFIFONUM_WIDTH9_289
gmem1_m_axi_U/clk_gate_load_unit_buff_rdata_genblk1_U_fifo_mem_mem_reg_246_       3.9900     0.0      0.0000       3.9900 0.0000 SNPS_CLOCK_GATE_HIGH_tinytpu_isa_gmem1_m_axi_CONSERVATIVE1_NUM_READ_OUTSTANDING16_NUM_WRITE_OUTSTANDING16_MAX_READ_BURST_LENGTH16_MAX_WRITE_BURST_LENGTH16_C_M_AXI_ID_WIDTH1_C_M_AXI_ADDR_WIDTH64_C_M_AXI_DATA_WIDTH32_C_M_AXI_AWUSER_WIDTH1_C_M_AXI_ARUSER_WIDTH1_C_M_AXI_WUSER_WIDTH1_C_M_AXI_RUSER_WIDTH1_C_M_AXI_BUSER_WIDTH1_C_USER_VALUE0_C_PROT_VALUE0_C_CACHE_VALUE3_USER_DW32_USER_AW64_USER_MAXREQS7_USER_RFIFONUM_WIDTH9_290
gmem1_m_axi_U/clk_gate_load_unit_buff_rdata_genblk1_U_fifo_mem_mem_reg_247_       3.9900     0.0      0.0000       3.9900 0.0000 SNPS_CLOCK_GATE_HIGH_tinytpu_isa_gmem1_m_axi_CONSERVATIVE1_NUM_READ_OUTSTANDING16_NUM_WRITE_OUTSTANDING16_MAX_READ_BURST_LENGTH16_MAX_WRITE_BURST_LENGTH16_C_M_AXI_ID_WIDTH1_C_M_AXI_ADDR_WIDTH64_C_M_AXI_DATA_WIDTH32_C_M_AXI_AWUSER_WIDTH1_C_M_AXI_ARUSER_WIDTH1_C_M_AXI_WUSER_WIDTH1_C_M_AXI_RUSER_WIDTH1_C_M_AXI_BUSER_WIDTH1_C_USER_VALUE0_C_PROT_VALUE0_C_CACHE_VALUE3_USER_DW32_USER_AW64_USER_MAXREQS7_USER_RFIFONUM_WIDTH9_291
gmem1_m_axi_U/clk_gate_load_unit_buff_rdata_genblk1_U_fifo_mem_mem_reg_248_       3.9900     0.0      0.0000       3.9900 0.0000 SNPS_CLOCK_GATE_HIGH_tinytpu_isa_gmem1_m_axi_CONSERVATIVE1_NUM_READ_OUTSTANDING16_NUM_WRITE_OUTSTANDING16_MAX_READ_BURST_LENGTH16_MAX_WRITE_BURST_LENGTH16_C_M_AXI_ID_WIDTH1_C_M_AXI_ADDR_WIDTH64_C_M_AXI_DATA_WIDTH32_C_M_AXI_AWUSER_WIDTH1_C_M_AXI_ARUSER_WIDTH1_C_M_AXI_WUSER_WIDTH1_C_M_AXI_RUSER_WIDTH1_C_M_AXI_BUSER_WIDTH1_C_USER_VALUE0_C_PROT_VALUE0_C_CACHE_VALUE3_USER_DW32_USER_AW64_USER_MAXREQS7_USER_RFIFONUM_WIDTH9_292
gmem1_m_axi_U/clk_gate_load_unit_buff_rdata_genblk1_U_fifo_mem_mem_reg_249_       3.9900     0.0      0.0000       3.9900 0.0000 SNPS_CLOCK_GATE_HIGH_tinytpu_isa_gmem1_m_axi_CONSERVATIVE1_NUM_READ_OUTSTANDING16_NUM_WRITE_OUTSTANDING16_MAX_READ_BURST_LENGTH16_MAX_WRITE_BURST_LENGTH16_C_M_AXI_ID_WIDTH1_C_M_AXI_ADDR_WIDTH64_C_M_AXI_DATA_WIDTH32_C_M_AXI_AWUSER_WIDTH1_C_M_AXI_ARUSER_WIDTH1_C_M_AXI_WUSER_WIDTH1_C_M_AXI_RUSER_WIDTH1_C_M_AXI_BUSER_WIDTH1_C_USER_VALUE0_C_PROT_VALUE0_C_CACHE_VALUE3_USER_DW32_USER_AW64_USER_MAXREQS7_USER_RFIFONUM_WIDTH9_293
gmem1_m_axi_U/clk_gate_load_unit_buff_rdata_genblk1_U_fifo_mem_mem_reg_24_       3.9900     0.0      0.0000       3.9900 0.0000 SNPS_CLOCK_GATE_HIGH_tinytpu_isa_gmem1_m_axi_CONSERVATIVE1_NUM_READ_OUTSTANDING16_NUM_WRITE_OUTSTANDING16_MAX_READ_BURST_LENGTH16_MAX_WRITE_BURST_LENGTH16_C_M_AXI_ID_WIDTH1_C_M_AXI_ADDR_WIDTH64_C_M_AXI_DATA_WIDTH32_C_M_AXI_AWUSER_WIDTH1_C_M_AXI_ARUSER_WIDTH1_C_M_AXI_WUSER_WIDTH1_C_M_AXI_RUSER_WIDTH1_C_M_AXI_BUSER_WIDTH1_C_USER_VALUE0_C_PROT_VALUE0_C_CACHE_VALUE3_USER_DW32_USER_AW64_USER_MAXREQS7_USER_RFIFONUM_WIDTH9_68
gmem1_m_axi_U/clk_gate_load_unit_buff_rdata_genblk1_U_fifo_mem_mem_reg_250_       3.9900     0.0      0.0000       3.9900 0.0000 SNPS_CLOCK_GATE_HIGH_tinytpu_isa_gmem1_m_axi_CONSERVATIVE1_NUM_READ_OUTSTANDING16_NUM_WRITE_OUTSTANDING16_MAX_READ_BURST_LENGTH16_MAX_WRITE_BURST_LENGTH16_C_M_AXI_ID_WIDTH1_C_M_AXI_ADDR_WIDTH64_C_M_AXI_DATA_WIDTH32_C_M_AXI_AWUSER_WIDTH1_C_M_AXI_ARUSER_WIDTH1_C_M_AXI_WUSER_WIDTH1_C_M_AXI_RUSER_WIDTH1_C_M_AXI_BUSER_WIDTH1_C_USER_VALUE0_C_PROT_VALUE0_C_CACHE_VALUE3_USER_DW32_USER_AW64_USER_MAXREQS7_USER_RFIFONUM_WIDTH9_294
gmem1_m_axi_U/clk_gate_load_unit_buff_rdata_genblk1_U_fifo_mem_mem_reg_251_       3.9900     0.0      0.0000       3.9900 0.0000 SNPS_CLOCK_GATE_HIGH_tinytpu_isa_gmem1_m_axi_CONSERVATIVE1_NUM_READ_OUTSTANDING16_NUM_WRITE_OUTSTANDING16_MAX_READ_BURST_LENGTH16_MAX_WRITE_BURST_LENGTH16_C_M_AXI_ID_WIDTH1_C_M_AXI_ADDR_WIDTH64_C_M_AXI_DATA_WIDTH32_C_M_AXI_AWUSER_WIDTH1_C_M_AXI_ARUSER_WIDTH1_C_M_AXI_WUSER_WIDTH1_C_M_AXI_RUSER_WIDTH1_C_M_AXI_BUSER_WIDTH1_C_USER_VALUE0_C_PROT_VALUE0_C_CACHE_VALUE3_USER_DW32_USER_AW64_USER_MAXREQS7_USER_RFIFONUM_WIDTH9_295
gmem1_m_axi_U/clk_gate_load_unit_buff_rdata_genblk1_U_fifo_mem_mem_reg_252_       3.9900     0.0      0.0000       3.9900 0.0000 SNPS_CLOCK_GATE_HIGH_tinytpu_isa_gmem1_m_axi_CONSERVATIVE1_NUM_READ_OUTSTANDING16_NUM_WRITE_OUTSTANDING16_MAX_READ_BURST_LENGTH16_MAX_WRITE_BURST_LENGTH16_C_M_AXI_ID_WIDTH1_C_M_AXI_ADDR_WIDTH64_C_M_AXI_DATA_WIDTH32_C_M_AXI_AWUSER_WIDTH1_C_M_AXI_ARUSER_WIDTH1_C_M_AXI_WUSER_WIDTH1_C_M_AXI_RUSER_WIDTH1_C_M_AXI_BUSER_WIDTH1_C_USER_VALUE0_C_PROT_VALUE0_C_CACHE_VALUE3_USER_DW32_USER_AW64_USER_MAXREQS7_USER_RFIFONUM_WIDTH9_296
gmem1_m_axi_U/clk_gate_load_unit_buff_rdata_genblk1_U_fifo_mem_mem_reg_253_       3.9900     0.0      0.0000       3.9900 0.0000 SNPS_CLOCK_GATE_HIGH_tinytpu_isa_gmem1_m_axi_CONSERVATIVE1_NUM_READ_OUTSTANDING16_NUM_WRITE_OUTSTANDING16_MAX_READ_BURST_LENGTH16_MAX_WRITE_BURST_LENGTH16_C_M_AXI_ID_WIDTH1_C_M_AXI_ADDR_WIDTH64_C_M_AXI_DATA_WIDTH32_C_M_AXI_AWUSER_WIDTH1_C_M_AXI_ARUSER_WIDTH1_C_M_AXI_WUSER_WIDTH1_C_M_AXI_RUSER_WIDTH1_C_M_AXI_BUSER_WIDTH1_C_USER_VALUE0_C_PROT_VALUE0_C_CACHE_VALUE3_USER_DW32_USER_AW64_USER_MAXREQS7_USER_RFIFONUM_WIDTH9_297
gmem1_m_axi_U/clk_gate_load_unit_buff_rdata_genblk1_U_fifo_mem_mem_reg_254_       3.9900     0.0      0.0000       3.9900 0.0000 SNPS_CLOCK_GATE_HIGH_tinytpu_isa_gmem1_m_axi_CONSERVATIVE1_NUM_READ_OUTSTANDING16_NUM_WRITE_OUTSTANDING16_MAX_READ_BURST_LENGTH16_MAX_WRITE_BURST_LENGTH16_C_M_AXI_ID_WIDTH1_C_M_AXI_ADDR_WIDTH64_C_M_AXI_DATA_WIDTH32_C_M_AXI_AWUSER_WIDTH1_C_M_AXI_ARUSER_WIDTH1_C_M_AXI_WUSER_WIDTH1_C_M_AXI_RUSER_WIDTH1_C_M_AXI_BUSER_WIDTH1_C_USER_VALUE0_C_PROT_VALUE0_C_CACHE_VALUE3_USER_DW32_USER_AW64_USER_MAXREQS7_USER_RFIFONUM_WIDTH9_298
gmem1_m_axi_U/clk_gate_load_unit_buff_rdata_genblk1_U_fifo_mem_mem_reg_25_       3.9900     0.0      0.0000       3.9900 0.0000 SNPS_CLOCK_GATE_HIGH_tinytpu_isa_gmem1_m_axi_CONSERVATIVE1_NUM_READ_OUTSTANDING16_NUM_WRITE_OUTSTANDING16_MAX_READ_BURST_LENGTH16_MAX_WRITE_BURST_LENGTH16_C_M_AXI_ID_WIDTH1_C_M_AXI_ADDR_WIDTH64_C_M_AXI_DATA_WIDTH32_C_M_AXI_AWUSER_WIDTH1_C_M_AXI_ARUSER_WIDTH1_C_M_AXI_WUSER_WIDTH1_C_M_AXI_RUSER_WIDTH1_C_M_AXI_BUSER_WIDTH1_C_USER_VALUE0_C_PROT_VALUE0_C_CACHE_VALUE3_USER_DW32_USER_AW64_USER_MAXREQS7_USER_RFIFONUM_WIDTH9_69
gmem1_m_axi_U/clk_gate_load_unit_buff_rdata_genblk1_U_fifo_mem_mem_reg_26_       3.9900     0.0      0.0000       3.9900 0.0000 SNPS_CLOCK_GATE_HIGH_tinytpu_isa_gmem1_m_axi_CONSERVATIVE1_NUM_READ_OUTSTANDING16_NUM_WRITE_OUTSTANDING16_MAX_READ_BURST_LENGTH16_MAX_WRITE_BURST_LENGTH16_C_M_AXI_ID_WIDTH1_C_M_AXI_ADDR_WIDTH64_C_M_AXI_DATA_WIDTH32_C_M_AXI_AWUSER_WIDTH1_C_M_AXI_ARUSER_WIDTH1_C_M_AXI_WUSER_WIDTH1_C_M_AXI_RUSER_WIDTH1_C_M_AXI_BUSER_WIDTH1_C_USER_VALUE0_C_PROT_VALUE0_C_CACHE_VALUE3_USER_DW32_USER_AW64_USER_MAXREQS7_USER_RFIFONUM_WIDTH9_70
gmem1_m_axi_U/clk_gate_load_unit_buff_rdata_genblk1_U_fifo_mem_mem_reg_27_       3.9900     0.0      0.0000       3.9900 0.0000 SNPS_CLOCK_GATE_HIGH_tinytpu_isa_gmem1_m_axi_CONSERVATIVE1_NUM_READ_OUTSTANDING16_NUM_WRITE_OUTSTANDING16_MAX_READ_BURST_LENGTH16_MAX_WRITE_BURST_LENGTH16_C_M_AXI_ID_WIDTH1_C_M_AXI_ADDR_WIDTH64_C_M_AXI_DATA_WIDTH32_C_M_AXI_AWUSER_WIDTH1_C_M_AXI_ARUSER_WIDTH1_C_M_AXI_WUSER_WIDTH1_C_M_AXI_RUSER_WIDTH1_C_M_AXI_BUSER_WIDTH1_C_USER_VALUE0_C_PROT_VALUE0_C_CACHE_VALUE3_USER_DW32_USER_AW64_USER_MAXREQS7_USER_RFIFONUM_WIDTH9_71
gmem1_m_axi_U/clk_gate_load_unit_buff_rdata_genblk1_U_fifo_mem_mem_reg_28_       3.9900     0.0      0.0000       3.9900 0.0000 SNPS_CLOCK_GATE_HIGH_tinytpu_isa_gmem1_m_axi_CONSERVATIVE1_NUM_READ_OUTSTANDING16_NUM_WRITE_OUTSTANDING16_MAX_READ_BURST_LENGTH16_MAX_WRITE_BURST_LENGTH16_C_M_AXI_ID_WIDTH1_C_M_AXI_ADDR_WIDTH64_C_M_AXI_DATA_WIDTH32_C_M_AXI_AWUSER_WIDTH1_C_M_AXI_ARUSER_WIDTH1_C_M_AXI_WUSER_WIDTH1_C_M_AXI_RUSER_WIDTH1_C_M_AXI_BUSER_WIDTH1_C_USER_VALUE0_C_PROT_VALUE0_C_CACHE_VALUE3_USER_DW32_USER_AW64_USER_MAXREQS7_USER_RFIFONUM_WIDTH9_72
gmem1_m_axi_U/clk_gate_load_unit_buff_rdata_genblk1_U_fifo_mem_mem_reg_29_       3.9900     0.0      0.0000       3.9900 0.0000 SNPS_CLOCK_GATE_HIGH_tinytpu_isa_gmem1_m_axi_CONSERVATIVE1_NUM_READ_OUTSTANDING16_NUM_WRITE_OUTSTANDING16_MAX_READ_BURST_LENGTH16_MAX_WRITE_BURST_LENGTH16_C_M_AXI_ID_WIDTH1_C_M_AXI_ADDR_WIDTH64_C_M_AXI_DATA_WIDTH32_C_M_AXI_AWUSER_WIDTH1_C_M_AXI_ARUSER_WIDTH1_C_M_AXI_WUSER_WIDTH1_C_M_AXI_RUSER_WIDTH1_C_M_AXI_BUSER_WIDTH1_C_USER_VALUE0_C_PROT_VALUE0_C_CACHE_VALUE3_USER_DW32_USER_AW64_USER_MAXREQS7_USER_RFIFONUM_WIDTH9_73
gmem1_m_axi_U/clk_gate_load_unit_buff_rdata_genblk1_U_fifo_mem_mem_reg_2_       3.9900     0.0      0.0000       3.9900 0.0000 SNPS_CLOCK_GATE_HIGH_tinytpu_isa_gmem1_m_axi_CONSERVATIVE1_NUM_READ_OUTSTANDING16_NUM_WRITE_OUTSTANDING16_MAX_READ_BURST_LENGTH16_MAX_WRITE_BURST_LENGTH16_C_M_AXI_ID_WIDTH1_C_M_AXI_ADDR_WIDTH64_C_M_AXI_DATA_WIDTH32_C_M_AXI_AWUSER_WIDTH1_C_M_AXI_ARUSER_WIDTH1_C_M_AXI_WUSER_WIDTH1_C_M_AXI_RUSER_WIDTH1_C_M_AXI_BUSER_WIDTH1_C_USER_VALUE0_C_PROT_VALUE0_C_CACHE_VALUE3_USER_DW32_USER_AW64_USER_MAXREQS7_USER_RFIFONUM_WIDTH9_46
gmem1_m_axi_U/clk_gate_load_unit_buff_rdata_genblk1_U_fifo_mem_mem_reg_30_       3.9900     0.0      0.0000       3.9900 0.0000 SNPS_CLOCK_GATE_HIGH_tinytpu_isa_gmem1_m_axi_CONSERVATIVE1_NUM_READ_OUTSTANDING16_NUM_WRITE_OUTSTANDING16_MAX_READ_BURST_LENGTH16_MAX_WRITE_BURST_LENGTH16_C_M_AXI_ID_WIDTH1_C_M_AXI_ADDR_WIDTH64_C_M_AXI_DATA_WIDTH32_C_M_AXI_AWUSER_WIDTH1_C_M_AXI_ARUSER_WIDTH1_C_M_AXI_WUSER_WIDTH1_C_M_AXI_RUSER_WIDTH1_C_M_AXI_BUSER_WIDTH1_C_USER_VALUE0_C_PROT_VALUE0_C_CACHE_VALUE3_USER_DW32_USER_AW64_USER_MAXREQS7_USER_RFIFONUM_WIDTH9_74
gmem1_m_axi_U/clk_gate_load_unit_buff_rdata_genblk1_U_fifo_mem_mem_reg_31_       3.9900     0.0      0.0000       3.9900 0.0000 SNPS_CLOCK_GATE_HIGH_tinytpu_isa_gmem1_m_axi_CONSERVATIVE1_NUM_READ_OUTSTANDING16_NUM_WRITE_OUTSTANDING16_MAX_READ_BURST_LENGTH16_MAX_WRITE_BURST_LENGTH16_C_M_AXI_ID_WIDTH1_C_M_AXI_ADDR_WIDTH64_C_M_AXI_DATA_WIDTH32_C_M_AXI_AWUSER_WIDTH1_C_M_AXI_ARUSER_WIDTH1_C_M_AXI_WUSER_WIDTH1_C_M_AXI_RUSER_WIDTH1_C_M_AXI_BUSER_WIDTH1_C_USER_VALUE0_C_PROT_VALUE0_C_CACHE_VALUE3_USER_DW32_USER_AW64_USER_MAXREQS7_USER_RFIFONUM_WIDTH9_75
gmem1_m_axi_U/clk_gate_load_unit_buff_rdata_genblk1_U_fifo_mem_mem_reg_32_       3.9900     0.0      0.0000       3.9900 0.0000 SNPS_CLOCK_GATE_HIGH_tinytpu_isa_gmem1_m_axi_CONSERVATIVE1_NUM_READ_OUTSTANDING16_NUM_WRITE_OUTSTANDING16_MAX_READ_BURST_LENGTH16_MAX_WRITE_BURST_LENGTH16_C_M_AXI_ID_WIDTH1_C_M_AXI_ADDR_WIDTH64_C_M_AXI_DATA_WIDTH32_C_M_AXI_AWUSER_WIDTH1_C_M_AXI_ARUSER_WIDTH1_C_M_AXI_WUSER_WIDTH1_C_M_AXI_RUSER_WIDTH1_C_M_AXI_BUSER_WIDTH1_C_USER_VALUE0_C_PROT_VALUE0_C_CACHE_VALUE3_USER_DW32_USER_AW64_USER_MAXREQS7_USER_RFIFONUM_WIDTH9_76
gmem1_m_axi_U/clk_gate_load_unit_buff_rdata_genblk1_U_fifo_mem_mem_reg_33_       3.9900     0.0      0.0000       3.9900 0.0000 SNPS_CLOCK_GATE_HIGH_tinytpu_isa_gmem1_m_axi_CONSERVATIVE1_NUM_READ_OUTSTANDING16_NUM_WRITE_OUTSTANDING16_MAX_READ_BURST_LENGTH16_MAX_WRITE_BURST_LENGTH16_C_M_AXI_ID_WIDTH1_C_M_AXI_ADDR_WIDTH64_C_M_AXI_DATA_WIDTH32_C_M_AXI_AWUSER_WIDTH1_C_M_AXI_ARUSER_WIDTH1_C_M_AXI_WUSER_WIDTH1_C_M_AXI_RUSER_WIDTH1_C_M_AXI_BUSER_WIDTH1_C_USER_VALUE0_C_PROT_VALUE0_C_CACHE_VALUE3_USER_DW32_USER_AW64_USER_MAXREQS7_USER_RFIFONUM_WIDTH9_77
gmem1_m_axi_U/clk_gate_load_unit_buff_rdata_genblk1_U_fifo_mem_mem_reg_34_       3.9900     0.0      0.0000       3.9900 0.0000 SNPS_CLOCK_GATE_HIGH_tinytpu_isa_gmem1_m_axi_CONSERVATIVE1_NUM_READ_OUTSTANDING16_NUM_WRITE_OUTSTANDING16_MAX_READ_BURST_LENGTH16_MAX_WRITE_BURST_LENGTH16_C_M_AXI_ID_WIDTH1_C_M_AXI_ADDR_WIDTH64_C_M_AXI_DATA_WIDTH32_C_M_AXI_AWUSER_WIDTH1_C_M_AXI_ARUSER_WIDTH1_C_M_AXI_WUSER_WIDTH1_C_M_AXI_RUSER_WIDTH1_C_M_AXI_BUSER_WIDTH1_C_USER_VALUE0_C_PROT_VALUE0_C_CACHE_VALUE3_USER_DW32_USER_AW64_USER_MAXREQS7_USER_RFIFONUM_WIDTH9_78
gmem1_m_axi_U/clk_gate_load_unit_buff_rdata_genblk1_U_fifo_mem_mem_reg_35_       3.9900     0.0      0.0000       3.9900 0.0000 SNPS_CLOCK_GATE_HIGH_tinytpu_isa_gmem1_m_axi_CONSERVATIVE1_NUM_READ_OUTSTANDING16_NUM_WRITE_OUTSTANDING16_MAX_READ_BURST_LENGTH16_MAX_WRITE_BURST_LENGTH16_C_M_AXI_ID_WIDTH1_C_M_AXI_ADDR_WIDTH64_C_M_AXI_DATA_WIDTH32_C_M_AXI_AWUSER_WIDTH1_C_M_AXI_ARUSER_WIDTH1_C_M_AXI_WUSER_WIDTH1_C_M_AXI_RUSER_WIDTH1_C_M_AXI_BUSER_WIDTH1_C_USER_VALUE0_C_PROT_VALUE0_C_CACHE_VALUE3_USER_DW32_USER_AW64_USER_MAXREQS7_USER_RFIFONUM_WIDTH9_79
gmem1_m_axi_U/clk_gate_load_unit_buff_rdata_genblk1_U_fifo_mem_mem_reg_36_       3.9900     0.0      0.0000       3.9900 0.0000 SNPS_CLOCK_GATE_HIGH_tinytpu_isa_gmem1_m_axi_CONSERVATIVE1_NUM_READ_OUTSTANDING16_NUM_WRITE_OUTSTANDING16_MAX_READ_BURST_LENGTH16_MAX_WRITE_BURST_LENGTH16_C_M_AXI_ID_WIDTH1_C_M_AXI_ADDR_WIDTH64_C_M_AXI_DATA_WIDTH32_C_M_AXI_AWUSER_WIDTH1_C_M_AXI_ARUSER_WIDTH1_C_M_AXI_WUSER_WIDTH1_C_M_AXI_RUSER_WIDTH1_C_M_AXI_BUSER_WIDTH1_C_USER_VALUE0_C_PROT_VALUE0_C_CACHE_VALUE3_USER_DW32_USER_AW64_USER_MAXREQS7_USER_RFIFONUM_WIDTH9_80
gmem1_m_axi_U/clk_gate_load_unit_buff_rdata_genblk1_U_fifo_mem_mem_reg_37_       3.9900     0.0      0.0000       3.9900 0.0000 SNPS_CLOCK_GATE_HIGH_tinytpu_isa_gmem1_m_axi_CONSERVATIVE1_NUM_READ_OUTSTANDING16_NUM_WRITE_OUTSTANDING16_MAX_READ_BURST_LENGTH16_MAX_WRITE_BURST_LENGTH16_C_M_AXI_ID_WIDTH1_C_M_AXI_ADDR_WIDTH64_C_M_AXI_DATA_WIDTH32_C_M_AXI_AWUSER_WIDTH1_C_M_AXI_ARUSER_WIDTH1_C_M_AXI_WUSER_WIDTH1_C_M_AXI_RUSER_WIDTH1_C_M_AXI_BUSER_WIDTH1_C_USER_VALUE0_C_PROT_VALUE0_C_CACHE_VALUE3_USER_DW32_USER_AW64_USER_MAXREQS7_USER_RFIFONUM_WIDTH9_81
gmem1_m_axi_U/clk_gate_load_unit_buff_rdata_genblk1_U_fifo_mem_mem_reg_38_       3.9900     0.0      0.0000       3.9900 0.0000 SNPS_CLOCK_GATE_HIGH_tinytpu_isa_gmem1_m_axi_CONSERVATIVE1_NUM_READ_OUTSTANDING16_NUM_WRITE_OUTSTANDING16_MAX_READ_BURST_LENGTH16_MAX_WRITE_BURST_LENGTH16_C_M_AXI_ID_WIDTH1_C_M_AXI_ADDR_WIDTH64_C_M_AXI_DATA_WIDTH32_C_M_AXI_AWUSER_WIDTH1_C_M_AXI_ARUSER_WIDTH1_C_M_AXI_WUSER_WIDTH1_C_M_AXI_RUSER_WIDTH1_C_M_AXI_BUSER_WIDTH1_C_USER_VALUE0_C_PROT_VALUE0_C_CACHE_VALUE3_USER_DW32_USER_AW64_USER_MAXREQS7_USER_RFIFONUM_WIDTH9_82
gmem1_m_axi_U/clk_gate_load_unit_buff_rdata_genblk1_U_fifo_mem_mem_reg_39_       3.9900     0.0      0.0000       3.9900 0.0000 SNPS_CLOCK_GATE_HIGH_tinytpu_isa_gmem1_m_axi_CONSERVATIVE1_NUM_READ_OUTSTANDING16_NUM_WRITE_OUTSTANDING16_MAX_READ_BURST_LENGTH16_MAX_WRITE_BURST_LENGTH16_C_M_AXI_ID_WIDTH1_C_M_AXI_ADDR_WIDTH64_C_M_AXI_DATA_WIDTH32_C_M_AXI_AWUSER_WIDTH1_C_M_AXI_ARUSER_WIDTH1_C_M_AXI_WUSER_WIDTH1_C_M_AXI_RUSER_WIDTH1_C_M_AXI_BUSER_WIDTH1_C_USER_VALUE0_C_PROT_VALUE0_C_CACHE_VALUE3_USER_DW32_USER_AW64_USER_MAXREQS7_USER_RFIFONUM_WIDTH9_83
gmem1_m_axi_U/clk_gate_load_unit_buff_rdata_genblk1_U_fifo_mem_mem_reg_3_       3.9900     0.0      0.0000       3.9900 0.0000 SNPS_CLOCK_GATE_HIGH_tinytpu_isa_gmem1_m_axi_CONSERVATIVE1_NUM_READ_OUTSTANDING16_NUM_WRITE_OUTSTANDING16_MAX_READ_BURST_LENGTH16_MAX_WRITE_BURST_LENGTH16_C_M_AXI_ID_WIDTH1_C_M_AXI_ADDR_WIDTH64_C_M_AXI_DATA_WIDTH32_C_M_AXI_AWUSER_WIDTH1_C_M_AXI_ARUSER_WIDTH1_C_M_AXI_WUSER_WIDTH1_C_M_AXI_RUSER_WIDTH1_C_M_AXI_BUSER_WIDTH1_C_USER_VALUE0_C_PROT_VALUE0_C_CACHE_VALUE3_USER_DW32_USER_AW64_USER_MAXREQS7_USER_RFIFONUM_WIDTH9_47
gmem1_m_axi_U/clk_gate_load_unit_buff_rdata_genblk1_U_fifo_mem_mem_reg_40_       3.9900     0.0      0.0000       3.9900 0.0000 SNPS_CLOCK_GATE_HIGH_tinytpu_isa_gmem1_m_axi_CONSERVATIVE1_NUM_READ_OUTSTANDING16_NUM_WRITE_OUTSTANDING16_MAX_READ_BURST_LENGTH16_MAX_WRITE_BURST_LENGTH16_C_M_AXI_ID_WIDTH1_C_M_AXI_ADDR_WIDTH64_C_M_AXI_DATA_WIDTH32_C_M_AXI_AWUSER_WIDTH1_C_M_AXI_ARUSER_WIDTH1_C_M_AXI_WUSER_WIDTH1_C_M_AXI_RUSER_WIDTH1_C_M_AXI_BUSER_WIDTH1_C_USER_VALUE0_C_PROT_VALUE0_C_CACHE_VALUE3_USER_DW32_USER_AW64_USER_MAXREQS7_USER_RFIFONUM_WIDTH9_84
gmem1_m_axi_U/clk_gate_load_unit_buff_rdata_genblk1_U_fifo_mem_mem_reg_41_       3.9900     0.0      0.0000       3.9900 0.0000 SNPS_CLOCK_GATE_HIGH_tinytpu_isa_gmem1_m_axi_CONSERVATIVE1_NUM_READ_OUTSTANDING16_NUM_WRITE_OUTSTANDING16_MAX_READ_BURST_LENGTH16_MAX_WRITE_BURST_LENGTH16_C_M_AXI_ID_WIDTH1_C_M_AXI_ADDR_WIDTH64_C_M_AXI_DATA_WIDTH32_C_M_AXI_AWUSER_WIDTH1_C_M_AXI_ARUSER_WIDTH1_C_M_AXI_WUSER_WIDTH1_C_M_AXI_RUSER_WIDTH1_C_M_AXI_BUSER_WIDTH1_C_USER_VALUE0_C_PROT_VALUE0_C_CACHE_VALUE3_USER_DW32_USER_AW64_USER_MAXREQS7_USER_RFIFONUM_WIDTH9_85
gmem1_m_axi_U/clk_gate_load_unit_buff_rdata_genblk1_U_fifo_mem_mem_reg_42_       3.9900     0.0      0.0000       3.9900 0.0000 SNPS_CLOCK_GATE_HIGH_tinytpu_isa_gmem1_m_axi_CONSERVATIVE1_NUM_READ_OUTSTANDING16_NUM_WRITE_OUTSTANDING16_MAX_READ_BURST_LENGTH16_MAX_WRITE_BURST_LENGTH16_C_M_AXI_ID_WIDTH1_C_M_AXI_ADDR_WIDTH64_C_M_AXI_DATA_WIDTH32_C_M_AXI_AWUSER_WIDTH1_C_M_AXI_ARUSER_WIDTH1_C_M_AXI_WUSER_WIDTH1_C_M_AXI_RUSER_WIDTH1_C_M_AXI_BUSER_WIDTH1_C_USER_VALUE0_C_PROT_VALUE0_C_CACHE_VALUE3_USER_DW32_USER_AW64_USER_MAXREQS7_USER_RFIFONUM_WIDTH9_86
gmem1_m_axi_U/clk_gate_load_unit_buff_rdata_genblk1_U_fifo_mem_mem_reg_43_       3.9900     0.0      0.0000       3.9900 0.0000 SNPS_CLOCK_GATE_HIGH_tinytpu_isa_gmem1_m_axi_CONSERVATIVE1_NUM_READ_OUTSTANDING16_NUM_WRITE_OUTSTANDING16_MAX_READ_BURST_LENGTH16_MAX_WRITE_BURST_LENGTH16_C_M_AXI_ID_WIDTH1_C_M_AXI_ADDR_WIDTH64_C_M_AXI_DATA_WIDTH32_C_M_AXI_AWUSER_WIDTH1_C_M_AXI_ARUSER_WIDTH1_C_M_AXI_WUSER_WIDTH1_C_M_AXI_RUSER_WIDTH1_C_M_AXI_BUSER_WIDTH1_C_USER_VALUE0_C_PROT_VALUE0_C_CACHE_VALUE3_USER_DW32_USER_AW64_USER_MAXREQS7_USER_RFIFONUM_WIDTH9_87
gmem1_m_axi_U/clk_gate_load_unit_buff_rdata_genblk1_U_fifo_mem_mem_reg_44_       3.9900     0.0      0.0000       3.9900 0.0000 SNPS_CLOCK_GATE_HIGH_tinytpu_isa_gmem1_m_axi_CONSERVATIVE1_NUM_READ_OUTSTANDING16_NUM_WRITE_OUTSTANDING16_MAX_READ_BURST_LENGTH16_MAX_WRITE_BURST_LENGTH16_C_M_AXI_ID_WIDTH1_C_M_AXI_ADDR_WIDTH64_C_M_AXI_DATA_WIDTH32_C_M_AXI_AWUSER_WIDTH1_C_M_AXI_ARUSER_WIDTH1_C_M_AXI_WUSER_WIDTH1_C_M_AXI_RUSER_WIDTH1_C_M_AXI_BUSER_WIDTH1_C_USER_VALUE0_C_PROT_VALUE0_C_CACHE_VALUE3_USER_DW32_USER_AW64_USER_MAXREQS7_USER_RFIFONUM_WIDTH9_88
gmem1_m_axi_U/clk_gate_load_unit_buff_rdata_genblk1_U_fifo_mem_mem_reg_45_       3.9900     0.0      0.0000       3.9900 0.0000 SNPS_CLOCK_GATE_HIGH_tinytpu_isa_gmem1_m_axi_CONSERVATIVE1_NUM_READ_OUTSTANDING16_NUM_WRITE_OUTSTANDING16_MAX_READ_BURST_LENGTH16_MAX_WRITE_BURST_LENGTH16_C_M_AXI_ID_WIDTH1_C_M_AXI_ADDR_WIDTH64_C_M_AXI_DATA_WIDTH32_C_M_AXI_AWUSER_WIDTH1_C_M_AXI_ARUSER_WIDTH1_C_M_AXI_WUSER_WIDTH1_C_M_AXI_RUSER_WIDTH1_C_M_AXI_BUSER_WIDTH1_C_USER_VALUE0_C_PROT_VALUE0_C_CACHE_VALUE3_USER_DW32_USER_AW64_USER_MAXREQS7_USER_RFIFONUM_WIDTH9_89
gmem1_m_axi_U/clk_gate_load_unit_buff_rdata_genblk1_U_fifo_mem_mem_reg_46_       3.9900     0.0      0.0000       3.9900 0.0000 SNPS_CLOCK_GATE_HIGH_tinytpu_isa_gmem1_m_axi_CONSERVATIVE1_NUM_READ_OUTSTANDING16_NUM_WRITE_OUTSTANDING16_MAX_READ_BURST_LENGTH16_MAX_WRITE_BURST_LENGTH16_C_M_AXI_ID_WIDTH1_C_M_AXI_ADDR_WIDTH64_C_M_AXI_DATA_WIDTH32_C_M_AXI_AWUSER_WIDTH1_C_M_AXI_ARUSER_WIDTH1_C_M_AXI_WUSER_WIDTH1_C_M_AXI_RUSER_WIDTH1_C_M_AXI_BUSER_WIDTH1_C_USER_VALUE0_C_PROT_VALUE0_C_CACHE_VALUE3_USER_DW32_USER_AW64_USER_MAXREQS7_USER_RFIFONUM_WIDTH9_90
gmem1_m_axi_U/clk_gate_load_unit_buff_rdata_genblk1_U_fifo_mem_mem_reg_47_       3.9900     0.0      0.0000       3.9900 0.0000 SNPS_CLOCK_GATE_HIGH_tinytpu_isa_gmem1_m_axi_CONSERVATIVE1_NUM_READ_OUTSTANDING16_NUM_WRITE_OUTSTANDING16_MAX_READ_BURST_LENGTH16_MAX_WRITE_BURST_LENGTH16_C_M_AXI_ID_WIDTH1_C_M_AXI_ADDR_WIDTH64_C_M_AXI_DATA_WIDTH32_C_M_AXI_AWUSER_WIDTH1_C_M_AXI_ARUSER_WIDTH1_C_M_AXI_WUSER_WIDTH1_C_M_AXI_RUSER_WIDTH1_C_M_AXI_BUSER_WIDTH1_C_USER_VALUE0_C_PROT_VALUE0_C_CACHE_VALUE3_USER_DW32_USER_AW64_USER_MAXREQS7_USER_RFIFONUM_WIDTH9_91
gmem1_m_axi_U/clk_gate_load_unit_buff_rdata_genblk1_U_fifo_mem_mem_reg_48_       3.9900     0.0      0.0000       3.9900 0.0000 SNPS_CLOCK_GATE_HIGH_tinytpu_isa_gmem1_m_axi_CONSERVATIVE1_NUM_READ_OUTSTANDING16_NUM_WRITE_OUTSTANDING16_MAX_READ_BURST_LENGTH16_MAX_WRITE_BURST_LENGTH16_C_M_AXI_ID_WIDTH1_C_M_AXI_ADDR_WIDTH64_C_M_AXI_DATA_WIDTH32_C_M_AXI_AWUSER_WIDTH1_C_M_AXI_ARUSER_WIDTH1_C_M_AXI_WUSER_WIDTH1_C_M_AXI_RUSER_WIDTH1_C_M_AXI_BUSER_WIDTH1_C_USER_VALUE0_C_PROT_VALUE0_C_CACHE_VALUE3_USER_DW32_USER_AW64_USER_MAXREQS7_USER_RFIFONUM_WIDTH9_92
gmem1_m_axi_U/clk_gate_load_unit_buff_rdata_genblk1_U_fifo_mem_mem_reg_49_       3.9900     0.0      0.0000       3.9900 0.0000 SNPS_CLOCK_GATE_HIGH_tinytpu_isa_gmem1_m_axi_CONSERVATIVE1_NUM_READ_OUTSTANDING16_NUM_WRITE_OUTSTANDING16_MAX_READ_BURST_LENGTH16_MAX_WRITE_BURST_LENGTH16_C_M_AXI_ID_WIDTH1_C_M_AXI_ADDR_WIDTH64_C_M_AXI_DATA_WIDTH32_C_M_AXI_AWUSER_WIDTH1_C_M_AXI_ARUSER_WIDTH1_C_M_AXI_WUSER_WIDTH1_C_M_AXI_RUSER_WIDTH1_C_M_AXI_BUSER_WIDTH1_C_USER_VALUE0_C_PROT_VALUE0_C_CACHE_VALUE3_USER_DW32_USER_AW64_USER_MAXREQS7_USER_RFIFONUM_WIDTH9_93
gmem1_m_axi_U/clk_gate_load_unit_buff_rdata_genblk1_U_fifo_mem_mem_reg_4_       3.9900     0.0      0.0000       3.9900 0.0000 SNPS_CLOCK_GATE_HIGH_tinytpu_isa_gmem1_m_axi_CONSERVATIVE1_NUM_READ_OUTSTANDING16_NUM_WRITE_OUTSTANDING16_MAX_READ_BURST_LENGTH16_MAX_WRITE_BURST_LENGTH16_C_M_AXI_ID_WIDTH1_C_M_AXI_ADDR_WIDTH64_C_M_AXI_DATA_WIDTH32_C_M_AXI_AWUSER_WIDTH1_C_M_AXI_ARUSER_WIDTH1_C_M_AXI_WUSER_WIDTH1_C_M_AXI_RUSER_WIDTH1_C_M_AXI_BUSER_WIDTH1_C_USER_VALUE0_C_PROT_VALUE0_C_CACHE_VALUE3_USER_DW32_USER_AW64_USER_MAXREQS7_USER_RFIFONUM_WIDTH9_48
gmem1_m_axi_U/clk_gate_load_unit_buff_rdata_genblk1_U_fifo_mem_mem_reg_50_       3.9900     0.0      0.0000       3.9900 0.0000 SNPS_CLOCK_GATE_HIGH_tinytpu_isa_gmem1_m_axi_CONSERVATIVE1_NUM_READ_OUTSTANDING16_NUM_WRITE_OUTSTANDING16_MAX_READ_BURST_LENGTH16_MAX_WRITE_BURST_LENGTH16_C_M_AXI_ID_WIDTH1_C_M_AXI_ADDR_WIDTH64_C_M_AXI_DATA_WIDTH32_C_M_AXI_AWUSER_WIDTH1_C_M_AXI_ARUSER_WIDTH1_C_M_AXI_WUSER_WIDTH1_C_M_AXI_RUSER_WIDTH1_C_M_AXI_BUSER_WIDTH1_C_USER_VALUE0_C_PROT_VALUE0_C_CACHE_VALUE3_USER_DW32_USER_AW64_USER_MAXREQS7_USER_RFIFONUM_WIDTH9_94
gmem1_m_axi_U/clk_gate_load_unit_buff_rdata_genblk1_U_fifo_mem_mem_reg_51_       3.9900     0.0      0.0000       3.9900 0.0000 SNPS_CLOCK_GATE_HIGH_tinytpu_isa_gmem1_m_axi_CONSERVATIVE1_NUM_READ_OUTSTANDING16_NUM_WRITE_OUTSTANDING16_MAX_READ_BURST_LENGTH16_MAX_WRITE_BURST_LENGTH16_C_M_AXI_ID_WIDTH1_C_M_AXI_ADDR_WIDTH64_C_M_AXI_DATA_WIDTH32_C_M_AXI_AWUSER_WIDTH1_C_M_AXI_ARUSER_WIDTH1_C_M_AXI_WUSER_WIDTH1_C_M_AXI_RUSER_WIDTH1_C_M_AXI_BUSER_WIDTH1_C_USER_VALUE0_C_PROT_VALUE0_C_CACHE_VALUE3_USER_DW32_USER_AW64_USER_MAXREQS7_USER_RFIFONUM_WIDTH9_95
gmem1_m_axi_U/clk_gate_load_unit_buff_rdata_genblk1_U_fifo_mem_mem_reg_52_       3.9900     0.0      0.0000       3.9900 0.0000 SNPS_CLOCK_GATE_HIGH_tinytpu_isa_gmem1_m_axi_CONSERVATIVE1_NUM_READ_OUTSTANDING16_NUM_WRITE_OUTSTANDING16_MAX_READ_BURST_LENGTH16_MAX_WRITE_BURST_LENGTH16_C_M_AXI_ID_WIDTH1_C_M_AXI_ADDR_WIDTH64_C_M_AXI_DATA_WIDTH32_C_M_AXI_AWUSER_WIDTH1_C_M_AXI_ARUSER_WIDTH1_C_M_AXI_WUSER_WIDTH1_C_M_AXI_RUSER_WIDTH1_C_M_AXI_BUSER_WIDTH1_C_USER_VALUE0_C_PROT_VALUE0_C_CACHE_VALUE3_USER_DW32_USER_AW64_USER_MAXREQS7_USER_RFIFONUM_WIDTH9_96
gmem1_m_axi_U/clk_gate_load_unit_buff_rdata_genblk1_U_fifo_mem_mem_reg_53_       3.9900     0.0      0.0000       3.9900 0.0000 SNPS_CLOCK_GATE_HIGH_tinytpu_isa_gmem1_m_axi_CONSERVATIVE1_NUM_READ_OUTSTANDING16_NUM_WRITE_OUTSTANDING16_MAX_READ_BURST_LENGTH16_MAX_WRITE_BURST_LENGTH16_C_M_AXI_ID_WIDTH1_C_M_AXI_ADDR_WIDTH64_C_M_AXI_DATA_WIDTH32_C_M_AXI_AWUSER_WIDTH1_C_M_AXI_ARUSER_WIDTH1_C_M_AXI_WUSER_WIDTH1_C_M_AXI_RUSER_WIDTH1_C_M_AXI_BUSER_WIDTH1_C_USER_VALUE0_C_PROT_VALUE0_C_CACHE_VALUE3_USER_DW32_USER_AW64_USER_MAXREQS7_USER_RFIFONUM_WIDTH9_97
gmem1_m_axi_U/clk_gate_load_unit_buff_rdata_genblk1_U_fifo_mem_mem_reg_54_       3.9900     0.0      0.0000       3.9900 0.0000 SNPS_CLOCK_GATE_HIGH_tinytpu_isa_gmem1_m_axi_CONSERVATIVE1_NUM_READ_OUTSTANDING16_NUM_WRITE_OUTSTANDING16_MAX_READ_BURST_LENGTH16_MAX_WRITE_BURST_LENGTH16_C_M_AXI_ID_WIDTH1_C_M_AXI_ADDR_WIDTH64_C_M_AXI_DATA_WIDTH32_C_M_AXI_AWUSER_WIDTH1_C_M_AXI_ARUSER_WIDTH1_C_M_AXI_WUSER_WIDTH1_C_M_AXI_RUSER_WIDTH1_C_M_AXI_BUSER_WIDTH1_C_USER_VALUE0_C_PROT_VALUE0_C_CACHE_VALUE3_USER_DW32_USER_AW64_USER_MAXREQS7_USER_RFIFONUM_WIDTH9_98
gmem1_m_axi_U/clk_gate_load_unit_buff_rdata_genblk1_U_fifo_mem_mem_reg_55_       3.9900     0.0      0.0000       3.9900 0.0000 SNPS_CLOCK_GATE_HIGH_tinytpu_isa_gmem1_m_axi_CONSERVATIVE1_NUM_READ_OUTSTANDING16_NUM_WRITE_OUTSTANDING16_MAX_READ_BURST_LENGTH16_MAX_WRITE_BURST_LENGTH16_C_M_AXI_ID_WIDTH1_C_M_AXI_ADDR_WIDTH64_C_M_AXI_DATA_WIDTH32_C_M_AXI_AWUSER_WIDTH1_C_M_AXI_ARUSER_WIDTH1_C_M_AXI_WUSER_WIDTH1_C_M_AXI_RUSER_WIDTH1_C_M_AXI_BUSER_WIDTH1_C_USER_VALUE0_C_PROT_VALUE0_C_CACHE_VALUE3_USER_DW32_USER_AW64_USER_MAXREQS7_USER_RFIFONUM_WIDTH9_99
gmem1_m_axi_U/clk_gate_load_unit_buff_rdata_genblk1_U_fifo_mem_mem_reg_56_       3.9900     0.0      0.0000       3.9900 0.0000 SNPS_CLOCK_GATE_HIGH_tinytpu_isa_gmem1_m_axi_CONSERVATIVE1_NUM_READ_OUTSTANDING16_NUM_WRITE_OUTSTANDING16_MAX_READ_BURST_LENGTH16_MAX_WRITE_BURST_LENGTH16_C_M_AXI_ID_WIDTH1_C_M_AXI_ADDR_WIDTH64_C_M_AXI_DATA_WIDTH32_C_M_AXI_AWUSER_WIDTH1_C_M_AXI_ARUSER_WIDTH1_C_M_AXI_WUSER_WIDTH1_C_M_AXI_RUSER_WIDTH1_C_M_AXI_BUSER_WIDTH1_C_USER_VALUE0_C_PROT_VALUE0_C_CACHE_VALUE3_USER_DW32_USER_AW64_USER_MAXREQS7_USER_RFIFONUM_WIDTH9_100
gmem1_m_axi_U/clk_gate_load_unit_buff_rdata_genblk1_U_fifo_mem_mem_reg_57_       3.9900     0.0      0.0000       3.9900 0.0000 SNPS_CLOCK_GATE_HIGH_tinytpu_isa_gmem1_m_axi_CONSERVATIVE1_NUM_READ_OUTSTANDING16_NUM_WRITE_OUTSTANDING16_MAX_READ_BURST_LENGTH16_MAX_WRITE_BURST_LENGTH16_C_M_AXI_ID_WIDTH1_C_M_AXI_ADDR_WIDTH64_C_M_AXI_DATA_WIDTH32_C_M_AXI_AWUSER_WIDTH1_C_M_AXI_ARUSER_WIDTH1_C_M_AXI_WUSER_WIDTH1_C_M_AXI_RUSER_WIDTH1_C_M_AXI_BUSER_WIDTH1_C_USER_VALUE0_C_PROT_VALUE0_C_CACHE_VALUE3_USER_DW32_USER_AW64_USER_MAXREQS7_USER_RFIFONUM_WIDTH9_101
gmem1_m_axi_U/clk_gate_load_unit_buff_rdata_genblk1_U_fifo_mem_mem_reg_58_       3.9900     0.0      0.0000       3.9900 0.0000 SNPS_CLOCK_GATE_HIGH_tinytpu_isa_gmem1_m_axi_CONSERVATIVE1_NUM_READ_OUTSTANDING16_NUM_WRITE_OUTSTANDING16_MAX_READ_BURST_LENGTH16_MAX_WRITE_BURST_LENGTH16_C_M_AXI_ID_WIDTH1_C_M_AXI_ADDR_WIDTH64_C_M_AXI_DATA_WIDTH32_C_M_AXI_AWUSER_WIDTH1_C_M_AXI_ARUSER_WIDTH1_C_M_AXI_WUSER_WIDTH1_C_M_AXI_RUSER_WIDTH1_C_M_AXI_BUSER_WIDTH1_C_USER_VALUE0_C_PROT_VALUE0_C_CACHE_VALUE3_USER_DW32_USER_AW64_USER_MAXREQS7_USER_RFIFONUM_WIDTH9_102
gmem1_m_axi_U/clk_gate_load_unit_buff_rdata_genblk1_U_fifo_mem_mem_reg_59_       3.9900     0.0      0.0000       3.9900 0.0000 SNPS_CLOCK_GATE_HIGH_tinytpu_isa_gmem1_m_axi_CONSERVATIVE1_NUM_READ_OUTSTANDING16_NUM_WRITE_OUTSTANDING16_MAX_READ_BURST_LENGTH16_MAX_WRITE_BURST_LENGTH16_C_M_AXI_ID_WIDTH1_C_M_AXI_ADDR_WIDTH64_C_M_AXI_DATA_WIDTH32_C_M_AXI_AWUSER_WIDTH1_C_M_AXI_ARUSER_WIDTH1_C_M_AXI_WUSER_WIDTH1_C_M_AXI_RUSER_WIDTH1_C_M_AXI_BUSER_WIDTH1_C_USER_VALUE0_C_PROT_VALUE0_C_CACHE_VALUE3_USER_DW32_USER_AW64_USER_MAXREQS7_USER_RFIFONUM_WIDTH9_103
gmem1_m_axi_U/clk_gate_load_unit_buff_rdata_genblk1_U_fifo_mem_mem_reg_5_       3.9900     0.0      0.0000       3.9900 0.0000 SNPS_CLOCK_GATE_HIGH_tinytpu_isa_gmem1_m_axi_CONSERVATIVE1_NUM_READ_OUTSTANDING16_NUM_WRITE_OUTSTANDING16_MAX_READ_BURST_LENGTH16_MAX_WRITE_BURST_LENGTH16_C_M_AXI_ID_WIDTH1_C_M_AXI_ADDR_WIDTH64_C_M_AXI_DATA_WIDTH32_C_M_AXI_AWUSER_WIDTH1_C_M_AXI_ARUSER_WIDTH1_C_M_AXI_WUSER_WIDTH1_C_M_AXI_RUSER_WIDTH1_C_M_AXI_BUSER_WIDTH1_C_USER_VALUE0_C_PROT_VALUE0_C_CACHE_VALUE3_USER_DW32_USER_AW64_USER_MAXREQS7_USER_RFIFONUM_WIDTH9_49
gmem1_m_axi_U/clk_gate_load_unit_buff_rdata_genblk1_U_fifo_mem_mem_reg_60_       3.9900     0.0      0.0000       3.9900 0.0000 SNPS_CLOCK_GATE_HIGH_tinytpu_isa_gmem1_m_axi_CONSERVATIVE1_NUM_READ_OUTSTANDING16_NUM_WRITE_OUTSTANDING16_MAX_READ_BURST_LENGTH16_MAX_WRITE_BURST_LENGTH16_C_M_AXI_ID_WIDTH1_C_M_AXI_ADDR_WIDTH64_C_M_AXI_DATA_WIDTH32_C_M_AXI_AWUSER_WIDTH1_C_M_AXI_ARUSER_WIDTH1_C_M_AXI_WUSER_WIDTH1_C_M_AXI_RUSER_WIDTH1_C_M_AXI_BUSER_WIDTH1_C_USER_VALUE0_C_PROT_VALUE0_C_CACHE_VALUE3_USER_DW32_USER_AW64_USER_MAXREQS7_USER_RFIFONUM_WIDTH9_104
gmem1_m_axi_U/clk_gate_load_unit_buff_rdata_genblk1_U_fifo_mem_mem_reg_61_       3.9900     0.0      0.0000       3.9900 0.0000 SNPS_CLOCK_GATE_HIGH_tinytpu_isa_gmem1_m_axi_CONSERVATIVE1_NUM_READ_OUTSTANDING16_NUM_WRITE_OUTSTANDING16_MAX_READ_BURST_LENGTH16_MAX_WRITE_BURST_LENGTH16_C_M_AXI_ID_WIDTH1_C_M_AXI_ADDR_WIDTH64_C_M_AXI_DATA_WIDTH32_C_M_AXI_AWUSER_WIDTH1_C_M_AXI_ARUSER_WIDTH1_C_M_AXI_WUSER_WIDTH1_C_M_AXI_RUSER_WIDTH1_C_M_AXI_BUSER_WIDTH1_C_USER_VALUE0_C_PROT_VALUE0_C_CACHE_VALUE3_USER_DW32_USER_AW64_USER_MAXREQS7_USER_RFIFONUM_WIDTH9_105
gmem1_m_axi_U/clk_gate_load_unit_buff_rdata_genblk1_U_fifo_mem_mem_reg_62_       3.9900     0.0      0.0000       3.9900 0.0000 SNPS_CLOCK_GATE_HIGH_tinytpu_isa_gmem1_m_axi_CONSERVATIVE1_NUM_READ_OUTSTANDING16_NUM_WRITE_OUTSTANDING16_MAX_READ_BURST_LENGTH16_MAX_WRITE_BURST_LENGTH16_C_M_AXI_ID_WIDTH1_C_M_AXI_ADDR_WIDTH64_C_M_AXI_DATA_WIDTH32_C_M_AXI_AWUSER_WIDTH1_C_M_AXI_ARUSER_WIDTH1_C_M_AXI_WUSER_WIDTH1_C_M_AXI_RUSER_WIDTH1_C_M_AXI_BUSER_WIDTH1_C_USER_VALUE0_C_PROT_VALUE0_C_CACHE_VALUE3_USER_DW32_USER_AW64_USER_MAXREQS7_USER_RFIFONUM_WIDTH9_106
gmem1_m_axi_U/clk_gate_load_unit_buff_rdata_genblk1_U_fifo_mem_mem_reg_63_       3.9900     0.0      0.0000       3.9900 0.0000 SNPS_CLOCK_GATE_HIGH_tinytpu_isa_gmem1_m_axi_CONSERVATIVE1_NUM_READ_OUTSTANDING16_NUM_WRITE_OUTSTANDING16_MAX_READ_BURST_LENGTH16_MAX_WRITE_BURST_LENGTH16_C_M_AXI_ID_WIDTH1_C_M_AXI_ADDR_WIDTH64_C_M_AXI_DATA_WIDTH32_C_M_AXI_AWUSER_WIDTH1_C_M_AXI_ARUSER_WIDTH1_C_M_AXI_WUSER_WIDTH1_C_M_AXI_RUSER_WIDTH1_C_M_AXI_BUSER_WIDTH1_C_USER_VALUE0_C_PROT_VALUE0_C_CACHE_VALUE3_USER_DW32_USER_AW64_USER_MAXREQS7_USER_RFIFONUM_WIDTH9_107
gmem1_m_axi_U/clk_gate_load_unit_buff_rdata_genblk1_U_fifo_mem_mem_reg_64_       3.9900     0.0      0.0000       3.9900 0.0000 SNPS_CLOCK_GATE_HIGH_tinytpu_isa_gmem1_m_axi_CONSERVATIVE1_NUM_READ_OUTSTANDING16_NUM_WRITE_OUTSTANDING16_MAX_READ_BURST_LENGTH16_MAX_WRITE_BURST_LENGTH16_C_M_AXI_ID_WIDTH1_C_M_AXI_ADDR_WIDTH64_C_M_AXI_DATA_WIDTH32_C_M_AXI_AWUSER_WIDTH1_C_M_AXI_ARUSER_WIDTH1_C_M_AXI_WUSER_WIDTH1_C_M_AXI_RUSER_WIDTH1_C_M_AXI_BUSER_WIDTH1_C_USER_VALUE0_C_PROT_VALUE0_C_CACHE_VALUE3_USER_DW32_USER_AW64_USER_MAXREQS7_USER_RFIFONUM_WIDTH9_108
gmem1_m_axi_U/clk_gate_load_unit_buff_rdata_genblk1_U_fifo_mem_mem_reg_65_       3.9900     0.0      0.0000       3.9900 0.0000 SNPS_CLOCK_GATE_HIGH_tinytpu_isa_gmem1_m_axi_CONSERVATIVE1_NUM_READ_OUTSTANDING16_NUM_WRITE_OUTSTANDING16_MAX_READ_BURST_LENGTH16_MAX_WRITE_BURST_LENGTH16_C_M_AXI_ID_WIDTH1_C_M_AXI_ADDR_WIDTH64_C_M_AXI_DATA_WIDTH32_C_M_AXI_AWUSER_WIDTH1_C_M_AXI_ARUSER_WIDTH1_C_M_AXI_WUSER_WIDTH1_C_M_AXI_RUSER_WIDTH1_C_M_AXI_BUSER_WIDTH1_C_USER_VALUE0_C_PROT_VALUE0_C_CACHE_VALUE3_USER_DW32_USER_AW64_USER_MAXREQS7_USER_RFIFONUM_WIDTH9_109
gmem1_m_axi_U/clk_gate_load_unit_buff_rdata_genblk1_U_fifo_mem_mem_reg_66_       3.9900     0.0      0.0000       3.9900 0.0000 SNPS_CLOCK_GATE_HIGH_tinytpu_isa_gmem1_m_axi_CONSERVATIVE1_NUM_READ_OUTSTANDING16_NUM_WRITE_OUTSTANDING16_MAX_READ_BURST_LENGTH16_MAX_WRITE_BURST_LENGTH16_C_M_AXI_ID_WIDTH1_C_M_AXI_ADDR_WIDTH64_C_M_AXI_DATA_WIDTH32_C_M_AXI_AWUSER_WIDTH1_C_M_AXI_ARUSER_WIDTH1_C_M_AXI_WUSER_WIDTH1_C_M_AXI_RUSER_WIDTH1_C_M_AXI_BUSER_WIDTH1_C_USER_VALUE0_C_PROT_VALUE0_C_CACHE_VALUE3_USER_DW32_USER_AW64_USER_MAXREQS7_USER_RFIFONUM_WIDTH9_110
gmem1_m_axi_U/clk_gate_load_unit_buff_rdata_genblk1_U_fifo_mem_mem_reg_67_       3.9900     0.0      0.0000       3.9900 0.0000 SNPS_CLOCK_GATE_HIGH_tinytpu_isa_gmem1_m_axi_CONSERVATIVE1_NUM_READ_OUTSTANDING16_NUM_WRITE_OUTSTANDING16_MAX_READ_BURST_LENGTH16_MAX_WRITE_BURST_LENGTH16_C_M_AXI_ID_WIDTH1_C_M_AXI_ADDR_WIDTH64_C_M_AXI_DATA_WIDTH32_C_M_AXI_AWUSER_WIDTH1_C_M_AXI_ARUSER_WIDTH1_C_M_AXI_WUSER_WIDTH1_C_M_AXI_RUSER_WIDTH1_C_M_AXI_BUSER_WIDTH1_C_USER_VALUE0_C_PROT_VALUE0_C_CACHE_VALUE3_USER_DW32_USER_AW64_USER_MAXREQS7_USER_RFIFONUM_WIDTH9_111
gmem1_m_axi_U/clk_gate_load_unit_buff_rdata_genblk1_U_fifo_mem_mem_reg_68_       3.9900     0.0      0.0000       3.9900 0.0000 SNPS_CLOCK_GATE_HIGH_tinytpu_isa_gmem1_m_axi_CONSERVATIVE1_NUM_READ_OUTSTANDING16_NUM_WRITE_OUTSTANDING16_MAX_READ_BURST_LENGTH16_MAX_WRITE_BURST_LENGTH16_C_M_AXI_ID_WIDTH1_C_M_AXI_ADDR_WIDTH64_C_M_AXI_DATA_WIDTH32_C_M_AXI_AWUSER_WIDTH1_C_M_AXI_ARUSER_WIDTH1_C_M_AXI_WUSER_WIDTH1_C_M_AXI_RUSER_WIDTH1_C_M_AXI_BUSER_WIDTH1_C_USER_VALUE0_C_PROT_VALUE0_C_CACHE_VALUE3_USER_DW32_USER_AW64_USER_MAXREQS7_USER_RFIFONUM_WIDTH9_112
gmem1_m_axi_U/clk_gate_load_unit_buff_rdata_genblk1_U_fifo_mem_mem_reg_69_       3.9900     0.0      0.0000       3.9900 0.0000 SNPS_CLOCK_GATE_HIGH_tinytpu_isa_gmem1_m_axi_CONSERVATIVE1_NUM_READ_OUTSTANDING16_NUM_WRITE_OUTSTANDING16_MAX_READ_BURST_LENGTH16_MAX_WRITE_BURST_LENGTH16_C_M_AXI_ID_WIDTH1_C_M_AXI_ADDR_WIDTH64_C_M_AXI_DATA_WIDTH32_C_M_AXI_AWUSER_WIDTH1_C_M_AXI_ARUSER_WIDTH1_C_M_AXI_WUSER_WIDTH1_C_M_AXI_RUSER_WIDTH1_C_M_AXI_BUSER_WIDTH1_C_USER_VALUE0_C_PROT_VALUE0_C_CACHE_VALUE3_USER_DW32_USER_AW64_USER_MAXREQS7_USER_RFIFONUM_WIDTH9_113
gmem1_m_axi_U/clk_gate_load_unit_buff_rdata_genblk1_U_fifo_mem_mem_reg_6_       3.9900     0.0      0.0000       3.9900 0.0000 SNPS_CLOCK_GATE_HIGH_tinytpu_isa_gmem1_m_axi_CONSERVATIVE1_NUM_READ_OUTSTANDING16_NUM_WRITE_OUTSTANDING16_MAX_READ_BURST_LENGTH16_MAX_WRITE_BURST_LENGTH16_C_M_AXI_ID_WIDTH1_C_M_AXI_ADDR_WIDTH64_C_M_AXI_DATA_WIDTH32_C_M_AXI_AWUSER_WIDTH1_C_M_AXI_ARUSER_WIDTH1_C_M_AXI_WUSER_WIDTH1_C_M_AXI_RUSER_WIDTH1_C_M_AXI_BUSER_WIDTH1_C_USER_VALUE0_C_PROT_VALUE0_C_CACHE_VALUE3_USER_DW32_USER_AW64_USER_MAXREQS7_USER_RFIFONUM_WIDTH9_50
gmem1_m_axi_U/clk_gate_load_unit_buff_rdata_genblk1_U_fifo_mem_mem_reg_70_       3.9900     0.0      0.0000       3.9900 0.0000 SNPS_CLOCK_GATE_HIGH_tinytpu_isa_gmem1_m_axi_CONSERVATIVE1_NUM_READ_OUTSTANDING16_NUM_WRITE_OUTSTANDING16_MAX_READ_BURST_LENGTH16_MAX_WRITE_BURST_LENGTH16_C_M_AXI_ID_WIDTH1_C_M_AXI_ADDR_WIDTH64_C_M_AXI_DATA_WIDTH32_C_M_AXI_AWUSER_WIDTH1_C_M_AXI_ARUSER_WIDTH1_C_M_AXI_WUSER_WIDTH1_C_M_AXI_RUSER_WIDTH1_C_M_AXI_BUSER_WIDTH1_C_USER_VALUE0_C_PROT_VALUE0_C_CACHE_VALUE3_USER_DW32_USER_AW64_USER_MAXREQS7_USER_RFIFONUM_WIDTH9_114
gmem1_m_axi_U/clk_gate_load_unit_buff_rdata_genblk1_U_fifo_mem_mem_reg_71_       3.9900     0.0      0.0000       3.9900 0.0000 SNPS_CLOCK_GATE_HIGH_tinytpu_isa_gmem1_m_axi_CONSERVATIVE1_NUM_READ_OUTSTANDING16_NUM_WRITE_OUTSTANDING16_MAX_READ_BURST_LENGTH16_MAX_WRITE_BURST_LENGTH16_C_M_AXI_ID_WIDTH1_C_M_AXI_ADDR_WIDTH64_C_M_AXI_DATA_WIDTH32_C_M_AXI_AWUSER_WIDTH1_C_M_AXI_ARUSER_WIDTH1_C_M_AXI_WUSER_WIDTH1_C_M_AXI_RUSER_WIDTH1_C_M_AXI_BUSER_WIDTH1_C_USER_VALUE0_C_PROT_VALUE0_C_CACHE_VALUE3_USER_DW32_USER_AW64_USER_MAXREQS7_USER_RFIFONUM_WIDTH9_115
gmem1_m_axi_U/clk_gate_load_unit_buff_rdata_genblk1_U_fifo_mem_mem_reg_72_       3.9900     0.0      0.0000       3.9900 0.0000 SNPS_CLOCK_GATE_HIGH_tinytpu_isa_gmem1_m_axi_CONSERVATIVE1_NUM_READ_OUTSTANDING16_NUM_WRITE_OUTSTANDING16_MAX_READ_BURST_LENGTH16_MAX_WRITE_BURST_LENGTH16_C_M_AXI_ID_WIDTH1_C_M_AXI_ADDR_WIDTH64_C_M_AXI_DATA_WIDTH32_C_M_AXI_AWUSER_WIDTH1_C_M_AXI_ARUSER_WIDTH1_C_M_AXI_WUSER_WIDTH1_C_M_AXI_RUSER_WIDTH1_C_M_AXI_BUSER_WIDTH1_C_USER_VALUE0_C_PROT_VALUE0_C_CACHE_VALUE3_USER_DW32_USER_AW64_USER_MAXREQS7_USER_RFIFONUM_WIDTH9_116
gmem1_m_axi_U/clk_gate_load_unit_buff_rdata_genblk1_U_fifo_mem_mem_reg_73_       3.9900     0.0      0.0000       3.9900 0.0000 SNPS_CLOCK_GATE_HIGH_tinytpu_isa_gmem1_m_axi_CONSERVATIVE1_NUM_READ_OUTSTANDING16_NUM_WRITE_OUTSTANDING16_MAX_READ_BURST_LENGTH16_MAX_WRITE_BURST_LENGTH16_C_M_AXI_ID_WIDTH1_C_M_AXI_ADDR_WIDTH64_C_M_AXI_DATA_WIDTH32_C_M_AXI_AWUSER_WIDTH1_C_M_AXI_ARUSER_WIDTH1_C_M_AXI_WUSER_WIDTH1_C_M_AXI_RUSER_WIDTH1_C_M_AXI_BUSER_WIDTH1_C_USER_VALUE0_C_PROT_VALUE0_C_CACHE_VALUE3_USER_DW32_USER_AW64_USER_MAXREQS7_USER_RFIFONUM_WIDTH9_117
gmem1_m_axi_U/clk_gate_load_unit_buff_rdata_genblk1_U_fifo_mem_mem_reg_74_       3.9900     0.0      0.0000       3.9900 0.0000 SNPS_CLOCK_GATE_HIGH_tinytpu_isa_gmem1_m_axi_CONSERVATIVE1_NUM_READ_OUTSTANDING16_NUM_WRITE_OUTSTANDING16_MAX_READ_BURST_LENGTH16_MAX_WRITE_BURST_LENGTH16_C_M_AXI_ID_WIDTH1_C_M_AXI_ADDR_WIDTH64_C_M_AXI_DATA_WIDTH32_C_M_AXI_AWUSER_WIDTH1_C_M_AXI_ARUSER_WIDTH1_C_M_AXI_WUSER_WIDTH1_C_M_AXI_RUSER_WIDTH1_C_M_AXI_BUSER_WIDTH1_C_USER_VALUE0_C_PROT_VALUE0_C_CACHE_VALUE3_USER_DW32_USER_AW64_USER_MAXREQS7_USER_RFIFONUM_WIDTH9_118
gmem1_m_axi_U/clk_gate_load_unit_buff_rdata_genblk1_U_fifo_mem_mem_reg_75_       3.9900     0.0      0.0000       3.9900 0.0000 SNPS_CLOCK_GATE_HIGH_tinytpu_isa_gmem1_m_axi_CONSERVATIVE1_NUM_READ_OUTSTANDING16_NUM_WRITE_OUTSTANDING16_MAX_READ_BURST_LENGTH16_MAX_WRITE_BURST_LENGTH16_C_M_AXI_ID_WIDTH1_C_M_AXI_ADDR_WIDTH64_C_M_AXI_DATA_WIDTH32_C_M_AXI_AWUSER_WIDTH1_C_M_AXI_ARUSER_WIDTH1_C_M_AXI_WUSER_WIDTH1_C_M_AXI_RUSER_WIDTH1_C_M_AXI_BUSER_WIDTH1_C_USER_VALUE0_C_PROT_VALUE0_C_CACHE_VALUE3_USER_DW32_USER_AW64_USER_MAXREQS7_USER_RFIFONUM_WIDTH9_119
gmem1_m_axi_U/clk_gate_load_unit_buff_rdata_genblk1_U_fifo_mem_mem_reg_76_       3.9900     0.0      0.0000       3.9900 0.0000 SNPS_CLOCK_GATE_HIGH_tinytpu_isa_gmem1_m_axi_CONSERVATIVE1_NUM_READ_OUTSTANDING16_NUM_WRITE_OUTSTANDING16_MAX_READ_BURST_LENGTH16_MAX_WRITE_BURST_LENGTH16_C_M_AXI_ID_WIDTH1_C_M_AXI_ADDR_WIDTH64_C_M_AXI_DATA_WIDTH32_C_M_AXI_AWUSER_WIDTH1_C_M_AXI_ARUSER_WIDTH1_C_M_AXI_WUSER_WIDTH1_C_M_AXI_RUSER_WIDTH1_C_M_AXI_BUSER_WIDTH1_C_USER_VALUE0_C_PROT_VALUE0_C_CACHE_VALUE3_USER_DW32_USER_AW64_USER_MAXREQS7_USER_RFIFONUM_WIDTH9_120
gmem1_m_axi_U/clk_gate_load_unit_buff_rdata_genblk1_U_fifo_mem_mem_reg_77_       3.9900     0.0      0.0000       3.9900 0.0000 SNPS_CLOCK_GATE_HIGH_tinytpu_isa_gmem1_m_axi_CONSERVATIVE1_NUM_READ_OUTSTANDING16_NUM_WRITE_OUTSTANDING16_MAX_READ_BURST_LENGTH16_MAX_WRITE_BURST_LENGTH16_C_M_AXI_ID_WIDTH1_C_M_AXI_ADDR_WIDTH64_C_M_AXI_DATA_WIDTH32_C_M_AXI_AWUSER_WIDTH1_C_M_AXI_ARUSER_WIDTH1_C_M_AXI_WUSER_WIDTH1_C_M_AXI_RUSER_WIDTH1_C_M_AXI_BUSER_WIDTH1_C_USER_VALUE0_C_PROT_VALUE0_C_CACHE_VALUE3_USER_DW32_USER_AW64_USER_MAXREQS7_USER_RFIFONUM_WIDTH9_121
gmem1_m_axi_U/clk_gate_load_unit_buff_rdata_genblk1_U_fifo_mem_mem_reg_78_       3.9900     0.0      0.0000       3.9900 0.0000 SNPS_CLOCK_GATE_HIGH_tinytpu_isa_gmem1_m_axi_CONSERVATIVE1_NUM_READ_OUTSTANDING16_NUM_WRITE_OUTSTANDING16_MAX_READ_BURST_LENGTH16_MAX_WRITE_BURST_LENGTH16_C_M_AXI_ID_WIDTH1_C_M_AXI_ADDR_WIDTH64_C_M_AXI_DATA_WIDTH32_C_M_AXI_AWUSER_WIDTH1_C_M_AXI_ARUSER_WIDTH1_C_M_AXI_WUSER_WIDTH1_C_M_AXI_RUSER_WIDTH1_C_M_AXI_BUSER_WIDTH1_C_USER_VALUE0_C_PROT_VALUE0_C_CACHE_VALUE3_USER_DW32_USER_AW64_USER_MAXREQS7_USER_RFIFONUM_WIDTH9_122
gmem1_m_axi_U/clk_gate_load_unit_buff_rdata_genblk1_U_fifo_mem_mem_reg_79_       3.9900     0.0      0.0000       3.9900 0.0000 SNPS_CLOCK_GATE_HIGH_tinytpu_isa_gmem1_m_axi_CONSERVATIVE1_NUM_READ_OUTSTANDING16_NUM_WRITE_OUTSTANDING16_MAX_READ_BURST_LENGTH16_MAX_WRITE_BURST_LENGTH16_C_M_AXI_ID_WIDTH1_C_M_AXI_ADDR_WIDTH64_C_M_AXI_DATA_WIDTH32_C_M_AXI_AWUSER_WIDTH1_C_M_AXI_ARUSER_WIDTH1_C_M_AXI_WUSER_WIDTH1_C_M_AXI_RUSER_WIDTH1_C_M_AXI_BUSER_WIDTH1_C_USER_VALUE0_C_PROT_VALUE0_C_CACHE_VALUE3_USER_DW32_USER_AW64_USER_MAXREQS7_USER_RFIFONUM_WIDTH9_123
gmem1_m_axi_U/clk_gate_load_unit_buff_rdata_genblk1_U_fifo_mem_mem_reg_7_       3.9900     0.0      0.0000       3.9900 0.0000 SNPS_CLOCK_GATE_HIGH_tinytpu_isa_gmem1_m_axi_CONSERVATIVE1_NUM_READ_OUTSTANDING16_NUM_WRITE_OUTSTANDING16_MAX_READ_BURST_LENGTH16_MAX_WRITE_BURST_LENGTH16_C_M_AXI_ID_WIDTH1_C_M_AXI_ADDR_WIDTH64_C_M_AXI_DATA_WIDTH32_C_M_AXI_AWUSER_WIDTH1_C_M_AXI_ARUSER_WIDTH1_C_M_AXI_WUSER_WIDTH1_C_M_AXI_RUSER_WIDTH1_C_M_AXI_BUSER_WIDTH1_C_USER_VALUE0_C_PROT_VALUE0_C_CACHE_VALUE3_USER_DW32_USER_AW64_USER_MAXREQS7_USER_RFIFONUM_WIDTH9_51
gmem1_m_axi_U/clk_gate_load_unit_buff_rdata_genblk1_U_fifo_mem_mem_reg_80_       3.9900     0.0      0.0000       3.9900 0.0000 SNPS_CLOCK_GATE_HIGH_tinytpu_isa_gmem1_m_axi_CONSERVATIVE1_NUM_READ_OUTSTANDING16_NUM_WRITE_OUTSTANDING16_MAX_READ_BURST_LENGTH16_MAX_WRITE_BURST_LENGTH16_C_M_AXI_ID_WIDTH1_C_M_AXI_ADDR_WIDTH64_C_M_AXI_DATA_WIDTH32_C_M_AXI_AWUSER_WIDTH1_C_M_AXI_ARUSER_WIDTH1_C_M_AXI_WUSER_WIDTH1_C_M_AXI_RUSER_WIDTH1_C_M_AXI_BUSER_WIDTH1_C_USER_VALUE0_C_PROT_VALUE0_C_CACHE_VALUE3_USER_DW32_USER_AW64_USER_MAXREQS7_USER_RFIFONUM_WIDTH9_124
gmem1_m_axi_U/clk_gate_load_unit_buff_rdata_genblk1_U_fifo_mem_mem_reg_81_       3.9900     0.0      0.0000       3.9900 0.0000 SNPS_CLOCK_GATE_HIGH_tinytpu_isa_gmem1_m_axi_CONSERVATIVE1_NUM_READ_OUTSTANDING16_NUM_WRITE_OUTSTANDING16_MAX_READ_BURST_LENGTH16_MAX_WRITE_BURST_LENGTH16_C_M_AXI_ID_WIDTH1_C_M_AXI_ADDR_WIDTH64_C_M_AXI_DATA_WIDTH32_C_M_AXI_AWUSER_WIDTH1_C_M_AXI_ARUSER_WIDTH1_C_M_AXI_WUSER_WIDTH1_C_M_AXI_RUSER_WIDTH1_C_M_AXI_BUSER_WIDTH1_C_USER_VALUE0_C_PROT_VALUE0_C_CACHE_VALUE3_USER_DW32_USER_AW64_USER_MAXREQS7_USER_RFIFONUM_WIDTH9_125
gmem1_m_axi_U/clk_gate_load_unit_buff_rdata_genblk1_U_fifo_mem_mem_reg_82_       3.9900     0.0      0.0000       3.9900 0.0000 SNPS_CLOCK_GATE_HIGH_tinytpu_isa_gmem1_m_axi_CONSERVATIVE1_NUM_READ_OUTSTANDING16_NUM_WRITE_OUTSTANDING16_MAX_READ_BURST_LENGTH16_MAX_WRITE_BURST_LENGTH16_C_M_AXI_ID_WIDTH1_C_M_AXI_ADDR_WIDTH64_C_M_AXI_DATA_WIDTH32_C_M_AXI_AWUSER_WIDTH1_C_M_AXI_ARUSER_WIDTH1_C_M_AXI_WUSER_WIDTH1_C_M_AXI_RUSER_WIDTH1_C_M_AXI_BUSER_WIDTH1_C_USER_VALUE0_C_PROT_VALUE0_C_CACHE_VALUE3_USER_DW32_USER_AW64_USER_MAXREQS7_USER_RFIFONUM_WIDTH9_126
gmem1_m_axi_U/clk_gate_load_unit_buff_rdata_genblk1_U_fifo_mem_mem_reg_83_       3.9900     0.0      0.0000       3.9900 0.0000 SNPS_CLOCK_GATE_HIGH_tinytpu_isa_gmem1_m_axi_CONSERVATIVE1_NUM_READ_OUTSTANDING16_NUM_WRITE_OUTSTANDING16_MAX_READ_BURST_LENGTH16_MAX_WRITE_BURST_LENGTH16_C_M_AXI_ID_WIDTH1_C_M_AXI_ADDR_WIDTH64_C_M_AXI_DATA_WIDTH32_C_M_AXI_AWUSER_WIDTH1_C_M_AXI_ARUSER_WIDTH1_C_M_AXI_WUSER_WIDTH1_C_M_AXI_RUSER_WIDTH1_C_M_AXI_BUSER_WIDTH1_C_USER_VALUE0_C_PROT_VALUE0_C_CACHE_VALUE3_USER_DW32_USER_AW64_USER_MAXREQS7_USER_RFIFONUM_WIDTH9_127
gmem1_m_axi_U/clk_gate_load_unit_buff_rdata_genblk1_U_fifo_mem_mem_reg_84_       3.9900     0.0      0.0000       3.9900 0.0000 SNPS_CLOCK_GATE_HIGH_tinytpu_isa_gmem1_m_axi_CONSERVATIVE1_NUM_READ_OUTSTANDING16_NUM_WRITE_OUTSTANDING16_MAX_READ_BURST_LENGTH16_MAX_WRITE_BURST_LENGTH16_C_M_AXI_ID_WIDTH1_C_M_AXI_ADDR_WIDTH64_C_M_AXI_DATA_WIDTH32_C_M_AXI_AWUSER_WIDTH1_C_M_AXI_ARUSER_WIDTH1_C_M_AXI_WUSER_WIDTH1_C_M_AXI_RUSER_WIDTH1_C_M_AXI_BUSER_WIDTH1_C_USER_VALUE0_C_PROT_VALUE0_C_CACHE_VALUE3_USER_DW32_USER_AW64_USER_MAXREQS7_USER_RFIFONUM_WIDTH9_128
gmem1_m_axi_U/clk_gate_load_unit_buff_rdata_genblk1_U_fifo_mem_mem_reg_85_       3.9900     0.0      0.0000       3.9900 0.0000 SNPS_CLOCK_GATE_HIGH_tinytpu_isa_gmem1_m_axi_CONSERVATIVE1_NUM_READ_OUTSTANDING16_NUM_WRITE_OUTSTANDING16_MAX_READ_BURST_LENGTH16_MAX_WRITE_BURST_LENGTH16_C_M_AXI_ID_WIDTH1_C_M_AXI_ADDR_WIDTH64_C_M_AXI_DATA_WIDTH32_C_M_AXI_AWUSER_WIDTH1_C_M_AXI_ARUSER_WIDTH1_C_M_AXI_WUSER_WIDTH1_C_M_AXI_RUSER_WIDTH1_C_M_AXI_BUSER_WIDTH1_C_USER_VALUE0_C_PROT_VALUE0_C_CACHE_VALUE3_USER_DW32_USER_AW64_USER_MAXREQS7_USER_RFIFONUM_WIDTH9_129
gmem1_m_axi_U/clk_gate_load_unit_buff_rdata_genblk1_U_fifo_mem_mem_reg_86_       3.9900     0.0      0.0000       3.9900 0.0000 SNPS_CLOCK_GATE_HIGH_tinytpu_isa_gmem1_m_axi_CONSERVATIVE1_NUM_READ_OUTSTANDING16_NUM_WRITE_OUTSTANDING16_MAX_READ_BURST_LENGTH16_MAX_WRITE_BURST_LENGTH16_C_M_AXI_ID_WIDTH1_C_M_AXI_ADDR_WIDTH64_C_M_AXI_DATA_WIDTH32_C_M_AXI_AWUSER_WIDTH1_C_M_AXI_ARUSER_WIDTH1_C_M_AXI_WUSER_WIDTH1_C_M_AXI_RUSER_WIDTH1_C_M_AXI_BUSER_WIDTH1_C_USER_VALUE0_C_PROT_VALUE0_C_CACHE_VALUE3_USER_DW32_USER_AW64_USER_MAXREQS7_USER_RFIFONUM_WIDTH9_130
gmem1_m_axi_U/clk_gate_load_unit_buff_rdata_genblk1_U_fifo_mem_mem_reg_87_       3.9900     0.0      0.0000       3.9900 0.0000 SNPS_CLOCK_GATE_HIGH_tinytpu_isa_gmem1_m_axi_CONSERVATIVE1_NUM_READ_OUTSTANDING16_NUM_WRITE_OUTSTANDING16_MAX_READ_BURST_LENGTH16_MAX_WRITE_BURST_LENGTH16_C_M_AXI_ID_WIDTH1_C_M_AXI_ADDR_WIDTH64_C_M_AXI_DATA_WIDTH32_C_M_AXI_AWUSER_WIDTH1_C_M_AXI_ARUSER_WIDTH1_C_M_AXI_WUSER_WIDTH1_C_M_AXI_RUSER_WIDTH1_C_M_AXI_BUSER_WIDTH1_C_USER_VALUE0_C_PROT_VALUE0_C_CACHE_VALUE3_USER_DW32_USER_AW64_USER_MAXREQS7_USER_RFIFONUM_WIDTH9_131
gmem1_m_axi_U/clk_gate_load_unit_buff_rdata_genblk1_U_fifo_mem_mem_reg_88_       3.9900     0.0      0.0000       3.9900 0.0000 SNPS_CLOCK_GATE_HIGH_tinytpu_isa_gmem1_m_axi_CONSERVATIVE1_NUM_READ_OUTSTANDING16_NUM_WRITE_OUTSTANDING16_MAX_READ_BURST_LENGTH16_MAX_WRITE_BURST_LENGTH16_C_M_AXI_ID_WIDTH1_C_M_AXI_ADDR_WIDTH64_C_M_AXI_DATA_WIDTH32_C_M_AXI_AWUSER_WIDTH1_C_M_AXI_ARUSER_WIDTH1_C_M_AXI_WUSER_WIDTH1_C_M_AXI_RUSER_WIDTH1_C_M_AXI_BUSER_WIDTH1_C_USER_VALUE0_C_PROT_VALUE0_C_CACHE_VALUE3_USER_DW32_USER_AW64_USER_MAXREQS7_USER_RFIFONUM_WIDTH9_132
gmem1_m_axi_U/clk_gate_load_unit_buff_rdata_genblk1_U_fifo_mem_mem_reg_89_       3.9900     0.0      0.0000       3.9900 0.0000 SNPS_CLOCK_GATE_HIGH_tinytpu_isa_gmem1_m_axi_CONSERVATIVE1_NUM_READ_OUTSTANDING16_NUM_WRITE_OUTSTANDING16_MAX_READ_BURST_LENGTH16_MAX_WRITE_BURST_LENGTH16_C_M_AXI_ID_WIDTH1_C_M_AXI_ADDR_WIDTH64_C_M_AXI_DATA_WIDTH32_C_M_AXI_AWUSER_WIDTH1_C_M_AXI_ARUSER_WIDTH1_C_M_AXI_WUSER_WIDTH1_C_M_AXI_RUSER_WIDTH1_C_M_AXI_BUSER_WIDTH1_C_USER_VALUE0_C_PROT_VALUE0_C_CACHE_VALUE3_USER_DW32_USER_AW64_USER_MAXREQS7_USER_RFIFONUM_WIDTH9_133
gmem1_m_axi_U/clk_gate_load_unit_buff_rdata_genblk1_U_fifo_mem_mem_reg_8_       3.9900     0.0      0.0000       3.9900 0.0000 SNPS_CLOCK_GATE_HIGH_tinytpu_isa_gmem1_m_axi_CONSERVATIVE1_NUM_READ_OUTSTANDING16_NUM_WRITE_OUTSTANDING16_MAX_READ_BURST_LENGTH16_MAX_WRITE_BURST_LENGTH16_C_M_AXI_ID_WIDTH1_C_M_AXI_ADDR_WIDTH64_C_M_AXI_DATA_WIDTH32_C_M_AXI_AWUSER_WIDTH1_C_M_AXI_ARUSER_WIDTH1_C_M_AXI_WUSER_WIDTH1_C_M_AXI_RUSER_WIDTH1_C_M_AXI_BUSER_WIDTH1_C_USER_VALUE0_C_PROT_VALUE0_C_CACHE_VALUE3_USER_DW32_USER_AW64_USER_MAXREQS7_USER_RFIFONUM_WIDTH9_52
gmem1_m_axi_U/clk_gate_load_unit_buff_rdata_genblk1_U_fifo_mem_mem_reg_90_       3.9900     0.0      0.0000       3.9900 0.0000 SNPS_CLOCK_GATE_HIGH_tinytpu_isa_gmem1_m_axi_CONSERVATIVE1_NUM_READ_OUTSTANDING16_NUM_WRITE_OUTSTANDING16_MAX_READ_BURST_LENGTH16_MAX_WRITE_BURST_LENGTH16_C_M_AXI_ID_WIDTH1_C_M_AXI_ADDR_WIDTH64_C_M_AXI_DATA_WIDTH32_C_M_AXI_AWUSER_WIDTH1_C_M_AXI_ARUSER_WIDTH1_C_M_AXI_WUSER_WIDTH1_C_M_AXI_RUSER_WIDTH1_C_M_AXI_BUSER_WIDTH1_C_USER_VALUE0_C_PROT_VALUE0_C_CACHE_VALUE3_USER_DW32_USER_AW64_USER_MAXREQS7_USER_RFIFONUM_WIDTH9_134
gmem1_m_axi_U/clk_gate_load_unit_buff_rdata_genblk1_U_fifo_mem_mem_reg_91_       3.9900     0.0      0.0000       3.9900 0.0000 SNPS_CLOCK_GATE_HIGH_tinytpu_isa_gmem1_m_axi_CONSERVATIVE1_NUM_READ_OUTSTANDING16_NUM_WRITE_OUTSTANDING16_MAX_READ_BURST_LENGTH16_MAX_WRITE_BURST_LENGTH16_C_M_AXI_ID_WIDTH1_C_M_AXI_ADDR_WIDTH64_C_M_AXI_DATA_WIDTH32_C_M_AXI_AWUSER_WIDTH1_C_M_AXI_ARUSER_WIDTH1_C_M_AXI_WUSER_WIDTH1_C_M_AXI_RUSER_WIDTH1_C_M_AXI_BUSER_WIDTH1_C_USER_VALUE0_C_PROT_VALUE0_C_CACHE_VALUE3_USER_DW32_USER_AW64_USER_MAXREQS7_USER_RFIFONUM_WIDTH9_135
gmem1_m_axi_U/clk_gate_load_unit_buff_rdata_genblk1_U_fifo_mem_mem_reg_92_       3.9900     0.0      0.0000       3.9900 0.0000 SNPS_CLOCK_GATE_HIGH_tinytpu_isa_gmem1_m_axi_CONSERVATIVE1_NUM_READ_OUTSTANDING16_NUM_WRITE_OUTSTANDING16_MAX_READ_BURST_LENGTH16_MAX_WRITE_BURST_LENGTH16_C_M_AXI_ID_WIDTH1_C_M_AXI_ADDR_WIDTH64_C_M_AXI_DATA_WIDTH32_C_M_AXI_AWUSER_WIDTH1_C_M_AXI_ARUSER_WIDTH1_C_M_AXI_WUSER_WIDTH1_C_M_AXI_RUSER_WIDTH1_C_M_AXI_BUSER_WIDTH1_C_USER_VALUE0_C_PROT_VALUE0_C_CACHE_VALUE3_USER_DW32_USER_AW64_USER_MAXREQS7_USER_RFIFONUM_WIDTH9_136
gmem1_m_axi_U/clk_gate_load_unit_buff_rdata_genblk1_U_fifo_mem_mem_reg_93_       3.9900     0.0      0.0000       3.9900 0.0000 SNPS_CLOCK_GATE_HIGH_tinytpu_isa_gmem1_m_axi_CONSERVATIVE1_NUM_READ_OUTSTANDING16_NUM_WRITE_OUTSTANDING16_MAX_READ_BURST_LENGTH16_MAX_WRITE_BURST_LENGTH16_C_M_AXI_ID_WIDTH1_C_M_AXI_ADDR_WIDTH64_C_M_AXI_DATA_WIDTH32_C_M_AXI_AWUSER_WIDTH1_C_M_AXI_ARUSER_WIDTH1_C_M_AXI_WUSER_WIDTH1_C_M_AXI_RUSER_WIDTH1_C_M_AXI_BUSER_WIDTH1_C_USER_VALUE0_C_PROT_VALUE0_C_CACHE_VALUE3_USER_DW32_USER_AW64_USER_MAXREQS7_USER_RFIFONUM_WIDTH9_137
gmem1_m_axi_U/clk_gate_load_unit_buff_rdata_genblk1_U_fifo_mem_mem_reg_94_       3.9900     0.0      0.0000       3.9900 0.0000 SNPS_CLOCK_GATE_HIGH_tinytpu_isa_gmem1_m_axi_CONSERVATIVE1_NUM_READ_OUTSTANDING16_NUM_WRITE_OUTSTANDING16_MAX_READ_BURST_LENGTH16_MAX_WRITE_BURST_LENGTH16_C_M_AXI_ID_WIDTH1_C_M_AXI_ADDR_WIDTH64_C_M_AXI_DATA_WIDTH32_C_M_AXI_AWUSER_WIDTH1_C_M_AXI_ARUSER_WIDTH1_C_M_AXI_WUSER_WIDTH1_C_M_AXI_RUSER_WIDTH1_C_M_AXI_BUSER_WIDTH1_C_USER_VALUE0_C_PROT_VALUE0_C_CACHE_VALUE3_USER_DW32_USER_AW64_USER_MAXREQS7_USER_RFIFONUM_WIDTH9_138
gmem1_m_axi_U/clk_gate_load_unit_buff_rdata_genblk1_U_fifo_mem_mem_reg_95_       3.9900     0.0      0.0000       3.9900 0.0000 SNPS_CLOCK_GATE_HIGH_tinytpu_isa_gmem1_m_axi_CONSERVATIVE1_NUM_READ_OUTSTANDING16_NUM_WRITE_OUTSTANDING16_MAX_READ_BURST_LENGTH16_MAX_WRITE_BURST_LENGTH16_C_M_AXI_ID_WIDTH1_C_M_AXI_ADDR_WIDTH64_C_M_AXI_DATA_WIDTH32_C_M_AXI_AWUSER_WIDTH1_C_M_AXI_ARUSER_WIDTH1_C_M_AXI_WUSER_WIDTH1_C_M_AXI_RUSER_WIDTH1_C_M_AXI_BUSER_WIDTH1_C_USER_VALUE0_C_PROT_VALUE0_C_CACHE_VALUE3_USER_DW32_USER_AW64_USER_MAXREQS7_USER_RFIFONUM_WIDTH9_139
gmem1_m_axi_U/clk_gate_load_unit_buff_rdata_genblk1_U_fifo_mem_mem_reg_96_       3.9900     0.0      0.0000       3.9900 0.0000 SNPS_CLOCK_GATE_HIGH_tinytpu_isa_gmem1_m_axi_CONSERVATIVE1_NUM_READ_OUTSTANDING16_NUM_WRITE_OUTSTANDING16_MAX_READ_BURST_LENGTH16_MAX_WRITE_BURST_LENGTH16_C_M_AXI_ID_WIDTH1_C_M_AXI_ADDR_WIDTH64_C_M_AXI_DATA_WIDTH32_C_M_AXI_AWUSER_WIDTH1_C_M_AXI_ARUSER_WIDTH1_C_M_AXI_WUSER_WIDTH1_C_M_AXI_RUSER_WIDTH1_C_M_AXI_BUSER_WIDTH1_C_USER_VALUE0_C_PROT_VALUE0_C_CACHE_VALUE3_USER_DW32_USER_AW64_USER_MAXREQS7_USER_RFIFONUM_WIDTH9_140
gmem1_m_axi_U/clk_gate_load_unit_buff_rdata_genblk1_U_fifo_mem_mem_reg_97_       3.9900     0.0      0.0000       3.9900 0.0000 SNPS_CLOCK_GATE_HIGH_tinytpu_isa_gmem1_m_axi_CONSERVATIVE1_NUM_READ_OUTSTANDING16_NUM_WRITE_OUTSTANDING16_MAX_READ_BURST_LENGTH16_MAX_WRITE_BURST_LENGTH16_C_M_AXI_ID_WIDTH1_C_M_AXI_ADDR_WIDTH64_C_M_AXI_DATA_WIDTH32_C_M_AXI_AWUSER_WIDTH1_C_M_AXI_ARUSER_WIDTH1_C_M_AXI_WUSER_WIDTH1_C_M_AXI_RUSER_WIDTH1_C_M_AXI_BUSER_WIDTH1_C_USER_VALUE0_C_PROT_VALUE0_C_CACHE_VALUE3_USER_DW32_USER_AW64_USER_MAXREQS7_USER_RFIFONUM_WIDTH9_141
gmem1_m_axi_U/clk_gate_load_unit_buff_rdata_genblk1_U_fifo_mem_mem_reg_98_       3.9900     0.0      0.0000       3.9900 0.0000 SNPS_CLOCK_GATE_HIGH_tinytpu_isa_gmem1_m_axi_CONSERVATIVE1_NUM_READ_OUTSTANDING16_NUM_WRITE_OUTSTANDING16_MAX_READ_BURST_LENGTH16_MAX_WRITE_BURST_LENGTH16_C_M_AXI_ID_WIDTH1_C_M_AXI_ADDR_WIDTH64_C_M_AXI_DATA_WIDTH32_C_M_AXI_AWUSER_WIDTH1_C_M_AXI_ARUSER_WIDTH1_C_M_AXI_WUSER_WIDTH1_C_M_AXI_RUSER_WIDTH1_C_M_AXI_BUSER_WIDTH1_C_USER_VALUE0_C_PROT_VALUE0_C_CACHE_VALUE3_USER_DW32_USER_AW64_USER_MAXREQS7_USER_RFIFONUM_WIDTH9_142
gmem1_m_axi_U/clk_gate_load_unit_buff_rdata_genblk1_U_fifo_mem_mem_reg_99_       3.9900     0.0      0.0000       3.9900 0.0000 SNPS_CLOCK_GATE_HIGH_tinytpu_isa_gmem1_m_axi_CONSERVATIVE1_NUM_READ_OUTSTANDING16_NUM_WRITE_OUTSTANDING16_MAX_READ_BURST_LENGTH16_MAX_WRITE_BURST_LENGTH16_C_M_AXI_ID_WIDTH1_C_M_AXI_ADDR_WIDTH64_C_M_AXI_DATA_WIDTH32_C_M_AXI_AWUSER_WIDTH1_C_M_AXI_ARUSER_WIDTH1_C_M_AXI_WUSER_WIDTH1_C_M_AXI_RUSER_WIDTH1_C_M_AXI_BUSER_WIDTH1_C_USER_VALUE0_C_PROT_VALUE0_C_CACHE_VALUE3_USER_DW32_USER_AW64_USER_MAXREQS7_USER_RFIFONUM_WIDTH9_143
gmem1_m_axi_U/clk_gate_load_unit_buff_rdata_genblk1_U_fifo_mem_mem_reg_9_       3.9900     0.0      0.0000       3.9900 0.0000 SNPS_CLOCK_GATE_HIGH_tinytpu_isa_gmem1_m_axi_CONSERVATIVE1_NUM_READ_OUTSTANDING16_NUM_WRITE_OUTSTANDING16_MAX_READ_BURST_LENGTH16_MAX_WRITE_BURST_LENGTH16_C_M_AXI_ID_WIDTH1_C_M_AXI_ADDR_WIDTH64_C_M_AXI_DATA_WIDTH32_C_M_AXI_AWUSER_WIDTH1_C_M_AXI_ARUSER_WIDTH1_C_M_AXI_WUSER_WIDTH1_C_M_AXI_RUSER_WIDTH1_C_M_AXI_BUSER_WIDTH1_C_USER_VALUE0_C_PROT_VALUE0_C_CACHE_VALUE3_USER_DW32_USER_AW64_USER_MAXREQS7_USER_RFIFONUM_WIDTH9_53
gmem1_m_axi_U/clk_gate_load_unit_buff_rdata_genblk1_waddr_reg       3.9900     0.0      0.0000       3.9900 0.0000 SNPS_CLOCK_GATE_HIGH_tinytpu_isa_gmem1_m_axi_CONSERVATIVE1_NUM_READ_OUTSTANDING16_NUM_WRITE_OUTSTANDING16_MAX_READ_BURST_LENGTH16_MAX_WRITE_BURST_LENGTH16_C_M_AXI_ID_WIDTH1_C_M_AXI_ADDR_WIDTH64_C_M_AXI_DATA_WIDTH32_C_M_AXI_AWUSER_WIDTH1_C_M_AXI_ARUSER_WIDTH1_C_M_AXI_WUSER_WIDTH1_C_M_AXI_RUSER_WIDTH1_C_M_AXI_BUSER_WIDTH1_C_USER_VALUE0_C_PROT_VALUE0_C_CACHE_VALUE3_USER_DW32_USER_AW64_USER_MAXREQS7_USER_RFIFONUM_WIDTH9_300
gmem1_m_axi_U/clk_gate_load_unit_fifo_rreq_empty_n_reg       3.9900     0.0      0.0000       3.9900 0.0000 SNPS_CLOCK_GATE_HIGH_tinytpu_isa_gmem1_m_axi_CONSERVATIVE1_NUM_READ_OUTSTANDING16_NUM_WRITE_OUTSTANDING16_MAX_READ_BURST_LENGTH16_MAX_WRITE_BURST_LENGTH16_C_M_AXI_ID_WIDTH1_C_M_AXI_ADDR_WIDTH64_C_M_AXI_DATA_WIDTH32_C_M_AXI_AWUSER_WIDTH1_C_M_AXI_ARUSER_WIDTH1_C_M_AXI_WUSER_WIDTH1_C_M_AXI_RUSER_WIDTH1_C_M_AXI_BUSER_WIDTH1_C_USER_VALUE0_C_PROT_VALUE0_C_CACHE_VALUE3_USER_DW32_USER_AW64_USER_MAXREQS7_USER_RFIFONUM_WIDTH9_305
gmem1_m_axi_U/clk_gate_load_unit_fifo_rreq_genblk1_U_fifo_srl_dout_reg       3.9900     0.0      0.0000       3.9900 0.0000 SNPS_CLOCK_GATE_HIGH_tinytpu_isa_gmem1_m_axi_CONSERVATIVE1_NUM_READ_OUTSTANDING16_NUM_WRITE_OUTSTANDING16_MAX_READ_BURST_LENGTH16_MAX_WRITE_BURST_LENGTH16_C_M_AXI_ID_WIDTH1_C_M_AXI_ADDR_WIDTH64_C_M_AXI_DATA_WIDTH32_C_M_AXI_AWUSER_WIDTH1_C_M_AXI_ARUSER_WIDTH1_C_M_AXI_WUSER_WIDTH1_C_M_AXI_RUSER_WIDTH1_C_M_AXI_BUSER_WIDTH1_C_USER_VALUE0_C_PROT_VALUE0_C_CACHE_VALUE3_USER_DW32_USER_AW64_USER_MAXREQS7_USER_RFIFONUM_WIDTH9_303
gmem1_m_axi_U/clk_gate_load_unit_fifo_rreq_genblk1_U_fifo_srl_genblk1_mem_reg_5_       3.9900     0.0      0.0000       3.9900 0.0000 SNPS_CLOCK_GATE_HIGH_tinytpu_isa_gmem1_m_axi_CONSERVATIVE1_NUM_READ_OUTSTANDING16_NUM_WRITE_OUTSTANDING16_MAX_READ_BURST_LENGTH16_MAX_WRITE_BURST_LENGTH16_C_M_AXI_ID_WIDTH1_C_M_AXI_ADDR_WIDTH64_C_M_AXI_DATA_WIDTH32_C_M_AXI_AWUSER_WIDTH1_C_M_AXI_ARUSER_WIDTH1_C_M_AXI_WUSER_WIDTH1_C_M_AXI_RUSER_WIDTH1_C_M_AXI_BUSER_WIDTH1_C_USER_VALUE0_C_PROT_VALUE0_C_CACHE_VALUE3_USER_DW32_USER_AW64_USER_MAXREQS7_USER_RFIFONUM_WIDTH9_302
gmem1_m_axi_U/clk_gate_load_unit_fifo_rreq_genblk1_raddr_reg       3.9900     0.0      0.0000       3.9900 0.0000 SNPS_CLOCK_GATE_HIGH_tinytpu_isa_gmem1_m_axi_CONSERVATIVE1_NUM_READ_OUTSTANDING16_NUM_WRITE_OUTSTANDING16_MAX_READ_BURST_LENGTH16_MAX_WRITE_BURST_LENGTH16_C_M_AXI_ID_WIDTH1_C_M_AXI_ADDR_WIDTH64_C_M_AXI_DATA_WIDTH32_C_M_AXI_AWUSER_WIDTH1_C_M_AXI_ARUSER_WIDTH1_C_M_AXI_WUSER_WIDTH1_C_M_AXI_RUSER_WIDTH1_C_M_AXI_BUSER_WIDTH1_C_USER_VALUE0_C_PROT_VALUE0_C_CACHE_VALUE3_USER_DW32_USER_AW64_USER_MAXREQS7_USER_RFIFONUM_WIDTH9_304
gmem1_m_axi_U/clk_gate_load_unit_tmp_len_reg       3.9900     0.0      0.0000       3.9900 0.0000 SNPS_CLOCK_GATE_HIGH_tinytpu_isa_gmem1_m_axi_CONSERVATIVE1_NUM_READ_OUTSTANDING16_NUM_WRITE_OUTSTANDING16_MAX_READ_BURST_LENGTH16_MAX_WRITE_BURST_LENGTH16_C_M_AXI_ID_WIDTH1_C_M_AXI_ADDR_WIDTH64_C_M_AXI_DATA_WIDTH32_C_M_AXI_AWUSER_WIDTH1_C_M_AXI_ARUSER_WIDTH1_C_M_AXI_WUSER_WIDTH1_C_M_AXI_RUSER_WIDTH1_C_M_AXI_BUSER_WIDTH1_C_USER_VALUE0_C_PROT_VALUE0_C_CACHE_VALUE3_USER_DW32_USER_AW64_USER_MAXREQS7_USER_RFIFONUM_WIDTH9_308
gmem2_m_axi_U                       56661.4566      4.1   11466.1962    44094.0204  0.0000  tinytpu_isa_gmem2_m_axi_CONSERVATIVE1_NUM_READ_OUTSTANDING16_NUM_WRITE_OUTSTANDING16_MAX_READ_BURST_LENGTH16_MAX_WRITE_BURST_LENGTH16_C_M_AXI_ID_WIDTH1_C_M_AXI_ADDR_WIDTH64_C_M_AXI_DATA_WIDTH32_C_M_AXI_AWUSER_WIDTH1_C_M_AXI_ARUSER_WIDTH1_C_M_AXI_WUSER_WIDTH1_C_M_AXI_RUSER_WIDTH1_C_M_AXI_BUSER_WIDTH1_C_USER_VALUE0_C_PROT_VALUE0_C_CACHE_VALUE3_USER_DW32_USER_AW64_USER_MAXREQS7_USER_RFIFONUM_WIDTH9
gmem2_m_axi_U/clk_gate_bus_read_fifo_burst_empty_n_reg       3.9900     0.0      0.0000       3.9900 0.0000 SNPS_CLOCK_GATE_HIGH_tinytpu_isa_gmem2_m_axi_CONSERVATIVE1_NUM_READ_OUTSTANDING16_NUM_WRITE_OUTSTANDING16_MAX_READ_BURST_LENGTH16_MAX_WRITE_BURST_LENGTH16_C_M_AXI_ID_WIDTH1_C_M_AXI_ADDR_WIDTH64_C_M_AXI_DATA_WIDTH32_C_M_AXI_AWUSER_WIDTH1_C_M_AXI_ARUSER_WIDTH1_C_M_AXI_WUSER_WIDTH1_C_M_AXI_RUSER_WIDTH1_C_M_AXI_BUSER_WIDTH1_C_USER_VALUE0_C_PROT_VALUE0_C_CACHE_VALUE3_USER_DW32_USER_AW64_USER_MAXREQS7_USER_RFIFONUM_WIDTH9_5
gmem2_m_axi_U/clk_gate_bus_read_fifo_burst_genblk1_raddr_reg       3.9900     0.0      0.0000       3.9900 0.0000 SNPS_CLOCK_GATE_HIGH_tinytpu_isa_gmem2_m_axi_CONSERVATIVE1_NUM_READ_OUTSTANDING16_NUM_WRITE_OUTSTANDING16_MAX_READ_BURST_LENGTH16_MAX_WRITE_BURST_LENGTH16_C_M_AXI_ID_WIDTH1_C_M_AXI_ADDR_WIDTH64_C_M_AXI_DATA_WIDTH32_C_M_AXI_AWUSER_WIDTH1_C_M_AXI_ARUSER_WIDTH1_C_M_AXI_WUSER_WIDTH1_C_M_AXI_RUSER_WIDTH1_C_M_AXI_BUSER_WIDTH1_C_USER_VALUE0_C_PROT_VALUE0_C_CACHE_VALUE3_USER_DW32_USER_AW64_USER_MAXREQS7_USER_RFIFONUM_WIDTH9_4
gmem2_m_axi_U/clk_gate_bus_read_fifo_rctl_empty_n_reg       3.9900     0.0      0.0000       3.9900 0.0000 SNPS_CLOCK_GATE_HIGH_tinytpu_isa_gmem2_m_axi_CONSERVATIVE1_NUM_READ_OUTSTANDING16_NUM_WRITE_OUTSTANDING16_MAX_READ_BURST_LENGTH16_MAX_WRITE_BURST_LENGTH16_C_M_AXI_ID_WIDTH1_C_M_AXI_ADDR_WIDTH64_C_M_AXI_DATA_WIDTH32_C_M_AXI_AWUSER_WIDTH1_C_M_AXI_ARUSER_WIDTH1_C_M_AXI_WUSER_WIDTH1_C_M_AXI_RUSER_WIDTH1_C_M_AXI_BUSER_WIDTH1_C_USER_VALUE0_C_PROT_VALUE0_C_CACHE_VALUE3_USER_DW32_USER_AW64_USER_MAXREQS7_USER_RFIFONUM_WIDTH9_7
gmem2_m_axi_U/clk_gate_bus_read_fifo_rctl_genblk1_raddr_reg       3.9900     0.0      0.0000       3.9900 0.0000 SNPS_CLOCK_GATE_HIGH_tinytpu_isa_gmem2_m_axi_CONSERVATIVE1_NUM_READ_OUTSTANDING16_NUM_WRITE_OUTSTANDING16_MAX_READ_BURST_LENGTH16_MAX_WRITE_BURST_LENGTH16_C_M_AXI_ID_WIDTH1_C_M_AXI_ADDR_WIDTH64_C_M_AXI_DATA_WIDTH32_C_M_AXI_AWUSER_WIDTH1_C_M_AXI_ARUSER_WIDTH1_C_M_AXI_WUSER_WIDTH1_C_M_AXI_RUSER_WIDTH1_C_M_AXI_BUSER_WIDTH1_C_USER_VALUE0_C_PROT_VALUE0_C_CACHE_VALUE3_USER_DW32_USER_AW64_USER_MAXREQS7_USER_RFIFONUM_WIDTH9_6
gmem2_m_axi_U/clk_gate_bus_read_rreq_burst_conv_could_multi_bursts_addr_step_reg       3.9900     0.0      0.0000       3.9900 0.0000 SNPS_CLOCK_GATE_HIGH_tinytpu_isa_gmem2_m_axi_CONSERVATIVE1_NUM_READ_OUTSTANDING16_NUM_WRITE_OUTSTANDING16_MAX_READ_BURST_LENGTH16_MAX_WRITE_BURST_LENGTH16_C_M_AXI_ID_WIDTH1_C_M_AXI_ADDR_WIDTH64_C_M_AXI_DATA_WIDTH32_C_M_AXI_AWUSER_WIDTH1_C_M_AXI_ARUSER_WIDTH1_C_M_AXI_WUSER_WIDTH1_C_M_AXI_RUSER_WIDTH1_C_M_AXI_BUSER_WIDTH1_C_USER_VALUE0_C_PROT_VALUE0_C_CACHE_VALUE3_USER_DW32_USER_AW64_USER_MAXREQS7_USER_RFIFONUM_WIDTH9_22
gmem2_m_axi_U/clk_gate_bus_read_rreq_burst_conv_could_multi_bursts_last_loop_reg       3.9900     0.0      0.0000       3.9900 0.0000 SNPS_CLOCK_GATE_HIGH_tinytpu_isa_gmem2_m_axi_CONSERVATIVE1_NUM_READ_OUTSTANDING16_NUM_WRITE_OUTSTANDING16_MAX_READ_BURST_LENGTH16_MAX_WRITE_BURST_LENGTH16_C_M_AXI_ID_WIDTH1_C_M_AXI_ADDR_WIDTH64_C_M_AXI_DATA_WIDTH32_C_M_AXI_AWUSER_WIDTH1_C_M_AXI_ARUSER_WIDTH1_C_M_AXI_WUSER_WIDTH1_C_M_AXI_RUSER_WIDTH1_C_M_AXI_BUSER_WIDTH1_C_USER_VALUE0_C_PROT_VALUE0_C_CACHE_VALUE3_USER_DW32_USER_AW64_USER_MAXREQS7_USER_RFIFONUM_WIDTH9_21
gmem2_m_axi_U/clk_gate_bus_read_rreq_burst_conv_end_from_4k_reg       3.9900     0.0      0.0000       3.9900 0.0000 SNPS_CLOCK_GATE_HIGH_tinytpu_isa_gmem2_m_axi_CONSERVATIVE1_NUM_READ_OUTSTANDING16_NUM_WRITE_OUTSTANDING16_MAX_READ_BURST_LENGTH16_MAX_WRITE_BURST_LENGTH16_C_M_AXI_ID_WIDTH1_C_M_AXI_ADDR_WIDTH64_C_M_AXI_DATA_WIDTH32_C_M_AXI_AWUSER_WIDTH1_C_M_AXI_ARUSER_WIDTH1_C_M_AXI_WUSER_WIDTH1_C_M_AXI_RUSER_WIDTH1_C_M_AXI_BUSER_WIDTH1_C_USER_VALUE0_C_PROT_VALUE0_C_CACHE_VALUE3_USER_DW32_USER_AW64_USER_MAXREQS7_USER_RFIFONUM_WIDTH9_18
gmem2_m_axi_U/clk_gate_bus_read_rreq_burst_conv_last_sect_buf_reg       3.9900     0.0      0.0000       3.9900 0.0000 SNPS_CLOCK_GATE_HIGH_tinytpu_isa_gmem2_m_axi_CONSERVATIVE1_NUM_READ_OUTSTANDING16_NUM_WRITE_OUTSTANDING16_MAX_READ_BURST_LENGTH16_MAX_WRITE_BURST_LENGTH16_C_M_AXI_ID_WIDTH1_C_M_AXI_ADDR_WIDTH64_C_M_AXI_DATA_WIDTH32_C_M_AXI_AWUSER_WIDTH1_C_M_AXI_ARUSER_WIDTH1_C_M_AXI_WUSER_WIDTH1_C_M_AXI_RUSER_WIDTH1_C_M_AXI_BUSER_WIDTH1_C_USER_VALUE0_C_PROT_VALUE0_C_CACHE_VALUE3_USER_DW32_USER_AW64_USER_MAXREQS7_USER_RFIFONUM_WIDTH9_20
gmem2_m_axi_U/clk_gate_bus_read_rreq_burst_conv_last_sect_reg       3.9900     0.0      0.0000       3.9900 0.0000 SNPS_CLOCK_GATE_HIGH_tinytpu_isa_gmem2_m_axi_CONSERVATIVE1_NUM_READ_OUTSTANDING16_NUM_WRITE_OUTSTANDING16_MAX_READ_BURST_LENGTH16_MAX_WRITE_BURST_LENGTH16_C_M_AXI_ID_WIDTH1_C_M_AXI_ADDR_WIDTH64_C_M_AXI_DATA_WIDTH32_C_M_AXI_AWUSER_WIDTH1_C_M_AXI_ARUSER_WIDTH1_C_M_AXI_WUSER_WIDTH1_C_M_AXI_RUSER_WIDTH1_C_M_AXI_BUSER_WIDTH1_C_USER_VALUE0_C_PROT_VALUE0_C_CACHE_VALUE3_USER_DW32_USER_AW64_USER_MAXREQS7_USER_RFIFONUM_WIDTH9_19
gmem2_m_axi_U/clk_gate_bus_read_rreq_burst_conv_rs_req_data_p1_reg       3.9900     0.0      0.0000       3.9900 0.0000 SNPS_CLOCK_GATE_HIGH_tinytpu_isa_gmem2_m_axi_CONSERVATIVE1_NUM_READ_OUTSTANDING16_NUM_WRITE_OUTSTANDING16_MAX_READ_BURST_LENGTH16_MAX_WRITE_BURST_LENGTH16_C_M_AXI_ID_WIDTH1_C_M_AXI_ADDR_WIDTH64_C_M_AXI_DATA_WIDTH32_C_M_AXI_AWUSER_WIDTH1_C_M_AXI_ARUSER_WIDTH1_C_M_AXI_WUSER_WIDTH1_C_M_AXI_RUSER_WIDTH1_C_M_AXI_BUSER_WIDTH1_C_USER_VALUE0_C_PROT_VALUE0_C_CACHE_VALUE3_USER_DW32_USER_AW64_USER_MAXREQS7_USER_RFIFONUM_WIDTH9_14
gmem2_m_axi_U/clk_gate_bus_read_rreq_burst_conv_rs_req_data_p2_reg       3.9900     0.0      0.0000       3.9900 0.0000 SNPS_CLOCK_GATE_HIGH_tinytpu_isa_gmem2_m_axi_CONSERVATIVE1_NUM_READ_OUTSTANDING16_NUM_WRITE_OUTSTANDING16_MAX_READ_BURST_LENGTH16_MAX_WRITE_BURST_LENGTH16_C_M_AXI_ID_WIDTH1_C_M_AXI_ADDR_WIDTH64_C_M_AXI_DATA_WIDTH32_C_M_AXI_AWUSER_WIDTH1_C_M_AXI_ARUSER_WIDTH1_C_M_AXI_WUSER_WIDTH1_C_M_AXI_RUSER_WIDTH1_C_M_AXI_BUSER_WIDTH1_C_USER_VALUE0_C_PROT_VALUE0_C_CACHE_VALUE3_USER_DW32_USER_AW64_USER_MAXREQS7_USER_RFIFONUM_WIDTH9_15
gmem2_m_axi_U/clk_gate_bus_read_rs_rdata_data_p1_reg       3.9900     0.0      0.0000       3.9900 0.0000 SNPS_CLOCK_GATE_HIGH_tinytpu_isa_gmem2_m_axi_CONSERVATIVE1_NUM_READ_OUTSTANDING16_NUM_WRITE_OUTSTANDING16_MAX_READ_BURST_LENGTH16_MAX_WRITE_BURST_LENGTH16_C_M_AXI_ID_WIDTH1_C_M_AXI_ADDR_WIDTH64_C_M_AXI_DATA_WIDTH32_C_M_AXI_AWUSER_WIDTH1_C_M_AXI_ARUSER_WIDTH1_C_M_AXI_WUSER_WIDTH1_C_M_AXI_RUSER_WIDTH1_C_M_AXI_BUSER_WIDTH1_C_USER_VALUE0_C_PROT_VALUE0_C_CACHE_VALUE3_USER_DW32_USER_AW64_USER_MAXREQS7_USER_RFIFONUM_WIDTH9_12
gmem2_m_axi_U/clk_gate_bus_read_rs_rdata_data_p2_reg       3.9900     0.0      0.0000       3.9900 0.0000 SNPS_CLOCK_GATE_HIGH_tinytpu_isa_gmem2_m_axi_CONSERVATIVE1_NUM_READ_OUTSTANDING16_NUM_WRITE_OUTSTANDING16_MAX_READ_BURST_LENGTH16_MAX_WRITE_BURST_LENGTH16_C_M_AXI_ID_WIDTH1_C_M_AXI_ADDR_WIDTH64_C_M_AXI_DATA_WIDTH32_C_M_AXI_AWUSER_WIDTH1_C_M_AXI_ARUSER_WIDTH1_C_M_AXI_WUSER_WIDTH1_C_M_AXI_RUSER_WIDTH1_C_M_AXI_BUSER_WIDTH1_C_USER_VALUE0_C_PROT_VALUE0_C_CACHE_VALUE3_USER_DW32_USER_AW64_USER_MAXREQS7_USER_RFIFONUM_WIDTH9_13
gmem2_m_axi_U/clk_gate_load_unit_buff_rdata_empty_n_reg       3.9900     0.0      0.0000       3.9900 0.0000 SNPS_CLOCK_GATE_HIGH_tinytpu_isa_gmem2_m_axi_CONSERVATIVE1_NUM_READ_OUTSTANDING16_NUM_WRITE_OUTSTANDING16_MAX_READ_BURST_LENGTH16_MAX_WRITE_BURST_LENGTH16_C_M_AXI_ID_WIDTH1_C_M_AXI_ADDR_WIDTH64_C_M_AXI_DATA_WIDTH32_C_M_AXI_AWUSER_WIDTH1_C_M_AXI_ARUSER_WIDTH1_C_M_AXI_WUSER_WIDTH1_C_M_AXI_RUSER_WIDTH1_C_M_AXI_BUSER_WIDTH1_C_USER_VALUE0_C_PROT_VALUE0_C_CACHE_VALUE3_USER_DW32_USER_AW64_USER_MAXREQS7_USER_RFIFONUM_WIDTH9_301
gmem2_m_axi_U/clk_gate_load_unit_buff_rdata_genblk1_U_fifo_mem_dout_reg       3.9900     0.0      0.0000       3.9900 0.0000 SNPS_CLOCK_GATE_HIGH_tinytpu_isa_gmem2_m_axi_CONSERVATIVE1_NUM_READ_OUTSTANDING16_NUM_WRITE_OUTSTANDING16_MAX_READ_BURST_LENGTH16_MAX_WRITE_BURST_LENGTH16_C_M_AXI_ID_WIDTH1_C_M_AXI_ADDR_WIDTH64_C_M_AXI_DATA_WIDTH32_C_M_AXI_AWUSER_WIDTH1_C_M_AXI_ARUSER_WIDTH1_C_M_AXI_WUSER_WIDTH1_C_M_AXI_RUSER_WIDTH1_C_M_AXI_BUSER_WIDTH1_C_USER_VALUE0_C_PROT_VALUE0_C_CACHE_VALUE3_USER_DW32_USER_AW64_USER_MAXREQS7_USER_RFIFONUM_WIDTH9_299
gmem2_m_axi_U/clk_gate_load_unit_buff_rdata_genblk1_U_fifo_mem_mem_reg_0_       3.9900     0.0      0.0000       3.9900 0.0000 SNPS_CLOCK_GATE_HIGH_tinytpu_isa_gmem2_m_axi_CONSERVATIVE1_NUM_READ_OUTSTANDING16_NUM_WRITE_OUTSTANDING16_MAX_READ_BURST_LENGTH16_MAX_WRITE_BURST_LENGTH16_C_M_AXI_ID_WIDTH1_C_M_AXI_ADDR_WIDTH64_C_M_AXI_DATA_WIDTH32_C_M_AXI_AWUSER_WIDTH1_C_M_AXI_ARUSER_WIDTH1_C_M_AXI_WUSER_WIDTH1_C_M_AXI_RUSER_WIDTH1_C_M_AXI_BUSER_WIDTH1_C_USER_VALUE0_C_PROT_VALUE0_C_CACHE_VALUE3_USER_DW32_USER_AW64_USER_MAXREQS7_USER_RFIFONUM_WIDTH9_44
gmem2_m_axi_U/clk_gate_load_unit_buff_rdata_genblk1_U_fifo_mem_mem_reg_100_       3.9900     0.0      0.0000       3.9900 0.0000 SNPS_CLOCK_GATE_HIGH_tinytpu_isa_gmem2_m_axi_CONSERVATIVE1_NUM_READ_OUTSTANDING16_NUM_WRITE_OUTSTANDING16_MAX_READ_BURST_LENGTH16_MAX_WRITE_BURST_LENGTH16_C_M_AXI_ID_WIDTH1_C_M_AXI_ADDR_WIDTH64_C_M_AXI_DATA_WIDTH32_C_M_AXI_AWUSER_WIDTH1_C_M_AXI_ARUSER_WIDTH1_C_M_AXI_WUSER_WIDTH1_C_M_AXI_RUSER_WIDTH1_C_M_AXI_BUSER_WIDTH1_C_USER_VALUE0_C_PROT_VALUE0_C_CACHE_VALUE3_USER_DW32_USER_AW64_USER_MAXREQS7_USER_RFIFONUM_WIDTH9_144
gmem2_m_axi_U/clk_gate_load_unit_buff_rdata_genblk1_U_fifo_mem_mem_reg_101_       3.9900     0.0      0.0000       3.9900 0.0000 SNPS_CLOCK_GATE_HIGH_tinytpu_isa_gmem2_m_axi_CONSERVATIVE1_NUM_READ_OUTSTANDING16_NUM_WRITE_OUTSTANDING16_MAX_READ_BURST_LENGTH16_MAX_WRITE_BURST_LENGTH16_C_M_AXI_ID_WIDTH1_C_M_AXI_ADDR_WIDTH64_C_M_AXI_DATA_WIDTH32_C_M_AXI_AWUSER_WIDTH1_C_M_AXI_ARUSER_WIDTH1_C_M_AXI_WUSER_WIDTH1_C_M_AXI_RUSER_WIDTH1_C_M_AXI_BUSER_WIDTH1_C_USER_VALUE0_C_PROT_VALUE0_C_CACHE_VALUE3_USER_DW32_USER_AW64_USER_MAXREQS7_USER_RFIFONUM_WIDTH9_145
gmem2_m_axi_U/clk_gate_load_unit_buff_rdata_genblk1_U_fifo_mem_mem_reg_102_       3.9900     0.0      0.0000       3.9900 0.0000 SNPS_CLOCK_GATE_HIGH_tinytpu_isa_gmem2_m_axi_CONSERVATIVE1_NUM_READ_OUTSTANDING16_NUM_WRITE_OUTSTANDING16_MAX_READ_BURST_LENGTH16_MAX_WRITE_BURST_LENGTH16_C_M_AXI_ID_WIDTH1_C_M_AXI_ADDR_WIDTH64_C_M_AXI_DATA_WIDTH32_C_M_AXI_AWUSER_WIDTH1_C_M_AXI_ARUSER_WIDTH1_C_M_AXI_WUSER_WIDTH1_C_M_AXI_RUSER_WIDTH1_C_M_AXI_BUSER_WIDTH1_C_USER_VALUE0_C_PROT_VALUE0_C_CACHE_VALUE3_USER_DW32_USER_AW64_USER_MAXREQS7_USER_RFIFONUM_WIDTH9_146
gmem2_m_axi_U/clk_gate_load_unit_buff_rdata_genblk1_U_fifo_mem_mem_reg_103_       3.9900     0.0      0.0000       3.9900 0.0000 SNPS_CLOCK_GATE_HIGH_tinytpu_isa_gmem2_m_axi_CONSERVATIVE1_NUM_READ_OUTSTANDING16_NUM_WRITE_OUTSTANDING16_MAX_READ_BURST_LENGTH16_MAX_WRITE_BURST_LENGTH16_C_M_AXI_ID_WIDTH1_C_M_AXI_ADDR_WIDTH64_C_M_AXI_DATA_WIDTH32_C_M_AXI_AWUSER_WIDTH1_C_M_AXI_ARUSER_WIDTH1_C_M_AXI_WUSER_WIDTH1_C_M_AXI_RUSER_WIDTH1_C_M_AXI_BUSER_WIDTH1_C_USER_VALUE0_C_PROT_VALUE0_C_CACHE_VALUE3_USER_DW32_USER_AW64_USER_MAXREQS7_USER_RFIFONUM_WIDTH9_147
gmem2_m_axi_U/clk_gate_load_unit_buff_rdata_genblk1_U_fifo_mem_mem_reg_104_       3.9900     0.0      0.0000       3.9900 0.0000 SNPS_CLOCK_GATE_HIGH_tinytpu_isa_gmem2_m_axi_CONSERVATIVE1_NUM_READ_OUTSTANDING16_NUM_WRITE_OUTSTANDING16_MAX_READ_BURST_LENGTH16_MAX_WRITE_BURST_LENGTH16_C_M_AXI_ID_WIDTH1_C_M_AXI_ADDR_WIDTH64_C_M_AXI_DATA_WIDTH32_C_M_AXI_AWUSER_WIDTH1_C_M_AXI_ARUSER_WIDTH1_C_M_AXI_WUSER_WIDTH1_C_M_AXI_RUSER_WIDTH1_C_M_AXI_BUSER_WIDTH1_C_USER_VALUE0_C_PROT_VALUE0_C_CACHE_VALUE3_USER_DW32_USER_AW64_USER_MAXREQS7_USER_RFIFONUM_WIDTH9_148
gmem2_m_axi_U/clk_gate_load_unit_buff_rdata_genblk1_U_fifo_mem_mem_reg_105_       3.9900     0.0      0.0000       3.9900 0.0000 SNPS_CLOCK_GATE_HIGH_tinytpu_isa_gmem2_m_axi_CONSERVATIVE1_NUM_READ_OUTSTANDING16_NUM_WRITE_OUTSTANDING16_MAX_READ_BURST_LENGTH16_MAX_WRITE_BURST_LENGTH16_C_M_AXI_ID_WIDTH1_C_M_AXI_ADDR_WIDTH64_C_M_AXI_DATA_WIDTH32_C_M_AXI_AWUSER_WIDTH1_C_M_AXI_ARUSER_WIDTH1_C_M_AXI_WUSER_WIDTH1_C_M_AXI_RUSER_WIDTH1_C_M_AXI_BUSER_WIDTH1_C_USER_VALUE0_C_PROT_VALUE0_C_CACHE_VALUE3_USER_DW32_USER_AW64_USER_MAXREQS7_USER_RFIFONUM_WIDTH9_149
gmem2_m_axi_U/clk_gate_load_unit_buff_rdata_genblk1_U_fifo_mem_mem_reg_106_       3.9900     0.0      0.0000       3.9900 0.0000 SNPS_CLOCK_GATE_HIGH_tinytpu_isa_gmem2_m_axi_CONSERVATIVE1_NUM_READ_OUTSTANDING16_NUM_WRITE_OUTSTANDING16_MAX_READ_BURST_LENGTH16_MAX_WRITE_BURST_LENGTH16_C_M_AXI_ID_WIDTH1_C_M_AXI_ADDR_WIDTH64_C_M_AXI_DATA_WIDTH32_C_M_AXI_AWUSER_WIDTH1_C_M_AXI_ARUSER_WIDTH1_C_M_AXI_WUSER_WIDTH1_C_M_AXI_RUSER_WIDTH1_C_M_AXI_BUSER_WIDTH1_C_USER_VALUE0_C_PROT_VALUE0_C_CACHE_VALUE3_USER_DW32_USER_AW64_USER_MAXREQS7_USER_RFIFONUM_WIDTH9_150
gmem2_m_axi_U/clk_gate_load_unit_buff_rdata_genblk1_U_fifo_mem_mem_reg_107_       3.9900     0.0      0.0000       3.9900 0.0000 SNPS_CLOCK_GATE_HIGH_tinytpu_isa_gmem2_m_axi_CONSERVATIVE1_NUM_READ_OUTSTANDING16_NUM_WRITE_OUTSTANDING16_MAX_READ_BURST_LENGTH16_MAX_WRITE_BURST_LENGTH16_C_M_AXI_ID_WIDTH1_C_M_AXI_ADDR_WIDTH64_C_M_AXI_DATA_WIDTH32_C_M_AXI_AWUSER_WIDTH1_C_M_AXI_ARUSER_WIDTH1_C_M_AXI_WUSER_WIDTH1_C_M_AXI_RUSER_WIDTH1_C_M_AXI_BUSER_WIDTH1_C_USER_VALUE0_C_PROT_VALUE0_C_CACHE_VALUE3_USER_DW32_USER_AW64_USER_MAXREQS7_USER_RFIFONUM_WIDTH9_151
gmem2_m_axi_U/clk_gate_load_unit_buff_rdata_genblk1_U_fifo_mem_mem_reg_108_       3.9900     0.0      0.0000       3.9900 0.0000 SNPS_CLOCK_GATE_HIGH_tinytpu_isa_gmem2_m_axi_CONSERVATIVE1_NUM_READ_OUTSTANDING16_NUM_WRITE_OUTSTANDING16_MAX_READ_BURST_LENGTH16_MAX_WRITE_BURST_LENGTH16_C_M_AXI_ID_WIDTH1_C_M_AXI_ADDR_WIDTH64_C_M_AXI_DATA_WIDTH32_C_M_AXI_AWUSER_WIDTH1_C_M_AXI_ARUSER_WIDTH1_C_M_AXI_WUSER_WIDTH1_C_M_AXI_RUSER_WIDTH1_C_M_AXI_BUSER_WIDTH1_C_USER_VALUE0_C_PROT_VALUE0_C_CACHE_VALUE3_USER_DW32_USER_AW64_USER_MAXREQS7_USER_RFIFONUM_WIDTH9_152
gmem2_m_axi_U/clk_gate_load_unit_buff_rdata_genblk1_U_fifo_mem_mem_reg_109_       3.9900     0.0      0.0000       3.9900 0.0000 SNPS_CLOCK_GATE_HIGH_tinytpu_isa_gmem2_m_axi_CONSERVATIVE1_NUM_READ_OUTSTANDING16_NUM_WRITE_OUTSTANDING16_MAX_READ_BURST_LENGTH16_MAX_WRITE_BURST_LENGTH16_C_M_AXI_ID_WIDTH1_C_M_AXI_ADDR_WIDTH64_C_M_AXI_DATA_WIDTH32_C_M_AXI_AWUSER_WIDTH1_C_M_AXI_ARUSER_WIDTH1_C_M_AXI_WUSER_WIDTH1_C_M_AXI_RUSER_WIDTH1_C_M_AXI_BUSER_WIDTH1_C_USER_VALUE0_C_PROT_VALUE0_C_CACHE_VALUE3_USER_DW32_USER_AW64_USER_MAXREQS7_USER_RFIFONUM_WIDTH9_153
gmem2_m_axi_U/clk_gate_load_unit_buff_rdata_genblk1_U_fifo_mem_mem_reg_10_       3.9900     0.0      0.0000       3.9900 0.0000 SNPS_CLOCK_GATE_HIGH_tinytpu_isa_gmem2_m_axi_CONSERVATIVE1_NUM_READ_OUTSTANDING16_NUM_WRITE_OUTSTANDING16_MAX_READ_BURST_LENGTH16_MAX_WRITE_BURST_LENGTH16_C_M_AXI_ID_WIDTH1_C_M_AXI_ADDR_WIDTH64_C_M_AXI_DATA_WIDTH32_C_M_AXI_AWUSER_WIDTH1_C_M_AXI_ARUSER_WIDTH1_C_M_AXI_WUSER_WIDTH1_C_M_AXI_RUSER_WIDTH1_C_M_AXI_BUSER_WIDTH1_C_USER_VALUE0_C_PROT_VALUE0_C_CACHE_VALUE3_USER_DW32_USER_AW64_USER_MAXREQS7_USER_RFIFONUM_WIDTH9_54
gmem2_m_axi_U/clk_gate_load_unit_buff_rdata_genblk1_U_fifo_mem_mem_reg_110_       3.9900     0.0      0.0000       3.9900 0.0000 SNPS_CLOCK_GATE_HIGH_tinytpu_isa_gmem2_m_axi_CONSERVATIVE1_NUM_READ_OUTSTANDING16_NUM_WRITE_OUTSTANDING16_MAX_READ_BURST_LENGTH16_MAX_WRITE_BURST_LENGTH16_C_M_AXI_ID_WIDTH1_C_M_AXI_ADDR_WIDTH64_C_M_AXI_DATA_WIDTH32_C_M_AXI_AWUSER_WIDTH1_C_M_AXI_ARUSER_WIDTH1_C_M_AXI_WUSER_WIDTH1_C_M_AXI_RUSER_WIDTH1_C_M_AXI_BUSER_WIDTH1_C_USER_VALUE0_C_PROT_VALUE0_C_CACHE_VALUE3_USER_DW32_USER_AW64_USER_MAXREQS7_USER_RFIFONUM_WIDTH9_154
gmem2_m_axi_U/clk_gate_load_unit_buff_rdata_genblk1_U_fifo_mem_mem_reg_111_       3.9900     0.0      0.0000       3.9900 0.0000 SNPS_CLOCK_GATE_HIGH_tinytpu_isa_gmem2_m_axi_CONSERVATIVE1_NUM_READ_OUTSTANDING16_NUM_WRITE_OUTSTANDING16_MAX_READ_BURST_LENGTH16_MAX_WRITE_BURST_LENGTH16_C_M_AXI_ID_WIDTH1_C_M_AXI_ADDR_WIDTH64_C_M_AXI_DATA_WIDTH32_C_M_AXI_AWUSER_WIDTH1_C_M_AXI_ARUSER_WIDTH1_C_M_AXI_WUSER_WIDTH1_C_M_AXI_RUSER_WIDTH1_C_M_AXI_BUSER_WIDTH1_C_USER_VALUE0_C_PROT_VALUE0_C_CACHE_VALUE3_USER_DW32_USER_AW64_USER_MAXREQS7_USER_RFIFONUM_WIDTH9_155
gmem2_m_axi_U/clk_gate_load_unit_buff_rdata_genblk1_U_fifo_mem_mem_reg_112_       3.9900     0.0      0.0000       3.9900 0.0000 SNPS_CLOCK_GATE_HIGH_tinytpu_isa_gmem2_m_axi_CONSERVATIVE1_NUM_READ_OUTSTANDING16_NUM_WRITE_OUTSTANDING16_MAX_READ_BURST_LENGTH16_MAX_WRITE_BURST_LENGTH16_C_M_AXI_ID_WIDTH1_C_M_AXI_ADDR_WIDTH64_C_M_AXI_DATA_WIDTH32_C_M_AXI_AWUSER_WIDTH1_C_M_AXI_ARUSER_WIDTH1_C_M_AXI_WUSER_WIDTH1_C_M_AXI_RUSER_WIDTH1_C_M_AXI_BUSER_WIDTH1_C_USER_VALUE0_C_PROT_VALUE0_C_CACHE_VALUE3_USER_DW32_USER_AW64_USER_MAXREQS7_USER_RFIFONUM_WIDTH9_156
gmem2_m_axi_U/clk_gate_load_unit_buff_rdata_genblk1_U_fifo_mem_mem_reg_113_       3.9900     0.0      0.0000       3.9900 0.0000 SNPS_CLOCK_GATE_HIGH_tinytpu_isa_gmem2_m_axi_CONSERVATIVE1_NUM_READ_OUTSTANDING16_NUM_WRITE_OUTSTANDING16_MAX_READ_BURST_LENGTH16_MAX_WRITE_BURST_LENGTH16_C_M_AXI_ID_WIDTH1_C_M_AXI_ADDR_WIDTH64_C_M_AXI_DATA_WIDTH32_C_M_AXI_AWUSER_WIDTH1_C_M_AXI_ARUSER_WIDTH1_C_M_AXI_WUSER_WIDTH1_C_M_AXI_RUSER_WIDTH1_C_M_AXI_BUSER_WIDTH1_C_USER_VALUE0_C_PROT_VALUE0_C_CACHE_VALUE3_USER_DW32_USER_AW64_USER_MAXREQS7_USER_RFIFONUM_WIDTH9_157
gmem2_m_axi_U/clk_gate_load_unit_buff_rdata_genblk1_U_fifo_mem_mem_reg_114_       3.9900     0.0      0.0000       3.9900 0.0000 SNPS_CLOCK_GATE_HIGH_tinytpu_isa_gmem2_m_axi_CONSERVATIVE1_NUM_READ_OUTSTANDING16_NUM_WRITE_OUTSTANDING16_MAX_READ_BURST_LENGTH16_MAX_WRITE_BURST_LENGTH16_C_M_AXI_ID_WIDTH1_C_M_AXI_ADDR_WIDTH64_C_M_AXI_DATA_WIDTH32_C_M_AXI_AWUSER_WIDTH1_C_M_AXI_ARUSER_WIDTH1_C_M_AXI_WUSER_WIDTH1_C_M_AXI_RUSER_WIDTH1_C_M_AXI_BUSER_WIDTH1_C_USER_VALUE0_C_PROT_VALUE0_C_CACHE_VALUE3_USER_DW32_USER_AW64_USER_MAXREQS7_USER_RFIFONUM_WIDTH9_158
gmem2_m_axi_U/clk_gate_load_unit_buff_rdata_genblk1_U_fifo_mem_mem_reg_115_       3.9900     0.0      0.0000       3.9900 0.0000 SNPS_CLOCK_GATE_HIGH_tinytpu_isa_gmem2_m_axi_CONSERVATIVE1_NUM_READ_OUTSTANDING16_NUM_WRITE_OUTSTANDING16_MAX_READ_BURST_LENGTH16_MAX_WRITE_BURST_LENGTH16_C_M_AXI_ID_WIDTH1_C_M_AXI_ADDR_WIDTH64_C_M_AXI_DATA_WIDTH32_C_M_AXI_AWUSER_WIDTH1_C_M_AXI_ARUSER_WIDTH1_C_M_AXI_WUSER_WIDTH1_C_M_AXI_RUSER_WIDTH1_C_M_AXI_BUSER_WIDTH1_C_USER_VALUE0_C_PROT_VALUE0_C_CACHE_VALUE3_USER_DW32_USER_AW64_USER_MAXREQS7_USER_RFIFONUM_WIDTH9_159
gmem2_m_axi_U/clk_gate_load_unit_buff_rdata_genblk1_U_fifo_mem_mem_reg_116_       3.9900     0.0      0.0000       3.9900 0.0000 SNPS_CLOCK_GATE_HIGH_tinytpu_isa_gmem2_m_axi_CONSERVATIVE1_NUM_READ_OUTSTANDING16_NUM_WRITE_OUTSTANDING16_MAX_READ_BURST_LENGTH16_MAX_WRITE_BURST_LENGTH16_C_M_AXI_ID_WIDTH1_C_M_AXI_ADDR_WIDTH64_C_M_AXI_DATA_WIDTH32_C_M_AXI_AWUSER_WIDTH1_C_M_AXI_ARUSER_WIDTH1_C_M_AXI_WUSER_WIDTH1_C_M_AXI_RUSER_WIDTH1_C_M_AXI_BUSER_WIDTH1_C_USER_VALUE0_C_PROT_VALUE0_C_CACHE_VALUE3_USER_DW32_USER_AW64_USER_MAXREQS7_USER_RFIFONUM_WIDTH9_160
gmem2_m_axi_U/clk_gate_load_unit_buff_rdata_genblk1_U_fifo_mem_mem_reg_117_       3.9900     0.0      0.0000       3.9900 0.0000 SNPS_CLOCK_GATE_HIGH_tinytpu_isa_gmem2_m_axi_CONSERVATIVE1_NUM_READ_OUTSTANDING16_NUM_WRITE_OUTSTANDING16_MAX_READ_BURST_LENGTH16_MAX_WRITE_BURST_LENGTH16_C_M_AXI_ID_WIDTH1_C_M_AXI_ADDR_WIDTH64_C_M_AXI_DATA_WIDTH32_C_M_AXI_AWUSER_WIDTH1_C_M_AXI_ARUSER_WIDTH1_C_M_AXI_WUSER_WIDTH1_C_M_AXI_RUSER_WIDTH1_C_M_AXI_BUSER_WIDTH1_C_USER_VALUE0_C_PROT_VALUE0_C_CACHE_VALUE3_USER_DW32_USER_AW64_USER_MAXREQS7_USER_RFIFONUM_WIDTH9_161
gmem2_m_axi_U/clk_gate_load_unit_buff_rdata_genblk1_U_fifo_mem_mem_reg_118_       3.9900     0.0      0.0000       3.9900 0.0000 SNPS_CLOCK_GATE_HIGH_tinytpu_isa_gmem2_m_axi_CONSERVATIVE1_NUM_READ_OUTSTANDING16_NUM_WRITE_OUTSTANDING16_MAX_READ_BURST_LENGTH16_MAX_WRITE_BURST_LENGTH16_C_M_AXI_ID_WIDTH1_C_M_AXI_ADDR_WIDTH64_C_M_AXI_DATA_WIDTH32_C_M_AXI_AWUSER_WIDTH1_C_M_AXI_ARUSER_WIDTH1_C_M_AXI_WUSER_WIDTH1_C_M_AXI_RUSER_WIDTH1_C_M_AXI_BUSER_WIDTH1_C_USER_VALUE0_C_PROT_VALUE0_C_CACHE_VALUE3_USER_DW32_USER_AW64_USER_MAXREQS7_USER_RFIFONUM_WIDTH9_162
gmem2_m_axi_U/clk_gate_load_unit_buff_rdata_genblk1_U_fifo_mem_mem_reg_119_       3.9900     0.0      0.0000       3.9900 0.0000 SNPS_CLOCK_GATE_HIGH_tinytpu_isa_gmem2_m_axi_CONSERVATIVE1_NUM_READ_OUTSTANDING16_NUM_WRITE_OUTSTANDING16_MAX_READ_BURST_LENGTH16_MAX_WRITE_BURST_LENGTH16_C_M_AXI_ID_WIDTH1_C_M_AXI_ADDR_WIDTH64_C_M_AXI_DATA_WIDTH32_C_M_AXI_AWUSER_WIDTH1_C_M_AXI_ARUSER_WIDTH1_C_M_AXI_WUSER_WIDTH1_C_M_AXI_RUSER_WIDTH1_C_M_AXI_BUSER_WIDTH1_C_USER_VALUE0_C_PROT_VALUE0_C_CACHE_VALUE3_USER_DW32_USER_AW64_USER_MAXREQS7_USER_RFIFONUM_WIDTH9_163
gmem2_m_axi_U/clk_gate_load_unit_buff_rdata_genblk1_U_fifo_mem_mem_reg_11_       3.9900     0.0      0.0000       3.9900 0.0000 SNPS_CLOCK_GATE_HIGH_tinytpu_isa_gmem2_m_axi_CONSERVATIVE1_NUM_READ_OUTSTANDING16_NUM_WRITE_OUTSTANDING16_MAX_READ_BURST_LENGTH16_MAX_WRITE_BURST_LENGTH16_C_M_AXI_ID_WIDTH1_C_M_AXI_ADDR_WIDTH64_C_M_AXI_DATA_WIDTH32_C_M_AXI_AWUSER_WIDTH1_C_M_AXI_ARUSER_WIDTH1_C_M_AXI_WUSER_WIDTH1_C_M_AXI_RUSER_WIDTH1_C_M_AXI_BUSER_WIDTH1_C_USER_VALUE0_C_PROT_VALUE0_C_CACHE_VALUE3_USER_DW32_USER_AW64_USER_MAXREQS7_USER_RFIFONUM_WIDTH9_55
gmem2_m_axi_U/clk_gate_load_unit_buff_rdata_genblk1_U_fifo_mem_mem_reg_120_       3.9900     0.0      0.0000       3.9900 0.0000 SNPS_CLOCK_GATE_HIGH_tinytpu_isa_gmem2_m_axi_CONSERVATIVE1_NUM_READ_OUTSTANDING16_NUM_WRITE_OUTSTANDING16_MAX_READ_BURST_LENGTH16_MAX_WRITE_BURST_LENGTH16_C_M_AXI_ID_WIDTH1_C_M_AXI_ADDR_WIDTH64_C_M_AXI_DATA_WIDTH32_C_M_AXI_AWUSER_WIDTH1_C_M_AXI_ARUSER_WIDTH1_C_M_AXI_WUSER_WIDTH1_C_M_AXI_RUSER_WIDTH1_C_M_AXI_BUSER_WIDTH1_C_USER_VALUE0_C_PROT_VALUE0_C_CACHE_VALUE3_USER_DW32_USER_AW64_USER_MAXREQS7_USER_RFIFONUM_WIDTH9_164
gmem2_m_axi_U/clk_gate_load_unit_buff_rdata_genblk1_U_fifo_mem_mem_reg_121_       3.9900     0.0      0.0000       3.9900 0.0000 SNPS_CLOCK_GATE_HIGH_tinytpu_isa_gmem2_m_axi_CONSERVATIVE1_NUM_READ_OUTSTANDING16_NUM_WRITE_OUTSTANDING16_MAX_READ_BURST_LENGTH16_MAX_WRITE_BURST_LENGTH16_C_M_AXI_ID_WIDTH1_C_M_AXI_ADDR_WIDTH64_C_M_AXI_DATA_WIDTH32_C_M_AXI_AWUSER_WIDTH1_C_M_AXI_ARUSER_WIDTH1_C_M_AXI_WUSER_WIDTH1_C_M_AXI_RUSER_WIDTH1_C_M_AXI_BUSER_WIDTH1_C_USER_VALUE0_C_PROT_VALUE0_C_CACHE_VALUE3_USER_DW32_USER_AW64_USER_MAXREQS7_USER_RFIFONUM_WIDTH9_165
gmem2_m_axi_U/clk_gate_load_unit_buff_rdata_genblk1_U_fifo_mem_mem_reg_122_       3.9900     0.0      0.0000       3.9900 0.0000 SNPS_CLOCK_GATE_HIGH_tinytpu_isa_gmem2_m_axi_CONSERVATIVE1_NUM_READ_OUTSTANDING16_NUM_WRITE_OUTSTANDING16_MAX_READ_BURST_LENGTH16_MAX_WRITE_BURST_LENGTH16_C_M_AXI_ID_WIDTH1_C_M_AXI_ADDR_WIDTH64_C_M_AXI_DATA_WIDTH32_C_M_AXI_AWUSER_WIDTH1_C_M_AXI_ARUSER_WIDTH1_C_M_AXI_WUSER_WIDTH1_C_M_AXI_RUSER_WIDTH1_C_M_AXI_BUSER_WIDTH1_C_USER_VALUE0_C_PROT_VALUE0_C_CACHE_VALUE3_USER_DW32_USER_AW64_USER_MAXREQS7_USER_RFIFONUM_WIDTH9_166
gmem2_m_axi_U/clk_gate_load_unit_buff_rdata_genblk1_U_fifo_mem_mem_reg_123_       3.9900     0.0      0.0000       3.9900 0.0000 SNPS_CLOCK_GATE_HIGH_tinytpu_isa_gmem2_m_axi_CONSERVATIVE1_NUM_READ_OUTSTANDING16_NUM_WRITE_OUTSTANDING16_MAX_READ_BURST_LENGTH16_MAX_WRITE_BURST_LENGTH16_C_M_AXI_ID_WIDTH1_C_M_AXI_ADDR_WIDTH64_C_M_AXI_DATA_WIDTH32_C_M_AXI_AWUSER_WIDTH1_C_M_AXI_ARUSER_WIDTH1_C_M_AXI_WUSER_WIDTH1_C_M_AXI_RUSER_WIDTH1_C_M_AXI_BUSER_WIDTH1_C_USER_VALUE0_C_PROT_VALUE0_C_CACHE_VALUE3_USER_DW32_USER_AW64_USER_MAXREQS7_USER_RFIFONUM_WIDTH9_167
gmem2_m_axi_U/clk_gate_load_unit_buff_rdata_genblk1_U_fifo_mem_mem_reg_124_       3.9900     0.0      0.0000       3.9900 0.0000 SNPS_CLOCK_GATE_HIGH_tinytpu_isa_gmem2_m_axi_CONSERVATIVE1_NUM_READ_OUTSTANDING16_NUM_WRITE_OUTSTANDING16_MAX_READ_BURST_LENGTH16_MAX_WRITE_BURST_LENGTH16_C_M_AXI_ID_WIDTH1_C_M_AXI_ADDR_WIDTH64_C_M_AXI_DATA_WIDTH32_C_M_AXI_AWUSER_WIDTH1_C_M_AXI_ARUSER_WIDTH1_C_M_AXI_WUSER_WIDTH1_C_M_AXI_RUSER_WIDTH1_C_M_AXI_BUSER_WIDTH1_C_USER_VALUE0_C_PROT_VALUE0_C_CACHE_VALUE3_USER_DW32_USER_AW64_USER_MAXREQS7_USER_RFIFONUM_WIDTH9_168
gmem2_m_axi_U/clk_gate_load_unit_buff_rdata_genblk1_U_fifo_mem_mem_reg_125_       3.9900     0.0      0.0000       3.9900 0.0000 SNPS_CLOCK_GATE_HIGH_tinytpu_isa_gmem2_m_axi_CONSERVATIVE1_NUM_READ_OUTSTANDING16_NUM_WRITE_OUTSTANDING16_MAX_READ_BURST_LENGTH16_MAX_WRITE_BURST_LENGTH16_C_M_AXI_ID_WIDTH1_C_M_AXI_ADDR_WIDTH64_C_M_AXI_DATA_WIDTH32_C_M_AXI_AWUSER_WIDTH1_C_M_AXI_ARUSER_WIDTH1_C_M_AXI_WUSER_WIDTH1_C_M_AXI_RUSER_WIDTH1_C_M_AXI_BUSER_WIDTH1_C_USER_VALUE0_C_PROT_VALUE0_C_CACHE_VALUE3_USER_DW32_USER_AW64_USER_MAXREQS7_USER_RFIFONUM_WIDTH9_169
gmem2_m_axi_U/clk_gate_load_unit_buff_rdata_genblk1_U_fifo_mem_mem_reg_126_       3.9900     0.0      0.0000       3.9900 0.0000 SNPS_CLOCK_GATE_HIGH_tinytpu_isa_gmem2_m_axi_CONSERVATIVE1_NUM_READ_OUTSTANDING16_NUM_WRITE_OUTSTANDING16_MAX_READ_BURST_LENGTH16_MAX_WRITE_BURST_LENGTH16_C_M_AXI_ID_WIDTH1_C_M_AXI_ADDR_WIDTH64_C_M_AXI_DATA_WIDTH32_C_M_AXI_AWUSER_WIDTH1_C_M_AXI_ARUSER_WIDTH1_C_M_AXI_WUSER_WIDTH1_C_M_AXI_RUSER_WIDTH1_C_M_AXI_BUSER_WIDTH1_C_USER_VALUE0_C_PROT_VALUE0_C_CACHE_VALUE3_USER_DW32_USER_AW64_USER_MAXREQS7_USER_RFIFONUM_WIDTH9_170
gmem2_m_axi_U/clk_gate_load_unit_buff_rdata_genblk1_U_fifo_mem_mem_reg_127_       3.9900     0.0      0.0000       3.9900 0.0000 SNPS_CLOCK_GATE_HIGH_tinytpu_isa_gmem2_m_axi_CONSERVATIVE1_NUM_READ_OUTSTANDING16_NUM_WRITE_OUTSTANDING16_MAX_READ_BURST_LENGTH16_MAX_WRITE_BURST_LENGTH16_C_M_AXI_ID_WIDTH1_C_M_AXI_ADDR_WIDTH64_C_M_AXI_DATA_WIDTH32_C_M_AXI_AWUSER_WIDTH1_C_M_AXI_ARUSER_WIDTH1_C_M_AXI_WUSER_WIDTH1_C_M_AXI_RUSER_WIDTH1_C_M_AXI_BUSER_WIDTH1_C_USER_VALUE0_C_PROT_VALUE0_C_CACHE_VALUE3_USER_DW32_USER_AW64_USER_MAXREQS7_USER_RFIFONUM_WIDTH9_171
gmem2_m_axi_U/clk_gate_load_unit_buff_rdata_genblk1_U_fifo_mem_mem_reg_128_       3.9900     0.0      0.0000       3.9900 0.0000 SNPS_CLOCK_GATE_HIGH_tinytpu_isa_gmem2_m_axi_CONSERVATIVE1_NUM_READ_OUTSTANDING16_NUM_WRITE_OUTSTANDING16_MAX_READ_BURST_LENGTH16_MAX_WRITE_BURST_LENGTH16_C_M_AXI_ID_WIDTH1_C_M_AXI_ADDR_WIDTH64_C_M_AXI_DATA_WIDTH32_C_M_AXI_AWUSER_WIDTH1_C_M_AXI_ARUSER_WIDTH1_C_M_AXI_WUSER_WIDTH1_C_M_AXI_RUSER_WIDTH1_C_M_AXI_BUSER_WIDTH1_C_USER_VALUE0_C_PROT_VALUE0_C_CACHE_VALUE3_USER_DW32_USER_AW64_USER_MAXREQS7_USER_RFIFONUM_WIDTH9_172
gmem2_m_axi_U/clk_gate_load_unit_buff_rdata_genblk1_U_fifo_mem_mem_reg_129_       3.9900     0.0      0.0000       3.9900 0.0000 SNPS_CLOCK_GATE_HIGH_tinytpu_isa_gmem2_m_axi_CONSERVATIVE1_NUM_READ_OUTSTANDING16_NUM_WRITE_OUTSTANDING16_MAX_READ_BURST_LENGTH16_MAX_WRITE_BURST_LENGTH16_C_M_AXI_ID_WIDTH1_C_M_AXI_ADDR_WIDTH64_C_M_AXI_DATA_WIDTH32_C_M_AXI_AWUSER_WIDTH1_C_M_AXI_ARUSER_WIDTH1_C_M_AXI_WUSER_WIDTH1_C_M_AXI_RUSER_WIDTH1_C_M_AXI_BUSER_WIDTH1_C_USER_VALUE0_C_PROT_VALUE0_C_CACHE_VALUE3_USER_DW32_USER_AW64_USER_MAXREQS7_USER_RFIFONUM_WIDTH9_173
gmem2_m_axi_U/clk_gate_load_unit_buff_rdata_genblk1_U_fifo_mem_mem_reg_12_       3.9900     0.0      0.0000       3.9900 0.0000 SNPS_CLOCK_GATE_HIGH_tinytpu_isa_gmem2_m_axi_CONSERVATIVE1_NUM_READ_OUTSTANDING16_NUM_WRITE_OUTSTANDING16_MAX_READ_BURST_LENGTH16_MAX_WRITE_BURST_LENGTH16_C_M_AXI_ID_WIDTH1_C_M_AXI_ADDR_WIDTH64_C_M_AXI_DATA_WIDTH32_C_M_AXI_AWUSER_WIDTH1_C_M_AXI_ARUSER_WIDTH1_C_M_AXI_WUSER_WIDTH1_C_M_AXI_RUSER_WIDTH1_C_M_AXI_BUSER_WIDTH1_C_USER_VALUE0_C_PROT_VALUE0_C_CACHE_VALUE3_USER_DW32_USER_AW64_USER_MAXREQS7_USER_RFIFONUM_WIDTH9_56
gmem2_m_axi_U/clk_gate_load_unit_buff_rdata_genblk1_U_fifo_mem_mem_reg_130_       3.9900     0.0      0.0000       3.9900 0.0000 SNPS_CLOCK_GATE_HIGH_tinytpu_isa_gmem2_m_axi_CONSERVATIVE1_NUM_READ_OUTSTANDING16_NUM_WRITE_OUTSTANDING16_MAX_READ_BURST_LENGTH16_MAX_WRITE_BURST_LENGTH16_C_M_AXI_ID_WIDTH1_C_M_AXI_ADDR_WIDTH64_C_M_AXI_DATA_WIDTH32_C_M_AXI_AWUSER_WIDTH1_C_M_AXI_ARUSER_WIDTH1_C_M_AXI_WUSER_WIDTH1_C_M_AXI_RUSER_WIDTH1_C_M_AXI_BUSER_WIDTH1_C_USER_VALUE0_C_PROT_VALUE0_C_CACHE_VALUE3_USER_DW32_USER_AW64_USER_MAXREQS7_USER_RFIFONUM_WIDTH9_174
gmem2_m_axi_U/clk_gate_load_unit_buff_rdata_genblk1_U_fifo_mem_mem_reg_131_       3.9900     0.0      0.0000       3.9900 0.0000 SNPS_CLOCK_GATE_HIGH_tinytpu_isa_gmem2_m_axi_CONSERVATIVE1_NUM_READ_OUTSTANDING16_NUM_WRITE_OUTSTANDING16_MAX_READ_BURST_LENGTH16_MAX_WRITE_BURST_LENGTH16_C_M_AXI_ID_WIDTH1_C_M_AXI_ADDR_WIDTH64_C_M_AXI_DATA_WIDTH32_C_M_AXI_AWUSER_WIDTH1_C_M_AXI_ARUSER_WIDTH1_C_M_AXI_WUSER_WIDTH1_C_M_AXI_RUSER_WIDTH1_C_M_AXI_BUSER_WIDTH1_C_USER_VALUE0_C_PROT_VALUE0_C_CACHE_VALUE3_USER_DW32_USER_AW64_USER_MAXREQS7_USER_RFIFONUM_WIDTH9_175
gmem2_m_axi_U/clk_gate_load_unit_buff_rdata_genblk1_U_fifo_mem_mem_reg_132_       3.9900     0.0      0.0000       3.9900 0.0000 SNPS_CLOCK_GATE_HIGH_tinytpu_isa_gmem2_m_axi_CONSERVATIVE1_NUM_READ_OUTSTANDING16_NUM_WRITE_OUTSTANDING16_MAX_READ_BURST_LENGTH16_MAX_WRITE_BURST_LENGTH16_C_M_AXI_ID_WIDTH1_C_M_AXI_ADDR_WIDTH64_C_M_AXI_DATA_WIDTH32_C_M_AXI_AWUSER_WIDTH1_C_M_AXI_ARUSER_WIDTH1_C_M_AXI_WUSER_WIDTH1_C_M_AXI_RUSER_WIDTH1_C_M_AXI_BUSER_WIDTH1_C_USER_VALUE0_C_PROT_VALUE0_C_CACHE_VALUE3_USER_DW32_USER_AW64_USER_MAXREQS7_USER_RFIFONUM_WIDTH9_176
gmem2_m_axi_U/clk_gate_load_unit_buff_rdata_genblk1_U_fifo_mem_mem_reg_133_       3.9900     0.0      0.0000       3.9900 0.0000 SNPS_CLOCK_GATE_HIGH_tinytpu_isa_gmem2_m_axi_CONSERVATIVE1_NUM_READ_OUTSTANDING16_NUM_WRITE_OUTSTANDING16_MAX_READ_BURST_LENGTH16_MAX_WRITE_BURST_LENGTH16_C_M_AXI_ID_WIDTH1_C_M_AXI_ADDR_WIDTH64_C_M_AXI_DATA_WIDTH32_C_M_AXI_AWUSER_WIDTH1_C_M_AXI_ARUSER_WIDTH1_C_M_AXI_WUSER_WIDTH1_C_M_AXI_RUSER_WIDTH1_C_M_AXI_BUSER_WIDTH1_C_USER_VALUE0_C_PROT_VALUE0_C_CACHE_VALUE3_USER_DW32_USER_AW64_USER_MAXREQS7_USER_RFIFONUM_WIDTH9_177
gmem2_m_axi_U/clk_gate_load_unit_buff_rdata_genblk1_U_fifo_mem_mem_reg_134_       3.9900     0.0      0.0000       3.9900 0.0000 SNPS_CLOCK_GATE_HIGH_tinytpu_isa_gmem2_m_axi_CONSERVATIVE1_NUM_READ_OUTSTANDING16_NUM_WRITE_OUTSTANDING16_MAX_READ_BURST_LENGTH16_MAX_WRITE_BURST_LENGTH16_C_M_AXI_ID_WIDTH1_C_M_AXI_ADDR_WIDTH64_C_M_AXI_DATA_WIDTH32_C_M_AXI_AWUSER_WIDTH1_C_M_AXI_ARUSER_WIDTH1_C_M_AXI_WUSER_WIDTH1_C_M_AXI_RUSER_WIDTH1_C_M_AXI_BUSER_WIDTH1_C_USER_VALUE0_C_PROT_VALUE0_C_CACHE_VALUE3_USER_DW32_USER_AW64_USER_MAXREQS7_USER_RFIFONUM_WIDTH9_178
gmem2_m_axi_U/clk_gate_load_unit_buff_rdata_genblk1_U_fifo_mem_mem_reg_135_       3.9900     0.0      0.0000       3.9900 0.0000 SNPS_CLOCK_GATE_HIGH_tinytpu_isa_gmem2_m_axi_CONSERVATIVE1_NUM_READ_OUTSTANDING16_NUM_WRITE_OUTSTANDING16_MAX_READ_BURST_LENGTH16_MAX_WRITE_BURST_LENGTH16_C_M_AXI_ID_WIDTH1_C_M_AXI_ADDR_WIDTH64_C_M_AXI_DATA_WIDTH32_C_M_AXI_AWUSER_WIDTH1_C_M_AXI_ARUSER_WIDTH1_C_M_AXI_WUSER_WIDTH1_C_M_AXI_RUSER_WIDTH1_C_M_AXI_BUSER_WIDTH1_C_USER_VALUE0_C_PROT_VALUE0_C_CACHE_VALUE3_USER_DW32_USER_AW64_USER_MAXREQS7_USER_RFIFONUM_WIDTH9_179
gmem2_m_axi_U/clk_gate_load_unit_buff_rdata_genblk1_U_fifo_mem_mem_reg_136_       3.9900     0.0      0.0000       3.9900 0.0000 SNPS_CLOCK_GATE_HIGH_tinytpu_isa_gmem2_m_axi_CONSERVATIVE1_NUM_READ_OUTSTANDING16_NUM_WRITE_OUTSTANDING16_MAX_READ_BURST_LENGTH16_MAX_WRITE_BURST_LENGTH16_C_M_AXI_ID_WIDTH1_C_M_AXI_ADDR_WIDTH64_C_M_AXI_DATA_WIDTH32_C_M_AXI_AWUSER_WIDTH1_C_M_AXI_ARUSER_WIDTH1_C_M_AXI_WUSER_WIDTH1_C_M_AXI_RUSER_WIDTH1_C_M_AXI_BUSER_WIDTH1_C_USER_VALUE0_C_PROT_VALUE0_C_CACHE_VALUE3_USER_DW32_USER_AW64_USER_MAXREQS7_USER_RFIFONUM_WIDTH9_180
gmem2_m_axi_U/clk_gate_load_unit_buff_rdata_genblk1_U_fifo_mem_mem_reg_137_       3.9900     0.0      0.0000       3.9900 0.0000 SNPS_CLOCK_GATE_HIGH_tinytpu_isa_gmem2_m_axi_CONSERVATIVE1_NUM_READ_OUTSTANDING16_NUM_WRITE_OUTSTANDING16_MAX_READ_BURST_LENGTH16_MAX_WRITE_BURST_LENGTH16_C_M_AXI_ID_WIDTH1_C_M_AXI_ADDR_WIDTH64_C_M_AXI_DATA_WIDTH32_C_M_AXI_AWUSER_WIDTH1_C_M_AXI_ARUSER_WIDTH1_C_M_AXI_WUSER_WIDTH1_C_M_AXI_RUSER_WIDTH1_C_M_AXI_BUSER_WIDTH1_C_USER_VALUE0_C_PROT_VALUE0_C_CACHE_VALUE3_USER_DW32_USER_AW64_USER_MAXREQS7_USER_RFIFONUM_WIDTH9_181
gmem2_m_axi_U/clk_gate_load_unit_buff_rdata_genblk1_U_fifo_mem_mem_reg_138_       3.9900     0.0      0.0000       3.9900 0.0000 SNPS_CLOCK_GATE_HIGH_tinytpu_isa_gmem2_m_axi_CONSERVATIVE1_NUM_READ_OUTSTANDING16_NUM_WRITE_OUTSTANDING16_MAX_READ_BURST_LENGTH16_MAX_WRITE_BURST_LENGTH16_C_M_AXI_ID_WIDTH1_C_M_AXI_ADDR_WIDTH64_C_M_AXI_DATA_WIDTH32_C_M_AXI_AWUSER_WIDTH1_C_M_AXI_ARUSER_WIDTH1_C_M_AXI_WUSER_WIDTH1_C_M_AXI_RUSER_WIDTH1_C_M_AXI_BUSER_WIDTH1_C_USER_VALUE0_C_PROT_VALUE0_C_CACHE_VALUE3_USER_DW32_USER_AW64_USER_MAXREQS7_USER_RFIFONUM_WIDTH9_182
gmem2_m_axi_U/clk_gate_load_unit_buff_rdata_genblk1_U_fifo_mem_mem_reg_139_       3.9900     0.0      0.0000       3.9900 0.0000 SNPS_CLOCK_GATE_HIGH_tinytpu_isa_gmem2_m_axi_CONSERVATIVE1_NUM_READ_OUTSTANDING16_NUM_WRITE_OUTSTANDING16_MAX_READ_BURST_LENGTH16_MAX_WRITE_BURST_LENGTH16_C_M_AXI_ID_WIDTH1_C_M_AXI_ADDR_WIDTH64_C_M_AXI_DATA_WIDTH32_C_M_AXI_AWUSER_WIDTH1_C_M_AXI_ARUSER_WIDTH1_C_M_AXI_WUSER_WIDTH1_C_M_AXI_RUSER_WIDTH1_C_M_AXI_BUSER_WIDTH1_C_USER_VALUE0_C_PROT_VALUE0_C_CACHE_VALUE3_USER_DW32_USER_AW64_USER_MAXREQS7_USER_RFIFONUM_WIDTH9_183
gmem2_m_axi_U/clk_gate_load_unit_buff_rdata_genblk1_U_fifo_mem_mem_reg_13_       3.9900     0.0      0.0000       3.9900 0.0000 SNPS_CLOCK_GATE_HIGH_tinytpu_isa_gmem2_m_axi_CONSERVATIVE1_NUM_READ_OUTSTANDING16_NUM_WRITE_OUTSTANDING16_MAX_READ_BURST_LENGTH16_MAX_WRITE_BURST_LENGTH16_C_M_AXI_ID_WIDTH1_C_M_AXI_ADDR_WIDTH64_C_M_AXI_DATA_WIDTH32_C_M_AXI_AWUSER_WIDTH1_C_M_AXI_ARUSER_WIDTH1_C_M_AXI_WUSER_WIDTH1_C_M_AXI_RUSER_WIDTH1_C_M_AXI_BUSER_WIDTH1_C_USER_VALUE0_C_PROT_VALUE0_C_CACHE_VALUE3_USER_DW32_USER_AW64_USER_MAXREQS7_USER_RFIFONUM_WIDTH9_57
gmem2_m_axi_U/clk_gate_load_unit_buff_rdata_genblk1_U_fifo_mem_mem_reg_140_       3.9900     0.0      0.0000       3.9900 0.0000 SNPS_CLOCK_GATE_HIGH_tinytpu_isa_gmem2_m_axi_CONSERVATIVE1_NUM_READ_OUTSTANDING16_NUM_WRITE_OUTSTANDING16_MAX_READ_BURST_LENGTH16_MAX_WRITE_BURST_LENGTH16_C_M_AXI_ID_WIDTH1_C_M_AXI_ADDR_WIDTH64_C_M_AXI_DATA_WIDTH32_C_M_AXI_AWUSER_WIDTH1_C_M_AXI_ARUSER_WIDTH1_C_M_AXI_WUSER_WIDTH1_C_M_AXI_RUSER_WIDTH1_C_M_AXI_BUSER_WIDTH1_C_USER_VALUE0_C_PROT_VALUE0_C_CACHE_VALUE3_USER_DW32_USER_AW64_USER_MAXREQS7_USER_RFIFONUM_WIDTH9_184
gmem2_m_axi_U/clk_gate_load_unit_buff_rdata_genblk1_U_fifo_mem_mem_reg_141_       3.9900     0.0      0.0000       3.9900 0.0000 SNPS_CLOCK_GATE_HIGH_tinytpu_isa_gmem2_m_axi_CONSERVATIVE1_NUM_READ_OUTSTANDING16_NUM_WRITE_OUTSTANDING16_MAX_READ_BURST_LENGTH16_MAX_WRITE_BURST_LENGTH16_C_M_AXI_ID_WIDTH1_C_M_AXI_ADDR_WIDTH64_C_M_AXI_DATA_WIDTH32_C_M_AXI_AWUSER_WIDTH1_C_M_AXI_ARUSER_WIDTH1_C_M_AXI_WUSER_WIDTH1_C_M_AXI_RUSER_WIDTH1_C_M_AXI_BUSER_WIDTH1_C_USER_VALUE0_C_PROT_VALUE0_C_CACHE_VALUE3_USER_DW32_USER_AW64_USER_MAXREQS7_USER_RFIFONUM_WIDTH9_185
gmem2_m_axi_U/clk_gate_load_unit_buff_rdata_genblk1_U_fifo_mem_mem_reg_142_       3.9900     0.0      0.0000       3.9900 0.0000 SNPS_CLOCK_GATE_HIGH_tinytpu_isa_gmem2_m_axi_CONSERVATIVE1_NUM_READ_OUTSTANDING16_NUM_WRITE_OUTSTANDING16_MAX_READ_BURST_LENGTH16_MAX_WRITE_BURST_LENGTH16_C_M_AXI_ID_WIDTH1_C_M_AXI_ADDR_WIDTH64_C_M_AXI_DATA_WIDTH32_C_M_AXI_AWUSER_WIDTH1_C_M_AXI_ARUSER_WIDTH1_C_M_AXI_WUSER_WIDTH1_C_M_AXI_RUSER_WIDTH1_C_M_AXI_BUSER_WIDTH1_C_USER_VALUE0_C_PROT_VALUE0_C_CACHE_VALUE3_USER_DW32_USER_AW64_USER_MAXREQS7_USER_RFIFONUM_WIDTH9_186
gmem2_m_axi_U/clk_gate_load_unit_buff_rdata_genblk1_U_fifo_mem_mem_reg_143_       3.9900     0.0      0.0000       3.9900 0.0000 SNPS_CLOCK_GATE_HIGH_tinytpu_isa_gmem2_m_axi_CONSERVATIVE1_NUM_READ_OUTSTANDING16_NUM_WRITE_OUTSTANDING16_MAX_READ_BURST_LENGTH16_MAX_WRITE_BURST_LENGTH16_C_M_AXI_ID_WIDTH1_C_M_AXI_ADDR_WIDTH64_C_M_AXI_DATA_WIDTH32_C_M_AXI_AWUSER_WIDTH1_C_M_AXI_ARUSER_WIDTH1_C_M_AXI_WUSER_WIDTH1_C_M_AXI_RUSER_WIDTH1_C_M_AXI_BUSER_WIDTH1_C_USER_VALUE0_C_PROT_VALUE0_C_CACHE_VALUE3_USER_DW32_USER_AW64_USER_MAXREQS7_USER_RFIFONUM_WIDTH9_187
gmem2_m_axi_U/clk_gate_load_unit_buff_rdata_genblk1_U_fifo_mem_mem_reg_144_       3.9900     0.0      0.0000       3.9900 0.0000 SNPS_CLOCK_GATE_HIGH_tinytpu_isa_gmem2_m_axi_CONSERVATIVE1_NUM_READ_OUTSTANDING16_NUM_WRITE_OUTSTANDING16_MAX_READ_BURST_LENGTH16_MAX_WRITE_BURST_LENGTH16_C_M_AXI_ID_WIDTH1_C_M_AXI_ADDR_WIDTH64_C_M_AXI_DATA_WIDTH32_C_M_AXI_AWUSER_WIDTH1_C_M_AXI_ARUSER_WIDTH1_C_M_AXI_WUSER_WIDTH1_C_M_AXI_RUSER_WIDTH1_C_M_AXI_BUSER_WIDTH1_C_USER_VALUE0_C_PROT_VALUE0_C_CACHE_VALUE3_USER_DW32_USER_AW64_USER_MAXREQS7_USER_RFIFONUM_WIDTH9_188
gmem2_m_axi_U/clk_gate_load_unit_buff_rdata_genblk1_U_fifo_mem_mem_reg_145_       3.9900     0.0      0.0000       3.9900 0.0000 SNPS_CLOCK_GATE_HIGH_tinytpu_isa_gmem2_m_axi_CONSERVATIVE1_NUM_READ_OUTSTANDING16_NUM_WRITE_OUTSTANDING16_MAX_READ_BURST_LENGTH16_MAX_WRITE_BURST_LENGTH16_C_M_AXI_ID_WIDTH1_C_M_AXI_ADDR_WIDTH64_C_M_AXI_DATA_WIDTH32_C_M_AXI_AWUSER_WIDTH1_C_M_AXI_ARUSER_WIDTH1_C_M_AXI_WUSER_WIDTH1_C_M_AXI_RUSER_WIDTH1_C_M_AXI_BUSER_WIDTH1_C_USER_VALUE0_C_PROT_VALUE0_C_CACHE_VALUE3_USER_DW32_USER_AW64_USER_MAXREQS7_USER_RFIFONUM_WIDTH9_189
gmem2_m_axi_U/clk_gate_load_unit_buff_rdata_genblk1_U_fifo_mem_mem_reg_146_       3.9900     0.0      0.0000       3.9900 0.0000 SNPS_CLOCK_GATE_HIGH_tinytpu_isa_gmem2_m_axi_CONSERVATIVE1_NUM_READ_OUTSTANDING16_NUM_WRITE_OUTSTANDING16_MAX_READ_BURST_LENGTH16_MAX_WRITE_BURST_LENGTH16_C_M_AXI_ID_WIDTH1_C_M_AXI_ADDR_WIDTH64_C_M_AXI_DATA_WIDTH32_C_M_AXI_AWUSER_WIDTH1_C_M_AXI_ARUSER_WIDTH1_C_M_AXI_WUSER_WIDTH1_C_M_AXI_RUSER_WIDTH1_C_M_AXI_BUSER_WIDTH1_C_USER_VALUE0_C_PROT_VALUE0_C_CACHE_VALUE3_USER_DW32_USER_AW64_USER_MAXREQS7_USER_RFIFONUM_WIDTH9_190
gmem2_m_axi_U/clk_gate_load_unit_buff_rdata_genblk1_U_fifo_mem_mem_reg_147_       3.9900     0.0      0.0000       3.9900 0.0000 SNPS_CLOCK_GATE_HIGH_tinytpu_isa_gmem2_m_axi_CONSERVATIVE1_NUM_READ_OUTSTANDING16_NUM_WRITE_OUTSTANDING16_MAX_READ_BURST_LENGTH16_MAX_WRITE_BURST_LENGTH16_C_M_AXI_ID_WIDTH1_C_M_AXI_ADDR_WIDTH64_C_M_AXI_DATA_WIDTH32_C_M_AXI_AWUSER_WIDTH1_C_M_AXI_ARUSER_WIDTH1_C_M_AXI_WUSER_WIDTH1_C_M_AXI_RUSER_WIDTH1_C_M_AXI_BUSER_WIDTH1_C_USER_VALUE0_C_PROT_VALUE0_C_CACHE_VALUE3_USER_DW32_USER_AW64_USER_MAXREQS7_USER_RFIFONUM_WIDTH9_191
gmem2_m_axi_U/clk_gate_load_unit_buff_rdata_genblk1_U_fifo_mem_mem_reg_148_       3.9900     0.0      0.0000       3.9900 0.0000 SNPS_CLOCK_GATE_HIGH_tinytpu_isa_gmem2_m_axi_CONSERVATIVE1_NUM_READ_OUTSTANDING16_NUM_WRITE_OUTSTANDING16_MAX_READ_BURST_LENGTH16_MAX_WRITE_BURST_LENGTH16_C_M_AXI_ID_WIDTH1_C_M_AXI_ADDR_WIDTH64_C_M_AXI_DATA_WIDTH32_C_M_AXI_AWUSER_WIDTH1_C_M_AXI_ARUSER_WIDTH1_C_M_AXI_WUSER_WIDTH1_C_M_AXI_RUSER_WIDTH1_C_M_AXI_BUSER_WIDTH1_C_USER_VALUE0_C_PROT_VALUE0_C_CACHE_VALUE3_USER_DW32_USER_AW64_USER_MAXREQS7_USER_RFIFONUM_WIDTH9_192
gmem2_m_axi_U/clk_gate_load_unit_buff_rdata_genblk1_U_fifo_mem_mem_reg_149_       3.9900     0.0      0.0000       3.9900 0.0000 SNPS_CLOCK_GATE_HIGH_tinytpu_isa_gmem2_m_axi_CONSERVATIVE1_NUM_READ_OUTSTANDING16_NUM_WRITE_OUTSTANDING16_MAX_READ_BURST_LENGTH16_MAX_WRITE_BURST_LENGTH16_C_M_AXI_ID_WIDTH1_C_M_AXI_ADDR_WIDTH64_C_M_AXI_DATA_WIDTH32_C_M_AXI_AWUSER_WIDTH1_C_M_AXI_ARUSER_WIDTH1_C_M_AXI_WUSER_WIDTH1_C_M_AXI_RUSER_WIDTH1_C_M_AXI_BUSER_WIDTH1_C_USER_VALUE0_C_PROT_VALUE0_C_CACHE_VALUE3_USER_DW32_USER_AW64_USER_MAXREQS7_USER_RFIFONUM_WIDTH9_193
gmem2_m_axi_U/clk_gate_load_unit_buff_rdata_genblk1_U_fifo_mem_mem_reg_14_       3.9900     0.0      0.0000       3.9900 0.0000 SNPS_CLOCK_GATE_HIGH_tinytpu_isa_gmem2_m_axi_CONSERVATIVE1_NUM_READ_OUTSTANDING16_NUM_WRITE_OUTSTANDING16_MAX_READ_BURST_LENGTH16_MAX_WRITE_BURST_LENGTH16_C_M_AXI_ID_WIDTH1_C_M_AXI_ADDR_WIDTH64_C_M_AXI_DATA_WIDTH32_C_M_AXI_AWUSER_WIDTH1_C_M_AXI_ARUSER_WIDTH1_C_M_AXI_WUSER_WIDTH1_C_M_AXI_RUSER_WIDTH1_C_M_AXI_BUSER_WIDTH1_C_USER_VALUE0_C_PROT_VALUE0_C_CACHE_VALUE3_USER_DW32_USER_AW64_USER_MAXREQS7_USER_RFIFONUM_WIDTH9_58
gmem2_m_axi_U/clk_gate_load_unit_buff_rdata_genblk1_U_fifo_mem_mem_reg_150_       3.9900     0.0      0.0000       3.9900 0.0000 SNPS_CLOCK_GATE_HIGH_tinytpu_isa_gmem2_m_axi_CONSERVATIVE1_NUM_READ_OUTSTANDING16_NUM_WRITE_OUTSTANDING16_MAX_READ_BURST_LENGTH16_MAX_WRITE_BURST_LENGTH16_C_M_AXI_ID_WIDTH1_C_M_AXI_ADDR_WIDTH64_C_M_AXI_DATA_WIDTH32_C_M_AXI_AWUSER_WIDTH1_C_M_AXI_ARUSER_WIDTH1_C_M_AXI_WUSER_WIDTH1_C_M_AXI_RUSER_WIDTH1_C_M_AXI_BUSER_WIDTH1_C_USER_VALUE0_C_PROT_VALUE0_C_CACHE_VALUE3_USER_DW32_USER_AW64_USER_MAXREQS7_USER_RFIFONUM_WIDTH9_194
gmem2_m_axi_U/clk_gate_load_unit_buff_rdata_genblk1_U_fifo_mem_mem_reg_151_       3.9900     0.0      0.0000       3.9900 0.0000 SNPS_CLOCK_GATE_HIGH_tinytpu_isa_gmem2_m_axi_CONSERVATIVE1_NUM_READ_OUTSTANDING16_NUM_WRITE_OUTSTANDING16_MAX_READ_BURST_LENGTH16_MAX_WRITE_BURST_LENGTH16_C_M_AXI_ID_WIDTH1_C_M_AXI_ADDR_WIDTH64_C_M_AXI_DATA_WIDTH32_C_M_AXI_AWUSER_WIDTH1_C_M_AXI_ARUSER_WIDTH1_C_M_AXI_WUSER_WIDTH1_C_M_AXI_RUSER_WIDTH1_C_M_AXI_BUSER_WIDTH1_C_USER_VALUE0_C_PROT_VALUE0_C_CACHE_VALUE3_USER_DW32_USER_AW64_USER_MAXREQS7_USER_RFIFONUM_WIDTH9_195
gmem2_m_axi_U/clk_gate_load_unit_buff_rdata_genblk1_U_fifo_mem_mem_reg_152_       3.9900     0.0      0.0000       3.9900 0.0000 SNPS_CLOCK_GATE_HIGH_tinytpu_isa_gmem2_m_axi_CONSERVATIVE1_NUM_READ_OUTSTANDING16_NUM_WRITE_OUTSTANDING16_MAX_READ_BURST_LENGTH16_MAX_WRITE_BURST_LENGTH16_C_M_AXI_ID_WIDTH1_C_M_AXI_ADDR_WIDTH64_C_M_AXI_DATA_WIDTH32_C_M_AXI_AWUSER_WIDTH1_C_M_AXI_ARUSER_WIDTH1_C_M_AXI_WUSER_WIDTH1_C_M_AXI_RUSER_WIDTH1_C_M_AXI_BUSER_WIDTH1_C_USER_VALUE0_C_PROT_VALUE0_C_CACHE_VALUE3_USER_DW32_USER_AW64_USER_MAXREQS7_USER_RFIFONUM_WIDTH9_196
gmem2_m_axi_U/clk_gate_load_unit_buff_rdata_genblk1_U_fifo_mem_mem_reg_153_       3.9900     0.0      0.0000       3.9900 0.0000 SNPS_CLOCK_GATE_HIGH_tinytpu_isa_gmem2_m_axi_CONSERVATIVE1_NUM_READ_OUTSTANDING16_NUM_WRITE_OUTSTANDING16_MAX_READ_BURST_LENGTH16_MAX_WRITE_BURST_LENGTH16_C_M_AXI_ID_WIDTH1_C_M_AXI_ADDR_WIDTH64_C_M_AXI_DATA_WIDTH32_C_M_AXI_AWUSER_WIDTH1_C_M_AXI_ARUSER_WIDTH1_C_M_AXI_WUSER_WIDTH1_C_M_AXI_RUSER_WIDTH1_C_M_AXI_BUSER_WIDTH1_C_USER_VALUE0_C_PROT_VALUE0_C_CACHE_VALUE3_USER_DW32_USER_AW64_USER_MAXREQS7_USER_RFIFONUM_WIDTH9_197
gmem2_m_axi_U/clk_gate_load_unit_buff_rdata_genblk1_U_fifo_mem_mem_reg_154_       3.9900     0.0      0.0000       3.9900 0.0000 SNPS_CLOCK_GATE_HIGH_tinytpu_isa_gmem2_m_axi_CONSERVATIVE1_NUM_READ_OUTSTANDING16_NUM_WRITE_OUTSTANDING16_MAX_READ_BURST_LENGTH16_MAX_WRITE_BURST_LENGTH16_C_M_AXI_ID_WIDTH1_C_M_AXI_ADDR_WIDTH64_C_M_AXI_DATA_WIDTH32_C_M_AXI_AWUSER_WIDTH1_C_M_AXI_ARUSER_WIDTH1_C_M_AXI_WUSER_WIDTH1_C_M_AXI_RUSER_WIDTH1_C_M_AXI_BUSER_WIDTH1_C_USER_VALUE0_C_PROT_VALUE0_C_CACHE_VALUE3_USER_DW32_USER_AW64_USER_MAXREQS7_USER_RFIFONUM_WIDTH9_198
gmem2_m_axi_U/clk_gate_load_unit_buff_rdata_genblk1_U_fifo_mem_mem_reg_155_       3.9900     0.0      0.0000       3.9900 0.0000 SNPS_CLOCK_GATE_HIGH_tinytpu_isa_gmem2_m_axi_CONSERVATIVE1_NUM_READ_OUTSTANDING16_NUM_WRITE_OUTSTANDING16_MAX_READ_BURST_LENGTH16_MAX_WRITE_BURST_LENGTH16_C_M_AXI_ID_WIDTH1_C_M_AXI_ADDR_WIDTH64_C_M_AXI_DATA_WIDTH32_C_M_AXI_AWUSER_WIDTH1_C_M_AXI_ARUSER_WIDTH1_C_M_AXI_WUSER_WIDTH1_C_M_AXI_RUSER_WIDTH1_C_M_AXI_BUSER_WIDTH1_C_USER_VALUE0_C_PROT_VALUE0_C_CACHE_VALUE3_USER_DW32_USER_AW64_USER_MAXREQS7_USER_RFIFONUM_WIDTH9_199
gmem2_m_axi_U/clk_gate_load_unit_buff_rdata_genblk1_U_fifo_mem_mem_reg_156_       3.9900     0.0      0.0000       3.9900 0.0000 SNPS_CLOCK_GATE_HIGH_tinytpu_isa_gmem2_m_axi_CONSERVATIVE1_NUM_READ_OUTSTANDING16_NUM_WRITE_OUTSTANDING16_MAX_READ_BURST_LENGTH16_MAX_WRITE_BURST_LENGTH16_C_M_AXI_ID_WIDTH1_C_M_AXI_ADDR_WIDTH64_C_M_AXI_DATA_WIDTH32_C_M_AXI_AWUSER_WIDTH1_C_M_AXI_ARUSER_WIDTH1_C_M_AXI_WUSER_WIDTH1_C_M_AXI_RUSER_WIDTH1_C_M_AXI_BUSER_WIDTH1_C_USER_VALUE0_C_PROT_VALUE0_C_CACHE_VALUE3_USER_DW32_USER_AW64_USER_MAXREQS7_USER_RFIFONUM_WIDTH9_200
gmem2_m_axi_U/clk_gate_load_unit_buff_rdata_genblk1_U_fifo_mem_mem_reg_157_       3.9900     0.0      0.0000       3.9900 0.0000 SNPS_CLOCK_GATE_HIGH_tinytpu_isa_gmem2_m_axi_CONSERVATIVE1_NUM_READ_OUTSTANDING16_NUM_WRITE_OUTSTANDING16_MAX_READ_BURST_LENGTH16_MAX_WRITE_BURST_LENGTH16_C_M_AXI_ID_WIDTH1_C_M_AXI_ADDR_WIDTH64_C_M_AXI_DATA_WIDTH32_C_M_AXI_AWUSER_WIDTH1_C_M_AXI_ARUSER_WIDTH1_C_M_AXI_WUSER_WIDTH1_C_M_AXI_RUSER_WIDTH1_C_M_AXI_BUSER_WIDTH1_C_USER_VALUE0_C_PROT_VALUE0_C_CACHE_VALUE3_USER_DW32_USER_AW64_USER_MAXREQS7_USER_RFIFONUM_WIDTH9_201
gmem2_m_axi_U/clk_gate_load_unit_buff_rdata_genblk1_U_fifo_mem_mem_reg_158_       3.9900     0.0      0.0000       3.9900 0.0000 SNPS_CLOCK_GATE_HIGH_tinytpu_isa_gmem2_m_axi_CONSERVATIVE1_NUM_READ_OUTSTANDING16_NUM_WRITE_OUTSTANDING16_MAX_READ_BURST_LENGTH16_MAX_WRITE_BURST_LENGTH16_C_M_AXI_ID_WIDTH1_C_M_AXI_ADDR_WIDTH64_C_M_AXI_DATA_WIDTH32_C_M_AXI_AWUSER_WIDTH1_C_M_AXI_ARUSER_WIDTH1_C_M_AXI_WUSER_WIDTH1_C_M_AXI_RUSER_WIDTH1_C_M_AXI_BUSER_WIDTH1_C_USER_VALUE0_C_PROT_VALUE0_C_CACHE_VALUE3_USER_DW32_USER_AW64_USER_MAXREQS7_USER_RFIFONUM_WIDTH9_202
gmem2_m_axi_U/clk_gate_load_unit_buff_rdata_genblk1_U_fifo_mem_mem_reg_159_       3.9900     0.0      0.0000       3.9900 0.0000 SNPS_CLOCK_GATE_HIGH_tinytpu_isa_gmem2_m_axi_CONSERVATIVE1_NUM_READ_OUTSTANDING16_NUM_WRITE_OUTSTANDING16_MAX_READ_BURST_LENGTH16_MAX_WRITE_BURST_LENGTH16_C_M_AXI_ID_WIDTH1_C_M_AXI_ADDR_WIDTH64_C_M_AXI_DATA_WIDTH32_C_M_AXI_AWUSER_WIDTH1_C_M_AXI_ARUSER_WIDTH1_C_M_AXI_WUSER_WIDTH1_C_M_AXI_RUSER_WIDTH1_C_M_AXI_BUSER_WIDTH1_C_USER_VALUE0_C_PROT_VALUE0_C_CACHE_VALUE3_USER_DW32_USER_AW64_USER_MAXREQS7_USER_RFIFONUM_WIDTH9_203
gmem2_m_axi_U/clk_gate_load_unit_buff_rdata_genblk1_U_fifo_mem_mem_reg_15_       3.9900     0.0      0.0000       3.9900 0.0000 SNPS_CLOCK_GATE_HIGH_tinytpu_isa_gmem2_m_axi_CONSERVATIVE1_NUM_READ_OUTSTANDING16_NUM_WRITE_OUTSTANDING16_MAX_READ_BURST_LENGTH16_MAX_WRITE_BURST_LENGTH16_C_M_AXI_ID_WIDTH1_C_M_AXI_ADDR_WIDTH64_C_M_AXI_DATA_WIDTH32_C_M_AXI_AWUSER_WIDTH1_C_M_AXI_ARUSER_WIDTH1_C_M_AXI_WUSER_WIDTH1_C_M_AXI_RUSER_WIDTH1_C_M_AXI_BUSER_WIDTH1_C_USER_VALUE0_C_PROT_VALUE0_C_CACHE_VALUE3_USER_DW32_USER_AW64_USER_MAXREQS7_USER_RFIFONUM_WIDTH9_59
gmem2_m_axi_U/clk_gate_load_unit_buff_rdata_genblk1_U_fifo_mem_mem_reg_160_       3.9900     0.0      0.0000       3.9900 0.0000 SNPS_CLOCK_GATE_HIGH_tinytpu_isa_gmem2_m_axi_CONSERVATIVE1_NUM_READ_OUTSTANDING16_NUM_WRITE_OUTSTANDING16_MAX_READ_BURST_LENGTH16_MAX_WRITE_BURST_LENGTH16_C_M_AXI_ID_WIDTH1_C_M_AXI_ADDR_WIDTH64_C_M_AXI_DATA_WIDTH32_C_M_AXI_AWUSER_WIDTH1_C_M_AXI_ARUSER_WIDTH1_C_M_AXI_WUSER_WIDTH1_C_M_AXI_RUSER_WIDTH1_C_M_AXI_BUSER_WIDTH1_C_USER_VALUE0_C_PROT_VALUE0_C_CACHE_VALUE3_USER_DW32_USER_AW64_USER_MAXREQS7_USER_RFIFONUM_WIDTH9_204
gmem2_m_axi_U/clk_gate_load_unit_buff_rdata_genblk1_U_fifo_mem_mem_reg_161_       3.9900     0.0      0.0000       3.9900 0.0000 SNPS_CLOCK_GATE_HIGH_tinytpu_isa_gmem2_m_axi_CONSERVATIVE1_NUM_READ_OUTSTANDING16_NUM_WRITE_OUTSTANDING16_MAX_READ_BURST_LENGTH16_MAX_WRITE_BURST_LENGTH16_C_M_AXI_ID_WIDTH1_C_M_AXI_ADDR_WIDTH64_C_M_AXI_DATA_WIDTH32_C_M_AXI_AWUSER_WIDTH1_C_M_AXI_ARUSER_WIDTH1_C_M_AXI_WUSER_WIDTH1_C_M_AXI_RUSER_WIDTH1_C_M_AXI_BUSER_WIDTH1_C_USER_VALUE0_C_PROT_VALUE0_C_CACHE_VALUE3_USER_DW32_USER_AW64_USER_MAXREQS7_USER_RFIFONUM_WIDTH9_205
gmem2_m_axi_U/clk_gate_load_unit_buff_rdata_genblk1_U_fifo_mem_mem_reg_162_       3.9900     0.0      0.0000       3.9900 0.0000 SNPS_CLOCK_GATE_HIGH_tinytpu_isa_gmem2_m_axi_CONSERVATIVE1_NUM_READ_OUTSTANDING16_NUM_WRITE_OUTSTANDING16_MAX_READ_BURST_LENGTH16_MAX_WRITE_BURST_LENGTH16_C_M_AXI_ID_WIDTH1_C_M_AXI_ADDR_WIDTH64_C_M_AXI_DATA_WIDTH32_C_M_AXI_AWUSER_WIDTH1_C_M_AXI_ARUSER_WIDTH1_C_M_AXI_WUSER_WIDTH1_C_M_AXI_RUSER_WIDTH1_C_M_AXI_BUSER_WIDTH1_C_USER_VALUE0_C_PROT_VALUE0_C_CACHE_VALUE3_USER_DW32_USER_AW64_USER_MAXREQS7_USER_RFIFONUM_WIDTH9_206
gmem2_m_axi_U/clk_gate_load_unit_buff_rdata_genblk1_U_fifo_mem_mem_reg_163_       3.9900     0.0      0.0000       3.9900 0.0000 SNPS_CLOCK_GATE_HIGH_tinytpu_isa_gmem2_m_axi_CONSERVATIVE1_NUM_READ_OUTSTANDING16_NUM_WRITE_OUTSTANDING16_MAX_READ_BURST_LENGTH16_MAX_WRITE_BURST_LENGTH16_C_M_AXI_ID_WIDTH1_C_M_AXI_ADDR_WIDTH64_C_M_AXI_DATA_WIDTH32_C_M_AXI_AWUSER_WIDTH1_C_M_AXI_ARUSER_WIDTH1_C_M_AXI_WUSER_WIDTH1_C_M_AXI_RUSER_WIDTH1_C_M_AXI_BUSER_WIDTH1_C_USER_VALUE0_C_PROT_VALUE0_C_CACHE_VALUE3_USER_DW32_USER_AW64_USER_MAXREQS7_USER_RFIFONUM_WIDTH9_207
gmem2_m_axi_U/clk_gate_load_unit_buff_rdata_genblk1_U_fifo_mem_mem_reg_164_       3.9900     0.0      0.0000       3.9900 0.0000 SNPS_CLOCK_GATE_HIGH_tinytpu_isa_gmem2_m_axi_CONSERVATIVE1_NUM_READ_OUTSTANDING16_NUM_WRITE_OUTSTANDING16_MAX_READ_BURST_LENGTH16_MAX_WRITE_BURST_LENGTH16_C_M_AXI_ID_WIDTH1_C_M_AXI_ADDR_WIDTH64_C_M_AXI_DATA_WIDTH32_C_M_AXI_AWUSER_WIDTH1_C_M_AXI_ARUSER_WIDTH1_C_M_AXI_WUSER_WIDTH1_C_M_AXI_RUSER_WIDTH1_C_M_AXI_BUSER_WIDTH1_C_USER_VALUE0_C_PROT_VALUE0_C_CACHE_VALUE3_USER_DW32_USER_AW64_USER_MAXREQS7_USER_RFIFONUM_WIDTH9_208
gmem2_m_axi_U/clk_gate_load_unit_buff_rdata_genblk1_U_fifo_mem_mem_reg_165_       3.9900     0.0      0.0000       3.9900 0.0000 SNPS_CLOCK_GATE_HIGH_tinytpu_isa_gmem2_m_axi_CONSERVATIVE1_NUM_READ_OUTSTANDING16_NUM_WRITE_OUTSTANDING16_MAX_READ_BURST_LENGTH16_MAX_WRITE_BURST_LENGTH16_C_M_AXI_ID_WIDTH1_C_M_AXI_ADDR_WIDTH64_C_M_AXI_DATA_WIDTH32_C_M_AXI_AWUSER_WIDTH1_C_M_AXI_ARUSER_WIDTH1_C_M_AXI_WUSER_WIDTH1_C_M_AXI_RUSER_WIDTH1_C_M_AXI_BUSER_WIDTH1_C_USER_VALUE0_C_PROT_VALUE0_C_CACHE_VALUE3_USER_DW32_USER_AW64_USER_MAXREQS7_USER_RFIFONUM_WIDTH9_209
gmem2_m_axi_U/clk_gate_load_unit_buff_rdata_genblk1_U_fifo_mem_mem_reg_166_       3.9900     0.0      0.0000       3.9900 0.0000 SNPS_CLOCK_GATE_HIGH_tinytpu_isa_gmem2_m_axi_CONSERVATIVE1_NUM_READ_OUTSTANDING16_NUM_WRITE_OUTSTANDING16_MAX_READ_BURST_LENGTH16_MAX_WRITE_BURST_LENGTH16_C_M_AXI_ID_WIDTH1_C_M_AXI_ADDR_WIDTH64_C_M_AXI_DATA_WIDTH32_C_M_AXI_AWUSER_WIDTH1_C_M_AXI_ARUSER_WIDTH1_C_M_AXI_WUSER_WIDTH1_C_M_AXI_RUSER_WIDTH1_C_M_AXI_BUSER_WIDTH1_C_USER_VALUE0_C_PROT_VALUE0_C_CACHE_VALUE3_USER_DW32_USER_AW64_USER_MAXREQS7_USER_RFIFONUM_WIDTH9_210
gmem2_m_axi_U/clk_gate_load_unit_buff_rdata_genblk1_U_fifo_mem_mem_reg_167_       3.9900     0.0      0.0000       3.9900 0.0000 SNPS_CLOCK_GATE_HIGH_tinytpu_isa_gmem2_m_axi_CONSERVATIVE1_NUM_READ_OUTSTANDING16_NUM_WRITE_OUTSTANDING16_MAX_READ_BURST_LENGTH16_MAX_WRITE_BURST_LENGTH16_C_M_AXI_ID_WIDTH1_C_M_AXI_ADDR_WIDTH64_C_M_AXI_DATA_WIDTH32_C_M_AXI_AWUSER_WIDTH1_C_M_AXI_ARUSER_WIDTH1_C_M_AXI_WUSER_WIDTH1_C_M_AXI_RUSER_WIDTH1_C_M_AXI_BUSER_WIDTH1_C_USER_VALUE0_C_PROT_VALUE0_C_CACHE_VALUE3_USER_DW32_USER_AW64_USER_MAXREQS7_USER_RFIFONUM_WIDTH9_211
gmem2_m_axi_U/clk_gate_load_unit_buff_rdata_genblk1_U_fifo_mem_mem_reg_168_       3.9900     0.0      0.0000       3.9900 0.0000 SNPS_CLOCK_GATE_HIGH_tinytpu_isa_gmem2_m_axi_CONSERVATIVE1_NUM_READ_OUTSTANDING16_NUM_WRITE_OUTSTANDING16_MAX_READ_BURST_LENGTH16_MAX_WRITE_BURST_LENGTH16_C_M_AXI_ID_WIDTH1_C_M_AXI_ADDR_WIDTH64_C_M_AXI_DATA_WIDTH32_C_M_AXI_AWUSER_WIDTH1_C_M_AXI_ARUSER_WIDTH1_C_M_AXI_WUSER_WIDTH1_C_M_AXI_RUSER_WIDTH1_C_M_AXI_BUSER_WIDTH1_C_USER_VALUE0_C_PROT_VALUE0_C_CACHE_VALUE3_USER_DW32_USER_AW64_USER_MAXREQS7_USER_RFIFONUM_WIDTH9_212
gmem2_m_axi_U/clk_gate_load_unit_buff_rdata_genblk1_U_fifo_mem_mem_reg_169_       3.9900     0.0      0.0000       3.9900 0.0000 SNPS_CLOCK_GATE_HIGH_tinytpu_isa_gmem2_m_axi_CONSERVATIVE1_NUM_READ_OUTSTANDING16_NUM_WRITE_OUTSTANDING16_MAX_READ_BURST_LENGTH16_MAX_WRITE_BURST_LENGTH16_C_M_AXI_ID_WIDTH1_C_M_AXI_ADDR_WIDTH64_C_M_AXI_DATA_WIDTH32_C_M_AXI_AWUSER_WIDTH1_C_M_AXI_ARUSER_WIDTH1_C_M_AXI_WUSER_WIDTH1_C_M_AXI_RUSER_WIDTH1_C_M_AXI_BUSER_WIDTH1_C_USER_VALUE0_C_PROT_VALUE0_C_CACHE_VALUE3_USER_DW32_USER_AW64_USER_MAXREQS7_USER_RFIFONUM_WIDTH9_213
gmem2_m_axi_U/clk_gate_load_unit_buff_rdata_genblk1_U_fifo_mem_mem_reg_16_       3.9900     0.0      0.0000       3.9900 0.0000 SNPS_CLOCK_GATE_HIGH_tinytpu_isa_gmem2_m_axi_CONSERVATIVE1_NUM_READ_OUTSTANDING16_NUM_WRITE_OUTSTANDING16_MAX_READ_BURST_LENGTH16_MAX_WRITE_BURST_LENGTH16_C_M_AXI_ID_WIDTH1_C_M_AXI_ADDR_WIDTH64_C_M_AXI_DATA_WIDTH32_C_M_AXI_AWUSER_WIDTH1_C_M_AXI_ARUSER_WIDTH1_C_M_AXI_WUSER_WIDTH1_C_M_AXI_RUSER_WIDTH1_C_M_AXI_BUSER_WIDTH1_C_USER_VALUE0_C_PROT_VALUE0_C_CACHE_VALUE3_USER_DW32_USER_AW64_USER_MAXREQS7_USER_RFIFONUM_WIDTH9_60
gmem2_m_axi_U/clk_gate_load_unit_buff_rdata_genblk1_U_fifo_mem_mem_reg_170_       3.9900     0.0      0.0000       3.9900 0.0000 SNPS_CLOCK_GATE_HIGH_tinytpu_isa_gmem2_m_axi_CONSERVATIVE1_NUM_READ_OUTSTANDING16_NUM_WRITE_OUTSTANDING16_MAX_READ_BURST_LENGTH16_MAX_WRITE_BURST_LENGTH16_C_M_AXI_ID_WIDTH1_C_M_AXI_ADDR_WIDTH64_C_M_AXI_DATA_WIDTH32_C_M_AXI_AWUSER_WIDTH1_C_M_AXI_ARUSER_WIDTH1_C_M_AXI_WUSER_WIDTH1_C_M_AXI_RUSER_WIDTH1_C_M_AXI_BUSER_WIDTH1_C_USER_VALUE0_C_PROT_VALUE0_C_CACHE_VALUE3_USER_DW32_USER_AW64_USER_MAXREQS7_USER_RFIFONUM_WIDTH9_214
gmem2_m_axi_U/clk_gate_load_unit_buff_rdata_genblk1_U_fifo_mem_mem_reg_171_       3.9900     0.0      0.0000       3.9900 0.0000 SNPS_CLOCK_GATE_HIGH_tinytpu_isa_gmem2_m_axi_CONSERVATIVE1_NUM_READ_OUTSTANDING16_NUM_WRITE_OUTSTANDING16_MAX_READ_BURST_LENGTH16_MAX_WRITE_BURST_LENGTH16_C_M_AXI_ID_WIDTH1_C_M_AXI_ADDR_WIDTH64_C_M_AXI_DATA_WIDTH32_C_M_AXI_AWUSER_WIDTH1_C_M_AXI_ARUSER_WIDTH1_C_M_AXI_WUSER_WIDTH1_C_M_AXI_RUSER_WIDTH1_C_M_AXI_BUSER_WIDTH1_C_USER_VALUE0_C_PROT_VALUE0_C_CACHE_VALUE3_USER_DW32_USER_AW64_USER_MAXREQS7_USER_RFIFONUM_WIDTH9_215
gmem2_m_axi_U/clk_gate_load_unit_buff_rdata_genblk1_U_fifo_mem_mem_reg_172_       3.9900     0.0      0.0000       3.9900 0.0000 SNPS_CLOCK_GATE_HIGH_tinytpu_isa_gmem2_m_axi_CONSERVATIVE1_NUM_READ_OUTSTANDING16_NUM_WRITE_OUTSTANDING16_MAX_READ_BURST_LENGTH16_MAX_WRITE_BURST_LENGTH16_C_M_AXI_ID_WIDTH1_C_M_AXI_ADDR_WIDTH64_C_M_AXI_DATA_WIDTH32_C_M_AXI_AWUSER_WIDTH1_C_M_AXI_ARUSER_WIDTH1_C_M_AXI_WUSER_WIDTH1_C_M_AXI_RUSER_WIDTH1_C_M_AXI_BUSER_WIDTH1_C_USER_VALUE0_C_PROT_VALUE0_C_CACHE_VALUE3_USER_DW32_USER_AW64_USER_MAXREQS7_USER_RFIFONUM_WIDTH9_216
gmem2_m_axi_U/clk_gate_load_unit_buff_rdata_genblk1_U_fifo_mem_mem_reg_173_       3.9900     0.0      0.0000       3.9900 0.0000 SNPS_CLOCK_GATE_HIGH_tinytpu_isa_gmem2_m_axi_CONSERVATIVE1_NUM_READ_OUTSTANDING16_NUM_WRITE_OUTSTANDING16_MAX_READ_BURST_LENGTH16_MAX_WRITE_BURST_LENGTH16_C_M_AXI_ID_WIDTH1_C_M_AXI_ADDR_WIDTH64_C_M_AXI_DATA_WIDTH32_C_M_AXI_AWUSER_WIDTH1_C_M_AXI_ARUSER_WIDTH1_C_M_AXI_WUSER_WIDTH1_C_M_AXI_RUSER_WIDTH1_C_M_AXI_BUSER_WIDTH1_C_USER_VALUE0_C_PROT_VALUE0_C_CACHE_VALUE3_USER_DW32_USER_AW64_USER_MAXREQS7_USER_RFIFONUM_WIDTH9_217
gmem2_m_axi_U/clk_gate_load_unit_buff_rdata_genblk1_U_fifo_mem_mem_reg_174_       3.9900     0.0      0.0000       3.9900 0.0000 SNPS_CLOCK_GATE_HIGH_tinytpu_isa_gmem2_m_axi_CONSERVATIVE1_NUM_READ_OUTSTANDING16_NUM_WRITE_OUTSTANDING16_MAX_READ_BURST_LENGTH16_MAX_WRITE_BURST_LENGTH16_C_M_AXI_ID_WIDTH1_C_M_AXI_ADDR_WIDTH64_C_M_AXI_DATA_WIDTH32_C_M_AXI_AWUSER_WIDTH1_C_M_AXI_ARUSER_WIDTH1_C_M_AXI_WUSER_WIDTH1_C_M_AXI_RUSER_WIDTH1_C_M_AXI_BUSER_WIDTH1_C_USER_VALUE0_C_PROT_VALUE0_C_CACHE_VALUE3_USER_DW32_USER_AW64_USER_MAXREQS7_USER_RFIFONUM_WIDTH9_218
gmem2_m_axi_U/clk_gate_load_unit_buff_rdata_genblk1_U_fifo_mem_mem_reg_175_       3.9900     0.0      0.0000       3.9900 0.0000 SNPS_CLOCK_GATE_HIGH_tinytpu_isa_gmem2_m_axi_CONSERVATIVE1_NUM_READ_OUTSTANDING16_NUM_WRITE_OUTSTANDING16_MAX_READ_BURST_LENGTH16_MAX_WRITE_BURST_LENGTH16_C_M_AXI_ID_WIDTH1_C_M_AXI_ADDR_WIDTH64_C_M_AXI_DATA_WIDTH32_C_M_AXI_AWUSER_WIDTH1_C_M_AXI_ARUSER_WIDTH1_C_M_AXI_WUSER_WIDTH1_C_M_AXI_RUSER_WIDTH1_C_M_AXI_BUSER_WIDTH1_C_USER_VALUE0_C_PROT_VALUE0_C_CACHE_VALUE3_USER_DW32_USER_AW64_USER_MAXREQS7_USER_RFIFONUM_WIDTH9_219
gmem2_m_axi_U/clk_gate_load_unit_buff_rdata_genblk1_U_fifo_mem_mem_reg_176_       3.9900     0.0      0.0000       3.9900 0.0000 SNPS_CLOCK_GATE_HIGH_tinytpu_isa_gmem2_m_axi_CONSERVATIVE1_NUM_READ_OUTSTANDING16_NUM_WRITE_OUTSTANDING16_MAX_READ_BURST_LENGTH16_MAX_WRITE_BURST_LENGTH16_C_M_AXI_ID_WIDTH1_C_M_AXI_ADDR_WIDTH64_C_M_AXI_DATA_WIDTH32_C_M_AXI_AWUSER_WIDTH1_C_M_AXI_ARUSER_WIDTH1_C_M_AXI_WUSER_WIDTH1_C_M_AXI_RUSER_WIDTH1_C_M_AXI_BUSER_WIDTH1_C_USER_VALUE0_C_PROT_VALUE0_C_CACHE_VALUE3_USER_DW32_USER_AW64_USER_MAXREQS7_USER_RFIFONUM_WIDTH9_220
gmem2_m_axi_U/clk_gate_load_unit_buff_rdata_genblk1_U_fifo_mem_mem_reg_177_       3.9900     0.0      0.0000       3.9900 0.0000 SNPS_CLOCK_GATE_HIGH_tinytpu_isa_gmem2_m_axi_CONSERVATIVE1_NUM_READ_OUTSTANDING16_NUM_WRITE_OUTSTANDING16_MAX_READ_BURST_LENGTH16_MAX_WRITE_BURST_LENGTH16_C_M_AXI_ID_WIDTH1_C_M_AXI_ADDR_WIDTH64_C_M_AXI_DATA_WIDTH32_C_M_AXI_AWUSER_WIDTH1_C_M_AXI_ARUSER_WIDTH1_C_M_AXI_WUSER_WIDTH1_C_M_AXI_RUSER_WIDTH1_C_M_AXI_BUSER_WIDTH1_C_USER_VALUE0_C_PROT_VALUE0_C_CACHE_VALUE3_USER_DW32_USER_AW64_USER_MAXREQS7_USER_RFIFONUM_WIDTH9_221
gmem2_m_axi_U/clk_gate_load_unit_buff_rdata_genblk1_U_fifo_mem_mem_reg_178_       3.9900     0.0      0.0000       3.9900 0.0000 SNPS_CLOCK_GATE_HIGH_tinytpu_isa_gmem2_m_axi_CONSERVATIVE1_NUM_READ_OUTSTANDING16_NUM_WRITE_OUTSTANDING16_MAX_READ_BURST_LENGTH16_MAX_WRITE_BURST_LENGTH16_C_M_AXI_ID_WIDTH1_C_M_AXI_ADDR_WIDTH64_C_M_AXI_DATA_WIDTH32_C_M_AXI_AWUSER_WIDTH1_C_M_AXI_ARUSER_WIDTH1_C_M_AXI_WUSER_WIDTH1_C_M_AXI_RUSER_WIDTH1_C_M_AXI_BUSER_WIDTH1_C_USER_VALUE0_C_PROT_VALUE0_C_CACHE_VALUE3_USER_DW32_USER_AW64_USER_MAXREQS7_USER_RFIFONUM_WIDTH9_222
gmem2_m_axi_U/clk_gate_load_unit_buff_rdata_genblk1_U_fifo_mem_mem_reg_179_       3.9900     0.0      0.0000       3.9900 0.0000 SNPS_CLOCK_GATE_HIGH_tinytpu_isa_gmem2_m_axi_CONSERVATIVE1_NUM_READ_OUTSTANDING16_NUM_WRITE_OUTSTANDING16_MAX_READ_BURST_LENGTH16_MAX_WRITE_BURST_LENGTH16_C_M_AXI_ID_WIDTH1_C_M_AXI_ADDR_WIDTH64_C_M_AXI_DATA_WIDTH32_C_M_AXI_AWUSER_WIDTH1_C_M_AXI_ARUSER_WIDTH1_C_M_AXI_WUSER_WIDTH1_C_M_AXI_RUSER_WIDTH1_C_M_AXI_BUSER_WIDTH1_C_USER_VALUE0_C_PROT_VALUE0_C_CACHE_VALUE3_USER_DW32_USER_AW64_USER_MAXREQS7_USER_RFIFONUM_WIDTH9_223
gmem2_m_axi_U/clk_gate_load_unit_buff_rdata_genblk1_U_fifo_mem_mem_reg_17_       3.9900     0.0      0.0000       3.9900 0.0000 SNPS_CLOCK_GATE_HIGH_tinytpu_isa_gmem2_m_axi_CONSERVATIVE1_NUM_READ_OUTSTANDING16_NUM_WRITE_OUTSTANDING16_MAX_READ_BURST_LENGTH16_MAX_WRITE_BURST_LENGTH16_C_M_AXI_ID_WIDTH1_C_M_AXI_ADDR_WIDTH64_C_M_AXI_DATA_WIDTH32_C_M_AXI_AWUSER_WIDTH1_C_M_AXI_ARUSER_WIDTH1_C_M_AXI_WUSER_WIDTH1_C_M_AXI_RUSER_WIDTH1_C_M_AXI_BUSER_WIDTH1_C_USER_VALUE0_C_PROT_VALUE0_C_CACHE_VALUE3_USER_DW32_USER_AW64_USER_MAXREQS7_USER_RFIFONUM_WIDTH9_61
gmem2_m_axi_U/clk_gate_load_unit_buff_rdata_genblk1_U_fifo_mem_mem_reg_180_       3.9900     0.0      0.0000       3.9900 0.0000 SNPS_CLOCK_GATE_HIGH_tinytpu_isa_gmem2_m_axi_CONSERVATIVE1_NUM_READ_OUTSTANDING16_NUM_WRITE_OUTSTANDING16_MAX_READ_BURST_LENGTH16_MAX_WRITE_BURST_LENGTH16_C_M_AXI_ID_WIDTH1_C_M_AXI_ADDR_WIDTH64_C_M_AXI_DATA_WIDTH32_C_M_AXI_AWUSER_WIDTH1_C_M_AXI_ARUSER_WIDTH1_C_M_AXI_WUSER_WIDTH1_C_M_AXI_RUSER_WIDTH1_C_M_AXI_BUSER_WIDTH1_C_USER_VALUE0_C_PROT_VALUE0_C_CACHE_VALUE3_USER_DW32_USER_AW64_USER_MAXREQS7_USER_RFIFONUM_WIDTH9_224
gmem2_m_axi_U/clk_gate_load_unit_buff_rdata_genblk1_U_fifo_mem_mem_reg_181_       3.9900     0.0      0.0000       3.9900 0.0000 SNPS_CLOCK_GATE_HIGH_tinytpu_isa_gmem2_m_axi_CONSERVATIVE1_NUM_READ_OUTSTANDING16_NUM_WRITE_OUTSTANDING16_MAX_READ_BURST_LENGTH16_MAX_WRITE_BURST_LENGTH16_C_M_AXI_ID_WIDTH1_C_M_AXI_ADDR_WIDTH64_C_M_AXI_DATA_WIDTH32_C_M_AXI_AWUSER_WIDTH1_C_M_AXI_ARUSER_WIDTH1_C_M_AXI_WUSER_WIDTH1_C_M_AXI_RUSER_WIDTH1_C_M_AXI_BUSER_WIDTH1_C_USER_VALUE0_C_PROT_VALUE0_C_CACHE_VALUE3_USER_DW32_USER_AW64_USER_MAXREQS7_USER_RFIFONUM_WIDTH9_225
gmem2_m_axi_U/clk_gate_load_unit_buff_rdata_genblk1_U_fifo_mem_mem_reg_182_       3.9900     0.0      0.0000       3.9900 0.0000 SNPS_CLOCK_GATE_HIGH_tinytpu_isa_gmem2_m_axi_CONSERVATIVE1_NUM_READ_OUTSTANDING16_NUM_WRITE_OUTSTANDING16_MAX_READ_BURST_LENGTH16_MAX_WRITE_BURST_LENGTH16_C_M_AXI_ID_WIDTH1_C_M_AXI_ADDR_WIDTH64_C_M_AXI_DATA_WIDTH32_C_M_AXI_AWUSER_WIDTH1_C_M_AXI_ARUSER_WIDTH1_C_M_AXI_WUSER_WIDTH1_C_M_AXI_RUSER_WIDTH1_C_M_AXI_BUSER_WIDTH1_C_USER_VALUE0_C_PROT_VALUE0_C_CACHE_VALUE3_USER_DW32_USER_AW64_USER_MAXREQS7_USER_RFIFONUM_WIDTH9_226
gmem2_m_axi_U/clk_gate_load_unit_buff_rdata_genblk1_U_fifo_mem_mem_reg_183_       3.9900     0.0      0.0000       3.9900 0.0000 SNPS_CLOCK_GATE_HIGH_tinytpu_isa_gmem2_m_axi_CONSERVATIVE1_NUM_READ_OUTSTANDING16_NUM_WRITE_OUTSTANDING16_MAX_READ_BURST_LENGTH16_MAX_WRITE_BURST_LENGTH16_C_M_AXI_ID_WIDTH1_C_M_AXI_ADDR_WIDTH64_C_M_AXI_DATA_WIDTH32_C_M_AXI_AWUSER_WIDTH1_C_M_AXI_ARUSER_WIDTH1_C_M_AXI_WUSER_WIDTH1_C_M_AXI_RUSER_WIDTH1_C_M_AXI_BUSER_WIDTH1_C_USER_VALUE0_C_PROT_VALUE0_C_CACHE_VALUE3_USER_DW32_USER_AW64_USER_MAXREQS7_USER_RFIFONUM_WIDTH9_227
gmem2_m_axi_U/clk_gate_load_unit_buff_rdata_genblk1_U_fifo_mem_mem_reg_184_       3.9900     0.0      0.0000       3.9900 0.0000 SNPS_CLOCK_GATE_HIGH_tinytpu_isa_gmem2_m_axi_CONSERVATIVE1_NUM_READ_OUTSTANDING16_NUM_WRITE_OUTSTANDING16_MAX_READ_BURST_LENGTH16_MAX_WRITE_BURST_LENGTH16_C_M_AXI_ID_WIDTH1_C_M_AXI_ADDR_WIDTH64_C_M_AXI_DATA_WIDTH32_C_M_AXI_AWUSER_WIDTH1_C_M_AXI_ARUSER_WIDTH1_C_M_AXI_WUSER_WIDTH1_C_M_AXI_RUSER_WIDTH1_C_M_AXI_BUSER_WIDTH1_C_USER_VALUE0_C_PROT_VALUE0_C_CACHE_VALUE3_USER_DW32_USER_AW64_USER_MAXREQS7_USER_RFIFONUM_WIDTH9_228
gmem2_m_axi_U/clk_gate_load_unit_buff_rdata_genblk1_U_fifo_mem_mem_reg_185_       3.9900     0.0      0.0000       3.9900 0.0000 SNPS_CLOCK_GATE_HIGH_tinytpu_isa_gmem2_m_axi_CONSERVATIVE1_NUM_READ_OUTSTANDING16_NUM_WRITE_OUTSTANDING16_MAX_READ_BURST_LENGTH16_MAX_WRITE_BURST_LENGTH16_C_M_AXI_ID_WIDTH1_C_M_AXI_ADDR_WIDTH64_C_M_AXI_DATA_WIDTH32_C_M_AXI_AWUSER_WIDTH1_C_M_AXI_ARUSER_WIDTH1_C_M_AXI_WUSER_WIDTH1_C_M_AXI_RUSER_WIDTH1_C_M_AXI_BUSER_WIDTH1_C_USER_VALUE0_C_PROT_VALUE0_C_CACHE_VALUE3_USER_DW32_USER_AW64_USER_MAXREQS7_USER_RFIFONUM_WIDTH9_229
gmem2_m_axi_U/clk_gate_load_unit_buff_rdata_genblk1_U_fifo_mem_mem_reg_186_       3.9900     0.0      0.0000       3.9900 0.0000 SNPS_CLOCK_GATE_HIGH_tinytpu_isa_gmem2_m_axi_CONSERVATIVE1_NUM_READ_OUTSTANDING16_NUM_WRITE_OUTSTANDING16_MAX_READ_BURST_LENGTH16_MAX_WRITE_BURST_LENGTH16_C_M_AXI_ID_WIDTH1_C_M_AXI_ADDR_WIDTH64_C_M_AXI_DATA_WIDTH32_C_M_AXI_AWUSER_WIDTH1_C_M_AXI_ARUSER_WIDTH1_C_M_AXI_WUSER_WIDTH1_C_M_AXI_RUSER_WIDTH1_C_M_AXI_BUSER_WIDTH1_C_USER_VALUE0_C_PROT_VALUE0_C_CACHE_VALUE3_USER_DW32_USER_AW64_USER_MAXREQS7_USER_RFIFONUM_WIDTH9_230
gmem2_m_axi_U/clk_gate_load_unit_buff_rdata_genblk1_U_fifo_mem_mem_reg_187_       3.9900     0.0      0.0000       3.9900 0.0000 SNPS_CLOCK_GATE_HIGH_tinytpu_isa_gmem2_m_axi_CONSERVATIVE1_NUM_READ_OUTSTANDING16_NUM_WRITE_OUTSTANDING16_MAX_READ_BURST_LENGTH16_MAX_WRITE_BURST_LENGTH16_C_M_AXI_ID_WIDTH1_C_M_AXI_ADDR_WIDTH64_C_M_AXI_DATA_WIDTH32_C_M_AXI_AWUSER_WIDTH1_C_M_AXI_ARUSER_WIDTH1_C_M_AXI_WUSER_WIDTH1_C_M_AXI_RUSER_WIDTH1_C_M_AXI_BUSER_WIDTH1_C_USER_VALUE0_C_PROT_VALUE0_C_CACHE_VALUE3_USER_DW32_USER_AW64_USER_MAXREQS7_USER_RFIFONUM_WIDTH9_231
gmem2_m_axi_U/clk_gate_load_unit_buff_rdata_genblk1_U_fifo_mem_mem_reg_188_       3.9900     0.0      0.0000       3.9900 0.0000 SNPS_CLOCK_GATE_HIGH_tinytpu_isa_gmem2_m_axi_CONSERVATIVE1_NUM_READ_OUTSTANDING16_NUM_WRITE_OUTSTANDING16_MAX_READ_BURST_LENGTH16_MAX_WRITE_BURST_LENGTH16_C_M_AXI_ID_WIDTH1_C_M_AXI_ADDR_WIDTH64_C_M_AXI_DATA_WIDTH32_C_M_AXI_AWUSER_WIDTH1_C_M_AXI_ARUSER_WIDTH1_C_M_AXI_WUSER_WIDTH1_C_M_AXI_RUSER_WIDTH1_C_M_AXI_BUSER_WIDTH1_C_USER_VALUE0_C_PROT_VALUE0_C_CACHE_VALUE3_USER_DW32_USER_AW64_USER_MAXREQS7_USER_RFIFONUM_WIDTH9_232
gmem2_m_axi_U/clk_gate_load_unit_buff_rdata_genblk1_U_fifo_mem_mem_reg_189_       3.9900     0.0      0.0000       3.9900 0.0000 SNPS_CLOCK_GATE_HIGH_tinytpu_isa_gmem2_m_axi_CONSERVATIVE1_NUM_READ_OUTSTANDING16_NUM_WRITE_OUTSTANDING16_MAX_READ_BURST_LENGTH16_MAX_WRITE_BURST_LENGTH16_C_M_AXI_ID_WIDTH1_C_M_AXI_ADDR_WIDTH64_C_M_AXI_DATA_WIDTH32_C_M_AXI_AWUSER_WIDTH1_C_M_AXI_ARUSER_WIDTH1_C_M_AXI_WUSER_WIDTH1_C_M_AXI_RUSER_WIDTH1_C_M_AXI_BUSER_WIDTH1_C_USER_VALUE0_C_PROT_VALUE0_C_CACHE_VALUE3_USER_DW32_USER_AW64_USER_MAXREQS7_USER_RFIFONUM_WIDTH9_233
gmem2_m_axi_U/clk_gate_load_unit_buff_rdata_genblk1_U_fifo_mem_mem_reg_18_       3.9900     0.0      0.0000       3.9900 0.0000 SNPS_CLOCK_GATE_HIGH_tinytpu_isa_gmem2_m_axi_CONSERVATIVE1_NUM_READ_OUTSTANDING16_NUM_WRITE_OUTSTANDING16_MAX_READ_BURST_LENGTH16_MAX_WRITE_BURST_LENGTH16_C_M_AXI_ID_WIDTH1_C_M_AXI_ADDR_WIDTH64_C_M_AXI_DATA_WIDTH32_C_M_AXI_AWUSER_WIDTH1_C_M_AXI_ARUSER_WIDTH1_C_M_AXI_WUSER_WIDTH1_C_M_AXI_RUSER_WIDTH1_C_M_AXI_BUSER_WIDTH1_C_USER_VALUE0_C_PROT_VALUE0_C_CACHE_VALUE3_USER_DW32_USER_AW64_USER_MAXREQS7_USER_RFIFONUM_WIDTH9_62
gmem2_m_axi_U/clk_gate_load_unit_buff_rdata_genblk1_U_fifo_mem_mem_reg_190_       3.9900     0.0      0.0000       3.9900 0.0000 SNPS_CLOCK_GATE_HIGH_tinytpu_isa_gmem2_m_axi_CONSERVATIVE1_NUM_READ_OUTSTANDING16_NUM_WRITE_OUTSTANDING16_MAX_READ_BURST_LENGTH16_MAX_WRITE_BURST_LENGTH16_C_M_AXI_ID_WIDTH1_C_M_AXI_ADDR_WIDTH64_C_M_AXI_DATA_WIDTH32_C_M_AXI_AWUSER_WIDTH1_C_M_AXI_ARUSER_WIDTH1_C_M_AXI_WUSER_WIDTH1_C_M_AXI_RUSER_WIDTH1_C_M_AXI_BUSER_WIDTH1_C_USER_VALUE0_C_PROT_VALUE0_C_CACHE_VALUE3_USER_DW32_USER_AW64_USER_MAXREQS7_USER_RFIFONUM_WIDTH9_234
gmem2_m_axi_U/clk_gate_load_unit_buff_rdata_genblk1_U_fifo_mem_mem_reg_191_       3.9900     0.0      0.0000       3.9900 0.0000 SNPS_CLOCK_GATE_HIGH_tinytpu_isa_gmem2_m_axi_CONSERVATIVE1_NUM_READ_OUTSTANDING16_NUM_WRITE_OUTSTANDING16_MAX_READ_BURST_LENGTH16_MAX_WRITE_BURST_LENGTH16_C_M_AXI_ID_WIDTH1_C_M_AXI_ADDR_WIDTH64_C_M_AXI_DATA_WIDTH32_C_M_AXI_AWUSER_WIDTH1_C_M_AXI_ARUSER_WIDTH1_C_M_AXI_WUSER_WIDTH1_C_M_AXI_RUSER_WIDTH1_C_M_AXI_BUSER_WIDTH1_C_USER_VALUE0_C_PROT_VALUE0_C_CACHE_VALUE3_USER_DW32_USER_AW64_USER_MAXREQS7_USER_RFIFONUM_WIDTH9_235
gmem2_m_axi_U/clk_gate_load_unit_buff_rdata_genblk1_U_fifo_mem_mem_reg_192_       3.9900     0.0      0.0000       3.9900 0.0000 SNPS_CLOCK_GATE_HIGH_tinytpu_isa_gmem2_m_axi_CONSERVATIVE1_NUM_READ_OUTSTANDING16_NUM_WRITE_OUTSTANDING16_MAX_READ_BURST_LENGTH16_MAX_WRITE_BURST_LENGTH16_C_M_AXI_ID_WIDTH1_C_M_AXI_ADDR_WIDTH64_C_M_AXI_DATA_WIDTH32_C_M_AXI_AWUSER_WIDTH1_C_M_AXI_ARUSER_WIDTH1_C_M_AXI_WUSER_WIDTH1_C_M_AXI_RUSER_WIDTH1_C_M_AXI_BUSER_WIDTH1_C_USER_VALUE0_C_PROT_VALUE0_C_CACHE_VALUE3_USER_DW32_USER_AW64_USER_MAXREQS7_USER_RFIFONUM_WIDTH9_236
gmem2_m_axi_U/clk_gate_load_unit_buff_rdata_genblk1_U_fifo_mem_mem_reg_193_       3.9900     0.0      0.0000       3.9900 0.0000 SNPS_CLOCK_GATE_HIGH_tinytpu_isa_gmem2_m_axi_CONSERVATIVE1_NUM_READ_OUTSTANDING16_NUM_WRITE_OUTSTANDING16_MAX_READ_BURST_LENGTH16_MAX_WRITE_BURST_LENGTH16_C_M_AXI_ID_WIDTH1_C_M_AXI_ADDR_WIDTH64_C_M_AXI_DATA_WIDTH32_C_M_AXI_AWUSER_WIDTH1_C_M_AXI_ARUSER_WIDTH1_C_M_AXI_WUSER_WIDTH1_C_M_AXI_RUSER_WIDTH1_C_M_AXI_BUSER_WIDTH1_C_USER_VALUE0_C_PROT_VALUE0_C_CACHE_VALUE3_USER_DW32_USER_AW64_USER_MAXREQS7_USER_RFIFONUM_WIDTH9_237
gmem2_m_axi_U/clk_gate_load_unit_buff_rdata_genblk1_U_fifo_mem_mem_reg_194_       3.9900     0.0      0.0000       3.9900 0.0000 SNPS_CLOCK_GATE_HIGH_tinytpu_isa_gmem2_m_axi_CONSERVATIVE1_NUM_READ_OUTSTANDING16_NUM_WRITE_OUTSTANDING16_MAX_READ_BURST_LENGTH16_MAX_WRITE_BURST_LENGTH16_C_M_AXI_ID_WIDTH1_C_M_AXI_ADDR_WIDTH64_C_M_AXI_DATA_WIDTH32_C_M_AXI_AWUSER_WIDTH1_C_M_AXI_ARUSER_WIDTH1_C_M_AXI_WUSER_WIDTH1_C_M_AXI_RUSER_WIDTH1_C_M_AXI_BUSER_WIDTH1_C_USER_VALUE0_C_PROT_VALUE0_C_CACHE_VALUE3_USER_DW32_USER_AW64_USER_MAXREQS7_USER_RFIFONUM_WIDTH9_238
gmem2_m_axi_U/clk_gate_load_unit_buff_rdata_genblk1_U_fifo_mem_mem_reg_195_       3.9900     0.0      0.0000       3.9900 0.0000 SNPS_CLOCK_GATE_HIGH_tinytpu_isa_gmem2_m_axi_CONSERVATIVE1_NUM_READ_OUTSTANDING16_NUM_WRITE_OUTSTANDING16_MAX_READ_BURST_LENGTH16_MAX_WRITE_BURST_LENGTH16_C_M_AXI_ID_WIDTH1_C_M_AXI_ADDR_WIDTH64_C_M_AXI_DATA_WIDTH32_C_M_AXI_AWUSER_WIDTH1_C_M_AXI_ARUSER_WIDTH1_C_M_AXI_WUSER_WIDTH1_C_M_AXI_RUSER_WIDTH1_C_M_AXI_BUSER_WIDTH1_C_USER_VALUE0_C_PROT_VALUE0_C_CACHE_VALUE3_USER_DW32_USER_AW64_USER_MAXREQS7_USER_RFIFONUM_WIDTH9_239
gmem2_m_axi_U/clk_gate_load_unit_buff_rdata_genblk1_U_fifo_mem_mem_reg_196_       3.9900     0.0      0.0000       3.9900 0.0000 SNPS_CLOCK_GATE_HIGH_tinytpu_isa_gmem2_m_axi_CONSERVATIVE1_NUM_READ_OUTSTANDING16_NUM_WRITE_OUTSTANDING16_MAX_READ_BURST_LENGTH16_MAX_WRITE_BURST_LENGTH16_C_M_AXI_ID_WIDTH1_C_M_AXI_ADDR_WIDTH64_C_M_AXI_DATA_WIDTH32_C_M_AXI_AWUSER_WIDTH1_C_M_AXI_ARUSER_WIDTH1_C_M_AXI_WUSER_WIDTH1_C_M_AXI_RUSER_WIDTH1_C_M_AXI_BUSER_WIDTH1_C_USER_VALUE0_C_PROT_VALUE0_C_CACHE_VALUE3_USER_DW32_USER_AW64_USER_MAXREQS7_USER_RFIFONUM_WIDTH9_240
gmem2_m_axi_U/clk_gate_load_unit_buff_rdata_genblk1_U_fifo_mem_mem_reg_197_       3.9900     0.0      0.0000       3.9900 0.0000 SNPS_CLOCK_GATE_HIGH_tinytpu_isa_gmem2_m_axi_CONSERVATIVE1_NUM_READ_OUTSTANDING16_NUM_WRITE_OUTSTANDING16_MAX_READ_BURST_LENGTH16_MAX_WRITE_BURST_LENGTH16_C_M_AXI_ID_WIDTH1_C_M_AXI_ADDR_WIDTH64_C_M_AXI_DATA_WIDTH32_C_M_AXI_AWUSER_WIDTH1_C_M_AXI_ARUSER_WIDTH1_C_M_AXI_WUSER_WIDTH1_C_M_AXI_RUSER_WIDTH1_C_M_AXI_BUSER_WIDTH1_C_USER_VALUE0_C_PROT_VALUE0_C_CACHE_VALUE3_USER_DW32_USER_AW64_USER_MAXREQS7_USER_RFIFONUM_WIDTH9_241
gmem2_m_axi_U/clk_gate_load_unit_buff_rdata_genblk1_U_fifo_mem_mem_reg_198_       3.9900     0.0      0.0000       3.9900 0.0000 SNPS_CLOCK_GATE_HIGH_tinytpu_isa_gmem2_m_axi_CONSERVATIVE1_NUM_READ_OUTSTANDING16_NUM_WRITE_OUTSTANDING16_MAX_READ_BURST_LENGTH16_MAX_WRITE_BURST_LENGTH16_C_M_AXI_ID_WIDTH1_C_M_AXI_ADDR_WIDTH64_C_M_AXI_DATA_WIDTH32_C_M_AXI_AWUSER_WIDTH1_C_M_AXI_ARUSER_WIDTH1_C_M_AXI_WUSER_WIDTH1_C_M_AXI_RUSER_WIDTH1_C_M_AXI_BUSER_WIDTH1_C_USER_VALUE0_C_PROT_VALUE0_C_CACHE_VALUE3_USER_DW32_USER_AW64_USER_MAXREQS7_USER_RFIFONUM_WIDTH9_242
gmem2_m_axi_U/clk_gate_load_unit_buff_rdata_genblk1_U_fifo_mem_mem_reg_199_       3.9900     0.0      0.0000       3.9900 0.0000 SNPS_CLOCK_GATE_HIGH_tinytpu_isa_gmem2_m_axi_CONSERVATIVE1_NUM_READ_OUTSTANDING16_NUM_WRITE_OUTSTANDING16_MAX_READ_BURST_LENGTH16_MAX_WRITE_BURST_LENGTH16_C_M_AXI_ID_WIDTH1_C_M_AXI_ADDR_WIDTH64_C_M_AXI_DATA_WIDTH32_C_M_AXI_AWUSER_WIDTH1_C_M_AXI_ARUSER_WIDTH1_C_M_AXI_WUSER_WIDTH1_C_M_AXI_RUSER_WIDTH1_C_M_AXI_BUSER_WIDTH1_C_USER_VALUE0_C_PROT_VALUE0_C_CACHE_VALUE3_USER_DW32_USER_AW64_USER_MAXREQS7_USER_RFIFONUM_WIDTH9_243
gmem2_m_axi_U/clk_gate_load_unit_buff_rdata_genblk1_U_fifo_mem_mem_reg_19_       3.9900     0.0      0.0000       3.9900 0.0000 SNPS_CLOCK_GATE_HIGH_tinytpu_isa_gmem2_m_axi_CONSERVATIVE1_NUM_READ_OUTSTANDING16_NUM_WRITE_OUTSTANDING16_MAX_READ_BURST_LENGTH16_MAX_WRITE_BURST_LENGTH16_C_M_AXI_ID_WIDTH1_C_M_AXI_ADDR_WIDTH64_C_M_AXI_DATA_WIDTH32_C_M_AXI_AWUSER_WIDTH1_C_M_AXI_ARUSER_WIDTH1_C_M_AXI_WUSER_WIDTH1_C_M_AXI_RUSER_WIDTH1_C_M_AXI_BUSER_WIDTH1_C_USER_VALUE0_C_PROT_VALUE0_C_CACHE_VALUE3_USER_DW32_USER_AW64_USER_MAXREQS7_USER_RFIFONUM_WIDTH9_63
gmem2_m_axi_U/clk_gate_load_unit_buff_rdata_genblk1_U_fifo_mem_mem_reg_1_       3.9900     0.0      0.0000       3.9900 0.0000 SNPS_CLOCK_GATE_HIGH_tinytpu_isa_gmem2_m_axi_CONSERVATIVE1_NUM_READ_OUTSTANDING16_NUM_WRITE_OUTSTANDING16_MAX_READ_BURST_LENGTH16_MAX_WRITE_BURST_LENGTH16_C_M_AXI_ID_WIDTH1_C_M_AXI_ADDR_WIDTH64_C_M_AXI_DATA_WIDTH32_C_M_AXI_AWUSER_WIDTH1_C_M_AXI_ARUSER_WIDTH1_C_M_AXI_WUSER_WIDTH1_C_M_AXI_RUSER_WIDTH1_C_M_AXI_BUSER_WIDTH1_C_USER_VALUE0_C_PROT_VALUE0_C_CACHE_VALUE3_USER_DW32_USER_AW64_USER_MAXREQS7_USER_RFIFONUM_WIDTH9_45
gmem2_m_axi_U/clk_gate_load_unit_buff_rdata_genblk1_U_fifo_mem_mem_reg_200_       3.9900     0.0      0.0000       3.9900 0.0000 SNPS_CLOCK_GATE_HIGH_tinytpu_isa_gmem2_m_axi_CONSERVATIVE1_NUM_READ_OUTSTANDING16_NUM_WRITE_OUTSTANDING16_MAX_READ_BURST_LENGTH16_MAX_WRITE_BURST_LENGTH16_C_M_AXI_ID_WIDTH1_C_M_AXI_ADDR_WIDTH64_C_M_AXI_DATA_WIDTH32_C_M_AXI_AWUSER_WIDTH1_C_M_AXI_ARUSER_WIDTH1_C_M_AXI_WUSER_WIDTH1_C_M_AXI_RUSER_WIDTH1_C_M_AXI_BUSER_WIDTH1_C_USER_VALUE0_C_PROT_VALUE0_C_CACHE_VALUE3_USER_DW32_USER_AW64_USER_MAXREQS7_USER_RFIFONUM_WIDTH9_244
gmem2_m_axi_U/clk_gate_load_unit_buff_rdata_genblk1_U_fifo_mem_mem_reg_201_       3.9900     0.0      0.0000       3.9900 0.0000 SNPS_CLOCK_GATE_HIGH_tinytpu_isa_gmem2_m_axi_CONSERVATIVE1_NUM_READ_OUTSTANDING16_NUM_WRITE_OUTSTANDING16_MAX_READ_BURST_LENGTH16_MAX_WRITE_BURST_LENGTH16_C_M_AXI_ID_WIDTH1_C_M_AXI_ADDR_WIDTH64_C_M_AXI_DATA_WIDTH32_C_M_AXI_AWUSER_WIDTH1_C_M_AXI_ARUSER_WIDTH1_C_M_AXI_WUSER_WIDTH1_C_M_AXI_RUSER_WIDTH1_C_M_AXI_BUSER_WIDTH1_C_USER_VALUE0_C_PROT_VALUE0_C_CACHE_VALUE3_USER_DW32_USER_AW64_USER_MAXREQS7_USER_RFIFONUM_WIDTH9_245
gmem2_m_axi_U/clk_gate_load_unit_buff_rdata_genblk1_U_fifo_mem_mem_reg_202_       3.9900     0.0      0.0000       3.9900 0.0000 SNPS_CLOCK_GATE_HIGH_tinytpu_isa_gmem2_m_axi_CONSERVATIVE1_NUM_READ_OUTSTANDING16_NUM_WRITE_OUTSTANDING16_MAX_READ_BURST_LENGTH16_MAX_WRITE_BURST_LENGTH16_C_M_AXI_ID_WIDTH1_C_M_AXI_ADDR_WIDTH64_C_M_AXI_DATA_WIDTH32_C_M_AXI_AWUSER_WIDTH1_C_M_AXI_ARUSER_WIDTH1_C_M_AXI_WUSER_WIDTH1_C_M_AXI_RUSER_WIDTH1_C_M_AXI_BUSER_WIDTH1_C_USER_VALUE0_C_PROT_VALUE0_C_CACHE_VALUE3_USER_DW32_USER_AW64_USER_MAXREQS7_USER_RFIFONUM_WIDTH9_246
gmem2_m_axi_U/clk_gate_load_unit_buff_rdata_genblk1_U_fifo_mem_mem_reg_203_       3.9900     0.0      0.0000       3.9900 0.0000 SNPS_CLOCK_GATE_HIGH_tinytpu_isa_gmem2_m_axi_CONSERVATIVE1_NUM_READ_OUTSTANDING16_NUM_WRITE_OUTSTANDING16_MAX_READ_BURST_LENGTH16_MAX_WRITE_BURST_LENGTH16_C_M_AXI_ID_WIDTH1_C_M_AXI_ADDR_WIDTH64_C_M_AXI_DATA_WIDTH32_C_M_AXI_AWUSER_WIDTH1_C_M_AXI_ARUSER_WIDTH1_C_M_AXI_WUSER_WIDTH1_C_M_AXI_RUSER_WIDTH1_C_M_AXI_BUSER_WIDTH1_C_USER_VALUE0_C_PROT_VALUE0_C_CACHE_VALUE3_USER_DW32_USER_AW64_USER_MAXREQS7_USER_RFIFONUM_WIDTH9_247
gmem2_m_axi_U/clk_gate_load_unit_buff_rdata_genblk1_U_fifo_mem_mem_reg_204_       3.9900     0.0      0.0000       3.9900 0.0000 SNPS_CLOCK_GATE_HIGH_tinytpu_isa_gmem2_m_axi_CONSERVATIVE1_NUM_READ_OUTSTANDING16_NUM_WRITE_OUTSTANDING16_MAX_READ_BURST_LENGTH16_MAX_WRITE_BURST_LENGTH16_C_M_AXI_ID_WIDTH1_C_M_AXI_ADDR_WIDTH64_C_M_AXI_DATA_WIDTH32_C_M_AXI_AWUSER_WIDTH1_C_M_AXI_ARUSER_WIDTH1_C_M_AXI_WUSER_WIDTH1_C_M_AXI_RUSER_WIDTH1_C_M_AXI_BUSER_WIDTH1_C_USER_VALUE0_C_PROT_VALUE0_C_CACHE_VALUE3_USER_DW32_USER_AW64_USER_MAXREQS7_USER_RFIFONUM_WIDTH9_248
gmem2_m_axi_U/clk_gate_load_unit_buff_rdata_genblk1_U_fifo_mem_mem_reg_205_       3.9900     0.0      0.0000       3.9900 0.0000 SNPS_CLOCK_GATE_HIGH_tinytpu_isa_gmem2_m_axi_CONSERVATIVE1_NUM_READ_OUTSTANDING16_NUM_WRITE_OUTSTANDING16_MAX_READ_BURST_LENGTH16_MAX_WRITE_BURST_LENGTH16_C_M_AXI_ID_WIDTH1_C_M_AXI_ADDR_WIDTH64_C_M_AXI_DATA_WIDTH32_C_M_AXI_AWUSER_WIDTH1_C_M_AXI_ARUSER_WIDTH1_C_M_AXI_WUSER_WIDTH1_C_M_AXI_RUSER_WIDTH1_C_M_AXI_BUSER_WIDTH1_C_USER_VALUE0_C_PROT_VALUE0_C_CACHE_VALUE3_USER_DW32_USER_AW64_USER_MAXREQS7_USER_RFIFONUM_WIDTH9_249
gmem2_m_axi_U/clk_gate_load_unit_buff_rdata_genblk1_U_fifo_mem_mem_reg_206_       3.9900     0.0      0.0000       3.9900 0.0000 SNPS_CLOCK_GATE_HIGH_tinytpu_isa_gmem2_m_axi_CONSERVATIVE1_NUM_READ_OUTSTANDING16_NUM_WRITE_OUTSTANDING16_MAX_READ_BURST_LENGTH16_MAX_WRITE_BURST_LENGTH16_C_M_AXI_ID_WIDTH1_C_M_AXI_ADDR_WIDTH64_C_M_AXI_DATA_WIDTH32_C_M_AXI_AWUSER_WIDTH1_C_M_AXI_ARUSER_WIDTH1_C_M_AXI_WUSER_WIDTH1_C_M_AXI_RUSER_WIDTH1_C_M_AXI_BUSER_WIDTH1_C_USER_VALUE0_C_PROT_VALUE0_C_CACHE_VALUE3_USER_DW32_USER_AW64_USER_MAXREQS7_USER_RFIFONUM_WIDTH9_250
gmem2_m_axi_U/clk_gate_load_unit_buff_rdata_genblk1_U_fifo_mem_mem_reg_207_       3.9900     0.0      0.0000       3.9900 0.0000 SNPS_CLOCK_GATE_HIGH_tinytpu_isa_gmem2_m_axi_CONSERVATIVE1_NUM_READ_OUTSTANDING16_NUM_WRITE_OUTSTANDING16_MAX_READ_BURST_LENGTH16_MAX_WRITE_BURST_LENGTH16_C_M_AXI_ID_WIDTH1_C_M_AXI_ADDR_WIDTH64_C_M_AXI_DATA_WIDTH32_C_M_AXI_AWUSER_WIDTH1_C_M_AXI_ARUSER_WIDTH1_C_M_AXI_WUSER_WIDTH1_C_M_AXI_RUSER_WIDTH1_C_M_AXI_BUSER_WIDTH1_C_USER_VALUE0_C_PROT_VALUE0_C_CACHE_VALUE3_USER_DW32_USER_AW64_USER_MAXREQS7_USER_RFIFONUM_WIDTH9_251
gmem2_m_axi_U/clk_gate_load_unit_buff_rdata_genblk1_U_fifo_mem_mem_reg_208_       3.9900     0.0      0.0000       3.9900 0.0000 SNPS_CLOCK_GATE_HIGH_tinytpu_isa_gmem2_m_axi_CONSERVATIVE1_NUM_READ_OUTSTANDING16_NUM_WRITE_OUTSTANDING16_MAX_READ_BURST_LENGTH16_MAX_WRITE_BURST_LENGTH16_C_M_AXI_ID_WIDTH1_C_M_AXI_ADDR_WIDTH64_C_M_AXI_DATA_WIDTH32_C_M_AXI_AWUSER_WIDTH1_C_M_AXI_ARUSER_WIDTH1_C_M_AXI_WUSER_WIDTH1_C_M_AXI_RUSER_WIDTH1_C_M_AXI_BUSER_WIDTH1_C_USER_VALUE0_C_PROT_VALUE0_C_CACHE_VALUE3_USER_DW32_USER_AW64_USER_MAXREQS7_USER_RFIFONUM_WIDTH9_252
gmem2_m_axi_U/clk_gate_load_unit_buff_rdata_genblk1_U_fifo_mem_mem_reg_209_       3.9900     0.0      0.0000       3.9900 0.0000 SNPS_CLOCK_GATE_HIGH_tinytpu_isa_gmem2_m_axi_CONSERVATIVE1_NUM_READ_OUTSTANDING16_NUM_WRITE_OUTSTANDING16_MAX_READ_BURST_LENGTH16_MAX_WRITE_BURST_LENGTH16_C_M_AXI_ID_WIDTH1_C_M_AXI_ADDR_WIDTH64_C_M_AXI_DATA_WIDTH32_C_M_AXI_AWUSER_WIDTH1_C_M_AXI_ARUSER_WIDTH1_C_M_AXI_WUSER_WIDTH1_C_M_AXI_RUSER_WIDTH1_C_M_AXI_BUSER_WIDTH1_C_USER_VALUE0_C_PROT_VALUE0_C_CACHE_VALUE3_USER_DW32_USER_AW64_USER_MAXREQS7_USER_RFIFONUM_WIDTH9_253
gmem2_m_axi_U/clk_gate_load_unit_buff_rdata_genblk1_U_fifo_mem_mem_reg_20_       3.9900     0.0      0.0000       3.9900 0.0000 SNPS_CLOCK_GATE_HIGH_tinytpu_isa_gmem2_m_axi_CONSERVATIVE1_NUM_READ_OUTSTANDING16_NUM_WRITE_OUTSTANDING16_MAX_READ_BURST_LENGTH16_MAX_WRITE_BURST_LENGTH16_C_M_AXI_ID_WIDTH1_C_M_AXI_ADDR_WIDTH64_C_M_AXI_DATA_WIDTH32_C_M_AXI_AWUSER_WIDTH1_C_M_AXI_ARUSER_WIDTH1_C_M_AXI_WUSER_WIDTH1_C_M_AXI_RUSER_WIDTH1_C_M_AXI_BUSER_WIDTH1_C_USER_VALUE0_C_PROT_VALUE0_C_CACHE_VALUE3_USER_DW32_USER_AW64_USER_MAXREQS7_USER_RFIFONUM_WIDTH9_64
gmem2_m_axi_U/clk_gate_load_unit_buff_rdata_genblk1_U_fifo_mem_mem_reg_210_       3.9900     0.0      0.0000       3.9900 0.0000 SNPS_CLOCK_GATE_HIGH_tinytpu_isa_gmem2_m_axi_CONSERVATIVE1_NUM_READ_OUTSTANDING16_NUM_WRITE_OUTSTANDING16_MAX_READ_BURST_LENGTH16_MAX_WRITE_BURST_LENGTH16_C_M_AXI_ID_WIDTH1_C_M_AXI_ADDR_WIDTH64_C_M_AXI_DATA_WIDTH32_C_M_AXI_AWUSER_WIDTH1_C_M_AXI_ARUSER_WIDTH1_C_M_AXI_WUSER_WIDTH1_C_M_AXI_RUSER_WIDTH1_C_M_AXI_BUSER_WIDTH1_C_USER_VALUE0_C_PROT_VALUE0_C_CACHE_VALUE3_USER_DW32_USER_AW64_USER_MAXREQS7_USER_RFIFONUM_WIDTH9_254
gmem2_m_axi_U/clk_gate_load_unit_buff_rdata_genblk1_U_fifo_mem_mem_reg_211_       3.9900     0.0      0.0000       3.9900 0.0000 SNPS_CLOCK_GATE_HIGH_tinytpu_isa_gmem2_m_axi_CONSERVATIVE1_NUM_READ_OUTSTANDING16_NUM_WRITE_OUTSTANDING16_MAX_READ_BURST_LENGTH16_MAX_WRITE_BURST_LENGTH16_C_M_AXI_ID_WIDTH1_C_M_AXI_ADDR_WIDTH64_C_M_AXI_DATA_WIDTH32_C_M_AXI_AWUSER_WIDTH1_C_M_AXI_ARUSER_WIDTH1_C_M_AXI_WUSER_WIDTH1_C_M_AXI_RUSER_WIDTH1_C_M_AXI_BUSER_WIDTH1_C_USER_VALUE0_C_PROT_VALUE0_C_CACHE_VALUE3_USER_DW32_USER_AW64_USER_MAXREQS7_USER_RFIFONUM_WIDTH9_255
gmem2_m_axi_U/clk_gate_load_unit_buff_rdata_genblk1_U_fifo_mem_mem_reg_212_       3.9900     0.0      0.0000       3.9900 0.0000 SNPS_CLOCK_GATE_HIGH_tinytpu_isa_gmem2_m_axi_CONSERVATIVE1_NUM_READ_OUTSTANDING16_NUM_WRITE_OUTSTANDING16_MAX_READ_BURST_LENGTH16_MAX_WRITE_BURST_LENGTH16_C_M_AXI_ID_WIDTH1_C_M_AXI_ADDR_WIDTH64_C_M_AXI_DATA_WIDTH32_C_M_AXI_AWUSER_WIDTH1_C_M_AXI_ARUSER_WIDTH1_C_M_AXI_WUSER_WIDTH1_C_M_AXI_RUSER_WIDTH1_C_M_AXI_BUSER_WIDTH1_C_USER_VALUE0_C_PROT_VALUE0_C_CACHE_VALUE3_USER_DW32_USER_AW64_USER_MAXREQS7_USER_RFIFONUM_WIDTH9_256
gmem2_m_axi_U/clk_gate_load_unit_buff_rdata_genblk1_U_fifo_mem_mem_reg_213_       3.9900     0.0      0.0000       3.9900 0.0000 SNPS_CLOCK_GATE_HIGH_tinytpu_isa_gmem2_m_axi_CONSERVATIVE1_NUM_READ_OUTSTANDING16_NUM_WRITE_OUTSTANDING16_MAX_READ_BURST_LENGTH16_MAX_WRITE_BURST_LENGTH16_C_M_AXI_ID_WIDTH1_C_M_AXI_ADDR_WIDTH64_C_M_AXI_DATA_WIDTH32_C_M_AXI_AWUSER_WIDTH1_C_M_AXI_ARUSER_WIDTH1_C_M_AXI_WUSER_WIDTH1_C_M_AXI_RUSER_WIDTH1_C_M_AXI_BUSER_WIDTH1_C_USER_VALUE0_C_PROT_VALUE0_C_CACHE_VALUE3_USER_DW32_USER_AW64_USER_MAXREQS7_USER_RFIFONUM_WIDTH9_257
gmem2_m_axi_U/clk_gate_load_unit_buff_rdata_genblk1_U_fifo_mem_mem_reg_214_       3.9900     0.0      0.0000       3.9900 0.0000 SNPS_CLOCK_GATE_HIGH_tinytpu_isa_gmem2_m_axi_CONSERVATIVE1_NUM_READ_OUTSTANDING16_NUM_WRITE_OUTSTANDING16_MAX_READ_BURST_LENGTH16_MAX_WRITE_BURST_LENGTH16_C_M_AXI_ID_WIDTH1_C_M_AXI_ADDR_WIDTH64_C_M_AXI_DATA_WIDTH32_C_M_AXI_AWUSER_WIDTH1_C_M_AXI_ARUSER_WIDTH1_C_M_AXI_WUSER_WIDTH1_C_M_AXI_RUSER_WIDTH1_C_M_AXI_BUSER_WIDTH1_C_USER_VALUE0_C_PROT_VALUE0_C_CACHE_VALUE3_USER_DW32_USER_AW64_USER_MAXREQS7_USER_RFIFONUM_WIDTH9_258
gmem2_m_axi_U/clk_gate_load_unit_buff_rdata_genblk1_U_fifo_mem_mem_reg_215_       3.9900     0.0      0.0000       3.9900 0.0000 SNPS_CLOCK_GATE_HIGH_tinytpu_isa_gmem2_m_axi_CONSERVATIVE1_NUM_READ_OUTSTANDING16_NUM_WRITE_OUTSTANDING16_MAX_READ_BURST_LENGTH16_MAX_WRITE_BURST_LENGTH16_C_M_AXI_ID_WIDTH1_C_M_AXI_ADDR_WIDTH64_C_M_AXI_DATA_WIDTH32_C_M_AXI_AWUSER_WIDTH1_C_M_AXI_ARUSER_WIDTH1_C_M_AXI_WUSER_WIDTH1_C_M_AXI_RUSER_WIDTH1_C_M_AXI_BUSER_WIDTH1_C_USER_VALUE0_C_PROT_VALUE0_C_CACHE_VALUE3_USER_DW32_USER_AW64_USER_MAXREQS7_USER_RFIFONUM_WIDTH9_259
gmem2_m_axi_U/clk_gate_load_unit_buff_rdata_genblk1_U_fifo_mem_mem_reg_216_       3.9900     0.0      0.0000       3.9900 0.0000 SNPS_CLOCK_GATE_HIGH_tinytpu_isa_gmem2_m_axi_CONSERVATIVE1_NUM_READ_OUTSTANDING16_NUM_WRITE_OUTSTANDING16_MAX_READ_BURST_LENGTH16_MAX_WRITE_BURST_LENGTH16_C_M_AXI_ID_WIDTH1_C_M_AXI_ADDR_WIDTH64_C_M_AXI_DATA_WIDTH32_C_M_AXI_AWUSER_WIDTH1_C_M_AXI_ARUSER_WIDTH1_C_M_AXI_WUSER_WIDTH1_C_M_AXI_RUSER_WIDTH1_C_M_AXI_BUSER_WIDTH1_C_USER_VALUE0_C_PROT_VALUE0_C_CACHE_VALUE3_USER_DW32_USER_AW64_USER_MAXREQS7_USER_RFIFONUM_WIDTH9_260
gmem2_m_axi_U/clk_gate_load_unit_buff_rdata_genblk1_U_fifo_mem_mem_reg_217_       3.9900     0.0      0.0000       3.9900 0.0000 SNPS_CLOCK_GATE_HIGH_tinytpu_isa_gmem2_m_axi_CONSERVATIVE1_NUM_READ_OUTSTANDING16_NUM_WRITE_OUTSTANDING16_MAX_READ_BURST_LENGTH16_MAX_WRITE_BURST_LENGTH16_C_M_AXI_ID_WIDTH1_C_M_AXI_ADDR_WIDTH64_C_M_AXI_DATA_WIDTH32_C_M_AXI_AWUSER_WIDTH1_C_M_AXI_ARUSER_WIDTH1_C_M_AXI_WUSER_WIDTH1_C_M_AXI_RUSER_WIDTH1_C_M_AXI_BUSER_WIDTH1_C_USER_VALUE0_C_PROT_VALUE0_C_CACHE_VALUE3_USER_DW32_USER_AW64_USER_MAXREQS7_USER_RFIFONUM_WIDTH9_261
gmem2_m_axi_U/clk_gate_load_unit_buff_rdata_genblk1_U_fifo_mem_mem_reg_218_       3.9900     0.0      0.0000       3.9900 0.0000 SNPS_CLOCK_GATE_HIGH_tinytpu_isa_gmem2_m_axi_CONSERVATIVE1_NUM_READ_OUTSTANDING16_NUM_WRITE_OUTSTANDING16_MAX_READ_BURST_LENGTH16_MAX_WRITE_BURST_LENGTH16_C_M_AXI_ID_WIDTH1_C_M_AXI_ADDR_WIDTH64_C_M_AXI_DATA_WIDTH32_C_M_AXI_AWUSER_WIDTH1_C_M_AXI_ARUSER_WIDTH1_C_M_AXI_WUSER_WIDTH1_C_M_AXI_RUSER_WIDTH1_C_M_AXI_BUSER_WIDTH1_C_USER_VALUE0_C_PROT_VALUE0_C_CACHE_VALUE3_USER_DW32_USER_AW64_USER_MAXREQS7_USER_RFIFONUM_WIDTH9_262
gmem2_m_axi_U/clk_gate_load_unit_buff_rdata_genblk1_U_fifo_mem_mem_reg_219_       3.9900     0.0      0.0000       3.9900 0.0000 SNPS_CLOCK_GATE_HIGH_tinytpu_isa_gmem2_m_axi_CONSERVATIVE1_NUM_READ_OUTSTANDING16_NUM_WRITE_OUTSTANDING16_MAX_READ_BURST_LENGTH16_MAX_WRITE_BURST_LENGTH16_C_M_AXI_ID_WIDTH1_C_M_AXI_ADDR_WIDTH64_C_M_AXI_DATA_WIDTH32_C_M_AXI_AWUSER_WIDTH1_C_M_AXI_ARUSER_WIDTH1_C_M_AXI_WUSER_WIDTH1_C_M_AXI_RUSER_WIDTH1_C_M_AXI_BUSER_WIDTH1_C_USER_VALUE0_C_PROT_VALUE0_C_CACHE_VALUE3_USER_DW32_USER_AW64_USER_MAXREQS7_USER_RFIFONUM_WIDTH9_263
gmem2_m_axi_U/clk_gate_load_unit_buff_rdata_genblk1_U_fifo_mem_mem_reg_21_       3.9900     0.0      0.0000       3.9900 0.0000 SNPS_CLOCK_GATE_HIGH_tinytpu_isa_gmem2_m_axi_CONSERVATIVE1_NUM_READ_OUTSTANDING16_NUM_WRITE_OUTSTANDING16_MAX_READ_BURST_LENGTH16_MAX_WRITE_BURST_LENGTH16_C_M_AXI_ID_WIDTH1_C_M_AXI_ADDR_WIDTH64_C_M_AXI_DATA_WIDTH32_C_M_AXI_AWUSER_WIDTH1_C_M_AXI_ARUSER_WIDTH1_C_M_AXI_WUSER_WIDTH1_C_M_AXI_RUSER_WIDTH1_C_M_AXI_BUSER_WIDTH1_C_USER_VALUE0_C_PROT_VALUE0_C_CACHE_VALUE3_USER_DW32_USER_AW64_USER_MAXREQS7_USER_RFIFONUM_WIDTH9_65
gmem2_m_axi_U/clk_gate_load_unit_buff_rdata_genblk1_U_fifo_mem_mem_reg_220_       3.9900     0.0      0.0000       3.9900 0.0000 SNPS_CLOCK_GATE_HIGH_tinytpu_isa_gmem2_m_axi_CONSERVATIVE1_NUM_READ_OUTSTANDING16_NUM_WRITE_OUTSTANDING16_MAX_READ_BURST_LENGTH16_MAX_WRITE_BURST_LENGTH16_C_M_AXI_ID_WIDTH1_C_M_AXI_ADDR_WIDTH64_C_M_AXI_DATA_WIDTH32_C_M_AXI_AWUSER_WIDTH1_C_M_AXI_ARUSER_WIDTH1_C_M_AXI_WUSER_WIDTH1_C_M_AXI_RUSER_WIDTH1_C_M_AXI_BUSER_WIDTH1_C_USER_VALUE0_C_PROT_VALUE0_C_CACHE_VALUE3_USER_DW32_USER_AW64_USER_MAXREQS7_USER_RFIFONUM_WIDTH9_264
gmem2_m_axi_U/clk_gate_load_unit_buff_rdata_genblk1_U_fifo_mem_mem_reg_221_       3.9900     0.0      0.0000       3.9900 0.0000 SNPS_CLOCK_GATE_HIGH_tinytpu_isa_gmem2_m_axi_CONSERVATIVE1_NUM_READ_OUTSTANDING16_NUM_WRITE_OUTSTANDING16_MAX_READ_BURST_LENGTH16_MAX_WRITE_BURST_LENGTH16_C_M_AXI_ID_WIDTH1_C_M_AXI_ADDR_WIDTH64_C_M_AXI_DATA_WIDTH32_C_M_AXI_AWUSER_WIDTH1_C_M_AXI_ARUSER_WIDTH1_C_M_AXI_WUSER_WIDTH1_C_M_AXI_RUSER_WIDTH1_C_M_AXI_BUSER_WIDTH1_C_USER_VALUE0_C_PROT_VALUE0_C_CACHE_VALUE3_USER_DW32_USER_AW64_USER_MAXREQS7_USER_RFIFONUM_WIDTH9_265
gmem2_m_axi_U/clk_gate_load_unit_buff_rdata_genblk1_U_fifo_mem_mem_reg_222_       3.9900     0.0      0.0000       3.9900 0.0000 SNPS_CLOCK_GATE_HIGH_tinytpu_isa_gmem2_m_axi_CONSERVATIVE1_NUM_READ_OUTSTANDING16_NUM_WRITE_OUTSTANDING16_MAX_READ_BURST_LENGTH16_MAX_WRITE_BURST_LENGTH16_C_M_AXI_ID_WIDTH1_C_M_AXI_ADDR_WIDTH64_C_M_AXI_DATA_WIDTH32_C_M_AXI_AWUSER_WIDTH1_C_M_AXI_ARUSER_WIDTH1_C_M_AXI_WUSER_WIDTH1_C_M_AXI_RUSER_WIDTH1_C_M_AXI_BUSER_WIDTH1_C_USER_VALUE0_C_PROT_VALUE0_C_CACHE_VALUE3_USER_DW32_USER_AW64_USER_MAXREQS7_USER_RFIFONUM_WIDTH9_266
gmem2_m_axi_U/clk_gate_load_unit_buff_rdata_genblk1_U_fifo_mem_mem_reg_223_       3.9900     0.0      0.0000       3.9900 0.0000 SNPS_CLOCK_GATE_HIGH_tinytpu_isa_gmem2_m_axi_CONSERVATIVE1_NUM_READ_OUTSTANDING16_NUM_WRITE_OUTSTANDING16_MAX_READ_BURST_LENGTH16_MAX_WRITE_BURST_LENGTH16_C_M_AXI_ID_WIDTH1_C_M_AXI_ADDR_WIDTH64_C_M_AXI_DATA_WIDTH32_C_M_AXI_AWUSER_WIDTH1_C_M_AXI_ARUSER_WIDTH1_C_M_AXI_WUSER_WIDTH1_C_M_AXI_RUSER_WIDTH1_C_M_AXI_BUSER_WIDTH1_C_USER_VALUE0_C_PROT_VALUE0_C_CACHE_VALUE3_USER_DW32_USER_AW64_USER_MAXREQS7_USER_RFIFONUM_WIDTH9_267
gmem2_m_axi_U/clk_gate_load_unit_buff_rdata_genblk1_U_fifo_mem_mem_reg_224_       3.9900     0.0      0.0000       3.9900 0.0000 SNPS_CLOCK_GATE_HIGH_tinytpu_isa_gmem2_m_axi_CONSERVATIVE1_NUM_READ_OUTSTANDING16_NUM_WRITE_OUTSTANDING16_MAX_READ_BURST_LENGTH16_MAX_WRITE_BURST_LENGTH16_C_M_AXI_ID_WIDTH1_C_M_AXI_ADDR_WIDTH64_C_M_AXI_DATA_WIDTH32_C_M_AXI_AWUSER_WIDTH1_C_M_AXI_ARUSER_WIDTH1_C_M_AXI_WUSER_WIDTH1_C_M_AXI_RUSER_WIDTH1_C_M_AXI_BUSER_WIDTH1_C_USER_VALUE0_C_PROT_VALUE0_C_CACHE_VALUE3_USER_DW32_USER_AW64_USER_MAXREQS7_USER_RFIFONUM_WIDTH9_268
gmem2_m_axi_U/clk_gate_load_unit_buff_rdata_genblk1_U_fifo_mem_mem_reg_225_       3.9900     0.0      0.0000       3.9900 0.0000 SNPS_CLOCK_GATE_HIGH_tinytpu_isa_gmem2_m_axi_CONSERVATIVE1_NUM_READ_OUTSTANDING16_NUM_WRITE_OUTSTANDING16_MAX_READ_BURST_LENGTH16_MAX_WRITE_BURST_LENGTH16_C_M_AXI_ID_WIDTH1_C_M_AXI_ADDR_WIDTH64_C_M_AXI_DATA_WIDTH32_C_M_AXI_AWUSER_WIDTH1_C_M_AXI_ARUSER_WIDTH1_C_M_AXI_WUSER_WIDTH1_C_M_AXI_RUSER_WIDTH1_C_M_AXI_BUSER_WIDTH1_C_USER_VALUE0_C_PROT_VALUE0_C_CACHE_VALUE3_USER_DW32_USER_AW64_USER_MAXREQS7_USER_RFIFONUM_WIDTH9_269
gmem2_m_axi_U/clk_gate_load_unit_buff_rdata_genblk1_U_fifo_mem_mem_reg_226_       3.9900     0.0      0.0000       3.9900 0.0000 SNPS_CLOCK_GATE_HIGH_tinytpu_isa_gmem2_m_axi_CONSERVATIVE1_NUM_READ_OUTSTANDING16_NUM_WRITE_OUTSTANDING16_MAX_READ_BURST_LENGTH16_MAX_WRITE_BURST_LENGTH16_C_M_AXI_ID_WIDTH1_C_M_AXI_ADDR_WIDTH64_C_M_AXI_DATA_WIDTH32_C_M_AXI_AWUSER_WIDTH1_C_M_AXI_ARUSER_WIDTH1_C_M_AXI_WUSER_WIDTH1_C_M_AXI_RUSER_WIDTH1_C_M_AXI_BUSER_WIDTH1_C_USER_VALUE0_C_PROT_VALUE0_C_CACHE_VALUE3_USER_DW32_USER_AW64_USER_MAXREQS7_USER_RFIFONUM_WIDTH9_270
gmem2_m_axi_U/clk_gate_load_unit_buff_rdata_genblk1_U_fifo_mem_mem_reg_227_       3.9900     0.0      0.0000       3.9900 0.0000 SNPS_CLOCK_GATE_HIGH_tinytpu_isa_gmem2_m_axi_CONSERVATIVE1_NUM_READ_OUTSTANDING16_NUM_WRITE_OUTSTANDING16_MAX_READ_BURST_LENGTH16_MAX_WRITE_BURST_LENGTH16_C_M_AXI_ID_WIDTH1_C_M_AXI_ADDR_WIDTH64_C_M_AXI_DATA_WIDTH32_C_M_AXI_AWUSER_WIDTH1_C_M_AXI_ARUSER_WIDTH1_C_M_AXI_WUSER_WIDTH1_C_M_AXI_RUSER_WIDTH1_C_M_AXI_BUSER_WIDTH1_C_USER_VALUE0_C_PROT_VALUE0_C_CACHE_VALUE3_USER_DW32_USER_AW64_USER_MAXREQS7_USER_RFIFONUM_WIDTH9_271
gmem2_m_axi_U/clk_gate_load_unit_buff_rdata_genblk1_U_fifo_mem_mem_reg_228_       3.9900     0.0      0.0000       3.9900 0.0000 SNPS_CLOCK_GATE_HIGH_tinytpu_isa_gmem2_m_axi_CONSERVATIVE1_NUM_READ_OUTSTANDING16_NUM_WRITE_OUTSTANDING16_MAX_READ_BURST_LENGTH16_MAX_WRITE_BURST_LENGTH16_C_M_AXI_ID_WIDTH1_C_M_AXI_ADDR_WIDTH64_C_M_AXI_DATA_WIDTH32_C_M_AXI_AWUSER_WIDTH1_C_M_AXI_ARUSER_WIDTH1_C_M_AXI_WUSER_WIDTH1_C_M_AXI_RUSER_WIDTH1_C_M_AXI_BUSER_WIDTH1_C_USER_VALUE0_C_PROT_VALUE0_C_CACHE_VALUE3_USER_DW32_USER_AW64_USER_MAXREQS7_USER_RFIFONUM_WIDTH9_272
gmem2_m_axi_U/clk_gate_load_unit_buff_rdata_genblk1_U_fifo_mem_mem_reg_229_       3.9900     0.0      0.0000       3.9900 0.0000 SNPS_CLOCK_GATE_HIGH_tinytpu_isa_gmem2_m_axi_CONSERVATIVE1_NUM_READ_OUTSTANDING16_NUM_WRITE_OUTSTANDING16_MAX_READ_BURST_LENGTH16_MAX_WRITE_BURST_LENGTH16_C_M_AXI_ID_WIDTH1_C_M_AXI_ADDR_WIDTH64_C_M_AXI_DATA_WIDTH32_C_M_AXI_AWUSER_WIDTH1_C_M_AXI_ARUSER_WIDTH1_C_M_AXI_WUSER_WIDTH1_C_M_AXI_RUSER_WIDTH1_C_M_AXI_BUSER_WIDTH1_C_USER_VALUE0_C_PROT_VALUE0_C_CACHE_VALUE3_USER_DW32_USER_AW64_USER_MAXREQS7_USER_RFIFONUM_WIDTH9_273
gmem2_m_axi_U/clk_gate_load_unit_buff_rdata_genblk1_U_fifo_mem_mem_reg_22_       3.9900     0.0      0.0000       3.9900 0.0000 SNPS_CLOCK_GATE_HIGH_tinytpu_isa_gmem2_m_axi_CONSERVATIVE1_NUM_READ_OUTSTANDING16_NUM_WRITE_OUTSTANDING16_MAX_READ_BURST_LENGTH16_MAX_WRITE_BURST_LENGTH16_C_M_AXI_ID_WIDTH1_C_M_AXI_ADDR_WIDTH64_C_M_AXI_DATA_WIDTH32_C_M_AXI_AWUSER_WIDTH1_C_M_AXI_ARUSER_WIDTH1_C_M_AXI_WUSER_WIDTH1_C_M_AXI_RUSER_WIDTH1_C_M_AXI_BUSER_WIDTH1_C_USER_VALUE0_C_PROT_VALUE0_C_CACHE_VALUE3_USER_DW32_USER_AW64_USER_MAXREQS7_USER_RFIFONUM_WIDTH9_66
gmem2_m_axi_U/clk_gate_load_unit_buff_rdata_genblk1_U_fifo_mem_mem_reg_230_       3.9900     0.0      0.0000       3.9900 0.0000 SNPS_CLOCK_GATE_HIGH_tinytpu_isa_gmem2_m_axi_CONSERVATIVE1_NUM_READ_OUTSTANDING16_NUM_WRITE_OUTSTANDING16_MAX_READ_BURST_LENGTH16_MAX_WRITE_BURST_LENGTH16_C_M_AXI_ID_WIDTH1_C_M_AXI_ADDR_WIDTH64_C_M_AXI_DATA_WIDTH32_C_M_AXI_AWUSER_WIDTH1_C_M_AXI_ARUSER_WIDTH1_C_M_AXI_WUSER_WIDTH1_C_M_AXI_RUSER_WIDTH1_C_M_AXI_BUSER_WIDTH1_C_USER_VALUE0_C_PROT_VALUE0_C_CACHE_VALUE3_USER_DW32_USER_AW64_USER_MAXREQS7_USER_RFIFONUM_WIDTH9_274
gmem2_m_axi_U/clk_gate_load_unit_buff_rdata_genblk1_U_fifo_mem_mem_reg_231_       3.9900     0.0      0.0000       3.9900 0.0000 SNPS_CLOCK_GATE_HIGH_tinytpu_isa_gmem2_m_axi_CONSERVATIVE1_NUM_READ_OUTSTANDING16_NUM_WRITE_OUTSTANDING16_MAX_READ_BURST_LENGTH16_MAX_WRITE_BURST_LENGTH16_C_M_AXI_ID_WIDTH1_C_M_AXI_ADDR_WIDTH64_C_M_AXI_DATA_WIDTH32_C_M_AXI_AWUSER_WIDTH1_C_M_AXI_ARUSER_WIDTH1_C_M_AXI_WUSER_WIDTH1_C_M_AXI_RUSER_WIDTH1_C_M_AXI_BUSER_WIDTH1_C_USER_VALUE0_C_PROT_VALUE0_C_CACHE_VALUE3_USER_DW32_USER_AW64_USER_MAXREQS7_USER_RFIFONUM_WIDTH9_275
gmem2_m_axi_U/clk_gate_load_unit_buff_rdata_genblk1_U_fifo_mem_mem_reg_232_       3.9900     0.0      0.0000       3.9900 0.0000 SNPS_CLOCK_GATE_HIGH_tinytpu_isa_gmem2_m_axi_CONSERVATIVE1_NUM_READ_OUTSTANDING16_NUM_WRITE_OUTSTANDING16_MAX_READ_BURST_LENGTH16_MAX_WRITE_BURST_LENGTH16_C_M_AXI_ID_WIDTH1_C_M_AXI_ADDR_WIDTH64_C_M_AXI_DATA_WIDTH32_C_M_AXI_AWUSER_WIDTH1_C_M_AXI_ARUSER_WIDTH1_C_M_AXI_WUSER_WIDTH1_C_M_AXI_RUSER_WIDTH1_C_M_AXI_BUSER_WIDTH1_C_USER_VALUE0_C_PROT_VALUE0_C_CACHE_VALUE3_USER_DW32_USER_AW64_USER_MAXREQS7_USER_RFIFONUM_WIDTH9_276
gmem2_m_axi_U/clk_gate_load_unit_buff_rdata_genblk1_U_fifo_mem_mem_reg_233_       3.9900     0.0      0.0000       3.9900 0.0000 SNPS_CLOCK_GATE_HIGH_tinytpu_isa_gmem2_m_axi_CONSERVATIVE1_NUM_READ_OUTSTANDING16_NUM_WRITE_OUTSTANDING16_MAX_READ_BURST_LENGTH16_MAX_WRITE_BURST_LENGTH16_C_M_AXI_ID_WIDTH1_C_M_AXI_ADDR_WIDTH64_C_M_AXI_DATA_WIDTH32_C_M_AXI_AWUSER_WIDTH1_C_M_AXI_ARUSER_WIDTH1_C_M_AXI_WUSER_WIDTH1_C_M_AXI_RUSER_WIDTH1_C_M_AXI_BUSER_WIDTH1_C_USER_VALUE0_C_PROT_VALUE0_C_CACHE_VALUE3_USER_DW32_USER_AW64_USER_MAXREQS7_USER_RFIFONUM_WIDTH9_277
gmem2_m_axi_U/clk_gate_load_unit_buff_rdata_genblk1_U_fifo_mem_mem_reg_234_       3.9900     0.0      0.0000       3.9900 0.0000 SNPS_CLOCK_GATE_HIGH_tinytpu_isa_gmem2_m_axi_CONSERVATIVE1_NUM_READ_OUTSTANDING16_NUM_WRITE_OUTSTANDING16_MAX_READ_BURST_LENGTH16_MAX_WRITE_BURST_LENGTH16_C_M_AXI_ID_WIDTH1_C_M_AXI_ADDR_WIDTH64_C_M_AXI_DATA_WIDTH32_C_M_AXI_AWUSER_WIDTH1_C_M_AXI_ARUSER_WIDTH1_C_M_AXI_WUSER_WIDTH1_C_M_AXI_RUSER_WIDTH1_C_M_AXI_BUSER_WIDTH1_C_USER_VALUE0_C_PROT_VALUE0_C_CACHE_VALUE3_USER_DW32_USER_AW64_USER_MAXREQS7_USER_RFIFONUM_WIDTH9_278
gmem2_m_axi_U/clk_gate_load_unit_buff_rdata_genblk1_U_fifo_mem_mem_reg_235_       3.9900     0.0      0.0000       3.9900 0.0000 SNPS_CLOCK_GATE_HIGH_tinytpu_isa_gmem2_m_axi_CONSERVATIVE1_NUM_READ_OUTSTANDING16_NUM_WRITE_OUTSTANDING16_MAX_READ_BURST_LENGTH16_MAX_WRITE_BURST_LENGTH16_C_M_AXI_ID_WIDTH1_C_M_AXI_ADDR_WIDTH64_C_M_AXI_DATA_WIDTH32_C_M_AXI_AWUSER_WIDTH1_C_M_AXI_ARUSER_WIDTH1_C_M_AXI_WUSER_WIDTH1_C_M_AXI_RUSER_WIDTH1_C_M_AXI_BUSER_WIDTH1_C_USER_VALUE0_C_PROT_VALUE0_C_CACHE_VALUE3_USER_DW32_USER_AW64_USER_MAXREQS7_USER_RFIFONUM_WIDTH9_279
gmem2_m_axi_U/clk_gate_load_unit_buff_rdata_genblk1_U_fifo_mem_mem_reg_236_       3.9900     0.0      0.0000       3.9900 0.0000 SNPS_CLOCK_GATE_HIGH_tinytpu_isa_gmem2_m_axi_CONSERVATIVE1_NUM_READ_OUTSTANDING16_NUM_WRITE_OUTSTANDING16_MAX_READ_BURST_LENGTH16_MAX_WRITE_BURST_LENGTH16_C_M_AXI_ID_WIDTH1_C_M_AXI_ADDR_WIDTH64_C_M_AXI_DATA_WIDTH32_C_M_AXI_AWUSER_WIDTH1_C_M_AXI_ARUSER_WIDTH1_C_M_AXI_WUSER_WIDTH1_C_M_AXI_RUSER_WIDTH1_C_M_AXI_BUSER_WIDTH1_C_USER_VALUE0_C_PROT_VALUE0_C_CACHE_VALUE3_USER_DW32_USER_AW64_USER_MAXREQS7_USER_RFIFONUM_WIDTH9_280
gmem2_m_axi_U/clk_gate_load_unit_buff_rdata_genblk1_U_fifo_mem_mem_reg_237_       3.9900     0.0      0.0000       3.9900 0.0000 SNPS_CLOCK_GATE_HIGH_tinytpu_isa_gmem2_m_axi_CONSERVATIVE1_NUM_READ_OUTSTANDING16_NUM_WRITE_OUTSTANDING16_MAX_READ_BURST_LENGTH16_MAX_WRITE_BURST_LENGTH16_C_M_AXI_ID_WIDTH1_C_M_AXI_ADDR_WIDTH64_C_M_AXI_DATA_WIDTH32_C_M_AXI_AWUSER_WIDTH1_C_M_AXI_ARUSER_WIDTH1_C_M_AXI_WUSER_WIDTH1_C_M_AXI_RUSER_WIDTH1_C_M_AXI_BUSER_WIDTH1_C_USER_VALUE0_C_PROT_VALUE0_C_CACHE_VALUE3_USER_DW32_USER_AW64_USER_MAXREQS7_USER_RFIFONUM_WIDTH9_281
gmem2_m_axi_U/clk_gate_load_unit_buff_rdata_genblk1_U_fifo_mem_mem_reg_238_       3.9900     0.0      0.0000       3.9900 0.0000 SNPS_CLOCK_GATE_HIGH_tinytpu_isa_gmem2_m_axi_CONSERVATIVE1_NUM_READ_OUTSTANDING16_NUM_WRITE_OUTSTANDING16_MAX_READ_BURST_LENGTH16_MAX_WRITE_BURST_LENGTH16_C_M_AXI_ID_WIDTH1_C_M_AXI_ADDR_WIDTH64_C_M_AXI_DATA_WIDTH32_C_M_AXI_AWUSER_WIDTH1_C_M_AXI_ARUSER_WIDTH1_C_M_AXI_WUSER_WIDTH1_C_M_AXI_RUSER_WIDTH1_C_M_AXI_BUSER_WIDTH1_C_USER_VALUE0_C_PROT_VALUE0_C_CACHE_VALUE3_USER_DW32_USER_AW64_USER_MAXREQS7_USER_RFIFONUM_WIDTH9_282
gmem2_m_axi_U/clk_gate_load_unit_buff_rdata_genblk1_U_fifo_mem_mem_reg_239_       3.9900     0.0      0.0000       3.9900 0.0000 SNPS_CLOCK_GATE_HIGH_tinytpu_isa_gmem2_m_axi_CONSERVATIVE1_NUM_READ_OUTSTANDING16_NUM_WRITE_OUTSTANDING16_MAX_READ_BURST_LENGTH16_MAX_WRITE_BURST_LENGTH16_C_M_AXI_ID_WIDTH1_C_M_AXI_ADDR_WIDTH64_C_M_AXI_DATA_WIDTH32_C_M_AXI_AWUSER_WIDTH1_C_M_AXI_ARUSER_WIDTH1_C_M_AXI_WUSER_WIDTH1_C_M_AXI_RUSER_WIDTH1_C_M_AXI_BUSER_WIDTH1_C_USER_VALUE0_C_PROT_VALUE0_C_CACHE_VALUE3_USER_DW32_USER_AW64_USER_MAXREQS7_USER_RFIFONUM_WIDTH9_283
gmem2_m_axi_U/clk_gate_load_unit_buff_rdata_genblk1_U_fifo_mem_mem_reg_23_       3.9900     0.0      0.0000       3.9900 0.0000 SNPS_CLOCK_GATE_HIGH_tinytpu_isa_gmem2_m_axi_CONSERVATIVE1_NUM_READ_OUTSTANDING16_NUM_WRITE_OUTSTANDING16_MAX_READ_BURST_LENGTH16_MAX_WRITE_BURST_LENGTH16_C_M_AXI_ID_WIDTH1_C_M_AXI_ADDR_WIDTH64_C_M_AXI_DATA_WIDTH32_C_M_AXI_AWUSER_WIDTH1_C_M_AXI_ARUSER_WIDTH1_C_M_AXI_WUSER_WIDTH1_C_M_AXI_RUSER_WIDTH1_C_M_AXI_BUSER_WIDTH1_C_USER_VALUE0_C_PROT_VALUE0_C_CACHE_VALUE3_USER_DW32_USER_AW64_USER_MAXREQS7_USER_RFIFONUM_WIDTH9_67
gmem2_m_axi_U/clk_gate_load_unit_buff_rdata_genblk1_U_fifo_mem_mem_reg_240_       3.9900     0.0      0.0000       3.9900 0.0000 SNPS_CLOCK_GATE_HIGH_tinytpu_isa_gmem2_m_axi_CONSERVATIVE1_NUM_READ_OUTSTANDING16_NUM_WRITE_OUTSTANDING16_MAX_READ_BURST_LENGTH16_MAX_WRITE_BURST_LENGTH16_C_M_AXI_ID_WIDTH1_C_M_AXI_ADDR_WIDTH64_C_M_AXI_DATA_WIDTH32_C_M_AXI_AWUSER_WIDTH1_C_M_AXI_ARUSER_WIDTH1_C_M_AXI_WUSER_WIDTH1_C_M_AXI_RUSER_WIDTH1_C_M_AXI_BUSER_WIDTH1_C_USER_VALUE0_C_PROT_VALUE0_C_CACHE_VALUE3_USER_DW32_USER_AW64_USER_MAXREQS7_USER_RFIFONUM_WIDTH9_284
gmem2_m_axi_U/clk_gate_load_unit_buff_rdata_genblk1_U_fifo_mem_mem_reg_241_       3.9900     0.0      0.0000       3.9900 0.0000 SNPS_CLOCK_GATE_HIGH_tinytpu_isa_gmem2_m_axi_CONSERVATIVE1_NUM_READ_OUTSTANDING16_NUM_WRITE_OUTSTANDING16_MAX_READ_BURST_LENGTH16_MAX_WRITE_BURST_LENGTH16_C_M_AXI_ID_WIDTH1_C_M_AXI_ADDR_WIDTH64_C_M_AXI_DATA_WIDTH32_C_M_AXI_AWUSER_WIDTH1_C_M_AXI_ARUSER_WIDTH1_C_M_AXI_WUSER_WIDTH1_C_M_AXI_RUSER_WIDTH1_C_M_AXI_BUSER_WIDTH1_C_USER_VALUE0_C_PROT_VALUE0_C_CACHE_VALUE3_USER_DW32_USER_AW64_USER_MAXREQS7_USER_RFIFONUM_WIDTH9_285
gmem2_m_axi_U/clk_gate_load_unit_buff_rdata_genblk1_U_fifo_mem_mem_reg_242_       3.9900     0.0      0.0000       3.9900 0.0000 SNPS_CLOCK_GATE_HIGH_tinytpu_isa_gmem2_m_axi_CONSERVATIVE1_NUM_READ_OUTSTANDING16_NUM_WRITE_OUTSTANDING16_MAX_READ_BURST_LENGTH16_MAX_WRITE_BURST_LENGTH16_C_M_AXI_ID_WIDTH1_C_M_AXI_ADDR_WIDTH64_C_M_AXI_DATA_WIDTH32_C_M_AXI_AWUSER_WIDTH1_C_M_AXI_ARUSER_WIDTH1_C_M_AXI_WUSER_WIDTH1_C_M_AXI_RUSER_WIDTH1_C_M_AXI_BUSER_WIDTH1_C_USER_VALUE0_C_PROT_VALUE0_C_CACHE_VALUE3_USER_DW32_USER_AW64_USER_MAXREQS7_USER_RFIFONUM_WIDTH9_286
gmem2_m_axi_U/clk_gate_load_unit_buff_rdata_genblk1_U_fifo_mem_mem_reg_243_       3.9900     0.0      0.0000       3.9900 0.0000 SNPS_CLOCK_GATE_HIGH_tinytpu_isa_gmem2_m_axi_CONSERVATIVE1_NUM_READ_OUTSTANDING16_NUM_WRITE_OUTSTANDING16_MAX_READ_BURST_LENGTH16_MAX_WRITE_BURST_LENGTH16_C_M_AXI_ID_WIDTH1_C_M_AXI_ADDR_WIDTH64_C_M_AXI_DATA_WIDTH32_C_M_AXI_AWUSER_WIDTH1_C_M_AXI_ARUSER_WIDTH1_C_M_AXI_WUSER_WIDTH1_C_M_AXI_RUSER_WIDTH1_C_M_AXI_BUSER_WIDTH1_C_USER_VALUE0_C_PROT_VALUE0_C_CACHE_VALUE3_USER_DW32_USER_AW64_USER_MAXREQS7_USER_RFIFONUM_WIDTH9_287
gmem2_m_axi_U/clk_gate_load_unit_buff_rdata_genblk1_U_fifo_mem_mem_reg_244_       3.9900     0.0      0.0000       3.9900 0.0000 SNPS_CLOCK_GATE_HIGH_tinytpu_isa_gmem2_m_axi_CONSERVATIVE1_NUM_READ_OUTSTANDING16_NUM_WRITE_OUTSTANDING16_MAX_READ_BURST_LENGTH16_MAX_WRITE_BURST_LENGTH16_C_M_AXI_ID_WIDTH1_C_M_AXI_ADDR_WIDTH64_C_M_AXI_DATA_WIDTH32_C_M_AXI_AWUSER_WIDTH1_C_M_AXI_ARUSER_WIDTH1_C_M_AXI_WUSER_WIDTH1_C_M_AXI_RUSER_WIDTH1_C_M_AXI_BUSER_WIDTH1_C_USER_VALUE0_C_PROT_VALUE0_C_CACHE_VALUE3_USER_DW32_USER_AW64_USER_MAXREQS7_USER_RFIFONUM_WIDTH9_288
gmem2_m_axi_U/clk_gate_load_unit_buff_rdata_genblk1_U_fifo_mem_mem_reg_245_       3.9900     0.0      0.0000       3.9900 0.0000 SNPS_CLOCK_GATE_HIGH_tinytpu_isa_gmem2_m_axi_CONSERVATIVE1_NUM_READ_OUTSTANDING16_NUM_WRITE_OUTSTANDING16_MAX_READ_BURST_LENGTH16_MAX_WRITE_BURST_LENGTH16_C_M_AXI_ID_WIDTH1_C_M_AXI_ADDR_WIDTH64_C_M_AXI_DATA_WIDTH32_C_M_AXI_AWUSER_WIDTH1_C_M_AXI_ARUSER_WIDTH1_C_M_AXI_WUSER_WIDTH1_C_M_AXI_RUSER_WIDTH1_C_M_AXI_BUSER_WIDTH1_C_USER_VALUE0_C_PROT_VALUE0_C_CACHE_VALUE3_USER_DW32_USER_AW64_USER_MAXREQS7_USER_RFIFONUM_WIDTH9_289
gmem2_m_axi_U/clk_gate_load_unit_buff_rdata_genblk1_U_fifo_mem_mem_reg_246_       3.9900     0.0      0.0000       3.9900 0.0000 SNPS_CLOCK_GATE_HIGH_tinytpu_isa_gmem2_m_axi_CONSERVATIVE1_NUM_READ_OUTSTANDING16_NUM_WRITE_OUTSTANDING16_MAX_READ_BURST_LENGTH16_MAX_WRITE_BURST_LENGTH16_C_M_AXI_ID_WIDTH1_C_M_AXI_ADDR_WIDTH64_C_M_AXI_DATA_WIDTH32_C_M_AXI_AWUSER_WIDTH1_C_M_AXI_ARUSER_WIDTH1_C_M_AXI_WUSER_WIDTH1_C_M_AXI_RUSER_WIDTH1_C_M_AXI_BUSER_WIDTH1_C_USER_VALUE0_C_PROT_VALUE0_C_CACHE_VALUE3_USER_DW32_USER_AW64_USER_MAXREQS7_USER_RFIFONUM_WIDTH9_290
gmem2_m_axi_U/clk_gate_load_unit_buff_rdata_genblk1_U_fifo_mem_mem_reg_247_       3.9900     0.0      0.0000       3.9900 0.0000 SNPS_CLOCK_GATE_HIGH_tinytpu_isa_gmem2_m_axi_CONSERVATIVE1_NUM_READ_OUTSTANDING16_NUM_WRITE_OUTSTANDING16_MAX_READ_BURST_LENGTH16_MAX_WRITE_BURST_LENGTH16_C_M_AXI_ID_WIDTH1_C_M_AXI_ADDR_WIDTH64_C_M_AXI_DATA_WIDTH32_C_M_AXI_AWUSER_WIDTH1_C_M_AXI_ARUSER_WIDTH1_C_M_AXI_WUSER_WIDTH1_C_M_AXI_RUSER_WIDTH1_C_M_AXI_BUSER_WIDTH1_C_USER_VALUE0_C_PROT_VALUE0_C_CACHE_VALUE3_USER_DW32_USER_AW64_USER_MAXREQS7_USER_RFIFONUM_WIDTH9_291
gmem2_m_axi_U/clk_gate_load_unit_buff_rdata_genblk1_U_fifo_mem_mem_reg_248_       3.9900     0.0      0.0000       3.9900 0.0000 SNPS_CLOCK_GATE_HIGH_tinytpu_isa_gmem2_m_axi_CONSERVATIVE1_NUM_READ_OUTSTANDING16_NUM_WRITE_OUTSTANDING16_MAX_READ_BURST_LENGTH16_MAX_WRITE_BURST_LENGTH16_C_M_AXI_ID_WIDTH1_C_M_AXI_ADDR_WIDTH64_C_M_AXI_DATA_WIDTH32_C_M_AXI_AWUSER_WIDTH1_C_M_AXI_ARUSER_WIDTH1_C_M_AXI_WUSER_WIDTH1_C_M_AXI_RUSER_WIDTH1_C_M_AXI_BUSER_WIDTH1_C_USER_VALUE0_C_PROT_VALUE0_C_CACHE_VALUE3_USER_DW32_USER_AW64_USER_MAXREQS7_USER_RFIFONUM_WIDTH9_292
gmem2_m_axi_U/clk_gate_load_unit_buff_rdata_genblk1_U_fifo_mem_mem_reg_249_       3.9900     0.0      0.0000       3.9900 0.0000 SNPS_CLOCK_GATE_HIGH_tinytpu_isa_gmem2_m_axi_CONSERVATIVE1_NUM_READ_OUTSTANDING16_NUM_WRITE_OUTSTANDING16_MAX_READ_BURST_LENGTH16_MAX_WRITE_BURST_LENGTH16_C_M_AXI_ID_WIDTH1_C_M_AXI_ADDR_WIDTH64_C_M_AXI_DATA_WIDTH32_C_M_AXI_AWUSER_WIDTH1_C_M_AXI_ARUSER_WIDTH1_C_M_AXI_WUSER_WIDTH1_C_M_AXI_RUSER_WIDTH1_C_M_AXI_BUSER_WIDTH1_C_USER_VALUE0_C_PROT_VALUE0_C_CACHE_VALUE3_USER_DW32_USER_AW64_USER_MAXREQS7_USER_RFIFONUM_WIDTH9_293
gmem2_m_axi_U/clk_gate_load_unit_buff_rdata_genblk1_U_fifo_mem_mem_reg_24_       3.9900     0.0      0.0000       3.9900 0.0000 SNPS_CLOCK_GATE_HIGH_tinytpu_isa_gmem2_m_axi_CONSERVATIVE1_NUM_READ_OUTSTANDING16_NUM_WRITE_OUTSTANDING16_MAX_READ_BURST_LENGTH16_MAX_WRITE_BURST_LENGTH16_C_M_AXI_ID_WIDTH1_C_M_AXI_ADDR_WIDTH64_C_M_AXI_DATA_WIDTH32_C_M_AXI_AWUSER_WIDTH1_C_M_AXI_ARUSER_WIDTH1_C_M_AXI_WUSER_WIDTH1_C_M_AXI_RUSER_WIDTH1_C_M_AXI_BUSER_WIDTH1_C_USER_VALUE0_C_PROT_VALUE0_C_CACHE_VALUE3_USER_DW32_USER_AW64_USER_MAXREQS7_USER_RFIFONUM_WIDTH9_68
gmem2_m_axi_U/clk_gate_load_unit_buff_rdata_genblk1_U_fifo_mem_mem_reg_250_       3.9900     0.0      0.0000       3.9900 0.0000 SNPS_CLOCK_GATE_HIGH_tinytpu_isa_gmem2_m_axi_CONSERVATIVE1_NUM_READ_OUTSTANDING16_NUM_WRITE_OUTSTANDING16_MAX_READ_BURST_LENGTH16_MAX_WRITE_BURST_LENGTH16_C_M_AXI_ID_WIDTH1_C_M_AXI_ADDR_WIDTH64_C_M_AXI_DATA_WIDTH32_C_M_AXI_AWUSER_WIDTH1_C_M_AXI_ARUSER_WIDTH1_C_M_AXI_WUSER_WIDTH1_C_M_AXI_RUSER_WIDTH1_C_M_AXI_BUSER_WIDTH1_C_USER_VALUE0_C_PROT_VALUE0_C_CACHE_VALUE3_USER_DW32_USER_AW64_USER_MAXREQS7_USER_RFIFONUM_WIDTH9_294
gmem2_m_axi_U/clk_gate_load_unit_buff_rdata_genblk1_U_fifo_mem_mem_reg_251_       3.9900     0.0      0.0000       3.9900 0.0000 SNPS_CLOCK_GATE_HIGH_tinytpu_isa_gmem2_m_axi_CONSERVATIVE1_NUM_READ_OUTSTANDING16_NUM_WRITE_OUTSTANDING16_MAX_READ_BURST_LENGTH16_MAX_WRITE_BURST_LENGTH16_C_M_AXI_ID_WIDTH1_C_M_AXI_ADDR_WIDTH64_C_M_AXI_DATA_WIDTH32_C_M_AXI_AWUSER_WIDTH1_C_M_AXI_ARUSER_WIDTH1_C_M_AXI_WUSER_WIDTH1_C_M_AXI_RUSER_WIDTH1_C_M_AXI_BUSER_WIDTH1_C_USER_VALUE0_C_PROT_VALUE0_C_CACHE_VALUE3_USER_DW32_USER_AW64_USER_MAXREQS7_USER_RFIFONUM_WIDTH9_295
gmem2_m_axi_U/clk_gate_load_unit_buff_rdata_genblk1_U_fifo_mem_mem_reg_252_       3.9900     0.0      0.0000       3.9900 0.0000 SNPS_CLOCK_GATE_HIGH_tinytpu_isa_gmem2_m_axi_CONSERVATIVE1_NUM_READ_OUTSTANDING16_NUM_WRITE_OUTSTANDING16_MAX_READ_BURST_LENGTH16_MAX_WRITE_BURST_LENGTH16_C_M_AXI_ID_WIDTH1_C_M_AXI_ADDR_WIDTH64_C_M_AXI_DATA_WIDTH32_C_M_AXI_AWUSER_WIDTH1_C_M_AXI_ARUSER_WIDTH1_C_M_AXI_WUSER_WIDTH1_C_M_AXI_RUSER_WIDTH1_C_M_AXI_BUSER_WIDTH1_C_USER_VALUE0_C_PROT_VALUE0_C_CACHE_VALUE3_USER_DW32_USER_AW64_USER_MAXREQS7_USER_RFIFONUM_WIDTH9_296
gmem2_m_axi_U/clk_gate_load_unit_buff_rdata_genblk1_U_fifo_mem_mem_reg_253_       3.9900     0.0      0.0000       3.9900 0.0000 SNPS_CLOCK_GATE_HIGH_tinytpu_isa_gmem2_m_axi_CONSERVATIVE1_NUM_READ_OUTSTANDING16_NUM_WRITE_OUTSTANDING16_MAX_READ_BURST_LENGTH16_MAX_WRITE_BURST_LENGTH16_C_M_AXI_ID_WIDTH1_C_M_AXI_ADDR_WIDTH64_C_M_AXI_DATA_WIDTH32_C_M_AXI_AWUSER_WIDTH1_C_M_AXI_ARUSER_WIDTH1_C_M_AXI_WUSER_WIDTH1_C_M_AXI_RUSER_WIDTH1_C_M_AXI_BUSER_WIDTH1_C_USER_VALUE0_C_PROT_VALUE0_C_CACHE_VALUE3_USER_DW32_USER_AW64_USER_MAXREQS7_USER_RFIFONUM_WIDTH9_297
gmem2_m_axi_U/clk_gate_load_unit_buff_rdata_genblk1_U_fifo_mem_mem_reg_254_       3.9900     0.0      0.0000       3.9900 0.0000 SNPS_CLOCK_GATE_HIGH_tinytpu_isa_gmem2_m_axi_CONSERVATIVE1_NUM_READ_OUTSTANDING16_NUM_WRITE_OUTSTANDING16_MAX_READ_BURST_LENGTH16_MAX_WRITE_BURST_LENGTH16_C_M_AXI_ID_WIDTH1_C_M_AXI_ADDR_WIDTH64_C_M_AXI_DATA_WIDTH32_C_M_AXI_AWUSER_WIDTH1_C_M_AXI_ARUSER_WIDTH1_C_M_AXI_WUSER_WIDTH1_C_M_AXI_RUSER_WIDTH1_C_M_AXI_BUSER_WIDTH1_C_USER_VALUE0_C_PROT_VALUE0_C_CACHE_VALUE3_USER_DW32_USER_AW64_USER_MAXREQS7_USER_RFIFONUM_WIDTH9_298
gmem2_m_axi_U/clk_gate_load_unit_buff_rdata_genblk1_U_fifo_mem_mem_reg_25_       3.9900     0.0      0.0000       3.9900 0.0000 SNPS_CLOCK_GATE_HIGH_tinytpu_isa_gmem2_m_axi_CONSERVATIVE1_NUM_READ_OUTSTANDING16_NUM_WRITE_OUTSTANDING16_MAX_READ_BURST_LENGTH16_MAX_WRITE_BURST_LENGTH16_C_M_AXI_ID_WIDTH1_C_M_AXI_ADDR_WIDTH64_C_M_AXI_DATA_WIDTH32_C_M_AXI_AWUSER_WIDTH1_C_M_AXI_ARUSER_WIDTH1_C_M_AXI_WUSER_WIDTH1_C_M_AXI_RUSER_WIDTH1_C_M_AXI_BUSER_WIDTH1_C_USER_VALUE0_C_PROT_VALUE0_C_CACHE_VALUE3_USER_DW32_USER_AW64_USER_MAXREQS7_USER_RFIFONUM_WIDTH9_69
gmem2_m_axi_U/clk_gate_load_unit_buff_rdata_genblk1_U_fifo_mem_mem_reg_26_       3.9900     0.0      0.0000       3.9900 0.0000 SNPS_CLOCK_GATE_HIGH_tinytpu_isa_gmem2_m_axi_CONSERVATIVE1_NUM_READ_OUTSTANDING16_NUM_WRITE_OUTSTANDING16_MAX_READ_BURST_LENGTH16_MAX_WRITE_BURST_LENGTH16_C_M_AXI_ID_WIDTH1_C_M_AXI_ADDR_WIDTH64_C_M_AXI_DATA_WIDTH32_C_M_AXI_AWUSER_WIDTH1_C_M_AXI_ARUSER_WIDTH1_C_M_AXI_WUSER_WIDTH1_C_M_AXI_RUSER_WIDTH1_C_M_AXI_BUSER_WIDTH1_C_USER_VALUE0_C_PROT_VALUE0_C_CACHE_VALUE3_USER_DW32_USER_AW64_USER_MAXREQS7_USER_RFIFONUM_WIDTH9_70
gmem2_m_axi_U/clk_gate_load_unit_buff_rdata_genblk1_U_fifo_mem_mem_reg_27_       3.9900     0.0      0.0000       3.9900 0.0000 SNPS_CLOCK_GATE_HIGH_tinytpu_isa_gmem2_m_axi_CONSERVATIVE1_NUM_READ_OUTSTANDING16_NUM_WRITE_OUTSTANDING16_MAX_READ_BURST_LENGTH16_MAX_WRITE_BURST_LENGTH16_C_M_AXI_ID_WIDTH1_C_M_AXI_ADDR_WIDTH64_C_M_AXI_DATA_WIDTH32_C_M_AXI_AWUSER_WIDTH1_C_M_AXI_ARUSER_WIDTH1_C_M_AXI_WUSER_WIDTH1_C_M_AXI_RUSER_WIDTH1_C_M_AXI_BUSER_WIDTH1_C_USER_VALUE0_C_PROT_VALUE0_C_CACHE_VALUE3_USER_DW32_USER_AW64_USER_MAXREQS7_USER_RFIFONUM_WIDTH9_71
gmem2_m_axi_U/clk_gate_load_unit_buff_rdata_genblk1_U_fifo_mem_mem_reg_28_       3.9900     0.0      0.0000       3.9900 0.0000 SNPS_CLOCK_GATE_HIGH_tinytpu_isa_gmem2_m_axi_CONSERVATIVE1_NUM_READ_OUTSTANDING16_NUM_WRITE_OUTSTANDING16_MAX_READ_BURST_LENGTH16_MAX_WRITE_BURST_LENGTH16_C_M_AXI_ID_WIDTH1_C_M_AXI_ADDR_WIDTH64_C_M_AXI_DATA_WIDTH32_C_M_AXI_AWUSER_WIDTH1_C_M_AXI_ARUSER_WIDTH1_C_M_AXI_WUSER_WIDTH1_C_M_AXI_RUSER_WIDTH1_C_M_AXI_BUSER_WIDTH1_C_USER_VALUE0_C_PROT_VALUE0_C_CACHE_VALUE3_USER_DW32_USER_AW64_USER_MAXREQS7_USER_RFIFONUM_WIDTH9_72
gmem2_m_axi_U/clk_gate_load_unit_buff_rdata_genblk1_U_fifo_mem_mem_reg_29_       3.9900     0.0      0.0000       3.9900 0.0000 SNPS_CLOCK_GATE_HIGH_tinytpu_isa_gmem2_m_axi_CONSERVATIVE1_NUM_READ_OUTSTANDING16_NUM_WRITE_OUTSTANDING16_MAX_READ_BURST_LENGTH16_MAX_WRITE_BURST_LENGTH16_C_M_AXI_ID_WIDTH1_C_M_AXI_ADDR_WIDTH64_C_M_AXI_DATA_WIDTH32_C_M_AXI_AWUSER_WIDTH1_C_M_AXI_ARUSER_WIDTH1_C_M_AXI_WUSER_WIDTH1_C_M_AXI_RUSER_WIDTH1_C_M_AXI_BUSER_WIDTH1_C_USER_VALUE0_C_PROT_VALUE0_C_CACHE_VALUE3_USER_DW32_USER_AW64_USER_MAXREQS7_USER_RFIFONUM_WIDTH9_73
gmem2_m_axi_U/clk_gate_load_unit_buff_rdata_genblk1_U_fifo_mem_mem_reg_2_       3.9900     0.0      0.0000       3.9900 0.0000 SNPS_CLOCK_GATE_HIGH_tinytpu_isa_gmem2_m_axi_CONSERVATIVE1_NUM_READ_OUTSTANDING16_NUM_WRITE_OUTSTANDING16_MAX_READ_BURST_LENGTH16_MAX_WRITE_BURST_LENGTH16_C_M_AXI_ID_WIDTH1_C_M_AXI_ADDR_WIDTH64_C_M_AXI_DATA_WIDTH32_C_M_AXI_AWUSER_WIDTH1_C_M_AXI_ARUSER_WIDTH1_C_M_AXI_WUSER_WIDTH1_C_M_AXI_RUSER_WIDTH1_C_M_AXI_BUSER_WIDTH1_C_USER_VALUE0_C_PROT_VALUE0_C_CACHE_VALUE3_USER_DW32_USER_AW64_USER_MAXREQS7_USER_RFIFONUM_WIDTH9_46
gmem2_m_axi_U/clk_gate_load_unit_buff_rdata_genblk1_U_fifo_mem_mem_reg_30_       3.9900     0.0      0.0000       3.9900 0.0000 SNPS_CLOCK_GATE_HIGH_tinytpu_isa_gmem2_m_axi_CONSERVATIVE1_NUM_READ_OUTSTANDING16_NUM_WRITE_OUTSTANDING16_MAX_READ_BURST_LENGTH16_MAX_WRITE_BURST_LENGTH16_C_M_AXI_ID_WIDTH1_C_M_AXI_ADDR_WIDTH64_C_M_AXI_DATA_WIDTH32_C_M_AXI_AWUSER_WIDTH1_C_M_AXI_ARUSER_WIDTH1_C_M_AXI_WUSER_WIDTH1_C_M_AXI_RUSER_WIDTH1_C_M_AXI_BUSER_WIDTH1_C_USER_VALUE0_C_PROT_VALUE0_C_CACHE_VALUE3_USER_DW32_USER_AW64_USER_MAXREQS7_USER_RFIFONUM_WIDTH9_74
gmem2_m_axi_U/clk_gate_load_unit_buff_rdata_genblk1_U_fifo_mem_mem_reg_31_       3.9900     0.0      0.0000       3.9900 0.0000 SNPS_CLOCK_GATE_HIGH_tinytpu_isa_gmem2_m_axi_CONSERVATIVE1_NUM_READ_OUTSTANDING16_NUM_WRITE_OUTSTANDING16_MAX_READ_BURST_LENGTH16_MAX_WRITE_BURST_LENGTH16_C_M_AXI_ID_WIDTH1_C_M_AXI_ADDR_WIDTH64_C_M_AXI_DATA_WIDTH32_C_M_AXI_AWUSER_WIDTH1_C_M_AXI_ARUSER_WIDTH1_C_M_AXI_WUSER_WIDTH1_C_M_AXI_RUSER_WIDTH1_C_M_AXI_BUSER_WIDTH1_C_USER_VALUE0_C_PROT_VALUE0_C_CACHE_VALUE3_USER_DW32_USER_AW64_USER_MAXREQS7_USER_RFIFONUM_WIDTH9_75
gmem2_m_axi_U/clk_gate_load_unit_buff_rdata_genblk1_U_fifo_mem_mem_reg_32_       3.9900     0.0      0.0000       3.9900 0.0000 SNPS_CLOCK_GATE_HIGH_tinytpu_isa_gmem2_m_axi_CONSERVATIVE1_NUM_READ_OUTSTANDING16_NUM_WRITE_OUTSTANDING16_MAX_READ_BURST_LENGTH16_MAX_WRITE_BURST_LENGTH16_C_M_AXI_ID_WIDTH1_C_M_AXI_ADDR_WIDTH64_C_M_AXI_DATA_WIDTH32_C_M_AXI_AWUSER_WIDTH1_C_M_AXI_ARUSER_WIDTH1_C_M_AXI_WUSER_WIDTH1_C_M_AXI_RUSER_WIDTH1_C_M_AXI_BUSER_WIDTH1_C_USER_VALUE0_C_PROT_VALUE0_C_CACHE_VALUE3_USER_DW32_USER_AW64_USER_MAXREQS7_USER_RFIFONUM_WIDTH9_76
gmem2_m_axi_U/clk_gate_load_unit_buff_rdata_genblk1_U_fifo_mem_mem_reg_33_       3.9900     0.0      0.0000       3.9900 0.0000 SNPS_CLOCK_GATE_HIGH_tinytpu_isa_gmem2_m_axi_CONSERVATIVE1_NUM_READ_OUTSTANDING16_NUM_WRITE_OUTSTANDING16_MAX_READ_BURST_LENGTH16_MAX_WRITE_BURST_LENGTH16_C_M_AXI_ID_WIDTH1_C_M_AXI_ADDR_WIDTH64_C_M_AXI_DATA_WIDTH32_C_M_AXI_AWUSER_WIDTH1_C_M_AXI_ARUSER_WIDTH1_C_M_AXI_WUSER_WIDTH1_C_M_AXI_RUSER_WIDTH1_C_M_AXI_BUSER_WIDTH1_C_USER_VALUE0_C_PROT_VALUE0_C_CACHE_VALUE3_USER_DW32_USER_AW64_USER_MAXREQS7_USER_RFIFONUM_WIDTH9_77
gmem2_m_axi_U/clk_gate_load_unit_buff_rdata_genblk1_U_fifo_mem_mem_reg_34_       3.9900     0.0      0.0000       3.9900 0.0000 SNPS_CLOCK_GATE_HIGH_tinytpu_isa_gmem2_m_axi_CONSERVATIVE1_NUM_READ_OUTSTANDING16_NUM_WRITE_OUTSTANDING16_MAX_READ_BURST_LENGTH16_MAX_WRITE_BURST_LENGTH16_C_M_AXI_ID_WIDTH1_C_M_AXI_ADDR_WIDTH64_C_M_AXI_DATA_WIDTH32_C_M_AXI_AWUSER_WIDTH1_C_M_AXI_ARUSER_WIDTH1_C_M_AXI_WUSER_WIDTH1_C_M_AXI_RUSER_WIDTH1_C_M_AXI_BUSER_WIDTH1_C_USER_VALUE0_C_PROT_VALUE0_C_CACHE_VALUE3_USER_DW32_USER_AW64_USER_MAXREQS7_USER_RFIFONUM_WIDTH9_78
gmem2_m_axi_U/clk_gate_load_unit_buff_rdata_genblk1_U_fifo_mem_mem_reg_35_       3.9900     0.0      0.0000       3.9900 0.0000 SNPS_CLOCK_GATE_HIGH_tinytpu_isa_gmem2_m_axi_CONSERVATIVE1_NUM_READ_OUTSTANDING16_NUM_WRITE_OUTSTANDING16_MAX_READ_BURST_LENGTH16_MAX_WRITE_BURST_LENGTH16_C_M_AXI_ID_WIDTH1_C_M_AXI_ADDR_WIDTH64_C_M_AXI_DATA_WIDTH32_C_M_AXI_AWUSER_WIDTH1_C_M_AXI_ARUSER_WIDTH1_C_M_AXI_WUSER_WIDTH1_C_M_AXI_RUSER_WIDTH1_C_M_AXI_BUSER_WIDTH1_C_USER_VALUE0_C_PROT_VALUE0_C_CACHE_VALUE3_USER_DW32_USER_AW64_USER_MAXREQS7_USER_RFIFONUM_WIDTH9_79
gmem2_m_axi_U/clk_gate_load_unit_buff_rdata_genblk1_U_fifo_mem_mem_reg_36_       3.9900     0.0      0.0000       3.9900 0.0000 SNPS_CLOCK_GATE_HIGH_tinytpu_isa_gmem2_m_axi_CONSERVATIVE1_NUM_READ_OUTSTANDING16_NUM_WRITE_OUTSTANDING16_MAX_READ_BURST_LENGTH16_MAX_WRITE_BURST_LENGTH16_C_M_AXI_ID_WIDTH1_C_M_AXI_ADDR_WIDTH64_C_M_AXI_DATA_WIDTH32_C_M_AXI_AWUSER_WIDTH1_C_M_AXI_ARUSER_WIDTH1_C_M_AXI_WUSER_WIDTH1_C_M_AXI_RUSER_WIDTH1_C_M_AXI_BUSER_WIDTH1_C_USER_VALUE0_C_PROT_VALUE0_C_CACHE_VALUE3_USER_DW32_USER_AW64_USER_MAXREQS7_USER_RFIFONUM_WIDTH9_80
gmem2_m_axi_U/clk_gate_load_unit_buff_rdata_genblk1_U_fifo_mem_mem_reg_37_       3.9900     0.0      0.0000       3.9900 0.0000 SNPS_CLOCK_GATE_HIGH_tinytpu_isa_gmem2_m_axi_CONSERVATIVE1_NUM_READ_OUTSTANDING16_NUM_WRITE_OUTSTANDING16_MAX_READ_BURST_LENGTH16_MAX_WRITE_BURST_LENGTH16_C_M_AXI_ID_WIDTH1_C_M_AXI_ADDR_WIDTH64_C_M_AXI_DATA_WIDTH32_C_M_AXI_AWUSER_WIDTH1_C_M_AXI_ARUSER_WIDTH1_C_M_AXI_WUSER_WIDTH1_C_M_AXI_RUSER_WIDTH1_C_M_AXI_BUSER_WIDTH1_C_USER_VALUE0_C_PROT_VALUE0_C_CACHE_VALUE3_USER_DW32_USER_AW64_USER_MAXREQS7_USER_RFIFONUM_WIDTH9_81
gmem2_m_axi_U/clk_gate_load_unit_buff_rdata_genblk1_U_fifo_mem_mem_reg_38_       3.9900     0.0      0.0000       3.9900 0.0000 SNPS_CLOCK_GATE_HIGH_tinytpu_isa_gmem2_m_axi_CONSERVATIVE1_NUM_READ_OUTSTANDING16_NUM_WRITE_OUTSTANDING16_MAX_READ_BURST_LENGTH16_MAX_WRITE_BURST_LENGTH16_C_M_AXI_ID_WIDTH1_C_M_AXI_ADDR_WIDTH64_C_M_AXI_DATA_WIDTH32_C_M_AXI_AWUSER_WIDTH1_C_M_AXI_ARUSER_WIDTH1_C_M_AXI_WUSER_WIDTH1_C_M_AXI_RUSER_WIDTH1_C_M_AXI_BUSER_WIDTH1_C_USER_VALUE0_C_PROT_VALUE0_C_CACHE_VALUE3_USER_DW32_USER_AW64_USER_MAXREQS7_USER_RFIFONUM_WIDTH9_82
gmem2_m_axi_U/clk_gate_load_unit_buff_rdata_genblk1_U_fifo_mem_mem_reg_39_       3.9900     0.0      0.0000       3.9900 0.0000 SNPS_CLOCK_GATE_HIGH_tinytpu_isa_gmem2_m_axi_CONSERVATIVE1_NUM_READ_OUTSTANDING16_NUM_WRITE_OUTSTANDING16_MAX_READ_BURST_LENGTH16_MAX_WRITE_BURST_LENGTH16_C_M_AXI_ID_WIDTH1_C_M_AXI_ADDR_WIDTH64_C_M_AXI_DATA_WIDTH32_C_M_AXI_AWUSER_WIDTH1_C_M_AXI_ARUSER_WIDTH1_C_M_AXI_WUSER_WIDTH1_C_M_AXI_RUSER_WIDTH1_C_M_AXI_BUSER_WIDTH1_C_USER_VALUE0_C_PROT_VALUE0_C_CACHE_VALUE3_USER_DW32_USER_AW64_USER_MAXREQS7_USER_RFIFONUM_WIDTH9_83
gmem2_m_axi_U/clk_gate_load_unit_buff_rdata_genblk1_U_fifo_mem_mem_reg_3_       3.9900     0.0      0.0000       3.9900 0.0000 SNPS_CLOCK_GATE_HIGH_tinytpu_isa_gmem2_m_axi_CONSERVATIVE1_NUM_READ_OUTSTANDING16_NUM_WRITE_OUTSTANDING16_MAX_READ_BURST_LENGTH16_MAX_WRITE_BURST_LENGTH16_C_M_AXI_ID_WIDTH1_C_M_AXI_ADDR_WIDTH64_C_M_AXI_DATA_WIDTH32_C_M_AXI_AWUSER_WIDTH1_C_M_AXI_ARUSER_WIDTH1_C_M_AXI_WUSER_WIDTH1_C_M_AXI_RUSER_WIDTH1_C_M_AXI_BUSER_WIDTH1_C_USER_VALUE0_C_PROT_VALUE0_C_CACHE_VALUE3_USER_DW32_USER_AW64_USER_MAXREQS7_USER_RFIFONUM_WIDTH9_47
gmem2_m_axi_U/clk_gate_load_unit_buff_rdata_genblk1_U_fifo_mem_mem_reg_40_       3.9900     0.0      0.0000       3.9900 0.0000 SNPS_CLOCK_GATE_HIGH_tinytpu_isa_gmem2_m_axi_CONSERVATIVE1_NUM_READ_OUTSTANDING16_NUM_WRITE_OUTSTANDING16_MAX_READ_BURST_LENGTH16_MAX_WRITE_BURST_LENGTH16_C_M_AXI_ID_WIDTH1_C_M_AXI_ADDR_WIDTH64_C_M_AXI_DATA_WIDTH32_C_M_AXI_AWUSER_WIDTH1_C_M_AXI_ARUSER_WIDTH1_C_M_AXI_WUSER_WIDTH1_C_M_AXI_RUSER_WIDTH1_C_M_AXI_BUSER_WIDTH1_C_USER_VALUE0_C_PROT_VALUE0_C_CACHE_VALUE3_USER_DW32_USER_AW64_USER_MAXREQS7_USER_RFIFONUM_WIDTH9_84
gmem2_m_axi_U/clk_gate_load_unit_buff_rdata_genblk1_U_fifo_mem_mem_reg_41_       3.9900     0.0      0.0000       3.9900 0.0000 SNPS_CLOCK_GATE_HIGH_tinytpu_isa_gmem2_m_axi_CONSERVATIVE1_NUM_READ_OUTSTANDING16_NUM_WRITE_OUTSTANDING16_MAX_READ_BURST_LENGTH16_MAX_WRITE_BURST_LENGTH16_C_M_AXI_ID_WIDTH1_C_M_AXI_ADDR_WIDTH64_C_M_AXI_DATA_WIDTH32_C_M_AXI_AWUSER_WIDTH1_C_M_AXI_ARUSER_WIDTH1_C_M_AXI_WUSER_WIDTH1_C_M_AXI_RUSER_WIDTH1_C_M_AXI_BUSER_WIDTH1_C_USER_VALUE0_C_PROT_VALUE0_C_CACHE_VALUE3_USER_DW32_USER_AW64_USER_MAXREQS7_USER_RFIFONUM_WIDTH9_85
gmem2_m_axi_U/clk_gate_load_unit_buff_rdata_genblk1_U_fifo_mem_mem_reg_42_       3.9900     0.0      0.0000       3.9900 0.0000 SNPS_CLOCK_GATE_HIGH_tinytpu_isa_gmem2_m_axi_CONSERVATIVE1_NUM_READ_OUTSTANDING16_NUM_WRITE_OUTSTANDING16_MAX_READ_BURST_LENGTH16_MAX_WRITE_BURST_LENGTH16_C_M_AXI_ID_WIDTH1_C_M_AXI_ADDR_WIDTH64_C_M_AXI_DATA_WIDTH32_C_M_AXI_AWUSER_WIDTH1_C_M_AXI_ARUSER_WIDTH1_C_M_AXI_WUSER_WIDTH1_C_M_AXI_RUSER_WIDTH1_C_M_AXI_BUSER_WIDTH1_C_USER_VALUE0_C_PROT_VALUE0_C_CACHE_VALUE3_USER_DW32_USER_AW64_USER_MAXREQS7_USER_RFIFONUM_WIDTH9_86
gmem2_m_axi_U/clk_gate_load_unit_buff_rdata_genblk1_U_fifo_mem_mem_reg_43_       3.9900     0.0      0.0000       3.9900 0.0000 SNPS_CLOCK_GATE_HIGH_tinytpu_isa_gmem2_m_axi_CONSERVATIVE1_NUM_READ_OUTSTANDING16_NUM_WRITE_OUTSTANDING16_MAX_READ_BURST_LENGTH16_MAX_WRITE_BURST_LENGTH16_C_M_AXI_ID_WIDTH1_C_M_AXI_ADDR_WIDTH64_C_M_AXI_DATA_WIDTH32_C_M_AXI_AWUSER_WIDTH1_C_M_AXI_ARUSER_WIDTH1_C_M_AXI_WUSER_WIDTH1_C_M_AXI_RUSER_WIDTH1_C_M_AXI_BUSER_WIDTH1_C_USER_VALUE0_C_PROT_VALUE0_C_CACHE_VALUE3_USER_DW32_USER_AW64_USER_MAXREQS7_USER_RFIFONUM_WIDTH9_87
gmem2_m_axi_U/clk_gate_load_unit_buff_rdata_genblk1_U_fifo_mem_mem_reg_44_       3.9900     0.0      0.0000       3.9900 0.0000 SNPS_CLOCK_GATE_HIGH_tinytpu_isa_gmem2_m_axi_CONSERVATIVE1_NUM_READ_OUTSTANDING16_NUM_WRITE_OUTSTANDING16_MAX_READ_BURST_LENGTH16_MAX_WRITE_BURST_LENGTH16_C_M_AXI_ID_WIDTH1_C_M_AXI_ADDR_WIDTH64_C_M_AXI_DATA_WIDTH32_C_M_AXI_AWUSER_WIDTH1_C_M_AXI_ARUSER_WIDTH1_C_M_AXI_WUSER_WIDTH1_C_M_AXI_RUSER_WIDTH1_C_M_AXI_BUSER_WIDTH1_C_USER_VALUE0_C_PROT_VALUE0_C_CACHE_VALUE3_USER_DW32_USER_AW64_USER_MAXREQS7_USER_RFIFONUM_WIDTH9_88
gmem2_m_axi_U/clk_gate_load_unit_buff_rdata_genblk1_U_fifo_mem_mem_reg_45_       3.9900     0.0      0.0000       3.9900 0.0000 SNPS_CLOCK_GATE_HIGH_tinytpu_isa_gmem2_m_axi_CONSERVATIVE1_NUM_READ_OUTSTANDING16_NUM_WRITE_OUTSTANDING16_MAX_READ_BURST_LENGTH16_MAX_WRITE_BURST_LENGTH16_C_M_AXI_ID_WIDTH1_C_M_AXI_ADDR_WIDTH64_C_M_AXI_DATA_WIDTH32_C_M_AXI_AWUSER_WIDTH1_C_M_AXI_ARUSER_WIDTH1_C_M_AXI_WUSER_WIDTH1_C_M_AXI_RUSER_WIDTH1_C_M_AXI_BUSER_WIDTH1_C_USER_VALUE0_C_PROT_VALUE0_C_CACHE_VALUE3_USER_DW32_USER_AW64_USER_MAXREQS7_USER_RFIFONUM_WIDTH9_89
gmem2_m_axi_U/clk_gate_load_unit_buff_rdata_genblk1_U_fifo_mem_mem_reg_46_       3.9900     0.0      0.0000       3.9900 0.0000 SNPS_CLOCK_GATE_HIGH_tinytpu_isa_gmem2_m_axi_CONSERVATIVE1_NUM_READ_OUTSTANDING16_NUM_WRITE_OUTSTANDING16_MAX_READ_BURST_LENGTH16_MAX_WRITE_BURST_LENGTH16_C_M_AXI_ID_WIDTH1_C_M_AXI_ADDR_WIDTH64_C_M_AXI_DATA_WIDTH32_C_M_AXI_AWUSER_WIDTH1_C_M_AXI_ARUSER_WIDTH1_C_M_AXI_WUSER_WIDTH1_C_M_AXI_RUSER_WIDTH1_C_M_AXI_BUSER_WIDTH1_C_USER_VALUE0_C_PROT_VALUE0_C_CACHE_VALUE3_USER_DW32_USER_AW64_USER_MAXREQS7_USER_RFIFONUM_WIDTH9_90
gmem2_m_axi_U/clk_gate_load_unit_buff_rdata_genblk1_U_fifo_mem_mem_reg_47_       3.9900     0.0      0.0000       3.9900 0.0000 SNPS_CLOCK_GATE_HIGH_tinytpu_isa_gmem2_m_axi_CONSERVATIVE1_NUM_READ_OUTSTANDING16_NUM_WRITE_OUTSTANDING16_MAX_READ_BURST_LENGTH16_MAX_WRITE_BURST_LENGTH16_C_M_AXI_ID_WIDTH1_C_M_AXI_ADDR_WIDTH64_C_M_AXI_DATA_WIDTH32_C_M_AXI_AWUSER_WIDTH1_C_M_AXI_ARUSER_WIDTH1_C_M_AXI_WUSER_WIDTH1_C_M_AXI_RUSER_WIDTH1_C_M_AXI_BUSER_WIDTH1_C_USER_VALUE0_C_PROT_VALUE0_C_CACHE_VALUE3_USER_DW32_USER_AW64_USER_MAXREQS7_USER_RFIFONUM_WIDTH9_91
gmem2_m_axi_U/clk_gate_load_unit_buff_rdata_genblk1_U_fifo_mem_mem_reg_48_       3.9900     0.0      0.0000       3.9900 0.0000 SNPS_CLOCK_GATE_HIGH_tinytpu_isa_gmem2_m_axi_CONSERVATIVE1_NUM_READ_OUTSTANDING16_NUM_WRITE_OUTSTANDING16_MAX_READ_BURST_LENGTH16_MAX_WRITE_BURST_LENGTH16_C_M_AXI_ID_WIDTH1_C_M_AXI_ADDR_WIDTH64_C_M_AXI_DATA_WIDTH32_C_M_AXI_AWUSER_WIDTH1_C_M_AXI_ARUSER_WIDTH1_C_M_AXI_WUSER_WIDTH1_C_M_AXI_RUSER_WIDTH1_C_M_AXI_BUSER_WIDTH1_C_USER_VALUE0_C_PROT_VALUE0_C_CACHE_VALUE3_USER_DW32_USER_AW64_USER_MAXREQS7_USER_RFIFONUM_WIDTH9_92
gmem2_m_axi_U/clk_gate_load_unit_buff_rdata_genblk1_U_fifo_mem_mem_reg_49_       3.9900     0.0      0.0000       3.9900 0.0000 SNPS_CLOCK_GATE_HIGH_tinytpu_isa_gmem2_m_axi_CONSERVATIVE1_NUM_READ_OUTSTANDING16_NUM_WRITE_OUTSTANDING16_MAX_READ_BURST_LENGTH16_MAX_WRITE_BURST_LENGTH16_C_M_AXI_ID_WIDTH1_C_M_AXI_ADDR_WIDTH64_C_M_AXI_DATA_WIDTH32_C_M_AXI_AWUSER_WIDTH1_C_M_AXI_ARUSER_WIDTH1_C_M_AXI_WUSER_WIDTH1_C_M_AXI_RUSER_WIDTH1_C_M_AXI_BUSER_WIDTH1_C_USER_VALUE0_C_PROT_VALUE0_C_CACHE_VALUE3_USER_DW32_USER_AW64_USER_MAXREQS7_USER_RFIFONUM_WIDTH9_93
gmem2_m_axi_U/clk_gate_load_unit_buff_rdata_genblk1_U_fifo_mem_mem_reg_4_       3.9900     0.0      0.0000       3.9900 0.0000 SNPS_CLOCK_GATE_HIGH_tinytpu_isa_gmem2_m_axi_CONSERVATIVE1_NUM_READ_OUTSTANDING16_NUM_WRITE_OUTSTANDING16_MAX_READ_BURST_LENGTH16_MAX_WRITE_BURST_LENGTH16_C_M_AXI_ID_WIDTH1_C_M_AXI_ADDR_WIDTH64_C_M_AXI_DATA_WIDTH32_C_M_AXI_AWUSER_WIDTH1_C_M_AXI_ARUSER_WIDTH1_C_M_AXI_WUSER_WIDTH1_C_M_AXI_RUSER_WIDTH1_C_M_AXI_BUSER_WIDTH1_C_USER_VALUE0_C_PROT_VALUE0_C_CACHE_VALUE3_USER_DW32_USER_AW64_USER_MAXREQS7_USER_RFIFONUM_WIDTH9_48
gmem2_m_axi_U/clk_gate_load_unit_buff_rdata_genblk1_U_fifo_mem_mem_reg_50_       3.9900     0.0      0.0000       3.9900 0.0000 SNPS_CLOCK_GATE_HIGH_tinytpu_isa_gmem2_m_axi_CONSERVATIVE1_NUM_READ_OUTSTANDING16_NUM_WRITE_OUTSTANDING16_MAX_READ_BURST_LENGTH16_MAX_WRITE_BURST_LENGTH16_C_M_AXI_ID_WIDTH1_C_M_AXI_ADDR_WIDTH64_C_M_AXI_DATA_WIDTH32_C_M_AXI_AWUSER_WIDTH1_C_M_AXI_ARUSER_WIDTH1_C_M_AXI_WUSER_WIDTH1_C_M_AXI_RUSER_WIDTH1_C_M_AXI_BUSER_WIDTH1_C_USER_VALUE0_C_PROT_VALUE0_C_CACHE_VALUE3_USER_DW32_USER_AW64_USER_MAXREQS7_USER_RFIFONUM_WIDTH9_94
gmem2_m_axi_U/clk_gate_load_unit_buff_rdata_genblk1_U_fifo_mem_mem_reg_51_       3.9900     0.0      0.0000       3.9900 0.0000 SNPS_CLOCK_GATE_HIGH_tinytpu_isa_gmem2_m_axi_CONSERVATIVE1_NUM_READ_OUTSTANDING16_NUM_WRITE_OUTSTANDING16_MAX_READ_BURST_LENGTH16_MAX_WRITE_BURST_LENGTH16_C_M_AXI_ID_WIDTH1_C_M_AXI_ADDR_WIDTH64_C_M_AXI_DATA_WIDTH32_C_M_AXI_AWUSER_WIDTH1_C_M_AXI_ARUSER_WIDTH1_C_M_AXI_WUSER_WIDTH1_C_M_AXI_RUSER_WIDTH1_C_M_AXI_BUSER_WIDTH1_C_USER_VALUE0_C_PROT_VALUE0_C_CACHE_VALUE3_USER_DW32_USER_AW64_USER_MAXREQS7_USER_RFIFONUM_WIDTH9_95
gmem2_m_axi_U/clk_gate_load_unit_buff_rdata_genblk1_U_fifo_mem_mem_reg_52_       3.9900     0.0      0.0000       3.9900 0.0000 SNPS_CLOCK_GATE_HIGH_tinytpu_isa_gmem2_m_axi_CONSERVATIVE1_NUM_READ_OUTSTANDING16_NUM_WRITE_OUTSTANDING16_MAX_READ_BURST_LENGTH16_MAX_WRITE_BURST_LENGTH16_C_M_AXI_ID_WIDTH1_C_M_AXI_ADDR_WIDTH64_C_M_AXI_DATA_WIDTH32_C_M_AXI_AWUSER_WIDTH1_C_M_AXI_ARUSER_WIDTH1_C_M_AXI_WUSER_WIDTH1_C_M_AXI_RUSER_WIDTH1_C_M_AXI_BUSER_WIDTH1_C_USER_VALUE0_C_PROT_VALUE0_C_CACHE_VALUE3_USER_DW32_USER_AW64_USER_MAXREQS7_USER_RFIFONUM_WIDTH9_96
gmem2_m_axi_U/clk_gate_load_unit_buff_rdata_genblk1_U_fifo_mem_mem_reg_53_       3.9900     0.0      0.0000       3.9900 0.0000 SNPS_CLOCK_GATE_HIGH_tinytpu_isa_gmem2_m_axi_CONSERVATIVE1_NUM_READ_OUTSTANDING16_NUM_WRITE_OUTSTANDING16_MAX_READ_BURST_LENGTH16_MAX_WRITE_BURST_LENGTH16_C_M_AXI_ID_WIDTH1_C_M_AXI_ADDR_WIDTH64_C_M_AXI_DATA_WIDTH32_C_M_AXI_AWUSER_WIDTH1_C_M_AXI_ARUSER_WIDTH1_C_M_AXI_WUSER_WIDTH1_C_M_AXI_RUSER_WIDTH1_C_M_AXI_BUSER_WIDTH1_C_USER_VALUE0_C_PROT_VALUE0_C_CACHE_VALUE3_USER_DW32_USER_AW64_USER_MAXREQS7_USER_RFIFONUM_WIDTH9_97
gmem2_m_axi_U/clk_gate_load_unit_buff_rdata_genblk1_U_fifo_mem_mem_reg_54_       3.9900     0.0      0.0000       3.9900 0.0000 SNPS_CLOCK_GATE_HIGH_tinytpu_isa_gmem2_m_axi_CONSERVATIVE1_NUM_READ_OUTSTANDING16_NUM_WRITE_OUTSTANDING16_MAX_READ_BURST_LENGTH16_MAX_WRITE_BURST_LENGTH16_C_M_AXI_ID_WIDTH1_C_M_AXI_ADDR_WIDTH64_C_M_AXI_DATA_WIDTH32_C_M_AXI_AWUSER_WIDTH1_C_M_AXI_ARUSER_WIDTH1_C_M_AXI_WUSER_WIDTH1_C_M_AXI_RUSER_WIDTH1_C_M_AXI_BUSER_WIDTH1_C_USER_VALUE0_C_PROT_VALUE0_C_CACHE_VALUE3_USER_DW32_USER_AW64_USER_MAXREQS7_USER_RFIFONUM_WIDTH9_98
gmem2_m_axi_U/clk_gate_load_unit_buff_rdata_genblk1_U_fifo_mem_mem_reg_55_       3.9900     0.0      0.0000       3.9900 0.0000 SNPS_CLOCK_GATE_HIGH_tinytpu_isa_gmem2_m_axi_CONSERVATIVE1_NUM_READ_OUTSTANDING16_NUM_WRITE_OUTSTANDING16_MAX_READ_BURST_LENGTH16_MAX_WRITE_BURST_LENGTH16_C_M_AXI_ID_WIDTH1_C_M_AXI_ADDR_WIDTH64_C_M_AXI_DATA_WIDTH32_C_M_AXI_AWUSER_WIDTH1_C_M_AXI_ARUSER_WIDTH1_C_M_AXI_WUSER_WIDTH1_C_M_AXI_RUSER_WIDTH1_C_M_AXI_BUSER_WIDTH1_C_USER_VALUE0_C_PROT_VALUE0_C_CACHE_VALUE3_USER_DW32_USER_AW64_USER_MAXREQS7_USER_RFIFONUM_WIDTH9_99
gmem2_m_axi_U/clk_gate_load_unit_buff_rdata_genblk1_U_fifo_mem_mem_reg_56_       3.9900     0.0      0.0000       3.9900 0.0000 SNPS_CLOCK_GATE_HIGH_tinytpu_isa_gmem2_m_axi_CONSERVATIVE1_NUM_READ_OUTSTANDING16_NUM_WRITE_OUTSTANDING16_MAX_READ_BURST_LENGTH16_MAX_WRITE_BURST_LENGTH16_C_M_AXI_ID_WIDTH1_C_M_AXI_ADDR_WIDTH64_C_M_AXI_DATA_WIDTH32_C_M_AXI_AWUSER_WIDTH1_C_M_AXI_ARUSER_WIDTH1_C_M_AXI_WUSER_WIDTH1_C_M_AXI_RUSER_WIDTH1_C_M_AXI_BUSER_WIDTH1_C_USER_VALUE0_C_PROT_VALUE0_C_CACHE_VALUE3_USER_DW32_USER_AW64_USER_MAXREQS7_USER_RFIFONUM_WIDTH9_100
gmem2_m_axi_U/clk_gate_load_unit_buff_rdata_genblk1_U_fifo_mem_mem_reg_57_       3.9900     0.0      0.0000       3.9900 0.0000 SNPS_CLOCK_GATE_HIGH_tinytpu_isa_gmem2_m_axi_CONSERVATIVE1_NUM_READ_OUTSTANDING16_NUM_WRITE_OUTSTANDING16_MAX_READ_BURST_LENGTH16_MAX_WRITE_BURST_LENGTH16_C_M_AXI_ID_WIDTH1_C_M_AXI_ADDR_WIDTH64_C_M_AXI_DATA_WIDTH32_C_M_AXI_AWUSER_WIDTH1_C_M_AXI_ARUSER_WIDTH1_C_M_AXI_WUSER_WIDTH1_C_M_AXI_RUSER_WIDTH1_C_M_AXI_BUSER_WIDTH1_C_USER_VALUE0_C_PROT_VALUE0_C_CACHE_VALUE3_USER_DW32_USER_AW64_USER_MAXREQS7_USER_RFIFONUM_WIDTH9_101
gmem2_m_axi_U/clk_gate_load_unit_buff_rdata_genblk1_U_fifo_mem_mem_reg_58_       3.9900     0.0      0.0000       3.9900 0.0000 SNPS_CLOCK_GATE_HIGH_tinytpu_isa_gmem2_m_axi_CONSERVATIVE1_NUM_READ_OUTSTANDING16_NUM_WRITE_OUTSTANDING16_MAX_READ_BURST_LENGTH16_MAX_WRITE_BURST_LENGTH16_C_M_AXI_ID_WIDTH1_C_M_AXI_ADDR_WIDTH64_C_M_AXI_DATA_WIDTH32_C_M_AXI_AWUSER_WIDTH1_C_M_AXI_ARUSER_WIDTH1_C_M_AXI_WUSER_WIDTH1_C_M_AXI_RUSER_WIDTH1_C_M_AXI_BUSER_WIDTH1_C_USER_VALUE0_C_PROT_VALUE0_C_CACHE_VALUE3_USER_DW32_USER_AW64_USER_MAXREQS7_USER_RFIFONUM_WIDTH9_102
gmem2_m_axi_U/clk_gate_load_unit_buff_rdata_genblk1_U_fifo_mem_mem_reg_59_       3.9900     0.0      0.0000       3.9900 0.0000 SNPS_CLOCK_GATE_HIGH_tinytpu_isa_gmem2_m_axi_CONSERVATIVE1_NUM_READ_OUTSTANDING16_NUM_WRITE_OUTSTANDING16_MAX_READ_BURST_LENGTH16_MAX_WRITE_BURST_LENGTH16_C_M_AXI_ID_WIDTH1_C_M_AXI_ADDR_WIDTH64_C_M_AXI_DATA_WIDTH32_C_M_AXI_AWUSER_WIDTH1_C_M_AXI_ARUSER_WIDTH1_C_M_AXI_WUSER_WIDTH1_C_M_AXI_RUSER_WIDTH1_C_M_AXI_BUSER_WIDTH1_C_USER_VALUE0_C_PROT_VALUE0_C_CACHE_VALUE3_USER_DW32_USER_AW64_USER_MAXREQS7_USER_RFIFONUM_WIDTH9_103
gmem2_m_axi_U/clk_gate_load_unit_buff_rdata_genblk1_U_fifo_mem_mem_reg_5_       3.9900     0.0      0.0000       3.9900 0.0000 SNPS_CLOCK_GATE_HIGH_tinytpu_isa_gmem2_m_axi_CONSERVATIVE1_NUM_READ_OUTSTANDING16_NUM_WRITE_OUTSTANDING16_MAX_READ_BURST_LENGTH16_MAX_WRITE_BURST_LENGTH16_C_M_AXI_ID_WIDTH1_C_M_AXI_ADDR_WIDTH64_C_M_AXI_DATA_WIDTH32_C_M_AXI_AWUSER_WIDTH1_C_M_AXI_ARUSER_WIDTH1_C_M_AXI_WUSER_WIDTH1_C_M_AXI_RUSER_WIDTH1_C_M_AXI_BUSER_WIDTH1_C_USER_VALUE0_C_PROT_VALUE0_C_CACHE_VALUE3_USER_DW32_USER_AW64_USER_MAXREQS7_USER_RFIFONUM_WIDTH9_49
gmem2_m_axi_U/clk_gate_load_unit_buff_rdata_genblk1_U_fifo_mem_mem_reg_60_       3.9900     0.0      0.0000       3.9900 0.0000 SNPS_CLOCK_GATE_HIGH_tinytpu_isa_gmem2_m_axi_CONSERVATIVE1_NUM_READ_OUTSTANDING16_NUM_WRITE_OUTSTANDING16_MAX_READ_BURST_LENGTH16_MAX_WRITE_BURST_LENGTH16_C_M_AXI_ID_WIDTH1_C_M_AXI_ADDR_WIDTH64_C_M_AXI_DATA_WIDTH32_C_M_AXI_AWUSER_WIDTH1_C_M_AXI_ARUSER_WIDTH1_C_M_AXI_WUSER_WIDTH1_C_M_AXI_RUSER_WIDTH1_C_M_AXI_BUSER_WIDTH1_C_USER_VALUE0_C_PROT_VALUE0_C_CACHE_VALUE3_USER_DW32_USER_AW64_USER_MAXREQS7_USER_RFIFONUM_WIDTH9_104
gmem2_m_axi_U/clk_gate_load_unit_buff_rdata_genblk1_U_fifo_mem_mem_reg_61_       3.9900     0.0      0.0000       3.9900 0.0000 SNPS_CLOCK_GATE_HIGH_tinytpu_isa_gmem2_m_axi_CONSERVATIVE1_NUM_READ_OUTSTANDING16_NUM_WRITE_OUTSTANDING16_MAX_READ_BURST_LENGTH16_MAX_WRITE_BURST_LENGTH16_C_M_AXI_ID_WIDTH1_C_M_AXI_ADDR_WIDTH64_C_M_AXI_DATA_WIDTH32_C_M_AXI_AWUSER_WIDTH1_C_M_AXI_ARUSER_WIDTH1_C_M_AXI_WUSER_WIDTH1_C_M_AXI_RUSER_WIDTH1_C_M_AXI_BUSER_WIDTH1_C_USER_VALUE0_C_PROT_VALUE0_C_CACHE_VALUE3_USER_DW32_USER_AW64_USER_MAXREQS7_USER_RFIFONUM_WIDTH9_105
gmem2_m_axi_U/clk_gate_load_unit_buff_rdata_genblk1_U_fifo_mem_mem_reg_62_       3.9900     0.0      0.0000       3.9900 0.0000 SNPS_CLOCK_GATE_HIGH_tinytpu_isa_gmem2_m_axi_CONSERVATIVE1_NUM_READ_OUTSTANDING16_NUM_WRITE_OUTSTANDING16_MAX_READ_BURST_LENGTH16_MAX_WRITE_BURST_LENGTH16_C_M_AXI_ID_WIDTH1_C_M_AXI_ADDR_WIDTH64_C_M_AXI_DATA_WIDTH32_C_M_AXI_AWUSER_WIDTH1_C_M_AXI_ARUSER_WIDTH1_C_M_AXI_WUSER_WIDTH1_C_M_AXI_RUSER_WIDTH1_C_M_AXI_BUSER_WIDTH1_C_USER_VALUE0_C_PROT_VALUE0_C_CACHE_VALUE3_USER_DW32_USER_AW64_USER_MAXREQS7_USER_RFIFONUM_WIDTH9_106
gmem2_m_axi_U/clk_gate_load_unit_buff_rdata_genblk1_U_fifo_mem_mem_reg_63_       3.9900     0.0      0.0000       3.9900 0.0000 SNPS_CLOCK_GATE_HIGH_tinytpu_isa_gmem2_m_axi_CONSERVATIVE1_NUM_READ_OUTSTANDING16_NUM_WRITE_OUTSTANDING16_MAX_READ_BURST_LENGTH16_MAX_WRITE_BURST_LENGTH16_C_M_AXI_ID_WIDTH1_C_M_AXI_ADDR_WIDTH64_C_M_AXI_DATA_WIDTH32_C_M_AXI_AWUSER_WIDTH1_C_M_AXI_ARUSER_WIDTH1_C_M_AXI_WUSER_WIDTH1_C_M_AXI_RUSER_WIDTH1_C_M_AXI_BUSER_WIDTH1_C_USER_VALUE0_C_PROT_VALUE0_C_CACHE_VALUE3_USER_DW32_USER_AW64_USER_MAXREQS7_USER_RFIFONUM_WIDTH9_107
gmem2_m_axi_U/clk_gate_load_unit_buff_rdata_genblk1_U_fifo_mem_mem_reg_64_       3.9900     0.0      0.0000       3.9900 0.0000 SNPS_CLOCK_GATE_HIGH_tinytpu_isa_gmem2_m_axi_CONSERVATIVE1_NUM_READ_OUTSTANDING16_NUM_WRITE_OUTSTANDING16_MAX_READ_BURST_LENGTH16_MAX_WRITE_BURST_LENGTH16_C_M_AXI_ID_WIDTH1_C_M_AXI_ADDR_WIDTH64_C_M_AXI_DATA_WIDTH32_C_M_AXI_AWUSER_WIDTH1_C_M_AXI_ARUSER_WIDTH1_C_M_AXI_WUSER_WIDTH1_C_M_AXI_RUSER_WIDTH1_C_M_AXI_BUSER_WIDTH1_C_USER_VALUE0_C_PROT_VALUE0_C_CACHE_VALUE3_USER_DW32_USER_AW64_USER_MAXREQS7_USER_RFIFONUM_WIDTH9_108
gmem2_m_axi_U/clk_gate_load_unit_buff_rdata_genblk1_U_fifo_mem_mem_reg_65_       3.9900     0.0      0.0000       3.9900 0.0000 SNPS_CLOCK_GATE_HIGH_tinytpu_isa_gmem2_m_axi_CONSERVATIVE1_NUM_READ_OUTSTANDING16_NUM_WRITE_OUTSTANDING16_MAX_READ_BURST_LENGTH16_MAX_WRITE_BURST_LENGTH16_C_M_AXI_ID_WIDTH1_C_M_AXI_ADDR_WIDTH64_C_M_AXI_DATA_WIDTH32_C_M_AXI_AWUSER_WIDTH1_C_M_AXI_ARUSER_WIDTH1_C_M_AXI_WUSER_WIDTH1_C_M_AXI_RUSER_WIDTH1_C_M_AXI_BUSER_WIDTH1_C_USER_VALUE0_C_PROT_VALUE0_C_CACHE_VALUE3_USER_DW32_USER_AW64_USER_MAXREQS7_USER_RFIFONUM_WIDTH9_109
gmem2_m_axi_U/clk_gate_load_unit_buff_rdata_genblk1_U_fifo_mem_mem_reg_66_       3.9900     0.0      0.0000       3.9900 0.0000 SNPS_CLOCK_GATE_HIGH_tinytpu_isa_gmem2_m_axi_CONSERVATIVE1_NUM_READ_OUTSTANDING16_NUM_WRITE_OUTSTANDING16_MAX_READ_BURST_LENGTH16_MAX_WRITE_BURST_LENGTH16_C_M_AXI_ID_WIDTH1_C_M_AXI_ADDR_WIDTH64_C_M_AXI_DATA_WIDTH32_C_M_AXI_AWUSER_WIDTH1_C_M_AXI_ARUSER_WIDTH1_C_M_AXI_WUSER_WIDTH1_C_M_AXI_RUSER_WIDTH1_C_M_AXI_BUSER_WIDTH1_C_USER_VALUE0_C_PROT_VALUE0_C_CACHE_VALUE3_USER_DW32_USER_AW64_USER_MAXREQS7_USER_RFIFONUM_WIDTH9_110
gmem2_m_axi_U/clk_gate_load_unit_buff_rdata_genblk1_U_fifo_mem_mem_reg_67_       3.9900     0.0      0.0000       3.9900 0.0000 SNPS_CLOCK_GATE_HIGH_tinytpu_isa_gmem2_m_axi_CONSERVATIVE1_NUM_READ_OUTSTANDING16_NUM_WRITE_OUTSTANDING16_MAX_READ_BURST_LENGTH16_MAX_WRITE_BURST_LENGTH16_C_M_AXI_ID_WIDTH1_C_M_AXI_ADDR_WIDTH64_C_M_AXI_DATA_WIDTH32_C_M_AXI_AWUSER_WIDTH1_C_M_AXI_ARUSER_WIDTH1_C_M_AXI_WUSER_WIDTH1_C_M_AXI_RUSER_WIDTH1_C_M_AXI_BUSER_WIDTH1_C_USER_VALUE0_C_PROT_VALUE0_C_CACHE_VALUE3_USER_DW32_USER_AW64_USER_MAXREQS7_USER_RFIFONUM_WIDTH9_111
gmem2_m_axi_U/clk_gate_load_unit_buff_rdata_genblk1_U_fifo_mem_mem_reg_68_       3.9900     0.0      0.0000       3.9900 0.0000 SNPS_CLOCK_GATE_HIGH_tinytpu_isa_gmem2_m_axi_CONSERVATIVE1_NUM_READ_OUTSTANDING16_NUM_WRITE_OUTSTANDING16_MAX_READ_BURST_LENGTH16_MAX_WRITE_BURST_LENGTH16_C_M_AXI_ID_WIDTH1_C_M_AXI_ADDR_WIDTH64_C_M_AXI_DATA_WIDTH32_C_M_AXI_AWUSER_WIDTH1_C_M_AXI_ARUSER_WIDTH1_C_M_AXI_WUSER_WIDTH1_C_M_AXI_RUSER_WIDTH1_C_M_AXI_BUSER_WIDTH1_C_USER_VALUE0_C_PROT_VALUE0_C_CACHE_VALUE3_USER_DW32_USER_AW64_USER_MAXREQS7_USER_RFIFONUM_WIDTH9_112
gmem2_m_axi_U/clk_gate_load_unit_buff_rdata_genblk1_U_fifo_mem_mem_reg_69_       3.9900     0.0      0.0000       3.9900 0.0000 SNPS_CLOCK_GATE_HIGH_tinytpu_isa_gmem2_m_axi_CONSERVATIVE1_NUM_READ_OUTSTANDING16_NUM_WRITE_OUTSTANDING16_MAX_READ_BURST_LENGTH16_MAX_WRITE_BURST_LENGTH16_C_M_AXI_ID_WIDTH1_C_M_AXI_ADDR_WIDTH64_C_M_AXI_DATA_WIDTH32_C_M_AXI_AWUSER_WIDTH1_C_M_AXI_ARUSER_WIDTH1_C_M_AXI_WUSER_WIDTH1_C_M_AXI_RUSER_WIDTH1_C_M_AXI_BUSER_WIDTH1_C_USER_VALUE0_C_PROT_VALUE0_C_CACHE_VALUE3_USER_DW32_USER_AW64_USER_MAXREQS7_USER_RFIFONUM_WIDTH9_113
gmem2_m_axi_U/clk_gate_load_unit_buff_rdata_genblk1_U_fifo_mem_mem_reg_6_       3.9900     0.0      0.0000       3.9900 0.0000 SNPS_CLOCK_GATE_HIGH_tinytpu_isa_gmem2_m_axi_CONSERVATIVE1_NUM_READ_OUTSTANDING16_NUM_WRITE_OUTSTANDING16_MAX_READ_BURST_LENGTH16_MAX_WRITE_BURST_LENGTH16_C_M_AXI_ID_WIDTH1_C_M_AXI_ADDR_WIDTH64_C_M_AXI_DATA_WIDTH32_C_M_AXI_AWUSER_WIDTH1_C_M_AXI_ARUSER_WIDTH1_C_M_AXI_WUSER_WIDTH1_C_M_AXI_RUSER_WIDTH1_C_M_AXI_BUSER_WIDTH1_C_USER_VALUE0_C_PROT_VALUE0_C_CACHE_VALUE3_USER_DW32_USER_AW64_USER_MAXREQS7_USER_RFIFONUM_WIDTH9_50
gmem2_m_axi_U/clk_gate_load_unit_buff_rdata_genblk1_U_fifo_mem_mem_reg_70_       3.9900     0.0      0.0000       3.9900 0.0000 SNPS_CLOCK_GATE_HIGH_tinytpu_isa_gmem2_m_axi_CONSERVATIVE1_NUM_READ_OUTSTANDING16_NUM_WRITE_OUTSTANDING16_MAX_READ_BURST_LENGTH16_MAX_WRITE_BURST_LENGTH16_C_M_AXI_ID_WIDTH1_C_M_AXI_ADDR_WIDTH64_C_M_AXI_DATA_WIDTH32_C_M_AXI_AWUSER_WIDTH1_C_M_AXI_ARUSER_WIDTH1_C_M_AXI_WUSER_WIDTH1_C_M_AXI_RUSER_WIDTH1_C_M_AXI_BUSER_WIDTH1_C_USER_VALUE0_C_PROT_VALUE0_C_CACHE_VALUE3_USER_DW32_USER_AW64_USER_MAXREQS7_USER_RFIFONUM_WIDTH9_114
gmem2_m_axi_U/clk_gate_load_unit_buff_rdata_genblk1_U_fifo_mem_mem_reg_71_       3.9900     0.0      0.0000       3.9900 0.0000 SNPS_CLOCK_GATE_HIGH_tinytpu_isa_gmem2_m_axi_CONSERVATIVE1_NUM_READ_OUTSTANDING16_NUM_WRITE_OUTSTANDING16_MAX_READ_BURST_LENGTH16_MAX_WRITE_BURST_LENGTH16_C_M_AXI_ID_WIDTH1_C_M_AXI_ADDR_WIDTH64_C_M_AXI_DATA_WIDTH32_C_M_AXI_AWUSER_WIDTH1_C_M_AXI_ARUSER_WIDTH1_C_M_AXI_WUSER_WIDTH1_C_M_AXI_RUSER_WIDTH1_C_M_AXI_BUSER_WIDTH1_C_USER_VALUE0_C_PROT_VALUE0_C_CACHE_VALUE3_USER_DW32_USER_AW64_USER_MAXREQS7_USER_RFIFONUM_WIDTH9_115
gmem2_m_axi_U/clk_gate_load_unit_buff_rdata_genblk1_U_fifo_mem_mem_reg_72_       3.9900     0.0      0.0000       3.9900 0.0000 SNPS_CLOCK_GATE_HIGH_tinytpu_isa_gmem2_m_axi_CONSERVATIVE1_NUM_READ_OUTSTANDING16_NUM_WRITE_OUTSTANDING16_MAX_READ_BURST_LENGTH16_MAX_WRITE_BURST_LENGTH16_C_M_AXI_ID_WIDTH1_C_M_AXI_ADDR_WIDTH64_C_M_AXI_DATA_WIDTH32_C_M_AXI_AWUSER_WIDTH1_C_M_AXI_ARUSER_WIDTH1_C_M_AXI_WUSER_WIDTH1_C_M_AXI_RUSER_WIDTH1_C_M_AXI_BUSER_WIDTH1_C_USER_VALUE0_C_PROT_VALUE0_C_CACHE_VALUE3_USER_DW32_USER_AW64_USER_MAXREQS7_USER_RFIFONUM_WIDTH9_116
gmem2_m_axi_U/clk_gate_load_unit_buff_rdata_genblk1_U_fifo_mem_mem_reg_73_       3.9900     0.0      0.0000       3.9900 0.0000 SNPS_CLOCK_GATE_HIGH_tinytpu_isa_gmem2_m_axi_CONSERVATIVE1_NUM_READ_OUTSTANDING16_NUM_WRITE_OUTSTANDING16_MAX_READ_BURST_LENGTH16_MAX_WRITE_BURST_LENGTH16_C_M_AXI_ID_WIDTH1_C_M_AXI_ADDR_WIDTH64_C_M_AXI_DATA_WIDTH32_C_M_AXI_AWUSER_WIDTH1_C_M_AXI_ARUSER_WIDTH1_C_M_AXI_WUSER_WIDTH1_C_M_AXI_RUSER_WIDTH1_C_M_AXI_BUSER_WIDTH1_C_USER_VALUE0_C_PROT_VALUE0_C_CACHE_VALUE3_USER_DW32_USER_AW64_USER_MAXREQS7_USER_RFIFONUM_WIDTH9_117
gmem2_m_axi_U/clk_gate_load_unit_buff_rdata_genblk1_U_fifo_mem_mem_reg_74_       3.9900     0.0      0.0000       3.9900 0.0000 SNPS_CLOCK_GATE_HIGH_tinytpu_isa_gmem2_m_axi_CONSERVATIVE1_NUM_READ_OUTSTANDING16_NUM_WRITE_OUTSTANDING16_MAX_READ_BURST_LENGTH16_MAX_WRITE_BURST_LENGTH16_C_M_AXI_ID_WIDTH1_C_M_AXI_ADDR_WIDTH64_C_M_AXI_DATA_WIDTH32_C_M_AXI_AWUSER_WIDTH1_C_M_AXI_ARUSER_WIDTH1_C_M_AXI_WUSER_WIDTH1_C_M_AXI_RUSER_WIDTH1_C_M_AXI_BUSER_WIDTH1_C_USER_VALUE0_C_PROT_VALUE0_C_CACHE_VALUE3_USER_DW32_USER_AW64_USER_MAXREQS7_USER_RFIFONUM_WIDTH9_118
gmem2_m_axi_U/clk_gate_load_unit_buff_rdata_genblk1_U_fifo_mem_mem_reg_75_       3.9900     0.0      0.0000       3.9900 0.0000 SNPS_CLOCK_GATE_HIGH_tinytpu_isa_gmem2_m_axi_CONSERVATIVE1_NUM_READ_OUTSTANDING16_NUM_WRITE_OUTSTANDING16_MAX_READ_BURST_LENGTH16_MAX_WRITE_BURST_LENGTH16_C_M_AXI_ID_WIDTH1_C_M_AXI_ADDR_WIDTH64_C_M_AXI_DATA_WIDTH32_C_M_AXI_AWUSER_WIDTH1_C_M_AXI_ARUSER_WIDTH1_C_M_AXI_WUSER_WIDTH1_C_M_AXI_RUSER_WIDTH1_C_M_AXI_BUSER_WIDTH1_C_USER_VALUE0_C_PROT_VALUE0_C_CACHE_VALUE3_USER_DW32_USER_AW64_USER_MAXREQS7_USER_RFIFONUM_WIDTH9_119
gmem2_m_axi_U/clk_gate_load_unit_buff_rdata_genblk1_U_fifo_mem_mem_reg_76_       3.9900     0.0      0.0000       3.9900 0.0000 SNPS_CLOCK_GATE_HIGH_tinytpu_isa_gmem2_m_axi_CONSERVATIVE1_NUM_READ_OUTSTANDING16_NUM_WRITE_OUTSTANDING16_MAX_READ_BURST_LENGTH16_MAX_WRITE_BURST_LENGTH16_C_M_AXI_ID_WIDTH1_C_M_AXI_ADDR_WIDTH64_C_M_AXI_DATA_WIDTH32_C_M_AXI_AWUSER_WIDTH1_C_M_AXI_ARUSER_WIDTH1_C_M_AXI_WUSER_WIDTH1_C_M_AXI_RUSER_WIDTH1_C_M_AXI_BUSER_WIDTH1_C_USER_VALUE0_C_PROT_VALUE0_C_CACHE_VALUE3_USER_DW32_USER_AW64_USER_MAXREQS7_USER_RFIFONUM_WIDTH9_120
gmem2_m_axi_U/clk_gate_load_unit_buff_rdata_genblk1_U_fifo_mem_mem_reg_77_       3.9900     0.0      0.0000       3.9900 0.0000 SNPS_CLOCK_GATE_HIGH_tinytpu_isa_gmem2_m_axi_CONSERVATIVE1_NUM_READ_OUTSTANDING16_NUM_WRITE_OUTSTANDING16_MAX_READ_BURST_LENGTH16_MAX_WRITE_BURST_LENGTH16_C_M_AXI_ID_WIDTH1_C_M_AXI_ADDR_WIDTH64_C_M_AXI_DATA_WIDTH32_C_M_AXI_AWUSER_WIDTH1_C_M_AXI_ARUSER_WIDTH1_C_M_AXI_WUSER_WIDTH1_C_M_AXI_RUSER_WIDTH1_C_M_AXI_BUSER_WIDTH1_C_USER_VALUE0_C_PROT_VALUE0_C_CACHE_VALUE3_USER_DW32_USER_AW64_USER_MAXREQS7_USER_RFIFONUM_WIDTH9_121
gmem2_m_axi_U/clk_gate_load_unit_buff_rdata_genblk1_U_fifo_mem_mem_reg_78_       3.9900     0.0      0.0000       3.9900 0.0000 SNPS_CLOCK_GATE_HIGH_tinytpu_isa_gmem2_m_axi_CONSERVATIVE1_NUM_READ_OUTSTANDING16_NUM_WRITE_OUTSTANDING16_MAX_READ_BURST_LENGTH16_MAX_WRITE_BURST_LENGTH16_C_M_AXI_ID_WIDTH1_C_M_AXI_ADDR_WIDTH64_C_M_AXI_DATA_WIDTH32_C_M_AXI_AWUSER_WIDTH1_C_M_AXI_ARUSER_WIDTH1_C_M_AXI_WUSER_WIDTH1_C_M_AXI_RUSER_WIDTH1_C_M_AXI_BUSER_WIDTH1_C_USER_VALUE0_C_PROT_VALUE0_C_CACHE_VALUE3_USER_DW32_USER_AW64_USER_MAXREQS7_USER_RFIFONUM_WIDTH9_122
gmem2_m_axi_U/clk_gate_load_unit_buff_rdata_genblk1_U_fifo_mem_mem_reg_79_       3.9900     0.0      0.0000       3.9900 0.0000 SNPS_CLOCK_GATE_HIGH_tinytpu_isa_gmem2_m_axi_CONSERVATIVE1_NUM_READ_OUTSTANDING16_NUM_WRITE_OUTSTANDING16_MAX_READ_BURST_LENGTH16_MAX_WRITE_BURST_LENGTH16_C_M_AXI_ID_WIDTH1_C_M_AXI_ADDR_WIDTH64_C_M_AXI_DATA_WIDTH32_C_M_AXI_AWUSER_WIDTH1_C_M_AXI_ARUSER_WIDTH1_C_M_AXI_WUSER_WIDTH1_C_M_AXI_RUSER_WIDTH1_C_M_AXI_BUSER_WIDTH1_C_USER_VALUE0_C_PROT_VALUE0_C_CACHE_VALUE3_USER_DW32_USER_AW64_USER_MAXREQS7_USER_RFIFONUM_WIDTH9_123
gmem2_m_axi_U/clk_gate_load_unit_buff_rdata_genblk1_U_fifo_mem_mem_reg_7_       3.9900     0.0      0.0000       3.9900 0.0000 SNPS_CLOCK_GATE_HIGH_tinytpu_isa_gmem2_m_axi_CONSERVATIVE1_NUM_READ_OUTSTANDING16_NUM_WRITE_OUTSTANDING16_MAX_READ_BURST_LENGTH16_MAX_WRITE_BURST_LENGTH16_C_M_AXI_ID_WIDTH1_C_M_AXI_ADDR_WIDTH64_C_M_AXI_DATA_WIDTH32_C_M_AXI_AWUSER_WIDTH1_C_M_AXI_ARUSER_WIDTH1_C_M_AXI_WUSER_WIDTH1_C_M_AXI_RUSER_WIDTH1_C_M_AXI_BUSER_WIDTH1_C_USER_VALUE0_C_PROT_VALUE0_C_CACHE_VALUE3_USER_DW32_USER_AW64_USER_MAXREQS7_USER_RFIFONUM_WIDTH9_51
gmem2_m_axi_U/clk_gate_load_unit_buff_rdata_genblk1_U_fifo_mem_mem_reg_80_       3.9900     0.0      0.0000       3.9900 0.0000 SNPS_CLOCK_GATE_HIGH_tinytpu_isa_gmem2_m_axi_CONSERVATIVE1_NUM_READ_OUTSTANDING16_NUM_WRITE_OUTSTANDING16_MAX_READ_BURST_LENGTH16_MAX_WRITE_BURST_LENGTH16_C_M_AXI_ID_WIDTH1_C_M_AXI_ADDR_WIDTH64_C_M_AXI_DATA_WIDTH32_C_M_AXI_AWUSER_WIDTH1_C_M_AXI_ARUSER_WIDTH1_C_M_AXI_WUSER_WIDTH1_C_M_AXI_RUSER_WIDTH1_C_M_AXI_BUSER_WIDTH1_C_USER_VALUE0_C_PROT_VALUE0_C_CACHE_VALUE3_USER_DW32_USER_AW64_USER_MAXREQS7_USER_RFIFONUM_WIDTH9_124
gmem2_m_axi_U/clk_gate_load_unit_buff_rdata_genblk1_U_fifo_mem_mem_reg_81_       3.9900     0.0      0.0000       3.9900 0.0000 SNPS_CLOCK_GATE_HIGH_tinytpu_isa_gmem2_m_axi_CONSERVATIVE1_NUM_READ_OUTSTANDING16_NUM_WRITE_OUTSTANDING16_MAX_READ_BURST_LENGTH16_MAX_WRITE_BURST_LENGTH16_C_M_AXI_ID_WIDTH1_C_M_AXI_ADDR_WIDTH64_C_M_AXI_DATA_WIDTH32_C_M_AXI_AWUSER_WIDTH1_C_M_AXI_ARUSER_WIDTH1_C_M_AXI_WUSER_WIDTH1_C_M_AXI_RUSER_WIDTH1_C_M_AXI_BUSER_WIDTH1_C_USER_VALUE0_C_PROT_VALUE0_C_CACHE_VALUE3_USER_DW32_USER_AW64_USER_MAXREQS7_USER_RFIFONUM_WIDTH9_125
gmem2_m_axi_U/clk_gate_load_unit_buff_rdata_genblk1_U_fifo_mem_mem_reg_82_       3.9900     0.0      0.0000       3.9900 0.0000 SNPS_CLOCK_GATE_HIGH_tinytpu_isa_gmem2_m_axi_CONSERVATIVE1_NUM_READ_OUTSTANDING16_NUM_WRITE_OUTSTANDING16_MAX_READ_BURST_LENGTH16_MAX_WRITE_BURST_LENGTH16_C_M_AXI_ID_WIDTH1_C_M_AXI_ADDR_WIDTH64_C_M_AXI_DATA_WIDTH32_C_M_AXI_AWUSER_WIDTH1_C_M_AXI_ARUSER_WIDTH1_C_M_AXI_WUSER_WIDTH1_C_M_AXI_RUSER_WIDTH1_C_M_AXI_BUSER_WIDTH1_C_USER_VALUE0_C_PROT_VALUE0_C_CACHE_VALUE3_USER_DW32_USER_AW64_USER_MAXREQS7_USER_RFIFONUM_WIDTH9_126
gmem2_m_axi_U/clk_gate_load_unit_buff_rdata_genblk1_U_fifo_mem_mem_reg_83_       3.9900     0.0      0.0000       3.9900 0.0000 SNPS_CLOCK_GATE_HIGH_tinytpu_isa_gmem2_m_axi_CONSERVATIVE1_NUM_READ_OUTSTANDING16_NUM_WRITE_OUTSTANDING16_MAX_READ_BURST_LENGTH16_MAX_WRITE_BURST_LENGTH16_C_M_AXI_ID_WIDTH1_C_M_AXI_ADDR_WIDTH64_C_M_AXI_DATA_WIDTH32_C_M_AXI_AWUSER_WIDTH1_C_M_AXI_ARUSER_WIDTH1_C_M_AXI_WUSER_WIDTH1_C_M_AXI_RUSER_WIDTH1_C_M_AXI_BUSER_WIDTH1_C_USER_VALUE0_C_PROT_VALUE0_C_CACHE_VALUE3_USER_DW32_USER_AW64_USER_MAXREQS7_USER_RFIFONUM_WIDTH9_127
gmem2_m_axi_U/clk_gate_load_unit_buff_rdata_genblk1_U_fifo_mem_mem_reg_84_       3.9900     0.0      0.0000       3.9900 0.0000 SNPS_CLOCK_GATE_HIGH_tinytpu_isa_gmem2_m_axi_CONSERVATIVE1_NUM_READ_OUTSTANDING16_NUM_WRITE_OUTSTANDING16_MAX_READ_BURST_LENGTH16_MAX_WRITE_BURST_LENGTH16_C_M_AXI_ID_WIDTH1_C_M_AXI_ADDR_WIDTH64_C_M_AXI_DATA_WIDTH32_C_M_AXI_AWUSER_WIDTH1_C_M_AXI_ARUSER_WIDTH1_C_M_AXI_WUSER_WIDTH1_C_M_AXI_RUSER_WIDTH1_C_M_AXI_BUSER_WIDTH1_C_USER_VALUE0_C_PROT_VALUE0_C_CACHE_VALUE3_USER_DW32_USER_AW64_USER_MAXREQS7_USER_RFIFONUM_WIDTH9_128
gmem2_m_axi_U/clk_gate_load_unit_buff_rdata_genblk1_U_fifo_mem_mem_reg_85_       3.9900     0.0      0.0000       3.9900 0.0000 SNPS_CLOCK_GATE_HIGH_tinytpu_isa_gmem2_m_axi_CONSERVATIVE1_NUM_READ_OUTSTANDING16_NUM_WRITE_OUTSTANDING16_MAX_READ_BURST_LENGTH16_MAX_WRITE_BURST_LENGTH16_C_M_AXI_ID_WIDTH1_C_M_AXI_ADDR_WIDTH64_C_M_AXI_DATA_WIDTH32_C_M_AXI_AWUSER_WIDTH1_C_M_AXI_ARUSER_WIDTH1_C_M_AXI_WUSER_WIDTH1_C_M_AXI_RUSER_WIDTH1_C_M_AXI_BUSER_WIDTH1_C_USER_VALUE0_C_PROT_VALUE0_C_CACHE_VALUE3_USER_DW32_USER_AW64_USER_MAXREQS7_USER_RFIFONUM_WIDTH9_129
gmem2_m_axi_U/clk_gate_load_unit_buff_rdata_genblk1_U_fifo_mem_mem_reg_86_       3.9900     0.0      0.0000       3.9900 0.0000 SNPS_CLOCK_GATE_HIGH_tinytpu_isa_gmem2_m_axi_CONSERVATIVE1_NUM_READ_OUTSTANDING16_NUM_WRITE_OUTSTANDING16_MAX_READ_BURST_LENGTH16_MAX_WRITE_BURST_LENGTH16_C_M_AXI_ID_WIDTH1_C_M_AXI_ADDR_WIDTH64_C_M_AXI_DATA_WIDTH32_C_M_AXI_AWUSER_WIDTH1_C_M_AXI_ARUSER_WIDTH1_C_M_AXI_WUSER_WIDTH1_C_M_AXI_RUSER_WIDTH1_C_M_AXI_BUSER_WIDTH1_C_USER_VALUE0_C_PROT_VALUE0_C_CACHE_VALUE3_USER_DW32_USER_AW64_USER_MAXREQS7_USER_RFIFONUM_WIDTH9_130
gmem2_m_axi_U/clk_gate_load_unit_buff_rdata_genblk1_U_fifo_mem_mem_reg_87_       3.9900     0.0      0.0000       3.9900 0.0000 SNPS_CLOCK_GATE_HIGH_tinytpu_isa_gmem2_m_axi_CONSERVATIVE1_NUM_READ_OUTSTANDING16_NUM_WRITE_OUTSTANDING16_MAX_READ_BURST_LENGTH16_MAX_WRITE_BURST_LENGTH16_C_M_AXI_ID_WIDTH1_C_M_AXI_ADDR_WIDTH64_C_M_AXI_DATA_WIDTH32_C_M_AXI_AWUSER_WIDTH1_C_M_AXI_ARUSER_WIDTH1_C_M_AXI_WUSER_WIDTH1_C_M_AXI_RUSER_WIDTH1_C_M_AXI_BUSER_WIDTH1_C_USER_VALUE0_C_PROT_VALUE0_C_CACHE_VALUE3_USER_DW32_USER_AW64_USER_MAXREQS7_USER_RFIFONUM_WIDTH9_131
gmem2_m_axi_U/clk_gate_load_unit_buff_rdata_genblk1_U_fifo_mem_mem_reg_88_       3.9900     0.0      0.0000       3.9900 0.0000 SNPS_CLOCK_GATE_HIGH_tinytpu_isa_gmem2_m_axi_CONSERVATIVE1_NUM_READ_OUTSTANDING16_NUM_WRITE_OUTSTANDING16_MAX_READ_BURST_LENGTH16_MAX_WRITE_BURST_LENGTH16_C_M_AXI_ID_WIDTH1_C_M_AXI_ADDR_WIDTH64_C_M_AXI_DATA_WIDTH32_C_M_AXI_AWUSER_WIDTH1_C_M_AXI_ARUSER_WIDTH1_C_M_AXI_WUSER_WIDTH1_C_M_AXI_RUSER_WIDTH1_C_M_AXI_BUSER_WIDTH1_C_USER_VALUE0_C_PROT_VALUE0_C_CACHE_VALUE3_USER_DW32_USER_AW64_USER_MAXREQS7_USER_RFIFONUM_WIDTH9_132
gmem2_m_axi_U/clk_gate_load_unit_buff_rdata_genblk1_U_fifo_mem_mem_reg_89_       3.9900     0.0      0.0000       3.9900 0.0000 SNPS_CLOCK_GATE_HIGH_tinytpu_isa_gmem2_m_axi_CONSERVATIVE1_NUM_READ_OUTSTANDING16_NUM_WRITE_OUTSTANDING16_MAX_READ_BURST_LENGTH16_MAX_WRITE_BURST_LENGTH16_C_M_AXI_ID_WIDTH1_C_M_AXI_ADDR_WIDTH64_C_M_AXI_DATA_WIDTH32_C_M_AXI_AWUSER_WIDTH1_C_M_AXI_ARUSER_WIDTH1_C_M_AXI_WUSER_WIDTH1_C_M_AXI_RUSER_WIDTH1_C_M_AXI_BUSER_WIDTH1_C_USER_VALUE0_C_PROT_VALUE0_C_CACHE_VALUE3_USER_DW32_USER_AW64_USER_MAXREQS7_USER_RFIFONUM_WIDTH9_133
gmem2_m_axi_U/clk_gate_load_unit_buff_rdata_genblk1_U_fifo_mem_mem_reg_8_       3.9900     0.0      0.0000       3.9900 0.0000 SNPS_CLOCK_GATE_HIGH_tinytpu_isa_gmem2_m_axi_CONSERVATIVE1_NUM_READ_OUTSTANDING16_NUM_WRITE_OUTSTANDING16_MAX_READ_BURST_LENGTH16_MAX_WRITE_BURST_LENGTH16_C_M_AXI_ID_WIDTH1_C_M_AXI_ADDR_WIDTH64_C_M_AXI_DATA_WIDTH32_C_M_AXI_AWUSER_WIDTH1_C_M_AXI_ARUSER_WIDTH1_C_M_AXI_WUSER_WIDTH1_C_M_AXI_RUSER_WIDTH1_C_M_AXI_BUSER_WIDTH1_C_USER_VALUE0_C_PROT_VALUE0_C_CACHE_VALUE3_USER_DW32_USER_AW64_USER_MAXREQS7_USER_RFIFONUM_WIDTH9_52
gmem2_m_axi_U/clk_gate_load_unit_buff_rdata_genblk1_U_fifo_mem_mem_reg_90_       3.9900     0.0      0.0000       3.9900 0.0000 SNPS_CLOCK_GATE_HIGH_tinytpu_isa_gmem2_m_axi_CONSERVATIVE1_NUM_READ_OUTSTANDING16_NUM_WRITE_OUTSTANDING16_MAX_READ_BURST_LENGTH16_MAX_WRITE_BURST_LENGTH16_C_M_AXI_ID_WIDTH1_C_M_AXI_ADDR_WIDTH64_C_M_AXI_DATA_WIDTH32_C_M_AXI_AWUSER_WIDTH1_C_M_AXI_ARUSER_WIDTH1_C_M_AXI_WUSER_WIDTH1_C_M_AXI_RUSER_WIDTH1_C_M_AXI_BUSER_WIDTH1_C_USER_VALUE0_C_PROT_VALUE0_C_CACHE_VALUE3_USER_DW32_USER_AW64_USER_MAXREQS7_USER_RFIFONUM_WIDTH9_134
gmem2_m_axi_U/clk_gate_load_unit_buff_rdata_genblk1_U_fifo_mem_mem_reg_91_       3.9900     0.0      0.0000       3.9900 0.0000 SNPS_CLOCK_GATE_HIGH_tinytpu_isa_gmem2_m_axi_CONSERVATIVE1_NUM_READ_OUTSTANDING16_NUM_WRITE_OUTSTANDING16_MAX_READ_BURST_LENGTH16_MAX_WRITE_BURST_LENGTH16_C_M_AXI_ID_WIDTH1_C_M_AXI_ADDR_WIDTH64_C_M_AXI_DATA_WIDTH32_C_M_AXI_AWUSER_WIDTH1_C_M_AXI_ARUSER_WIDTH1_C_M_AXI_WUSER_WIDTH1_C_M_AXI_RUSER_WIDTH1_C_M_AXI_BUSER_WIDTH1_C_USER_VALUE0_C_PROT_VALUE0_C_CACHE_VALUE3_USER_DW32_USER_AW64_USER_MAXREQS7_USER_RFIFONUM_WIDTH9_135
gmem2_m_axi_U/clk_gate_load_unit_buff_rdata_genblk1_U_fifo_mem_mem_reg_92_       3.9900     0.0      0.0000       3.9900 0.0000 SNPS_CLOCK_GATE_HIGH_tinytpu_isa_gmem2_m_axi_CONSERVATIVE1_NUM_READ_OUTSTANDING16_NUM_WRITE_OUTSTANDING16_MAX_READ_BURST_LENGTH16_MAX_WRITE_BURST_LENGTH16_C_M_AXI_ID_WIDTH1_C_M_AXI_ADDR_WIDTH64_C_M_AXI_DATA_WIDTH32_C_M_AXI_AWUSER_WIDTH1_C_M_AXI_ARUSER_WIDTH1_C_M_AXI_WUSER_WIDTH1_C_M_AXI_RUSER_WIDTH1_C_M_AXI_BUSER_WIDTH1_C_USER_VALUE0_C_PROT_VALUE0_C_CACHE_VALUE3_USER_DW32_USER_AW64_USER_MAXREQS7_USER_RFIFONUM_WIDTH9_136
gmem2_m_axi_U/clk_gate_load_unit_buff_rdata_genblk1_U_fifo_mem_mem_reg_93_       3.9900     0.0      0.0000       3.9900 0.0000 SNPS_CLOCK_GATE_HIGH_tinytpu_isa_gmem2_m_axi_CONSERVATIVE1_NUM_READ_OUTSTANDING16_NUM_WRITE_OUTSTANDING16_MAX_READ_BURST_LENGTH16_MAX_WRITE_BURST_LENGTH16_C_M_AXI_ID_WIDTH1_C_M_AXI_ADDR_WIDTH64_C_M_AXI_DATA_WIDTH32_C_M_AXI_AWUSER_WIDTH1_C_M_AXI_ARUSER_WIDTH1_C_M_AXI_WUSER_WIDTH1_C_M_AXI_RUSER_WIDTH1_C_M_AXI_BUSER_WIDTH1_C_USER_VALUE0_C_PROT_VALUE0_C_CACHE_VALUE3_USER_DW32_USER_AW64_USER_MAXREQS7_USER_RFIFONUM_WIDTH9_137
gmem2_m_axi_U/clk_gate_load_unit_buff_rdata_genblk1_U_fifo_mem_mem_reg_94_       3.9900     0.0      0.0000       3.9900 0.0000 SNPS_CLOCK_GATE_HIGH_tinytpu_isa_gmem2_m_axi_CONSERVATIVE1_NUM_READ_OUTSTANDING16_NUM_WRITE_OUTSTANDING16_MAX_READ_BURST_LENGTH16_MAX_WRITE_BURST_LENGTH16_C_M_AXI_ID_WIDTH1_C_M_AXI_ADDR_WIDTH64_C_M_AXI_DATA_WIDTH32_C_M_AXI_AWUSER_WIDTH1_C_M_AXI_ARUSER_WIDTH1_C_M_AXI_WUSER_WIDTH1_C_M_AXI_RUSER_WIDTH1_C_M_AXI_BUSER_WIDTH1_C_USER_VALUE0_C_PROT_VALUE0_C_CACHE_VALUE3_USER_DW32_USER_AW64_USER_MAXREQS7_USER_RFIFONUM_WIDTH9_138
gmem2_m_axi_U/clk_gate_load_unit_buff_rdata_genblk1_U_fifo_mem_mem_reg_95_       3.9900     0.0      0.0000       3.9900 0.0000 SNPS_CLOCK_GATE_HIGH_tinytpu_isa_gmem2_m_axi_CONSERVATIVE1_NUM_READ_OUTSTANDING16_NUM_WRITE_OUTSTANDING16_MAX_READ_BURST_LENGTH16_MAX_WRITE_BURST_LENGTH16_C_M_AXI_ID_WIDTH1_C_M_AXI_ADDR_WIDTH64_C_M_AXI_DATA_WIDTH32_C_M_AXI_AWUSER_WIDTH1_C_M_AXI_ARUSER_WIDTH1_C_M_AXI_WUSER_WIDTH1_C_M_AXI_RUSER_WIDTH1_C_M_AXI_BUSER_WIDTH1_C_USER_VALUE0_C_PROT_VALUE0_C_CACHE_VALUE3_USER_DW32_USER_AW64_USER_MAXREQS7_USER_RFIFONUM_WIDTH9_139
gmem2_m_axi_U/clk_gate_load_unit_buff_rdata_genblk1_U_fifo_mem_mem_reg_96_       3.9900     0.0      0.0000       3.9900 0.0000 SNPS_CLOCK_GATE_HIGH_tinytpu_isa_gmem2_m_axi_CONSERVATIVE1_NUM_READ_OUTSTANDING16_NUM_WRITE_OUTSTANDING16_MAX_READ_BURST_LENGTH16_MAX_WRITE_BURST_LENGTH16_C_M_AXI_ID_WIDTH1_C_M_AXI_ADDR_WIDTH64_C_M_AXI_DATA_WIDTH32_C_M_AXI_AWUSER_WIDTH1_C_M_AXI_ARUSER_WIDTH1_C_M_AXI_WUSER_WIDTH1_C_M_AXI_RUSER_WIDTH1_C_M_AXI_BUSER_WIDTH1_C_USER_VALUE0_C_PROT_VALUE0_C_CACHE_VALUE3_USER_DW32_USER_AW64_USER_MAXREQS7_USER_RFIFONUM_WIDTH9_140
gmem2_m_axi_U/clk_gate_load_unit_buff_rdata_genblk1_U_fifo_mem_mem_reg_97_       3.9900     0.0      0.0000       3.9900 0.0000 SNPS_CLOCK_GATE_HIGH_tinytpu_isa_gmem2_m_axi_CONSERVATIVE1_NUM_READ_OUTSTANDING16_NUM_WRITE_OUTSTANDING16_MAX_READ_BURST_LENGTH16_MAX_WRITE_BURST_LENGTH16_C_M_AXI_ID_WIDTH1_C_M_AXI_ADDR_WIDTH64_C_M_AXI_DATA_WIDTH32_C_M_AXI_AWUSER_WIDTH1_C_M_AXI_ARUSER_WIDTH1_C_M_AXI_WUSER_WIDTH1_C_M_AXI_RUSER_WIDTH1_C_M_AXI_BUSER_WIDTH1_C_USER_VALUE0_C_PROT_VALUE0_C_CACHE_VALUE3_USER_DW32_USER_AW64_USER_MAXREQS7_USER_RFIFONUM_WIDTH9_141
gmem2_m_axi_U/clk_gate_load_unit_buff_rdata_genblk1_U_fifo_mem_mem_reg_98_       3.9900     0.0      0.0000       3.9900 0.0000 SNPS_CLOCK_GATE_HIGH_tinytpu_isa_gmem2_m_axi_CONSERVATIVE1_NUM_READ_OUTSTANDING16_NUM_WRITE_OUTSTANDING16_MAX_READ_BURST_LENGTH16_MAX_WRITE_BURST_LENGTH16_C_M_AXI_ID_WIDTH1_C_M_AXI_ADDR_WIDTH64_C_M_AXI_DATA_WIDTH32_C_M_AXI_AWUSER_WIDTH1_C_M_AXI_ARUSER_WIDTH1_C_M_AXI_WUSER_WIDTH1_C_M_AXI_RUSER_WIDTH1_C_M_AXI_BUSER_WIDTH1_C_USER_VALUE0_C_PROT_VALUE0_C_CACHE_VALUE3_USER_DW32_USER_AW64_USER_MAXREQS7_USER_RFIFONUM_WIDTH9_142
gmem2_m_axi_U/clk_gate_load_unit_buff_rdata_genblk1_U_fifo_mem_mem_reg_99_       3.9900     0.0      0.0000       3.9900 0.0000 SNPS_CLOCK_GATE_HIGH_tinytpu_isa_gmem2_m_axi_CONSERVATIVE1_NUM_READ_OUTSTANDING16_NUM_WRITE_OUTSTANDING16_MAX_READ_BURST_LENGTH16_MAX_WRITE_BURST_LENGTH16_C_M_AXI_ID_WIDTH1_C_M_AXI_ADDR_WIDTH64_C_M_AXI_DATA_WIDTH32_C_M_AXI_AWUSER_WIDTH1_C_M_AXI_ARUSER_WIDTH1_C_M_AXI_WUSER_WIDTH1_C_M_AXI_RUSER_WIDTH1_C_M_AXI_BUSER_WIDTH1_C_USER_VALUE0_C_PROT_VALUE0_C_CACHE_VALUE3_USER_DW32_USER_AW64_USER_MAXREQS7_USER_RFIFONUM_WIDTH9_143
gmem2_m_axi_U/clk_gate_load_unit_buff_rdata_genblk1_U_fifo_mem_mem_reg_9_       3.9900     0.0      0.0000       3.9900 0.0000 SNPS_CLOCK_GATE_HIGH_tinytpu_isa_gmem2_m_axi_CONSERVATIVE1_NUM_READ_OUTSTANDING16_NUM_WRITE_OUTSTANDING16_MAX_READ_BURST_LENGTH16_MAX_WRITE_BURST_LENGTH16_C_M_AXI_ID_WIDTH1_C_M_AXI_ADDR_WIDTH64_C_M_AXI_DATA_WIDTH32_C_M_AXI_AWUSER_WIDTH1_C_M_AXI_ARUSER_WIDTH1_C_M_AXI_WUSER_WIDTH1_C_M_AXI_RUSER_WIDTH1_C_M_AXI_BUSER_WIDTH1_C_USER_VALUE0_C_PROT_VALUE0_C_CACHE_VALUE3_USER_DW32_USER_AW64_USER_MAXREQS7_USER_RFIFONUM_WIDTH9_53
gmem2_m_axi_U/clk_gate_load_unit_buff_rdata_genblk1_waddr_reg       3.9900     0.0      0.0000       3.9900 0.0000 SNPS_CLOCK_GATE_HIGH_tinytpu_isa_gmem2_m_axi_CONSERVATIVE1_NUM_READ_OUTSTANDING16_NUM_WRITE_OUTSTANDING16_MAX_READ_BURST_LENGTH16_MAX_WRITE_BURST_LENGTH16_C_M_AXI_ID_WIDTH1_C_M_AXI_ADDR_WIDTH64_C_M_AXI_DATA_WIDTH32_C_M_AXI_AWUSER_WIDTH1_C_M_AXI_ARUSER_WIDTH1_C_M_AXI_WUSER_WIDTH1_C_M_AXI_RUSER_WIDTH1_C_M_AXI_BUSER_WIDTH1_C_USER_VALUE0_C_PROT_VALUE0_C_CACHE_VALUE3_USER_DW32_USER_AW64_USER_MAXREQS7_USER_RFIFONUM_WIDTH9_300
gmem2_m_axi_U/clk_gate_load_unit_fifo_rreq_empty_n_reg       3.9900     0.0      0.0000       3.9900 0.0000 SNPS_CLOCK_GATE_HIGH_tinytpu_isa_gmem2_m_axi_CONSERVATIVE1_NUM_READ_OUTSTANDING16_NUM_WRITE_OUTSTANDING16_MAX_READ_BURST_LENGTH16_MAX_WRITE_BURST_LENGTH16_C_M_AXI_ID_WIDTH1_C_M_AXI_ADDR_WIDTH64_C_M_AXI_DATA_WIDTH32_C_M_AXI_AWUSER_WIDTH1_C_M_AXI_ARUSER_WIDTH1_C_M_AXI_WUSER_WIDTH1_C_M_AXI_RUSER_WIDTH1_C_M_AXI_BUSER_WIDTH1_C_USER_VALUE0_C_PROT_VALUE0_C_CACHE_VALUE3_USER_DW32_USER_AW64_USER_MAXREQS7_USER_RFIFONUM_WIDTH9_305
gmem2_m_axi_U/clk_gate_load_unit_fifo_rreq_genblk1_U_fifo_srl_dout_reg       3.9900     0.0      0.0000       3.9900 0.0000 SNPS_CLOCK_GATE_HIGH_tinytpu_isa_gmem2_m_axi_CONSERVATIVE1_NUM_READ_OUTSTANDING16_NUM_WRITE_OUTSTANDING16_MAX_READ_BURST_LENGTH16_MAX_WRITE_BURST_LENGTH16_C_M_AXI_ID_WIDTH1_C_M_AXI_ADDR_WIDTH64_C_M_AXI_DATA_WIDTH32_C_M_AXI_AWUSER_WIDTH1_C_M_AXI_ARUSER_WIDTH1_C_M_AXI_WUSER_WIDTH1_C_M_AXI_RUSER_WIDTH1_C_M_AXI_BUSER_WIDTH1_C_USER_VALUE0_C_PROT_VALUE0_C_CACHE_VALUE3_USER_DW32_USER_AW64_USER_MAXREQS7_USER_RFIFONUM_WIDTH9_303
gmem2_m_axi_U/clk_gate_load_unit_fifo_rreq_genblk1_U_fifo_srl_genblk1_mem_reg_5_       3.9900     0.0      0.0000       3.9900 0.0000 SNPS_CLOCK_GATE_HIGH_tinytpu_isa_gmem2_m_axi_CONSERVATIVE1_NUM_READ_OUTSTANDING16_NUM_WRITE_OUTSTANDING16_MAX_READ_BURST_LENGTH16_MAX_WRITE_BURST_LENGTH16_C_M_AXI_ID_WIDTH1_C_M_AXI_ADDR_WIDTH64_C_M_AXI_DATA_WIDTH32_C_M_AXI_AWUSER_WIDTH1_C_M_AXI_ARUSER_WIDTH1_C_M_AXI_WUSER_WIDTH1_C_M_AXI_RUSER_WIDTH1_C_M_AXI_BUSER_WIDTH1_C_USER_VALUE0_C_PROT_VALUE0_C_CACHE_VALUE3_USER_DW32_USER_AW64_USER_MAXREQS7_USER_RFIFONUM_WIDTH9_302
gmem2_m_axi_U/clk_gate_load_unit_fifo_rreq_genblk1_raddr_reg       3.9900     0.0      0.0000       3.9900 0.0000 SNPS_CLOCK_GATE_HIGH_tinytpu_isa_gmem2_m_axi_CONSERVATIVE1_NUM_READ_OUTSTANDING16_NUM_WRITE_OUTSTANDING16_MAX_READ_BURST_LENGTH16_MAX_WRITE_BURST_LENGTH16_C_M_AXI_ID_WIDTH1_C_M_AXI_ADDR_WIDTH64_C_M_AXI_DATA_WIDTH32_C_M_AXI_AWUSER_WIDTH1_C_M_AXI_ARUSER_WIDTH1_C_M_AXI_WUSER_WIDTH1_C_M_AXI_RUSER_WIDTH1_C_M_AXI_BUSER_WIDTH1_C_USER_VALUE0_C_PROT_VALUE0_C_CACHE_VALUE3_USER_DW32_USER_AW64_USER_MAXREQS7_USER_RFIFONUM_WIDTH9_304
gmem2_m_axi_U/clk_gate_load_unit_tmp_len_reg       3.9900     0.0      0.0000       3.9900 0.0000 SNPS_CLOCK_GATE_HIGH_tinytpu_isa_gmem2_m_axi_CONSERVATIVE1_NUM_READ_OUTSTANDING16_NUM_WRITE_OUTSTANDING16_MAX_READ_BURST_LENGTH16_MAX_WRITE_BURST_LENGTH16_C_M_AXI_ID_WIDTH1_C_M_AXI_ADDR_WIDTH64_C_M_AXI_DATA_WIDTH32_C_M_AXI_AWUSER_WIDTH1_C_M_AXI_ARUSER_WIDTH1_C_M_AXI_WUSER_WIDTH1_C_M_AXI_RUSER_WIDTH1_C_M_AXI_BUSER_WIDTH1_C_USER_VALUE0_C_PROT_VALUE0_C_CACHE_VALUE3_USER_DW32_USER_AW64_USER_MAXREQS7_USER_RFIFONUM_WIDTH9_308
gmem3_m_axi_U                       21368.5775      1.5    5389.4260    15763.6914  0.0000  tinytpu_isa_gmem3_m_axi_CONSERVATIVE1_NUM_READ_OUTSTANDING16_NUM_WRITE_OUTSTANDING16_MAX_READ_BURST_LENGTH16_MAX_WRITE_BURST_LENGTH16_C_M_AXI_ID_WIDTH1_C_M_AXI_ADDR_WIDTH64_C_M_AXI_DATA_WIDTH32_C_M_AXI_AWUSER_WIDTH1_C_M_AXI_ARUSER_WIDTH1_C_M_AXI_WUSER_WIDTH1_C_M_AXI_RUSER_WIDTH1_C_M_AXI_BUSER_WIDTH1_C_USER_VALUE0_C_PROT_VALUE0_C_CACHE_VALUE3_USER_DW32_USER_AW64_USER_MAXREQS4_USER_RFIFONUM_WIDTH9
gmem3_m_axi_U/clk_gate_bus_read_rreq_burst_conv_could_multi_bursts_addr_step_reg       3.9900     0.0      0.0000       3.9900 0.0000 SNPS_CLOCK_GATE_HIGH_tinytpu_isa_gmem3_m_axi_CONSERVATIVE1_NUM_READ_OUTSTANDING16_NUM_WRITE_OUTSTANDING16_MAX_READ_BURST_LENGTH16_MAX_WRITE_BURST_LENGTH16_C_M_AXI_ID_WIDTH1_C_M_AXI_ADDR_WIDTH64_C_M_AXI_DATA_WIDTH32_C_M_AXI_AWUSER_WIDTH1_C_M_AXI_ARUSER_WIDTH1_C_M_AXI_WUSER_WIDTH1_C_M_AXI_RUSER_WIDTH1_C_M_AXI_BUSER_WIDTH1_C_USER_VALUE0_C_PROT_VALUE0_C_CACHE_VALUE3_USER_DW32_USER_AW64_USER_MAXREQS4_USER_RFIFONUM_WIDTH9_20
gmem3_m_axi_U/clk_gate_bus_write_fifo_burst_empty_n_reg       3.9900     0.0      0.0000       3.9900 0.0000 SNPS_CLOCK_GATE_HIGH_tinytpu_isa_gmem3_m_axi_CONSERVATIVE1_NUM_READ_OUTSTANDING16_NUM_WRITE_OUTSTANDING16_MAX_READ_BURST_LENGTH16_MAX_WRITE_BURST_LENGTH16_C_M_AXI_ID_WIDTH1_C_M_AXI_ADDR_WIDTH64_C_M_AXI_DATA_WIDTH32_C_M_AXI_AWUSER_WIDTH1_C_M_AXI_ARUSER_WIDTH1_C_M_AXI_WUSER_WIDTH1_C_M_AXI_RUSER_WIDTH1_C_M_AXI_BUSER_WIDTH1_C_USER_VALUE0_C_PROT_VALUE0_C_CACHE_VALUE3_USER_DW32_USER_AW64_USER_MAXREQS4_USER_RFIFONUM_WIDTH9_40
gmem3_m_axi_U/clk_gate_bus_write_fifo_burst_genblk1_U_fifo_srl_dout_reg       3.9900     0.0      0.0000       3.9900 0.0000 SNPS_CLOCK_GATE_HIGH_tinytpu_isa_gmem3_m_axi_CONSERVATIVE1_NUM_READ_OUTSTANDING16_NUM_WRITE_OUTSTANDING16_MAX_READ_BURST_LENGTH16_MAX_WRITE_BURST_LENGTH16_C_M_AXI_ID_WIDTH1_C_M_AXI_ADDR_WIDTH64_C_M_AXI_DATA_WIDTH32_C_M_AXI_AWUSER_WIDTH1_C_M_AXI_ARUSER_WIDTH1_C_M_AXI_WUSER_WIDTH1_C_M_AXI_RUSER_WIDTH1_C_M_AXI_BUSER_WIDTH1_C_USER_VALUE0_C_PROT_VALUE0_C_CACHE_VALUE3_USER_DW32_USER_AW64_USER_MAXREQS4_USER_RFIFONUM_WIDTH9_38
gmem3_m_axi_U/clk_gate_bus_write_fifo_burst_genblk1_U_fifo_srl_genblk1_mem_reg_14_       3.9900     0.0      0.0000       3.9900 0.0000 SNPS_CLOCK_GATE_HIGH_tinytpu_isa_gmem3_m_axi_CONSERVATIVE1_NUM_READ_OUTSTANDING16_NUM_WRITE_OUTSTANDING16_MAX_READ_BURST_LENGTH16_MAX_WRITE_BURST_LENGTH16_C_M_AXI_ID_WIDTH1_C_M_AXI_ADDR_WIDTH64_C_M_AXI_DATA_WIDTH32_C_M_AXI_AWUSER_WIDTH1_C_M_AXI_ARUSER_WIDTH1_C_M_AXI_WUSER_WIDTH1_C_M_AXI_RUSER_WIDTH1_C_M_AXI_BUSER_WIDTH1_C_USER_VALUE0_C_PROT_VALUE0_C_CACHE_VALUE3_USER_DW32_USER_AW64_USER_MAXREQS4_USER_RFIFONUM_WIDTH9_37
gmem3_m_axi_U/clk_gate_bus_write_fifo_burst_genblk1_raddr_reg       3.9900     0.0      0.0000       3.9900 0.0000 SNPS_CLOCK_GATE_HIGH_tinytpu_isa_gmem3_m_axi_CONSERVATIVE1_NUM_READ_OUTSTANDING16_NUM_WRITE_OUTSTANDING16_MAX_READ_BURST_LENGTH16_MAX_WRITE_BURST_LENGTH16_C_M_AXI_ID_WIDTH1_C_M_AXI_ADDR_WIDTH64_C_M_AXI_DATA_WIDTH32_C_M_AXI_AWUSER_WIDTH1_C_M_AXI_ARUSER_WIDTH1_C_M_AXI_WUSER_WIDTH1_C_M_AXI_RUSER_WIDTH1_C_M_AXI_BUSER_WIDTH1_C_USER_VALUE0_C_PROT_VALUE0_C_CACHE_VALUE3_USER_DW32_USER_AW64_USER_MAXREQS4_USER_RFIFONUM_WIDTH9_39
gmem3_m_axi_U/clk_gate_bus_write_fifo_resp_empty_n_reg       3.9900     0.0      0.0000       3.9900 0.0000 SNPS_CLOCK_GATE_HIGH_tinytpu_isa_gmem3_m_axi_CONSERVATIVE1_NUM_READ_OUTSTANDING16_NUM_WRITE_OUTSTANDING16_MAX_READ_BURST_LENGTH16_MAX_WRITE_BURST_LENGTH16_C_M_AXI_ID_WIDTH1_C_M_AXI_ADDR_WIDTH64_C_M_AXI_DATA_WIDTH32_C_M_AXI_AWUSER_WIDTH1_C_M_AXI_ARUSER_WIDTH1_C_M_AXI_WUSER_WIDTH1_C_M_AXI_RUSER_WIDTH1_C_M_AXI_BUSER_WIDTH1_C_USER_VALUE0_C_PROT_VALUE0_C_CACHE_VALUE3_USER_DW32_USER_AW64_USER_MAXREQS4_USER_RFIFONUM_WIDTH9_8
gmem3_m_axi_U/clk_gate_bus_write_fifo_resp_genblk1_U_fifo_srl_genblk1_mem_reg_14_       3.9900     0.0      0.0000       3.9900 0.0000 SNPS_CLOCK_GATE_HIGH_tinytpu_isa_gmem3_m_axi_CONSERVATIVE1_NUM_READ_OUTSTANDING16_NUM_WRITE_OUTSTANDING16_MAX_READ_BURST_LENGTH16_MAX_WRITE_BURST_LENGTH16_C_M_AXI_ID_WIDTH1_C_M_AXI_ADDR_WIDTH64_C_M_AXI_DATA_WIDTH32_C_M_AXI_AWUSER_WIDTH1_C_M_AXI_ARUSER_WIDTH1_C_M_AXI_WUSER_WIDTH1_C_M_AXI_RUSER_WIDTH1_C_M_AXI_BUSER_WIDTH1_C_USER_VALUE0_C_PROT_VALUE0_C_CACHE_VALUE3_USER_DW32_USER_AW64_USER_MAXREQS4_USER_RFIFONUM_WIDTH9_1
gmem3_m_axi_U/clk_gate_bus_write_fifo_resp_genblk1_raddr_reg       3.9900     0.0      0.0000       3.9900 0.0000 SNPS_CLOCK_GATE_HIGH_tinytpu_isa_gmem3_m_axi_CONSERVATIVE1_NUM_READ_OUTSTANDING16_NUM_WRITE_OUTSTANDING16_MAX_READ_BURST_LENGTH16_MAX_WRITE_BURST_LENGTH16_C_M_AXI_ID_WIDTH1_C_M_AXI_ADDR_WIDTH64_C_M_AXI_DATA_WIDTH32_C_M_AXI_AWUSER_WIDTH1_C_M_AXI_ARUSER_WIDTH1_C_M_AXI_WUSER_WIDTH1_C_M_AXI_RUSER_WIDTH1_C_M_AXI_BUSER_WIDTH1_C_USER_VALUE0_C_PROT_VALUE0_C_CACHE_VALUE3_USER_DW32_USER_AW64_USER_MAXREQS4_USER_RFIFONUM_WIDTH9_7
gmem3_m_axi_U/clk_gate_bus_write_len_cnt_reg       3.9900     0.0      0.0000       3.9900 0.0000 SNPS_CLOCK_GATE_HIGH_tinytpu_isa_gmem3_m_axi_CONSERVATIVE1_NUM_READ_OUTSTANDING16_NUM_WRITE_OUTSTANDING16_MAX_READ_BURST_LENGTH16_MAX_WRITE_BURST_LENGTH16_C_M_AXI_ID_WIDTH1_C_M_AXI_ADDR_WIDTH64_C_M_AXI_DATA_WIDTH32_C_M_AXI_AWUSER_WIDTH1_C_M_AXI_ARUSER_WIDTH1_C_M_AXI_WUSER_WIDTH1_C_M_AXI_RUSER_WIDTH1_C_M_AXI_BUSER_WIDTH1_C_USER_VALUE0_C_PROT_VALUE0_C_CACHE_VALUE3_USER_DW32_USER_AW64_USER_MAXREQS4_USER_RFIFONUM_WIDTH9_41
gmem3_m_axi_U/clk_gate_bus_write_wreq_burst_conv_could_multi_bursts_addr_step_reg       3.9900     0.0      0.0000       3.9900 0.0000 SNPS_CLOCK_GATE_HIGH_tinytpu_isa_gmem3_m_axi_CONSERVATIVE1_NUM_READ_OUTSTANDING16_NUM_WRITE_OUTSTANDING16_MAX_READ_BURST_LENGTH16_MAX_WRITE_BURST_LENGTH16_C_M_AXI_ID_WIDTH1_C_M_AXI_ADDR_WIDTH64_C_M_AXI_DATA_WIDTH32_C_M_AXI_AWUSER_WIDTH1_C_M_AXI_ARUSER_WIDTH1_C_M_AXI_WUSER_WIDTH1_C_M_AXI_RUSER_WIDTH1_C_M_AXI_BUSER_WIDTH1_C_USER_VALUE0_C_PROT_VALUE0_C_CACHE_VALUE3_USER_DW32_USER_AW64_USER_MAXREQS4_USER_RFIFONUM_WIDTH9_25
gmem3_m_axi_U/clk_gate_bus_write_wreq_burst_conv_could_multi_bursts_last_loop_reg       3.9900     0.0      0.0000       3.9900 0.0000 SNPS_CLOCK_GATE_HIGH_tinytpu_isa_gmem3_m_axi_CONSERVATIVE1_NUM_READ_OUTSTANDING16_NUM_WRITE_OUTSTANDING16_MAX_READ_BURST_LENGTH16_MAX_WRITE_BURST_LENGTH16_C_M_AXI_ID_WIDTH1_C_M_AXI_ADDR_WIDTH64_C_M_AXI_DATA_WIDTH32_C_M_AXI_AWUSER_WIDTH1_C_M_AXI_ARUSER_WIDTH1_C_M_AXI_WUSER_WIDTH1_C_M_AXI_RUSER_WIDTH1_C_M_AXI_BUSER_WIDTH1_C_USER_VALUE0_C_PROT_VALUE0_C_CACHE_VALUE3_USER_DW32_USER_AW64_USER_MAXREQS4_USER_RFIFONUM_WIDTH9_24
gmem3_m_axi_U/clk_gate_bus_write_wreq_burst_conv_end_from_4k_reg       3.9900     0.0      0.0000       3.9900 0.0000 SNPS_CLOCK_GATE_HIGH_tinytpu_isa_gmem3_m_axi_CONSERVATIVE1_NUM_READ_OUTSTANDING16_NUM_WRITE_OUTSTANDING16_MAX_READ_BURST_LENGTH16_MAX_WRITE_BURST_LENGTH16_C_M_AXI_ID_WIDTH1_C_M_AXI_ADDR_WIDTH64_C_M_AXI_DATA_WIDTH32_C_M_AXI_AWUSER_WIDTH1_C_M_AXI_ARUSER_WIDTH1_C_M_AXI_WUSER_WIDTH1_C_M_AXI_RUSER_WIDTH1_C_M_AXI_BUSER_WIDTH1_C_USER_VALUE0_C_PROT_VALUE0_C_CACHE_VALUE3_USER_DW32_USER_AW64_USER_MAXREQS4_USER_RFIFONUM_WIDTH9_21
gmem3_m_axi_U/clk_gate_bus_write_wreq_burst_conv_last_sect_buf_reg       3.9900     0.0      0.0000       3.9900 0.0000 SNPS_CLOCK_GATE_HIGH_tinytpu_isa_gmem3_m_axi_CONSERVATIVE1_NUM_READ_OUTSTANDING16_NUM_WRITE_OUTSTANDING16_MAX_READ_BURST_LENGTH16_MAX_WRITE_BURST_LENGTH16_C_M_AXI_ID_WIDTH1_C_M_AXI_ADDR_WIDTH64_C_M_AXI_DATA_WIDTH32_C_M_AXI_AWUSER_WIDTH1_C_M_AXI_ARUSER_WIDTH1_C_M_AXI_WUSER_WIDTH1_C_M_AXI_RUSER_WIDTH1_C_M_AXI_BUSER_WIDTH1_C_USER_VALUE0_C_PROT_VALUE0_C_CACHE_VALUE3_USER_DW32_USER_AW64_USER_MAXREQS4_USER_RFIFONUM_WIDTH9_23
gmem3_m_axi_U/clk_gate_bus_write_wreq_burst_conv_last_sect_reg       3.9900     0.0      0.0000       3.9900 0.0000 SNPS_CLOCK_GATE_HIGH_tinytpu_isa_gmem3_m_axi_CONSERVATIVE1_NUM_READ_OUTSTANDING16_NUM_WRITE_OUTSTANDING16_MAX_READ_BURST_LENGTH16_MAX_WRITE_BURST_LENGTH16_C_M_AXI_ID_WIDTH1_C_M_AXI_ADDR_WIDTH64_C_M_AXI_DATA_WIDTH32_C_M_AXI_AWUSER_WIDTH1_C_M_AXI_ARUSER_WIDTH1_C_M_AXI_WUSER_WIDTH1_C_M_AXI_RUSER_WIDTH1_C_M_AXI_BUSER_WIDTH1_C_USER_VALUE0_C_PROT_VALUE0_C_CACHE_VALUE3_USER_DW32_USER_AW64_USER_MAXREQS4_USER_RFIFONUM_WIDTH9_22
gmem3_m_axi_U/clk_gate_bus_write_wreq_burst_conv_rs_req_data_p1_reg       3.9900     0.0      0.0000       3.9900 0.0000 SNPS_CLOCK_GATE_HIGH_tinytpu_isa_gmem3_m_axi_CONSERVATIVE1_NUM_READ_OUTSTANDING16_NUM_WRITE_OUTSTANDING16_MAX_READ_BURST_LENGTH16_MAX_WRITE_BURST_LENGTH16_C_M_AXI_ID_WIDTH1_C_M_AXI_ADDR_WIDTH64_C_M_AXI_DATA_WIDTH32_C_M_AXI_AWUSER_WIDTH1_C_M_AXI_ARUSER_WIDTH1_C_M_AXI_WUSER_WIDTH1_C_M_AXI_RUSER_WIDTH1_C_M_AXI_BUSER_WIDTH1_C_USER_VALUE0_C_PROT_VALUE0_C_CACHE_VALUE3_USER_DW32_USER_AW64_USER_MAXREQS4_USER_RFIFONUM_WIDTH9_14
gmem3_m_axi_U/clk_gate_bus_write_wreq_burst_conv_rs_req_data_p2_reg       3.9900     0.0      0.0000       3.9900 0.0000 SNPS_CLOCK_GATE_HIGH_tinytpu_isa_gmem3_m_axi_CONSERVATIVE1_NUM_READ_OUTSTANDING16_NUM_WRITE_OUTSTANDING16_MAX_READ_BURST_LENGTH16_MAX_WRITE_BURST_LENGTH16_C_M_AXI_ID_WIDTH1_C_M_AXI_ADDR_WIDTH64_C_M_AXI_DATA_WIDTH32_C_M_AXI_AWUSER_WIDTH1_C_M_AXI_ARUSER_WIDTH1_C_M_AXI_WUSER_WIDTH1_C_M_AXI_RUSER_WIDTH1_C_M_AXI_BUSER_WIDTH1_C_USER_VALUE0_C_PROT_VALUE0_C_CACHE_VALUE3_USER_DW32_USER_AW64_USER_MAXREQS4_USER_RFIFONUM_WIDTH9_15
gmem3_m_axi_U/clk_gate_bus_write_wreq_throttle_genblk1_data_fifo_empty_n_reg       3.9900     0.0      0.0000       3.9900 0.0000 SNPS_CLOCK_GATE_HIGH_tinytpu_isa_gmem3_m_axi_CONSERVATIVE1_NUM_READ_OUTSTANDING16_NUM_WRITE_OUTSTANDING16_MAX_READ_BURST_LENGTH16_MAX_WRITE_BURST_LENGTH16_C_M_AXI_ID_WIDTH1_C_M_AXI_ADDR_WIDTH64_C_M_AXI_DATA_WIDTH32_C_M_AXI_AWUSER_WIDTH1_C_M_AXI_ARUSER_WIDTH1_C_M_AXI_WUSER_WIDTH1_C_M_AXI_RUSER_WIDTH1_C_M_AXI_BUSER_WIDTH1_C_USER_VALUE0_C_PROT_VALUE0_C_CACHE_VALUE3_USER_DW32_USER_AW64_USER_MAXREQS4_USER_RFIFONUM_WIDTH9_29
gmem3_m_axi_U/clk_gate_bus_write_wreq_throttle_genblk1_data_fifo_genblk1_U_fifo_srl_dout_reg       3.9900     0.0      0.0000       3.9900 0.0000 SNPS_CLOCK_GATE_HIGH_tinytpu_isa_gmem3_m_axi_CONSERVATIVE1_NUM_READ_OUTSTANDING16_NUM_WRITE_OUTSTANDING16_MAX_READ_BURST_LENGTH16_MAX_WRITE_BURST_LENGTH16_C_M_AXI_ID_WIDTH1_C_M_AXI_ADDR_WIDTH64_C_M_AXI_DATA_WIDTH32_C_M_AXI_AWUSER_WIDTH1_C_M_AXI_ARUSER_WIDTH1_C_M_AXI_WUSER_WIDTH1_C_M_AXI_RUSER_WIDTH1_C_M_AXI_BUSER_WIDTH1_C_USER_VALUE0_C_PROT_VALUE0_C_CACHE_VALUE3_USER_DW32_USER_AW64_USER_MAXREQS4_USER_RFIFONUM_WIDTH9_27
gmem3_m_axi_U/clk_gate_bus_write_wreq_throttle_genblk1_data_fifo_genblk1_U_fifo_srl_genblk1_mem_reg_14_       3.9900     0.0      0.0000       3.9900 0.0000 SNPS_CLOCK_GATE_HIGH_tinytpu_isa_gmem3_m_axi_CONSERVATIVE1_NUM_READ_OUTSTANDING16_NUM_WRITE_OUTSTANDING16_MAX_READ_BURST_LENGTH16_MAX_WRITE_BURST_LENGTH16_C_M_AXI_ID_WIDTH1_C_M_AXI_ADDR_WIDTH64_C_M_AXI_DATA_WIDTH32_C_M_AXI_AWUSER_WIDTH1_C_M_AXI_ARUSER_WIDTH1_C_M_AXI_WUSER_WIDTH1_C_M_AXI_RUSER_WIDTH1_C_M_AXI_BUSER_WIDTH1_C_USER_VALUE0_C_PROT_VALUE0_C_CACHE_VALUE3_USER_DW32_USER_AW64_USER_MAXREQS4_USER_RFIFONUM_WIDTH9_26
gmem3_m_axi_U/clk_gate_bus_write_wreq_throttle_genblk1_data_fifo_genblk1_raddr_reg       3.9900     0.0      0.0000       3.9900 0.0000 SNPS_CLOCK_GATE_HIGH_tinytpu_isa_gmem3_m_axi_CONSERVATIVE1_NUM_READ_OUTSTANDING16_NUM_WRITE_OUTSTANDING16_MAX_READ_BURST_LENGTH16_MAX_WRITE_BURST_LENGTH16_C_M_AXI_ID_WIDTH1_C_M_AXI_ADDR_WIDTH64_C_M_AXI_DATA_WIDTH32_C_M_AXI_AWUSER_WIDTH1_C_M_AXI_ARUSER_WIDTH1_C_M_AXI_WUSER_WIDTH1_C_M_AXI_RUSER_WIDTH1_C_M_AXI_BUSER_WIDTH1_C_USER_VALUE0_C_PROT_VALUE0_C_CACHE_VALUE3_USER_DW32_USER_AW64_USER_MAXREQS4_USER_RFIFONUM_WIDTH9_28
gmem3_m_axi_U/clk_gate_bus_write_wreq_throttle_genblk1_last_cnt_reg       3.9900     0.0      0.0000       3.9900 0.0000 SNPS_CLOCK_GATE_HIGH_tinytpu_isa_gmem3_m_axi_CONSERVATIVE1_NUM_READ_OUTSTANDING16_NUM_WRITE_OUTSTANDING16_MAX_READ_BURST_LENGTH16_MAX_WRITE_BURST_LENGTH16_C_M_AXI_ID_WIDTH1_C_M_AXI_ADDR_WIDTH64_C_M_AXI_DATA_WIDTH32_C_M_AXI_AWUSER_WIDTH1_C_M_AXI_ARUSER_WIDTH1_C_M_AXI_WUSER_WIDTH1_C_M_AXI_RUSER_WIDTH1_C_M_AXI_BUSER_WIDTH1_C_USER_VALUE0_C_PROT_VALUE0_C_CACHE_VALUE3_USER_DW32_USER_AW64_USER_MAXREQS4_USER_RFIFONUM_WIDTH9_36
gmem3_m_axi_U/clk_gate_bus_write_wreq_throttle_genblk1_req_fifo_empty_n_reg       3.9900     0.0      0.0000       3.9900 0.0000 SNPS_CLOCK_GATE_HIGH_tinytpu_isa_gmem3_m_axi_CONSERVATIVE1_NUM_READ_OUTSTANDING16_NUM_WRITE_OUTSTANDING16_MAX_READ_BURST_LENGTH16_MAX_WRITE_BURST_LENGTH16_C_M_AXI_ID_WIDTH1_C_M_AXI_ADDR_WIDTH64_C_M_AXI_DATA_WIDTH32_C_M_AXI_AWUSER_WIDTH1_C_M_AXI_ARUSER_WIDTH1_C_M_AXI_WUSER_WIDTH1_C_M_AXI_RUSER_WIDTH1_C_M_AXI_BUSER_WIDTH1_C_USER_VALUE0_C_PROT_VALUE0_C_CACHE_VALUE3_USER_DW32_USER_AW64_USER_MAXREQS4_USER_RFIFONUM_WIDTH9_33
gmem3_m_axi_U/clk_gate_bus_write_wreq_throttle_genblk1_req_fifo_genblk1_U_fifo_srl_dout_reg       3.9900     0.0      0.0000       3.9900 0.0000 SNPS_CLOCK_GATE_HIGH_tinytpu_isa_gmem3_m_axi_CONSERVATIVE1_NUM_READ_OUTSTANDING16_NUM_WRITE_OUTSTANDING16_MAX_READ_BURST_LENGTH16_MAX_WRITE_BURST_LENGTH16_C_M_AXI_ID_WIDTH1_C_M_AXI_ADDR_WIDTH64_C_M_AXI_DATA_WIDTH32_C_M_AXI_AWUSER_WIDTH1_C_M_AXI_ARUSER_WIDTH1_C_M_AXI_WUSER_WIDTH1_C_M_AXI_RUSER_WIDTH1_C_M_AXI_BUSER_WIDTH1_C_USER_VALUE0_C_PROT_VALUE0_C_CACHE_VALUE3_USER_DW32_USER_AW64_USER_MAXREQS4_USER_RFIFONUM_WIDTH9_31
gmem3_m_axi_U/clk_gate_bus_write_wreq_throttle_genblk1_req_fifo_genblk1_U_fifo_srl_genblk1_mem_reg_14_       3.9900     0.0      0.0000       3.9900 0.0000 SNPS_CLOCK_GATE_HIGH_tinytpu_isa_gmem3_m_axi_CONSERVATIVE1_NUM_READ_OUTSTANDING16_NUM_WRITE_OUTSTANDING16_MAX_READ_BURST_LENGTH16_MAX_WRITE_BURST_LENGTH16_C_M_AXI_ID_WIDTH1_C_M_AXI_ADDR_WIDTH64_C_M_AXI_DATA_WIDTH32_C_M_AXI_AWUSER_WIDTH1_C_M_AXI_ARUSER_WIDTH1_C_M_AXI_WUSER_WIDTH1_C_M_AXI_RUSER_WIDTH1_C_M_AXI_BUSER_WIDTH1_C_USER_VALUE0_C_PROT_VALUE0_C_CACHE_VALUE3_USER_DW32_USER_AW64_USER_MAXREQS4_USER_RFIFONUM_WIDTH9_30
gmem3_m_axi_U/clk_gate_bus_write_wreq_throttle_genblk1_req_fifo_genblk1_raddr_reg       3.9900     0.0      0.0000       3.9900 0.0000 SNPS_CLOCK_GATE_HIGH_tinytpu_isa_gmem3_m_axi_CONSERVATIVE1_NUM_READ_OUTSTANDING16_NUM_WRITE_OUTSTANDING16_MAX_READ_BURST_LENGTH16_MAX_WRITE_BURST_LENGTH16_C_M_AXI_ID_WIDTH1_C_M_AXI_ADDR_WIDTH64_C_M_AXI_DATA_WIDTH32_C_M_AXI_AWUSER_WIDTH1_C_M_AXI_ARUSER_WIDTH1_C_M_AXI_WUSER_WIDTH1_C_M_AXI_RUSER_WIDTH1_C_M_AXI_BUSER_WIDTH1_C_USER_VALUE0_C_PROT_VALUE0_C_CACHE_VALUE3_USER_DW32_USER_AW64_USER_MAXREQS4_USER_RFIFONUM_WIDTH9_32
gmem3_m_axi_U/clk_gate_bus_write_wreq_throttle_genblk1_rs_req_data_p1_reg       3.9900     0.0      0.0000       3.9900 0.0000 SNPS_CLOCK_GATE_HIGH_tinytpu_isa_gmem3_m_axi_CONSERVATIVE1_NUM_READ_OUTSTANDING16_NUM_WRITE_OUTSTANDING16_MAX_READ_BURST_LENGTH16_MAX_WRITE_BURST_LENGTH16_C_M_AXI_ID_WIDTH1_C_M_AXI_ADDR_WIDTH64_C_M_AXI_DATA_WIDTH32_C_M_AXI_AWUSER_WIDTH1_C_M_AXI_ARUSER_WIDTH1_C_M_AXI_WUSER_WIDTH1_C_M_AXI_RUSER_WIDTH1_C_M_AXI_BUSER_WIDTH1_C_USER_VALUE0_C_PROT_VALUE0_C_CACHE_VALUE3_USER_DW32_USER_AW64_USER_MAXREQS4_USER_RFIFONUM_WIDTH9_34
gmem3_m_axi_U/clk_gate_bus_write_wreq_throttle_genblk1_rs_req_data_p2_reg       3.9900     0.0      0.0000       3.9900 0.0000 SNPS_CLOCK_GATE_HIGH_tinytpu_isa_gmem3_m_axi_CONSERVATIVE1_NUM_READ_OUTSTANDING16_NUM_WRITE_OUTSTANDING16_MAX_READ_BURST_LENGTH16_MAX_WRITE_BURST_LENGTH16_C_M_AXI_ID_WIDTH1_C_M_AXI_ADDR_WIDTH64_C_M_AXI_DATA_WIDTH32_C_M_AXI_AWUSER_WIDTH1_C_M_AXI_ARUSER_WIDTH1_C_M_AXI_WUSER_WIDTH1_C_M_AXI_RUSER_WIDTH1_C_M_AXI_BUSER_WIDTH1_C_USER_VALUE0_C_PROT_VALUE0_C_CACHE_VALUE3_USER_DW32_USER_AW64_USER_MAXREQS4_USER_RFIFONUM_WIDTH9_35
gmem3_m_axi_U/clk_gate_load_unit_buff_rdata_empty_n_reg       3.9900     0.0      0.0000       3.9900 0.0000 SNPS_CLOCK_GATE_HIGH_tinytpu_isa_gmem3_m_axi_CONSERVATIVE1_NUM_READ_OUTSTANDING16_NUM_WRITE_OUTSTANDING16_MAX_READ_BURST_LENGTH16_MAX_WRITE_BURST_LENGTH16_C_M_AXI_ID_WIDTH1_C_M_AXI_ADDR_WIDTH64_C_M_AXI_DATA_WIDTH32_C_M_AXI_AWUSER_WIDTH1_C_M_AXI_ARUSER_WIDTH1_C_M_AXI_WUSER_WIDTH1_C_M_AXI_RUSER_WIDTH1_C_M_AXI_BUSER_WIDTH1_C_USER_VALUE0_C_PROT_VALUE0_C_CACHE_VALUE3_USER_DW32_USER_AW64_USER_MAXREQS4_USER_RFIFONUM_WIDTH9_43
gmem3_m_axi_U/clk_gate_store_unit_buff_wdata_empty_n_reg       3.9900     0.0      0.0000       3.9900 0.0000 SNPS_CLOCK_GATE_HIGH_tinytpu_isa_gmem3_m_axi_CONSERVATIVE1_NUM_READ_OUTSTANDING16_NUM_WRITE_OUTSTANDING16_MAX_READ_BURST_LENGTH16_MAX_WRITE_BURST_LENGTH16_C_M_AXI_ID_WIDTH1_C_M_AXI_ADDR_WIDTH64_C_M_AXI_DATA_WIDTH32_C_M_AXI_AWUSER_WIDTH1_C_M_AXI_ARUSER_WIDTH1_C_M_AXI_WUSER_WIDTH1_C_M_AXI_RUSER_WIDTH1_C_M_AXI_BUSER_WIDTH1_C_USER_VALUE0_C_PROT_VALUE0_C_CACHE_VALUE3_USER_DW32_USER_AW64_USER_MAXREQS4_USER_RFIFONUM_WIDTH9_67
gmem3_m_axi_U/clk_gate_store_unit_buff_wdata_genblk1_U_fifo_mem_dout_reg       3.9900     0.0      0.0000       3.9900 0.0000 SNPS_CLOCK_GATE_HIGH_tinytpu_isa_gmem3_m_axi_CONSERVATIVE1_NUM_READ_OUTSTANDING16_NUM_WRITE_OUTSTANDING16_MAX_READ_BURST_LENGTH16_MAX_WRITE_BURST_LENGTH16_C_M_AXI_ID_WIDTH1_C_M_AXI_ADDR_WIDTH64_C_M_AXI_DATA_WIDTH32_C_M_AXI_AWUSER_WIDTH1_C_M_AXI_ARUSER_WIDTH1_C_M_AXI_WUSER_WIDTH1_C_M_AXI_RUSER_WIDTH1_C_M_AXI_BUSER_WIDTH1_C_USER_VALUE0_C_PROT_VALUE0_C_CACHE_VALUE3_USER_DW32_USER_AW64_USER_MAXREQS4_USER_RFIFONUM_WIDTH9_65
gmem3_m_axi_U/clk_gate_store_unit_buff_wdata_genblk1_U_fifo_mem_mem_reg_0_       3.9900     0.0      0.0000       3.9900 0.0000 SNPS_CLOCK_GATE_HIGH_tinytpu_isa_gmem3_m_axi_CONSERVATIVE1_NUM_READ_OUTSTANDING16_NUM_WRITE_OUTSTANDING16_MAX_READ_BURST_LENGTH16_MAX_WRITE_BURST_LENGTH16_C_M_AXI_ID_WIDTH1_C_M_AXI_ADDR_WIDTH64_C_M_AXI_DATA_WIDTH32_C_M_AXI_AWUSER_WIDTH1_C_M_AXI_ARUSER_WIDTH1_C_M_AXI_WUSER_WIDTH1_C_M_AXI_RUSER_WIDTH1_C_M_AXI_BUSER_WIDTH1_C_USER_VALUE0_C_PROT_VALUE0_C_CACHE_VALUE3_USER_DW32_USER_AW64_USER_MAXREQS4_USER_RFIFONUM_WIDTH9_50
gmem3_m_axi_U/clk_gate_store_unit_buff_wdata_genblk1_U_fifo_mem_mem_reg_10_       3.9900     0.0      0.0000       3.9900 0.0000 SNPS_CLOCK_GATE_HIGH_tinytpu_isa_gmem3_m_axi_CONSERVATIVE1_NUM_READ_OUTSTANDING16_NUM_WRITE_OUTSTANDING16_MAX_READ_BURST_LENGTH16_MAX_WRITE_BURST_LENGTH16_C_M_AXI_ID_WIDTH1_C_M_AXI_ADDR_WIDTH64_C_M_AXI_DATA_WIDTH32_C_M_AXI_AWUSER_WIDTH1_C_M_AXI_ARUSER_WIDTH1_C_M_AXI_WUSER_WIDTH1_C_M_AXI_RUSER_WIDTH1_C_M_AXI_BUSER_WIDTH1_C_USER_VALUE0_C_PROT_VALUE0_C_CACHE_VALUE3_USER_DW32_USER_AW64_USER_MAXREQS4_USER_RFIFONUM_WIDTH9_60
gmem3_m_axi_U/clk_gate_store_unit_buff_wdata_genblk1_U_fifo_mem_mem_reg_11_       3.9900     0.0      0.0000       3.9900 0.0000 SNPS_CLOCK_GATE_HIGH_tinytpu_isa_gmem3_m_axi_CONSERVATIVE1_NUM_READ_OUTSTANDING16_NUM_WRITE_OUTSTANDING16_MAX_READ_BURST_LENGTH16_MAX_WRITE_BURST_LENGTH16_C_M_AXI_ID_WIDTH1_C_M_AXI_ADDR_WIDTH64_C_M_AXI_DATA_WIDTH32_C_M_AXI_AWUSER_WIDTH1_C_M_AXI_ARUSER_WIDTH1_C_M_AXI_WUSER_WIDTH1_C_M_AXI_RUSER_WIDTH1_C_M_AXI_BUSER_WIDTH1_C_USER_VALUE0_C_PROT_VALUE0_C_CACHE_VALUE3_USER_DW32_USER_AW64_USER_MAXREQS4_USER_RFIFONUM_WIDTH9_61
gmem3_m_axi_U/clk_gate_store_unit_buff_wdata_genblk1_U_fifo_mem_mem_reg_12_       3.9900     0.0      0.0000       3.9900 0.0000 SNPS_CLOCK_GATE_HIGH_tinytpu_isa_gmem3_m_axi_CONSERVATIVE1_NUM_READ_OUTSTANDING16_NUM_WRITE_OUTSTANDING16_MAX_READ_BURST_LENGTH16_MAX_WRITE_BURST_LENGTH16_C_M_AXI_ID_WIDTH1_C_M_AXI_ADDR_WIDTH64_C_M_AXI_DATA_WIDTH32_C_M_AXI_AWUSER_WIDTH1_C_M_AXI_ARUSER_WIDTH1_C_M_AXI_WUSER_WIDTH1_C_M_AXI_RUSER_WIDTH1_C_M_AXI_BUSER_WIDTH1_C_USER_VALUE0_C_PROT_VALUE0_C_CACHE_VALUE3_USER_DW32_USER_AW64_USER_MAXREQS4_USER_RFIFONUM_WIDTH9_62
gmem3_m_axi_U/clk_gate_store_unit_buff_wdata_genblk1_U_fifo_mem_mem_reg_13_       3.9900     0.0      0.0000       3.9900 0.0000 SNPS_CLOCK_GATE_HIGH_tinytpu_isa_gmem3_m_axi_CONSERVATIVE1_NUM_READ_OUTSTANDING16_NUM_WRITE_OUTSTANDING16_MAX_READ_BURST_LENGTH16_MAX_WRITE_BURST_LENGTH16_C_M_AXI_ID_WIDTH1_C_M_AXI_ADDR_WIDTH64_C_M_AXI_DATA_WIDTH32_C_M_AXI_AWUSER_WIDTH1_C_M_AXI_ARUSER_WIDTH1_C_M_AXI_WUSER_WIDTH1_C_M_AXI_RUSER_WIDTH1_C_M_AXI_BUSER_WIDTH1_C_USER_VALUE0_C_PROT_VALUE0_C_CACHE_VALUE3_USER_DW32_USER_AW64_USER_MAXREQS4_USER_RFIFONUM_WIDTH9_63
gmem3_m_axi_U/clk_gate_store_unit_buff_wdata_genblk1_U_fifo_mem_mem_reg_14_       3.9900     0.0      0.0000       3.9900 0.0000 SNPS_CLOCK_GATE_HIGH_tinytpu_isa_gmem3_m_axi_CONSERVATIVE1_NUM_READ_OUTSTANDING16_NUM_WRITE_OUTSTANDING16_MAX_READ_BURST_LENGTH16_MAX_WRITE_BURST_LENGTH16_C_M_AXI_ID_WIDTH1_C_M_AXI_ADDR_WIDTH64_C_M_AXI_DATA_WIDTH32_C_M_AXI_AWUSER_WIDTH1_C_M_AXI_ARUSER_WIDTH1_C_M_AXI_WUSER_WIDTH1_C_M_AXI_RUSER_WIDTH1_C_M_AXI_BUSER_WIDTH1_C_USER_VALUE0_C_PROT_VALUE0_C_CACHE_VALUE3_USER_DW32_USER_AW64_USER_MAXREQS4_USER_RFIFONUM_WIDTH9_64
gmem3_m_axi_U/clk_gate_store_unit_buff_wdata_genblk1_U_fifo_mem_mem_reg_1_       3.9900     0.0      0.0000       3.9900 0.0000 SNPS_CLOCK_GATE_HIGH_tinytpu_isa_gmem3_m_axi_CONSERVATIVE1_NUM_READ_OUTSTANDING16_NUM_WRITE_OUTSTANDING16_MAX_READ_BURST_LENGTH16_MAX_WRITE_BURST_LENGTH16_C_M_AXI_ID_WIDTH1_C_M_AXI_ADDR_WIDTH64_C_M_AXI_DATA_WIDTH32_C_M_AXI_AWUSER_WIDTH1_C_M_AXI_ARUSER_WIDTH1_C_M_AXI_WUSER_WIDTH1_C_M_AXI_RUSER_WIDTH1_C_M_AXI_BUSER_WIDTH1_C_USER_VALUE0_C_PROT_VALUE0_C_CACHE_VALUE3_USER_DW32_USER_AW64_USER_MAXREQS4_USER_RFIFONUM_WIDTH9_51
gmem3_m_axi_U/clk_gate_store_unit_buff_wdata_genblk1_U_fifo_mem_mem_reg_2_       3.9900     0.0      0.0000       3.9900 0.0000 SNPS_CLOCK_GATE_HIGH_tinytpu_isa_gmem3_m_axi_CONSERVATIVE1_NUM_READ_OUTSTANDING16_NUM_WRITE_OUTSTANDING16_MAX_READ_BURST_LENGTH16_MAX_WRITE_BURST_LENGTH16_C_M_AXI_ID_WIDTH1_C_M_AXI_ADDR_WIDTH64_C_M_AXI_DATA_WIDTH32_C_M_AXI_AWUSER_WIDTH1_C_M_AXI_ARUSER_WIDTH1_C_M_AXI_WUSER_WIDTH1_C_M_AXI_RUSER_WIDTH1_C_M_AXI_BUSER_WIDTH1_C_USER_VALUE0_C_PROT_VALUE0_C_CACHE_VALUE3_USER_DW32_USER_AW64_USER_MAXREQS4_USER_RFIFONUM_WIDTH9_52
gmem3_m_axi_U/clk_gate_store_unit_buff_wdata_genblk1_U_fifo_mem_mem_reg_3_       3.9900     0.0      0.0000       3.9900 0.0000 SNPS_CLOCK_GATE_HIGH_tinytpu_isa_gmem3_m_axi_CONSERVATIVE1_NUM_READ_OUTSTANDING16_NUM_WRITE_OUTSTANDING16_MAX_READ_BURST_LENGTH16_MAX_WRITE_BURST_LENGTH16_C_M_AXI_ID_WIDTH1_C_M_AXI_ADDR_WIDTH64_C_M_AXI_DATA_WIDTH32_C_M_AXI_AWUSER_WIDTH1_C_M_AXI_ARUSER_WIDTH1_C_M_AXI_WUSER_WIDTH1_C_M_AXI_RUSER_WIDTH1_C_M_AXI_BUSER_WIDTH1_C_USER_VALUE0_C_PROT_VALUE0_C_CACHE_VALUE3_USER_DW32_USER_AW64_USER_MAXREQS4_USER_RFIFONUM_WIDTH9_53
gmem3_m_axi_U/clk_gate_store_unit_buff_wdata_genblk1_U_fifo_mem_mem_reg_4_       3.9900     0.0      0.0000       3.9900 0.0000 SNPS_CLOCK_GATE_HIGH_tinytpu_isa_gmem3_m_axi_CONSERVATIVE1_NUM_READ_OUTSTANDING16_NUM_WRITE_OUTSTANDING16_MAX_READ_BURST_LENGTH16_MAX_WRITE_BURST_LENGTH16_C_M_AXI_ID_WIDTH1_C_M_AXI_ADDR_WIDTH64_C_M_AXI_DATA_WIDTH32_C_M_AXI_AWUSER_WIDTH1_C_M_AXI_ARUSER_WIDTH1_C_M_AXI_WUSER_WIDTH1_C_M_AXI_RUSER_WIDTH1_C_M_AXI_BUSER_WIDTH1_C_USER_VALUE0_C_PROT_VALUE0_C_CACHE_VALUE3_USER_DW32_USER_AW64_USER_MAXREQS4_USER_RFIFONUM_WIDTH9_54
gmem3_m_axi_U/clk_gate_store_unit_buff_wdata_genblk1_U_fifo_mem_mem_reg_5_       3.9900     0.0      0.0000       3.9900 0.0000 SNPS_CLOCK_GATE_HIGH_tinytpu_isa_gmem3_m_axi_CONSERVATIVE1_NUM_READ_OUTSTANDING16_NUM_WRITE_OUTSTANDING16_MAX_READ_BURST_LENGTH16_MAX_WRITE_BURST_LENGTH16_C_M_AXI_ID_WIDTH1_C_M_AXI_ADDR_WIDTH64_C_M_AXI_DATA_WIDTH32_C_M_AXI_AWUSER_WIDTH1_C_M_AXI_ARUSER_WIDTH1_C_M_AXI_WUSER_WIDTH1_C_M_AXI_RUSER_WIDTH1_C_M_AXI_BUSER_WIDTH1_C_USER_VALUE0_C_PROT_VALUE0_C_CACHE_VALUE3_USER_DW32_USER_AW64_USER_MAXREQS4_USER_RFIFONUM_WIDTH9_55
gmem3_m_axi_U/clk_gate_store_unit_buff_wdata_genblk1_U_fifo_mem_mem_reg_6_       3.9900     0.0      0.0000       3.9900 0.0000 SNPS_CLOCK_GATE_HIGH_tinytpu_isa_gmem3_m_axi_CONSERVATIVE1_NUM_READ_OUTSTANDING16_NUM_WRITE_OUTSTANDING16_MAX_READ_BURST_LENGTH16_MAX_WRITE_BURST_LENGTH16_C_M_AXI_ID_WIDTH1_C_M_AXI_ADDR_WIDTH64_C_M_AXI_DATA_WIDTH32_C_M_AXI_AWUSER_WIDTH1_C_M_AXI_ARUSER_WIDTH1_C_M_AXI_WUSER_WIDTH1_C_M_AXI_RUSER_WIDTH1_C_M_AXI_BUSER_WIDTH1_C_USER_VALUE0_C_PROT_VALUE0_C_CACHE_VALUE3_USER_DW32_USER_AW64_USER_MAXREQS4_USER_RFIFONUM_WIDTH9_56
gmem3_m_axi_U/clk_gate_store_unit_buff_wdata_genblk1_U_fifo_mem_mem_reg_7_       3.9900     0.0      0.0000       3.9900 0.0000 SNPS_CLOCK_GATE_HIGH_tinytpu_isa_gmem3_m_axi_CONSERVATIVE1_NUM_READ_OUTSTANDING16_NUM_WRITE_OUTSTANDING16_MAX_READ_BURST_LENGTH16_MAX_WRITE_BURST_LENGTH16_C_M_AXI_ID_WIDTH1_C_M_AXI_ADDR_WIDTH64_C_M_AXI_DATA_WIDTH32_C_M_AXI_AWUSER_WIDTH1_C_M_AXI_ARUSER_WIDTH1_C_M_AXI_WUSER_WIDTH1_C_M_AXI_RUSER_WIDTH1_C_M_AXI_BUSER_WIDTH1_C_USER_VALUE0_C_PROT_VALUE0_C_CACHE_VALUE3_USER_DW32_USER_AW64_USER_MAXREQS4_USER_RFIFONUM_WIDTH9_57
gmem3_m_axi_U/clk_gate_store_unit_buff_wdata_genblk1_U_fifo_mem_mem_reg_8_       3.9900     0.0      0.0000       3.9900 0.0000 SNPS_CLOCK_GATE_HIGH_tinytpu_isa_gmem3_m_axi_CONSERVATIVE1_NUM_READ_OUTSTANDING16_NUM_WRITE_OUTSTANDING16_MAX_READ_BURST_LENGTH16_MAX_WRITE_BURST_LENGTH16_C_M_AXI_ID_WIDTH1_C_M_AXI_ADDR_WIDTH64_C_M_AXI_DATA_WIDTH32_C_M_AXI_AWUSER_WIDTH1_C_M_AXI_ARUSER_WIDTH1_C_M_AXI_WUSER_WIDTH1_C_M_AXI_RUSER_WIDTH1_C_M_AXI_BUSER_WIDTH1_C_USER_VALUE0_C_PROT_VALUE0_C_CACHE_VALUE3_USER_DW32_USER_AW64_USER_MAXREQS4_USER_RFIFONUM_WIDTH9_58
gmem3_m_axi_U/clk_gate_store_unit_buff_wdata_genblk1_U_fifo_mem_mem_reg_9_       3.9900     0.0      0.0000       3.9900 0.0000 SNPS_CLOCK_GATE_HIGH_tinytpu_isa_gmem3_m_axi_CONSERVATIVE1_NUM_READ_OUTSTANDING16_NUM_WRITE_OUTSTANDING16_MAX_READ_BURST_LENGTH16_MAX_WRITE_BURST_LENGTH16_C_M_AXI_ID_WIDTH1_C_M_AXI_ADDR_WIDTH64_C_M_AXI_DATA_WIDTH32_C_M_AXI_AWUSER_WIDTH1_C_M_AXI_ARUSER_WIDTH1_C_M_AXI_WUSER_WIDTH1_C_M_AXI_RUSER_WIDTH1_C_M_AXI_BUSER_WIDTH1_C_USER_VALUE0_C_PROT_VALUE0_C_CACHE_VALUE3_USER_DW32_USER_AW64_USER_MAXREQS4_USER_RFIFONUM_WIDTH9_59
gmem3_m_axi_U/clk_gate_store_unit_buff_wdata_genblk1_waddr_reg       3.9900     0.0      0.0000       3.9900 0.0000 SNPS_CLOCK_GATE_HIGH_tinytpu_isa_gmem3_m_axi_CONSERVATIVE1_NUM_READ_OUTSTANDING16_NUM_WRITE_OUTSTANDING16_MAX_READ_BURST_LENGTH16_MAX_WRITE_BURST_LENGTH16_C_M_AXI_ID_WIDTH1_C_M_AXI_ADDR_WIDTH64_C_M_AXI_DATA_WIDTH32_C_M_AXI_AWUSER_WIDTH1_C_M_AXI_ARUSER_WIDTH1_C_M_AXI_WUSER_WIDTH1_C_M_AXI_RUSER_WIDTH1_C_M_AXI_BUSER_WIDTH1_C_USER_VALUE0_C_PROT_VALUE0_C_CACHE_VALUE3_USER_DW32_USER_AW64_USER_MAXREQS4_USER_RFIFONUM_WIDTH9_66
gmem3_m_axi_U/clk_gate_store_unit_fifo_wreq_empty_n_reg       3.9900     0.0      0.0000       3.9900 0.0000 SNPS_CLOCK_GATE_HIGH_tinytpu_isa_gmem3_m_axi_CONSERVATIVE1_NUM_READ_OUTSTANDING16_NUM_WRITE_OUTSTANDING16_MAX_READ_BURST_LENGTH16_MAX_WRITE_BURST_LENGTH16_C_M_AXI_ID_WIDTH1_C_M_AXI_ADDR_WIDTH64_C_M_AXI_DATA_WIDTH32_C_M_AXI_AWUSER_WIDTH1_C_M_AXI_ARUSER_WIDTH1_C_M_AXI_WUSER_WIDTH1_C_M_AXI_RUSER_WIDTH1_C_M_AXI_BUSER_WIDTH1_C_USER_VALUE0_C_PROT_VALUE0_C_CACHE_VALUE3_USER_DW32_USER_AW64_USER_MAXREQS4_USER_RFIFONUM_WIDTH9_47
gmem3_m_axi_U/clk_gate_store_unit_fifo_wreq_genblk1_U_fifo_srl_dout_reg       3.9900     0.0      0.0000       3.9900 0.0000 SNPS_CLOCK_GATE_HIGH_tinytpu_isa_gmem3_m_axi_CONSERVATIVE1_NUM_READ_OUTSTANDING16_NUM_WRITE_OUTSTANDING16_MAX_READ_BURST_LENGTH16_MAX_WRITE_BURST_LENGTH16_C_M_AXI_ID_WIDTH1_C_M_AXI_ADDR_WIDTH64_C_M_AXI_DATA_WIDTH32_C_M_AXI_AWUSER_WIDTH1_C_M_AXI_ARUSER_WIDTH1_C_M_AXI_WUSER_WIDTH1_C_M_AXI_RUSER_WIDTH1_C_M_AXI_BUSER_WIDTH1_C_USER_VALUE0_C_PROT_VALUE0_C_CACHE_VALUE3_USER_DW32_USER_AW64_USER_MAXREQS4_USER_RFIFONUM_WIDTH9_45
gmem3_m_axi_U/clk_gate_store_unit_fifo_wreq_genblk1_U_fifo_srl_genblk1_mem_reg_2_       3.9900     0.0      0.0000       3.9900 0.0000 SNPS_CLOCK_GATE_HIGH_tinytpu_isa_gmem3_m_axi_CONSERVATIVE1_NUM_READ_OUTSTANDING16_NUM_WRITE_OUTSTANDING16_MAX_READ_BURST_LENGTH16_MAX_WRITE_BURST_LENGTH16_C_M_AXI_ID_WIDTH1_C_M_AXI_ADDR_WIDTH64_C_M_AXI_DATA_WIDTH32_C_M_AXI_AWUSER_WIDTH1_C_M_AXI_ARUSER_WIDTH1_C_M_AXI_WUSER_WIDTH1_C_M_AXI_RUSER_WIDTH1_C_M_AXI_BUSER_WIDTH1_C_USER_VALUE0_C_PROT_VALUE0_C_CACHE_VALUE3_USER_DW32_USER_AW64_USER_MAXREQS4_USER_RFIFONUM_WIDTH9_44
gmem3_m_axi_U/clk_gate_store_unit_fifo_wrsp_empty_n_reg       3.9900     0.0      0.0000       3.9900 0.0000 SNPS_CLOCK_GATE_HIGH_tinytpu_isa_gmem3_m_axi_CONSERVATIVE1_NUM_READ_OUTSTANDING16_NUM_WRITE_OUTSTANDING16_MAX_READ_BURST_LENGTH16_MAX_WRITE_BURST_LENGTH16_C_M_AXI_ID_WIDTH1_C_M_AXI_ADDR_WIDTH64_C_M_AXI_DATA_WIDTH32_C_M_AXI_AWUSER_WIDTH1_C_M_AXI_ARUSER_WIDTH1_C_M_AXI_WUSER_WIDTH1_C_M_AXI_RUSER_WIDTH1_C_M_AXI_BUSER_WIDTH1_C_USER_VALUE0_C_PROT_VALUE0_C_CACHE_VALUE3_USER_DW32_USER_AW64_USER_MAXREQS4_USER_RFIFONUM_WIDTH9_10
gmem3_m_axi_U/clk_gate_store_unit_fifo_wrsp_genblk1_U_fifo_srl_genblk1_mem_reg_14_       3.9900     0.0      0.0000       3.9900 0.0000 SNPS_CLOCK_GATE_HIGH_tinytpu_isa_gmem3_m_axi_CONSERVATIVE1_NUM_READ_OUTSTANDING16_NUM_WRITE_OUTSTANDING16_MAX_READ_BURST_LENGTH16_MAX_WRITE_BURST_LENGTH16_C_M_AXI_ID_WIDTH1_C_M_AXI_ADDR_WIDTH64_C_M_AXI_DATA_WIDTH32_C_M_AXI_AWUSER_WIDTH1_C_M_AXI_ARUSER_WIDTH1_C_M_AXI_WUSER_WIDTH1_C_M_AXI_RUSER_WIDTH1_C_M_AXI_BUSER_WIDTH1_C_USER_VALUE0_C_PROT_VALUE0_C_CACHE_VALUE3_USER_DW32_USER_AW64_USER_MAXREQS4_USER_RFIFONUM_WIDTH9_2
gmem3_m_axi_U/clk_gate_store_unit_fifo_wrsp_genblk1_raddr_reg       3.9900     0.0      0.0000       3.9900 0.0000 SNPS_CLOCK_GATE_HIGH_tinytpu_isa_gmem3_m_axi_CONSERVATIVE1_NUM_READ_OUTSTANDING16_NUM_WRITE_OUTSTANDING16_MAX_READ_BURST_LENGTH16_MAX_WRITE_BURST_LENGTH16_C_M_AXI_ID_WIDTH1_C_M_AXI_ADDR_WIDTH64_C_M_AXI_DATA_WIDTH32_C_M_AXI_AWUSER_WIDTH1_C_M_AXI_ARUSER_WIDTH1_C_M_AXI_WUSER_WIDTH1_C_M_AXI_RUSER_WIDTH1_C_M_AXI_BUSER_WIDTH1_C_USER_VALUE0_C_PROT_VALUE0_C_CACHE_VALUE3_USER_DW32_USER_AW64_USER_MAXREQS4_USER_RFIFONUM_WIDTH9_9
gmem3_m_axi_U/clk_gate_store_unit_tmp_len_reg       3.9900     0.0      0.0000       3.9900 0.0000 SNPS_CLOCK_GATE_HIGH_tinytpu_isa_gmem3_m_axi_CONSERVATIVE1_NUM_READ_OUTSTANDING16_NUM_WRITE_OUTSTANDING16_MAX_READ_BURST_LENGTH16_MAX_WRITE_BURST_LENGTH16_C_M_AXI_ID_WIDTH1_C_M_AXI_ADDR_WIDTH64_C_M_AXI_DATA_WIDTH32_C_M_AXI_AWUSER_WIDTH1_C_M_AXI_ARUSER_WIDTH1_C_M_AXI_WUSER_WIDTH1_C_M_AXI_RUSER_WIDTH1_C_M_AXI_BUSER_WIDTH1_C_USER_VALUE0_C_PROT_VALUE0_C_CACHE_VALUE3_USER_DW32_USER_AW64_USER_MAXREQS4_USER_RFIFONUM_WIDTH9_0
gmem3_m_axi_U/clk_gate_store_unit_user_resp_empty_n_reg       3.9900     0.0      0.0000       3.9900 0.0000 SNPS_CLOCK_GATE_HIGH_tinytpu_isa_gmem3_m_axi_CONSERVATIVE1_NUM_READ_OUTSTANDING16_NUM_WRITE_OUTSTANDING16_MAX_READ_BURST_LENGTH16_MAX_WRITE_BURST_LENGTH16_C_M_AXI_ID_WIDTH1_C_M_AXI_ADDR_WIDTH64_C_M_AXI_DATA_WIDTH32_C_M_AXI_AWUSER_WIDTH1_C_M_AXI_ARUSER_WIDTH1_C_M_AXI_WUSER_WIDTH1_C_M_AXI_RUSER_WIDTH1_C_M_AXI_BUSER_WIDTH1_C_USER_VALUE0_C_PROT_VALUE0_C_CACHE_VALUE3_USER_DW32_USER_AW64_USER_MAXREQS4_USER_RFIFONUM_WIDTH9_49
pe_0_0_U0_clk_gate_grp_pe_0_0_Pipeline_VITIS_LOOP_2358_1_fu_32_ap_enable_reg_pp0_iter4_reg       3.9900     0.0      0.0000       3.9900 0.0000 SNPS_CLOCK_GATE_HIGH_tinytpu_isa_pe_0_0_1
pe_0_0_U0_clk_gate_grp_pe_0_0_Pipeline_VITIS_LOOP_2358_1_fu_32_v1098_fu_58_reg       3.9900     0.0      0.0000       3.9900 0.0000 SNPS_CLOCK_GATE_HIGH_tinytpu_isa_pe_0_0_2
pe_0_0_U0_clk_gate_grp_pe_0_0_Pipeline_VITIS_LOOP_2358_1_fu_32_v1114_reg_279_pp0_iter3_reg_reg       3.9900     0.0      0.0000       3.9900 0.0000 SNPS_CLOCK_GATE_HIGH_tinytpu_isa_pe_0_0_4
pe_0_0_U0_clk_gate_grp_pe_0_0_Pipeline_VITIS_LOOP_2358_1_fu_32_w_fu_66_reg       3.9900     0.0      0.0000       3.9900 0.0000 SNPS_CLOCK_GATE_HIGH_tinytpu_isa_pe_0_0_3
pe_0_0_U0_clk_gate_trunc_ln2346_reg_51_reg       3.9900     0.0      0.0000       3.9900 0.0000 SNPS_CLOCK_GATE_HIGH_tinytpu_isa_pe_0_0_0
pe_0_1_U0_clk_gate_grp_pe_0_1_Pipeline_VITIS_LOOP_2449_1_fu_30_ap_enable_reg_pp0_iter4_reg       3.9900     0.0      0.0000       3.9900 0.0000 SNPS_CLOCK_GATE_HIGH_tinytpu_isa_pe_0_1_1
pe_0_1_U0_clk_gate_grp_pe_0_1_Pipeline_VITIS_LOOP_2449_1_fu_30_v1142_fu_58_reg       3.9900     0.0      0.0000       3.9900 0.0000 SNPS_CLOCK_GATE_HIGH_tinytpu_isa_pe_0_1_2
pe_0_1_U0_clk_gate_grp_pe_0_1_Pipeline_VITIS_LOOP_2449_1_fu_30_v1155_reg_263_pp0_iter3_reg_reg       3.9900     0.0      0.0000       3.9900 0.0000 SNPS_CLOCK_GATE_HIGH_tinytpu_isa_pe_0_1_4
pe_0_1_U0_clk_gate_grp_pe_0_1_Pipeline_VITIS_LOOP_2449_1_fu_30_w2_fu_66_reg       3.9900     0.0      0.0000       3.9900 0.0000 SNPS_CLOCK_GATE_HIGH_tinytpu_isa_pe_0_1_3
pe_0_1_U0_clk_gate_trunc_ln2437_reg_47_reg       3.9900     0.0      0.0000       3.9900 0.0000 SNPS_CLOCK_GATE_HIGH_tinytpu_isa_pe_0_1_0
pe_0_2_U0_clk_gate_grp_pe_0_2_Pipeline_VITIS_LOOP_2532_1_fu_30_ap_enable_reg_pp0_iter4_reg       3.9900     0.0      0.0000       3.9900 0.0000 SNPS_CLOCK_GATE_HIGH_tinytpu_isa_pe_0_2_1
pe_0_2_U0_clk_gate_grp_pe_0_2_Pipeline_VITIS_LOOP_2532_1_fu_30_v1183_fu_58_reg       3.9900     0.0      0.0000       3.9900 0.0000 SNPS_CLOCK_GATE_HIGH_tinytpu_isa_pe_0_2_2
pe_0_2_U0_clk_gate_grp_pe_0_2_Pipeline_VITIS_LOOP_2532_1_fu_30_v1196_reg_263_pp0_iter3_reg_reg       3.9900     0.0      0.0000       3.9900 0.0000 SNPS_CLOCK_GATE_HIGH_tinytpu_isa_pe_0_2_4
pe_0_2_U0_clk_gate_grp_pe_0_2_Pipeline_VITIS_LOOP_2532_1_fu_30_w3_fu_66_reg       3.9900     0.0      0.0000       3.9900 0.0000 SNPS_CLOCK_GATE_HIGH_tinytpu_isa_pe_0_2_3
pe_0_2_U0_clk_gate_trunc_ln2520_reg_47_reg       3.9900     0.0      0.0000       3.9900 0.0000 SNPS_CLOCK_GATE_HIGH_tinytpu_isa_pe_0_2_0
pe_0_3_U0_clk_gate_grp_pe_0_3_Pipeline_VITIS_LOOP_2614_1_fu_28_ap_enable_reg_pp0_iter4_reg       3.9900     0.0      0.0000       3.9900 0.0000 SNPS_CLOCK_GATE_HIGH_tinytpu_isa_pe_0_3_1
pe_0_3_U0_clk_gate_grp_pe_0_3_Pipeline_VITIS_LOOP_2614_1_fu_28_v1223_fu_54_reg       3.9900     0.0      0.0000       3.9900 0.0000 SNPS_CLOCK_GATE_HIGH_tinytpu_isa_pe_0_3_2
pe_0_3_U0_clk_gate_grp_pe_0_3_Pipeline_VITIS_LOOP_2614_1_fu_28_v1236_reg_252_reg       3.9900     0.0      0.0000       3.9900 0.0000 SNPS_CLOCK_GATE_HIGH_tinytpu_isa_pe_0_3_4
pe_0_3_U0_clk_gate_grp_pe_0_3_Pipeline_VITIS_LOOP_2614_1_fu_28_w4_fu_62_reg       3.9900     0.0      0.0000       3.9900 0.0000 SNPS_CLOCK_GATE_HIGH_tinytpu_isa_pe_0_3_3
pe_0_3_U0_clk_gate_trunc_ln2602_reg_43_reg       3.9900     0.0      0.0000       3.9900 0.0000 SNPS_CLOCK_GATE_HIGH_tinytpu_isa_pe_0_3_0
pe_1_0_U0_clk_gate_grp_pe_1_0_Pipeline_VITIS_LOOP_2697_1_fu_34_ap_enable_reg_pp0_iter6_reg       3.9900     0.0      0.0000       3.9900 0.0000 SNPS_CLOCK_GATE_HIGH_tinytpu_isa_pe_1_0_1
pe_1_0_U0_clk_gate_grp_pe_1_0_Pipeline_VITIS_LOOP_2697_1_fu_34_v1265_fu_64_reg       3.9900     0.0      0.0000       3.9900 0.0000 SNPS_CLOCK_GATE_HIGH_tinytpu_isa_pe_1_0_3
pe_1_0_U0_clk_gate_grp_pe_1_0_Pipeline_VITIS_LOOP_2697_1_fu_34_v1282_reg_301_reg       3.9900     0.0      0.0000       3.9900 0.0000 SNPS_CLOCK_GATE_HIGH_tinytpu_isa_pe_1_0_6
pe_1_0_U0_clk_gate_grp_pe_1_0_Pipeline_VITIS_LOOP_2697_1_fu_34_w5_fu_72_reg       3.9900     0.0      0.0000       3.9900 0.0000 SNPS_CLOCK_GATE_HIGH_tinytpu_isa_pe_1_0_4
pe_1_0_U0_clk_gate_trunc_ln2685_reg_55_reg       3.9900     0.0      0.0000       3.9900 0.0000 SNPS_CLOCK_GATE_HIGH_tinytpu_isa_pe_1_0_0
pe_1_1_U0_clk_gate_grp_pe_1_1_Pipeline_VITIS_LOOP_2791_1_fu_32_ap_enable_reg_pp0_iter6_reg       3.9900     0.0      0.0000       3.9900 0.0000 SNPS_CLOCK_GATE_HIGH_tinytpu_isa_pe_1_1_1
pe_1_1_U0_clk_gate_grp_pe_1_1_Pipeline_VITIS_LOOP_2791_1_fu_32_v1311_fu_60_reg       3.9900     0.0      0.0000       3.9900 0.0000 SNPS_CLOCK_GATE_HIGH_tinytpu_isa_pe_1_1_3
pe_1_1_U0_clk_gate_grp_pe_1_1_Pipeline_VITIS_LOOP_2791_1_fu_32_v1325_reg_275_reg       3.9900     0.0      0.0000       3.9900 0.0000 SNPS_CLOCK_GATE_HIGH_tinytpu_isa_pe_1_1_6
pe_1_1_U0_clk_gate_grp_pe_1_1_Pipeline_VITIS_LOOP_2791_1_fu_32_w6_fu_68_reg       3.9900     0.0      0.0000       3.9900 0.0000 SNPS_CLOCK_GATE_HIGH_tinytpu_isa_pe_1_1_4
pe_1_1_U0_clk_gate_trunc_ln2779_reg_51_reg       3.9900     0.0      0.0000       3.9900 0.0000 SNPS_CLOCK_GATE_HIGH_tinytpu_isa_pe_1_1_0
pe_1_2_U0_clk_gate_grp_pe_1_2_Pipeline_VITIS_LOOP_2877_1_fu_32_ap_enable_reg_pp0_iter6_reg       3.9900     0.0      0.0000       3.9900 0.0000 SNPS_CLOCK_GATE_HIGH_tinytpu_isa_pe_1_2_1
pe_1_2_U0_clk_gate_grp_pe_1_2_Pipeline_VITIS_LOOP_2877_1_fu_32_v1354_fu_60_reg       3.9900     0.0      0.0000       3.9900 0.0000 SNPS_CLOCK_GATE_HIGH_tinytpu_isa_pe_1_2_3
pe_1_2_U0_clk_gate_grp_pe_1_2_Pipeline_VITIS_LOOP_2877_1_fu_32_v1368_reg_275_reg       3.9900     0.0      0.0000       3.9900 0.0000 SNPS_CLOCK_GATE_HIGH_tinytpu_isa_pe_1_2_6
pe_1_2_U0_clk_gate_grp_pe_1_2_Pipeline_VITIS_LOOP_2877_1_fu_32_w7_fu_68_reg       3.9900     0.0      0.0000       3.9900 0.0000 SNPS_CLOCK_GATE_HIGH_tinytpu_isa_pe_1_2_4
pe_1_2_U0_clk_gate_trunc_ln2865_reg_51_reg       3.9900     0.0      0.0000       3.9900 0.0000 SNPS_CLOCK_GATE_HIGH_tinytpu_isa_pe_1_2_0
pe_1_3_U0_clk_gate_grp_pe_1_3_Pipeline_VITIS_LOOP_2962_1_fu_30_ap_enable_reg_pp0_iter6_reg       3.9900     0.0      0.0000       3.9900 0.0000 SNPS_CLOCK_GATE_HIGH_tinytpu_isa_pe_1_3_1
pe_1_3_U0_clk_gate_grp_pe_1_3_Pipeline_VITIS_LOOP_2962_1_fu_30_v1396_fu_56_reg       3.9900     0.0      0.0000       3.9900 0.0000 SNPS_CLOCK_GATE_HIGH_tinytpu_isa_pe_1_3_3
pe_1_3_U0_clk_gate_grp_pe_1_3_Pipeline_VITIS_LOOP_2962_1_fu_30_v1410_reg_259_reg       3.9900     0.0      0.0000       3.9900 0.0000 SNPS_CLOCK_GATE_HIGH_tinytpu_isa_pe_1_3_6
pe_1_3_U0_clk_gate_grp_pe_1_3_Pipeline_VITIS_LOOP_2962_1_fu_30_w8_fu_64_reg       3.9900     0.0      0.0000       3.9900 0.0000 SNPS_CLOCK_GATE_HIGH_tinytpu_isa_pe_1_3_4
pe_1_3_U0_clk_gate_trunc_ln2950_reg_47_reg       3.9900     0.0      0.0000       3.9900 0.0000 SNPS_CLOCK_GATE_HIGH_tinytpu_isa_pe_1_3_0
pe_2_0_U0_clk_gate_grp_pe_2_0_Pipeline_VITIS_LOOP_3047_1_fu_34_ap_enable_reg_pp0_iter6_reg       3.9900     0.0      0.0000       3.9900 0.0000 SNPS_CLOCK_GATE_HIGH_tinytpu_isa_pe_2_0_1
pe_2_0_U0_clk_gate_grp_pe_2_0_Pipeline_VITIS_LOOP_3047_1_fu_34_v1439_fu_66_reg       3.9900     0.0      0.0000       3.9900 0.0000 SNPS_CLOCK_GATE_HIGH_tinytpu_isa_pe_2_0_3
pe_2_0_U0_clk_gate_grp_pe_2_0_Pipeline_VITIS_LOOP_3047_1_fu_34_v1456_reg_303_reg       3.9900     0.0      0.0000       3.9900 0.0000 SNPS_CLOCK_GATE_HIGH_tinytpu_isa_pe_2_0_6
pe_2_0_U0_clk_gate_grp_pe_2_0_Pipeline_VITIS_LOOP_3047_1_fu_34_w9_fu_74_reg       3.9900     0.0      0.0000       3.9900 0.0000 SNPS_CLOCK_GATE_HIGH_tinytpu_isa_pe_2_0_4
pe_2_0_U0_clk_gate_trunc_ln3035_reg_55_reg       3.9900     0.0      0.0000       3.9900 0.0000 SNPS_CLOCK_GATE_HIGH_tinytpu_isa_pe_2_0_0
pe_2_1_U0_clk_gate_grp_pe_2_1_Pipeline_VITIS_LOOP_3141_1_fu_32_ap_enable_reg_pp0_iter6_reg       3.9900     0.0      0.0000       3.9900 0.0000 SNPS_CLOCK_GATE_HIGH_tinytpu_isa_pe_2_1_1
pe_2_1_U0_clk_gate_grp_pe_2_1_Pipeline_VITIS_LOOP_3141_1_fu_32_v1485_fu_60_reg       3.9900     0.0      0.0000       3.9900 0.0000 SNPS_CLOCK_GATE_HIGH_tinytpu_isa_pe_2_1_3
pe_2_1_U0_clk_gate_grp_pe_2_1_Pipeline_VITIS_LOOP_3141_1_fu_32_v1499_reg_275_reg       3.9900     0.0      0.0000       3.9900 0.0000 SNPS_CLOCK_GATE_HIGH_tinytpu_isa_pe_2_1_6
pe_2_1_U0_clk_gate_grp_pe_2_1_Pipeline_VITIS_LOOP_3141_1_fu_32_w10_fu_68_reg       3.9900     0.0      0.0000       3.9900 0.0000 SNPS_CLOCK_GATE_HIGH_tinytpu_isa_pe_2_1_4
pe_2_1_U0_clk_gate_trunc_ln3129_reg_51_reg       3.9900     0.0      0.0000       3.9900 0.0000 SNPS_CLOCK_GATE_HIGH_tinytpu_isa_pe_2_1_0
pe_2_2_U0_clk_gate_grp_pe_2_2_Pipeline_VITIS_LOOP_3227_1_fu_32_ap_enable_reg_pp0_iter6_reg       3.9900     0.0      0.0000       3.9900 0.0000 SNPS_CLOCK_GATE_HIGH_tinytpu_isa_pe_2_2_1
pe_2_2_U0_clk_gate_grp_pe_2_2_Pipeline_VITIS_LOOP_3227_1_fu_32_v1528_fu_60_reg       3.9900     0.0      0.0000       3.9900 0.0000 SNPS_CLOCK_GATE_HIGH_tinytpu_isa_pe_2_2_3
pe_2_2_U0_clk_gate_grp_pe_2_2_Pipeline_VITIS_LOOP_3227_1_fu_32_v1542_reg_275_reg       3.9900     0.0      0.0000       3.9900 0.0000 SNPS_CLOCK_GATE_HIGH_tinytpu_isa_pe_2_2_6
pe_2_2_U0_clk_gate_grp_pe_2_2_Pipeline_VITIS_LOOP_3227_1_fu_32_w11_fu_68_reg       3.9900     0.0      0.0000       3.9900 0.0000 SNPS_CLOCK_GATE_HIGH_tinytpu_isa_pe_2_2_4
pe_2_2_U0_clk_gate_trunc_ln3215_reg_51_reg       3.9900     0.0      0.0000       3.9900 0.0000 SNPS_CLOCK_GATE_HIGH_tinytpu_isa_pe_2_2_0
pe_2_3_U0_clk_gate_grp_pe_2_3_Pipeline_VITIS_LOOP_3312_1_fu_30_ap_enable_reg_pp0_iter6_reg       3.9900     0.0      0.0000       3.9900 0.0000 SNPS_CLOCK_GATE_HIGH_tinytpu_isa_pe_2_3_1
pe_2_3_U0_clk_gate_grp_pe_2_3_Pipeline_VITIS_LOOP_3312_1_fu_30_v1570_fu_56_reg       3.9900     0.0      0.0000       3.9900 0.0000 SNPS_CLOCK_GATE_HIGH_tinytpu_isa_pe_2_3_3
pe_2_3_U0_clk_gate_grp_pe_2_3_Pipeline_VITIS_LOOP_3312_1_fu_30_v1584_reg_259_reg       3.9900     0.0      0.0000       3.9900 0.0000 SNPS_CLOCK_GATE_HIGH_tinytpu_isa_pe_2_3_6
pe_2_3_U0_clk_gate_grp_pe_2_3_Pipeline_VITIS_LOOP_3312_1_fu_30_w12_fu_64_reg       3.9900     0.0      0.0000       3.9900 0.0000 SNPS_CLOCK_GATE_HIGH_tinytpu_isa_pe_2_3_4
pe_2_3_U0_clk_gate_trunc_ln3300_reg_47_reg       3.9900     0.0      0.0000       3.9900 0.0000 SNPS_CLOCK_GATE_HIGH_tinytpu_isa_pe_2_3_0
pe_3_0_U0_clk_gate_grp_pe_3_0_Pipeline_VITIS_LOOP_3396_1_fu_32_ap_enable_reg_pp0_iter6_reg       3.9900     0.0      0.0000       3.9900 0.0000 SNPS_CLOCK_GATE_HIGH_tinytpu_isa_pe_3_0_1
pe_3_0_U0_clk_gate_grp_pe_3_0_Pipeline_VITIS_LOOP_3396_1_fu_32_v1612_fu_64_reg       3.9900     0.0      0.0000       3.9900 0.0000 SNPS_CLOCK_GATE_HIGH_tinytpu_isa_pe_3_0_3
pe_3_0_U0_clk_gate_grp_pe_3_0_Pipeline_VITIS_LOOP_3396_1_fu_32_v1628_reg_293_reg       3.9900     0.0      0.0000       3.9900 0.0000 SNPS_CLOCK_GATE_HIGH_tinytpu_isa_pe_3_0_6
pe_3_0_U0_clk_gate_grp_pe_3_0_Pipeline_VITIS_LOOP_3396_1_fu_32_w13_fu_72_reg       3.9900     0.0      0.0000       3.9900 0.0000 SNPS_CLOCK_GATE_HIGH_tinytpu_isa_pe_3_0_4
pe_3_0_U0_clk_gate_trunc_ln3384_reg_51_reg       3.9900     0.0      0.0000       3.9900 0.0000 SNPS_CLOCK_GATE_HIGH_tinytpu_isa_pe_3_0_0
pe_3_1_U0_clk_gate_grp_pe_3_1_Pipeline_VITIS_LOOP_3498_1_fu_34_ap_enable_reg_pp0_iter6_reg       3.9900     0.0      0.0000       3.9900 0.0000 SNPS_CLOCK_GATE_HIGH_tinytpu_isa_pe_3_1_1
pe_3_1_U0_clk_gate_grp_pe_3_1_Pipeline_VITIS_LOOP_3498_1_fu_34_v1661_fu_70_reg       3.9900     0.0      0.0000       3.9900 0.0000 SNPS_CLOCK_GATE_HIGH_tinytpu_isa_pe_3_1_3
pe_3_1_U0_clk_gate_grp_pe_3_1_Pipeline_VITIS_LOOP_3498_1_fu_34_v1692_reg_317_pp0_iter4_reg_reg       3.9900     0.0      0.0000       3.9900 0.0000 SNPS_CLOCK_GATE_HIGH_tinytpu_isa_pe_3_1_6
pe_3_1_U0_clk_gate_grp_pe_3_1_Pipeline_VITIS_LOOP_3498_1_fu_34_w14_fu_78_reg       3.9900     0.0      0.0000       3.9900 0.0000 SNPS_CLOCK_GATE_HIGH_tinytpu_isa_pe_3_1_4
pe_3_1_U0_clk_gate_trunc_ln3486_reg_55_reg       3.9900     0.0      0.0000       3.9900 0.0000 SNPS_CLOCK_GATE_HIGH_tinytpu_isa_pe_3_1_0
pe_3_2_U0_clk_gate_grp_pe_3_2_Pipeline_VITIS_LOOP_3596_1_fu_34_ap_enable_reg_pp0_iter6_reg       3.9900     0.0      0.0000       3.9900 0.0000 SNPS_CLOCK_GATE_HIGH_tinytpu_isa_pe_3_2_1
pe_3_2_U0_clk_gate_grp_pe_3_2_Pipeline_VITIS_LOOP_3596_1_fu_34_v1709_fu_70_reg       3.9900     0.0      0.0000       3.9900 0.0000 SNPS_CLOCK_GATE_HIGH_tinytpu_isa_pe_3_2_3
pe_3_2_U0_clk_gate_grp_pe_3_2_Pipeline_VITIS_LOOP_3596_1_fu_34_v1740_reg_317_pp0_iter4_reg_reg       3.9900     0.0      0.0000       3.9900 0.0000 SNPS_CLOCK_GATE_HIGH_tinytpu_isa_pe_3_2_6
pe_3_2_U0_clk_gate_grp_pe_3_2_Pipeline_VITIS_LOOP_3596_1_fu_34_w15_fu_78_reg       3.9900     0.0      0.0000       3.9900 0.0000 SNPS_CLOCK_GATE_HIGH_tinytpu_isa_pe_3_2_4
pe_3_2_U0_clk_gate_trunc_ln3584_reg_55_reg       3.9900     0.0      0.0000       3.9900 0.0000 SNPS_CLOCK_GATE_HIGH_tinytpu_isa_pe_3_2_0
pe_3_3_U0_clk_gate_grp_pe_3_3_Pipeline_VITIS_LOOP_3693_1_fu_32_ap_enable_reg_pp0_iter6_reg       3.9900     0.0      0.0000       3.9900 0.0000 SNPS_CLOCK_GATE_HIGH_tinytpu_isa_pe_3_3_1
pe_3_3_U0_clk_gate_grp_pe_3_3_Pipeline_VITIS_LOOP_3693_1_fu_32_v1756_fu_66_reg       3.9900     0.0      0.0000       3.9900 0.0000 SNPS_CLOCK_GATE_HIGH_tinytpu_isa_pe_3_3_3
pe_3_3_U0_clk_gate_grp_pe_3_3_Pipeline_VITIS_LOOP_3693_1_fu_32_v1787_reg_301_pp0_iter4_reg_reg       3.9900     0.0      0.0000       3.9900 0.0000 SNPS_CLOCK_GATE_HIGH_tinytpu_isa_pe_3_3_6
pe_3_3_U0_clk_gate_grp_pe_3_3_Pipeline_VITIS_LOOP_3693_1_fu_32_w16_fu_74_reg       3.9900     0.0      0.0000       3.9900 0.0000 SNPS_CLOCK_GATE_HIGH_tinytpu_isa_pe_3_3_4
pe_3_3_U0_clk_gate_trunc_ln3681_reg_51_reg       3.9900     0.0      0.0000       3.9900 0.0000 SNPS_CLOCK_GATE_HIGH_tinytpu_isa_pe_3_3_0
sequencer_0_1_U0                    33740.2372      2.4    7920.6821    25608.0851  0.0000  tinytpu_isa_sequencer_0_1
sequencer_0_1_U0/clk_gate_grp_sequencer_0_1_Pipeline_VITIS_LOOP_74_1_fu_286_v25_fu_28_reg       3.9900     0.0      0.0000       3.9900 0.0000 SNPS_CLOCK_GATE_HIGH_tinytpu_isa_sequencer_0_1_14
sequencer_0_1_U0/clk_gate_grp_sequencer_0_1_Pipeline_VITIS_LOOP_78_2_fu_291_v26_fu_28_reg       3.9900     0.0      0.0000       3.9900 0.0000 SNPS_CLOCK_GATE_HIGH_tinytpu_isa_sequencer_0_1_13
sequencer_0_1_U0/clk_gate_grp_sequencer_0_1_Pipeline_VITIS_LOOP_82_3_fu_296_v27_fu_30_reg       3.9900     0.0      0.0000       3.9900 0.0000 SNPS_CLOCK_GATE_HIGH_tinytpu_isa_sequencer_0_1_12
sequencer_0_1_U0/clk_gate_grp_sequencer_0_1_Pipeline_VITIS_LOOP_86_4_fu_301_v28_fu_28_reg       3.9900     0.0      0.0000       3.9900 0.0000 SNPS_CLOCK_GATE_HIGH_tinytpu_isa_sequencer_0_1_11
sequencer_0_1_U0/clk_gate_grp_sequencer_0_1_Pipeline_VITIS_LOOP_95_5_fu_306_mul_32s_12ns_32_2_1_U17_buff0_reg       3.9900     0.0      0.0000       3.9900 0.0000 SNPS_CLOCK_GATE_HIGH_tinytpu_isa_sequencer_0_1_1
sequencer_0_1_U0/clk_gate_grp_sequencer_0_1_Pipeline_VITIS_LOOP_95_5_fu_306_reg_484_reg       3.9900     0.0      0.0000       3.9900 0.0000 SNPS_CLOCK_GATE_HIGH_tinytpu_isa_sequencer_0_1_8
sequencer_0_1_U0/clk_gate_grp_sequencer_0_1_Pipeline_VITIS_LOOP_95_5_fu_306_trunc_ln272_reg_1394_reg       3.9900     0.0      0.0000       3.9900 0.0000 SNPS_CLOCK_GATE_HIGH_tinytpu_isa_sequencer_0_1_6
sequencer_0_1_U0/clk_gate_grp_sequencer_0_1_Pipeline_VITIS_LOOP_95_5_fu_306_v188_reg_1365_reg       3.9900     0.0      0.0000       3.9900 0.0000 SNPS_CLOCK_GATE_HIGH_tinytpu_isa_sequencer_0_1_9
sequencer_0_1_U0/clk_gate_grp_sequencer_0_1_Pipeline_VITIS_LOOP_95_5_fu_306_v237_reg_1389_reg       3.9900     0.0      0.0000       3.9900 0.0000 SNPS_CLOCK_GATE_HIGH_tinytpu_isa_sequencer_0_1_10
sequencer_0_1_U0/clk_gate_grp_sequencer_0_1_Pipeline_VITIS_LOOP_95_5_fu_306_v296_reg_1524_reg       3.9900     0.0      0.0000       3.9900 0.0000 SNPS_CLOCK_GATE_HIGH_tinytpu_isa_sequencer_0_1_5
sequencer_0_1_U0/clk_gate_grp_sequencer_0_1_Pipeline_VITIS_LOOP_95_5_fu_306_v332_fu_196_reg       3.9900     0.0      0.0000       3.9900 0.0000 SNPS_CLOCK_GATE_HIGH_tinytpu_isa_sequencer_0_1_3
sequencer_0_1_U0/clk_gate_grp_sequencer_0_1_Pipeline_VITIS_LOOP_95_5_fu_306_v55_reg_1196_reg       3.9900     0.0      0.0000       3.9900 0.0000 SNPS_CLOCK_GATE_HIGH_tinytpu_isa_sequencer_0_1_7
sequencer_0_1_U0/clk_gate_grp_sequencer_0_1_Pipeline_VITIS_LOOP_95_5_fu_306_v97_reg_1273_reg       3.9900     0.0      0.0000       3.9900 0.0000 SNPS_CLOCK_GATE_HIGH_tinytpu_isa_sequencer_0_1_4
sequencer_0_1_U0/clk_gate_grp_sequencer_0_1_Pipeline_l_S_i_0_i_fu_271_i_fu_92_reg       3.9900     0.0      0.0000       3.9900 0.0000 SNPS_CLOCK_GATE_HIGH_tinytpu_isa_sequencer_0_1_15
sequencer_0_1_U0/clk_gate_grp_sequencer_0_1_Pipeline_l_S_i_0_i_fu_271_v8_reg_362_reg       3.9900     0.0      0.0000       3.9900 0.0000 SNPS_CLOCK_GATE_HIGH_tinytpu_isa_sequencer_0_1_16
sequencer_0_1_U0/clk_gate_ib_1_U_q0_reg       3.9900     0.0      0.0000       3.9900 0.0000 SNPS_CLOCK_GATE_HIGH_tinytpu_isa_sequencer_0_1_38
sequencer_0_1_U0/clk_gate_ib_1_U_ram_reg_0_       3.9900     0.0      0.0000       3.9900 0.0000 SNPS_CLOCK_GATE_HIGH_tinytpu_isa_sequencer_0_1_39
sequencer_0_1_U0/clk_gate_ib_1_U_ram_reg_1_       3.9900     0.0      0.0000       3.9900 0.0000 SNPS_CLOCK_GATE_HIGH_tinytpu_isa_sequencer_0_1_40
sequencer_0_1_U0/clk_gate_ib_1_U_ram_reg_2_       3.9900     0.0      0.0000       3.9900 0.0000 SNPS_CLOCK_GATE_HIGH_tinytpu_isa_sequencer_0_1_41
sequencer_0_1_U0/clk_gate_ib_1_U_ram_reg_3_       3.9900     0.0      0.0000       3.9900 0.0000 SNPS_CLOCK_GATE_HIGH_tinytpu_isa_sequencer_0_1_42
sequencer_0_1_U0/clk_gate_ib_1_U_ram_reg_4_       3.9900     0.0      0.0000       3.9900 0.0000 SNPS_CLOCK_GATE_HIGH_tinytpu_isa_sequencer_0_1_43
sequencer_0_1_U0/clk_gate_ib_1_U_ram_reg_5_       3.9900     0.0      0.0000       3.9900 0.0000 SNPS_CLOCK_GATE_HIGH_tinytpu_isa_sequencer_0_1_44
sequencer_0_1_U0/clk_gate_ib_1_U_ram_reg_6_       3.9900     0.0      0.0000       3.9900 0.0000 SNPS_CLOCK_GATE_HIGH_tinytpu_isa_sequencer_0_1_45
sequencer_0_1_U0/clk_gate_ib_U_q0_reg       3.9900     0.0      0.0000       3.9900 0.0000  SNPS_CLOCK_GATE_HIGH_tinytpu_isa_sequencer_0_1_46
sequencer_0_1_U0/clk_gate_ib_U_ram_reg_0_       3.9900     0.0      0.0000       3.9900 0.0000 SNPS_CLOCK_GATE_HIGH_tinytpu_isa_sequencer_0_1_47
sequencer_0_1_U0/clk_gate_ib_U_ram_reg_1_       3.9900     0.0      0.0000       3.9900 0.0000 SNPS_CLOCK_GATE_HIGH_tinytpu_isa_sequencer_0_1_48
sequencer_0_1_U0/clk_gate_ib_U_ram_reg_2_       3.9900     0.0      0.0000       3.9900 0.0000 SNPS_CLOCK_GATE_HIGH_tinytpu_isa_sequencer_0_1_49
sequencer_0_1_U0/clk_gate_ib_U_ram_reg_3_       3.9900     0.0      0.0000       3.9900 0.0000 SNPS_CLOCK_GATE_HIGH_tinytpu_isa_sequencer_0_1_50
sequencer_0_1_U0/clk_gate_ib_U_ram_reg_4_       3.9900     0.0      0.0000       3.9900 0.0000 SNPS_CLOCK_GATE_HIGH_tinytpu_isa_sequencer_0_1_51
sequencer_0_1_U0/clk_gate_ib_U_ram_reg_5_       3.9900     0.0      0.0000       3.9900 0.0000 SNPS_CLOCK_GATE_HIGH_tinytpu_isa_sequencer_0_1_52
sequencer_0_1_U0/clk_gate_ib_U_ram_reg_6_       3.9900     0.0      0.0000       3.9900 0.0000 SNPS_CLOCK_GATE_HIGH_tinytpu_isa_sequencer_0_1_53
sequencer_0_1_U0/clk_gate_iv_now_U_q0_reg       3.9900     0.0      0.0000       3.9900 0.0000 SNPS_CLOCK_GATE_HIGH_tinytpu_isa_sequencer_0_1_17
sequencer_0_1_U0/clk_gate_iv_now_U_q1_reg       3.9900     0.0      0.0000       3.9900 0.0000 SNPS_CLOCK_GATE_HIGH_tinytpu_isa_sequencer_0_1_22
sequencer_0_1_U0/clk_gate_iv_now_U_ram0_reg_0_       3.9900     0.0      0.0000       3.9900 0.0000 SNPS_CLOCK_GATE_HIGH_tinytpu_isa_sequencer_0_1_18
sequencer_0_1_U0/clk_gate_iv_now_U_ram0_reg_1_       3.9900     0.0      0.0000       3.9900 0.0000 SNPS_CLOCK_GATE_HIGH_tinytpu_isa_sequencer_0_1_19
sequencer_0_1_U0/clk_gate_iv_now_U_ram0_reg_2_       3.9900     0.0      0.0000       3.9900 0.0000 SNPS_CLOCK_GATE_HIGH_tinytpu_isa_sequencer_0_1_20
sequencer_0_1_U0/clk_gate_iv_now_U_ram0_reg_3_       3.9900     0.0      0.0000       3.9900 0.0000 SNPS_CLOCK_GATE_HIGH_tinytpu_isa_sequencer_0_1_21
sequencer_0_1_U0/clk_gate_lp_iv_U_q0_reg       3.9900     0.0      0.0000       3.9900 0.0000 SNPS_CLOCK_GATE_HIGH_tinytpu_isa_sequencer_0_1_28
sequencer_0_1_U0/clk_gate_lp_iv_U_ram_reg_0_       3.9900     0.0      0.0000       3.9900 0.0000 SNPS_CLOCK_GATE_HIGH_tinytpu_isa_sequencer_0_1_29
sequencer_0_1_U0/clk_gate_lp_iv_U_ram_reg_1_       3.9900     0.0      0.0000       3.9900 0.0000 SNPS_CLOCK_GATE_HIGH_tinytpu_isa_sequencer_0_1_30
sequencer_0_1_U0/clk_gate_lp_iv_U_ram_reg_2_       3.9900     0.0      0.0000       3.9900 0.0000 SNPS_CLOCK_GATE_HIGH_tinytpu_isa_sequencer_0_1_31
sequencer_0_1_U0/clk_gate_lp_iv_U_ram_reg_3_       3.9900     0.0      0.0000       3.9900 0.0000 SNPS_CLOCK_GATE_HIGH_tinytpu_isa_sequencer_0_1_32
sequencer_0_1_U0/clk_gate_lp_start_U_q0_reg       3.9900     0.0      0.0000       3.9900 0.0000 SNPS_CLOCK_GATE_HIGH_tinytpu_isa_sequencer_0_1_33
sequencer_0_1_U0/clk_gate_lp_start_U_ram_reg_0_       3.9900     0.0      0.0000       3.9900 0.0000 SNPS_CLOCK_GATE_HIGH_tinytpu_isa_sequencer_0_1_34
sequencer_0_1_U0/clk_gate_lp_start_U_ram_reg_1_       3.9900     0.0      0.0000       3.9900 0.0000 SNPS_CLOCK_GATE_HIGH_tinytpu_isa_sequencer_0_1_35
sequencer_0_1_U0/clk_gate_lp_start_U_ram_reg_2_       3.9900     0.0      0.0000       3.9900 0.0000 SNPS_CLOCK_GATE_HIGH_tinytpu_isa_sequencer_0_1_36
sequencer_0_1_U0/clk_gate_lp_start_U_ram_reg_3_       3.9900     0.0      0.0000       3.9900 0.0000 SNPS_CLOCK_GATE_HIGH_tinytpu_isa_sequencer_0_1_37
sequencer_0_1_U0/clk_gate_lp_trip_U_q0_reg       3.9900     0.0      0.0000       3.9900 0.0000 SNPS_CLOCK_GATE_HIGH_tinytpu_isa_sequencer_0_1_23
sequencer_0_1_U0/clk_gate_lp_trip_U_ram_reg_0_       3.9900     0.0      0.0000       3.9900 0.0000 SNPS_CLOCK_GATE_HIGH_tinytpu_isa_sequencer_0_1_24
sequencer_0_1_U0/clk_gate_lp_trip_U_ram_reg_1_       3.9900     0.0      0.0000       3.9900 0.0000 SNPS_CLOCK_GATE_HIGH_tinytpu_isa_sequencer_0_1_25
sequencer_0_1_U0/clk_gate_lp_trip_U_ram_reg_2_       3.9900     0.0      0.0000       3.9900 0.0000 SNPS_CLOCK_GATE_HIGH_tinytpu_isa_sequencer_0_1_26
sequencer_0_1_U0/clk_gate_lp_trip_U_ram_reg_3_       3.9900     0.0      0.0000       3.9900 0.0000 SNPS_CLOCK_GATE_HIGH_tinytpu_isa_sequencer_0_1_27
sequencer_0_1_U0/clk_gate_v16_reg_408_reg       3.9900     0.0      0.0000       3.9900 0.0000 SNPS_CLOCK_GATE_HIGH_tinytpu_isa_sequencer_0_1_0
spm_0_U0                             1655.3180      0.1     604.8840     1026.4940  0.0000  tinytpu_isa_spm_0
spm_0_U0/clk_gate_grp_spm_0_Pipeline_VITIS_LOOP_914_1_fu_39_ap_enable_reg_pp0_iter6_reg       3.9900     0.0      0.0000       3.9900 0.0000 SNPS_CLOCK_GATE_HIGH_tinytpu_isa_spm_0_1
spm_0_U0/clk_gate_grp_spm_0_Pipeline_VITIS_LOOP_914_1_fu_39_v498_fu_72_reg       3.9900     0.0      0.0000       3.9900 0.0000 SNPS_CLOCK_GATE_HIGH_tinytpu_isa_spm_0_3
spm_0_U0/clk_gate_grp_spm_0_Pipeline_VITIS_LOOP_914_1_fu_39_v503_fu_92_reg       3.9900     0.0      0.0000       3.9900 0.0000 SNPS_CLOCK_GATE_HIGH_tinytpu_isa_spm_0_4
spm_0_U0/clk_gate_grp_spm_0_Pipeline_VITIS_LOOP_914_1_fu_39_v551_reg_504_reg       3.9900     0.0      0.0000       3.9900 0.0000 SNPS_CLOCK_GATE_HIGH_tinytpu_isa_spm_0_6
spm_0_U0/clk_gate_grp_spm_0_Pipeline_VITIS_LOOP_914_1_fu_39_v556_reg_489_pp0_iter4_reg_reg       3.9900     0.0      0.0000       3.9900 0.0000 SNPS_CLOCK_GATE_HIGH_tinytpu_isa_spm_0_5
spm_0_U0/clk_gate_v487_reg_61_reg       3.9900      0.0       0.0000        3.9900  0.0000  SNPS_CLOCK_GATE_HIGH_tinytpu_isa_spm_0_0
start_for_accu_0_U0_U_clk_gate_mOutPtr_reg       3.9900     0.0      0.0000       3.9900 0.0000 SNPS_CLOCK_GATE_HIGH_tinytpu_isa_start_for_accu_0_U0
start_for_dma_st_0_1_U0_U_clk_gate_mOutPtr_reg       3.9900     0.0      0.0000       3.9900 0.0000 SNPS_CLOCK_GATE_HIGH_tinytpu_isa_start_for_dma_st_0_1_U0
start_for_spm_0_U0_U_clk_gate_mOutPtr_reg       3.9900     0.0      0.0000       3.9900 0.0000 SNPS_CLOCK_GATE_HIGH_tinytpu_isa_start_for_spm_0_U0
start_for_vru_0_U0_U_clk_gate_mOutPtr_reg       3.9900     0.0      0.0000       3.9900 0.0000 SNPS_CLOCK_GATE_HIGH_tinytpu_isa_start_for_vru_0_U0
v2180_c_U_clk_gate_U_tinytpu_isa_fifo_w64_d14_S_ShiftReg_SRL_SIG_reg_13_       3.9900     0.0      0.0000       3.9900 0.0000 SNPS_CLOCK_GATE_HIGH_tinytpu_isa_fifo_w64_d14_S_1
v2180_c_U_clk_gate_mOutPtr_reg          3.9900      0.0       0.0000        3.9900  0.0000  SNPS_CLOCK_GATE_HIGH_tinytpu_isa_fifo_w64_d14_S_0
v2181_U_clk_gate_U_tinytpu_isa_fifo_w64_d8_S_ShiftReg_SRL_SIG_reg_7_       3.9900     0.0      0.0000       3.9900 0.0000 SNPS_CLOCK_GATE_HIGH_tinytpu_isa_fifo_w64_d8_S_4_1
v2181_U_clk_gate_mOutPtr_reg            3.9900      0.0       0.0000        3.9900  0.0000  SNPS_CLOCK_GATE_HIGH_tinytpu_isa_fifo_w64_d8_S_4_0
v2182_U_clk_gate_U_tinytpu_isa_fifo_w64_d8_S_ShiftReg_SRL_SIG_reg_7_       3.9900     0.0      0.0000       3.9900 0.0000 SNPS_CLOCK_GATE_HIGH_tinytpu_isa_fifo_w64_d8_S_3_1
v2182_U_clk_gate_mOutPtr_reg            3.9900      0.0       0.0000        3.9900  0.0000  SNPS_CLOCK_GATE_HIGH_tinytpu_isa_fifo_w64_d8_S_3_0
v2183_U_clk_gate_U_tinytpu_isa_fifo_w64_d8_S_ShiftReg_SRL_SIG_reg_7_       3.9900     0.0      0.0000       3.9900 0.0000 SNPS_CLOCK_GATE_HIGH_tinytpu_isa_fifo_w64_d8_S_2_1
v2183_U_clk_gate_mOutPtr_reg            3.9900      0.0       0.0000        3.9900  0.0000  SNPS_CLOCK_GATE_HIGH_tinytpu_isa_fifo_w64_d8_S_2_0
v2184_U_clk_gate_U_tinytpu_isa_fifo_w64_d8_S_ShiftReg_SRL_SIG_reg_7_       3.9900     0.0      0.0000       3.9900 0.0000 SNPS_CLOCK_GATE_HIGH_tinytpu_isa_fifo_w64_d8_S_1_1
v2184_U_clk_gate_mOutPtr_reg            3.9900      0.0       0.0000        3.9900  0.0000  SNPS_CLOCK_GATE_HIGH_tinytpu_isa_fifo_w64_d8_S_1_0
v2185_U_clk_gate_U_tinytpu_isa_fifo_w64_d8_S_ShiftReg_SRL_SIG_reg_7_       3.9900     0.0      0.0000       3.9900 0.0000 SNPS_CLOCK_GATE_HIGH_tinytpu_isa_fifo_w64_d8_S_0_1
v2185_U_clk_gate_mOutPtr_reg            3.9900      0.0       0.0000        3.9900  0.0000  SNPS_CLOCK_GATE_HIGH_tinytpu_isa_fifo_w64_d8_S_0_0
v2186_U_clk_gate_U_tinytpu_isa_fifo_w32_d8_S_ShiftReg_SRL_SIG_reg_7_       3.9900     0.0      0.0000       3.9900 0.0000 SNPS_CLOCK_GATE_HIGH_tinytpu_isa_fifo_w32_d8_S_0_56
v2186_U_clk_gate_mOutPtr_reg            3.9900      0.0       0.0000        3.9900  0.0000  SNPS_CLOCK_GATE_HIGH_tinytpu_isa_fifo_w32_d8_S_0_57
v2187_U_clk_gate_U_tinytpu_isa_fifo_w32_d8_S_ShiftReg_SRL_SIG_reg_7_       3.9900     0.0      0.0000       3.9900 0.0000 SNPS_CLOCK_GATE_HIGH_tinytpu_isa_fifo_w32_d8_S_0_58
v2187_U_clk_gate_mOutPtr_reg            3.9900      0.0       0.0000        3.9900  0.0000  SNPS_CLOCK_GATE_HIGH_tinytpu_isa_fifo_w32_d8_S_0_59
v2188_U_clk_gate_U_tinytpu_isa_fifo_w32_d8_S_ShiftReg_SRL_SIG_reg_7_       3.9900     0.0      0.0000       3.9900 0.0000 SNPS_CLOCK_GATE_HIGH_tinytpu_isa_fifo_w32_d8_S_22_8
v2188_U_clk_gate_mOutPtr_reg            3.9900      0.0       0.0000        3.9900  0.0000  SNPS_CLOCK_GATE_HIGH_tinytpu_isa_fifo_w32_d8_S_22_9
v2189_U_clk_gate_U_tinytpu_isa_fifo_w32_d8_S_ShiftReg_SRL_SIG_reg_7_       3.9900     0.0      0.0000       3.9900 0.0000 SNPS_CLOCK_GATE_HIGH_tinytpu_isa_fifo_w32_d8_S_0_1
v2189_U_clk_gate_mOutPtr_reg            3.9900      0.0       0.0000        3.9900  0.0000  SNPS_CLOCK_GATE_HIGH_tinytpu_isa_fifo_w32_d8_S_0_0
v2190_U_clk_gate_U_tinytpu_isa_fifo_w32_d8_S_ShiftReg_SRL_SIG_reg_7_       3.9900     0.0      0.0000       3.9900 0.0000 SNPS_CLOCK_GATE_HIGH_tinytpu_isa_fifo_w32_d8_S_0_54
v2190_U_clk_gate_mOutPtr_reg            3.9900      0.0       0.0000        3.9900  0.0000  SNPS_CLOCK_GATE_HIGH_tinytpu_isa_fifo_w32_d8_S_0_55
v2191_U_clk_gate_U_tinytpu_isa_fifo_w32_d8_S_ShiftReg_SRL_SIG_reg_7_       3.9900     0.0      0.0000       3.9900 0.0000 SNPS_CLOCK_GATE_HIGH_tinytpu_isa_fifo_w32_d8_S_22_4
v2191_U_clk_gate_mOutPtr_reg            3.9900      0.0       0.0000        3.9900  0.0000  SNPS_CLOCK_GATE_HIGH_tinytpu_isa_fifo_w32_d8_S_22_5
v2192_U_clk_gate_U_tinytpu_isa_fifo_w32_d8_S_ShiftReg_SRL_SIG_reg_7_       3.9900     0.0      0.0000       3.9900 0.0000 SNPS_CLOCK_GATE_HIGH_tinytpu_isa_fifo_w32_d8_S_22_2
v2192_U_clk_gate_mOutPtr_reg            3.9900      0.0       0.0000        3.9900  0.0000  SNPS_CLOCK_GATE_HIGH_tinytpu_isa_fifo_w32_d8_S_22_3
v2193_U_clk_gate_mOutPtr_reg            3.9900      0.0       0.0000        3.9900  0.0000  SNPS_CLOCK_GATE_HIGH_tinytpu_isa_fifo_w32_d8_S_22_0
v2194_U_clk_gate_U_tinytpu_isa_fifo_w32_d8_S_ShiftReg_SRL_SIG_reg_7_       3.9900     0.0      0.0000       3.9900 0.0000 SNPS_CLOCK_GATE_HIGH_tinytpu_isa_fifo_w32_d8_S_0_52
v2194_U_clk_gate_mOutPtr_reg            3.9900      0.0       0.0000        3.9900  0.0000  SNPS_CLOCK_GATE_HIGH_tinytpu_isa_fifo_w32_d8_S_0_53
v2195_U_clk_gate_U_tinytpu_isa_fifo_w32_d8_S_ShiftReg_SRL_SIG_reg_7_       3.9900     0.0      0.0000       3.9900 0.0000 SNPS_CLOCK_GATE_HIGH_tinytpu_isa_fifo_w32_d8_S_0_50
v2195_U_clk_gate_mOutPtr_reg            3.9900      0.0       0.0000        3.9900  0.0000  SNPS_CLOCK_GATE_HIGH_tinytpu_isa_fifo_w32_d8_S_0_51
v2196_U_clk_gate_U_tinytpu_isa_fifo_w32_d8_S_ShiftReg_SRL_SIG_reg_7_       3.9900     0.0      0.0000       3.9900 0.0000 SNPS_CLOCK_GATE_HIGH_tinytpu_isa_fifo_w32_d8_S_0_48
v2196_U_clk_gate_mOutPtr_reg            3.9900      0.0       0.0000        3.9900  0.0000  SNPS_CLOCK_GATE_HIGH_tinytpu_isa_fifo_w32_d8_S_0_49
v2198_U_clk_gate_U_tinytpu_isa_fifo_w32_d8_S_ShiftReg_SRL_SIG_reg_7_       3.9900     0.0      0.0000       3.9900 0.0000 SNPS_CLOCK_GATE_HIGH_tinytpu_isa_fifo_w32_d8_S_0_46
v2198_U_clk_gate_mOutPtr_reg            3.9900      0.0       0.0000        3.9900  0.0000  SNPS_CLOCK_GATE_HIGH_tinytpu_isa_fifo_w32_d8_S_0_47
v2199_U_clk_gate_U_tinytpu_isa_fifo_w32_d8_S_ShiftReg_SRL_SIG_reg_7_       3.9900     0.0      0.0000       3.9900 0.0000 SNPS_CLOCK_GATE_HIGH_tinytpu_isa_fifo_w32_d8_S_0_44
v2199_U_clk_gate_mOutPtr_reg            3.9900      0.0       0.0000        3.9900  0.0000  SNPS_CLOCK_GATE_HIGH_tinytpu_isa_fifo_w32_d8_S_0_45
v2200_U_clk_gate_U_tinytpu_isa_fifo_w32_d8_S_ShiftReg_SRL_SIG_reg_7_       3.9900     0.0      0.0000       3.9900 0.0000 SNPS_CLOCK_GATE_HIGH_tinytpu_isa_fifo_w32_d8_S_0_42
v2200_U_clk_gate_mOutPtr_reg            3.9900      0.0       0.0000        3.9900  0.0000  SNPS_CLOCK_GATE_HIGH_tinytpu_isa_fifo_w32_d8_S_0_43
v2202_U_clk_gate_U_tinytpu_isa_fifo_w32_d8_S_ShiftReg_SRL_SIG_reg_7_       3.9900     0.0      0.0000       3.9900 0.0000 SNPS_CLOCK_GATE_HIGH_tinytpu_isa_fifo_w32_d8_S_0_40
v2202_U_clk_gate_mOutPtr_reg            3.9900      0.0       0.0000        3.9900  0.0000  SNPS_CLOCK_GATE_HIGH_tinytpu_isa_fifo_w32_d8_S_0_41
v2203_U_clk_gate_U_tinytpu_isa_fifo_w32_d8_S_ShiftReg_SRL_SIG_reg_7_       3.9900     0.0      0.0000       3.9900 0.0000 SNPS_CLOCK_GATE_HIGH_tinytpu_isa_fifo_w32_d8_S_0_38
v2203_U_clk_gate_mOutPtr_reg            3.9900      0.0       0.0000        3.9900  0.0000  SNPS_CLOCK_GATE_HIGH_tinytpu_isa_fifo_w32_d8_S_0_39
v2204_U_clk_gate_U_tinytpu_isa_fifo_w32_d8_S_ShiftReg_SRL_SIG_reg_7_       3.9900     0.0      0.0000       3.9900 0.0000 SNPS_CLOCK_GATE_HIGH_tinytpu_isa_fifo_w32_d8_S_0_36
v2204_U_clk_gate_mOutPtr_reg            3.9900      0.0       0.0000        3.9900  0.0000  SNPS_CLOCK_GATE_HIGH_tinytpu_isa_fifo_w32_d8_S_0_37
v2206_U_clk_gate_U_tinytpu_isa_fifo_w32_d8_S_ShiftReg_SRL_SIG_reg_7_       3.9900     0.0      0.0000       3.9900 0.0000 SNPS_CLOCK_GATE_HIGH_tinytpu_isa_fifo_w32_d8_S_0_34
v2206_U_clk_gate_mOutPtr_reg            3.9900      0.0       0.0000        3.9900  0.0000  SNPS_CLOCK_GATE_HIGH_tinytpu_isa_fifo_w32_d8_S_0_35
v2207_U_clk_gate_U_tinytpu_isa_fifo_w32_d8_S_ShiftReg_SRL_SIG_reg_7_       3.9900     0.0      0.0000       3.9900 0.0000 SNPS_CLOCK_GATE_HIGH_tinytpu_isa_fifo_w32_d8_S_0_32
v2207_U_clk_gate_mOutPtr_reg            3.9900      0.0       0.0000        3.9900  0.0000  SNPS_CLOCK_GATE_HIGH_tinytpu_isa_fifo_w32_d8_S_0_33
v2208_U_clk_gate_U_tinytpu_isa_fifo_w32_d8_S_ShiftReg_SRL_SIG_reg_7_       3.9900     0.0      0.0000       3.9900 0.0000 SNPS_CLOCK_GATE_HIGH_tinytpu_isa_fifo_w32_d8_S_0_30
v2208_U_clk_gate_mOutPtr_reg            3.9900      0.0       0.0000        3.9900  0.0000  SNPS_CLOCK_GATE_HIGH_tinytpu_isa_fifo_w32_d8_S_0_31
v2210_U_clk_gate_U_tinytpu_isa_fifo_w32_d8_S_ShiftReg_SRL_SIG_reg_7_       3.9900     0.0      0.0000       3.9900 0.0000 SNPS_CLOCK_GATE_HIGH_tinytpu_isa_fifo_w32_d8_S_22_6
v2210_U_clk_gate_mOutPtr_reg            3.9900      0.0       0.0000        3.9900  0.0000  SNPS_CLOCK_GATE_HIGH_tinytpu_isa_fifo_w32_d8_S_22_7
v2211_U_clk_gate_mOutPtr_reg            3.9900      0.0       0.0000        3.9900  0.0000  SNPS_CLOCK_GATE_HIGH_tinytpu_isa_fifo_w32_d8_S_0_29
v2212_U_clk_gate_mOutPtr_reg            3.9900      0.0       0.0000        3.9900  0.0000  SNPS_CLOCK_GATE_HIGH_tinytpu_isa_fifo_w32_d8_S_0_19
v2213_U_clk_gate_mOutPtr_reg            3.9900      0.0       0.0000        3.9900  0.0000  SNPS_CLOCK_GATE_HIGH_tinytpu_isa_fifo_w32_d8_S_5_0
v2214_U_clk_gate_mOutPtr_reg            3.9900      0.0       0.0000        3.9900  0.0000  SNPS_CLOCK_GATE_HIGH_tinytpu_isa_fifo_w8_d8_S_0_21
v2215_U_clk_gate_mOutPtr_reg            3.9900      0.0       0.0000        3.9900  0.0000  SNPS_CLOCK_GATE_HIGH_tinytpu_isa_fifo_w8_d8_S_0_19
v2216_U_clk_gate_mOutPtr_reg            3.9900      0.0       0.0000        3.9900  0.0000  SNPS_CLOCK_GATE_HIGH_tinytpu_isa_fifo_w8_d8_S_0_17
v2218_U_clk_gate_mOutPtr_reg            3.9900      0.0       0.0000        3.9900  0.0000  SNPS_CLOCK_GATE_HIGH_tinytpu_isa_fifo_w8_d8_S_0_15
v2219_U_clk_gate_mOutPtr_reg            3.9900      0.0       0.0000        3.9900  0.0000  SNPS_CLOCK_GATE_HIGH_tinytpu_isa_fifo_w8_d8_S_0_13
v2220_U_clk_gate_mOutPtr_reg            3.9900      0.0       0.0000        3.9900  0.0000  SNPS_CLOCK_GATE_HIGH_tinytpu_isa_fifo_w8_d8_S_0_11
v2222_U_clk_gate_mOutPtr_reg            3.9900      0.0       0.0000        3.9900  0.0000  SNPS_CLOCK_GATE_HIGH_tinytpu_isa_fifo_w8_d8_S_0_9
v2223_U_clk_gate_mOutPtr_reg            3.9900      0.0       0.0000        3.9900  0.0000  SNPS_CLOCK_GATE_HIGH_tinytpu_isa_fifo_w8_d8_S_0_7
v2224_U_clk_gate_mOutPtr_reg            3.9900      0.0       0.0000        3.9900  0.0000  SNPS_CLOCK_GATE_HIGH_tinytpu_isa_fifo_w8_d8_S_0_5
v2226_U_clk_gate_mOutPtr_reg            3.9900      0.0       0.0000        3.9900  0.0000  SNPS_CLOCK_GATE_HIGH_tinytpu_isa_fifo_w8_d8_S_0_3
v2227_U_clk_gate_mOutPtr_reg            3.9900      0.0       0.0000        3.9900  0.0000  SNPS_CLOCK_GATE_HIGH_tinytpu_isa_fifo_w8_d8_S_0_1
v2228_U_clk_gate_mOutPtr_reg            3.9900      0.0       0.0000        3.9900  0.0000  SNPS_CLOCK_GATE_HIGH_tinytpu_isa_fifo_w8_d8_S_0_0
v2230_U_clk_gate_U_tinytpu_isa_fifo_w32_d8_S_ShiftReg_SRL_SIG_reg_7_       3.9900     0.0      0.0000       3.9900 0.0000 SNPS_CLOCK_GATE_HIGH_tinytpu_isa_fifo_w32_d8_S_0_26
v2230_U_clk_gate_mOutPtr_reg            3.9900      0.0       0.0000        3.9900  0.0000  SNPS_CLOCK_GATE_HIGH_tinytpu_isa_fifo_w32_d8_S_0_27
v2231_U_clk_gate_U_tinytpu_isa_fifo_w32_d8_S_ShiftReg_SRL_SIG_reg_7_       3.9900     0.0      0.0000       3.9900 0.0000 SNPS_CLOCK_GATE_HIGH_tinytpu_isa_fifo_w32_d8_S_0_24
v2231_U_clk_gate_mOutPtr_reg            3.9900      0.0       0.0000        3.9900  0.0000  SNPS_CLOCK_GATE_HIGH_tinytpu_isa_fifo_w32_d8_S_0_25
v2232_U_clk_gate_U_tinytpu_isa_fifo_w32_d8_S_ShiftReg_SRL_SIG_reg_7_       3.9900     0.0      0.0000       3.9900 0.0000 SNPS_CLOCK_GATE_HIGH_tinytpu_isa_fifo_w32_d8_S_0_22
v2232_U_clk_gate_mOutPtr_reg            3.9900      0.0       0.0000        3.9900  0.0000  SNPS_CLOCK_GATE_HIGH_tinytpu_isa_fifo_w32_d8_S_0_23
v2233_U_clk_gate_U_tinytpu_isa_fifo_w32_d8_S_ShiftReg_SRL_SIG_reg_7_       3.9900     0.0      0.0000       3.9900 0.0000 SNPS_CLOCK_GATE_HIGH_tinytpu_isa_fifo_w32_d8_S_0_20
v2233_U_clk_gate_mOutPtr_reg            3.9900      0.0       0.0000        3.9900  0.0000  SNPS_CLOCK_GATE_HIGH_tinytpu_isa_fifo_w32_d8_S_0_21
v2234_U_clk_gate_U_tinytpu_isa_fifo_w32_d8_S_ShiftReg_SRL_SIG_reg_7_       3.9900     0.0      0.0000       3.9900 0.0000 SNPS_CLOCK_GATE_HIGH_tinytpu_isa_fifo_w32_d8_S_0_16
v2234_U_clk_gate_mOutPtr_reg            3.9900      0.0       0.0000        3.9900  0.0000  SNPS_CLOCK_GATE_HIGH_tinytpu_isa_fifo_w32_d8_S_0_17
v2235_U_clk_gate_U_tinytpu_isa_fifo_w32_d8_S_ShiftReg_SRL_SIG_reg_7_       3.9900     0.0      0.0000       3.9900 0.0000 SNPS_CLOCK_GATE_HIGH_tinytpu_isa_fifo_w32_d8_S_0_14
v2235_U_clk_gate_mOutPtr_reg            3.9900      0.0       0.0000        3.9900  0.0000  SNPS_CLOCK_GATE_HIGH_tinytpu_isa_fifo_w32_d8_S_0_15
v2236_U_clk_gate_U_tinytpu_isa_fifo_w32_d8_S_ShiftReg_SRL_SIG_reg_7_       3.9900     0.0      0.0000       3.9900 0.0000 SNPS_CLOCK_GATE_HIGH_tinytpu_isa_fifo_w32_d8_S_0_12
v2236_U_clk_gate_mOutPtr_reg            3.9900      0.0       0.0000        3.9900  0.0000  SNPS_CLOCK_GATE_HIGH_tinytpu_isa_fifo_w32_d8_S_0_13
v2237_U_clk_gate_U_tinytpu_isa_fifo_w32_d8_S_ShiftReg_SRL_SIG_reg_7_       3.9900     0.0      0.0000       3.9900 0.0000 SNPS_CLOCK_GATE_HIGH_tinytpu_isa_fifo_w32_d8_S_0_10
v2237_U_clk_gate_mOutPtr_reg            3.9900      0.0       0.0000        3.9900  0.0000  SNPS_CLOCK_GATE_HIGH_tinytpu_isa_fifo_w32_d8_S_0_11
v2238_U_clk_gate_U_tinytpu_isa_fifo_w32_d8_S_ShiftReg_SRL_SIG_reg_7_       3.9900     0.0      0.0000       3.9900 0.0000 SNPS_CLOCK_GATE_HIGH_tinytpu_isa_fifo_w32_d8_S_0_8
v2238_U_clk_gate_mOutPtr_reg            3.9900      0.0       0.0000        3.9900  0.0000  SNPS_CLOCK_GATE_HIGH_tinytpu_isa_fifo_w32_d8_S_0_9
v2239_U_clk_gate_U_tinytpu_isa_fifo_w32_d8_S_ShiftReg_SRL_SIG_reg_7_       3.9900     0.0      0.0000       3.9900 0.0000 SNPS_CLOCK_GATE_HIGH_tinytpu_isa_fifo_w32_d8_S_0_6
v2239_U_clk_gate_mOutPtr_reg            3.9900      0.0       0.0000        3.9900  0.0000  SNPS_CLOCK_GATE_HIGH_tinytpu_isa_fifo_w32_d8_S_0_7
v2240_U_clk_gate_U_tinytpu_isa_fifo_w32_d8_S_ShiftReg_SRL_SIG_reg_7_       3.9900     0.0      0.0000       3.9900 0.0000 SNPS_CLOCK_GATE_HIGH_tinytpu_isa_fifo_w32_d8_S_0_4
v2240_U_clk_gate_mOutPtr_reg            3.9900      0.0       0.0000        3.9900  0.0000  SNPS_CLOCK_GATE_HIGH_tinytpu_isa_fifo_w32_d8_S_0_5
v2241_U_clk_gate_U_tinytpu_isa_fifo_w32_d8_S_ShiftReg_SRL_SIG_reg_7_       3.9900     0.0      0.0000       3.9900 0.0000 SNPS_CLOCK_GATE_HIGH_tinytpu_isa_fifo_w32_d8_S_0_2
v2241_U_clk_gate_mOutPtr_reg            3.9900      0.0       0.0000        3.9900  0.0000  SNPS_CLOCK_GATE_HIGH_tinytpu_isa_fifo_w32_d8_S_0_3
v2246_U_clk_gate_U_tinytpu_isa_fifo_w128_d8_S_ShiftReg_SRL_SIG_reg_7_       3.9900     0.0      0.0000       3.9900 0.0000 SNPS_CLOCK_GATE_HIGH_tinytpu_isa_fifo_w128_d8_S_3_1
v2246_U_clk_gate_mOutPtr_reg            3.9900      0.0       0.0000        3.9900  0.0000  SNPS_CLOCK_GATE_HIGH_tinytpu_isa_fifo_w128_d8_S_3_0
v2247_U_clk_gate_U_tinytpu_isa_fifo_w128_d8_S_ShiftReg_SRL_SIG_reg_7_       3.9900     0.0      0.0000       3.9900 0.0000 SNPS_CLOCK_GATE_HIGH_tinytpu_isa_fifo_w128_d8_S_2_1
v2247_U_clk_gate_mOutPtr_reg            3.9900      0.0       0.0000        3.9900  0.0000  SNPS_CLOCK_GATE_HIGH_tinytpu_isa_fifo_w128_d8_S_2_0
v2248_U_clk_gate_U_tinytpu_isa_fifo_w128_d8_S_ShiftReg_SRL_SIG_reg_7_       3.9900     0.0      0.0000       3.9900 0.0000 SNPS_CLOCK_GATE_HIGH_tinytpu_isa_fifo_w128_d8_S_1_1
v2248_U_clk_gate_mOutPtr_reg            3.9900      0.0       0.0000        3.9900  0.0000  SNPS_CLOCK_GATE_HIGH_tinytpu_isa_fifo_w128_d8_S_1_0
v2249_U_clk_gate_U_tinytpu_isa_fifo_w128_d8_S_ShiftReg_SRL_SIG_reg_7_       3.9900     0.0      0.0000       3.9900 0.0000 SNPS_CLOCK_GATE_HIGH_tinytpu_isa_fifo_w128_d8_S_0_1
v2249_U_clk_gate_mOutPtr_reg            3.9900      0.0       0.0000        3.9900  0.0000  SNPS_CLOCK_GATE_HIGH_tinytpu_isa_fifo_w128_d8_S_0_0
v2250_U_clk_gate_U_tinytpu_isa_fifo_w32_d4_S_ShiftReg_SRL_SIG_reg_3_       3.9900     0.0      0.0000       3.9900 0.0000 SNPS_CLOCK_GATE_HIGH_tinytpu_isa_fifo_w32_d4_S_0_30
v2250_U_clk_gate_mOutPtr_reg            3.9900      0.0       0.0000        3.9900  0.0000  SNPS_CLOCK_GATE_HIGH_tinytpu_isa_fifo_w32_d4_S_0_29
v2251_U_clk_gate_U_tinytpu_isa_fifo_w32_d4_S_ShiftReg_SRL_SIG_reg_3_       3.9900     0.0      0.0000       3.9900 0.0000 SNPS_CLOCK_GATE_HIGH_tinytpu_isa_fifo_w32_d4_S_0_28
v2251_U_clk_gate_mOutPtr_reg            3.9900      0.0       0.0000        3.9900  0.0000  SNPS_CLOCK_GATE_HIGH_tinytpu_isa_fifo_w32_d4_S_0_27
v2252_U_clk_gate_U_tinytpu_isa_fifo_w32_d4_S_ShiftReg_SRL_SIG_reg_3_       3.9900     0.0      0.0000       3.9900 0.0000 SNPS_CLOCK_GATE_HIGH_tinytpu_isa_fifo_w32_d4_S_0_26
v2252_U_clk_gate_mOutPtr_reg            3.9900      0.0       0.0000        3.9900  0.0000  SNPS_CLOCK_GATE_HIGH_tinytpu_isa_fifo_w32_d4_S_0_25
v2253_U_clk_gate_U_tinytpu_isa_fifo_w32_d4_S_ShiftReg_SRL_SIG_reg_3_       3.9900     0.0      0.0000       3.9900 0.0000 SNPS_CLOCK_GATE_HIGH_tinytpu_isa_fifo_w32_d4_S_0_24
v2253_U_clk_gate_mOutPtr_reg            3.9900      0.0       0.0000        3.9900  0.0000  SNPS_CLOCK_GATE_HIGH_tinytpu_isa_fifo_w32_d4_S_0_23
v2254_U_clk_gate_U_tinytpu_isa_fifo_w32_d4_S_ShiftReg_SRL_SIG_reg_3_       3.9900     0.0      0.0000       3.9900 0.0000 SNPS_CLOCK_GATE_HIGH_tinytpu_isa_fifo_w32_d4_S_0_22
v2254_U_clk_gate_mOutPtr_reg            3.9900      0.0       0.0000        3.9900  0.0000  SNPS_CLOCK_GATE_HIGH_tinytpu_isa_fifo_w32_d4_S_0_21
v2255_U_clk_gate_U_tinytpu_isa_fifo_w32_d4_S_ShiftReg_SRL_SIG_reg_3_       3.9900     0.0      0.0000       3.9900 0.0000 SNPS_CLOCK_GATE_HIGH_tinytpu_isa_fifo_w32_d4_S_0_20
v2255_U_clk_gate_mOutPtr_reg            3.9900      0.0       0.0000        3.9900  0.0000  SNPS_CLOCK_GATE_HIGH_tinytpu_isa_fifo_w32_d4_S_0_19
v2256_U_clk_gate_U_tinytpu_isa_fifo_w32_d4_S_ShiftReg_SRL_SIG_reg_3_       3.9900     0.0      0.0000       3.9900 0.0000 SNPS_CLOCK_GATE_HIGH_tinytpu_isa_fifo_w32_d4_S_0_18
v2256_U_clk_gate_mOutPtr_reg            3.9900      0.0       0.0000        3.9900  0.0000  SNPS_CLOCK_GATE_HIGH_tinytpu_isa_fifo_w32_d4_S_0_17
v2257_U_clk_gate_U_tinytpu_isa_fifo_w32_d4_S_ShiftReg_SRL_SIG_reg_3_       3.9900     0.0      0.0000       3.9900 0.0000 SNPS_CLOCK_GATE_HIGH_tinytpu_isa_fifo_w32_d4_S_0_16
v2257_U_clk_gate_mOutPtr_reg            3.9900      0.0       0.0000        3.9900  0.0000  SNPS_CLOCK_GATE_HIGH_tinytpu_isa_fifo_w32_d4_S_0_15
v2258_U_clk_gate_U_tinytpu_isa_fifo_w32_d4_S_ShiftReg_SRL_SIG_reg_3_       3.9900     0.0      0.0000       3.9900 0.0000 SNPS_CLOCK_GATE_HIGH_tinytpu_isa_fifo_w32_d4_S_0_14
v2258_U_clk_gate_mOutPtr_reg            3.9900      0.0       0.0000        3.9900  0.0000  SNPS_CLOCK_GATE_HIGH_tinytpu_isa_fifo_w32_d4_S_0_13
v2259_U_clk_gate_U_tinytpu_isa_fifo_w32_d4_S_ShiftReg_SRL_SIG_reg_3_       3.9900     0.0      0.0000       3.9900 0.0000 SNPS_CLOCK_GATE_HIGH_tinytpu_isa_fifo_w32_d4_S_0_12
v2259_U_clk_gate_mOutPtr_reg            3.9900      0.0       0.0000        3.9900  0.0000  SNPS_CLOCK_GATE_HIGH_tinytpu_isa_fifo_w32_d4_S_0_11
v2260_U_clk_gate_U_tinytpu_isa_fifo_w32_d4_S_ShiftReg_SRL_SIG_reg_3_       3.9900     0.0      0.0000       3.9900 0.0000 SNPS_CLOCK_GATE_HIGH_tinytpu_isa_fifo_w32_d4_S_0_10
v2260_U_clk_gate_mOutPtr_reg            3.9900      0.0       0.0000        3.9900  0.0000  SNPS_CLOCK_GATE_HIGH_tinytpu_isa_fifo_w32_d4_S_0_9
v2261_U_clk_gate_U_tinytpu_isa_fifo_w32_d4_S_ShiftReg_SRL_SIG_reg_3_       3.9900     0.0      0.0000       3.9900 0.0000 SNPS_CLOCK_GATE_HIGH_tinytpu_isa_fifo_w32_d4_S_0_8
v2261_U_clk_gate_mOutPtr_reg            3.9900      0.0       0.0000        3.9900  0.0000  SNPS_CLOCK_GATE_HIGH_tinytpu_isa_fifo_w32_d4_S_0_7
v2262_U_clk_gate_U_tinytpu_isa_fifo_w32_d4_S_ShiftReg_SRL_SIG_reg_3_       3.9900     0.0      0.0000       3.9900 0.0000 SNPS_CLOCK_GATE_HIGH_tinytpu_isa_fifo_w32_d4_S_0_6
v2262_U_clk_gate_mOutPtr_reg            3.9900      0.0       0.0000        3.9900  0.0000  SNPS_CLOCK_GATE_HIGH_tinytpu_isa_fifo_w32_d4_S_0_5
v2263_U_clk_gate_U_tinytpu_isa_fifo_w32_d4_S_ShiftReg_SRL_SIG_reg_3_       3.9900     0.0      0.0000       3.9900 0.0000 SNPS_CLOCK_GATE_HIGH_tinytpu_isa_fifo_w32_d4_S_0_4
v2263_U_clk_gate_mOutPtr_reg            3.9900      0.0       0.0000        3.9900  0.0000  SNPS_CLOCK_GATE_HIGH_tinytpu_isa_fifo_w32_d4_S_0_3
v2264_U_clk_gate_U_tinytpu_isa_fifo_w32_d4_S_ShiftReg_SRL_SIG_reg_3_       3.9900     0.0      0.0000       3.9900 0.0000 SNPS_CLOCK_GATE_HIGH_tinytpu_isa_fifo_w32_d4_S_0_2
v2264_U_clk_gate_mOutPtr_reg            3.9900      0.0       0.0000        3.9900  0.0000  SNPS_CLOCK_GATE_HIGH_tinytpu_isa_fifo_w32_d4_S_0_1
v2265_U_clk_gate_U_tinytpu_isa_fifo_w32_d4_S_ShiftReg_SRL_SIG_reg_3_       3.9900     0.0      0.0000       3.9900 0.0000 SNPS_CLOCK_GATE_HIGH_tinytpu_isa_fifo_w32_d4_S_0_31
v2265_U_clk_gate_mOutPtr_reg            3.9900      0.0       0.0000        3.9900  0.0000  SNPS_CLOCK_GATE_HIGH_tinytpu_isa_fifo_w32_d4_S_0_0
vru_0_U0_clk_gate_grp_vru_0_Pipeline_VITIS_LOOP_1058_1_fu_30_ap_enable_reg_pp0_iter6_reg       3.9900     0.0      0.0000       3.9900 0.0000 SNPS_CLOCK_GATE_HIGH_tinytpu_isa_vru_0_1
vru_0_U0_clk_gate_grp_vru_0_Pipeline_VITIS_LOOP_1058_1_fu_30_ap_phi_reg_pp0_iter4_wv1_reg_149_reg       3.9900     0.0      0.0000       3.9900 0.0000 SNPS_CLOCK_GATE_HIGH_tinytpu_isa_vru_0_10
vru_0_U0_clk_gate_grp_vru_0_Pipeline_VITIS_LOOP_1058_1_fu_30_v572_fu_70_reg       3.9900     0.0      0.0000       3.9900 0.0000 SNPS_CLOCK_GATE_HIGH_tinytpu_isa_vru_0_3
vru_0_U0_clk_gate_grp_vru_0_Pipeline_VITIS_LOOP_1058_1_fu_30_v577_fu_90_reg       3.9900     0.0      0.0000       3.9900 0.0000 SNPS_CLOCK_GATE_HIGH_tinytpu_isa_vru_0_4
vru_0_U0_clk_gate_grp_vru_0_Pipeline_VITIS_LOOP_1058_1_fu_30_v599_reg_432_pp0_iter4_reg_reg       3.9900     0.0      0.0000       3.9900 0.0000 SNPS_CLOCK_GATE_HIGH_tinytpu_isa_vru_0_6
vru_0_U0_clk_gate_grp_vru_0_Pipeline_VITIS_LOOP_1058_1_fu_30_v621_reg_159_reg       3.9900     0.0      0.0000       3.9900 0.0000 SNPS_CLOCK_GATE_HIGH_tinytpu_isa_vru_0_11
vru_0_U0_clk_gate_v567_reg_47_reg       3.9900      0.0       0.0000        3.9900  0.0000  SNPS_CLOCK_GATE_HIGH_tinytpu_isa_vru_0_0
wld_0_0_U0_clk_gate_grp_wld_0_0_Pipeline_VITIS_LOOP_1187_1_fu_61_icmp_ln1187_reg_143_reg       3.9900     0.0      0.0000       3.9900 0.0000 SNPS_CLOCK_GATE_HIGH_tinytpu_isa_wld_0_0_2
wld_0_0_U0_clk_gate_grp_wld_0_0_Pipeline_VITIS_LOOP_1187_1_fu_61_reg_86_reg       3.9900     0.0      0.0000       3.9900 0.0000 SNPS_CLOCK_GATE_HIGH_tinytpu_isa_wld_0_0_3
wld_0_0_U0_clk_gate_grp_wld_0_0_Pipeline_VITIS_LOOP_1187_1_fu_61_v640_fu_48_reg       3.9900     0.0      0.0000       3.9900 0.0000 SNPS_CLOCK_GATE_HIGH_tinytpu_isa_wld_0_0_1
wld_0_0_U0_clk_gate_grp_wld_0_0_Pipeline_VITIS_LOOP_1187_1_fu_61_v654_reg_152_reg       3.9900     0.0      0.0000       3.9900 0.0000 SNPS_CLOCK_GATE_HIGH_tinytpu_isa_wld_0_0_4
wld_0_0_U0_clk_gate_trunc_ln1167_reg_93_reg       3.9900     0.0      0.0000       3.9900 0.0000 SNPS_CLOCK_GATE_HIGH_tinytpu_isa_wld_0_0_0
wld_0_1_U0_clk_gate_grp_wld_0_1_Pipeline_VITIS_LOOP_1269_1_fu_51_icmp_ln1269_reg_140_reg       3.9900     0.0      0.0000       3.9900 0.0000 SNPS_CLOCK_GATE_HIGH_tinytpu_isa_wld_0_1_2
wld_0_1_U0_clk_gate_grp_wld_0_1_Pipeline_VITIS_LOOP_1269_1_fu_51_v673_fu_52_reg       3.9900     0.0      0.0000       3.9900 0.0000 SNPS_CLOCK_GATE_HIGH_tinytpu_isa_wld_0_1_3
wld_0_1_U0_clk_gate_grp_wld_0_1_Pipeline_VITIS_LOOP_1269_1_fu_51_v683_reg_149_reg       3.9900     0.0      0.0000       3.9900 0.0000 SNPS_CLOCK_GATE_HIGH_tinytpu_isa_wld_0_1_1
wld_0_1_U0_clk_gate_trunc_ln1249_reg_81_reg       3.9900     0.0      0.0000       3.9900 0.0000 SNPS_CLOCK_GATE_HIGH_tinytpu_isa_wld_0_1_0
wld_0_2_U0_clk_gate_grp_wld_0_2_Pipeline_VITIS_LOOP_1343_1_fu_51_icmp_ln1343_reg_140_reg       3.9900     0.0      0.0000       3.9900 0.0000 SNPS_CLOCK_GATE_HIGH_tinytpu_isa_wld_0_2_2
wld_0_2_U0_clk_gate_grp_wld_0_2_Pipeline_VITIS_LOOP_1343_1_fu_51_v702_fu_52_reg       3.9900     0.0      0.0000       3.9900 0.0000 SNPS_CLOCK_GATE_HIGH_tinytpu_isa_wld_0_2_3
wld_0_2_U0_clk_gate_grp_wld_0_2_Pipeline_VITIS_LOOP_1343_1_fu_51_v712_reg_149_reg       3.9900     0.0      0.0000       3.9900 0.0000 SNPS_CLOCK_GATE_HIGH_tinytpu_isa_wld_0_2_1
wld_0_2_U0_clk_gate_trunc_ln1323_reg_81_reg       3.9900     0.0      0.0000       3.9900 0.0000 SNPS_CLOCK_GATE_HIGH_tinytpu_isa_wld_0_2_0
wld_0_3_U0_clk_gate_grp_wld_0_3_Pipeline_VITIS_LOOP_1414_1_fu_41_icmp_ln1414_reg_130_reg       3.9900     0.0      0.0000       3.9900 0.0000 SNPS_CLOCK_GATE_HIGH_tinytpu_isa_wld_0_3_2
wld_0_3_U0_clk_gate_grp_wld_0_3_Pipeline_VITIS_LOOP_1414_1_fu_41_v729_fu_50_reg       3.9900     0.0      0.0000       3.9900 0.0000 SNPS_CLOCK_GATE_HIGH_tinytpu_isa_wld_0_3_3
wld_0_3_U0_clk_gate_grp_wld_0_3_Pipeline_VITIS_LOOP_1414_1_fu_41_v737_reg_139_reg       3.9900     0.0      0.0000       3.9900 0.0000 SNPS_CLOCK_GATE_HIGH_tinytpu_isa_wld_0_3_1
wld_0_3_U0_clk_gate_trunc_ln1394_reg_69_reg       3.9900     0.0      0.0000       3.9900 0.0000 SNPS_CLOCK_GATE_HIGH_tinytpu_isa_wld_0_3_0
wld_1_0_U0_clk_gate_grp_wld_1_0_Pipeline_VITIS_LOOP_1487_1_fu_61_icmp_ln1487_reg_143_reg       3.9900     0.0      0.0000       3.9900 0.0000 SNPS_CLOCK_GATE_HIGH_tinytpu_isa_wld_1_0_2
wld_1_0_U0_clk_gate_grp_wld_1_0_Pipeline_VITIS_LOOP_1487_1_fu_61_reg_86_reg       3.9900     0.0      0.0000       3.9900 0.0000 SNPS_CLOCK_GATE_HIGH_tinytpu_isa_wld_1_0_3
wld_1_0_U0_clk_gate_grp_wld_1_0_Pipeline_VITIS_LOOP_1487_1_fu_61_v758_fu_48_reg       3.9900     0.0      0.0000       3.9900 0.0000 SNPS_CLOCK_GATE_HIGH_tinytpu_isa_wld_1_0_1
wld_1_0_U0_clk_gate_grp_wld_1_0_Pipeline_VITIS_LOOP_1487_1_fu_61_v771_reg_152_reg       3.9900     0.0      0.0000       3.9900 0.0000 SNPS_CLOCK_GATE_HIGH_tinytpu_isa_wld_1_0_4
wld_1_0_U0_clk_gate_trunc_ln1467_reg_93_reg       3.9900     0.0      0.0000       3.9900 0.0000 SNPS_CLOCK_GATE_HIGH_tinytpu_isa_wld_1_0_0
wld_1_1_U0_clk_gate_grp_wld_1_1_Pipeline_VITIS_LOOP_1567_1_fu_51_icmp_ln1567_reg_140_reg       3.9900     0.0      0.0000       3.9900 0.0000 SNPS_CLOCK_GATE_HIGH_tinytpu_isa_wld_1_1_2
wld_1_1_U0_clk_gate_grp_wld_1_1_Pipeline_VITIS_LOOP_1567_1_fu_51_v790_fu_52_reg       3.9900     0.0      0.0000       3.9900 0.0000 SNPS_CLOCK_GATE_HIGH_tinytpu_isa_wld_1_1_3
wld_1_1_U0_clk_gate_grp_wld_1_1_Pipeline_VITIS_LOOP_1567_1_fu_51_v800_reg_149_reg       3.9900     0.0      0.0000       3.9900 0.0000 SNPS_CLOCK_GATE_HIGH_tinytpu_isa_wld_1_1_1
wld_1_1_U0_clk_gate_trunc_ln1547_reg_81_reg       3.9900     0.0      0.0000       3.9900 0.0000 SNPS_CLOCK_GATE_HIGH_tinytpu_isa_wld_1_1_0
wld_1_2_U0_clk_gate_grp_wld_1_2_Pipeline_VITIS_LOOP_1641_1_fu_51_icmp_ln1641_reg_140_reg       3.9900     0.0      0.0000       3.9900 0.0000 SNPS_CLOCK_GATE_HIGH_tinytpu_isa_wld_1_2_2
wld_1_2_U0_clk_gate_grp_wld_1_2_Pipeline_VITIS_LOOP_1641_1_fu_51_v819_fu_52_reg       3.9900     0.0      0.0000       3.9900 0.0000 SNPS_CLOCK_GATE_HIGH_tinytpu_isa_wld_1_2_3
wld_1_2_U0_clk_gate_grp_wld_1_2_Pipeline_VITIS_LOOP_1641_1_fu_51_v829_reg_149_reg       3.9900     0.0      0.0000       3.9900 0.0000 SNPS_CLOCK_GATE_HIGH_tinytpu_isa_wld_1_2_1
wld_1_2_U0_clk_gate_trunc_ln1621_reg_81_reg       3.9900     0.0      0.0000       3.9900 0.0000 SNPS_CLOCK_GATE_HIGH_tinytpu_isa_wld_1_2_0
wld_1_3_U0_clk_gate_grp_wld_1_3_Pipeline_VITIS_LOOP_1712_1_fu_41_icmp_ln1712_reg_130_reg       3.9900     0.0      0.0000       3.9900 0.0000 SNPS_CLOCK_GATE_HIGH_tinytpu_isa_wld_1_3_2
wld_1_3_U0_clk_gate_grp_wld_1_3_Pipeline_VITIS_LOOP_1712_1_fu_41_v846_fu_50_reg       3.9900     0.0      0.0000       3.9900 0.0000 SNPS_CLOCK_GATE_HIGH_tinytpu_isa_wld_1_3_3
wld_1_3_U0_clk_gate_grp_wld_1_3_Pipeline_VITIS_LOOP_1712_1_fu_41_v854_reg_139_reg       3.9900     0.0      0.0000       3.9900 0.0000 SNPS_CLOCK_GATE_HIGH_tinytpu_isa_wld_1_3_1
wld_1_3_U0_clk_gate_trunc_ln1692_reg_69_reg       3.9900     0.0      0.0000       3.9900 0.0000 SNPS_CLOCK_GATE_HIGH_tinytpu_isa_wld_1_3_0
wld_2_0_U0_clk_gate_grp_wld_2_0_Pipeline_VITIS_LOOP_1785_1_fu_61_icmp_ln1785_reg_143_reg       3.9900     0.0      0.0000       3.9900 0.0000 SNPS_CLOCK_GATE_HIGH_tinytpu_isa_wld_2_0_2
wld_2_0_U0_clk_gate_grp_wld_2_0_Pipeline_VITIS_LOOP_1785_1_fu_61_reg_86_reg       3.9900     0.0      0.0000       3.9900 0.0000 SNPS_CLOCK_GATE_HIGH_tinytpu_isa_wld_2_0_3
wld_2_0_U0_clk_gate_grp_wld_2_0_Pipeline_VITIS_LOOP_1785_1_fu_61_v875_fu_48_reg       3.9900     0.0      0.0000       3.9900 0.0000 SNPS_CLOCK_GATE_HIGH_tinytpu_isa_wld_2_0_1
wld_2_0_U0_clk_gate_grp_wld_2_0_Pipeline_VITIS_LOOP_1785_1_fu_61_v887_reg_152_reg       3.9900     0.0      0.0000       3.9900 0.0000 SNPS_CLOCK_GATE_HIGH_tinytpu_isa_wld_2_0_4
wld_2_0_U0_clk_gate_trunc_ln1765_reg_93_reg       3.9900     0.0      0.0000       3.9900 0.0000 SNPS_CLOCK_GATE_HIGH_tinytpu_isa_wld_2_0_0
wld_2_1_U0_clk_gate_grp_wld_2_1_Pipeline_VITIS_LOOP_1863_1_fu_51_icmp_ln1863_reg_140_reg       3.9900     0.0      0.0000       3.9900 0.0000 SNPS_CLOCK_GATE_HIGH_tinytpu_isa_wld_2_1_2
wld_2_1_U0_clk_gate_grp_wld_2_1_Pipeline_VITIS_LOOP_1863_1_fu_51_v906_fu_52_reg       3.9900     0.0      0.0000       3.9900 0.0000 SNPS_CLOCK_GATE_HIGH_tinytpu_isa_wld_2_1_3
wld_2_1_U0_clk_gate_grp_wld_2_1_Pipeline_VITIS_LOOP_1863_1_fu_51_v916_reg_149_reg       3.9900     0.0      0.0000       3.9900 0.0000 SNPS_CLOCK_GATE_HIGH_tinytpu_isa_wld_2_1_1
wld_2_1_U0_clk_gate_trunc_ln1843_reg_81_reg       3.9900     0.0      0.0000       3.9900 0.0000 SNPS_CLOCK_GATE_HIGH_tinytpu_isa_wld_2_1_0
wld_2_2_U0_clk_gate_grp_wld_2_2_Pipeline_VITIS_LOOP_1937_1_fu_51_icmp_ln1937_reg_140_reg       3.9900     0.0      0.0000       3.9900 0.0000 SNPS_CLOCK_GATE_HIGH_tinytpu_isa_wld_2_2_2
wld_2_2_U0_clk_gate_grp_wld_2_2_Pipeline_VITIS_LOOP_1937_1_fu_51_v935_fu_52_reg       3.9900     0.0      0.0000       3.9900 0.0000 SNPS_CLOCK_GATE_HIGH_tinytpu_isa_wld_2_2_3
wld_2_2_U0_clk_gate_grp_wld_2_2_Pipeline_VITIS_LOOP_1937_1_fu_51_v945_reg_149_reg       3.9900     0.0      0.0000       3.9900 0.0000 SNPS_CLOCK_GATE_HIGH_tinytpu_isa_wld_2_2_1
wld_2_2_U0_clk_gate_trunc_ln1917_reg_81_reg       3.9900     0.0      0.0000       3.9900 0.0000 SNPS_CLOCK_GATE_HIGH_tinytpu_isa_wld_2_2_0
wld_2_3_U0_clk_gate_grp_wld_2_3_Pipeline_VITIS_LOOP_2008_1_fu_41_icmp_ln2008_reg_130_reg       3.9900     0.0      0.0000       3.9900 0.0000 SNPS_CLOCK_GATE_HIGH_tinytpu_isa_wld_2_3_2
wld_2_3_U0_clk_gate_grp_wld_2_3_Pipeline_VITIS_LOOP_2008_1_fu_41_v962_fu_50_reg       3.9900     0.0      0.0000       3.9900 0.0000 SNPS_CLOCK_GATE_HIGH_tinytpu_isa_wld_2_3_3
wld_2_3_U0_clk_gate_grp_wld_2_3_Pipeline_VITIS_LOOP_2008_1_fu_41_v970_reg_139_reg       3.9900     0.0      0.0000       3.9900 0.0000 SNPS_CLOCK_GATE_HIGH_tinytpu_isa_wld_2_3_1
wld_2_3_U0_clk_gate_trunc_ln1988_reg_69_reg       3.9900     0.0      0.0000       3.9900 0.0000 SNPS_CLOCK_GATE_HIGH_tinytpu_isa_wld_2_3_0
wld_3_0_U0_clk_gate_grp_wld_3_0_Pipeline_VITIS_LOOP_2078_1_fu_51_icmp_ln2078_reg_128_reg       3.9900     0.0      0.0000       3.9900 0.0000 SNPS_CLOCK_GATE_HIGH_tinytpu_isa_wld_3_0_2
wld_3_0_U0_clk_gate_grp_wld_3_0_Pipeline_VITIS_LOOP_2078_1_fu_51_v989_fu_46_reg       3.9900     0.0      0.0000       3.9900 0.0000 SNPS_CLOCK_GATE_HIGH_tinytpu_isa_wld_3_0_3
wld_3_0_U0_clk_gate_grp_wld_3_0_Pipeline_VITIS_LOOP_2078_1_fu_51_v999_reg_137_reg       3.9900     0.0      0.0000       3.9900 0.0000 SNPS_CLOCK_GATE_HIGH_tinytpu_isa_wld_3_0_1
wld_3_0_U0_clk_gate_trunc_ln2058_reg_81_reg       3.9900     0.0      0.0000       3.9900 0.0000 SNPS_CLOCK_GATE_HIGH_tinytpu_isa_wld_3_0_0
wld_3_1_U0_clk_gate_grp_wld_3_1_Pipeline_VITIS_LOOP_2152_1_fu_51_icmp_ln2152_reg_140_reg       3.9900     0.0      0.0000       3.9900 0.0000 SNPS_CLOCK_GATE_HIGH_tinytpu_isa_wld_3_1_2
wld_3_1_U0_clk_gate_grp_wld_3_1_Pipeline_VITIS_LOOP_2152_1_fu_51_v1018_fu_52_reg       3.9900     0.0      0.0000       3.9900 0.0000 SNPS_CLOCK_GATE_HIGH_tinytpu_isa_wld_3_1_3
wld_3_1_U0_clk_gate_grp_wld_3_1_Pipeline_VITIS_LOOP_2152_1_fu_51_v1028_reg_149_reg       3.9900     0.0      0.0000       3.9900 0.0000 SNPS_CLOCK_GATE_HIGH_tinytpu_isa_wld_3_1_1
wld_3_1_U0_clk_gate_trunc_ln2132_reg_81_reg       3.9900     0.0      0.0000       3.9900 0.0000 SNPS_CLOCK_GATE_HIGH_tinytpu_isa_wld_3_1_0
wld_3_2_U0_clk_gate_grp_wld_3_2_Pipeline_VITIS_LOOP_2226_1_fu_51_icmp_ln2226_reg_140_reg       3.9900     0.0      0.0000       3.9900 0.0000 SNPS_CLOCK_GATE_HIGH_tinytpu_isa_wld_3_2_2
wld_3_2_U0_clk_gate_grp_wld_3_2_Pipeline_VITIS_LOOP_2226_1_fu_51_v1047_fu_52_reg       3.9900     0.0      0.0000       3.9900 0.0000 SNPS_CLOCK_GATE_HIGH_tinytpu_isa_wld_3_2_3
wld_3_2_U0_clk_gate_grp_wld_3_2_Pipeline_VITIS_LOOP_2226_1_fu_51_v1057_reg_149_reg       3.9900     0.0      0.0000       3.9900 0.0000 SNPS_CLOCK_GATE_HIGH_tinytpu_isa_wld_3_2_1
wld_3_2_U0_clk_gate_trunc_ln2206_reg_81_reg       3.9900     0.0      0.0000       3.9900 0.0000 SNPS_CLOCK_GATE_HIGH_tinytpu_isa_wld_3_2_0
wld_3_3_U0_clk_gate_grp_wld_3_3_Pipeline_VITIS_LOOP_2297_1_fu_41_icmp_ln2297_reg_130_reg       3.9900     0.0      0.0000       3.9900 0.0000 SNPS_CLOCK_GATE_HIGH_tinytpu_isa_wld_3_3_2
wld_3_3_U0_clk_gate_grp_wld_3_3_Pipeline_VITIS_LOOP_2297_1_fu_41_v1074_fu_50_reg       3.9900     0.0      0.0000       3.9900 0.0000 SNPS_CLOCK_GATE_HIGH_tinytpu_isa_wld_3_3_3
wld_3_3_U0_clk_gate_grp_wld_3_3_Pipeline_VITIS_LOOP_2297_1_fu_41_v1082_reg_139_reg       3.9900     0.0      0.0000       3.9900 0.0000 SNPS_CLOCK_GATE_HIGH_tinytpu_isa_wld_3_3_1
wld_3_3_U0_clk_gate_trunc_ln2277_reg_69_reg       3.9900     0.0      0.0000       3.9900 0.0000 SNPS_CLOCK_GATE_HIGH_tinytpu_isa_wld_3_3_0
--------------------------------  ------------  -------  -----------  ------------  ------  -----------------------------------------------------------------------------------------------------------------------------------------------------------------------------------------------------------------------------------------------------------------------------------------------------------------------------------------------------------------------------------------------------------------------------------------
Total                                                    277857.7538  1119108.2439  0.0000

1
